X1,X2,X3,X4,X5,Tr,Y,ite
0.6479062041731867,0.4693207943802901,-0.6430206107408429,-1.1782586485051316,-0.1446904068952663,0.0,-0.5644511955062648,1.679992727101618
1.2034583961932943,1.333583812903236,0.9083014032879105,0.34656442984553604,1.6000346749383478,0.0,5.0386569856088625,5.915969907151534
1.2328398158997746,-0.22031750392712676,-1.061964641201837,-0.36456878996907954,-0.42001856219517336,0.0,0.35272903127578903,0.7985262422844535
0.6875091126951889,-1.8991159625601923,-0.19136868930570952,1.6712221291321379,-0.9202837558478939,1.0,4.418901141265595,0.35006671298063374
-0.7584636198504452,-0.08426070436959497,-1.4178210869627719,-0.1296129934270962,-0.015652895541861434,1.0,-2.143061769738155,0.013382326584172599
-0.004655182959846793,-0.9885139058919145,-0.36583041215273976,0.6538175542587453,-0.7145507176945846,0.0,1.0295572188761906,1.2285624049582626
0.5471974805622952,0.6555123703846103,-1.427000612748674,-0.6453062309323778,0.6553126335987838,1.0,-0.9033082948060343,1.394853215140133
0.4934947931680514,0.17937520344520916,-0.34861752934233964,0.10855880251924171,1.8747731613999465,0.0,1.7720375456066257,3.1821588056962664
-0.22145548793200193,0.5796499277441246,-0.4167484551841611,-0.19832604870600817,0.6480267698571607,0.0,0.9085902397429347,1.9816166578424173
-0.9290022648018306,-0.2424174591323166,-0.6103077783876595,-0.8587081710264369,0.17575308681264953,1.0,1.096718712710451,0.8123367380970627
1.2398231036475955,0.22140705877812705,-0.38176655894604455,-1.4511199677461464,0.8189569572581015,0.0,3.953966859045723,2.4261638172677547
0.21045908127569718,-0.6313136468257957,0.8614358218902247,1.574228717601692,-1.6316532266028163,1.0,5.850040189066143,1.710061352631144
0.5903271438221837,0.8458533849511832,0.5805286755607001,1.6017619872258395,0.6253781389011206,1.0,10.638800728164542,4.4574276842329414
-0.9035320411022687,3.800127793684673,0.14619224930101304,1.4821070160056187,1.966109047273969,0.0,4.611388579592717,1.801297742348356
0.881449723807857,-1.7981082688694707,-1.703972134564654,-0.6776004826356928,0.034065154178900735,0.0,1.6623209846084148,-2.3498075345771925
-1.3888266085416647,-0.9371519642668998,-0.4450897243625932,-0.4751071222504473,0.18861528399919464,1.0,-1.085994663679179,1.6753335557137874
0.07257124736723158,-0.03876358563915929,-0.6177084431588887,-0.8323965324406506,-1.9109162750011652,0.0,-1.2336244346120424,0.14878787746402866
1.2674883483332806,0.19547133004320258,0.3695175726456784,-1.7173593585067457,0.7511567758062927,0.0,4.372156779179228,2.613396657706078
-0.08802605111839244,0.9683440686489612,-0.6861731462645244,0.9983571346110444,1.4393974807313332,0.0,1.591745387787411,3.0043865351935617
-0.16956131538614477,-0.30452836692961327,-0.40029489198103524,0.13562980054871468,2.739998192801194,1.0,3.719133655557766,2.9732040576053507
-0.04752301201186836,0.6506156878056696,-1.4824902392024282,-2.327722714726891,0.16064808631208732,0.0,2.3993265439750533,-0.46596394869137087
-0.09866360509016688,1.2191131489245663,-2.333419867529502,0.4160713888259527,-1.7534118427195091,0.0,-4.239412364877504,-1.0862581958991322
1.7579309123763867,0.7607039369650214,-0.9771454113053823,0.7297370153173858,0.8910494694282313,0.0,3.368533332565579,4.477793929802509
0.11791383093177005,1.5439495761543285,0.9742886204825227,-0.07888582525317299,-0.43483325141876344,0.0,3.242062229826655,2.8050262064151044
0.7351786759146723,-0.6102226342908561,-2.6228421431046725,-0.3696623820538618,-1.7399185039237894,0.0,-1.1285592110763223,-2.620795510628861
1.0165156295222486,0.10523031596578494,0.5854708594448882,1.1730636919123112,-0.03314404658079892,1.0,5.139794016534066,3.3639884711924406
-0.017338199661356437,0.4473255841529673,2.3886679343170454,-0.20856493940332868,-0.4167186419551371,0.0,1.0962814834302363,1.3592379081606625
0.1282043389146151,0.7554713397162399,-0.22192269218568925,-0.27989607163110225,0.8336877559504832,0.0,0.9039113601720576,2.680103096436103
2.0486015096877925,1.3577194789079818,-1.7099248898010366,-0.06318548878238633,1.3603042153341112,1.0,5.130426801236856,5.139503435978892
-1.0187999914182118,0.23961880579680778,0.7429478248425435,-1.0811462058285728,-1.3536491287274568,1.0,0.4860710979240638,0.25683968547230807
-0.7879413231935658,1.3428837421427726,-0.13562170718513794,0.24927794000194317,-0.6482147051085588,1.0,0.5634654955788343,0.9428958445946604
-0.030046892191130926,-1.9764930648123105,-0.4377639445010526,0.34342655973447056,-1.5936586591281197,0.0,-1.82125228225523,0.11782129844225642
-0.0022531393726352047,-0.155220747697697,0.8224497405453786,-2.604028007280097,-0.1407269948001254,0.0,6.4387065018241305,0.6408882040891963
0.3282787109520789,-0.10665519029827078,0.3332454765966769,-1.2325496741305588,1.8308248886116354,1.0,2.6964467931977616,2.4865451664043583
1.0193382310333716,0.37241430651705065,1.2289356300227399,-0.3603991259715381,1.026167735191134,0.0,3.9344890630099103,3.3580852232065856
-1.059038185090949,1.6010338277367793,1.005846942340254,-0.8900007567734785,-0.8661488480881945,1.0,2.354610975936832,-0.26433640312062934
0.6299027472278946,0.02101722437047569,1.134766630087317,-0.010070532398087646,0.21410040724815982,0.0,0.6905487521706292,2.430441024530837
-0.03199384207598671,0.05568250437746568,-0.7553955739451488,-1.165481135119189,0.5811369574405912,1.0,1.9296708971735064,1.0681933619554407
0.30478292839742255,-1.5650501009832125,-0.4457887755294589,1.0619084097037026,0.005625459809572103,0.0,4.024482216062254,1.106009257834367
-1.1038729303672723,0.2991091507460178,-0.9004896415824275,-0.3693328833194492,1.260341217193134,0.0,-1.1318314256422681,0.8839253059445857
-1.691079040883298,0.30966611406573397,1.4454784037357298,0.30487679333366347,0.8259613018744635,1.0,2.322344277866538,1.1987720804916306
-1.911767775948355,-0.5506601777923933,-0.7899675535368544,-1.120955066383193,-0.19623760934578208,1.0,0.020884286466682278,0.471808655631212
-0.21867148128842367,0.6534206799832382,-0.8007570106245255,0.006635871541586425,-0.6193004936840601,1.0,-1.0480459550005767,1.0639427785550015
0.3857071096730384,0.619940669820977,-0.07846384828796477,-0.7129647833594941,-1.9439073984000919,1.0,1.1050377129234878,1.3711946898897405
0.46937765837569184,-1.2857214107501793,0.9311868082173467,0.20020974207684286,-1.6475658259652461,1.0,-0.44045500556190276,0.3271367732247811
0.46192896440383413,-0.409345565865126,0.4465069933881636,0.792564511003383,0.28745158898272233,1.0,4.171747308879464,2.502425616167943
0.4407312728338805,0.3319543483802989,-0.6574197269817414,-0.6818377402043861,-0.060005532263511505,0.0,1.4033429526110373,1.6245855821715853
-0.01574518996749274,1.1857900578969311,-1.125763060547509,-1.0503718801795356,0.6903271856162215,0.0,-0.1404301199237516,1.2539359732185678
-0.12817709308137445,0.7943205066391095,0.12550004453551733,-0.7384541118972451,-1.5042924786801177,0.0,0.43038041410107664,1.1647699405079992
-0.8726848741362911,1.0413031437190492,-0.8158241846068116,0.5959359956519381,0.8230025868904091,0.0,0.3236700898641287,1.1624052111848369
-0.38320075341656235,1.603560428971077,-0.4468767463665417,-1.309108162778379,0.14530988779963389,1.0,1.4394236619767606,1.0921579786047153
-0.006998066825231818,0.5708336469820039,-1.6676695125429823,-0.4057089432625324,-1.8854726451989126,0.0,-1.3956786485209685,-0.7982242329096604
0.5723283990756762,-0.4830739647491351,2.042384918728772,-0.012194392516836947,0.33675400657837445,0.0,0.29806983459361275,1.4973204831612406
0.9932319936563225,1.9206645416338792,-0.646609012927411,0.8661614001858272,1.129890003185316,1.0,8.801573415154422,5.837466331596327
0.4700835646006243,-0.2881281571644584,-0.7168130715172522,1.1686505345564686,-0.3333449019643133,1.0,4.302024481798025,1.7686829925906202
-1.0496981215443377,-1.272853234084858,1.0945427650207353,-1.2101266564193112,-0.2865560568472105,0.0,-4.624198021379361,1.4322188677971905
-0.7450457299562185,-0.028277268026119934,-0.7012375732971758,0.44942001312705765,0.5635589737242825,1.0,2.103735017451504,1.5543214007529542
0.9806462498995718,0.7164422515051914,-1.7589578442316156,1.6912947461926326,-1.041344274302446,0.0,3.0191229440139784,1.8095637925827788
-2.5865273497711776,-0.6978323007331809,1.0950482793628267,0.647019384146364,-0.7848036551934888,1.0,0.36032334295039337,2.0994180626019063
0.8312959502122583,-0.30281336420938276,-1.5857836614587335,-0.4984451677751938,-0.24514202470363994,1.0,-0.6105894705262362,-0.16715843089854127
1.2457288031636635,0.7465906502662547,0.5856121396136145,0.07710806160087262,-2.107146541270736,1.0,3.503037747332371,3.0373699404856396
-1.6496905426578534,1.622158550975347,0.9063417031432056,0.5325633197420767,1.766435943852323,0.0,1.604223829219256,0.5294747424710167
-1.2886463938318005,-0.5090133068070475,0.056935867408892255,-0.09385067374353426,0.23289913388241598,0.0,-2.2085833255289904,1.8534800669948814
0.39618604204664043,-0.7107999611086694,1.0623307343671458,-0.9174091178124939,1.1800389813406729,0.0,0.0291274988605984,1.7104018430815646
-1.5248960666420341,-0.4143231195119971,-0.25792110955507935,-1.1180236250581033,-0.024233796957691355,0.0,-0.8441600470684445,0.9290231681883718
-0.5777500602267527,1.7186506077873234,-0.1741520653097366,0.7719421661144227,-0.14247574861010753,1.0,3.988203463201484,1.790030774930828
0.4566947550477542,-0.28053442852068355,-0.15084741248937275,0.786766315190595,-0.180370363334931,0.0,1.9531821410813708,2.1763799180201646
-0.5727093510277838,0.6913575608167657,0.26611057439093166,-0.08388810509747613,-1.433497143496879,1.0,1.3675464926590202,1.0025408638637745
0.7483030132379529,-0.6382070313868917,-0.8996817874535388,0.39199478164128476,0.8252000343365885,1.0,2.3960792357099687,1.3580914617764483
0.4232873657016023,-0.034663675446805486,0.8168337138489794,0.03737716652176468,0.7699423482383934,0.0,1.751110095268503,2.6762485641445903
0.23080394212185618,0.42730243772654813,0.8752900097588322,0.7155868395175634,-0.3976606595991844,0.0,2.8701387163201355,2.665058607973111
-0.051597492924787845,-1.444851691008805,0.5178348720829545,-0.7669520234365408,-0.3732361095088784,1.0,1.0142837655088839,0.8840424563297371
-0.6117078642048653,-2.217793023756359,-0.30615738073427007,0.7480190771597239,0.5613571872234313,0.0,-1.1557120586423826,2.396999191910672
1.3248176540979255,-0.09564694358450906,-0.6125699085584624,1.2885045195483174,-0.34705721763783903,0.0,5.38273913995118,2.470482388336389
-1.0821222974749363,0.06823756151236261,-0.8729035761612886,0.4518170681572775,-0.5052084104649608,1.0,-0.37765255765214323,0.5986733308385739
-1.3002426444048538,0.020295827620638782,-0.505922047595443,1.103873417765679,0.9936584300616759,1.0,3.53971516207365,2.0041700001261176
-0.5163420930075135,0.43845113948193815,-0.6516974141104414,0.7289391319895164,0.5314277210956575,1.0,2.678957920448708,1.8340538639368653
0.3728228972451481,0.5137516353846082,-0.8877868037331701,-0.27971869905897856,-1.4913407522073432,0.0,-0.5645419314190798,0.9365328079397949
-1.4375292267009516,0.2621917406714696,1.0270183077322763,0.8633664199108787,-0.741549126122501,0.0,-0.850443857370996,1.127213521986366
-0.4123372019600165,-0.5074826491137159,-0.7791231690434564,0.4324986594849639,0.8717017481532037,0.0,-0.6565017540132396,1.7234125911517022
1.1814082883761072,-1.1670635944283754,-0.2204892849472216,1.4337649959035619,1.7978909184171192,1.0,7.22266086967632,2.1097676141913513
0.6923607368605356,0.9191404751163585,-0.16816475250800894,0.9743570158842066,-0.5700687988045463,1.0,6.044050277604755,3.546082713331258
-2.248441111175194,-1.2519113835532911,-0.12974271597980927,-0.74376110322315,-0.8225166332223778,0.0,-2.1597491164126517,2.20825776244206
1.2738254145383459,1.1686322473333368,0.14821060877646308,0.7567537197946831,-1.5465543570069675,1.0,8.391610454989868,4.378104171713256
-1.434361847593614,2.428961970185551,-0.4998179712968156,1.1654998714562135,0.6848955141945747,1.0,0.24373502048650358,-0.43375179425716803
1.1530545280441595,0.5939436030998773,-1.4542038197226461,0.0844757234248593,-0.48305192228571886,1.0,0.49347299230729025,1.748286947678699
1.0295735751646278,0.30292470899655216,0.4377728810906159,-1.7774046789734257,-1.3476021940346463,0.0,2.714384602108471,1.5402134582320883
-0.38364502410441426,0.868029007627794,-0.08470863120416808,-0.7149535833367336,0.6629304861601161,1.0,3.00124915975258,1.8372254867595121
0.755204302147175,0.35193180475836167,0.7589400376145283,0.4790073899103001,0.780150714424565,1.0,5.59570634171572,3.5539633716819954
1.529015888676268,1.8119401492071021,0.38182618599211937,1.4811904710316925,0.1937355367736445,0.0,6.886691648740283,7.397325110969014
0.15867902858686136,1.5964064831164404,1.2259027496828236,0.1764302792290076,0.008664501056754386,1.0,7.5364028813049995,3.174454274172006
0.6598431657944934,0.6661022900338488,0.3971212366408884,0.09860145574725651,-1.3392828055815706,0.0,0.2842240553577874,2.6028939342842046
1.6047429140389213,1.634081964843192,0.8483021091730678,0.5385290189484602,-2.0533477950786114,1.0,11.099376487218969,5.569693346073409
-0.44790337137910086,-0.6217827564012657,1.3059962215694452,0.96617163813713,0.7125261159043749,0.0,-0.4103903902739201,2.497718862743061
0.37532234153657507,-0.6713404808044707,-1.1294842828387233,1.1687631886073098,0.5730111196787147,1.0,3.7478009886571666,1.3332930339241773
0.3288565104690239,0.9173181965517632,-1.0400359791472786,-0.7420000635485574,-0.9017760381080535,1.0,1.6734377632795745,1.0890366025526284
-0.6066687599638515,-0.004351771720610762,-0.9198151752248788,0.3154789734605125,0.10653886808855736,0.0,1.7610227244386663,1.05419834445892
-0.36584576394230867,0.6724126308595726,0.9940179770827003,1.1620273003497426,0.3170005348300262,0.0,5.830906723077501,2.6891333343090364
1.8741848250917328,1.098193332191697,0.22790317201339091,0.9912438416186939,-1.0524931859644324,0.0,2.0687805032761535,5.601875554540193
-1.0119559673793845,0.3422394850613173,0.33205307856316946,1.1942654528883765,-0.12285268152231879,0.0,1.1835409907882029,1.965918458979773
-0.1817896200434492,1.1860449902221228,0.03323074309161998,0.49545651585996503,-1.1376442876516393,1.0,2.584375302098218,1.9814864122772864
-1.232878013506932,-0.19893832001112802,-0.2271462229017418,1.3380871252154498,-1.3889382327335622,1.0,2.115102505787314,1.3646728751864874
-0.4544643067748884,-0.3138430225555492,-0.7282137272070158,-0.9523203717635909,1.0630088013551067,0.0,1.3077364554187103,1.1960785621658085
0.23329373443662177,0.7072437736716681,-0.10018263354145199,1.0607418441505814,0.20803961039104527,0.0,5.081483326269201,3.214549621424647
0.07886352905156782,-0.6788201151257255,-0.08257807054563489,0.4986024307460767,1.7661939093826295,0.0,1.1547017001060362,2.734189060103219
-2.2116661541765095,-0.35224840596092716,0.3572196576350007,-0.3008314277190669,1.4544648633965798,1.0,0.6312721854910909,2.1893977919238634
1.053413347994768,0.32261744037595086,0.3704605212897047,0.07112740573497264,-1.2742746737040538,1.0,4.553607403051826,2.5436822539764954
-0.5671309386958627,0.4374883786770952,-1.3094307837753407,-0.2412188007155772,0.401701719540933,0.0,-0.48538702930342925,0.37099155152878116
-0.7211230379555836,0.044585312169297855,0.25845302295520944,0.8465604917039662,-0.5419762617187913,0.0,0.07128484177571318,1.8778847871536073
-1.150534509714822,0.38197041541592136,0.3539535487594263,-0.7755801292071083,1.6667366883028778,0.0,0.2872012784424447,1.7368125738842712
-0.0934453509079535,1.2419718715111818,-0.16129755732632578,0.04940915374899473,-0.862939037381753,0.0,0.18286203737921325,1.9578127703233617
-0.7030737675568325,-0.1064600492121198,-0.7743963299972689,1.786963033701388,-0.7501927603085342,1.0,5.389825131311829,1.5161126326688095
0.9530355977021229,1.0180099142433137,-0.540299652418817,2.0033752579553066,-1.129336296657642,1.0,10.15154092784097,3.9801466782648305
0.39147967102458137,-1.4814898472832871,-0.04410667639909565,-0.22267520068163532,0.3480784402819599,0.0,1.6839785921876664,0.9146974936595342
-0.11083589347299912,1.3618778962871774,0.13417657359778598,-1.59720464185014,2.040063236241511,0.0,2.664128030746147,2.7541054524422286
-2.4148810975470134,0.26361892685812766,-0.0694262382509992,1.1280528543644113,-1.980150750437065,0.0,0.8210402117869134,-0.1754105493482535
0.8141668826747099,-0.2624066593574129,1.2374026125860123,0.2383265912706917,-1.6968981416672075,0.0,-0.548652649915913,1.2789045844387301
1.6763103674258428,0.27253488777924073,-1.0575875931221936,1.6687755784844638,-1.1173365350032283,0.0,4.070565756498824,2.669176544290998
-0.5997467075370144,-0.6298499509791126,1.6543892468551995,-0.7186075898456733,0.49811832885944457,0.0,-0.8125483196704733,1.3964064987199034
0.1426945619114585,0.3786817766127839,-0.08285572212172543,1.4393423684565039,0.5100490077172114,0.0,4.119592980489158,3.2445612544287417
-0.48069922403424786,0.5550209450892757,0.7156078983637298,-1.4090159235994377,0.17600345852521204,0.0,2.910197538056666,1.2663549925076203
1.8129773989494824,0.39490284878553644,-0.001094652900378797,1.116608805946581,-1.254287449309976,1.0,6.580988831959691,3.7505028162321388
0.4457441961140227,-2.023928980228643,-0.016271968691512213,0.04972844824820851,0.6981707900126947,0.0,0.2734904110572801,0.674434260882039
-2.12520702009667,-0.03139231193732194,1.125354993062083,0.9741945393930797,-0.1702819309159513,1.0,2.1515100055234617,1.3839054873597687
1.1944456409530844,-0.17299758508377547,1.372254238212423,-2.0991736410018915,-0.5901295218375343,1.0,7.65744124403894,0.842803624133529
1.2610621800507449,-1.7331643003020774,-1.7368064622680248,-0.04477951482249711,-1.199510833912733,0.0,2.245448183211505,-3.0774760797460936
0.8198082360626309,1.1437503932148998,-2.220274123192894,-0.3086130202979332,0.07552109321926058,1.0,-0.4170331966683456,1.0879816764487305
1.0683305848205582,0.04532305803108704,1.8783885318248164,1.0717220243818295,0.016041036596165858,1.0,8.99607528472213,2.785557896524505
0.45375079390587614,-0.780334770870627,0.3748592791159401,1.18417026742855,-0.4544971497109296,0.0,1.6700016467586491,1.965455843032615
0.6053086729487667,0.29282554815739203,0.519069767113193,0.9767687062380076,-0.38925544898367015,1.0,5.193158049960392,3.047889485077145
0.7814719077672105,0.21613727987715745,-0.38939600474110636,-0.7843441505721837,0.3189779745206395,1.0,3.4775672918822305,2.16546723900649
1.8239895827782786,-0.6861621285170036,1.1795421182464219,-1.230978375835916,-0.9622989691618085,1.0,2.686337173856321,0.19184168388588985
0.9553683009895921,-0.019356611319415882,-0.4788625557271027,0.09075429570466695,-1.0782664820290013,0.0,1.1032919778265267,1.6038453778969608
0.806115667809543,0.6376121336211967,0.3357034529163484,-1.6201786674650678,-0.5348688488083797,1.0,7.792526133969014,2.2703598022858777
0.8935968584223479,-0.902468480797939,-0.2627095605402275,-0.16388836715876,-0.6635373196374788,0.0,-0.020438763937612126,0.6097434220661999
-0.9600714653445419,1.3766224356073433,0.0508871705413868,0.8469358705488216,-0.33707049658683946,0.0,-1.617957958132608,1.165701365713552
0.6844785099632579,1.0984282669309133,0.23257567595429762,0.6687154798096631,0.3074416651197777,1.0,5.5188053326225734,4.220746312066935
0.11245441409045505,1.6639666639055686,-0.7804456436524783,-0.8971396532389683,-0.7044061616574568,1.0,1.2889702419527571,1.5949352613995798
-1.6331899521027748,1.8745945264191075,1.274179508512917,-1.0384708753127478,1.7103481302622126,0.0,4.667834622726947,-0.6755518312912314
0.24401945508874845,0.4220684902379293,-1.3776451734020523,-1.4384790463507833,0.969007720635316,1.0,-0.03970525509354017,0.7044310442734593
0.3376896098235221,-1.0149359600715517,-0.5005656601377794,-1.1527380454026348,1.0490639779848012,1.0,2.3656001481285625,0.8938348623337148
0.8657056646497849,1.0796714740254127,-1.0324896037553037,0.025700676386274227,-0.7040099201124951,1.0,1.1510243389795933,2.5646497735578544
1.2107643080220043,1.5103445874858803,0.1511910449184739,1.1786410074760199,1.7968542082111096,1.0,10.91282096722478,6.741161286519372
0.9160563233656689,0.04332386661585522,-0.5059601969386606,0.13094434493132154,0.30384580523928506,1.0,3.869819583812637,2.3585016942014803
-0.9636224917609457,0.42965285128459285,0.01356811429620682,1.6761030175059015,0.6407394065798699,0.0,2.126390900509729,2.484105252355077
0.3580946261119016,0.9842640819013764,-0.010043173797961364,1.2571225937505501,-0.6916164881540697,0.0,3.1845297711825573,3.3013200660636857
-1.324559528495891,-1.6648150270962678,-0.7196001501976677,0.11685166345850456,-2.7463266830261954,0.0,-4.580405400370913,0.7879910685100682
-0.6555468237567724,0.531439106271612,0.8184731686948746,-1.7796694183742559,1.2119353742204229,0.0,2.0358638067561383,1.3982692333851598
-0.38249818277413733,1.0888489893106015,-1.4503521196577742,-0.67456886020003,-1.3057586571568984,1.0,-1.9821907892807644,-0.6584939668204266
0.9649056747176299,0.79429358339411,0.23048504703654243,2.1434580319150287,-2.3672263980852186,1.0,8.787318391811414,3.6229320561477962
-0.25603755077916707,-0.9380222071180759,0.6241044664031673,0.07741720154556105,0.5211842982037047,1.0,1.0795622483499099,2.06597878112684
-0.04187925744544091,-1.9274114316542137,0.011877169410396097,-0.18948492221132973,0.322737652223113,0.0,-1.4705831639598679,1.1685676319633536
0.20032893825375583,1.3174120287958109,-0.7580518486400097,-2.3010991312938964,1.4516928275198073,1.0,7.016332079052483,1.945233917948945
1.356693069021438,0.573282103985778,1.405396241065726,-0.25863534086204965,1.2234026698189517,0.0,4.1389304203882915,4.092484198327553
-0.7118505460302403,-1.2850039795413806,-0.29471231668064996,1.709144065093246,0.7873038700826341,1.0,5.4925635510287725,2.974057074681097
0.38209482407939604,2.3360756741699986,0.6338130707307572,-0.04020251117175292,0.6923083840900449,1.0,8.992384714507306,4.700422333676284
0.5326093793886815,0.8203510401693029,0.6105472056189548,0.07554163351759499,-0.011870867209746448,0.0,0.6624240318074586,3.269850272980632
-1.1217115735039456,0.03629612815407977,-0.33613576111705834,1.2849531771373244,-0.36720150704410853,0.0,-1.0604934607553043,1.6514227421400842
-1.2812732303289736,-2.729804911735482,0.48848909915625366,-0.40906397211643525,0.3911074731431635,0.0,-2.302333155845438,3.610396106773634
-0.48899043568459516,-2.158426873160129,0.014008304477328468,0.3985077248714435,1.3978312760641616,0.0,-0.34945841905434005,2.6368169806913073
0.8990827523925418,0.5725826594654524,2.0876609665836825,-1.1385637753054698,0.1406881595436199,0.0,4.169599395345025,2.301367800493142
-0.06467241346151476,-1.4800719325985159,-0.08118955501706941,0.5399695888695883,-0.13848470526209483,0.0,-0.5253313889158667,1.480201253385254
-0.9128185012963448,-0.48515929714415135,-1.7705852297997693,0.3298673072262954,-1.1235845693137418,1.0,-1.8460417270343372,-0.7367401999151889
-2.3303442399006733,-1.1161396616852681,0.2088767431660431,-0.5566105627994808,1.3530402295620965,1.0,0.9531175931583967,3.3586653373926967
-1.0243897082468225,-0.3349188328073341,-1.172497649627665,0.3086770501206158,-0.7478750948223768,0.0,-1.6943135366644906,0.24543604511377892
-1.5844611260408048,0.4546790150713697,-0.40955978035027796,-0.269976805441919,-0.20844409535510292,1.0,-2.1363926469520624,0.18799358933825228
0.3299415382530331,0.7526153597982672,-2.8542839375540825,-0.033090711583303234,0.2710577810503241,1.0,-3.0060181162026223,-0.47757089843225153
0.5413861296399806,-0.08798426119851306,0.4091655750413089,-1.590672868023924,0.1320818768071722,1.0,6.705702365135224,1.5718078805640094
2.2085577639967995,-0.7159327779423457,0.212977257300204,1.326604041348045,0.7316476337718931,0.0,4.597051702962467,2.278154006235704
-0.6298475819648194,-1.5810739772529512,1.9757874246711569,-0.6802258261933858,0.9822248842990863,0.0,-3.042341244281269,1.6352575048679157
-2.021353365425258,1.340634688073915,-0.09218821527580189,-0.9431932553456503,0.434730241059836,0.0,-0.14894943503400393,-1.3548277168982608
2.137887829484497,0.6403822519504201,0.6342973955232045,0.15185628111440347,0.8373040208955881,1.0,6.981112297260561,5.375417579049987
0.17487240787633113,-0.8667317476314215,-1.6437535750851637,0.6076796972807244,0.26561214156036916,1.0,1.7881214929233968,0.04437945111753322
0.13092454008331975,0.4430291054206241,1.7916271174784042,-0.8804633488283464,2.282911030163314,1.0,7.0383489738680565,2.722977289845287
0.2888547539394215,2.1258981747072587,-1.074416139410728,-1.5661789247568447,0.7513398998412542,1.0,4.10365870995861,2.3530703964647337
0.9471041853054608,0.8292955092566351,0.33441821151739787,-0.0340765160628471,-1.0352075367905802,1.0,2.817166194706224,3.25079759819236
2.5547116960983223,0.7832805717979049,-0.010308997048111243,-1.1144023170479866,0.5173905974232296,0.0,2.6327610420569436,5.3663386764709005
-0.8523539357617818,-0.24713290680260092,0.035934755476034606,-0.7879353351720293,0.48878894050410154,0.0,-0.882729939073211,1.528649881040793
-1.7233378113811357,1.044775160709668,-0.781537943399557,-1.166195362017262,0.33967196411947953,0.0,-2.6155351630505272,-1.2339814410803536
0.24259659508378983,-0.22799872305758845,0.022906037619526618,0.319442602364841,0.7710371062860761,0.0,0.07465242791673654,2.5084177634418516
0.28005463360433563,0.9086927901242007,0.6000388549904245,-1.897669512816727,-1.953876993229747,1.0,5.026718521476012,1.0484171878421558
-0.22342661360352137,-1.3531861350625831,-0.7454097020468149,0.03085879145363454,-0.3151327312145944,0.0,-0.09802687609496818,0.7339996747516451
0.5193091916474082,0.6905691557842341,-0.7108613941417096,-0.10190692194622762,1.6656171544681004,1.0,3.0101858384325544,3.147782611888877
-0.25852038213595524,0.5252991497554289,-0.478266243294661,-0.746047028213842,1.0436468068655405,0.0,-1.0186303910105043,1.7950498165638136
-0.3771159927144782,1.993897706528262,-0.4731475785496988,-0.8779318673158343,-1.230958179503406,1.0,-1.3109463549541491,0.6555797101540618
-0.19865310618040175,1.1523861292804605,1.259306444447774,-0.20009839287754239,-0.6213631672435185,1.0,3.619539329059463,1.773341031928679
0.2271655204379085,0.06563709567832852,0.7340963725535915,-0.38225658202160384,1.5693782127524047,1.0,2.9400147325645025,2.86435720611085
0.1313888982423469,-0.5696271974291132,-1.1716434877674125,-0.9880954324832851,-1.1741897577542026,1.0,1.1305956495227427,-0.572288262739566
1.582773175163803,0.7551265694166515,-0.4840832100706097,0.9329529920217,2.929993089145741,1.0,9.057536623221443,5.93867737815609
-0.21174112637620537,-2.050608412534577,-0.09958183891613791,-0.7467666404794766,-0.9364453310910464,1.0,-0.9955908923827084,0.40667228506183006
0.4937241584908809,-0.5513775302652368,-0.8237023704731141,0.10709551847620778,-1.4116084117783856,0.0,1.0576870631470299,0.31434684004027436
-1.2744861073101148,1.1155683609704536,-0.055794718427916556,0.24274795941302063,1.366688682003508,1.0,0.2477596881930113,1.2740295889639621
-0.26875448378288397,0.5098192787747626,-0.8811423699952373,-1.1052422956299963,0.32340607674377814,1.0,1.4888286930128363,0.7882971456421952
0.7410967638649875,-0.7083939481187774,-0.3912553865588697,-0.7604880098077945,-0.8364123211445806,1.0,-0.1264225693105726,0.4217161343554886
0.16093917098468818,-1.0273343746352792,-1.2215995715803158,1.7072486592252885,-0.2599600444588916,0.0,4.171532715936401,0.8564517278740993
0.9532161575595037,-0.8327807851959497,-0.1800354501511249,0.8553262358966175,-0.45247747529852056,0.0,2.026891766498858,1.3616415867958778
-0.3653027459748417,-1.0385866765740055,0.5447203313943133,-0.15137129761067686,-1.3315174042740139,0.0,-2.4158291640921,1.0636419109672426
-1.2642744646511603,-1.553291472264199,0.0540889873716169,1.4028880122513814,0.3204827054756994,0.0,-0.7306508992261728,3.442271175958645
0.30046686614010665,0.125009968484142,-1.53384623589703,-0.8439210949477898,0.6050490367427706,0.0,0.6908625493387521,0.4008823071496833
0.4290487744063997,-2.2217139312282526,0.277264370909186,0.3881983279758057,-1.2221131427782468,1.0,-1.4243616972452793,-0.16607359182017822
0.25954800221882235,0.7470555757145256,-0.21914377274894023,-1.0142755102363576,0.6051431547014071,0.0,1.3174006794025732,2.359144452778472
0.3160018070631079,0.7190529493118049,0.7259417835027229,0.06781509439240231,0.6450055728176866,0.0,2.5333252256430088,3.212005194995901
-0.2626929502671981,-0.4064843135532559,-1.0481401088719706,-2.1204414500945874,-0.9902049173711102,1.0,2.331350120794954,-0.8080178073886854
1.587706386703152,0.1756918731814143,-1.3800093109607865,1.985715385978522,-1.7119527355020088,1.0,7.961467947363798,1.797154598132013
0.9478709198635503,0.8779711510250746,-0.5911745970053435,0.8819703835665403,0.4056499499880464,1.0,5.857816343843185,3.9236338322984885
0.0028215368148096624,-1.724764664101077,-1.4808746846124567,-1.230017860792893,0.2010332988133401,1.0,-0.3065989385133463,-1.030967165696168
-0.7851497746456275,-2.8091997009505674,-0.4033159932864569,1.1221711160616188,1.4762630583531349,1.0,3.8399494436639654,3.425791488760732
0.800042396294063,1.520663767790387,0.6846527321225029,-0.7841883927583827,-0.7699903668238248,0.0,2.1417346450691994,3.7168242604588104
-1.298521948071786,-1.1494683607089398,0.5691017946265624,-0.144945127152977,0.33364943786984413,1.0,-1.2884087965183277,2.4899031291675335
-0.08432917715234892,-1.8668435606557456,1.7467654014104066,-0.36358859920291353,-0.3842081724440748,1.0,-2.580270580940193,0.5062649981365729
-0.470714988215878,0.8792931419938544,-1.9442122865236078,0.07947535340240236,0.5663151227575979,0.0,-4.809857739995984,-0.22361639789894694
0.23276582376042274,0.08859181748855832,-1.143386827105836,0.514398299330038,-1.2027648145085097,0.0,-1.6056224868659,0.6799380271191537
1.2135437549191226,1.903726693312926,-0.013090805341340455,0.774487960726492,-0.9428590980290937,1.0,9.944708282822198,5.778074209168178
-1.1547344010501022,-1.2122085999108894,-1.0400006758747544,-0.3436321873202613,-0.5574876079168654,1.0,-0.543885735441274,0.7519669098848651
0.35776249178221375,-0.8903121705008601,0.7774388726603232,-1.483515726847733,0.7656062651838065,1.0,2.1828756394037443,1.157681958175222
0.7523465327412585,0.5973423533200418,1.9245933230382877,0.20335750156460075,0.4427566865854536,1.0,6.49777204882262,3.063144525264713
-0.3752447699538554,-0.8670406548345422,-0.2405769143359729,-2.2075136689595154,2.0559813692595,1.0,5.979126028066032,1.4793558308133095
0.2759488275891809,-1.0577942956970918,-0.9974700101451882,0.5451662161235865,0.3427586408548048,1.0,1.662409865839967,0.804837081090467
-2.362177866796678,-0.4550305658071304,0.09295470593904454,-0.27851153227457653,1.0255507794878695,1.0,-0.011016102969800767,2.081938712781604
1.2725154680880164,1.2689142284174286,0.2178141088408501,0.5427871921867854,-2.736613445734896,1.0,4.5128796610713495,3.873793902915012
0.12645997184172553,-1.5693313575743493,1.2125535574436292,1.7567490427342285,-1.3645906544824247,0.0,0.8940156166392381,1.2330917843445242
-1.2052686775216732,0.2791932767528712,0.175330884676602,0.6262407419262856,-0.5230626499884858,0.0,-0.7434157595954156,1.3243827517628783
0.16444914000904015,-0.2954656375102446,0.1797771153657242,-1.1236358453475739,-2.1307968490173037,0.0,2.8058686065098097,0.3324584630503501
-0.8341436297844734,-1.0523877498037857,-0.9143425916972868,-1.5729561034362045,0.6416489893355808,0.0,2.203738695586654,0.6220634757175385
-0.44406720209686235,1.427349650515316,0.8781967870364067,1.1068837510918312,0.8554018221168329,0.0,3.509396519189737,2.916583152524151
-0.18683310747797735,-0.0003362211605268435,0.17352854542380583,0.5850727013792774,-0.2995269290613475,1.0,3.8164249026583237,2.1209969767699275
-0.3555423460881001,0.060527683247491276,-0.9611007178440536,0.25373249457744057,0.5275361540065904,0.0,0.24032078190992934,1.3136744194896313
0.43972374802915243,0.11362291214442721,-0.06706520609667509,0.5551464631350557,0.5859864735810429,1.0,4.799057855178923,2.861421860029293
-0.43349782740201476,-0.4129959979741623,-0.24891850748652064,-0.4124051027834084,-0.5528840516322915,1.0,0.8887044385613039,1.1178615447640003
-0.15464956152799364,-0.41866536164059287,-0.15282015355699052,-0.05896468615527917,-1.1204244995166512,0.0,-1.2100774533037142,1.100329991442621
-0.75261842489853,-0.5413458515818323,-0.20612334027813634,-0.6810081535046627,1.1316647721107342,0.0,-1.579990907899921,1.861543054709008
0.44171591231386476,0.4529541306540568,-0.9472568188477725,2.261371791038832,-0.13542556511078702,0.0,5.030847805864669,2.8206690162356343
0.5563140924502658,0.6378888858287785,1.1980090571697237,-1.0807215499418095,-0.14045795982465317,0.0,3.083911906296593,2.3045955110653438
-0.24607739550350854,-0.7744169085039386,0.3792774132992205,0.6561060527595828,-0.6961831223290551,1.0,1.9002210722473043,1.778851931048572
-0.43864784543714114,0.9275488290259749,0.9987442207968564,-0.6438716896199294,0.7918561030590515,0.0,0.8029292172482677,1.952306094852307
-1.0059028969908956,1.0373230570688923,-0.7270793899608353,0.395180277715069,-0.7738376519526776,0.0,-2.4812044585499033,0.16651431729270139
-0.7035926111903844,0.3678488898485795,1.005258299349589,0.8968450887806215,-0.2733163502324576,1.0,4.616030596472112,1.9235760476878578
-1.9147882776122886,-0.7476349120921794,0.766392489613991,0.8727184941084084,-0.37468006319229064,1.0,1.5772177463268184,2.4529837388011337
1.151449475656839,-1.602249465902327,0.06133217784970925,2.162046540439274,1.065992442772298,0.0,6.931683818875747,1.5724960495088007
0.5650133482163608,-0.008804844534611892,0.4827096822103494,1.5647388211295687,-0.5351494437254575,0.0,6.275180665394144,2.915019320126641
0.5307785714719576,0.48898182161360865,0.9397629662480816,-0.13751793783512414,-0.6997311387748897,0.0,1.3683419560552181,2.4106576411007605
-0.516354913342394,0.23147497572336317,1.4208909553076707,-0.10628358201925195,-0.14770842592864006,1.0,1.0807986396831246,1.4708308297078876
-0.498741931921788,-0.7918781608287774,1.480446600605087,-0.0077710775999848295,-0.44044169870101413,1.0,0.15931266903571561,1.3559765640041845
-0.7733108401268015,-1.9338058322789111,0.8355615512619995,0.7748172742322569,-1.5622824846255938,0.0,-2.6425457276036886,1.8366841478987102
2.000503772743932,2.066455745204897,-1.32254843505125,-0.9078400322737732,-0.9532187827433785,1.0,3.58807484091892,5.821334589349787
0.5147014958210862,-0.8468625257109832,-0.6742935587694389,0.9967680134830056,-0.6808966600879877,1.0,1.9548653414328847,0.9999751831452168
-0.21944947373978305,-0.47165916543262587,0.7116425231657627,-1.7738125437227077,-0.4061775523669261,1.0,-0.8970028309009814,0.7810674510080591
0.7452570591845987,0.22575296930110678,-1.7683574567968594,-0.12430709878941296,0.3939858294699753,1.0,-0.1604263714992208,0.7081311578473053
-0.588864192426213,-0.0023487202941710025,-0.8167604428645422,-0.9923506377061244,1.7635254891559866,0.0,2.5448608263896273,1.3675700371854451
0.07720913762195736,0.3558258543460727,0.03991914620868469,0.8068047946090025,0.015992584551376608,0.0,-0.6267851082725431,2.6745521027104058
1.5053743736345384,-0.6701114854338557,-0.3800471568868394,-0.187208547974442,-0.5310745272620925,0.0,0.22861868822258025,0.7883448134776989
0.6594446197624342,1.076753922711727,-0.8433902891956592,0.26734739024424187,0.46153473262440914,0.0,0.32611931763014523,3.1858392084417124
0.3164267636057631,-1.2092421248242538,0.2517948331253161,-0.4465795483544663,0.4978489671600191,0.0,-1.3858316582481862,1.2909546858705572
-1.7974169595016305,0.9322175660900061,0.14208414467818603,0.5171459456260751,0.3759035247196181,0.0,-0.0602086383280413,0.3993064653744819
-0.04535338391484559,1.485820725159326,0.8076838462805365,-0.6055201081180908,0.8882342501142277,0.0,3.5604802230853125,2.8892198094387123
0.7107323935086683,-0.47246292635750947,1.47121333930424,-1.2169753530803729,-0.7316371632686862,0.0,3.4826774136224126,0.6440589173535849
-0.010130723027823967,1.4570864092309905,-0.9669617659123858,-1.373753642239373,2.3467771495676133,0.0,0.7082382798373257,2.2795504890670566
0.874747505097317,0.8896961617272051,1.384255767353154,-0.9138005918188316,-0.7649461730710501,0.0,1.4287399043107691,2.698696418777771
2.2459520426711927,-0.309544982269376,0.6915987907598234,0.2290400660399768,-0.09937188221452656,0.0,2.4121777557498993,2.453841172229408
-0.6686840287890077,-2.3903159751113354,0.09230680582102789,0.5579779649979454,-0.30102745510355033,1.0,0.28157496899165757,2.239237523152209
0.3109328812778769,-0.1440372218528117,-0.3061611080041864,-0.7042312656442156,1.4069998790569989,0.0,-0.09634373228962234,2.190463310876902
-0.4298218383336504,-0.7527698536119374,0.9413826968335408,-1.2268324674566127,-0.5744983274514611,0.0,1.6153617535578597,0.8909578808769557
-1.168148065225777,0.42242219571780015,-0.5395610666070609,-1.2786375205315503,-0.6414830475539464,0.0,-0.15886800274853585,-0.23822115254877213
0.453676101356524,-1.8355635349247044,-1.9848909410312108,0.2320522388094295,0.6304765234271343,1.0,0.6889717408588479,-1.487237346456287
-1.3686188303289104,-0.9084712819182026,-1.1208241782153345,1.2539278736789583,1.0237811821709304,1.0,2.702306765946847,2.1181887411517186
0.643339497296674,-0.8158223768031636,1.443555382847303,-0.7292660107595804,-0.25487642670409305,0.0,-0.06424874332162434,0.7455121529965818
1.5624394516622393,1.2026250573512909,1.631808469514336,1.1864567782196827,0.7797571247394475,1.0,14.90893884335609,5.999597978905286
-0.4816395748752769,0.30614776500026847,-0.35749759608360665,-1.4534548892768933,0.31694490949696985,1.0,1.9689038259514173,0.9545728526225894
0.7133183552409806,0.17167666567415357,-1.4083830583288888,-0.3345062637053272,-0.3408205282387831,1.0,0.4697794401952208,0.6848028869628906
-0.04143131785863414,-1.6205290445796774,0.44870874025842816,0.01800100566534316,0.8036397712876152,0.0,0.6082364086872776,1.7723432363305256
0.007759410520599233,1.187325268747366,-0.882275869005448,1.9485168703253082,-0.2747186354476182,0.0,2.918586342573084,2.6379118616519825
1.6069231862299067,1.44058305894822,1.1362993914940436,-0.7388480054511601,0.8913702017575906,1.0,8.893686828849642,5.904024369360069
-0.4515429119713041,0.9895213736324805,0.6585519183881662,-0.04713340906300602,0.4021599608093106,0.0,1.6484717198370071,2.119846349533139
-0.1280945883523754,-0.9772540219485683,2.072634112004593,0.2956225695052278,1.173638693627819,0.0,0.9138596961354204,1.8624167977454227
0.34752942839461853,1.1861141261847623,0.8534197320512076,0.6953799767818731,-0.5249922378663907,1.0,4.732088768987999,3.348345191163557
-1.2791368874720488,-0.9163324238585131,0.926451191537916,-2.0652496062190835,0.4398205306847543,0.0,1.683862097705517,1.3255660142572083
-0.5244756147647538,1.8233726884541235,1.1861127627283987,1.5864920954101545,1.5854162668937288,0.0,8.8159869117286,3.2474104332610843
-0.15115863884366695,1.396187823734914,0.1475806723067973,-0.7644006066482484,1.6248939036469296,0.0,0.1190529756051859,2.9046354497785876
-1.5809798448648569,1.1755863037093195,1.1317332445422899,1.1882970731195601,-0.7584902695212177,1.0,2.3957682770130497,0.14458660178071625
1.1377142005775833,0.9238756658591116,2.5747351082627357,0.4886978128605948,-0.23941031353273026,0.0,5.387958975458857,3.650320116896746
-1.4647544066850664,-0.9395776922153279,0.772359935961255,-1.421769994112177,0.7277863612720925,1.0,0.9111470684036448,1.9295385046298823
1.1679536463632454,-0.9352024180999727,-0.7389458521602443,-0.7626102688625404,0.6024644034911809,1.0,2.0621451803453197,0.3137356284982985
1.1059246396609463,0.7893518533789282,0.7871290842614012,0.5558637629764762,-0.05584351525433889,1.0,7.729152994034286,4.170058353166156
-1.9905100283385677,-0.5783858134606598,-0.7491877734946202,-0.10259981837955096,-0.618307479394862,1.0,-1.420576062213131,0.8640295779370923
-1.2781207620923094,1.5081189528279004,1.1319791343964263,-0.68225791054723,-0.16945229063829514,1.0,0.8957201831139145,-0.24755556312205473
0.5422332935304243,-0.026739051539577827,-1.0902377676309556,-0.1494560250997102,0.032192065865898,0.0,1.3897994823949056,1.1017719962042056
-0.29433562080610254,-2.2205546560569562,1.346466880664628,-0.4746920442363992,-1.0206373956785804,1.0,-3.526348368237598,0.5441645752286961
0.5418156941111771,-1.4087121998485255,1.065170792237772,-1.162567785440908,0.6209519625664631,1.0,1.4818218655814335,0.5494216509593559
0.8546492879609177,0.2928298530643774,-0.4690321802914923,0.3009737461955016,0.6068961214862442,1.0,3.682747029085488,2.935431422467725
-0.18501756453605725,0.945719301908033,0.004871477198236316,-0.6793066223661308,-1.4425250110916,1.0,1.3725284064480257,1.1468842429608952
1.4469918925328324,0.16276066361550254,0.6600831856799794,0.738933926677052,-0.5582158925108678,0.0,2.479795515378472,3.250731474894014
2.220547137309114,0.2956335258132597,-0.07080159553537439,-0.9385136152949316,-0.5385967541342658,1.0,4.208418126446218,3.1380971424103867
-0.14860840117174784,-0.6161793693279124,-1.8339678809271742,-1.4432955210400171,0.4637330905197628,1.0,-1.1283917964889365,-0.9577338219909932
0.39449746264164665,0.8826144357865046,-1.1497709686673319,0.6679769199279517,1.0630229236952682,1.0,3.2603399917102434,2.686056023810987
-0.34107936828152574,-0.05561010706533614,1.5593036851154198,-0.551669635256011,0.7527894490661711,1.0,1.8534145451698756,1.7123268606655104
-0.9634799106613928,1.01119093833595,-0.11990967349151106,1.6794705974386184,2.6195600463994513,0.0,3.866002690697397,3.1319732890704834
1.2884315285941537,1.191163459114983,0.2648825524480426,-0.12306109732290464,0.7574202302598051,1.0,8.400007815096979,5.189274147807487
1.2245849386641685,-0.004976714363795955,0.9737132253387749,-0.7220425494887808,-0.010471775979633745,0.0,0.8292257549142159,2.286541807115702
-1.72562217642979,-0.22613700158630004,0.8139575112947419,1.5374203968271218,1.0612320391706835,1.0,4.4588669846566376,2.807279075828359
2.0033434596990225,1.3682996707422865,0.9479342468016232,-1.310607078086185,0.6417183473245037,0.0,5.833211232636928,6.149880682361712
-1.10759720009532,0.05192060843120481,-0.11351789951961232,-0.058002981406670574,0.29944005362779924,1.0,0.5712572397090728,1.472177929310861
0.6246390122533211,0.7784509002346113,0.3005739952108697,0.5636435264703623,1.0801592033288494,1.0,6.7164723467313925,4.115150824733253
-0.06091670202475327,-1.5287886942480298,0.26069028032028474,1.4633824199680119,1.0556134511734687,0.0,2.301476084306688,2.6543314332076333
-0.3043094761297009,0.4426368050954467,0.006042038079319643,1.1247138957071736,0.005714321242537366,0.0,1.1979105694361663,2.5026819646665217
-0.4602692944450241,-0.10445838515221735,-1.536210664451503,1.1666949614999211,-0.17598359928016294,1.0,0.8233828253612356,0.5275442640301599
-2.862166971809,0.43162485481344764,-0.5776109878318114,-0.367356864811403,2.9257907689909026,1.0,-0.29831704691013555,0.37752749353681636
-0.13400384110445612,1.2302544637976618,-0.08197788139312193,0.722078892324836,0.5915774618187549,0.0,1.8018206747695653,2.995747418905604
-0.6751344617743062,2.1580918735266392,-0.568066149616153,-0.3419379751769308,-0.1293766073977784,1.0,-1.21428354778927,0.6077291121836308
-0.35402257345800087,0.6019881521435102,-0.3969936135213792,-2.033584686905273,0.27634567526096543,1.0,1.604003933452387,0.7559766537878402
0.31154500612490194,-0.07346635010035603,1.20211435106134,-0.628026236740371,-0.9738169852816394,1.0,2.446441171078756,1.2566731061979743
0.008564792728952986,-0.8359996352542958,0.4786952270491776,0.24567446316873714,-0.46892812854961297,1.0,0.6116390014541531,1.5944398805355084
-1.2468623805861756,0.24047863597001493,-0.09431746241504574,1.5198329458535622,-0.317605930125065,0.0,0.7927048237578443,1.7464745442775023
-0.3602568418238482,-1.2004794168460315,1.9162362195295934,-0.6120304267327957,0.33277013897557783,1.0,-1.5634095300594464,1.1319901431713688
-0.11592311097333309,0.17053113970354675,-1.0549049526418268,-0.35100186555131546,-1.5228986467603916,1.0,-1.4462743048325002,0.03644319135646995
0.14802431007105482,-0.24365602672072878,-0.8137343608067908,0.3240266997654582,0.20222645755676558,1.0,2.6672265878183055,1.459165406606702
0.02275492224206837,-1.4703811420716306,1.0691301186920856,-0.9427811091210502,-0.34557993876985643,1.0,0.18925418044623776,0.614000124532599
1.5251257711799224,0.6654949485743282,-1.1204438759360662,-0.26455900091888046,0.3001150814314134,0.0,1.324679868229969,3.0031128292692806
-1.0116179780427659,-0.9154303694747021,2.750099863587147,0.8912072553552687,-0.9562829967183617,1.0,-0.20327854529874667,1.3807132187010045
1.97421005731516,-1.1291907791220384,-0.65827102781227,-0.403858785763679,0.6523308480457061,0.0,2.1004376119498893,-0.22059852426402315
1.3028007060971212,0.21171253512848498,0.1261237356465645,0.13637022982607885,1.703678082721468,1.0,5.02609577591321,4.008218824317032
0.49699521486492687,-2.3447998542644553,-0.7473551583928376,0.9678049565549206,-0.7187247357095725,1.0,0.9643069361093124,-0.6049049616821731
0.5755723509298113,0.29839254757717815,1.0968510345200757,0.4093963068496241,-0.44261568901329795,1.0,6.328335502966376,2.5969450246165
0.3980685159880375,0.011477410152632825,-0.9541998658784901,-0.7844174420784915,0.6310607755589398,1.0,2.3547536154908877,1.2338252258718807
-2.1935300644772586,-0.5543728365168684,-0.6965142045376275,0.23907644885918733,0.48486790052016326,0.0,-0.3330501233995329,1.6228802528748303
-0.696442336653061,1.1739591438234314,-0.32249087049095504,-0.42431766116695196,-0.7695064132499297,0.0,-2.1185054917748003,0.6114550114674681
2.407278586528126,-1.2044460782057747,1.340498269496244,0.9214463987744167,-0.4414334495773822,1.0,2.244462383929051,-0.15949766740490245
-0.7236680711729309,-0.7878059488021273,-1.0275253650066551,-1.170273255337276,0.7343798752113448,0.0,-0.24162270099204924,0.5996023974297127
-0.930114175187424,-0.5553647675672916,0.8972532767202723,-1.71351601720894,0.5537113121422568,1.0,2.3719673847437273,1.2662966601237486
-0.6537491982404802,-1.166189239002041,-0.14459601524987126,-1.11613251305296,1.2458588635698566,1.0,2.911557463054481,1.8345554268699305
0.947863190866184,-0.5085688268248324,-1.3865368522370745,-0.7267334868979743,1.061979410878128,0.0,1.8361577554516437,0.3951666407797876
-0.56698762383489,-0.3280819731996086,0.7126936883733286,0.1458491401645438,-0.5732894185298361,1.0,0.22142294118211908,1.6377136146388827
-0.8947035057412525,-0.08822546871889368,0.26009048432733883,1.4966688881606913,1.7126153376493416,1.0,5.9765926640980505,3.28852521641469
0.7647136096104148,-1.10409674734313,-0.031029337264584008,-0.17639935642024193,1.502017049397375,0.0,0.7350495645588985,1.6328034287091673
0.24655140797290304,1.9530478526326043,-1.2359834887145116,0.13790128628395154,0.4398483918949343,0.0,-2.457873284207566,2.5808018294101207
1.7717605832534344,0.6830907193021503,-0.9814137580087134,-0.20264621093965526,0.730413171094315,1.0,4.630094224435828,3.7667233317814928
1.4848745664523642,-1.022008678759348,-0.48618943592820024,-2.2382770687720788,1.1623055992611402,1.0,4.774837890136388,-0.1830824041902065
0.21481381113556766,0.804455739648392,-0.10208601092063783,0.8635995657068204,-0.5379631969910448,1.0,3.0573493099802844,2.7890119045945374
0.9128635167783518,1.0804263992581236,0.4542570049323213,-0.471632058401822,0.8961021762246538,0.0,2.9637018618205753,4.320877660384117
1.9343651504028638,0.8091389920986976,0.3350578792045296,1.1425824446614967,-0.387759820405896,1.0,12.24988873522829,5.426253870281403
0.3778663625967934,-0.4981015100153299,0.24188259223114875,-0.10258469573056302,1.4067536902064217,0.0,-0.011442061785614133,2.4955811705643622
-0.7362136787585672,0.14031422162090773,0.4662798750015444,0.19591310450879823,0.0069411206750213455,1.0,1.8611919288048946,1.8265629807963717
-1.401295586702101,-0.4455977833622914,-0.8757177868279368,-0.775536467884657,0.2998329425196164,1.0,-2.211566459241548,0.665702626609463
0.30119569564270227,2.489799392029711,-0.23230349940401257,0.574885825695563,-0.9140321638204848,0.0,1.8292974417350292,3.8328281511559887
-0.6978862148946995,0.5982918054117231,0.012756900236036692,0.43180588963242666,-1.2524501967416837,0.0,-1.2271215772486057,1.1286381201922686
-0.277328640704726,1.578420547054421,-0.013647246149861226,-0.0480283010923401,-0.7021362325395426,0.0,-0.1329824991255013,1.8308057162905524
0.07105876454716584,-2.1667284596811793,0.6668186618203655,0.17674149945085754,3.055653782146309,1.0,0.6221619341568541,2.53360033917369
0.36122535426690733,-0.330955428947862,-0.7170397707476485,1.0132322560698732,0.09422501220915089,1.0,3.9058003263307333,1.8445485814232834
-0.29628426214085046,0.5230546278314485,0.1184233522185661,-0.16039449585133964,0.1488050632149681,0.0,1.897616533190039,2.0048254339610545
0.4886975137773204,-0.0463492671332063,-0.6724569183184994,0.7716766898269919,-0.011867210127845718,0.0,3.562616277997747,2.0244932222197027
0.8725632918427786,0.8903715667619796,2.0091045491310298,-0.8458464577521267,0.5082467795192209,1.0,8.287074621105015,3.0697171924105358
-0.7889526573299489,1.1429790822908754,0.41641627911290513,-1.0479849214560037,-0.7048123637218855,0.0,1.7505515956166502,0.5216106986193385
-0.33992233786946036,0.4622776556773712,-0.7364178877718285,-0.5612418012801951,-0.13744247921971217,1.0,-0.43289870181328544,0.9273672640081392
-2.160518439775526,1.1110587140056556,-2.479835315520507,-1.5090383935470588,-0.4225053901662556,1.0,-8.236305768521595,-4.919795810410049
0.6617287387464388,0.2582596632607194,0.7159365986293383,1.1098797611449136,0.1558861397421466,0.0,3.160279389920703,3.3762221517375672
0.11298373274821889,-2.683898783272685,-0.07620373412144532,0.24600052767887223,0.11592209907368721,1.0,0.6408927272768935,0.5512629184382452
-1.1705713607643806,0.16560123621587197,-0.009954549434592178,1.0514420477964828,-2.361507480429016,0.0,-0.7120011235018734,0.6436073361526249
0.9037445204188184,0.27202886762894474,0.4002960051898367,-0.4691276023255933,-1.3548917043054276,0.0,2.106473121954788,2.042815325621657
0.6780628825505164,-0.37229521143200983,-0.3843141274223193,0.9136236553178564,-0.3609999440647426,0.0,2.3542319694079366,1.911654863624686
-0.6346758475187804,-0.9849485267806077,1.1406521023031349,-0.7040183028458501,-0.5524053427155993,1.0,0.47416950619416,1.1744269754344339
1.3994209961009785,-1.371083209346115,-2.1614635758067466,1.7158880976495647,-1.2681040360353601,1.0,3.2171325458430347,-2.3183088376461147
-0.6149188404473103,0.04957279189616322,-1.332928069886387,0.01692521190386703,-0.3308132816512551,1.0,-1.2610581634918945,0.09906710707581778
-0.5805638899710437,-2.397733358154227,-0.939144857256531,-0.6877891297558346,-0.05467804787336844,0.0,1.5866900789003469,0.6525611507674032
1.0777164227928615,3.1836389693549165,1.0211891274559637,1.0813536701152273,-0.2743294095863448,0.0,7.489887034267317,7.998196708003552
-1.6631063402704123,-0.6787585597613442,0.9829872637446443,-0.9514365146918999,0.09808262078177003,0.0,-1.2841703115402063,1.5772710495628024
0.8479547563712666,1.1926028532008346,0.19550047393729736,1.9070887297920591,0.3129761507338964,0.0,6.885293994100436,5.22028531544068
-1.19146354161154,0.2658967404529562,-0.07763193004048957,-0.9094415682799463,1.7942394586778614,1.0,2.476965641082045,1.6209814623195005
0.07050537209506663,-1.4199905126834997,1.3116976422432878,0.2897928783727832,0.9615599692237946,0.0,-1.419517698311076,1.7628751405289282
-0.39627532628332307,1.6747588256668378,0.42770012794746204,0.4560711502326833,0.8130146580718988,0.0,1.1533187060891708,2.73389121212262
0.3538497594954177,1.7581259295511713,2.210553529895351,-1.6920854050914567,0.8234255888169276,1.0,11.524844178527959,2.752046461269328
-1.9676609249484514,-1.250094624792901,0.1628184674559768,-0.03870091009531902,0.3768096039216493,0.0,-4.325977435845487,3.0881224811080914
0.9347195002993266,-0.911166311676383,0.7250358994673304,-1.5389049818526295,0.32142368233608953,0.0,1.2838369575640436,0.662344590021826
-1.4703298114673453,-1.1261984312495879,-0.7946723649486133,-1.8891892872883882,0.7568683156667599,0.0,0.8499418368004328,1.0946409526402427
1.7955143121417654,1.0244311700834414,1.1556322028121102,0.7521590615156728,-0.03157878394160573,1.0,11.371658923157804,5.590799926484532
0.6584790473208372,-0.6135369348162734,0.7506047161851239,-1.2160526817924533,0.19810870630948635,1.0,3.650009486415518,1.2160767473951455
0.3426447227175458,1.1500433495161377,-0.4859909981422912,-1.22678376283726,-1.8709843749296133,0.0,-1.0148469491419978,1.2327332559268251
0.11640974875877122,-2.1076745215869614,-0.028783966253074566,0.9639510910856351,-0.41673977033867204,1.0,0.43876131329309864,1.017813199553893
0.2840590969128715,-2.2038423065688595,-0.6320305449911363,-0.9103605392745242,0.29543137903359035,0.0,1.8203021896914753,-0.40256335438320523
-0.2820112437278075,1.552986394922521,-0.05869040518980939,-0.1957901475474097,-2.4933069422624143,1.0,0.1715547396211361,0.8219124158614277
-0.47990528325659165,0.08984027168353786,-1.8183093388066531,0.0832277405956263,-0.5522824592681183,0.0,-0.8843553403373272,-0.6268228786304557
-0.6308234723243379,0.14721498248345785,-0.07502438082477059,0.5676814496980305,-0.6304490535410663,0.0,-2.3667141664714157,1.593620087285043
0.29925815625976976,-1.3009773515331282,1.9913385716764842,0.6764043743753245,0.890849979888788,0.0,-0.24503323732402627,1.4808532708852733
-0.11786368060090681,-0.17586502303558119,1.3444715116924835,-1.9449812974382619,-1.0679779921918418,0.0,2.6871745182290714,0.26401744603477645
-0.30601223353393736,-0.07948673164175533,-1.2481120233626006,-2.386376525475411,1.2432456004632004,1.0,4.768169336720857,-0.04693358434390732
0.11876594876507593,0.012483534997318834,0.3749370995395138,-0.7494794450354797,0.5621456929647025,0.0,2.0077612179482065,2.0914396932757446
0.8503177676866485,1.1742004315263526,-2.0188223246508383,1.1706255914018122,-1.4696626221329971,0.0,-1.4045234863708456,1.4185857083741633
3.1732943850311326,1.3134577372407399,-1.4469828324781728,-0.3127704768742371,1.7146263726071258,1.0,7.979179245398016,7.512298053057109
-0.08861810236828552,1.9875845353400954,1.4840386328734576,0.32697472692227175,0.3976867554692985,1.0,8.082727646806015,2.964346203129759
1.6358173444661745,0.2472924459136599,-0.66706989138234,-0.7535124976033839,-0.997897995175024,1.0,4.807442090495654,1.9224778301974814
-1.8076216956917583,-1.3423532785904115,0.4286923970943529,1.444605934826259,-0.38548977095165027,1.0,1.4470224336293882,3.504893776912236
0.6614675156940573,-0.3673981119332051,-0.12163967988472518,2.4497683611184335,0.5186150530409618,0.0,10.221230836863274,3.319995664282599
-0.7269408986658786,1.3439408811527822,1.2274775155156796,0.6629875531293811,0.6933382251221678,0.0,4.924468092109561,1.9600501208461252
2.6293441941972904,-0.6036314691456307,-0.3678140448694808,1.0978739075451824,-1.731413138937682,1.0,4.398896382562767,0.8581404181317447
-1.7507240786755471,-1.4199649114122994,0.6294429350826832,-1.608206275165444,-0.383202174299386,0.0,-1.2146737439147985,2.0279950838458753
0.2925859541888188,1.9853158550272132,-0.8921381050023285,0.7146387511529869,0.4318792546541469,1.0,4.232429299982089,3.474765516992992
0.5616163428944798,-1.5961428471681165,-0.19290545828276245,0.9691592852284915,-1.2066702539461753,0.0,0.3127989529177315,0.3525599951641424
0.7831529147869284,0.7279881933338685,-1.2963243666021191,-1.6683549204060766,0.5635399621136088,1.0,3.8467950411940586,1.3961656674597245
1.2179754019583038,-0.20901077059925868,-0.20463954094164466,-0.981518482929537,-0.9393313413888842,1.0,1.7817220108893415,1.1663019542548754
-1.5051216724369743,-0.350978833617775,-0.14718880652928443,-0.21147042941995894,-0.35069585729437824,1.0,-2.233320756334331,1.2347253192487992
-0.18273699039344243,-0.20123399601789663,-0.22459396444322252,-0.15350449026515514,1.6632762136049006,0.0,0.819306727528119,2.462260896867519
0.5379637391563025,0.02478370802182191,0.7320264646712893,-1.8903750847282927,-1.224740236271126,1.0,2.9328512474400767,0.8469835171258555
-0.8202079423051107,-0.38059829209578794,0.01958113577844961,-0.10781684796562457,1.5216790065512524,1.0,2.072945819709188,2.4282965676725317
-2.115686345409268,0.31298173061566803,0.21226379392380954,0.3257373620928892,-0.5795078491587429,1.0,-2.6555977764700684,0.3932796709914197
1.9924745507408355,1.0186226764511022,0.7125434332559654,-0.35950201780533,0.6222311233234616,1.0,8.98361010534819,5.779466171766628
-1.6972336996697734,-2.1136481251497474,-1.3335664444064126,1.3415317474597335,-0.007706572350891179,0.0,1.6488947733342667,2.917054277615833
0.7231600158091083,1.480537799679898,1.4710544669527565,0.7573191863967954,1.0091590745983074,1.0,10.334181767675455,4.890857573132048
-1.3953230012941764,0.7831562654508043,0.2566249752508836,-0.271019064005772,1.646836640494567,0.0,0.9715277276238385,1.3846340829010364
1.7369975018601675,-1.0424818363048434,-0.6106040931876987,-0.6925257137812892,0.05982969449657335,0.0,2.5036609451955796,-0.26587876587472037
0.41558816873948634,-1.470561428990329,0.9197059055399078,-1.1964295245477428,-0.9881218752046341,1.0,-0.6381929430161063,-0.16500319605484848
0.9721167710435182,-0.8629841679779521,-0.9224402807080034,-2.4522438094946497,0.15976987775918725,1.0,4.939679431839196,-0.787935324059116
-1.9049948948884914,2.113378123235244,0.3159285605711419,-0.2219065429448406,0.690864662069267,0.0,0.23444848936605012,-1.5788312960151267
1.6680165351074216,1.9680825930260537,-0.8324511969741456,-0.7396441591651759,-0.383801470835392,0.0,0.8268765959795032,5.795960377493066
-0.29141401796850525,0.6139828288379822,-1.7824339925345463,-0.7937298625661631,-0.6178890944640074,1.0,-2.1031986685891906,-0.8247265797751309
1.2604949621784967,0.2160758200164043,0.8056317532091529,-1.4580583359404493,0.7593377872468066,1.0,8.14965900978462,2.7567591856000946
-1.4932808269155,0.6373472966668019,0.03506363330321603,-0.39708998098307435,-0.7320701694175562,1.0,-0.8979438852057108,0.07263181191718715
0.35651337309012104,-0.2731072844843918,-0.30432845305215456,0.8289314081682237,0.8765403142606306,1.0,4.476769587128934,2.59895667822134
-0.30693753645195865,-0.6242674374626149,0.35069329162373714,1.0206855916296491,0.17591929319028224,1.0,3.0549944472925428,2.4387924695389396
0.2440565940293831,1.2154827799566603,-0.10836886313884421,1.2064855725754717,-2.047893274187465,1.0,5.656981608181008,2.5456618310423247
1.4743406914462562,-1.0189486502809526,-1.3114039565196347,-0.6043811782451631,-1.8955870400098824,1.0,0.3060906033274724,-1.9237742272151046
-1.5792279815761727,1.1401457391057161,-1.5547612700926268,1.0165444922047528,0.6312404640675641,1.0,-3.554932934590482,-0.9575449628686363
0.7703000597457301,-0.7731505968927725,0.8745893765533889,0.5114568938193611,-1.4224969165122288,0.0,-2.629358445658802,1.0261034328508134
0.2214211664538013,-0.7857832915618925,-0.28160298665175987,0.8843301818378103,-0.5713251341918297,0.0,0.5863927714989471,1.520142124282701
2.2179949088974857,-0.7442324352452537,-1.5299691182802961,-1.3858381264091255,-0.22151523228137776,0.0,3.8192591781371616,-1.441667886823073
0.608279702040907,-0.560001442999487,1.1103132683050094,-0.9389993546806151,-2.5768847572394966,0.0,1.0512142291100721,-0.07490290225869312
0.17825583680458734,1.2156054854656,-0.6031211513525401,1.746038058548976,0.7752610560111941,0.0,4.378910337621018,3.696277678890711
-0.7038588389959172,-1.0704170419430146,-0.48157598647981475,-0.2644083606024509,-1.2459723931185223,0.0,-2.5194316241670207,0.7565722496276017
-0.9072587351634127,0.035431713607223025,0.7840848139103322,1.116381895011318,-0.30274610192693285,0.0,-1.5458748299387728,2.0388359104557647
1.2067087148769087,0.1536842652680782,2.0342997096245004,-0.28130027076295516,0.44901343161355056,0.0,4.161548568763676,2.5195704765085454
0.07995808901991396,0.879325083343943,-0.18521537725516282,-0.39070825079218613,1.1630259594529013,0.0,-0.4940319515365702,2.826398515109303
0.3816915742881854,-0.06422526782832252,2.1866758109955864,-1.1815711457851448,-1.0768206829685147,1.0,0.8993268595114414,0.5206842623660568
-1.5193192114959257,1.049776304735969,-0.22981608856503505,-0.3200575146605947,0.9721621606370442,1.0,0.8017623891161317,0.3551358239794399
0.3409068728625347,-0.7913752752464089,0.06071998723485844,-2.7205781636517283,0.8215227068947915,1.0,7.8241572779085145,0.5839699015973662
0.1640917245804757,0.1893198713661089,0.6639187033481263,-0.7739090903128887,1.4873790085524303,0.0,2.308234987936614,2.684049481897109
-0.9714584866172732,0.28585967597220424,0.7272892652770246,-1.320092348706361,-0.7135336021016303,0.0,0.21706553467690531,0.47331081271352615
0.7144821120198426,1.3077706162340952,-0.8242735730168723,0.3969746993388888,-0.9276164167972216,0.0,0.07196880203789631,2.947137812684179
-0.3055155562934574,-2.411706160807203,-0.7513588638335549,-0.9673390295780904,-0.30351089288253114,1.0,-1.3900054941549886,0.09786043700264635
1.8517947708682863,0.5062092901732775,0.11396267892319294,1.1794396059772634,0.671373015872099,0.0,4.399186860680975,5.092298676402377
-0.12451321981544086,-0.1783019240164672,0.18595353442701978,0.06237229821367051,1.6119545337179284,0.0,1.554325078263665,2.7836939623697954
1.4930201634680271,-0.30022244216336313,0.26300118342329215,0.3853771815407988,-1.071791855025982,1.0,4.020431961109264,1.9020680371645702
-0.38275303883917927,-1.2006935047507317,0.08373890891154252,-0.5074098958107056,-0.28925710607744126,0.0,0.4661354576624708,1.3078777152552548
0.9703906245066006,-1.4203245412664838,-0.35742770176581645,0.09051157773707245,1.3686262883953946,1.0,1.5873924569687352,0.8844183859875231
-1.1634013607370102,-0.6904013665566692,-1.3264220497056536,-2.0145791650444007,-0.7398589599518567,1.0,0.872088694668881,-0.9221683214976424
0.325733120600179,-0.2987812510760801,-1.3201223203675017,-0.3311005757213537,0.6309313929779021,1.0,0.9970616442613157,0.6540641901257189
0.1881786171929953,-0.255742970118491,-0.21987454192493078,0.2380903535937266,0.0929228531478931,0.0,1.0900147628605772,1.9495866177906576
-0.026184020034808245,-2.319932969237325,-1.2557107130299567,0.8095267728143198,-1.2640074548895972,1.0,1.211718552330296,-0.6575111494930016
0.7211584669534684,-0.25177026251269397,0.7568235518719852,-0.4076265143522943,-0.13357945800260446,1.0,2.8671535320061063,1.8879573090060693
-0.17481301248472106,0.6066076493996349,-0.26290113044569086,2.010033646806245,-0.33061648423213297,0.0,4.314782669901858,2.783752512062745
0.7953161430679514,0.5795296638762334,-0.7427088200125432,-0.199323878221085,0.045891401698090625,0.0,0.2595057179958499,2.43690087931506
-0.34683356485640177,0.057785452368309474,-1.7322665313829015,0.18095051371556173,0.01582804693105935,0.0,-0.7180853974360933,-0.09307943604347596
-0.7953502971757614,0.08070758832027307,0.8447737157912554,-1.2365739697726186,-0.24058673589183904,0.0,1.3842174740704152,0.9261948658244875
-0.6054606027033675,2.1217996961781065,-0.35274814624500755,-0.5451367416211788,1.2828210548880428,0.0,-0.29803688759524716,1.6043983408823164
-0.050984222971817914,-0.7703534015969543,-0.5664397046067519,-0.7487098205188872,0.9219135290004068,1.0,1.6710412771231808,1.2758059440098357
-0.5540743053390617,-1.204057671576485,-1.323654200669117,0.6604566332067355,1.2888940378494373,1.0,3.996564061577886,1.3455535879018958
-1.1119116484028235,-0.18006045126513914,1.1193150973976465,0.2344532260114264,-1.5243218545414923,0.0,-2.404012804672502,0.9052473229544484
0.6836472588809093,0.4657403793785387,-0.03966781221761563,0.7934052945767677,0.1126082554091464,1.0,5.678198233807004,3.325482157224915
1.3970404567867607,0.23772349780543794,-0.0273554393986889,-0.5446661243548254,-1.2412908228161519,0.0,0.5544711760749936,2.2424609912740134
2.5970033128199717,1.0312318445068072,0.16905770066074838,0.366222352115786,2.6369060726847953,0.0,4.528127756344008,8.064066907601244
-0.6191998181611716,-0.6059315637649274,0.4637326176326537,-0.09728492779536155,-0.9121954244387839,1.0,-1.173560816616275,1.3841423265898523
0.9445926093729496,-0.6608479496144788,-1.1678516129382073,-0.4551483818123672,2.0841992926935475,1.0,3.8288410992358197,1.1403688007981985
-0.8237161188962749,-0.3343942868534381,-0.07414099765865122,0.2795795451118032,-0.4908648864523625,1.0,-1.2177529524561517,1.5509304067664915
1.4653367002690494,0.98195531340435,-0.8825633360600916,-0.6665006595742262,0.9224660780646563,0.0,2.1645829678435677,3.984415597147682
-0.15090938440276885,-1.130934541405402,1.9177747738163524,0.5023039416090171,0.12310285611474237,1.0,-0.9457170177975496,1.4612795762433568
-0.01261053723955645,0.5119749320222469,0.2273611148867123,-1.7784488442207527,1.6654740717133725,1.0,5.7694319831847505,2.274683700269688
0.9622681828421937,-0.50112170720859,0.19205615620212496,-1.0145341897338684,1.8889818322635408,0.0,3.671732948801102,2.263225498759595
0.8345868709151328,-0.49159752169562526,-0.005404746025564965,0.7289219559393233,0.3553904367465496,0.0,1.8198478032861947,2.3006530549540756
-1.589979903208396,1.038101845519789,0.21458056448081608,-0.5819659781515049,-1.2048630786165413,0.0,-0.896317822173746,-0.7355585530921845
-0.1696917315056051,-1.9375295610420373,-0.2380666981757131,0.11364961931227939,-0.5423686469792849,0.0,-1.1435848745699988,0.9135749470853907
0.08130867173389364,1.5185943214805844,-0.26793622379826554,-0.17027334841527966,-1.0433587795397339,1.0,1.8529280623310231,2.146961525446861
0.454655304975612,-1.0289063916274015,-0.5641256104972853,-1.258670992936489,0.7755739115589542,1.0,2.942205352441315,0.5665218009247435
-1.5614261335691184,-0.8073248494229207,-0.4886399373611122,-1.3801524509038596,0.6215461974823193,0.0,0.8195827809616405,1.33555165432507
0.20391079848519908,0.3051818267018283,0.9090749192900703,0.6990077553754075,-1.1416690906463964,1.0,3.714074874194042,2.164458816019735
0.21469829264554313,1.4712429983068989,0.41077821226047184,0.37492557333274323,1.6949869306858467,0.0,2.3086909375334472,4.315999705889954
0.31669686639908873,-0.5968938827376757,1.1661115216999913,-0.0786360282836913,0.8184774503833615,0.0,-0.7532028099424217,2.0175725859050067
-1.2810841169230187,-0.3428005782187747,1.3712284916376811,-0.688644154391854,-0.6304551942300555,0.0,-1.542400000380057,0.8515243619024199
0.30122378658193344,0.18983224925685666,0.7347810337950436,-2.001431643553532,0.763233274349054,1.0,6.2944132818320035,1.7929789106929288
1.1908867667611744,-0.27714990822984664,0.4237186659543388,0.5196060293549883,-0.0948784939495722,1.0,3.558831571763226,2.462603677411082
-0.4782225169107482,1.0291191991100948,-0.5762228833039437,0.5931653055706674,-0.3876304369121768,0.0,-2.1490709043145984,1.4364829887958335
-0.9736308398363085,0.07426259023170963,1.6376356879544283,-1.2826677791604153,-1.1405926314975752,1.0,-2.3309205590232067,0.01840956095160093
-1.7528348486160006,0.6755474540528622,-0.570960461899973,0.012376944761908305,1.476337862221,0.0,-1.843644577977039,0.5774926468000191
-0.3999158350482203,0.37477860952731,0.8133854268210494,-0.5757314703830151,-0.6693578716745909,0.0,0.9258198373109229,1.3087419942366871
-0.06646414138329636,-0.9737128677982801,0.07269163666000618,0.6144969915916433,-0.9882701357565291,0.0,1.1710855306950654,1.39144685753707
-0.06135030149873538,0.27261313693610556,-1.7986677932240533,-0.40011338416152376,-0.1979900172046606,1.0,-2.445784747351613,-0.33538360476796997
1.2676048920382526,-1.3008777899610378,-0.8013897755382157,0.9029597340763108,1.1421402500588027,1.0,5.179165752833366,0.651928677723261
0.9112021942786868,0.09239712794496047,1.4194508495319573,-1.2403925461849226,-0.1383448485668479,0.0,3.735397259844432,1.7571172200416485
-0.045339059101348805,0.40827623709224364,-1.1773380797515318,-1.0300401660671743,-0.10958301878870469,1.0,-1.6961859946107891,0.3878617955936121
1.9166679757989669,0.06594047972086145,0.8148208749986765,-1.2293245261376644,-0.6185001504277285,1.0,5.680717521040543,2.2871870690678984
-1.0120783613387305,-0.3489425549948347,-1.7359620918856908,0.21756925398741264,0.02558770155549119,0.0,-2.2028932007274986,-0.2381716595389529
-0.22205685276785106,-1.4676430704419692,2.0253510392130933,1.0182659796709945,-0.6505287288393841,1.0,-1.0269667430061498,1.238532098856845
1.3169619642154458,-0.13724011527118987,-1.4093392255744108,0.2844460286254304,1.4852243237043676,1.0,2.444954459625858,1.7500430031301357
-0.9158210298476461,-0.49306724550792846,1.4166890471495623,-0.2494958100402766,2.247036021508405,1.0,5.294490477338876,2.6077298640838245
-0.23520868205229262,-1.7009660801402384,0.7325636158512067,0.37717760944629464,-1.016228098287269,1.0,-0.18881319570829136,1.2222135302960138
-0.7692074798664713,0.6156733532750243,-0.9716088915542097,-0.576266446345952,0.9016429189681507,1.0,-1.4164988741852147,0.6905078271723736
0.31645688383675796,-2.0597235118066233,-0.998364266067508,0.33007030041797386,-0.5782016195597673,0.0,0.05502774781584885,-0.6050167856269643
-1.2569884862270566,0.5266138829341941,0.37599254617514644,0.3715717538577283,1.0641465072871044,1.0,1.52301487795881,1.8088641357083706
-0.7078204934129112,-2.76502804608151,1.0880337617284406,1.0539755998794689,1.277164002382918,1.0,-0.09807192094726735,3.3945337196445173
-1.5075742856571006,-1.4911305829511174,0.6017954138111395,0.13390119824994512,-2.4588444274329144,1.0,-2.694686001366488,1.7113842997444424
0.4748653555631483,0.2839373049728748,-0.6003815079031495,-0.5808602965001687,-0.1842671673200831,0.0,1.3260992385960972,1.656598972975658
0.9490484884712018,-0.6384309222566154,-0.5199491583156775,-0.2993802642259022,-1.850190991958511,0.0,0.9091127792930651,0.08249111487548211
-1.2112903208054802,-2.189145961868271,0.23009275747935662,-0.7502486575885996,-0.7558511039969212,0.0,-3.938384294024514,2.2871149152477654
-0.43476785432873954,-1.0306640456439553,-1.7878426471317044,-0.26849207885377285,-1.17464031325294,1.0,-1.2533827647655158,-1.115450060828503
0.7690323208192491,-0.20938413996304056,-0.374760142081203,0.9330577776050256,-0.4183025105752171,1.0,3.772171994345122,2.1193939303149993
-1.0454739129917423,0.7510922900200292,-0.9158439904818977,-0.15643333270555151,-0.1889678099646102,1.0,-1.3527038642616933,0.046060669522200226
0.6212475621190904,-1.6054735146218435,0.6612962052865209,0.3846463641997908,-0.8154182883772274,1.0,-2.143674914723265,0.4149495000608041
0.6390010542252417,-0.5110614607195455,0.667876597980077,-0.6043635898275626,2.5169276412302057,1.0,5.018638133012542,2.8127598099986373
-0.7293835304239257,-0.05594424827362749,0.30908789675389176,0.18633658297906952,2.73972897601858,0.0,-0.48960452336869376,3.2183290705208956
0.3781494157376191,0.6661260220078611,0.659203733802671,0.6542270077758785,1.3585751635311216,1.0,5.9566468220320905,3.900516022684219
1.6705701762427434,-0.7866340159585785,0.7296557313652066,0.999282843088093,0.4018693305197185,0.0,1.549124866167089,1.938648646429928
-0.3800191863519608,0.501614281467335,-0.6500462992166737,-0.09423935458708192,0.46724412573916546,0.0,-1.4861570055734816,1.527709510458941
-0.14540561959289083,1.4253113511574702,0.6337070602802745,1.0557471574087334,-0.1746085098356604,1.0,5.173247298128336,2.9959654056937564
-0.5706723883272394,0.4850167171811779,0.39513251744243866,0.7268399153364654,-0.17527951342094633,1.0,1.525946866340465,2.0766785381954715
-0.6645910336392292,-0.7924140370892407,0.06883320896794122,0.7827323867279524,-0.5103636057857767,0.0,-0.002755426991870147,1.9663616534584456
-0.7993381207980518,-1.3300652253771257,-0.9344812718791786,-1.1888891093596434,-0.14103650346649987,0.0,0.49040115476963786,0.46050243698269755
-0.9170071215102529,-1.1051035270308038,-0.041056672679561854,-0.2800747573234114,-2.0576435751168902,0.0,-3.857962072993204,0.8121022706628573
-0.6843448407575609,-1.3113918715052189,-0.49754077601905683,1.0849647853521394,-1.0554025493857628,1.0,1.0434114366303884,1.5443455570889184
-1.3649623043815238,-0.7575021017533212,-0.6059337322582965,-0.8155637688532031,0.29336830282225784,1.0,0.9951522610513854,1.230635679831029
-2.215585588428057,-0.3025739306397841,1.459031659821945,-2.68449123420918,-0.24442147141218085,1.0,5.473308266142878,-0.21210971177611893
-0.2790569856933864,1.6884213175078497,0.4623807062725818,0.7280478236465742,0.40879928767190715,0.0,3.7526034900505696,2.9281233604344155
-1.0062772102479576,-0.7374875748898998,-0.6826384408973741,0.6750056395259108,-0.7718478950875639,0.0,-1.2872516405682544,1.2564051796152569
0.6514243749300985,-0.9681180586031707,-0.3191051656356663,0.00033562024133804814,-1.2544060267847774,0.0,0.670673278642873,0.37392619386306536
-0.49468461850106205,0.9193757834606296,-0.49360262095812063,0.047978666374042536,1.3767409122194145,0.0,-1.5266622240374996,2.1037346523476925
-0.28109502067778774,0.13319100755528712,0.6710225903360846,-2.2204090563599546,-1.133798928787363,0.0,3.6760207873983,0.3302022089150243
0.9314712054033994,-1.3385929384523356,-0.36892256487955644,0.10197777050069916,-1.2274689828881244,1.0,-0.3404658524405621,-0.26491211153919936
-0.2536742647238766,-0.7159708763694336,0.4258206280523482,-1.5543316127607671,-0.8920361896140874,1.0,0.653268417337161,0.5972272921501913
1.022887041716188,-0.5340223247637305,-1.0081460566289138,-0.7766556698043499,-0.14163139886717172,0.0,0.5407577095338598,0.2684010645672009
-0.6058367792655809,-1.0354031328183118,-0.07623581994656249,0.7771384847968152,0.47108330797956965,1.0,1.7800551075499247,2.3897537866313603
-0.7715785919016551,-1.127200390142526,0.11817535795413361,0.7181515778126719,0.7934875465273639,1.0,0.6225551029142613,2.728266854913977
0.34320151251061587,1.182158885016056,2.629336076175587,-0.3961288244061008,-0.419948267905539,1.0,7.285670125473164,2.203387731297828
-0.2593184462930207,-1.1692000220301346,-0.7540469281940078,-0.6420733537263853,-0.961166360167654,1.0,-1.317118208939414,0.1392169195446935
-0.038002366913159925,0.2512046371675021,0.8056684743232263,0.26950573070376266,-0.5487402255957424,0.0,-0.07265685624276019,2.0529009774712423
1.0356657143553785,0.7565360492835135,1.9813423313400311,0.11090330360274774,-1.5296871921371837,1.0,5.324028314169158,2.561788530458709
-0.19118668460401203,0.24988315094642052,-0.3701391516827005,-0.7799113611253558,0.41850301063674183,0.0,1.5138441090258605,1.5480771681016292
-0.31756063364325215,1.0328935222442377,-1.3908312153691598,1.621475115615255,0.6954541180246109,1.0,1.6857130421953002,1.6717043804390885
0.7390798460731575,-1.4284583298656177,-0.03468974295528973,0.39404726367368115,-0.18693498082025803,1.0,0.6646268664642971,0.685175636696566
-1.4744668881661391,0.7410100479774753,-0.4105268882401727,-0.905908120677962,1.5850811635620081,0.0,-1.158551621794567,0.5919105506438884
0.5259901593754247,-1.2125783672652144,-0.3312594683961027,0.16699652468296414,0.3370533152524946,1.0,1.4637544778557454,1.0509302645200371
0.45440362137770357,0.9572866627405243,-1.884767291679126,-0.22329097875555368,0.5354709539935175,0.0,-0.42266671523478183,1.0457081055803485
0.397813999131215,1.2808556067699466,0.34337510409123084,-0.5970064799407387,0.3625994145212003,0.0,0.1993806436204093,3.344984857932895
-0.33852261572191245,1.1925987954158497,1.987146929475411,0.1889114265683413,-0.2079752568519377,0.0,3.564438244556606,1.6029324548814734
0.6531471947318578,-1.049217626350155,0.18186037016592815,0.8880239435068333,-0.8519669394210796,1.0,2.245692962684905,1.2091388511761099
0.7677820361403018,0.7756428877448505,-0.009444642285446931,1.0687966217822353,-0.6487428612977306,0.0,1.858522590745796,3.5724970964101748
-0.2870642686745221,0.060291070342968774,-0.38377883944367214,-0.12660929677454366,2.5408721800787686,0.0,0.9733055389400422,2.81180437027629
0.9141625412220653,1.736161575724902,0.16324458212347617,0.17975356419155258,0.2454565674383809,1.0,9.045247629115647,5.193228460243612
0.6859272536880854,-0.24013849990412395,-2.082995100502376,0.5850213506722874,0.2871724364437763,1.0,0.14265243554327,-0.03731885448680905
2.175300017836805,0.7027506691641994,-1.374076394363455,-1.212906033951858,-1.1711391611997866,0.0,2.3462497612342146,2.2841116751479595
-0.6262336136569605,0.14690586920203294,0.17689537495375318,0.3596410462331092,1.3498927346013943,1.0,1.7108631956058578,2.5959480824401027
-0.30681997418726636,-0.49810919327732467,-0.7179926859511617,-0.7356550916071832,0.6045453690044322,0.0,-1.3176956298098137,1.0789418675536622
0.3554526553611381,-1.0181971802829535,-0.18051363902069684,1.555520633038192,-0.21024086519190482,0.0,1.3706299250915468,1.8728415169751833
2.086180425438758,0.1911473598029662,1.5243294533390264,1.6282443211619164,-1.0193372031072563,1.0,7.383007909681427,3.650500212324902
0.11984722070558985,-0.4547939929000624,0.7122804554417501,0.21813710234737657,1.3422927988438638,1.0,2.967425747788843,2.6712494236643525
-0.8295525216147346,0.8531405021475544,-0.8791951325317835,0.7963774838431584,-0.2143971689273653,0.0,-1.6943562886468884,0.793233007015015
0.5052243689537973,-0.041009874032393936,0.4181524988996482,0.4880699726827652,0.5504725229033318,0.0,1.3260121141633998,2.8535762764394637
0.463271077926381,-1.7098712287118338,1.0161877211274077,-0.7196367241334644,-1.9819409407938153,0.0,-2.480594707552082,-0.7315183208981214
1.4052658132489657,0.8151177120758756,1.208791155825783,-0.2690593856665092,0.6024845767486025,0.0,2.8747140943508804,4.380907147632611
0.7858078429422986,-1.6623702226991952,-0.23773247551335633,-1.8026458566176102,-0.3165697470146125,1.0,2.7939187328653,-0.9511843145531784
0.13854373447012014,-0.006680828846224272,-1.3163338295686058,-0.9769169200493127,-1.5436493387070336,0.0,-0.710306139963585,-0.6017189278122788
-0.36817694838434056,-0.040829803991558763,-1.7610992058377675,-0.08620633902749694,-0.2317867203180178,1.0,-2.817574686772233,-0.4181732309550755
0.6536514470786177,1.4913905318121061,-1.1785699003222012,-0.7105607645410614,-0.9367457586934556,0.0,-2.851726167582527,2.016679070091116
0.17078057844678815,0.02557418708673423,1.728457834079175,0.9252030160247113,-0.3569784113473351,1.0,5.224403681813348,2.093877027321015
1.6961134653808816,0.2991757333459116,-3.3433148365395797,0.9544233453539203,-1.1640784053579565,1.0,-0.2746976698282403,-0.25112733874515225
-0.012967579454429378,-0.6465495324688396,-1.343457488740119,1.616571627498589,-1.220494525689535,0.0,1.1473393429131626,0.4303210683988658
0.35983124566125374,0.7485166524456854,0.8763332167835927,-0.5062128799111675,0.07422111974303319,1.0,6.8262104642293835,2.685657343720781
-1.2185009833255684,-0.8994029948872566,-1.5330736466366022,-0.8382019356612808,1.1809110091541248,0.0,0.4963719877576842,0.4795028922265405
1.6947335946656217,1.4000115847576193,-0.2596517075908576,2.338600045609175,2.4108357151726216,0.0,10.772811577148808,8.131390740639125
-1.6366352778066662,-0.4264360526904254,0.14119344647566792,-0.4125844104146346,0.1448604403016029,0.0,-0.35089555259982075,1.5931681143189276
0.6564434333405389,0.11540236519371595,-0.9941207942014462,-0.023939007957155107,-1.477382358088614,1.0,-0.4241632167500129,0.7591970646642163
-0.6917781492913371,-0.5226641751344615,-0.8936293760396306,-0.7121745302030732,0.9116040466752146,1.0,0.8882608737560819,1.033834165542908
0.11554559199797443,-1.211631369433773,0.09024462705421238,1.357934430277489,0.6571012858931418,1.0,6.007327199890417,2.360529335517368
-0.8113363401314464,-0.6430650997871892,2.131420729279981,1.1628539284680566,0.3055532425710319,0.0,0.5847977037725851,2.0627401921935196
0.3411634489010526,0.8752395520814283,-1.2652643837604247,-0.43472260054674916,-0.37575939842639855,1.0,-1.1489786097820145,1.1697285782688835
0.17202073657772332,-0.7542387489068008,1.1898167815125609,-1.699790660891698,0.5675470440659968,0.0,1.7609750595393188,0.9797628314159011
0.2903241695760839,-0.8429358899426412,0.18520410557590383,0.9721732771905764,-0.05374544663318698,1.0,4.610920860791898,2.0136841312731115
1.2923591991493113,-0.27621911663246357,-1.1810027160522987,1.755690122386974,0.7304131841079644,1.0,7.878978924185516,2.1836435358520183
0.7055430679323352,-0.3454398347210024,-0.0008231637157539569,0.7226604217319205,1.141340611635512,1.0,5.605506573954191,2.8679175318571786
0.6119697510866351,0.9052762812946734,0.4709446430032914,-1.3643322500754975,-1.4942731785184096,1.0,3.6998812684789275,2.009934398526437
-0.49059900374175563,1.1801206872936238,1.1151088211741123,0.48519980995229717,-2.7516034093098503,1.0,-0.536504761667169,0.6302271886069348
-1.0883546432630935,-1.0661802290744076,0.574657574351114,-0.5803090918030335,0.6147336838210498,1.0,-1.1238687957712654,2.2270343260824736
0.6648738918971236,0.8725548963343024,-0.5757121993442607,-1.2817730902353215,1.5751767968621313,1.0,6.288670066303227,3.0465038884178846
0.9180238359778852,-0.025472071818659056,1.248941856598456,-0.4887312331475252,0.20989226056641916,1.0,4.556276111699477,2.2242697024999596
0.06035026608683546,-0.6977313264775652,-1.6049313168332155,0.008707524687576934,-2.225100398337446,1.0,-0.6723789155481186,-1.3055892580703639
1.5360570091118921,-0.24310573543171887,-1.2760139113845996,-0.971468508259457,2.4360370099091617,1.0,2.8697585646085213,1.6578603209489116
0.9112709111447032,1.754690436691051,-1.2100634199139322,0.6214268707111976,0.5393798790064102,1.0,4.4334637305446885,4.260310755663207
-0.8020869923416095,-1.3852840102516653,-0.3073739757342284,0.06158857618507601,0.07217072151521806,0.0,-2.4786696907540624,1.8837568217089506
-1.0530308408293454,1.3518774666775093,-1.468371020253609,-0.6920908417376085,0.14630247169476593,0.0,-3.0080739623253003,-1.1789787368816127
-1.9163282219324662,0.17565140089350267,-1.1778876564655423,-2.817104356128427,-1.506323170912358,1.0,0.034069449010892705,-2.574724680422223
0.24834127782091453,-0.43632686693363865,-1.1294108456665035,0.09422019332308994,-0.7837519485563837,1.0,-0.22712436054383178,0.31537050552440427
1.386958140441433,-0.2003888994022337,0.06056530558293495,0.7063175070838422,-0.15269128371283242,0.0,3.2372593151130395,2.6206158521682466
0.370724975591781,1.6328466192352014,-0.06112188538018198,0.5497079467961157,-1.7984488047609788,0.0,-0.20891735773085962,2.9503240878282577
-0.18470043291282867,-0.05075983620274638,-0.3845455790685971,-2.107549137407164,0.950042207927707,1.0,4.703519266328812,1.0475879737982585
-1.3970365313798612,-0.9047337586619009,-0.17806593782887756,-0.34426478017010403,0.941615255324489,0.0,-1.6994244702765733,2.306891342482335
1.445684309022137,1.3894942858052437,-0.11090660787437741,-0.09087543410601039,-1.1385733896240686,0.0,1.597821117840704,4.750037831689345
-0.5697184633342672,-0.8049202801220594,0.13600734505386128,2.187384024442769,-0.8309838668816448,0.0,2.4543291373485245,2.5082275742648674
0.5113175458433458,-1.2244158610634757,0.2162044396743329,0.7203600746368563,1.5312020695987794,0.0,1.4936257778320778,2.2279875426987092
0.16626443875583446,-0.08807027083141869,1.372736846925745,-0.6999986001732754,0.9485289434320678,1.0,3.255956081092218,2.0318548439120807
-0.0489029802729644,-0.2252682443358639,-1.7031752156367723,0.23294910889147158,0.47307201635220686,0.0,1.3862286251166318,0.2433610418949395
-0.05726495047356834,-0.7977567079823566,-0.8229693523504636,0.9355625702211168,-1.0563629764098492,1.0,1.5678481164252314,0.8263349631767428
-0.7977263048297291,-1.139180512161468,0.3245198455628339,0.619156433159188,-0.046320670937324546,0.0,-1.865900266998239,2.3367825905970143
0.23621033420859627,0.8157501483042096,-0.12667893572193958,1.0745224452041167,-0.6857594875610655,1.0,6.228205973950544,2.8416978154272283
0.4240497476094425,-0.3569855244786394,0.6890974079871589,0.3020510380675319,0.4235942232008468,1.0,1.8248087227961514,2.361344058777049
-1.9656760633181147,2.226664511775466,-1.1553258988655346,-0.6319458990283814,0.285878375139604,1.0,-6.06271950260857,-3.593483236953362
0.8391175952492637,0.2817978953847115,-1.4703009650553502,-0.5121659347214739,2.145310848966118,1.0,1.590319264655472,1.9786675836052718
1.1576357688942405,-0.5411069951101717,-0.8607148539518232,2.052819569403338,-0.8561518900683616,1.0,7.100025186254783,1.5017315420014001
-0.9387571939462541,-0.3122567881692268,0.026935124198663098,0.7539655648087172,0.5603657709381658,0.0,-0.835456382858716,2.3378968166404324
0.9424093979406668,-0.7195122499184815,0.45937110464559,-1.0590878023909787,-1.025594616486713,1.0,1.3412493329375348,0.5170493278490498
-0.1408098668535698,-0.4016547380291724,0.060587928779660453,0.18043808114920248,0.6511985860773104,1.0,2.0026744872486266,2.229602058597672
-0.08166689813601413,-0.1253987954433697,-1.105619001766513,-1.1177235271549826,0.8854349794106239,1.0,1.33991027928172,0.6863356004378789
-0.834320692973122,-0.956560350693043,0.5833272262152358,1.1266511398517889,1.210357006008053,1.0,2.831337589626191,3.197439882537579
0.44235854753179216,-0.9751012873097478,1.2736902918869129,-0.43756061000757573,1.551373856674986,0.0,0.25515530111352536,1.788790272812214
2.0718158786996086,0.05600353914798992,-1.6132881365680944,-1.3967533775758865,1.5779238266306053,1.0,5.737689360743271,1.4214008627852344
-0.11196229961490285,-0.8781427806587725,0.36846733918829805,-0.13429397355133008,-0.3457814639738,1.0,1.0537563076867666,1.480342779956883
-0.5004380242644119,-0.8192127340458137,-0.8437792807977385,3.096541606073838,0.12561884513320515,1.0,12.38859720837296,2.6039742585558603
-1.9628341157118547,-0.33176242568622405,0.08698865117057708,-0.867647036946728,2.20061821595643,1.0,0.890599101985505,2.210095124349474
-0.7426385341309975,0.19541465267828514,-0.5274592047203186,-0.10871763174234811,-1.4771305563568897,0.0,-3.357579596436775,0.38870065252626185
-1.5373135803619127,1.4889611974925765,2.3996899473402844,-1.1421675948376928,0.153844742775107,0.0,5.663706798260652,-1.3446771642782172
-0.04226843381757571,1.7182365030461308,-1.184182261091061,-1.8612398222117161,-0.6909472473827073,0.0,-0.5600037824884587,0.2742267638173616
0.7292894586923716,-1.4455308061666317,1.3253512484122336,0.15916856691958384,0.0963832175945896,1.0,-0.6000551721276345,0.6211085514749702
-0.7628275556807717,-0.7214962092790493,0.17273999792494862,-0.3749836270083611,-1.0672796290835338,1.0,-1.14508469520907,1.158571186717931
-0.1689509582832515,-1.012147363444705,1.033646156433649,0.024083908780454338,-1.596328872276281,0.0,-0.9657220539214595,0.8228442861391733
-2.037964509737057,-1.6050770396353462,0.23413126253332753,1.217794316762595,-0.2892877988549108,0.0,-0.07309391593393022,4.003604411456935
1.0974473651401457,-2.3698146356906205,-0.46211273876658554,-0.2795037679530452,-1.660793030701346,0.0,0.8688080220642588,-2.54302267978597
0.03688146656020281,0.5341687781136811,-0.16734439372275028,-0.04444928562648236,1.6995198857291105,0.0,0.06266034012580313,3.0351197262536216
-1.599978470780281,-0.7084886269359623,0.6927997212936711,0.05400144692588334,-1.4416308191543246,0.0,-3.8871790455890594,1.4013790435061513
-1.6246681048676526,0.8862957695917735,-1.1992818616710692,-1.7527354950995595,0.8940511749250458,1.0,-2.1993824687811157,-1.4750787329228272
0.8936424513178713,2.4712020909573273,0.6285461220097858,-0.38955896600941353,0.5360660965611532,1.0,11.546833211446776,6.087203190301885
0.9458884819643433,0.5360346398303136,-2.4356718470268834,0.4886383891290591,-0.21825352357665728,1.0,-0.8757729790451064,0.40433254674570274
-1.5729360699364363,-0.06463097350514431,-0.6981175288890242,1.0181780517604628,-1.1801050746514619,1.0,0.4883044655338843,0.618908144419919
-0.4253345205637489,-0.2331875294368492,1.3071994497817612,0.7890561809202413,-0.4629663802460425,1.0,2.735968373346824,1.8471211735661321
-0.24482025718438746,0.739984820381588,-1.013452524963486,-0.19359351674469522,1.9734632038243876,1.0,1.1729248142578195,1.978561437849903
-1.2131487115818764,0.5625526549002656,-0.7339733020051903,-0.22535448946880884,-0.401876730123939,1.0,-1.2523688410419571,0.054158535155295784
0.12527501219637283,0.4656517512184738,0.6189058753683478,0.697417930718593,-0.08611577699667546,0.0,2.5220811526062974,2.783415619331962
-1.272775486563124,0.4439961210218404,-0.7798734749497191,-1.3296742447354448,0.5321159355092261,0.0,1.3139971533747625,-0.057210439038768546
-2.128577453166021,-0.2611172837076244,0.3715693058064228,0.2544242935098608,-0.35699495110479756,1.0,-0.8470466476782853,1.4272190310121133
2.1310615556140844,-1.3541011310223392,-0.8299389633916657,-1.5647115081203709,2.0096112646445934,0.0,4.708373167863941,-1.0147914542309056
0.47428343193108496,0.3125986376975028,0.8111796513299766,-1.144760841924906,-0.09986922702491563,1.0,5.201047757593156,2.0136197277847887
1.1501708673951911,-0.3013206998504958,0.17490398728213669,0.13832582919190536,-1.1345003951790043,1.0,3.3042981732413437,1.6519627546702738
0.018667405630084774,0.36963260527278397,-0.655206139564458,-1.4597811099358466,-1.17923784197278,0.0,0.7582059493165616,0.3468598809233686
0.5279748116063332,-1.3382066485380053,0.18718519221366736,-0.9288199894139668,1.6752185593877735,0.0,-0.7505869204391296,1.3376685051017212
-0.19919934408441906,-1.7872718631296791,-0.4806398783907638,-0.2773115376867938,1.7191360900816026,0.0,0.2399740187499405,1.7300793749271315
-0.5641216494631497,0.181480078987514,-1.0098637402611381,-0.022437409543987683,0.5914389309387987,1.0,-1.3989655700728942,1.0178473693484318
-0.013548765078770713,-0.3919331629131942,0.6449719711719663,-0.949617866301439,0.39211353902803076,1.0,1.7082991953803996,1.6454196858208907
-1.317170811840594,-1.211117644052552,-0.41631237094942913,0.40269736183215793,0.9995510633458298,1.0,2.3059389064591747,2.738659007453337
1.107434796455012,0.5754263645487053,0.8647397189608256,2.2169852920848614,0.32426925443881577,0.0,6.924443764536239,4.830513084521968
0.89831234942829,0.23169666280369616,-0.6933152159208685,-0.5562640438489598,0.5006175702257233,1.0,2.1213204236096477,2.1677911572775495
0.05846150174152136,-0.13997027177466032,-0.13805349247184606,0.8671422801971608,0.009575446857556813,1.0,2.755638496734854,2.310880601842099
-1.4848452898782654,-0.18306136417266264,-1.593032384644752,-0.9885331698004018,-0.0853227885255419,0.0,-0.6893235410417953,-0.9178139196476849
-0.714667115567008,2.0313755585005557,-0.02913533159211756,-1.4459257105466592,0.8470567001017499,0.0,0.6205422570338712,0.8921703356710121
-1.830039909007656,-0.2686049568125017,0.4971647761112225,1.0303233441619348,-0.6273872502699633,0.0,-1.4774186525688087,1.77122410440596
1.7149024708884888,0.2580674363245294,0.7665832741784232,-0.6527563979485658,0.7623652463447148,1.0,6.780115089375595,3.5874264768848736
-0.41045835689400406,-0.34161907208141423,0.9655925094184852,1.9336402269955006,-0.9728500627321857,1.0,6.902214939247365,2.296302730027133
0.22971472498840198,-1.626151925712519,0.6341617040131472,-0.9614041908133713,0.006998721624189372,0.0,-0.9505897326630932,0.57367714651242
0.7177317693894751,-1.6462137359026157,0.5774103435420698,-0.4103423828891725,0.9008428756076244,0.0,-0.9896776105586292,0.7260535746752176
-0.5783547893052943,0.49998688491643567,0.4470155838365794,0.05249057671519281,0.5258700388750439,1.0,2.866205429728268,2.086075546612871
0.4985667691828698,-0.8430869711862449,-1.4917075933348187,1.6402650995272587,1.0321031580572844,0.0,4.797777922213758,1.0767413926308294
0.05523374392163782,1.0173327004203607,-0.24478875521612106,-1.8475072534711583,0.4618344059796069,0.0,3.1838764036165372,1.7474320567600743
-1.1230905702530374,-0.8744028200742788,0.2696830723816781,0.4704088519456131,-0.20141091289974822,1.0,1.1304946468847374,2.2164827548995607
-0.4103126124045294,-0.30308690846835834,0.2828135778180387,0.008158020204168583,-1.960428829578458,0.0,-2.6932032117199065,0.8932060922379521
-1.1161845728418067,0.3906119233521741,-0.8445192683196321,1.0681722108227032,0.8539261983034263,0.0,0.1131464782502889,1.4040990220322072
0.8438006791180955,-0.5714617753982347,-0.41252315775015036,-0.0837529751126273,0.14208860882378868,1.0,1.9718535549745804,1.392988005994874
0.4612387262494469,-1.037413556620051,0.20486884219036916,0.007929484944694979,-0.48172434488241295,1.0,0.9229145790722204,1.0780419440128322
-1.9360515132181086,1.6698492487169772,0.5730084644600593,-0.3840266532299663,0.031034902914203796,1.0,-2.119867706741405,-1.4157332361923294
0.9053922936971229,0.9849602291140197,-0.15916093924012398,-2.1718974570522867,0.9060721774944509,0.0,6.025556610507573,3.1118191665447066
-0.5817545868322791,0.20926294497736722,-1.5153386430242735,0.17721906965014797,-0.3887643638615801,1.0,-1.7986337732144129,-0.11599820668804653
0.7529787743569097,0.43492353565378206,0.8378510987693337,-1.2566504520491115,-1.4007696673461025,1.0,5.358251870916594,1.680716283538169
-0.6629504424332429,-0.8431435957336312,0.40689176808758687,1.6739181084637897,0.8035595092076934,0.0,3.014091464887552,3.166455454480925
0.32139139068859457,0.2511252114964745,0.03328935516239609,0.28946293703005377,0.10659124415639804,0.0,0.34007381920819535,2.58108551081072
0.7964599067866708,1.6350860134485308,-0.8245904483654883,0.26356522044946296,-0.10670015173278094,0.0,-0.8879808803434353,3.863048468104838
1.4072609238002491,-1.8907300242215543,-1.2393376599877104,-1.500599603137172,0.704573033355982,0.0,3.3646470859284214,-2.594744501902337
-0.5451623284907057,-2.049147090465296,0.27983391575569067,-1.205627015498712,0.11261515448700482,1.0,0.8427450568861626,1.3744754405267536
-0.796258749817816,-0.903503778923214,0.30944576920067096,1.2184379235992502,0.9412042644518366,1.0,3.422305899437907,3.0565880002204158
1.8323892230613856,-0.7322710611054707,0.11593609430419292,-0.24924514686376992,0.42844691862824624,1.0,1.705359093100639,1.3491093486491184
0.07722968625027565,-1.269082563749941,0.275561531139866,0.8109365718520202,1.359185408407528,0.0,1.4714518845647642,2.491177032566371
-0.27635550990273844,-0.4304512422041974,0.4338803978540854,0.8759852540090751,0.16970027311669653,0.0,0.6543496962146653,2.4126784447697114
-1.591773263922798,0.5484767931537373,0.4030710825809121,0.034443679920323836,-0.9101928865548284,0.0,-1.213972299385843,0.28882272384731833
-1.2014661490506058,-0.1912830326226343,0.8596223648997501,0.4328281216039077,1.4273024534709327,0.0,-0.32745576006885524,2.546045577322487
-0.9260880373563058,2.3717914570177037,2.185425149068006,0.7392875499650634,-1.0452776926453735,1.0,6.924438178975308,-0.11057379685975866
1.872462259030147,-0.4149543027650244,2.2820664685903975,-0.138138072922889,-0.5458099428490675,0.0,2.717480153220411,1.0980304613034102
-0.024574418154488634,0.35982944871863237,2.478549584520603,-0.45776960250719695,-1.6414376002987086,1.0,2.1228736869410154,0.5603332871210225
0.5584897796674525,-0.15659137276961785,0.8016337430343939,0.41320649833421985,-0.05673429800265487,1.0,4.923587649136511,2.3880812984123923
-0.8783668664585893,-0.34392106467161515,-0.015623202662908708,-3.14294417979404,0.3379739736169713,0.0,8.076243450867688,0.28052615815125836
-0.37060656532249103,0.014524189547709317,-0.7896621696548802,-0.49472605053410523,2.118385763574239,1.0,2.66635067569427,1.9376600781770146
-0.7187052973691137,-1.0394896461514238,0.9144462893131571,0.38850063801913337,-0.8111789793600461,1.0,-0.6094984542035466,1.7241025497800686
1.311090563746102,-0.318421319939093,-0.9919981410781452,2.161048755390676,-0.43139477468955406,1.0,7.870685546623549,1.9947016223498528
-0.8987226145806835,-0.23795842209691123,-0.7157049066405151,1.1409973581928226,-1.51108952157858,0.0,1.1234663726259861,0.8572504664952496
-0.906850229025715,0.004780308297526271,0.8473300873509875,-0.421478833039597,-0.340188344199714,1.0,0.7906874936932194,1.2494481152542392
-0.19920958238109807,1.3564625281232834,0.37617359009794704,-1.2732819347913,-0.01985607386607011,0.0,3.108684738696927,1.7800010572456535
-1.0713087477860745,-0.7665465791940249,0.9934699190922509,-1.29831722097153,-1.8316478530457203,0.0,-2.7980814373567773,0.3798184356191949
-2.063519964615041,0.5241787484372116,-0.8224308055254792,0.16781132418286634,-0.22077288916070115,1.0,-4.362934678761446,-0.6085781856112684
2.1605644928890855,-0.5208275666060703,0.31293837723171114,-0.6669224251708586,-0.18971587950792598,1.0,4.144169461089961,1.3741700346650239
1.0808393791301445,1.3180565245425253,-0.5818885486217193,1.411153366290672,-1.6362495220647653,1.0,7.589618861799735,4.0559891842932725
-0.12201192652216394,0.7332911619137396,-0.5274856393680903,0.7521856549933601,0.5328279795878734,0.0,2.021514658817355,2.4590087829065195
-1.8395032018242947,-0.6163170320007386,-0.14774329499863803,-0.776326294979013,0.3488036363056995,0.0,-1.7297877053703958,1.6072798576216603
-0.758729666268547,0.5805468274238749,0.6647233701763828,-0.19688874704133522,2.3410498422155612,1.0,4.846517380121261,2.6619601646046545
-0.8568574007883752,1.2277379729935434,-1.948384618692553,-0.22088202667384704,-1.2772412277774077,1.0,-6.329166155986928,-1.958489743717357
2.111022984300806,0.24473542130637246,-0.13643593102233448,-3.107573046809606,-0.82804666896387,1.0,10.581473756285199,1.649200526155547
1.4917870146483556,0.000951435501619408,0.6439597646467525,-0.5309412297290151,-0.9471945618147477,0.0,0.6343265297596437,2.130425273104566
0.8108751787021327,-0.5353638230018428,0.06478412865285267,-1.1066261017683467,1.7052028990857666,1.0,6.935900171791943,2.0332251473672227
-1.4618361104314084,-0.1500657978019446,0.6248777940589679,0.3014677852766011,0.32352174640746106,1.0,2.1135228270704167,1.8493889267347141
0.12202857833427679,-1.4962646840733318,2.5488799656913095,0.6489953228002393,-0.241476377182175,1.0,-2.029285792787433,0.7790659607483814
-0.32823529653947126,0.5874624562440895,-1.4473296931514312,0.1864603718041874,-0.06349778601059893,0.0,-0.9761442167654886,0.3977572975333992
-0.9441111339866235,0.29154209581103524,1.2158044902230214,1.0522626112604703,-0.910526962218734,1.0,1.9009762074739203,1.424820122678076
0.4318556777423294,-0.2956042791987151,-1.3580627803466647,-0.35060568876241255,0.14272510021572993,1.0,0.08511668680701057,0.3686282391035451
-0.7304884838875044,0.2542097997964426,-0.9690421254226964,0.3262799489624241,0.03750353627590277,1.0,-1.2375916953600965,0.8396234153753084
0.5506630230016765,0.05927743189513026,-1.36021284638145,0.6883134124715362,0.6920060565407427,0.0,0.40116590123782914,1.5566959548181503
-0.09370935067221892,-0.3552483410173566,2.3192978814150584,1.9838507891984791,1.1627350953299866,1.0,7.503834721928901,2.8612115291172575
-0.7393822320613476,-0.6109075990146734,1.0727670074743543,0.17260556557517545,0.9789390440429128,1.0,2.4480231685037626,2.3664002909311996
0.6569089805655959,0.7638685809806134,-0.3670253694531419,0.7914018191652761,-1.533434625870444,1.0,2.7330024439487386,2.5910507150297155
0.3378225801140581,-1.1410535610061097,0.866697941982594,-0.656396769432068,-2.3673371848313485,1.0,-2.116876765484959,-0.2182602689239621
1.712182298014544,-1.6997091456925584,-0.6107798848551217,-1.2318157642402567,-2.2275784015157303,1.0,-0.14305170251694466,-3.1198613622014437
0.5832305731708693,1.97369087428839,-0.1006768460573712,2.951012415198048,0.8332084508360732,1.0,17.571605700873643,6.266285959104135
1.1449513283347716,1.4375612518593506,-0.800491525823246,-2.406645776916599,0.4007737321716513,0.0,4.9560561450571825,3.230366195848803
1.1871794580315125,0.0931143018379547,1.016778262984803,1.3615222930487207,0.037836917697777195,1.0,7.006321291121237,3.484867501489647
0.006013195665624527,-0.811420180361715,-0.6557656700357167,1.210711090995716,-1.6427166020994928,1.0,2.742232308348681,0.8411129694758896
-1.564299916161735,0.3005379146377024,-2.1630536418478226,1.0070953471539046,-1.0188256093345869,0.0,-1.6906454521609833,-1.7476396862101338
0.8034631690804162,-0.07470913567303006,-1.7131453993622714,0.6535816277763358,-1.1299110381841324,1.0,0.48904470320529697,0.06774475618329212
0.083347249131028,-0.8597128343617446,-0.026901727440927496,-0.0983513453988544,1.3424332616768433,0.0,3.006153787596708,2.14839077236905
1.0802437701062937,-1.54058356404889,1.4199029701505164,-0.899336858121023,-0.8444924824128743,1.0,-0.8615539754092785,-0.9060174816188467
0.4151824794848522,0.7496665591530165,-0.2616846149415243,0.25352600542084364,-0.7915649765447537,0.0,-1.1079378446860566,2.4597666724306837
0.6164833753926638,0.8053653958797035,-0.31991298540023316,1.5730380613508594,1.350074095250326,1.0,9.012835323099933,4.458281135285219
1.1027043300136004,0.5179982958633701,0.572168818784579,1.0396297198321525,-0.23946773344248626,1.0,8.79209746577854,3.908444311213977
1.2440395558617479,-0.3049820810172516,-0.24395609621950498,-1.048616057193364,-0.12113105473295777,1.0,1.9492271104068177,1.353657362529618
-0.629607937416481,0.5913143756809756,-0.07945123136014264,1.1222433360222512,-1.3377633669921456,0.0,0.6506062059809183,1.4579167744164199
1.1244348983954295,0.16544121148596905,-0.6409726675324763,2.4405473100583652,-0.7734257697060488,1.0,10.14403651848851,3.1455548691135897
0.36418865053076754,1.212634053104607,1.1342506366542957,0.04385197341039549,-0.42998274463536035,1.0,7.186578553163747,3.02691048140393
1.2712912307778454,0.8926733531007458,0.42435197860199875,0.5105356742982831,-0.7462666413013164,0.0,1.8842552641618158,4.222446337822525
0.5751332785268692,-0.9973083828904807,-1.3142952156415464,0.26447079686681085,-0.18800021583566873,1.0,0.848610888993831,-0.14988741538304967
0.8183703889503006,-0.31917926568215665,0.9364803625674383,0.9172579968250208,-1.13938915598463,1.0,3.2408918322163642,1.93818998132038
2.0495860756686337,0.42258194083686296,1.2515091325598062,-0.3272167532568719,1.388617872782844,0.0,3.642961357104831,4.572547056344666
-1.1185792921194473,0.25300013391484083,-1.5694174584572698,-0.7548398693378922,0.4244140910160651,0.0,-2.4163771775823504,-0.6643330402917482
1.515125683846663,-1.2805008211674922,0.6228006436117474,0.13473414143507367,-0.2431384852889243,1.0,-1.733481367531224,0.24663889339184442
1.2660513081007554,-0.6473783363793781,1.3122492174788012,-0.9942048698306205,-0.9313101069255935,1.0,1.0700069867894306,0.438765638668146
-0.35765693290167716,0.7497499387865562,-0.06019267768196419,0.1833988502958354,-1.09870500759763,0.0,0.3467493833252312,1.438332789581504
-0.40027285340383445,0.1552903309174919,-1.2960354085784478,-0.29572147756833317,0.04462699156611819,1.0,-0.5516816411795784,0.31310211846882363
0.9970021288157632,-0.585028278165461,0.08262113264425312,-0.7991559925090205,0.6304526121658919,1.0,4.094195009110417,1.5762601780771488
0.19503852187988927,0.20739806863422092,-0.3001265238376618,0.5236267212974013,0.9548167039978018,1.0,3.88545470025133,2.786126449861393
-0.24582908007118853,1.0807755166488942,-0.6420457221699002,-2.415959946616482,-1.0855884250301457,0.0,2.6981172328586975,-0.11913749523485428
-0.9589765672320768,-0.8272997526063651,-1.8322466834907708e-05,-0.05635885246117745,0.7606906916537287,0.0,-0.32276263247840253,2.2523796751021794
0.5663906676709902,-0.6539348537392148,-0.711075315987657,0.4782142177196358,0.9800881055548686,0.0,0.8855086988326374,1.7171193225883685
0.2183736560581548,0.0417795369949349,0.7826338321478791,1.5190925877669221,0.7223540405812614,0.0,5.18440605945863,3.3602991313995374
0.6504481404912524,2.3338487104982715,0.3229467036517975,0.8283237691968101,-2.4630272957893315,1.0,6.873303465672908,4.302621931814678
-0.6721870542546535,1.1394710007134643,0.452766960912818,-0.11508183733185065,-0.3313538616900997,1.0,1.5413504909404994,1.3701100731117064
-0.9208339426115314,0.028638488760471755,-1.0257062551770213,0.12628074674068487,1.7414868091259197,0.0,-0.7287409228892197,1.4670567420035672
0.25905170692725815,-1.255439027705655,0.40897991174809967,-1.231795149429327,1.299977230957859,1.0,1.5808723055434921,1.3326906754487597
0.4050068490798119,-1.1446960558626513,0.4722449062998825,0.31344944632784866,-1.8722852003087538,1.0,0.09049384611418454,0.5137995852284056
-0.9264201164041362,-0.8609991308548107,0.5233763501307311,1.5615218210262969,0.9150592925873445,1.0,3.9279513851601147,3.2700526183679166
-0.3829335240083016,-0.9107841978887062,-0.3621359049971616,1.2732174822711146,0.9865923056148201,0.0,2.3248039734114614,2.5858901481372634
-1.3185604876799892,0.27907606686170267,1.2749208929845373,-0.5499395743254334,0.9035672246611185,1.0,0.732927261071572,1.218130741982624
-2.7187945050877818,0.10545859040512205,-1.2159606302792219,-0.9297326234818915,-0.5705951080560301,0.0,-0.6764006946932499,-1.6040960723980628
0.4076216451490686,0.30523076593503495,-0.7193779034699496,1.1559194881258403,0.7227160962238633,0.0,2.3291969013832454,2.812689497497374
0.5109449823970214,1.6164296254485666,-0.41978127105671065,0.7441890422126098,0.5067759449666396,0.0,1.333888709435636,4.218363875987355
0.5672848867187915,-0.04349502328064756,1.1950493251254861,-0.295167616822854,-0.773182352182924,0.0,-0.8699100216391398,1.6675380580005674
0.8993869328260765,-0.05075241423716447,0.03530002961585918,-1.925862665979812,0.48709383197711403,1.0,7.066936846877195,1.6763138175763563
0.9452282704489118,-0.560229712465679,0.8628074359371156,-2.797304633436221,0.5167894810302587,0.0,6.693002995460877,0.604407763946934
0.43851702200436143,0.2311309400847457,-0.8246397619552934,0.7111114827978523,0.8123988281851261,1.0,2.2071159913056144,2.4644356407437042
-1.1437164322369897,0.6705860905736234,-0.31901614980342824,0.9950608334304685,-1.1550555798315565,0.0,0.7678261287559449,0.7065134950409583
-0.880402571281264,-0.46884204232770177,-0.06970364363855674,-0.803964575268837,-0.6321779858531458,1.0,-0.9613281184113693,0.9827960148600352
-1.2794387091629085,-0.014482270689070074,-0.8206696638465593,1.4099883538825744,-2.7533499289411765,1.0,0.0649070287455803,-0.02871549923785144
-0.23427179788285474,-0.1556426940607327,-1.304795814256023,2.1697691106114827,0.11798250044462524,0.0,5.600080055269311,1.5958580702410243
-1.8784165131705992,1.480173814924912,0.6510328788383876,-1.3361327988201968,-0.612880512493899,0.0,2.847788136844751,-1.833036211896402
-0.7236747006547835,-0.13025739502335737,-0.874496007887221,-1.057291768831471,0.6968168050514838,0.0,-0.6608994768725328,0.6911960602880365
0.7944438423186093,1.2415213244656838,-1.809024038111543,0.5090345571289541,-1.2562735645381116,1.0,-2.1283954723005167,1.4901892692457377
-1.9324563284597167,-0.6439002663801109,1.1300348369059219,-0.8737697504393609,-1.0861194393564177,0.0,-1.328032109157042,0.9678319715472088
1.4324486101461151,-0.946221403599006,0.44297582624545795,-0.3936963216913404,-0.2657107045825572,0.0,-0.3686034552373363,0.6829646060048913
-1.3271065746790054,-1.3176671889468656,0.14050281516769128,0.8999937846411256,1.5425922341095586,0.0,-1.5331538157601796,3.707988031482712
0.7539531146810305,0.12872717313099039,-1.4816155044171484,-0.6730159772262341,-0.2569940500321475,1.0,1.3204266040434387,0.4216442881354073
1.1950212225547436,-1.4757866562841093,0.5726459585538767,-2.432155551623908,-0.5641452775477117,0.0,3.303465526654003,-1.2753363407164513
-1.7918671223391915,-0.09394785820033297,1.5320067689474959,-0.4395499844745923,-0.7962875667280741,1.0,-1.0276192409461766,0.4122990281844242
-0.6335025655189702,-0.09752004297326874,0.32991067463638746,-0.6614455551534607,0.829865285676413,0.0,-0.8966858303537142,1.8915043807620766
-1.8118785600991771,0.3606199193113783,-1.290028968014993,0.023410358027803297,-0.4614412830085618,1.0,-4.197393911601616,-0.9659657255810132
0.003149282516344944,-1.2839610252219653,-1.3597966755963422,1.1559131816157617,0.04542223082714744,0.0,1.1159327726329649,0.4857574263642229
-0.521825972607265,-0.024727248891529607,-0.7918795161045029,-0.1727099797684684,-2.3784959213734247,1.0,-1.2474388537075567,-0.2294070458418137
-0.37987868971358324,-0.8857520443014483,-0.5757474445966199,0.40158358487425466,0.9342494546166119,1.0,2.7199380928932135,1.9224913381055142
-0.16825095623477165,-0.006743759489607808,-0.9654161850188251,0.9467946224470601,1.6232631626552243,0.0,1.828346424734049,2.2850327887266006
-1.2770295004840275,0.24937945058729968,0.8815000323748584,-0.9577725401293955,0.8921984568369327,0.0,0.13139613903593586,1.211667328913747
-0.9824833690721165,0.3533906818742258,0.2442234083514043,0.5497798824160329,0.6201675154200232,0.0,-0.7576970983020412,2.0156639913958783
1.2672052760063401,-0.28596542154997223,0.07858453419941067,-1.6976745194961964,-1.3109553524581625,1.0,3.7368547517970216,0.6601341916207435
-1.0466307897494027,-0.8065632226849758,-0.9874507836236633,-0.1408334217943399,-0.3654442445129392,1.0,-2.4176023436377028,0.7215319581172401
-0.20375867268034475,0.2697767656853599,1.0058492233569725,-0.6125251424863402,0.7286619915161822,1.0,3.415862764292463,2.0744038664286837
1.364200880928698,-0.23805294857132536,0.22321910202158882,0.6915814987436386,0.5904465611267558,0.0,3.2775756551319084,2.966135395677287
0.7113851087326258,-1.1312915326861568,-0.3161522136711835,0.6850432319738952,1.1899465229936932,1.0,4.172572594244433,1.7151203817657015
1.3418193093662807,-0.09602671444917148,-0.20983768416984386,1.0926837227920516,1.324238191359622,0.0,5.253698948631782,3.575652650968456
-1.5713014175826503,0.5862241386643279,0.851117243933096,-0.5675338578340938,1.0548071779857433,1.0,1.110130246416951,0.9146651931570303
-0.3018920830611041,0.5247823154502409,-0.09443453022548189,-1.7398266141580552,0.09694083203008594,0.0,0.20040641103639256,1.0799017061099645
1.155725846331977,0.4003135512105136,0.8299682883143084,0.16799839205794348,0.4486307142031462,1.0,6.420190301053844,3.638870274609502
0.9188818709019716,-1.0364303652095173,0.45047631934419924,1.7896050837275908,1.2562129393252062,0.0,4.335585516635466,2.637255668717174
1.3105603644555428,-1.0250729510408692,-1.435891360817362,-0.15269229615547344,0.3643809911634795,1.0,0.5854454492602487,-0.6782814654466359
1.2134045568169198,-1.4976056004553242,0.5406671743369159,-0.00042676841027424893,-0.8623057911574553,1.0,-0.019153850877830392,-0.26296920218400444
0.12395713261297676,0.7333871045246612,0.9198466799246886,-0.4948246668739313,-1.4711561561943005,0.0,-0.04037409761430255,1.6024557407920237
-0.6774361092332554,-1.249345778723277,0.4019487600382535,-0.7146107643062705,-1.2063171610455374,1.0,-2.891777531007071,1.043771779429494
2.1462163369382607,0.08118632832969,-0.029140713039214332,0.26423459202052574,-0.40573832095125867,1.0,3.1883605386914384,3.202197975313342
-0.3126599125422979,3.5883531163617426,-0.3557741508142183,1.5510023251682765,-0.627969949072504,0.0,2.065323175465821,2.736918663529718
0.32931624029132567,-1.3000513902374893,-1.2243252671903415,-2.418016259137973,1.2632972343185715,1.0,4.218922226582306,-0.7634370680963232
-1.6022633550495666,1.438997561588994,0.07417188479062198,0.041741799941125264,0.9247996325053396,1.0,0.20434812139096326,0.13032122756041087
0.5259193704520242,0.28887702235729695,0.20235650996730384,0.1788242060585196,0.926203808431574,1.0,4.947051159856613,3.192612171164069
-1.2551741325883274,1.5541607995425692,0.5350929513010149,-0.7178169760882628,-1.3125989098985922,1.0,-0.5876625847436217,-0.6886893321638632
1.0857244369496033,1.4534049652007024,0.45573575003327726,-1.5215961710752235,0.8977442483311191,0.0,5.73499566249572,4.661441352890794
-1.1515469529550777,0.36471430567349056,-1.6000139954702082,-0.20130803467777159,1.6766003221986785,0.0,-0.30043206943651923,0.09502366318611011
-0.8310336031527873,-0.5684629326348342,-1.3104843549782632,-1.27591982437647,1.0003711153677677,0.0,-0.8265721038992077,0.2370290250929885
1.0202495764294968,1.7080704159060058,0.17669612373032673,-0.5637226997650383,-1.4257952760303294,0.0,0.9792879911122806,4.184837002129902
-0.18663892472970864,-0.9516318555149847,-0.13298594195629942,-0.7530226012232087,1.425290578588196,1.0,1.3627951538344143,1.8692875677934566
0.4199271555823976,-0.9310162047232657,0.1371025250709368,1.0340127996582817,0.5484334200320115,1.0,3.664114867228451,2.2038870228752714
0.8082646749241152,0.040930407421299816,-0.6301267016074181,-0.06439072449649685,-0.8887149756036555,0.0,0.7760238753232072,1.4740167990065762
1.8092589682605067,0.9827164529986244,-1.4195870385473797,0.04517768727850176,-0.30547166393580216,1.0,3.0802715190042163,3.4846694910308336
1.1235113686142408,1.4207505158039888,-0.429925191295082,1.1197215077257796,-1.615957397838286,1.0,7.545393491703014,4.31427669067191
-1.5998684271860126,0.4646522533376888,-0.11994081652052128,-2.0838459735679247,0.46367173546740337,1.0,2.669125180281572,-0.1882323648704104
-1.1674865463134747,-0.04546036564722191,0.19082741030644473,-0.6797142148507754,-0.06496710811225904,1.0,-2.5812515873779995,1.1515215881700445
-0.13968367632719578,-1.099609770654763,0.18386418926683243,0.3719807234914217,0.7288245816517586,1.0,3.215343974878559,2.1594301040105472
-0.09758346356733794,-0.25478491881094806,0.6379451591751127,-1.464772561283889,0.07146948723461714,0.0,3.057464797185549,1.2743208514378752
0.5990557434855004,0.6667491869288457,-0.3791693298840319,0.78396138580494,-0.17853097768303233,1.0,3.101762327114976,3.0744253619152984
0.21182441153430503,-0.1019206794653471,-0.8527266935869838,-0.09060349215890633,-1.6295580012130855,1.0,0.3126647414144881,0.4048506681257861
0.06348597076907009,-2.24004133161581,-1.1508893841206382,-0.18483975771953773,0.7640717951515368,1.0,1.19525030543955,-0.10864207058895131
0.11634189807671212,0.5311665454792704,0.5592682812511272,0.1242160389279213,0.2835171653316019,1.0,4.827254654611889,2.716695451692713
-0.31389457575102636,0.9364438698225486,0.2905222355441422,-0.3865481993232668,-2.463210156872812,0.0,-1.1686393675036246,0.6958063459098975
-2.6491557714949137,-1.5326278806660618,0.6215864354158003,-0.8421646590226565,-0.20734225672575632,1.0,1.047932310868414,3.568273587491194
-0.743361527342079,0.18748957727311288,-1.9736363197613174,-0.964938121617333,-0.8626603322925263,0.0,-1.92572052406907,-1.7099584754920167
2.312884063554506,-1.5357901675975714,-1.1257246019806797,1.8347040503488594,0.5659718776236611,1.0,5.1708261807344025,-1.0955593738498344
-0.8580413191425079,-0.4982071541025932,0.6031786402118029,1.1242875872812932,-2.9751997427284986,0.0,-1.9026110961234735,0.949027982642652
0.8022384577910145,-0.35996080596431546,-0.48445990940238687,0.38553868596066165,1.0678055420427417,1.0,4.35335099952845,2.3017331981907
-0.816813669501562,0.5720195618708671,-2.5070035332950042,0.2626292772657599,0.31692097323859714,0.0,-2.6458245165228904,-1.358672445680972
1.411269198556659,1.2785840995437663,-0.5203446729400197,-0.857743391314374,-0.751020738323196,1.0,5.981698396132067,3.9524464722067147
-0.3281561276977828,1.666966365993637,0.0658013414246428,0.09074095976316887,-0.05429500428988626,0.0,0.7905964413585215,2.1713394126885683
-0.6868931723203413,0.30059798248633607,1.1288721877646586,0.2626824266887935,1.1890842361493796,0.0,1.8731614121198827,2.318372672101006
-0.29286544759243094,0.5325185849143149,0.02032692942104441,-0.3756831429209507,1.2066109424204643,0.0,1.2760222759646649,2.389291054482438
0.0019461597155122313,1.021790882253452,-0.1655318420332378,0.829572702002652,1.1100535359556176,0.0,0.4965113239718042,3.387235146749359
0.5773195419013926,0.616550719596621,0.3132296026005929,0.3649045361179018,0.4266356138571332,0.0,2.1159634515212855,3.4566101728923364
0.19928294403465455,-1.1107360567590503,-1.600428155403833,0.705492183846309,-0.941875602574686,1.0,0.39090331366129843,-0.6251105873161886
-0.23867732700738362,-0.3497300533813714,-0.4840618983885094,-0.06602741901608457,0.008121787825401695,0.0,0.7359106232855637,1.4033970899166432
0.6989549407478125,0.4073199191307545,-0.07529800837019783,0.2701276242987022,0.359044527534998,1.0,4.639830513684137,3.111939215765404
1.2255160176212205,0.1379633928967674,0.36159850606955546,-0.2665999569547794,-0.8326159550531472,1.0,1.686852648856727,2.4173398658362153
-0.527244584625184,0.8660721120078487,-0.18350948321942723,-1.6359460202679437,0.9733564429465267,0.0,0.5004305510440037,1.2729417365283617
-1.7667188305994044,1.7695870807659229,0.7505584619064677,-0.0062406835845299265,0.01735928657826392,1.0,1.1160895490632887,-1.0127820749285115
-1.3057083540883139,-0.4193261436068336,-1.289805024114239,-0.09413901473588324,-1.4120529689572339,0.0,-0.05075076128343836,-0.4356898945005462
-0.9133720873086839,-0.4920726064485095,0.6189489251354282,-0.832065270515731,-0.10664897189198133,0.0,-1.430186951512675,1.4013290965778422
-0.9792960097320947,-0.18168334509116893,0.3417545276941326,1.7312447572575165,0.4378101101946427,0.0,2.8750438549124095,2.795004897461567
-0.006677242590695741,1.7262365507673454,0.31160798397560663,-0.29080797874310227,0.46353321190851493,1.0,5.932038301975027,3.0422615719560038
0.5169368509923924,0.23450963231702868,-1.356340467944779,-0.3073247434469708,-0.5188251486700509,1.0,-0.13922343007750282,0.6185205161646479
-1.8091329490610668,0.030336745175007895,0.1477634210714512,0.9964684679247544,0.3972878172198311,1.0,0.7371125076068056,1.81558138068073
-1.2302975052533287,1.1180914085456855,1.6680087011617872,-0.1852474589219222,-1.5117088380865518,0.0,0.26475479648621414,-0.543221250083751
1.6733984140048954,2.16439569788194,-0.03584234563178336,-0.02020920746504663,1.157551220926397,0.0,2.051586767309725,8.09090094986583
0.5997315118805724,-0.08237053947304937,0.509067326460528,-1.7399694865182587,0.688894225208294,0.0,2.6111989274316016,1.8114757485954947
-0.61865304622798,0.21228990717099047,-1.0119688505587672,-1.7207326240123584,-1.992668380342025,1.0,-1.1249826586934077,-1.1670078884836013
1.4926169698331935,1.4340582810698355,-0.5606401216879076,0.846180691206912,-0.38883152755609285,0.0,3.1691044267889246,5.399106786134825
-1.5894703019534866,-0.4687990960841852,1.4017629520379677,-0.9153446538417319,-1.0180969684997343,0.0,-1.062574832949295,0.6183977856993687
2.336187154769528,0.018789710446111697,1.7532020877757155,0.13944610370297142,1.0093635585746672,0.0,3.7875230419750046,3.4909946419937397
-0.21581958881484928,3.056310974248633,-0.45335647989200534,-0.24922071670358062,0.6560758956479522,1.0,4.2868116777350185,2.6363653443209087
1.337983944526099,1.025581981030596,0.00846283589776309,-1.5572454813051761,0.2713170958123345,1.0,7.514865135033639,3.9152266028130227
0.6419563969772683,-0.7983005801171374,-0.3321809419256106,0.0785527531737384,1.3003944461660952,1.0,3.9140816500147144,1.8780702481546814
1.1125364974086702,-0.6305657000267524,-1.1151640544631551,-0.6426280696987392,0.7003271210576515,0.0,0.9261345441896114,0.4507557133662909
-0.0884110469537972,2.0810628692927446,-0.7948615781601299,0.8711782965667363,-0.05077733180018165,0.0,0.7374738624112241,2.5254902310672365
0.821200323900737,-0.8979918827959769,-0.2117225997138461,2.467910259145434,0.46474931117616564,1.0,11.0291030973621,2.562311851702337
-0.34717181190448315,-1.902998909445767,-0.3807978418659227,0.23020865495258752,-0.9087508484175001,0.0,-1.139742267702633,0.9342806052609969
-0.7631016296278833,-0.5975197505615109,0.13631750661045094,0.5849726599936298,0.028639359837376362,0.0,-1.301030790968598,2.1413455161308925
0.07563345010519266,-0.6720063740026061,0.7015431116042905,-0.75070083005242,-1.5428201727784745,1.0,0.8452775586951708,0.618845609151228
0.5183106786812418,-1.4439702951894147,0.06010042957766168,-0.49429470758854044,-0.16123406888889322,0.0,0.7507666594151216,0.48922530734224245
-2.076995697085294,-0.9567816315127873,-1.3027388563656743,0.6554604986506749,0.2513610819866468,0.0,-1.7419591068503315,1.537242810694817
-1.1018217738055178,-1.1489383058365261,0.5563634063004024,-0.2134561150476928,0.0017979657620184877,1.0,-0.6452121929375347,2.162079043563253
0.007186573477145991,-0.19014497206266404,2.191130969848858,1.5701429775573177,-0.5464497116894339,1.0,4.227011999979711,1.933258940981955
0.05981089559281174,-2.138086911326597,0.6540103193390715,-0.665057389375705,-0.06152701401556101,1.0,-0.8165226131624593,0.5903444698286631
-0.23489307728993158,-1.2329307294056924,0.6778020957729637,0.41752232103216885,-0.9718129282932123,1.0,-0.862688108812128,1.3964036003654325
1.0434573799896778,1.8255192742636444,-0.6597092214224517,0.09524343030279568,-1.211832554228985,1.0,3.3856556438935574,4.241361192839298
-1.774099625670251,-1.4708180205648822,-0.45954836327784465,1.0274295210161533,0.7099593564735819,1.0,2.7588463914609047,3.5220920431016625
1.6522877110830534,-1.29934227290192,0.9121997190287963,0.25898474832159135,-0.900598271204652,0.0,-0.009400963407629026,-0.2231138732380129
-1.302223211217558,0.24210174698767156,0.7310432797472871,-0.03486712388142574,0.04020817400977705,1.0,-0.4182176105942813,1.2673391837699783
-0.2752819543690327,-2.8344522785367454,-0.5251719146312956,0.020139040604795565,-0.7356324761314483,0.0,-0.6276569748431562,0.4703115342567874
0.2505993988505839,2.386661968258111,0.5698012514833874,0.8373065096376249,-0.5498352000241394,1.0,7.145162275688436,4.18737122821063
-1.9818031831425245,0.13652972381460368,0.47415392434435133,-0.4777077048552798,0.5601066052622112,0.0,-1.6198718301313755,0.9747439876684658
0.53326685292747,0.0706615669201522,1.678588204605266,1.1028973658168073,-0.12597163738155348,1.0,6.3780280042858895,2.5598193893818055
-0.05180947569988739,-1.4659156428747673,0.8408377653545525,0.4022865320379878,1.2083907130448135,1.0,2.1719483253626866,2.209682022286177
0.07420995730771891,0.11365957335420544,-0.16277747387272154,-0.7831040351645261,0.9312232005025778,0.0,-1.1980076581937336,2.0818212570266654
-0.06473016593064325,-0.05198713844925367,-1.0386308420844683,-0.9839272529634452,0.72413356014791,0.0,1.0436133799761054,0.8031947664176142
-0.0986725058659831,-0.15032026183906472,1.095592685521114,-0.7172596436897701,0.1145592631778291,0.0,1.63173963366581,1.594301779967595
0.3102076627677662,0.17449323333227218,0.36917043969026614,-0.5006350816852986,-2.3944238825734923,0.0,-0.9295665302955576,0.9661623304279452
-0.7236554540275968,1.2119775496941314,-1.1080570545084778,-0.8990561651404125,-0.13438008632322657,0.0,-1.2740024283449318,-0.2572387990847019
-1.6166964383714926,-0.21114126042976575,-1.316951764983484,-1.4962800429000267,1.1408716690092127,1.0,-1.3800481300085772,-0.1576204297285937
1.0358796170766669,-0.0563730044763182,0.24394332676474245,0.7105610383140584,-1.9256765957692767,1.0,3.7567435058846645,1.916164630758529
0.9221346495409904,0.8931718808633806,-0.21166067317853754,-0.427652074395471,0.20968616198348664,1.0,3.6582601528078285,3.4941480942417056
1.3527653920571172,0.8523585682025833,-0.06556327978602093,-0.18050454656788092,0.9645567850953725,0.0,1.798989735363735,4.61269913014484
-0.31909883720021565,1.2498159142988634,-0.05654263460837158,1.0757070445947656,-1.3984530219893283,1.0,4.565468287911029,1.875301318656719
1.2090908271491494,1.1514095437987293,-1.4402152642606543,-0.16551879550063134,-1.3217211980721781,1.0,0.6217904871166974,2.238891554425906
-1.040746123186958,-1.017955023593353,0.16336190062750372,0.6144780563698338,-0.35227848866714595,0.0,-2.5937872771243815,2.229548998562558
2.7843574104263653,-0.47646219774379955,0.40750599057963593,0.7767315049499484,0.36362608593068135,0.0,2.85105814566739,2.519350450918142
2.5205720102148983,1.921204620810617,-0.07239472174809995,2.0810801785728343,-0.9798207736706849,0.0,7.830690745175752,9.575235896633647
-0.3665859001695487,-0.28384892029990416,-0.31519601192097696,-0.8147933152437601,0.22853480580581945,1.0,0.565988074815382,1.2788459739737577
-0.2819633795784258,1.0338664753148752,0.5756559901209732,0.4215835744811611,-0.2597179344713224,0.0,-0.913444420311752,2.2920352491552394
0.979758462389046,0.16543425406095277,-0.41996047607104603,-1.02573056127379,0.7599758228668148,0.0,-0.4579356150645384,2.304929417265521
-0.04151396509585068,-0.38850591284149055,-0.04331401200438098,2.286719562303351,0.038548945987726714,0.0,6.253999647063178,2.941157824909651
-0.8733802541690154,-0.6048405193113767,-0.25953647351853715,1.2627622934972498,1.1945701401234918,0.0,1.7415290189554566,2.854552397754986
0.0320963497255003,1.1074976341358445,1.15983964167435,-0.24706813196834163,-1.5860262967377003,1.0,2.58910583460155,1.6682027710828644
-1.498267025662414,-1.224412538304244,-1.5468402773625454,-0.11236381423345639,1.4001763228451594,0.0,-1.545913323452562,1.3675970237228137
0.4240201887362543,-0.7119905567996389,1.7187602703229543,-0.1823344195188803,1.1008425164651146,0.0,0.22620057686202052,1.7253259989679544
-0.6251751324462753,-1.8106891361577284,-1.8987016243914543,-1.3464629422476257,0.17078585613921735,0.0,2.2550691315223985,-0.9451843107946064
0.751221856178538,1.8980254056425754,-1.1913520787578962,-0.9415028457559709,0.07121425361189537,0.0,0.9016237352009119,3.090045768724477
-0.7080580762972719,1.5477875414753315,0.7782735188730061,0.6145065534552663,-0.9057488124661527,1.0,3.339222272703733,1.2795835699166025
-0.573197329431381,1.0048092940731732,2.0152929541707114,-0.08894934335269197,-0.7501097070343281,0.0,2.1536302732914634,0.7979654539768979
-0.03334846511585556,-0.34173458233653087,2.5207239931707894,-1.9912050718187109,-0.4671315057407166,0.0,2.2013960920993325,0.0416750804619086
0.35316388196716075,-1.702117477238122,0.6536957411880767,-1.1934773109232046,-0.6828488242710582,1.0,-0.6398670243600922,-0.09307665580002589
-1.4960248363443278,1.3763338181827642,-0.03712439232131729,0.48693213115083056,0.1442540925006962,1.0,-1.500094450172737,0.17746680037152984
-0.04416364291538498,-0.5162369342347575,1.0178412058420643,0.780542481254693,-1.5830279166374104,1.0,0.5256867013223135,1.3754807563755955
0.5542307459173386,-1.1274040612137546,-1.4583725231593714,1.1132195257220763,-1.5784380582756874,0.0,1.7562004842100287,-0.7610370488833167
-0.89661002425987,-0.38851621312121987,0.4960047768103361,-0.7392033444602846,0.9805324899958285,0.0,-0.6337375457998006,1.9539423386857075
0.991730843886561,-1.8633605961650785,-0.5574855821330741,0.4509766384108917,1.5912464036661431,0.0,3.690950004983729,0.30718973270782646
-2.017363347752624,-0.3372476128437607,0.08638966844543788,1.2763675640350978,-0.3545022935151073,1.0,1.4248341542164484,2.003443695259026
1.4423267900263381,-1.0858009049084638,0.755697648328702,-0.11453792694825854,-0.1261095000358605,1.0,0.8646267355923317,0.5975015949443372
0.6592281698616169,-0.7707944532999308,-0.19357809755314095,-0.26559851513771066,0.5513364894543925,1.0,-0.026042454194215914,1.46348957469699
-1.2609497661293092,0.06723229743874942,0.02248533644644255,0.8517571043534663,0.4146584465337471,0.0,-1.5988128358195262,1.9625623750629868
-1.2757461131040397,0.31616374291336163,0.15552490502113755,-2.4755095623324315,-0.6836946495851511,0.0,3.9409349209775684,-0.39704514489210263
1.050333093977156,-0.6320064489561842,-0.24783396153297274,-0.28657481490457526,1.0301052562813378,1.0,2.379694815887693,1.7626403083376787
0.34055413677589447,0.14843026401450587,0.7853476585287037,-0.8667665222437324,-0.9648119541996157,0.0,0.7207809693495393,1.4790678244906372
0.28020019509836114,-0.5039906250672493,-0.7916114726647816,0.7640705485058317,0.9314756606481717,0.0,1.7077429831066586,1.901553569167319
-0.14530337613452285,-0.3375862212851546,0.5222879647962977,0.36803532138675354,-1.5589377355574505,1.0,0.5753139173248937,1.3399804592768159
0.32019477306288485,-0.03626666799368532,-0.5969296027436161,-1.3179305303677162,1.1552748290981507,0.0,2.8085789485996795,1.5776244015304726
-1.6000260032116187,0.4744555168825815,0.34195459780199156,0.964322185826249,-0.24554426481345618,1.0,0.9334202935270033,1.150540883795471
1.4916933231560556,-0.4037767898422186,-0.11013052916487603,2.8642216803141136,0.9095779422430388,0.0,12.151463583916104,3.767423432119397
0.4417343807470141,0.7868168518142579,-0.7716136679028596,0.4271817052662956,-0.3014759348410971,1.0,2.9796449936082863,2.3556721266548797
2.042827888698226,-2.2159332769688747,0.6538165479932799,-0.6130794071544617,2.183391399997126,0.0,0.5236814164483297,-1.7074904380965128
1.2545194428779947,1.7668786095240805,-0.9192703166211057,0.6523590866837545,-0.5062401667309631,0.0,1.0620887171461435,4.947107429309606
0.5038560971140027,-1.1354958590916786,-0.8695980645676105,-0.15542380762062472,1.3611330484753612,1.0,1.1606400952709774,0.9252429013306628
0.3456303849612171,0.1967705921797245,-0.930754342269796,0.9712037856263701,-0.5832232250097972,1.0,1.5566523101009704,1.6650526097135079
-0.8442449879770816,1.5321241991767431,-2.0103159519591025,0.11872200430338678,-0.16442305953464031,1.0,-5.573652555849898,-1.403061870114883
0.3191196432788032,-0.40236761761810885,-0.6774970477297174,-0.6613977419757008,2.579253799932115,0.0,2.98220129248529,2.229296227721231
1.976411959169601,-0.8701036966224662,0.5604943772624694,-0.6295236684113829,-0.3788454066870766,0.0,0.3051321781648848,0.456525831740642
0.13262471614808208,1.8500755902812394,0.6143283743829351,0.9424016772642358,-0.5174289733944363,0.0,4.77049397145435,3.573527205134342
-2.0862378503088452,-0.2716326772975722,2.457327571094416,-0.29780902782635,-0.24891604146835117,0.0,-0.810602203345107,0.5681725594679239
0.2318260305534758,-0.5307531834753407,-1.081223429336314,-2.0820263071130682,-1.4620103221883283,1.0,2.8758009814944057,-1.1148870108571518
0.7116450386318095,-0.9121583156161223,-1.218704637455871,0.680268970552168,0.33668183210504254,1.0,2.781095241712647,0.4945954361482143
-0.25445041545735453,0.5888512723935153,-0.02338128185668919,-0.6102689688343046,-0.544697743581495,0.0,-0.47186992546952744,1.4279196507105132
-0.15229542760778172,-0.13296216182111165,-0.46655630901181355,-0.416486365621137,1.0723365401015537,1.0,1.6840876326347276,1.8653902662901296
-0.05343849608380119,-1.7949803241358737,0.8493061765150078,-0.1880896862643035,2.1429568524707703,1.0,-0.18613190148122416,2.23430255324982
-0.0459825808179919,-1.3241949733259313,-1.4301016581798642,1.9747182075888414,0.03935415320916663,1.0,5.645177298054108,0.808017429511159
-1.293546954490905,-0.33283926020093346,-0.7901255768921683,1.121723295036512,0.3253157760842069,0.0,-1.3272586191866742,1.6495629572827941
0.9206474911679862,0.19655312282437373,1.145331748105767,-0.2569126868955992,-0.2357637197126575,0.0,1.3787850099280312,2.478628103566641
0.19101937488074322,-0.594260935891607,0.2781523902838419,0.0030763238514287523,1.8383250246921643,1.0,4.534054024542847,2.706205131461311
0.3155348454412244,1.3552748998654944,0.8555593536212308,-0.14910552614928016,1.1910986477958505,1.0,7.076813782681874,3.8676139014754196
-0.5474946236978766,0.7202251783653658,-3.8616416672052303,0.4445565604317072,0.1324721241365992,1.0,-7.292015834921839,-1.7020340364027258
0.38734145247880447,-0.5969828275403882,1.1648189937314724,-0.07027143296508656,0.6028444710692457,1.0,1.0386448790975167,1.9075559740724395
-1.7618244564136465,-0.006302341078515612,1.0389707916129776,1.2287639860565014,-0.5262035220454295,0.0,0.47552729998314164,1.5049134303385756
-0.6129777593899788,-0.47208398737779406,-0.46249287081101864,-1.78512474977013,0.3001089288508706,1.0,2.9521671238934126,0.668034774756953
0.16315812173309371,0.7629839733355865,-1.3025457792575872,-1.6920621421249824,0.2707530491865795,0.0,0.936239718754231,0.4906756014421382
0.4260348168036259,0.635810932574953,-1.328340454238543,1.800060067687493,-0.3948055580935523,1.0,7.937593551338851,2.0803448860241334
-1.7481545805788843,-2.7074337015457446,-0.2166923338937188,0.18694952821222277,0.07858694384806851,0.0,-2.6771809833520614,4.506254495260029
-0.31260997912858474,-0.15485921123357896,-0.32579200582930673,-0.5172878980630531,-0.3506986108238738,1.0,1.4291549425173493,1.1651842170559543
-0.006631259526510721,0.232416845205011,-0.6550803346811661,-0.958156686028419,-1.256354755948314,0.0,0.02278351640074261,0.469554677020502
-0.02702428266533751,-0.4646396832604344,-0.3686595163565626,1.1297005542214582,0.3166100558183896,0.0,1.628996157599356,2.238361365401647
-0.587219624879228,0.49025957810147985,1.293349610421118,0.6822228580910896,-0.13317222024676523,1.0,4.847019970949352,1.8587309584971436
1.5409699087300823,0.028635872239728192,0.45735902807748197,-1.0803036844587033,-0.4545909626307865,1.0,5.415990415684969,2.187383924197203
-0.3554501527319541,-0.5864554731269945,-0.22356826794001255,0.11180732162581701,-0.250964294249758,1.0,1.0261319345280226,1.5312527906793525
-2.2065521906759,0.2180998475659899,0.029711657953068956,0.15016919292274103,-1.0241221439313855,0.0,-3.0535288344233624,0.10196312664537477
-0.12209194958229558,-1.5233986484890283,-1.7385030921017146,0.5114914429503428,-1.163644102415266,1.0,1.1660290996227316,-0.9990001928429073
1.7052128362126542,0.23015683177562526,0.6993676340859871,1.402740649830405,2.741049681056045,1.0,11.608550969096584,5.546979616005057
1.3872393896353363,-2.1546727817743094,-0.1512419985513446,-0.3728542877612812,1.136720186572083,0.0,0.7573432429982652,-1.0778669871719693
0.675947339377705,0.06455586037585626,-0.4209045786104045,-0.12817813847710408,0.313828939416141,0.0,1.7922738524773059,2.208980788508823
1.0745258667953808,-0.8915732580415383,-0.5347083128904975,-0.321454111036446,-0.5368700044782831,1.0,2.1170260050863905,0.29735886900096953
0.22753831277703573,-0.7330146456713319,0.6071386585301438,1.337152424848787,1.4485899408318514,0.0,2.948641268982046,3.0981972596308305
0.382978294838367,-0.6557737568233488,-0.2941148239358368,0.702331287446356,1.4064292996426355,0.0,1.0985586822111113,2.476837158795009
1.9381274197809608,1.2258715802275586,0.6156034940525201,-0.834581504083135,-1.0391362172472718,0.0,4.163729966413338,5.14526281628326
-0.7306425964558559,-2.2069025851224606,1.0114855627660684,0.5803301693197787,0.3753524359046235,1.0,1.5905472829624792,2.657870641223947
0.5450033375900446,-1.9782640343527613,-0.7565089886647084,-0.8898320334420007,-0.30885774135831484,1.0,0.42208678524171406,-1.0451536098824281
0.549966907462564,-0.44008447443139986,2.0430192720893747,0.9702215370928016,0.5316437630883165,1.0,5.511626634077791,2.130484532912856
0.09068178186067821,0.2397184922056655,0.9180846990196938,-0.18656598298042817,1.4990014713820685,1.0,4.504410628612512,2.909541191848319
-0.18100499392392877,-0.06069161959444389,0.9215976336261895,0.47626340766713054,-0.3386467963695199,0.0,0.6144955674387317,2.0242926060640283
1.2976331637954648,0.1308623691493461,1.1032889164530046,-0.362288036936623,-0.37921076903085504,1.0,5.560957630182255,2.5156167387105843
-0.32546658671929146,-0.7794346152958442,1.2007808341732686,-1.9852877144480847,0.20657579852996244,0.0,2.6415442123464046,0.7738936580475705
0.018468809460764388,1.580823064421824,0.5304600656449484,0.1766125014327727,-1.1949517561419734,1.0,3.8707082947289915,2.447476663066415
0.681747616050474,0.6135682164289956,-1.5350618453481921,-0.3685270447843049,-0.15135665333431447,1.0,0.587032883987828,1.074210690063543
0.23559900820093688,0.04321206200994922,0.3015731981029334,-0.3123904140188285,-0.26461493347686366,1.0,3.2485892009587767,1.9667405746439424
0.555281261908984,0.8492588358327251,0.8903740354577845,0.01895645873465663,0.985642011498298,1.0,5.803496936033529,3.750455149930266
0.17221622626023672,1.278503319192541,0.6372400472084142,0.9907371778224007,-0.5484988763624966,0.0,3.273977477889926,3.28901889605448
0.6179009758935909,-0.21915316776899163,0.7871057937354782,-0.979944898904591,1.522214363099031,1.0,4.656816985005336,2.4345448506123066
-0.7038242592633519,-0.45624065369611233,0.9809080090773524,1.0142349183564192,0.396058505145759,0.0,0.7955748382849704,2.49294971803515
1.6699312404255722,-1.2443013206561602,-0.7001789643077158,0.5825187231730342,2.6524304563340704,1.0,3.8948858045978603,1.167029302682302
-0.2233715193164794,1.099186241658912,-0.9644759958128883,0.5254202581712132,1.0130658148801024,0.0,0.9148307511719785,2.0492330541709833
-0.9307336371581665,-1.5489392304203162,-0.7886397927293397,0.25889710835049856,-0.21336560036670477,1.0,-0.5021211472111049,1.535070159429759
-0.42391913891760147,-0.07973661403457478,-0.378724378622781,1.587455951889083,-0.32425634902651973,0.0,2.0939316491919473,2.1533486463677254
0.38199818003978825,0.9878126353749117,1.0894744335435256,-0.9042269731661814,0.9820453682661501,1.0,6.793746110497646,3.1088457353082353
-2.0302038681295635,-0.6051677037094392,-0.5310396233687451,1.3994230329677053,0.9069018450311863,0.0,0.11426557093984047,2.6608516943996743
-0.8765744165881185,-0.4161519792046642,0.13158537063998252,0.027997828922146507,0.7541853974540124,1.0,2.081589241999039,2.1666644085366262
0.4224460413221307,-2.2220761573603123,0.017396981714198238,1.7581084482407263,0.9002323833958853,1.0,6.399620264636735,1.4991952487934057
0.8464981284546433,0.506364979113433,-0.6479250726316119,-1.0459681645542571,-0.13433225431425327,0.0,1.8347849479958727,1.9882936169541598
0.49783149904628604,1.3548867850554076,-1.996616213632102,1.4345522322418456,0.1922295275641976,1.0,2.127650502208265,2.002879642638862
1.7155883926072626,1.1910521097271671,-1.0571615434916355,-0.750812414791483,-1.2744665564879194,1.0,3.639114513445748,3.4468014204724216
-0.40318942409514785,-1.658704973012641,-0.6544794155599668,0.34393314150898313,1.5209798248762676,0.0,0.2974120659366718,2.0364068191211606
-0.5576592993469022,1.197379795094171,0.5008417587728835,-1.1704913320307482,0.7283455790622885,1.0,2.662931895602772,1.5586569635674792
-0.2144369301722655,0.1624260376080066,0.9778713338065962,0.003545400093748931,1.5961141156327656,0.0,-0.5084818089512719,2.7867189727118173
-1.360803457249058,-0.2998095536202678,-1.0509108792529231,-0.781844129862801,0.813040619926499,0.0,-0.3799569218492491,0.564598900817185
0.13227301945964504,0.6255950561104039,0.7407081832005908,-0.2138136440727888,0.3911753006809027,0.0,1.02576761963691,2.6587091589386116
0.6781503043917185,0.11772073334860728,2.0077263896696143,-0.8677486235781242,1.7483052918055426,1.0,6.667816195902432,2.498749467398163
-0.5115830141370007,-1.714671968853051,-1.3801354793780813,0.06894301928999672,-1.4386692709445685,0.0,-1.5476836621274188,-0.42135349427710067
-0.09756689699496662,0.7802523397941625,1.3285912178821737,-1.3435421293336869,-0.6258949642346934,0.0,1.6261561714970485,1.1846369366917169
1.2985692610902106,-1.5523549380853554,1.5102644494587967,1.0989322149718983,-0.7399099720959174,0.0,-0.5639567900322042,-0.1475949790126505
0.3439492825414695,0.3379840946465826,0.33898169636241887,-1.23839441836626,-0.05026713859988347,1.0,3.5214711317319605,1.9254699129539015
-1.463934277183532,-1.7519795381393732,-1.323997065653687,-0.19265983304125012,0.4036572487000464,1.0,0.23909993426987708,1.6446276277661034
-0.9467109186490416,-0.7247378928700493,-1.6495101205976712,-0.5169137108037185,-1.5029459851328946,0.0,-1.617821351125688,-1.0629245733760495
-0.47363553198358677,0.9122527576261501,0.8020266888159092,-1.4817710462277587,-0.48665808721620557,1.0,2.9098955764067713,0.8992834922718793
-1.9914856879791165,-0.5723873141035076,-0.25064166827850715,-0.05212325768652053,1.786873040529248,0.0,-1.015713787264267,2.568772171238537
1.7490531760667918,-0.30773230440887384,0.23802644007852986,-1.3609286010369255,-0.5380184702862884,1.0,3.4682000309847187,1.323765159075814
-0.17503301256350634,0.8648693530679648,0.1296087970041186,1.1223141027523291,-1.2861370416841535,1.0,4.040887251861029,2.1680429420512874
1.3042461043697966,-1.0793123473730057,0.13924086021488022,1.6785157052856463,0.23959538222446786,1.0,7.8084328979344075,1.7237755715065919
-0.11613477900233386,1.3957508541249137,1.0310793202601738,-0.5769028067670889,-1.6326619132473863,1.0,2.454159647412559,1.4023633658150714
0.8759510265701409,-1.534034724006817,0.05971032132695194,-0.6044506029769742,1.3619283293988296,1.0,0.7660742991021785,0.7340307522154735
1.8353027826928356,1.412441743322036,0.4970462096365715,-0.5832537120796991,-0.24256442342644166,0.0,3.758847885507043,5.930739415952743
-0.6699396088419741,0.2461003535345708,0.6314637344104408,-0.4920985820977805,0.11649700645335899,1.0,0.7133815207577993,1.5583033687048835
-2.1965052482249776,0.34763969474433587,0.33566613134360274,-0.6668045169523197,-0.3732750466264867,0.0,-1.973604572943548,-0.09604081018725164
0.7900901398866975,-0.27482988058081803,-0.11198020393069404,0.5219699828966996,-0.9711067084899342,1.0,3.189650478285819,1.7536680520203047
