rep,X1,X2,X3,X4,X5,Tr,Y,ite
0,-0.5847076496971486,-0.943938252789274,0.7119704267408339,0.16361120502670645,-1.2464381289576312,1.0,1.0736464370566567,1.3592527313375924
0,-0.7029322617993621,-0.7962411316054979,0.8111372119208999,1.0355333363636634,0.8151804177118904,0.0,-0.726064865363665,2.8297166851461615
0,-2.197647152435886,-0.7257298633468656,-0.13819657540274,2.2322055664274023,-0.08418056289258083,0.0,2.1806348747305115,3.1285899150988947
0,-1.3206772065458767,1.5111795347208754,-2.0136923822844244,-0.8449396291505888,0.7024119745844793,0.0,-1.6224306440743437,-2.407197107061321
0,-1.319904125207699,-0.5363438266572592,-0.36056941827675437,0.006270982669644327,-0.49645214298140883,1.0,-0.6500695943866516,1.2901192446835128
0,-0.6616524737245962,-1.4855925551801616,-0.2486119268493176,0.031666433158701976,1.084151186624583,0.0,-0.6679140782790169,2.3121812240655464
0,0.9256716636724652,-0.22125890549854202,0.3213412596796582,-0.8483080416287401,1.4866934117344774,1.0,4.331521846366352,2.5760692437626305
0,0.49186821372098505,1.0124187227525439,-0.5040155398735293,1.2186757581088261,0.40225197168283117,0.0,2.4223080470090275,3.6842264912841856
0,2.1948384190702117,0.4694237748684848,2.1569297990897445,2.548393651486405,-0.060482716367268596,0.0,13.919710256523004,5.13171678302264
0,-0.14893537862186795,-0.1256600039423847,0.6537700747468784,-1.6131122751307605,1.0781403482275356,1.0,3.5240421827442816,1.7346131513256746
0,0.1905029525596433,-0.7948753604351403,-0.09027296326145394,0.9256110312048521,-0.5404182230575995,0.0,0.579498887965411,1.689775777792029
0,-0.6240716961659172,-0.8810519252249086,0.25214423691680216,-1.477287117841811,-0.33858904449306715,1.0,2.06250779761735,0.9837914979866278
0,-0.013821474814117555,-0.5440376169143342,0.4927092412883252,1.4071704532199034,0.7321459991926826,1.0,5.7836114946033375,2.9256572861341974
0,-1.9065396831369468,-1.8383749468741193,0.04887095275600962,0.13894293159932158,-1.238782778083091,0.0,-3.862131432533622,3.1057990794799504
0,-0.9080483193380857,-0.398139793254853,0.6684733617335878,0.08627194708298468,1.4520988843696625,0.0,-0.3838342329198212,2.5966269835098776
0,0.8349786308870754,-0.5826745201153475,0.031086493807191015,-0.20354518043754216,1.7050850624860616,1.0,4.664323140506108,2.4054613241164553
0,-1.0336748626694219,0.6373401523285007,-1.5745119366857332,0.7508115574259309,1.392274987046077,0.0,-1.7566653674358477,0.42360185294943054
0,0.2366368806790915,-0.16612145190344968,0.7267134882192944,0.7764954160945131,0.3404628509022206,0.0,2.590705802483882,2.6651451787443556
0,1.7246228403130575,-1.0451285585547285,0.8665271519248375,0.22583672225487947,-0.7496879359044907,1.0,3.5200579819106754,0.3561095785345374
0,0.9660884956921497,-1.1626893811093835,1.1194488080006002,0.8646588771273847,1.4597084960930822,0.0,1.360483967323869,1.9365253209797793
0,-0.7368285201769632,0.7203875389252161,1.1715320428953946,-0.9315282123604345,0.181229902986093,1.0,2.5970433203346053,1.060334889449594
0,0.3165594133391752,0.9921082319574976,0.4101517704401897,2.3483180638557344,-0.6622314487477873,0.0,7.453148732602752,3.9335745304408993
0,-0.28491393706198054,-1.02459064694976,0.17700244995197767,0.04284955586767078,-0.723652825786161,1.0,-0.6472279621922841,1.369643375135941
0,-0.4092835925084322,-0.1780302744145273,0.2394085136618687,-0.28531203591715304,0.9086174327558596,0.0,1.906393091048496,2.182043294862101
0,0.14372592074860918,-0.32024980200312253,1.8821894882135146,1.7817471013440693,-0.4215530107021165,1.0,4.628123105794424,2.180516556780452
0,-1.462923475134062,-0.14667068422708787,1.10834951763276,-0.657707817333347,-0.9722866226457749,0.0,-1.7105655683498475,0.5950876915243087
0,-0.6898044877394197,-0.020125202267024973,0.33436123142824903,0.4946222320158942,-0.5206474120244218,0.0,-2.1954713450525434,1.7577057599068957
0,1.1545796586787613,-0.9527347800896298,0.07716380651001604,0.3889659867908809,1.159848578829414,1.0,6.840610372220357,1.810927778555452
0,-1.1632825672758709,0.8369345823629049,-1.072784740043208,-1.0468721369582716,-0.4557171564914543,1.0,-4.968313923288151,-0.9467728236274626
0,-1.4411222952167901,-0.029344514340196238,-0.022886484113936123,-1.720050757191963,1.0799875078194228,1.0,0.8841736678771482,0.9753188781900346
0,-0.19462544062697573,-0.02457792920600288,0.08539596332275677,-0.7339556613491708,0.58216487288195,1.0,2.489670983762217,1.8583403728368384
0,0.3697803214406703,-0.7073601591642319,0.8574939892938434,-0.5625483684200558,0.8047619035538844,1.0,2.8692839461127164,1.7738305553925868
0,1.0394157812856097,-0.23414251624296786,1.3168547028573259,-0.2117270960041059,0.5278308643258197,0.0,2.88931453736902,2.2269655575373286
0,-0.334787495130921,-0.38738876627005675,-0.3922590926803106,1.4570688957347449,0.5248956379446377,1.0,5.025277511418095,2.4875053240870075
0,-1.3289756926745178,-1.8815662222690928,-1.0289952517791683,1.2462637088005477,-1.628548919172645,0.0,1.002153782695298,1.705324539605063
0,0.5366368218741204,-0.08632539932480442,1.244609291837828,-0.8847012438438329,-0.29097995817538086,1.0,2.235077441929169,1.5337278234141485
0,2.04313112988851,-0.21924855722852718,1.0427106215511934,-0.06421680297434348,0.6393505812557997,0.0,1.749574588498079,2.7767906826830444
0,0.7645115233586756,-1.153382600203731,-1.0530065212149415,0.5632614183866389,-0.2761568284725505,0.0,1.3368895033805717,0.03580008390755485
0,-0.3444782111820339,-0.5664112139310836,-1.5448832995827964,-0.028693555037319057,-0.8726414926868536,1.0,-1.9169082942514712,-0.4575274371669109
0,-1.7779534334294333,0.6582039165077137,0.9510713611959574,-0.8576767536641396,0.3886304505814404,1.0,1.3678614126077338,0.09169315133455325
0,1.2059130415311639,0.2981654342897198,-2.1662019734131133,-0.4136712680220174,-1.3522432659410195,0.0,-2.2124721982433675,-0.41530207404569663
0,-1.0765437760628853,-0.5396590744506506,-0.007088058483494119,1.2010182020425864,-0.8546725462873792,0.0,0.8352343535939997,1.9424688709934324
0,0.12780442434549225,1.5843966038027477,-0.7210564345963574,1.4408627670666176,1.3246161415328128,0.0,1.9572188159532256,3.831913359922432
0,0.2703734335723973,0.0340417857304955,0.2260411853087432,-0.19962497285352937,-1.0497137275426853,0.0,0.5911000572726262,1.624324130274036
0,-0.37446146013313164,-0.34465615457872534,-0.10479423587030814,-0.6969774389918881,0.9791813437935888,1.0,3.6399217571380555,1.8527205812485632
0,-1.7817680352169256,-0.6579732458525941,-0.11420987583461592,2.006810803220625,1.0758727079992614,0.0,3.5911117861393285,3.4302070129958584
0,0.5744228196132961,-0.8878105854661322,0.9702371366817117,0.4495583564316946,-1.1297074840040926,0.0,-1.3067997686817359,1.0434753664491152
0,-0.26259485345893274,0.14738953918054648,1.0455251696458978,0.4633693161168692,-0.2114297536094254,1.0,2.691062073993129,2.053873599512732
0,0.1817682553122701,1.5479872333364046,-0.9564419612979012,-1.3939662350346218,-0.649820535473965,0.0,0.54394448203794,1.2225693820230759
0,-0.7282743763155735,1.1610240060289367,-0.5864513031013419,-0.8285245060629997,-0.20067689774867886,0.0,-1.899719578161486,0.395914226998593
1,-0.4522359043774519,0.3203561443438427,2.468091650372978,0.11043453822599748,-0.7300296487553348,0.0,3.486447004247951,0.931789046516283
1,0.6033374277564607,0.4652928553748459,0.4254772278277181,2.25351220180676,0.5036116466191555,0.0,8.755497303024558,4.317186132475403
1,0.36003843061694063,0.7577881951760461,-1.2684058894727996,0.8394805983150053,1.100814197074165,1.0,3.7239846332783078,2.465493670542134
1,0.14143820895247222,-1.267059737781559,-0.3383591719257579,-0.6993865639344042,-0.41054918653890565,1.0,2.220943034269639,0.4771317056074883
1,1.7807420699466323,1.8893387750238626,-0.39813354972589277,-1.3593474409239774,0.2482880861168424,0.0,2.3182734068205146,6.366655230517348
1,1.184939020440838,1.0092123397415225,0.10429031954053689,1.0217314965085948,0.419206341081407,1.0,9.178573995769845,5.060111531832293
1,-0.11685632425200528,-0.22517521166505017,0.4926426463658873,0.2541245670044068,-1.0144083104931358,0.0,-1.6028943042612365,1.6025629123733487
1,0.13062264319178954,2.0132769924401397,0.6315890969302418,-1.7275577326251654,1.0657163523870652,1.0,9.585560506385203,3.1268935187445885
1,0.04475727436873965,0.537958433463527,-1.2385740305203452,0.5523430874196487,1.0800752022830589,0.0,-1.661503927910947,1.8385021495935652
1,-1.083387544696588,0.004419477044880271,-1.3481639187379442,1.08866327224451,-0.4456612551181169,1.0,-0.23320341423091268,0.32394483328763063
1,0.5739494876991358,1.2851357988310377,-1.6228176523610243,0.1464623771983684,0.8177712556022931,0.0,0.43539302961765647,2.285855801617665
1,0.6030116609719972,0.10114783447301692,0.04436799920832221,-0.5080700416061603,-1.4404501699926155,0.0,0.6174462969040677,1.460012866970291
1,-0.15069771776513505,-0.3133032098824813,-0.773454858794332,-0.32774516324948383,-1.2705591823304065,0.0,-0.960547037867312,0.344835353626743
1,0.7141118069269979,0.1816075438645034,-0.13352447000565462,0.7729505575542843,0.19355175790905865,0.0,3.036528613871339,2.9851355339091485
1,0.7591482078337262,-0.4736961449529604,1.3711507145089978,2.058750579301656,-0.987015796476852,0.0,6.334845109098775,2.2028851953811364
1,0.5302817169249645,0.8210216066144232,-1.1293534179438671,-0.22197899515153277,-0.21542890339863885,1.0,-0.02279642707599172,1.7548882461065962
1,-0.42273018965519904,0.5326333669872574,0.2561617922658628,-0.5880050877650128,0.5894968130070556,0.0,-0.3207888773763952,1.9259877291092766
1,0.4752254982232041,0.4055525954230731,-1.0933830517578784,-0.6450334043990412,0.8890365283066434,1.0,3.8556598859339113,1.6679112383899541
1,0.00528735581499452,-0.1294531917496157,-0.4247382391849517,0.5331595180100994,1.8888221239802108,1.0,1.8700528629646263,2.8470009495142876
1,0.1259542855095342,-0.6412011847747862,-0.21511068034673803,-1.6316188917775456,0.5297566544754435,0.0,3.1470910556451503,0.9800808293023011
1,0.5116507592819213,-0.6472388794935943,0.06747261374917064,0.48533113625109986,-0.10034780202092816,0.0,0.6783982954770489,1.8249982363927275
1,-1.8509692153058153,-0.29296336103424514,-1.3524489902492407,-1.1495074239553216,-1.8358903070355332,1.0,-2.9419412570624663,-1.482006990562642
1,0.30268731826650136,-0.14273417429202775,1.051967838222757,0.6907396476736234,1.6396634983824916,1.0,6.234988187425501,3.223821376706407
1,-1.6922537834453304,0.9421943867014205,-0.9192592952482972,3.4225668865736885,-1.3665995162599212,1.0,7.733387900103228,0.2053016198247014
1,0.42766122669449724,0.338291752565078,0.993030193815875,0.7503372422586332,0.13089136894157002,1.0,4.248382144773489,3.010934182674937
1,-0.6219375727906855,0.17077937885631234,0.7367697505056624,2.091711189969659,-0.4719915244938321,1.0,6.506095827050238,2.5870943190061007
1,-1.1909641453614996,0.21045666458235857,0.15536863099923692,-0.7744058060250884,-1.4103272523881571,1.0,-2.2254574642744345,0.2323722585888729
1,0.5398855823127593,1.8846253843863585,-0.5104039729717018,0.5869309849125891,-1.0946415811174581,1.0,4.865160297637673,3.593227497876682
1,1.3909251509286997,-0.8601293269290144,-0.3422805103596263,-0.25547559500567424,-0.9934888329445747,0.0,1.3180252685068974,0.2153916228830971
1,0.28853634197850964,-0.53365966435233,0.05059416092267022,-0.8067394971005615,0.004042536168342828,1.0,1.795376150842036,1.3461271198290004
1,-0.8060088271258163,-0.3486027328941934,0.5290171064221798,1.2068968879896773,-0.34575843939526163,1.0,1.182874467001064,2.262052416510195
1,-0.2842486809231627,0.9912431239982792,1.2328252403499902,1.1497718442415608,-0.7285055815772389,1.0,6.065289044062491,2.230357061909219
1,1.4471728709791953,0.24222964990506213,-0.5392504635551394,-0.3842020509213103,0.28403566400809355,1.0,3.39410196084358,2.733634817155993
1,-1.2248851033683406,0.7250035713125821,-0.07657201462939414,-0.47392619587900553,1.05320489338682,0.0,-2.8257986309703034,1.1104362964452106
1,0.9974537695230258,-1.3346130164603838,-1.0857042515270188,-0.3113094728774997,0.4179307378361169,1.0,0.44998522268526353,-0.5230460867205273
1,-0.2090525383424459,0.11525056480497159,-1.9860721195689444,-0.8016444676274775,0.2418041308797994,1.0,-1.720945959339054,-0.7473929355623143
1,-1.7213772922691135,0.3543846190815994,-0.8938675157843166,-0.9769496442397865,-1.0379319722880258,0.0,-2.439525940688699,-1.1214985492150484
1,1.09754180585116,-0.1532601083328526,-0.8399681068192703,0.24502559950469213,-0.12356046284638351,0.0,0.20834280683401885,1.6121665621535346
1,-1.2621433553903165,-0.7682211218473874,0.44484413903385855,1.299608287330899,0.5500193632455501,1.0,2.177617372058993,3.0043365866100453
1,-1.5150789933531261,-1.7022487476346684,1.0798353237990774,-1.340240638345603,-0.8668789335662138,0.0,-5.078986790636943,1.8782089196959815
1,-0.693959881887488,-1.6552235237255384,-0.4374055192166323,-1.8945689536534387,-0.2782973226227389,0.0,0.7037803721276982,0.5747848291166733
1,0.5420719721274487,1.4756100319188932,-0.1595969881875992,0.5941524696102776,-2.1588347147285627,1.0,4.193639873772494,2.9338796357846393
1,0.03686554085144573,0.2558876455260029,1.549453775894023,-0.39903969688941654,1.7370601127435812,1.0,4.4227224012986595,2.620888056178858
1,-0.2360386983134857,0.6059383724945377,-1.5857439947098246,-0.4542307560836697,0.8590068381712599,1.0,0.35527872544747163,0.43649386478961594
1,0.24788822859722084,-0.6096066257077827,0.15371838640065102,0.1571616615462564,-0.809937956089764,0.0,-0.6923070192725491,1.4067061157193883
1,-0.3174080932927651,0.48652798440481665,-1.2015511622666164,1.3283083147225139,0.050679012156058696,1.0,1.7659187841789539,1.3797616832585746
1,2.606858341402666,-0.4653355867447504,-0.8553580217924209,0.8682221664471886,0.6688895135409598,1.0,5.56774042445713,1.854522565425519
1,-0.3478782755355556,-0.09375500939737699,1.0704702811097089,-1.056635744195252,-3.1145095087498427,1.0,-2.9285844718871017,-0.25882715226820097
1,0.44533870380397633,1.4367295270855904,2.2593076785624358,1.5341816711665905,-1.3647770838565212,1.0,10.595139401776848,3.159833150367711
1,-0.9097503217156788,1.274295490167787,-0.29108103677927355,-0.972947475036143,-0.6862436895950152,1.0,-3.2979593146821475,0.0057799421590533084
2,-0.07584720838190007,-0.864975744828388,-2.1150720811431363,-0.9399935659318076,-0.09466561004896033,1.0,-0.9840519286515543,-1.4974697419770466
2,-0.6545012472448744,2.2304147657476308,-0.8471083148670597,0.7120728990603763,-0.27351246099484366,0.0,-0.42704422888194304,0.7860264246951948
2,0.3355571264992903,-0.6591471608583448,-0.7028035686578722,-0.3279424875229829,0.374202249662321,1.0,3.100569439612747,1.0517846276303526
2,0.9192656242427013,0.04195631164455652,-1.105833809009223,-0.0768463935085531,0.6646440930886197,0.0,1.6185166619729516,1.7085512069630577
2,-0.7293114560994874,-1.136794429844875,1.038779133070979,0.4880386041690339,0.6865932015849239,0.0,-0.5493941447678564,2.5100024878632867
2,-0.16314627395415826,0.8285759702988829,-0.6930739149377182,0.8161247059607439,-1.3997160432774467,1.0,0.02609611346894769,1.328488852997776
2,-0.1477519542633986,1.0570634241898742,-0.2561190145163957,1.0018007801348323,0.45693826238468466,0.0,1.1812009389768876,2.8671629858831373
2,-0.11893990032599928,-0.5027780794480491,2.2682781345281735,-0.711619321606412,0.36119347696635296,0.0,1.1454751322620247,1.0655779027059467
2,-0.1038543500054175,0.2498134158254413,-1.4918662038445567,-0.5036055240773989,-0.7926938085747739,1.0,-3.8312921502248276,-0.2681992520941983
2,-1.4068833400218415,-0.5107250795549336,-0.7090034971059206,0.35638660474544587,-0.43838037528853213,1.0,-1.2993035657750456,1.123238815733089
2,-1.056752426476196,0.4233152890148172,-1.2111884447546581,0.27195032697338534,0.15824201045304212,0.0,-3.2211912527084547,0.19735114302353624
2,-1.9754668752554607,0.4386120194384784,-0.13367788758296092,-0.9232494203493865,-1.1323691084430232,1.0,-3.1148300462574183,-0.7384607429500354
2,-2.477541097708653,2.0491731175477317,-0.9103930341002047,-2.5752896335892292,0.28369011218339935,1.0,-2.835763348919722,-5.278655482677318
2,-0.9430311528942575,1.8257208807405816,0.2645649432211916,1.707845174580312,-0.08754089936016853,0.0,2.081107750274291,1.6272741610625454
2,1.468384050848474,-0.34520728803941164,0.24840327504122592,0.7096717680624159,-0.5922530569964957,1.0,4.058040050706066,2.2069087209481353
2,-0.3545785521273134,1.1244394946958562,-1.2978303937852698,1.2612688986646425,-0.3943594298314154,0.0,-2.259591615107626,1.0403566200522427
2,-1.0011931005801418,-0.8288410319164015,-0.4046376864167527,0.7096084005937185,-0.04101847534330797,0.0,-0.2659797279738927,1.9660340709867659
2,-0.9772039159799414,-0.15526808703202788,0.180702262820818,1.1693332071349776,0.08993482218187376,1.0,3.375255290593358,2.289195451619877
2,0.5058819992621353,-0.10676558902282364,1.6563370727689595,-0.6940244805847562,0.9660126470449855,0.0,2.688378234844141,2.024273571038046
2,1.5545278023234013,0.44765857245727503,-2.642203441529925,-1.5212429431436076,-0.2910021038356766,1.0,-0.11908281467126913,-0.4081085855440565
2,-0.8656588395798313,0.2969319300483619,-1.1143779570093677,1.9442677242840254,-0.4829733660503331,0.0,4.010697809976686,1.072788933478013
2,-0.36681359282798826,0.4268814332275742,-1.0236558067941968,1.3925864518829556,-1.4639942185227555,1.0,1.7231884470896937,0.8461635397745724
2,-1.2182356342613767,-1.5804315371553415,0.16281696903228712,-1.2427591914155567,1.5815213796411578,1.0,1.9050079482711286,2.7635685815316617
2,-0.8438648945281437,-1.4444464932047296,-0.1895049891152712,-0.19039703562956,0.9976168651095791,0.0,-0.7382930342322682,2.3657170159647545
2,-0.8924703403349388,1.9061504611881281,-1.1802617169928848,-1.650283908982494,-1.0807335318305038,0.0,-0.03519527398612987,-1.7692994430839146
2,0.25005021426894686,-0.9493578619390017,0.7678109144136778,-0.12572439482775835,-1.164659733027837,1.0,-1.3979351770144088,0.8711052805114677
2,-1.0061804118594535,1.6452091060689278,-1.0711070729710932,-0.4322775254323,-0.3431252352952996,1.0,-5.334342385951485,-0.7799649356482071
2,0.36008649904431483,0.12685595368490576,-0.7787974512715083,0.4304753556576095,-0.7798663279840062,0.0,-0.20998943173470658,1.4368148823564515
2,0.259669284488634,1.0541692506866018,-0.8623018436569675,1.0054977786540147,-1.2259737049451302,1.0,5.2292409883120765,2.0399570638133815
2,-0.5910899976796848,-0.5876305220338621,0.28187903128059305,-1.4395514603172692,-1.5638414888179044,1.0,-1.0486336127360165,0.35775976620271477
2,0.4044899766403505,-2.325793745174346,-0.3548097056865117,-0.7191850349150639,1.0998289511458557,1.0,1.9758933252157025,0.04921757966118334
2,2.149907749599995,-0.6113046263648154,-0.26438930739965966,-0.6005835889880629,1.0574958258877518,1.0,4.50075261296368,1.5165667397395421
2,-0.7230749530506224,-0.2884680133494851,0.2392122641128384,0.497130705784874,-0.13474752145983138,0.0,-1.3889265265740218,1.9751351565790394
2,-0.9361653235620601,-1.282474967156612,-0.5982038240763828,0.08190854714556792,-0.4051427397248318,1.0,0.41298334496670275,1.4569179191134438
2,1.2256110526522492,0.4932247415473911,-0.1291616645331304,0.8424623903957504,0.19967306625517273,1.0,6.55809997780446,3.912076710004302
2,-1.1849321857377786,-0.3196977765776059,0.48997653132230007,-0.5788716753520414,0.34426738910541177,0.0,-0.59429850112811,1.6365352298901756
2,1.0725504191838202,-0.12127973598189687,-0.5361652498112401,0.49135737507408533,1.0313410996975965,1.0,3.629519402074684,2.6984972756101686
2,0.39993768895277026,-0.5086357823292078,-1.7008172250255602,0.4527419665638182,0.04425992353494796,1.0,1.2283446586338984,0.010665802064399044
2,0.20767455451840364,0.2342747321276393,-2.014104307170546,1.1750807049103773,1.134251233890572,0.0,1.283870335850376,0.9883113298824412
2,-0.36815044705007266,-0.8456862836578237,-0.8265523089767787,-1.209568307064939,1.522058325562495,1.0,1.0995019241914807,1.1248061762180064
2,0.22804617951050088,-1.496986460388325,3.5454695267446343,2.0200474057775817,-3.025037063846506,0.0,0.1228402844766367,0.37484340039264374
2,0.05916819671430044,0.2981727294059592,1.1578849901421626,0.43081748020899985,-1.0918016338567227,1.0,1.8872881642890917,1.8460409064132808
2,-0.09167630840654048,0.4306249787388447,-0.001751386288880596,1.763613489962809,0.38629380590914936,1.0,6.833207311432071,3.204072647922694
2,0.12256463702312326,-0.1208774414364889,1.8310432401519607,0.027622661266110075,0.7770365513418169,0.0,1.8277501501838944,2.046560365792462
2,-1.0335220987893976,-1.1714812399374168,0.12646177926742888,0.39890435071079755,0.898190511112619,1.0,1.7625476646491938,2.8120427612652215
2,-0.6006665274644504,1.055104714378379,-0.5903585205539575,0.532578593053791,-0.7436150470024949,1.0,0.6123414689419862,1.0234966801475982
2,0.06643362593377379,-0.3520172721599577,-0.527882926439292,1.5836883198801477,0.9133933899157192,0.0,6.0939836966901115,2.682297172220176
2,0.28243463219235365,0.46346160471855025,-0.16212056283459264,0.046206770662964185,-0.1605535718488605,0.0,1.8081789071799808,2.3524992639957336
2,-0.686065315105972,-1.5804038778927274,3.1090642198022005,2.1247074713300114,-1.9442589731619495,1.0,-0.7879841514526615,1.5963110498220416
2,0.39216004792794784,1.540322479609235,-0.4800696236558354,0.451890386706561,-0.11153444382993905,1.0,2.2470578450386194,3.3874001306821246
3,-0.8123986885580927,-1.3435178818587175,0.30115132940029116,1.1762849839346272,0.09418648025773316,0.0,-2.55321724441841,2.7543208917851985
3,0.678981920694778,-2.0862204492787275,-0.7161961150325631,0.07586595484148853,-0.4041831950687648,0.0,-0.06250402157886714,-0.8880734021676189
3,0.1273552780939829,0.7830409418662021,0.03877354967165157,0.5264424419148469,-1.266787575675818,0.0,0.8491538632283877,2.2033851149379853
3,-0.6057213961321284,0.18569707151286377,-0.9545856868460584,0.28819392984452447,-0.08396513613738103,0.0,-0.856823544579718,0.8802756195049988
3,-0.666891698169555,-0.6494640337875512,0.375915271529509,0.44823701307380254,-1.131317190634344,1.0,0.007626660040107064,1.5515338467864535
3,-0.6266353447292002,2.3223063945648024,1.5113605785341695,-0.17168120970200967,0.6762040619988238,1.0,5.274818454181317,1.459938732781211
3,-0.26744013742324435,0.4505897932193426,1.6018343728613924,2.75045104075436,1.3394994360884553,0.0,10.471490112017845,3.7859283936937733
3,1.177118611832398,0.01663467708258588,0.275267411973687,-0.6980020518955302,0.23758103651145837,0.0,3.1627848096633224,2.486233379063666
3,-0.4084624692878057,0.3107025816045102,0.13783950154843458,-1.2137243502768014,0.5332065453045319,0.0,1.8777628292243964,1.5433857283701509
3,-0.2689373336735365,2.052860009258978,2.7209129359512882,0.15728565374429107,-0.1407629168590121,0.0,7.604824948947918,1.795776909485315
3,0.5061344298010475,0.580308017573086,-0.9149001320885292,0.6957124070939945,-0.4953835313069446,1.0,3.145368739438333,2.0895191870813337
3,1.1548422602955852,-1.7437007713585484,0.515092218357526,-0.13407987624026246,-0.9419289924795159,1.0,-0.3517855721024913,-0.7183396229447245
3,0.8795356245396436,-0.2827973914617814,-0.42451388497184506,2.1519606336577772,-1.1804068467250173,1.0,9.365320734186495,2.234397747833648
3,0.29670697979458877,0.9226198300814833,0.36255167213582057,0.15732443620238867,-0.7426968842663064,0.0,1.7395439855928871,2.7069956497394116
3,0.09143789050182702,1.4110620057609955,-0.5122571483011393,0.3085617678868568,0.6911357478175661,0.0,-0.3662647614154285,2.995635061952215
3,-1.115019246653731,2.119170521409484,0.0119490240652868,0.5329334749175734,-1.0191479330128967,0.0,-1.9525494076103673,-0.09804438668858673
3,-0.4374142510239528,-1.5320617471817317,0.9160455065673844,0.3723907938786914,2.109501650314557,1.0,1.8189117913382045,2.9933382308610645
3,-0.03341732834788922,-1.3672369307683436,-0.4485165808278702,-0.7493844948760344,-1.3422580156874282,0.0,-1.1041970343851002,-0.02362592221173543
3,1.2653548741590805,0.7454039673390483,-2.044973549763623,-0.4978578778018701,1.6227755266457027,0.0,-0.018879571283337365,2.0319454107434463
3,-0.8645412321065213,-0.47944374322450023,0.5074701696162995,-0.22304780647548644,0.18890918183130667,0.0,-2.5637316336631963,1.8531488884746583
3,-1.1081452608492373,-1.685903752588876,-0.10464002372019499,0.3664747490474832,-0.177345352040652,1.0,1.1207437881920759,2.5079766600113587
3,1.2263395025107482,0.39781812492752605,-0.35415280579952607,0.6111852276404268,-0.8200045172190389,0.0,1.8490462253531827,2.956393476276897
3,-0.5733814529920637,1.1932932100626008,-0.3257116837619341,-1.2984272428013857,-1.1936664218090074,0.0,-1.0658183792983236,0.16426424928432082
3,-0.8084333978865978,0.902339790461594,-0.28737878244955045,0.5629995740164072,0.43525563424627717,0.0,-0.9802810652657813,1.6318999120480902
3,0.21608800092932398,-1.1825643803943866,-1.5239241772697665,-1.3586700976288049,-1.2276915253540608,0.0,0.8229449866604983,-1.747064074384369
3,0.4639553229008609,1.934060612126188,0.17196667840240387,-0.7104523017513447,1.9686077855490292,0.0,2.427316340017944,4.796636898240919
3,-1.6820732012545838,0.7938172792608659,0.8304077226536859,-0.29577015873057233,0.7418756769534273,0.0,0.8227194138218145,0.5334447199517015
3,0.7987811819693094,-0.6111051895234936,1.9292364680025476,1.8033258164410244,-1.4097580633665272,1.0,4.29856015091357,1.4162868427579196
3,1.0733361239671069,-1.1019216546837811,1.1215458808168433,0.2586880167465813,1.2834074500270496,1.0,0.16501062081315032,1.569086068921896
3,0.48652514479907744,-0.7298082961859045,-0.2867695292267343,-1.6864928336634808,0.09598764880171799,0.0,1.368694478679527,0.5438136144125286
3,0.5596719165701036,-0.43654788032754355,-0.5257844089837005,-0.7410723114402721,-0.017275159646623794,1.0,2.0227679787824484,1.0401030086922995
3,-0.859884828307783,0.6185251463194259,-0.8939821145396072,2.692596549953349,0.09310760676115537,1.0,7.078969265421641,1.9196334465329716
3,-1.7216354860555116,-0.3779751183528764,-1.2975811466972575,-1.4696877993425945,-2.215410273774074,0.0,-1.9937180498500429,-1.6205807858053665
3,-0.5811430478518259,-1.6915057056496128,0.146064325110726,-1.8681537525240888,0.2441080249794015,0.0,-1.0157997849405231,1.0970432618023223
3,1.063615008749911,0.2707879625415879,-0.15703008865828227,-0.8391472370299196,-0.8739757796402379,1.0,4.100402910441022,2.0078351639049643
3,0.8769930092569864,0.5017338535888278,-0.26513090128219247,-0.5463357204422393,1.4741940340493043,0.0,1.938831915857865,3.4258024280442223
3,0.6986804531516799,-0.6752551795867763,0.34148374591012176,0.8874748101484383,-1.2959992852264737,0.0,1.2199662991679319,1.44866349519473
3,0.9605089980060987,-0.165415237304746,-2.5859809534686353,-1.6373837165241036,-0.8786081394684719,1.0,-1.3004215142270001,-2.1619002982211972
3,1.4189536169643597,0.4348414554649195,2.0739475772184868,1.301889872809865,-0.11495979447283643,1.0,8.319780559723267,3.692167584020078
3,0.4103177976418661,-0.19681546575518716,0.4460141752606871,-1.4599936126155364,-0.0911018698681256,1.0,4.199126635889356,1.3756272654286072
3,-0.8173458504369862,0.8768608972848954,1.5091611750092044,-0.8642889301857932,0.6603375377582679,1.0,4.173796755814781,1.027259933892481
3,-0.9374630879400626,0.18651871036415854,-0.6470619073641121,0.44802473004152704,-1.0206754725332197,0.0,-0.7098482986311783,0.6376755337706764
3,-0.5334780183182803,-1.2044375050150942,-1.3717024222646745,-0.08498947660829047,-1.2479986728811427,0.0,-0.47535710628560224,-0.3809808987044112
3,0.21828677001166266,-0.1386140857301002,0.5065471880431867,-0.1731393322692395,2.5892691603630307,1.0,4.580822230174752,3.345342115302984
3,-1.2305467907650347,1.6038744868429582,-0.23422586677443147,0.18092445655347508,-0.7335999677124441,0.0,-2.2702918261351153,-0.20773514210146948
3,3.4054084898951884,0.88169258481424,1.8238612272888812,-1.0767986947159467,0.2933186732197741,1.0,9.964579877853808,6.415892141297773
3,-0.3955458593362515,-0.765552012132643,-0.09270934650827191,-0.5120665518017151,-1.5857323734850979,1.0,-0.5082540182444529,0.6227134226276734
3,0.9628368537142166,0.0957289044302364,0.7226548567907889,0.4676020631223391,-0.4876556094108617,0.0,2.0456390783269045,2.722807361336372
3,0.15162518795258828,-0.335620453627662,0.7186039014999756,-1.3676719367304848,-0.2006390424832704,1.0,1.4260483168403821,1.1849858760680956
3,-1.004880859885995,0.551644052184298,-0.005227123412213144,0.028081364166057863,1.086472754395969,1.0,0.5944132649199766,1.7736948828356285
4,-0.44262038101305046,0.9716259144983431,-0.916396248375214,0.2577256009650123,-0.1780961358996508,0.0,0.120213706694702,1.0247413097819686
4,2.0866608460250964,0.6333471262727748,-0.05916622633452673,0.6378128643912411,0.012928481556797497,0.0,3.3662558025215104,4.975622385666725
4,-0.811474645248592,0.317301669294326,2.7586325887971888,-1.343008706315474,0.25051404564947866,0.0,2.8230435903858884,0.4009375964727244
4,1.3879363581030348,-1.2019569866831301,-0.6054062251248484,0.5747479639241161,0.28050766359785456,1.0,2.9840618350194155,0.37194556854415406
4,-0.9919032753467113,-0.41093024835791386,0.9416862014012968,0.46205383988643894,0.6612716434904109,1.0,0.7456754996362708,2.32711762143324
4,0.21416940675759139,1.9997429031431015,1.2658953282738084,-0.827488808805885,-0.8662704021531266,1.0,7.004636300381214,2.621506706320432
4,0.45691929644083334,0.7448158162458806,0.34912875335691584,-1.4696942000022237,-0.697379569913291,0.0,3.902695446472813,1.9718868716492455
4,-0.7117972774774357,1.104134161154047,-1.53156022667785,-1.1831351678612818,-1.1930689326909505,1.0,-3.6793077695946192,-1.5044073779074223
4,2.300829678282655,-1.0387234871926811,-0.19503796418724506,0.47836724796225216,-1.0055798396509725,1.0,0.908151590286066,-0.13895769660158797
4,-0.0857876200091578,0.3228844869232569,1.1953313568776986,0.7307628580463893,-2.00688832456772,1.0,0.7481048295643697,1.417157034493065
4,-0.41377808399231236,1.346361862226212,-2.2518711610372955,-0.521578390041867,-0.6966097055949969,1.0,-5.2637794919190215,-1.4554611933616304
4,-0.06592414340593108,0.34430492446901256,-0.1453373852414381,0.22356162247319253,1.6379036484711507,1.0,3.6782951527786776,2.9640134261098305
4,-0.4392028173505632,0.8780960965429577,-0.2676441966654124,0.23589047714574168,-0.23796079871306167,0.0,0.4386670966068513,1.6633236891951644
4,-1.573961404130961,-0.11804416623326736,-1.3340511584334735,-0.1590492151647932,-0.8606555165566423,1.0,-3.6159105644342233,-0.602543937289825
4,0.4988648060064743,-1.1596324093864385,-1.4866806468904228,0.1605828239627038,0.5194793085235424,1.0,2.483704744578492,-0.22817633353026118
4,-0.11816024439661638,0.7542239213862777,-0.9795229648667997,0.1936951382267236,-1.6488177910890087,1.0,0.39988701409034566,0.5690084065457323
4,0.4294756057457194,0.21001783158682483,0.578615573718321,1.7581959766618867,-1.24550499263663,1.0,5.58858338392968,2.792818079792988
4,-0.9090738683689519,-0.3937478257556093,0.20562186321898399,0.05295455425937783,0.1454603455627953,0.0,-2.558516843318232,1.8874875978699184
4,-0.463593854690196,-0.44338169505433256,0.2531352048784777,0.005978837437907449,-0.8931883249665353,1.0,1.3205867310918296,1.4031561118302467
4,1.60943462706333,1.0494647864516806,0.80924657750165,-1.1107097909861632,0.9311225201693293,1.0,10.312419900414948,5.0233682587561095
4,0.9081890966891784,0.1959167993355055,-0.6926886212981228,0.9266441893904179,1.0399442652290292,0.0,2.3015468999043565,3.1364641877761867
4,1.927933277451159,-0.7280526800949944,1.058827856290367,0.37212596564684597,-1.7991612906148504,0.0,0.7955642933552288,0.5020938464284569
4,0.12886201192231536,0.14943745303816167,-1.2162128077498937,-0.9403628145122009,1.2996342058423107,1.0,-0.5118442327139894,1.0771356583214673
4,-0.5501576808305717,-0.5629643557846853,-0.04309093847398882,-0.6717961243704409,-1.0729782839088675,1.0,-1.6957140132454507,0.8582972018452368
4,0.2119296991620428,1.8124031936134826,-2.384858251768284,0.6507028459327849,-0.3845760652817464,0.0,-4.965511822912024,0.609820891923195
4,-0.4308706443114913,-0.030692799535108964,-1.4658938495016194,-0.1134606305244916,-1.7517914231731486,0.0,-1.5931903313429405,-0.7784198644874064
4,0.5215025676651772,-0.4294638624898276,-0.2497268109034562,0.2176004828520423,-0.4276949808580586,1.0,1.250837238201937,1.5611221647429305
4,0.051724390627376264,0.5154289171767783,-0.06736165779667319,0.6362201498822444,-0.16688784573024015,0.0,1.1899174620386095,2.508954285038369
4,-0.3848162340390932,0.6454429903526178,-1.8223786041733487,-0.45191254584581964,0.42860302468308065,0.0,-2.3949976263461448,-0.28984436246667455
4,0.9201240218608455,1.086594181507324,-0.6601035498381221,-0.7451110339437577,-0.28705674033070744,1.0,2.4282955076780808,2.9469535871582373
4,-1.532098800243467,-1.0331613229102905,0.5793569611760487,-0.5966573055411166,0.11173242619542437,1.0,0.19421506867999033,2.184306080247622
4,0.25547251225373685,1.4311044497557215,-1.2024474809634247,1.247351309781496,1.321415132060869,0.0,0.5676240066129639,3.2521313340643268
4,-0.22867755580868332,-0.3224340422378152,-0.6036610697158643,-0.31556969243072347,-1.0632492823789275,0.0,-1.4157118705216998,0.6302005003119104
4,-0.43291147139722896,0.10443720757849657,-0.9501278438771112,-0.2918808435322996,-1.345133169777848,0.0,-1.725893874062777,0.07855896881438107
4,-1.2340463830576525,1.0200126233868738,-1.0991220189209905,0.35475490875028226,-0.723255927994492,1.0,-2.969670865038187,-0.6451928777845
4,-0.779105081005998,-1.6887047547522867,2.7047652556274135,0.07842497112291931,-0.09777588961471724,0.0,-5.554956052913606,1.5183822614089266
4,-1.2156219129298762,-0.04294602677011782,-0.2498660714460055,1.8568365988972615,-1.311975888147417,1.0,3.816586397501235,1.5393650284923899
4,1.0452157567734166,0.7313732239815733,-1.9090693926603404,0.07641716273878663,0.6639290417898969,1.0,1.6788481711113072,1.7365171936411485
4,-0.08319288351448498,-0.5106433669448813,-0.7634830815952477,0.8828587946006087,-0.41613906656722316,0.0,-0.6415657519168017,1.3196141413206997
4,1.4208066712224834,0.2987738508558984,-1.925219482652652,1.2819124363273786,-1.1078832510784533,1.0,3.592195235688705,1.0616455612692106
4,0.5597866518864796,-1.0672019722325816,-0.5888550110344317,-1.4235092170586314,-0.34359237477712873,0.0,0.5997592549623456,-0.19751421901923483
4,-0.3614386881806608,0.1488032209487439,0.6367319756686182,-0.9724430462184626,-0.22055970673181158,1.0,2.755381984680439,1.36580675722904
4,-0.25623003720873644,1.4016705202010964,-0.7226371067186791,0.27120406331168345,2.1557236521376186,0.0,0.7266796799938546,2.815779705571917
4,-1.090321429060003,-0.527519656903395,1.6860249078369678,-0.6148913920867962,0.09941416728255716,0.0,-2.721485390430688,1.2365455280978612
4,0.3306143408560403,1.7752601469609033,-0.5220855296509574,-0.11814865513783847,-0.679967199423501,1.0,1.9922779810960582,2.8465440500457877
4,0.5448137976486694,-1.0298214480316046,-1.191581950445501,0.7633418329216731,1.3102077484700907,0.0,3.2448753288153713,1.007609830399468
4,0.8220012908473348,-1.488413258704865,-1.3627154932231713,1.2842430950683543,-1.6297507594191054,1.0,1.27954291072394,-1.204212669684048
4,1.7407462931498643,-0.8859820823038397,-0.20029590696519992,-0.6831907132091187,1.2003826364178543,1.0,5.3919507034994805,1.0235678352727478
4,-0.3278908010383929,-1.2027313811912752,0.5023649658958229,1.7976814498611131,-0.36503863207954906,1.0,5.585117664150064,2.4730036404491558
4,1.7558080870703008,-0.04435722160716904,0.5255271548967718,-1.1462240633940695,1.9880795660133197,1.0,6.329290301016012,3.326593597583758
5,-0.23490352238907777,-0.6681315069501593,-0.9444465992689366,0.6858672704925411,-0.8600375333430765,0.0,-0.13906190456634854,0.7323118175708044
5,-1.2831724291045998,0.02779555048197351,1.6909765785906585,-0.632917065460432,1.5262911081006545,1.0,2.32981574587409,1.5089292263912302
5,-1.5541967421090293,0.7907541652505341,-0.9476534535338889,0.04923018056817197,-0.2515671083485025,0.0,-2.570020002759019,-0.6021138229917486
5,1.6962361118724192,-0.7794716389085253,0.6562185325360148,0.38814976936695883,-0.2048237542190706,0.0,0.9308234883529407,1.3482916273873693
5,-0.41628906185994624,1.0370276663898033,0.1545847282794147,2.313105591328186,1.244496521838809,1.0,9.640861077492765,3.7228350038941764
5,-0.6502784528320411,0.10193498566710642,-1.6890286394481042,-1.6338779575384774,0.9580558051947333,0.0,0.045530736157180396,-0.6408403001535259
5,0.3431285603411247,1.4782435168613726,2.1951257755140783,1.7277955044284028,-0.6753821037739278,1.0,13.823598095241566,3.4571298473783134
5,0.2750097445438243,-1.0949079188252782,1.0774214202528163,0.6878921689283749,-0.8533194681517924,0.0,-1.724342591901489,1.2185386195634458
5,0.6993844288715594,-1.3161227757662641,0.5532697392003927,1.738007054906489,0.5886925381500172,1.0,6.458384068285262,2.0619506337611266
5,0.07721601500590428,-0.2214791538400053,-0.9385370916031346,0.7038948075181019,-1.6469271030179216,1.0,-0.04730101807953507,0.5609507763979732
5,0.24655022468151605,-0.4403303365738099,0.046236203759139866,-0.8631298479974332,1.369182301218464,1.0,4.283965164478661,2.069622026267117
5,0.4617193406239928,0.5527312635872171,0.5452314602334303,-0.309061482752534,-0.35858998214990684,1.0,4.247528844165897,2.5562292890399894
5,0.32880258397836853,0.41926458085933155,-0.8726441881725866,0.8066897153998579,0.5319670753766322,0.0,1.665441918287845,2.3876984271121957
5,-0.3242364263865448,1.8186867155563928,-2.0763312241462475,-0.1984691242867019,1.1185543491928769,1.0,-4.2896064441294595,0.0951421639985468
5,0.2104762397279369,-1.3418160432676869,-0.07023082944019243,1.468412363048111,0.526106901668927,0.0,1.911104745075735,2.111588749484202
5,2.1181511677456957,-0.04022043919788869,-0.8073010242748805,-0.9501808543872496,0.6220114932394933,1.0,3.718440108638853,2.0774879540746114
5,-1.0211871456481083,0.9987223382223571,0.267940021107598,0.647490363539464,-0.012221296038089179,0.0,1.2444256988723639,1.3848080389476607
5,-0.48571542821699987,-1.4801383638997925,-0.5499222422211791,0.6799043548782819,2.4062610182060693,1.0,2.4788965295625136,2.8566858710952943
5,0.8747954373274813,0.4863692489012509,-1.345059984382693,0.2890916279581667,1.6504524226939092,0.0,1.679586961443586,2.6271220598712004
5,-0.09176241742548258,1.3049989901497083,0.49241252509852834,-0.7113526450740439,-0.02439011563054063,0.0,1.1432346399411413,2.2463982017196815
5,-0.21780115150540347,-1.3176755181013664,0.03248758889920213,-1.3820228444996079,-0.2255291347684582,0.0,0.2778041015540126,0.7311930398623001
5,-0.09401599802981568,-1.7838455569544913,-1.646523537535023,-1.1593235476754777,-1.3658382748283922,0.0,1.8881988230608406,-1.9327182909580205
5,0.2297713972710848,0.693646204729466,0.8569472081117226,-0.8366003996280885,1.6174053324236761,1.0,6.767946388809979,3.0947128891199127
5,0.24272017864967427,-0.5825464251040718,-0.5860178151821333,0.13965926550018803,-1.4201083622605493,1.0,1.0633839992923826,0.5886072656567015
5,0.3170489703876135,2.2738409178085663,-1.457851544690615,-0.6476023410938283,0.11725940949704765,0.0,-3.5634623565205725,2.134971432523176
5,-0.5745941491944341,0.4505377034171231,0.9915142637882247,0.23324096093729016,0.1007373136365966,1.0,1.7249933582697183,1.8892649860460258
5,-2.1491590428468927,0.11438257630841499,0.5042228638050205,0.8754319506356911,0.22783788990211237,0.0,1.2083600865651483,1.4160819650697363
5,1.5380895454624275,-0.27624621741200384,1.5371619085570074,-0.79769812100898,1.2725304404189168,1.0,5.590701518307174,2.24565543600601
5,0.5448576449042691,-0.5375423634016607,0.8854910266932752,0.12718877722769256,-0.7726269637956356,0.0,1.7393885408065013,1.463709406896014
5,-0.6995336176109661,0.551659678697337,0.2276849929845276,-1.3484358804726357,-0.848282126662006,0.0,1.0778453787078077,0.5298335877759063
5,-0.8079188716540457,0.9063044784397328,1.107375987881805,-1.3455685091294733,0.063764017101636,0.0,2.5446180032299215,0.6767683671296754
5,1.0060571240912146,-0.0986729861237763,-0.23099729391023546,-0.320741895406516,-0.9417112461190641,1.0,2.0415849351254094,1.58113474086591
5,0.43810388951614426,-0.5569867501886729,2.231601883245576,1.3082838253532372,-0.446674495451792,0.0,3.673332658917726,1.6293930782602049
5,0.18911518061517657,-1.0998359079691433,-0.6789125669985024,-0.16667629519228935,2.0150159328889043,0.0,0.16079866011354005,1.6996135344471084
5,-1.0828537470470523,-1.8930924741630608,-0.5152648844323354,0.5107763017464724,-0.7344449284847262,1.0,0.34764131297223366,2.062664639917887
5,-0.5451149675159317,1.0851820438518163,-1.6965667946358902,-0.5286122403377402,0.3106196600197534,1.0,-2.3770982343257616,-0.40423427659150635
5,-0.990670065528016,1.8557704105862358,-0.36929894184959333,-0.11017303386566743,0.653373418262288,1.0,-0.7149534074708936,0.6136253294620722
5,0.29409576954810174,-1.066819842909141,-0.2415687851182553,-1.2779883508327052,-0.4398546570924271,0.0,1.3129611461079405,0.2911487395170532
5,0.7461935781983458,-0.615118760848147,-0.48900299175418044,-1.1901110885354838,0.3775431839060893,1.0,3.2465592638829706,0.8385559292020703
5,0.508743318285957,1.3683409520934073,2.3938961442971194,0.08743787468018609,-0.4250725189413703,0.0,3.8452054736041745,2.929550126882594
5,-0.3511308249250671,-0.5414830832565833,0.24963978204890946,0.10800104879847554,0.853476104544575,1.0,0.49769725486641003,2.318384393506449
5,0.20775165660245806,0.17864190885411477,1.184029120594607,1.093407945266716,1.0310007234055223,1.0,7.787272241293061,3.2617252232576406
5,-1.4792121691726885,-1.0578723447583709,-1.2584130665988982,-1.0854509645388675,0.907400314235309,0.0,-1.1775648411628188,0.88537095701104
5,-0.6757877923593025,-0.7388417721502996,1.3527979274422641,-1.2918924926007198,0.10821742235033233,0.0,1.311667040908043,1.0928227267062738
5,1.979262463080882,-1.4510792541842301,1.2095318502273174,-1.373507964393072,-0.3093940602101003,1.0,-0.024323602750768614,-1.4912028105646815
5,-0.35613239160935345,0.146142661226387,-1.081955302895606,0.2048671263964779,-1.60597310141925,1.0,-1.0028113948371034,0.07103133001637274
5,0.7623398995825091,1.1483889584806,-0.12586962606374166,0.42053807906029367,-1.081704854780558,0.0,-1.046208370337867,3.4293978231002007
5,1.106143095882982,-1.5957649263143887,0.4509637725848895,0.18721107755844435,-0.10137654967568711,0.0,0.27034611476215026,0.15847135549013658
5,1.3889774655798226,-1.3039796862907083,-1.515477893364007,1.1465150477804908,-1.066805683376785,0.0,4.286529151697385,-1.431293550510905
5,0.04433387701697477,-0.6624630826493728,0.7256408369606067,-1.3204303957063344,0.5035525710615448,1.0,2.9731706475843356,1.3640216531070752
6,-0.7364577706811596,0.22465839358463524,0.4613972273319343,1.1378936924647118,0.5432860316635493,1.0,4.478122860945868,2.5453686941195146
6,-1.1607733743957434,-0.970774414016236,0.2231123270483837,0.7798929982481073,-1.19604745399321,1.0,-0.6643605539109052,1.939767655698409
6,-0.9698583755055864,1.0882803573299413,0.9174937522540408,0.44255181806676785,-0.46570768660427747,0.0,1.247334654341828,1.058714339977353
6,-0.17313720901822757,0.11911360020759093,-0.9891662996381765,-0.6068151281785509,0.08199378278253158,0.0,-0.6029789338815048,0.7447580417580681
6,-0.6537816336403236,1.0512043881907818,0.963301622103133,0.14991870577618682,0.045854209635572886,0.0,1.7234867265853735,1.66180272794481
6,-1.089551856322463,-1.5626318825737295,0.5567998362288511,1.7255940176175892,1.0699193143223815,1.0,5.9159635514924656,3.9015838355949986
6,-1.6792904530620387,-1.1905893598522026,-0.5534774494016372,-0.07747696900798924,1.350088985292097,0.0,-1.9113972721406163,2.7746744751954964
6,-0.9282987521836098,0.1781296376602367,-1.276342647239671,-0.5598789697140594,-0.07657733055555895,1.0,-3.566809441016563,-0.20662446519353936
6,0.7404673772335246,1.3642512933583317,-1.7636240642487806,0.8108387139141994,0.890732036688807,1.0,0.4091315458710092,2.839881269188892
6,-1.3174942653638915,1.0859124425674858,-0.5014287248441182,-0.27330343528797135,-0.02663057791571996,1.0,-0.8111039860019924,-0.07025899693117332
6,-0.8739249665615196,0.3286150507588382,-1.267421635702804,0.8727653341063958,-0.06633393935333123,0.0,-1.9490608597406456,0.508407507689284
6,-0.3263186343066545,1.0429782805636894,0.22937720123361846,-0.13539548446217253,0.019250629814169622,1.0,3.333874045975388,2.0484109385808673
6,1.292120278355643,-0.4271341236443343,-0.7359016656664092,-1.7994090790017856,0.8078371831094434,0.0,3.543371114627709,0.7580734403529098
6,-0.37451547032534604,-0.996917839928239,-0.9131073407872293,1.1139193675489243,-2.2299380685938575,1.0,-0.32068384626440194,0.2843710108891637
6,-0.9691966482985195,-0.475709561414675,1.8576949247808745,-0.8509985578884308,-0.5932715646164167,1.0,-2.4194480821579325,0.6623364536268237
6,-1.1050656569979367,0.34869403635899404,0.41274787902645366,-0.407729709780071,-0.22574572987497862,1.0,-2.454278843825284,1.042142636455122
6,-0.45802282967624725,-1.9080474006416845,0.49631195099120734,1.1524762186954476,-2.099442944692375,0.0,-0.7256312477917923,1.344911501397993
6,0.6243147078999182,-1.4257690788218742,1.3559391923046533,0.7643736806453436,-0.9285642976406464,0.0,-0.8157962531094866,0.5182263461096923
6,0.6614733951669682,0.5395689965185635,0.5074415156785387,0.9569128499824983,-2.710877655978561,0.0,0.9931564098236281,2.2081607304310698
6,-0.5896728532765427,-0.21914076693295298,0.4435422118536458,0.4262412275537702,0.575180444036407,0.0,0.5114176921695767,2.350533715403328
6,-0.03165853115180786,0.32522430463221397,0.38175988494037727,-0.5317599561987048,0.5826293193964112,0.0,1.1625117124444193,2.280811807467633
6,0.32056380592017325,1.183495783690704,-0.27630987251005446,-1.4277213171085572,0.7906355814895883,1.0,6.183269117296088,2.6367865836652467
6,-0.24807749624006878,-1.1019943437776114,-1.8313091531770798,0.07988004540982993,0.7508535019990243,1.0,-0.07950008829063188,-0.15951983355966087
6,-1.9366367898817995,1.0874788316477548,0.08806614882226306,0.4752395037882142,-1.4568877637021962,1.0,-2.367575944426964,-0.9812968659293856
6,-0.012692327443298668,0.8784379133829592,0.6057549752062499,0.3746168834106396,-0.7473842385698366,0.0,0.49695985358230366,2.3602896433574623
6,1.7957561954422168,0.060289762713302344,0.6608870595253462,-0.44857959742795617,0.2968492459428332,0.0,0.7495293773925287,3.0803150976246325
6,-0.3975876255810414,0.6804336232610426,0.9503072407912702,-0.4832875595675628,1.0400438307209134,0.0,1.7952650858660963,2.2058559137644
6,-0.7544321407009138,-0.1077574905454651,2.215847437293162,-1.126902600329209,1.7412070320053101,1.0,2.7306864723806257,1.4640375530141907
6,-0.4000480021183389,0.3071954497034838,-0.034096794869601016,-0.38264215501949006,1.2012236312923577,0.0,1.1809778197071534,2.2223418991855604
6,0.15774417462924278,0.33505138769184684,-0.4427440424181981,0.32848838282065196,-1.5061344985598333,1.0,1.6272403573710625,1.3926345691354367
6,1.1929144018881288,-1.267843803402445,-2.1532293164446705,0.3682601321580157,0.1061760122810214,1.0,2.3193869692507354,-1.9393478369409012
6,-1.3306579742288414,0.14523620065218043,-1.8894525829908815,-0.504869141114442,-0.2676495167542887,1.0,-6.261978190277194,-1.4302469635529325
6,0.10275312920261367,-1.1479259137043858,0.5282192122804202,-0.6221757980143802,0.27861742754292457,1.0,-0.3027822454739505,1.3154969984638618
6,-0.7288912217200698,-0.3324770138690726,-1.461964365509116,-0.5556097197480115,0.19619754858962976,0.0,-0.8863401434648163,-0.09041556228298592
6,-0.8795318682727546,0.3148744808954967,-0.0800167764415782,-0.30574383737935723,0.7037333809990135,1.0,-0.09252979351713131,1.5965159149251305
6,0.6967093193602212,1.824696511664807,-0.24504127434591458,0.6835220934318298,-1.0322887865784156,0.0,2.0153790361049286,4.205209309239858
6,-0.5066629826345531,0.0003847287232725454,-0.11595891619638193,1.2059375505978454,-0.6819467727353017,0.0,1.4378067359503492,1.943966171224813
6,0.10618636895365656,-0.9862324859613859,0.3007513783292141,-3.1556166812970217,0.3092032541081949,0.0,8.398953386849296,0.13753564242846228
6,0.4468337068893712,-0.023243974567975834,0.30722235366022443,1.0713507125832769,-0.2946608348676095,1.0,3.6414944802390132,2.69654203055428
6,1.618355804278431,0.17289073322470352,-0.3185557337976258,-0.32588713243002415,-1.9157123844408763,0.0,-0.3225683276554272,1.8450331108066331
6,1.4839663016551667,-0.0629298089505875,-0.19737786770528737,1.095122324276141,1.3868182875002397,1.0,8.567862281879645,3.7399980477880397
6,-0.7279624116060521,-0.47949606201695605,-2.016842776317438,-1.284780925251504,-1.989489562619484,1.0,-2.288511609015382,-2.3316329401847646
6,-0.19086497536799213,2.013569266096358,0.3493740314163401,-0.12436554764665028,1.303601652578155,1.0,6.615430896654178,3.230924537210782
6,-1.059448516429381,-1.0829187147287962,-1.3222360831521947,0.9265152096149594,0.9106635811169956,0.0,0.04035250046582606,1.5795930694398876
6,0.31083821109112386,-0.5676789321553155,-1.0919976106599922,0.3036141856390095,0.8908140936186477,1.0,3.1228491916061003,1.2070519799372792
6,1.1398485340145175,-0.4369899102743612,2.1309605437411085,-1.6817757040066266,0.1208776525784568,0.0,2.510674017189307,0.6070329250162338
6,-0.11742475586525053,0.005988559706630029,1.1783068061277746,0.6395737826665686,-0.21710233337853865,0.0,0.7423384405249597,2.126457639282725
6,0.38739784392212123,-0.0029273936463147855,0.9235202957792558,0.32288614572378577,1.6726336833381752,1.0,4.592134800528518,3.2536368771708783
6,2.386974370345808,-1.1769650474649922,0.8909280032969594,-0.5571887645169341,0.33101842083393834,0.0,-0.026139268412278427,-0.2433112813325513
6,1.1080938156463958,-0.7167039582210103,0.5687039174314503,0.5033436553354445,1.6600521944885323,0.0,1.4838302706773745,2.6101692641194925
7,0.4388979222819206,-0.09306304936344112,1.39612176380197,-0.9150633575150345,0.7190026190046287,1.0,4.127691782716022,1.9058904320200025
7,-0.8749160214486695,1.22422819675497,-0.11593761097012216,-0.45786306502782176,0.06093714445241197,0.0,-0.2869492448089449,0.8404142185526395
7,-0.04354995767148915,2.0454273829206726,-0.5087926809858383,0.4904771983166866,-0.6854645418061446,0.0,-0.2527421542805097,2.433303681551155
7,0.6538185391382302,0.7351181393836274,0.9375764393194171,-0.7550001286421855,-0.02703897729527881,1.0,5.787091726235061,2.84461433101
7,-0.08680816990312937,0.9374216455460777,0.18627381331341802,-0.8048816408082645,1.0690932683409877,1.0,4.148606074903485,2.5518747404610944
7,1.5238997614154364,0.9985918409042722,1.0830120471018738,-1.376307700162503,0.22806224939848935,0.0,3.849746354297862,4.219052699123909
7,-0.3550965893822441,2.8639648004924534,1.3144373792542763,0.09708840786192101,-1.330665593202426,0.0,5.040641602546362,1.5314402487161716
7,0.6286540692960846,0.1949767081037616,0.7544440068524126,-0.17801939722188362,-1.3026358860461125,0.0,0.7439830418815546,1.8999350978617673
7,1.1905612843146018,0.8328525708536075,-0.47131614518585835,0.8900857505880325,-0.05591650367701908,1.0,5.10506399685957,4.075666956905855
7,0.06843902596859842,-0.18531557935973564,-0.8336943296042083,-0.41487019228730737,1.5107299975243937,1.0,0.5305560480264089,1.7321066425639398
7,-0.6091653473431606,0.6331837224955742,1.0528558375111112,-0.7352398402108702,0.7902203800548226,0.0,0.7655699300996457,1.67530559643548
7,0.4782447336417885,-0.44753844640326923,0.5270439284106788,-0.7170657843519425,-1.4462582459033961,0.0,1.046225766691283,0.8474778789317434
7,-1.084064663382046,-1.7895108059303368,0.674860491392814,-0.3230216919667044,-0.089627881128416,1.0,0.026351721071117717,2.4150572760312015
7,-0.3875910315625821,0.18413289801623645,-2.0235152428859964,0.2723377172958324,1.1490873828347539,0.0,-0.0014709840775064542,0.08844543849322617
7,-0.6999829095055676,-2.4890290002574678,1.8734815801383493,-0.03644920913021045,0.8342485609189749,1.0,-3.6012213964816566,2.18532781388224
7,-0.34827493715792235,-0.33603722791575114,-0.028628739590404486,-1.0444408954947484,0.7595292361223995,1.0,1.5135830699462445,1.617697288040498
7,0.5251443970912267,1.4867837946766553,-0.7106660955152228,0.8200603611819252,-1.5972315953367153,1.0,4.670528208757991,2.800749134744261
7,-1.0653435146739463,1.0566536736892864,0.6330685906800386,1.7109228770285705,0.2744466957942398,1.0,6.9337249047408225,1.9853908854827065
7,-0.2647256175266838,-0.9306411270383966,-1.2424434902518928,-0.5353393861235223,-1.7177892575500098,1.0,0.29831784902382585,-0.7766205890599628
7,-1.1513957959357717,1.745410219393564,-0.22446552866766512,0.2842226838333079,1.3075900859108127,1.0,0.7026887434712729,0.9459360552622817
7,1.8679010518758588,0.3168265731825736,-1.088173734201475,1.0029453765888685,-0.9486488502123669,0.0,2.6113081816941435,2.6313297090606156
7,1.6262981940752024,-0.656483929929082,0.10240038029135375,0.23785382609678876,-0.9743819570314672,0.0,0.93544891714006,1.0949662878919226
7,-0.6659122075138054,0.8941018223714426,-1.677362097368704,0.7648528131023756,0.26655737363029286,1.0,-1.3959658851280106,0.0893613469246386
7,1.1528767446800987,-0.7678192356372145,0.005375954370999466,-1.0063615459678754,1.1056489942038745,0.0,2.111801295597826,1.3596450645328508
7,0.33301715663667075,-0.5698845466806126,-0.9580186184819425,-0.3778442817881822,1.0568413875501284,0.0,2.011827671112396,1.1274162075320124
7,0.18796322155620634,-0.9121513285852498,1.5529884906059357,-0.9541624981129051,0.21587132936783074,1.0,-0.07453788874390799,0.8916106001515138
7,-0.1583570318708693,0.6089323445250014,-0.6453973616018455,0.13353069930572836,-1.7645049967774955,1.0,-1.816341972850756,0.7895339187883694
7,1.5472765124704555,2.0155626517239367,0.19997037420408673,1.0191186692230418,1.2627757435905307,0.0,4.11004699692111,8.121057189179336
7,-1.1396693113330276,-0.96870711060869,0.4352043651494735,-0.3261847928975862,0.6200587311427262,0.0,-1.7058769323623562,2.3211406081197663
7,-0.49228337790257976,0.4914127319958388,-1.1169684901201875,-0.18640802335467482,0.5913396022463328,0.0,-1.434946974684149,0.8400410052910192
7,1.068785310632048,-1.408928893296744,0.4424458088037947,2.029858472719962,0.47393510731126226,0.0,5.996015835263252,1.7009125898674449
7,0.8678645850123003,-0.4777381703190261,-0.0313102169052152,0.3661801303059718,0.22165006987949296,0.0,0.5448914111710197,2.0582210352592654
7,0.05632564552323904,-0.7818747873138316,0.7912771437749596,-1.1375388435640628,0.9412945048119954,0.0,-0.8184042380358459,1.5936397481216873
7,0.1920567391750886,0.243670299027788,-1.1120010954348878,0.38897252623972944,1.097277749294423,1.0,3.5282120766114238,1.8946548813059534
7,-1.1640292368157559,-0.3947104432250184,1.136292281993946,-0.12226125235607514,-1.3495875008476546,0.0,-2.745101073860936,0.933267003010408
7,1.522290582320895,0.8196741701888411,-0.3288791675326224,-0.49991385024349927,-0.006522427106272456,1.0,4.7461625043520135,3.947511870823153
7,-0.7744252276701857,-1.8967485173923275,-1.111337741725082,0.4740090595761694,1.6294017923567887,0.0,1.6743026928289668,2.072802490708872
7,-1.240026768442137,-0.25689650114025386,-0.6792600296315333,-0.27168184436809023,0.22464767334973318,0.0,-2.5125745075252244,0.9849875970486874
7,0.31554185926301903,0.06421834732714397,0.1978734410066575,0.9097298371108847,0.5532618860670989,0.0,2.710475754955604,3.0210631056229738
7,0.3979962826979643,0.35541828315460844,-0.25913676854543066,-0.20377469969353007,-0.019925545288668026,0.0,0.06144685199980937,2.243355469724918
7,-2.240420969315105,-1.403218653685868,-1.8145682818273554,0.028975817117688818,-1.7097183929403603,0.0,-3.0973710247886306,0.3329604859970634
7,0.1912509832044165,0.54984522829908,0.814899345059348,-0.3386412396232362,2.2792049495968194,0.0,2.527357977189939,3.5393797129498124
7,-0.009448977061720397,0.16609838630761845,-1.5930161745826266,-1.1489504356735678,-0.21380463375258202,1.0,-0.2493923842709116,-0.4233483966532483
7,0.36893794764800625,0.42599574687516983,0.17392141250110585,1.2130786176816437,1.4262472408396134,0.0,2.9916776186629344,3.9461702362696176
7,-1.0966844079357796,-1.9444833584778556,-1.090597684702421,1.3769800740927747,1.3147938291352563,0.0,1.6080725219866654,2.8744441677464523
7,0.7818459603794095,-0.9086940414869489,-2.4416644213755165,-1.5100717598948374,0.5995764728106158,1.0,1.517727883607711,-2.214851079732731
7,-1.8322903208603514,0.49807043200621137,-1.611960343600033,-1.6998531419359557,1.3458347872372571,1.0,-2.5450451249468897,-1.6038613177965075
7,-0.9263804049291895,-0.33118425664747386,-1.794692628947678,-1.8936805937144259,2.1631367956360292,1.0,2.234837194455536,-0.3066282868264558
7,0.24454370921926832,1.467256215812552,0.15237144633326224,2.5883152602697526,-0.546707661095581,0.0,8.690746634569264,4.300111676113172
7,1.94837337155871,-0.6480410170982621,-0.7958230312783773,-0.4490312580949162,0.06738919627264309,0.0,0.8939851295308209,0.49850476614023176
8,-0.39834483815235044,-0.17686246653017515,0.24692869272776835,-1.2559857188813077,0.9350774379640877,0.0,2.4178699523438816,1.7155265084273361
8,-1.294689772831152,-0.35954742421463926,0.3364924808082168,0.4269846576630722,-0.3070810552970962,0.0,-0.13430946561721813,1.8105003923448189
8,1.8508116099379135,0.9899351201540888,1.5421002827484094,-1.1005349372076971,0.27468279098199383,0.0,4.851137727526177,4.639372952627646
8,-0.4044188756855751,0.34766807509011555,0.24424285855413158,-0.3368164680129969,1.0113744430157166,1.0,2.332978227411968,2.2607421807705417
8,-0.12598474899614479,1.0691057846320082,-0.7998196994176702,0.2900169699912616,-0.49333602251678316,1.0,0.500206349063528,1.5321361556621622
8,1.4918680040033994,1.0021448040125513,-2.471504776277509,-0.9404043945726052,1.2847306965408474,0.0,-1.5429049313530283,1.8947178430630132
8,-0.04124869054900128,1.7383400542285476,0.36972718371303437,0.6726768372636377,-2.10612396028391,0.0,-0.16928568988278903,2.1774074267086476
8,-0.3974030136770727,1.7056679177704777,1.070272678705659,0.9013060377025264,1.8399061622601747,0.0,5.008080333416786,3.361922337810486
8,0.647025643655776,-0.6274027446196734,0.8155613941089419,0.1194912964109613,-0.09188261330102013,0.0,-0.8660338028631498,1.7109105679924794
8,-0.6132343791066073,1.3884364474914666,0.05887341683428976,0.12502761004892318,-0.1353889040581794,1.0,0.9788872900295309,1.5586875937068763
8,-2.9085156631051454,-0.031153457716873213,1.4629866850141444,-1.0876740483944747,0.028592774935135887,1.0,0.10865811892024307,-0.06967061557478055
8,-1.306052126503981,1.206232427586899,-0.7078919000205423,-0.4798209991488849,0.956482477163779,0.0,-2.6201201623049624,0.018806833050829197
8,0.9770552551038484,0.06681207254965307,0.47792838880309474,0.518930303557164,-1.1751344552535132,0.0,-0.4921772144321843,2.386024514673708
8,0.8431401869445675,0.07908608240100001,-1.4295268918726332,0.2512901732530759,-1.6129115231315347,0.0,0.4801651439661241,0.27301968473592825
8,-1.3174934530909956,-0.33171471427811383,-1.4180128065663231,1.1816238650316953,-1.1230326544541178,1.0,-0.10769745826304178,0.08490689697099751
8,-1.2718353795531407,0.1268720624264902,-0.3210066720471066,-0.40272860011576006,-0.23950434049718006,1.0,-0.5134731525599913,0.7334564292360247
8,-0.6142328610871901,-0.35548567729948227,1.4375766699739556,1.519810342052366,-1.0832441663620946,1.0,4.568309594716649,1.8033890924949807
8,1.612330444316863,-1.27837956361312,-0.07158874118338406,-0.8913799423588937,-0.9491228482800341,1.0,-1.6425840472212978,-0.8528019951054964
8,0.5706384204458291,0.46520303770295657,-0.6399059869132308,-0.11515637366631737,-1.1669478848330475,0.0,-1.88449710652916,1.624530231515923
8,0.8660926701302509,-0.6882495675280881,-1.0099883429252414,-0.732959758134706,-0.7350432431187078,0.0,-0.3928649994273279,-0.21429143352429925
8,-0.28658282151579956,1.811990192663252,-0.6281671517205222,-1.5431503048572948,-0.08642429548248722,0.0,-0.07340456036389786,0.9236535110184344
8,-0.551925094308881,-0.8419748519809466,0.36842185449421755,0.7355209109911472,1.090993371391234,0.0,0.21259406161420896,2.7981220110160607
8,0.8410797482693684,-0.4471269230829428,-0.17903259512786598,-1.9214469541522732,-1.2957202739372065,0.0,2.2733865235716344,0.10682352754023805
8,1.4377895780131738,0.6048003749578889,-0.07345646157772523,0.5984838921728113,0.4506471791904553,1.0,6.77874587754176,4.376011244313283
8,-1.2874638535186738,-0.34982182255629407,-0.12751569226749135,-0.1719178642505474,1.507074259175774,0.0,-1.4060899880967312,2.2274413496392667
8,0.9169809615014177,-0.7414860087552723,0.22332341826251073,1.1113458217666057,0.7495442615385685,0.0,3.4215145470525004,2.425092466817741
8,-0.7092911965156206,-0.1673537326201449,0.5029910068250945,-0.09289453011973277,0.24490704072608244,0.0,0.02662017168290398,1.8840264968923603
8,0.7419871357990092,1.4073781455015144,0.442845799540877,1.2938039449224898,1.336780063140991,1.0,10.393012721627155,5.559189886544026
8,0.7138482017147808,-0.4625342877555172,1.6762389262657895,1.060983917168086,0.6910081356391643,1.0,4.0488352235332385,2.404345856539421
8,-0.948887985005435,-1.3550803763982442,0.5239326436202906,-1.6508504319234332,0.3928116672124437,1.0,1.3583870618389415,1.6326406681432941
8,0.07726635140022313,0.21409650582583062,-1.1327065791898525,0.8688887843372203,0.31171672115033466,1.0,2.400923672360729,1.6103837325601922
8,0.27046100182649835,-1.0103069248702738,1.2609278688393837,-1.3484810312990918,0.10932420143959944,1.0,1.1844889260210654,0.6726472968151214
8,0.7595147904535897,-1.4227418092429285,-1.0864596598519705,-0.37386474993285895,-1.0878417828455713,0.0,1.6254332257149522,-1.2206686300417142
8,-0.14500141084981433,2.0199590807959544,1.2334557184501358,0.01682700183552428,-0.5023912470942791,1.0,5.372763668159418,2.3495064169297204
8,-0.9061047024600303,-0.049512920983226266,-2.5554371774802425,0.8672015842964647,-0.0902996197912913,1.0,-2.5332583810031997,-1.1552860039538766
8,-0.38682003668539416,-0.5792567050589016,-1.108004385162912,1.7657612797900675,0.30432764104437854,0.0,3.3674450574868016,1.6685200965795592
8,-0.6165645676618224,0.2211618622882044,-1.5797443036854995,0.40253518917778874,0.08365622148183828,1.0,-1.496123041688916,0.11021377530938309
8,0.3074325894707423,-0.5795039856039879,0.042654215389983034,0.2754879909833503,-0.6345073689875773,0.0,-0.37573430147932624,1.52671375659274
8,0.3033524988207716,1.052581228512293,0.07559873788201166,0.7468032404432638,0.12959727860010212,1.0,5.409992994746267,3.4704134141312846
8,0.25709207769143133,0.7500161632429333,1.9792998825788868,0.5336975067193779,-0.17361410829417845,0.0,3.6027673169084222,2.4688325126454274
8,-0.152650358866807,-1.8247300059926772,-0.11573418902538436,-0.3542995448826767,-0.9956119235601938,1.0,-0.8455997015725565,0.5503429499118759
8,-0.6515382788491902,1.8360935505335587,-0.6541616014697106,0.49728295027713004,0.3784100928227092,1.0,1.519103862868191,1.3003164924711883
8,-0.36507430437728167,-0.9762750284874521,0.5093617887597741,0.9600104364468475,1.570128966264696,0.0,0.7184176195118895,3.078544746299701
8,1.3031800776388685,0.5863985519577948,1.496072528007861,-1.3673752316951122,-0.40581566141614606,0.0,5.781650773614277,2.6450673223713537
8,-1.6531383167421607,0.43613502552134187,0.33589480638916663,-0.3806535183024637,1.1594218366662399,1.0,1.0349185024892935,1.171954141637071
8,-0.02129375237693283,0.19736680631759151,0.6302922317782903,0.06438475351804941,0.7749960723277837,0.0,2.4622008804730644,2.62652568287302
8,0.1571546161111424,-0.3048672511800083,0.7386466381622805,-0.3592024751674519,0.7214765470992498,1.0,2.7047033580368174,2.168073179381733
8,-0.1225243176150601,-0.32387761423694045,-1.2908249601370034,0.5577541035117217,0.6183246599541293,0.0,0.3369912670140236,1.0354369496352795
8,1.1010848835261395,0.1017506311326462,1.8501456923160573,0.275995230270576,2.5347397007828523,1.0,6.800960700062099,3.7681638565337034
8,0.7592599607243,1.3376540093127236,-0.12072477920778507,-0.3711998356009883,-1.7859752155129298,0.0,1.3227715083598686,2.9178558106102335
9,-0.17035798299920765,-1.845101751724393,-0.2437479174164242,-0.35430436933428316,-1.3512396541883005,1.0,-0.2941670936644045,0.3023922400165753
9,-0.5623269035698274,-0.02820020225440683,0.7082416115585671,-0.33737196028134303,-0.17970546094184395,0.0,-0.20718870527088035,1.575683154637313
9,-0.6438052436484454,-0.7146250585712235,0.7826741885884332,0.6098913348252628,-0.971858646387769,1.0,0.98187142938403,1.7002479438393978
9,0.8786714559272001,-0.03625620769461565,-0.5659287210438247,0.19292099611933927,-0.2934072682664831,0.0,1.53056462481501,1.9002338170402635
9,-0.7290147428388991,0.6980884371833882,-0.060006374772013565,-1.3167116176919746,-0.5378424980648069,0.0,1.4026061014486428,0.5165399970538418
9,-1.370501777530177,-0.3732181704928253,-0.5182823187244324,0.011936129037990219,-1.4562380329695754,1.0,-2.3201496317224612,0.5270154614752969
9,-0.5517969391328759,-1.9101806095593503,0.5671762819009695,-1.235760961344192,-0.8004522558313855,0.0,-3.8591260555928457,0.9319459570849566
9,0.997415072509493,-0.522639034479107,-1.2296681172343427,-1.0641124964479898,-0.5851345913103605,1.0,1.6040139065739192,-0.3888071294509794
9,0.20902357899930646,-1.0065080751110722,-0.4799770765884591,-1.2424766666862337,0.49028738281382106,0.0,0.30383834117151465,0.6617961596625772
9,0.6157622721628019,1.4698991867179292,1.8788819623085118,-1.0350644718379427,-0.4014924956047281,0.0,5.312562901195492,2.8658667249333165
9,-0.426023544362486,1.3806522758444892,1.3751508726191555,0.5838372941701735,-0.4616751505466499,0.0,1.714748293858166,1.8321802136456624
9,0.25889490295415196,-1.9646340008346876,-1.0254017238467292,0.7515443041244979,-0.4551570910167942,0.0,1.283691762640112,-0.20725504741236944
9,0.5789052155044464,0.6971669881794321,-0.09612028635673966,-0.9748342500449206,0.7069088825603345,0.0,3.069811268791281,2.8549908813503526
9,0.6498562262075862,1.0332018677166805,1.1273435977901538,0.012403106944426541,0.3824190409630747,1.0,8.266631443101641,3.703105368763322
9,-0.3042250668282352,1.2664621002839955,-0.4951575264626089,0.24630519202313,-1.0894021508754905,0.0,-0.7381020431424179,1.3065956258389018
9,0.5266200438713406,-0.2583573162685667,1.1367485464341032,-0.36137427074729217,-0.09511692499554228,0.0,0.236570846474201,1.7587505689007705
9,-1.4161763124611215,0.5618554334651326,0.0334552662990593,-1.2946790487901116,-0.10739520951908446,1.0,-0.8225604171083692,0.09228413336966446
9,-1.1221585607755158,0.636644132848018,-0.7138668897182608,1.1460300389223053,1.216073119088129,0.0,1.0752023432750915,1.6227808994810142
9,-0.9862640183262997,-0.6089693534681785,-0.03382239364914264,0.30467020393860106,0.36940732411700744,0.0,-1.9847959668265414,2.1225435202632417
9,0.46346811505180635,-1.0488224021084915,-1.576810378291655,-0.038950993504933855,-0.47290003276153136,0.0,-0.12896952168845566,-0.829117602780037
9,1.9031454448802787,-1.7625734981626258,-1.4375192098718916,0.5557014591793762,-0.6392615559875682,0.0,4.447725387198905,-2.9118044993125967
9,0.1181007569595755,0.21708905711977455,0.5348677032436698,-0.7022917385815068,-0.5571841839957604,1.0,3.7741043095843083,1.6912652514082849
9,0.4724676125052787,0.03712031736065305,-0.5021020639051836,1.3755329388882185,-1.301054233518393,0.0,4.185548915472988,1.9350932740224163
9,0.9971429234943147,0.2706306007998541,2.595384886950353,-0.20325503913244924,1.2606126852322384,1.0,6.949139483714383,2.8756148779701087
9,-0.11766880229775566,-1.087238214425522,-0.13506739090070344,1.5622942371492663,-0.5794384390547068,1.0,2.0002593304195933,1.9402669725312551
9,0.543630553957709,0.2841997665747522,-0.6283845008352125,1.962797157489638,-0.5061217178812857,1.0,7.73822980802495,2.7915385225430027
9,1.1296358788303758,0.12795823651214364,1.6214387468995375,0.7030515399861835,2.1268730618507985,1.0,8.628303688663909,3.9484041708354525
9,-1.2284841400501532,1.3053599725033576,0.1323813981048177,-0.295733772051443,0.1436357498469682,1.0,-1.2229626943681118,0.416215952804467
9,0.5359660656196017,1.3971047866750388,1.5490565201113289,-0.6147575877524872,-0.4879009982328614,0.0,3.8512214460706886,2.960273243265223
9,-0.4822159697284488,0.07689741612941754,0.771460471957941,1.0566456906621944,-0.8002882975685534,1.0,2.8820569733468377,1.9910617119714198
9,-0.4744220629156184,-0.8836020946599881,0.597591036425775,0.01128572322111019,2.3837582157068895,0.0,-0.3276447497702889,3.063199159425552
9,0.23134074560486445,0.13976509378846974,0.3017931235009171,0.7824329050870147,-1.328122997085864,0.0,1.887813578682827,2.05074284579385
9,-2.2479762637070517,-0.1175547924545996,-0.8924914273505554,1.126271737061117,-0.6883124485337693,1.0,-0.7661303042169743,0.48170284295658294
9,0.24363174696325152,0.6445593792989984,1.2137581950388432,-0.7140695197699579,-1.2094559125580837,1.0,3.8311157363996924,1.5957477611425672
9,-0.46110883400058494,-0.2347293522622096,0.9645522794147771,0.44798138251469066,1.1466396292682226,1.0,3.643168408265559,2.6096881978460944
9,0.23645305862369842,0.46802000826384865,-1.7607763599389186,-0.7341973148590829,0.24722619375020113,1.0,-2.4628433095806423,0.15018826796922624
9,0.3370228998806901,0.1203378091549466,1.9658622857543222,0.6752709697416616,2.0075527154228703,0.0,2.422979215613511,3.208710869519865
9,0.08455230130175238,1.6675608906089494,0.17834300084550697,-1.98329593890453,-2.051427011352256,0.0,3.661349005544134,1.073001725972627
9,0.28823941992508195,1.0056512801803377,0.08275670070303723,0.4338638016226303,1.0191644707124272,0.0,1.7718140602189296,3.701283796362021
9,-0.9682448189786015,1.4816456488270369,-1.0035311713294002,-1.241517023706455,-0.5549678647998338,1.0,-2.544585494391783,-1.0405757727628395
9,0.48237828325371124,0.8993337220461787,-1.4563647842921172,0.1413731416497694,-0.7440433453127385,1.0,-0.9231971654344155,1.2093395327565943
9,0.4657681056208035,-0.1112785254120402,-1.2698516390318935,0.09133046803575125,-0.5722581291085522,1.0,0.7967322703272128,0.5464477214262491
9,0.22978506206504368,0.32365347799812993,-0.21297591948614053,-2.1985467755809385,-0.8276868733734278,1.0,7.910327520082058,0.708891445337454
9,1.1840204061650248,-1.1578549817154418,-0.9937833282716446,0.06780694064774889,0.865238923466065,0.0,0.7030443031964229,0.15731303496996862
9,0.7768303366519804,-1.990409616886304,0.04552995543831304,0.885670698210321,-0.04049732075273596,1.0,1.1136167731287625,0.29131514418755566
9,0.34776300019545325,-0.7338754934034095,1.1116212846230393,-0.30741664835786275,1.3868533147208637,1.0,2.135577549982134,2.090466735994622
9,-1.0317753757829213,-1.6155404309709658,0.996421501244335,1.3582345553100983,0.20190077878899715,0.0,0.5974099280745073,3.16480539240749
9,3.096695359324858,2.978620253411921,-1.6849320285758105,-0.001664969530672019,1.1976506391062036,1.0,9.163991115232637,12.90317608650089
9,-0.31415455955659405,0.9209305841140092,-0.869726687272388,-0.4789452278613319,-1.27358797058934,1.0,-0.9410203835276089,0.34797895136239354
9,-0.13015368278228634,1.4895341337565144,-0.4218333084312706,0.2905076318942462,0.608539775398291,1.0,1.9755309374590868,2.6367687773793693
10,0.8833978956358456,2.348465406050883,-0.35517371145998117,-0.9543824298016889,1.2271794032626655,0.0,1.6865950136737942,5.58695877376557
10,-0.8338954405401654,0.6218288546637585,0.1099404795502558,0.29687609400596865,-0.4011661695650154,0.0,0.30803673186512237,1.3722142926068746
10,0.0963078194553909,-1.0494186359734379,-0.40503534611015823,0.3543059174520051,0.8023716128800494,0.0,2.145288149757596,1.7172869328866023
10,0.09790053004706893,0.13214592919944448,-0.531243273320156,0.20750425788472807,-0.3900141756044705,1.0,-0.4164815377219959,1.633261678343932
10,0.22561990624726558,-1.9428239261933384,-0.12168777241568299,-0.5344578699262803,2.2089796046197105,0.0,1.5226344753167398,1.4720803940267044
10,-1.096103613373734,0.8877696689319238,1.4070451984293821,-0.7528582398500551,-0.8032384944629444,0.0,1.565439468482671,0.01124001119383422
10,-2.239788134684118,0.528254359676106,-0.2594628869659549,-0.3562187880236678,0.9866296459122904,1.0,0.49055207002978785,0.11305717110560642
10,-0.0468235220995932,1.198474905364813,1.4475964807641537,-0.35293297102665083,-0.5954572286252529,1.0,5.975877773478823,1.8922004397449503
10,-0.7262350990284064,0.6740599028103904,-0.5001581568440658,2.002032764936826,-1.502332468876428,0.0,2.2434093922482896,1.3616642377153707
10,-0.635502299417533,-0.7291873793928495,0.9596375252723603,0.26339797232394097,1.0990193405659276,0.0,-0.4263648122926437,2.5158997206160825
10,-0.24745873921855155,1.6719073466352727,-0.02348226970956352,-0.35376928186299833,0.21960870805703245,0.0,0.8508376228040044,2.219399102035604
10,-0.4971281297734621,1.8588491118447112,0.7510002062237482,0.4316615268281434,-1.0515167778085548,0.0,1.1488736392764993,1.5533535098169335
10,0.4954424874395975,-1.1667913701486294,0.07466526337821894,0.2815285778356063,-0.06863822601942406,0.0,0.1763692461747104,1.227239191455206
10,1.4181128885744594,0.7942666072410877,0.4846168828231601,0.14423556978462262,-1.0094453181476288,0.0,3.8000240158928937,3.927106524439645
10,-0.3489726695787845,2.0639848583675624,0.4880756425972168,0.13586009830321877,-0.7706244457939563,1.0,2.808643401279673,1.9471243127103328
10,-0.14688777160236985,-1.2082573683557358,0.6913963127680919,1.4865607614770213,-0.35449887169350214,1.0,4.650942700286687,2.1819912221027433
10,-0.3501243135958907,-0.9418731127145282,1.4435238685523315,0.33266073858327755,-0.13570083362185548,1.0,-1.450972733037638,1.6309449879828837
10,0.7321048847677094,0.4983050376092394,-0.48380616097138024,0.09778212653858476,-0.16682883902820259,1.0,4.274619272923049,2.588820972865223
10,-0.7271506701093011,0.8851948975795364,-0.8825376214410068,0.16746959963680552,-1.1108509117136323,1.0,-0.7866440606473362,0.1575858353436027
10,-0.8754443594020394,1.0271402132372323,0.5297974120949797,0.4920614528543287,-0.07795433772734789,0.0,0.9719821497584902,1.5115055522840035
10,0.13079807170796587,-0.2228206808090171,0.7226927676666304,-1.2943467554690649,1.1811704252441697,1.0,2.1594043565875456,1.9796298346768175
10,2.2976619425195772,1.0767327877490795,0.8233102881804227,-0.6480347270660143,0.6104777215396385,0.0,5.1185839259567505,6.233839125555751
10,0.14665949906247494,-0.8483008643813446,-1.5796192706184462,-0.5794711604961986,1.1424297786844066,0.0,0.01878500433828656,0.007614781946388399
10,-0.023862443048976275,-0.026928471397385637,1.8999343653912846,0.3227961826004383,1.24475100670861,1.0,2.294548089916197,2.3857604431108865
10,0.6085268984779899,0.5545154179818592,-0.5519113524013671,-2.4668198335254656,0.71346961052782,1.0,6.3228725421267375,1.6178518439209588
10,-0.2451592933912112,-0.9233400634709727,-0.39477842847963784,-0.757003236299458,-0.974205966574839,0.0,-2.5254952927335133,0.5022037076533739
10,-0.7107188302908513,-1.8647398806649564,0.04406198208774539,-0.3497834321687486,1.1291683677103406,1.0,1.1284597039398674,2.4483292780292585
10,0.7122299292680018,-1.651138167728381,0.36140654994977517,0.10317983150037381,1.2938014849276454,1.0,2.453771759890832,1.1691502003010996
10,0.753320636083693,0.7750477290721506,0.6844431391219435,-0.8566673373557632,-1.0633203523053196,1.0,4.613563319622131,2.505042593419291
10,0.26193945865276086,-0.6325908390372753,0.5061059932446028,-0.3948389906970646,0.48925179617845826,0.0,-1.099779539978655,1.823872058753356
10,-0.9381916050124801,-0.2640291833338092,0.019354673077666158,1.176910013762587,0.9856685801488755,1.0,3.4558610440406525,2.737378906765443
10,-0.06866235765023115,-0.7701969852565415,0.7659281038588363,1.8456868829304873,0.784408346190552,1.0,6.258827433781278,3.052204836476512
10,-0.8560717638185478,-1.3710333617071424,0.3938822379576513,1.1580415286405206,0.741117577135556,0.0,-2.1573375194751923,3.1300971689831174
10,-0.7416679133737366,-0.4265255298503049,1.6509381633170588,-0.15106169416284645,-0.5780512152012645,1.0,-1.897247148390818,1.1131001290369962
10,-0.13165407321118924,1.2330438760139688,0.07276937501620154,-0.8155895492254603,-1.0706607499025533,1.0,2.0812410389354956,1.4789726678217059
10,0.0711366358222212,1.190731625251938,0.1383258434015472,-0.863938571517467,-0.33224416624516034,1.0,5.767989478328792,2.177158550785216
10,-2.159515930155901,0.9357165594905971,-0.6151306891727955,-0.30982130850246287,-0.29090745031485715,0.0,-2.679020080668848,-1.4238261879644096
10,1.4522993135363436,-0.3800354965185035,-2.2244885010800286,-0.4143971277235412,0.9136585048726,0.0,1.4759437986621862,-0.4865284983660374
10,1.3958590291229818,-0.09548639028846857,-0.15742271011468328,-0.9781267394491008,0.8701360744204827,1.0,5.989992088992499,2.3718287051377263
10,-1.1037148599193838,0.7685600968560944,0.27999784640835745,0.07423284108200542,1.7645545295850749,1.0,4.472875959140509,2.004600060830679
10,-1.6351732898896238,0.817412960653379,0.082587406470782,-0.22753482354631027,1.0235335493546862,0.0,-0.674713347069698,0.6903926595600008
10,0.985170984550142,0.09384073847381322,-1.1501575300300837,-1.0789788855428724,0.34985044002531174,1.0,2.809110725642745,1.1006556945366448
10,-0.3625655691419727,-0.6539006406029647,-1.9676007208486053,0.6754719601433679,0.6893210254775838,1.0,0.4163356070280305,0.04097187445575526
10,0.9333796773818436,0.17035327441548043,-1.434620393346298,0.1753122522531445,-1.6168510204384594,1.0,0.6136384676455622,0.4085466311490977
10,-0.2989759696025042,0.2164758492402045,0.19619635751525719,0.4033720048797547,0.9072873888973954,0.0,-0.3266302651775902,2.628271892024901
10,0.9660717440648919,0.38305565679798836,0.21280957622755778,0.034789535931731015,-0.4135463621963111,1.0,5.438464053761046,2.9390906932175014
10,-0.8971319114428445,0.07982297965168916,-1.4821202984872348,-0.682810318081161,0.13122882101600536,0.0,-2.9749821207174447,-0.4085572484000163
10,-0.3094722266308501,-1.765160871466796,-0.9469525440084119,0.5217254367632074,-0.44788549425902885,0.0,0.09071181376820424,0.656554647994458
10,0.3481704813090842,1.7120845461223362,-0.6282969600667908,-2.3913689691794624,0.0805241757830333,1.0,6.101315829258908,1.9656836105467292
10,-0.0023645645605524547,-0.6743557092034597,-0.2810842771774038,1.2214576185208808,-0.04180373848018483,0.0,0.8296405986348516,2.0732744494720086
11,0.9374105502385861,-0.8892547753477213,0.7880778855544885,-1.5231079471287112,-1.4055905225864065,0.0,1.0884052277369989,-0.17461981798433635
11,-1.721262565996294,-1.6034798983248815,1.8377757715558276,-0.34959305491418563,-1.9568227727116954,1.0,-5.20638118250508,1.5994995630283446
11,-0.793493146355264,0.7462690911636336,0.4217833634374642,1.0930983734285205,0.6380502856920417,1.0,4.561860509741286,2.373054878135747
11,1.4316951828833382,0.8632624278964468,0.4302739540861405,-0.6035561417469094,0.0035834698438673845,1.0,5.277315557004507,4.207409618172233
11,-1.0329923716049623,0.6513031293530637,0.8527122732245026,0.37761820964877857,0.09907150120623316,1.0,0.8186471010251238,1.4590082497889028
11,-0.5866265331177296,-0.7475617546063021,-0.15058313546232144,1.3285763284140866,0.6589666257366452,1.0,2.3647737781445786,2.6786090930305053
11,0.8132845099799054,-0.9908365278461463,-0.08816357917666623,-0.3661207556619985,1.8098740617074442,1.0,5.105994412501645,1.7793029628446022
11,0.20099044667422222,1.5929886256872265,0.12841896175459094,1.2073035555997738,0.08965105472032414,0.0,3.0240119598578494,3.921617428514275
11,0.27101273076101934,0.19140913318645894,-0.26665313699885407,-0.8133670296446647,0.0432482170165586,0.0,1.4728899570941616,1.7293574794827586
11,0.8546071520955529,-1.1144123082533395,-0.5837520554038406,1.6441292046424028,-1.5136018445545845,0.0,2.501315343241325,0.5255008959926045
11,-0.7289867349418777,2.233459591662467,0.30736355867270954,-0.7839676799603157,-0.6727409531215263,0.0,-0.9314261780580344,0.5025360042063827
11,-0.09740714822940082,-0.1421371557262438,2.5323586370360953,0.33734702724503296,0.6002755854148226,0.0,1.3077069467990716,1.808977063529245
11,-1.580557223547238,0.852459576084395,0.44676463224847357,-1.1070565515899753,0.9427248437319048,1.0,-1.356720605255777,0.331656158303256
11,-0.21340646887377687,-1.932212785324184,-0.36359849589332216,-0.6971822734250408,-0.22209288950968786,0.0,-1.6036512549520374,0.6327233606095573
11,0.6656529687813113,1.4134717393875214,-0.5893961077932597,0.3388793903556575,-0.47719933845315887,1.0,5.011683344905946,3.447862495400309
11,-0.009479149146680339,-0.5645716915939493,0.789742757591697,1.6122737360156412,1.2309852318664234,1.0,7.497323339419914,3.238855126983933
11,1.2962111147954665,-0.23849476267485464,0.9269165402707904,-0.0060575217478714884,-1.2203262915698954,0.0,2.5869697908601257,1.670287876495535
11,0.6446811797399062,-0.24421552991063875,-1.637016460437628,-0.36663930336881473,0.32170190120258785,1.0,1.4381740265169465,0.1356429904781682
11,-1.2302873842613216,-0.12267063402274171,1.5680814136710408,-1.3531170458341988,0.45598014709540496,1.0,-1.020787970947595,0.8126282915703066
11,0.08525610155072552,0.12422525281600509,-0.5326117936709758,-0.6932600383182359,0.11858889255096582,0.0,-0.34230654480940576,1.4231739486653892
11,0.20826388287147674,0.12666133920406272,2.1933180090735798,0.21962910817557035,-0.2927221637184989,0.0,1.3845169311964036,1.6708684162379537
11,-0.7237809145335591,0.13824671433332966,-0.24022970287232862,-0.3120521989058738,-0.32906134591913117,0.0,-1.6222798814288317,1.1377842909706892
11,0.3654600788460253,-0.651387139962239,2.4519863776187445,0.6295315776369205,-1.3000768693867133,1.0,-0.35898348812376824,0.738204441650631
11,0.06650019978865467,0.31794383143973015,-0.43069034840106146,-0.4299903337731266,0.36353387000084775,0.0,-1.612841072541292,1.8734696848478167
11,-1.7228860213855826,-0.8635599874995542,-0.9574233994883246,0.3421465329403319,0.06539132996911669,1.0,-2.4146616728833123,1.4952784677485915
11,0.6382727108114953,-0.3583655371352087,-0.17048286277949012,-1.3726596633766077,-0.48293188101474666,1.0,1.9396077863071577,0.8836844005597106
11,0.2687097364812223,0.6210019746061097,-1.1091795180904818,1.3895967966193956,0.5169717426688072,1.0,5.246371447548057,2.4558159146495244
11,-1.5691710005774522,0.36948427559285174,-0.13224503557108405,-0.5839939320065167,-0.7893050984332927,0.0,-3.025405017595751,0.058868955943938595
11,0.6577209368628724,0.6537076067787558,0.776796884263133,-0.3732913749530639,1.5286250965641004,0.0,1.6239248920930196,3.7648993268923605
11,-0.30519339645639826,-0.4837463982346962,-0.602609855816682,1.3876631017430825,0.6355694586821885,0.0,2.4419281175541547,2.2873368315763978
11,0.024757218419438093,0.3057191283661594,-2.915969103033141,0.038089537416576565,0.08307424426570693,1.0,-3.38160401683345,-1.1992505315209034
11,-1.2977966103296568,-0.9317507104118992,1.2307691155115006,1.1879119567267564,0.5691308777480659,0.0,-1.7852946733890018,2.9218679738489177
11,2.1739124027232846,-0.04356207024808683,0.3740434458853693,-1.6938850131022778,-0.6878707083012973,0.0,2.1565207639898647,1.8974764593262967
11,-0.29588041939750437,0.010140796797645239,1.2318728795379483,-0.22180468124610006,-0.5395097724502264,1.0,2.0285635289707353,1.4218809123769782
11,1.4241231404178627,0.42800225532619,0.29237169945468605,1.2114756171504517,-0.9185388233339483,0.0,2.345996341782506,3.7858078488411744
11,0.40883986770651676,-0.12630195539674427,-0.25860460238519106,-1.1690790526320034,-0.3899718705786626,0.0,-0.127070475867046,1.1475516853830174
11,-1.80262775306695,1.5766483785662038,2.097746175419179,-1.018779014649861,0.12467850172177701,0.0,5.5567598977266845,-1.8561762815550926
11,1.30302313815078,0.864200598385593,0.010184182602569952,0.3903762011814475,-2.020832331489746,1.0,5.02697110882807,3.3994974117760792
11,-0.5266515311375559,1.328754532635038,0.39814784227018274,0.032336111360985124,1.4982172697214267,0.0,0.3859887756480256,2.5873921812461615
11,0.05227850576635631,-1.550885931875825,0.41255223415560743,-0.2797688478256023,-0.9458525709127378,0.0,-1.1894073558004346,0.6791841880861582
11,-1.495600963004863,0.10098598904588783,1.3896145430325157,0.4360185725999146,0.8262542155409244,1.0,1.3905020661381413,1.6577935747787174
11,-1.2233143384348135,0.3026763539556975,0.6145749692554368,0.8822123013269081,0.8920636115730023,1.0,1.7964270735827874,2.180856723367165
11,1.2027310889651335,-0.13934461023504302,0.8735617266722542,-0.6456937655995214,-0.5896461649023985,1.0,3.549772564884191,1.8253101747780622
11,-1.1579171560477906,0.7933778486133398,-0.04130239537499555,0.2265050949283289,-1.1306802545766277,1.0,0.7997680513493128,0.4254729239469288
11,-0.1621363841724318,0.09755875914754772,-1.2234646936456213,0.4955041546958565,-1.0422558123779546,1.0,-1.457621446020756,0.4071751860471287
11,-2.087948074604503,0.8381462856959406,-1.2006098480227096,-1.3906606387057465,0.28702098459392605,1.0,-3.799456573998013,-2.1652422840421295
11,0.4392539767370981,-0.9313833639941518,1.909261360562077,-0.6468248399208062,0.28842442341894753,0.0,-0.4120774382583835,0.7882123286366736
11,0.9002668689182052,-1.2734816992409046,-0.12911832666986853,-0.5113901887378062,-1.6513746732135106,0.0,0.6999397339935336,-0.48734658820021837
11,2.471172679295433,0.30507725939092956,-0.2226938108168408,-3.2481392652722514,0.13612560089429265,1.0,13.686545464372003,2.4499758600946264
11,-1.7893425384584647,-0.44441799376254054,-1.9267531988174298,0.7085306238500572,-0.7894747047221583,1.0,-1.30476799849785,-0.6740002985230693
12,1.200716451209668,-0.627177772250875,0.2121931764470209,1.471357808233091,0.5972675609940347,1.0,7.783513426476831,2.6516873169153676
12,-0.8055036950541172,0.6320194337586869,0.7501335705062888,0.6829199076203019,0.6691742095539817,1.0,4.635887457053004,2.1868755394666874
12,-0.40528085552144516,0.9094805785412973,0.1315426700465433,-1.0756394090100714,0.35046195382394807,1.0,2.6237680103737633,1.5780481331994909
12,-0.5790086528015962,1.2105533942682811,0.16874693508172492,0.12614072718425987,0.7673108925256045,0.0,-0.6784650567434166,2.131746747721402
12,-0.4296111906928078,0.4791740397414452,0.41690251939190737,0.006752096948365574,1.0022427612893674,1.0,3.2956216184243776,2.4462191717050517
12,0.9228888574738616,-0.27171827338639387,2.1580584244703744,-0.28018007939174305,0.8691574853200646,0.0,2.58920575320709,1.8942535342946618
12,-0.0787978702708126,-1.7122027765289753,1.7411368093036386,0.7346547360221912,2.284521367573515,1.0,3.032919808824956,2.4500561516840205
12,0.13817064558271488,0.5045896862179315,1.4033223060398419,0.6351265655541486,0.20295565818227,1.0,5.873727578161779,2.6784941587969677
12,-0.3899439401525073,0.29537317045569417,-1.2753763625011452,-1.1168318735553868,0.15614222462593783,0.0,-2.6840087134481667,0.01064427874236118
12,0.5781935431978527,0.06851201908240889,0.27467982901979865,0.24426313858361332,2.0301546504079977,1.0,4.704477811302273,3.600026886957619
12,-0.18548210764427853,-0.09202574196518855,1.178593317208124,1.5580600905574813,1.0829069747514783,1.0,6.870628970945857,3.1703204694572342
12,1.1145767707799874,-1.0838149183625772,1.3501502160777301,-2.115490874535312,-0.4459029897378645,0.0,4.502878448954313,-0.5793757144338534
12,1.3395623334441427,0.04405974479900246,-1.6012531544766093,-2.320379595430533,1.2813834452609587,0.0,4.44269622050586,0.40025504217100244
12,-0.29591839064585157,1.476345778406021,0.36654326402344894,0.40116215278817535,-1.7425340113721013,1.0,1.5410571571379648,1.5994933118119403
12,0.703231505637887,0.3634403590031493,-0.689787672316334,1.4202683089195478,-0.18494293679178267,1.0,6.64362356935316,2.8330686451740927
12,-1.2129923992696952,-0.7909312666626778,0.08171119027073315,0.7954836639975117,0.7067691296322179,1.0,2.7315180560344556,2.7460772715100354
12,-0.6348829580012304,1.21148679189381,-0.36244988108400605,1.8492805029660297,0.5157538193548137,1.0,6.567665546205058,2.455472805522227
12,1.1102705369844226,0.4489282109390497,-0.9018892547415134,1.574330549693051,-0.9811953565164372,1.0,5.81701888281731,2.743783064728138
12,1.0936683544912853,0.4721490277665991,-1.9947640085793554,0.4256148372421114,0.46181813072394184,0.0,1.1083547272732508,1.3342375407642437
12,-0.2811792337872963,0.22058533542605158,1.1092585158116313,-1.7840047212039294,0.44525251057743104,0.0,1.6513490513062368,1.2382577286687777
12,0.81960378206952,-1.5719430147808195,0.022672354053027935,-0.7192226463789466,1.5255288376330323,0.0,0.18664745973894514,0.7496922093761356
12,0.9157279597295738,-2.751993089937568,1.131314249904489,0.48396465822115226,1.8862736438191647,1.0,-0.8252975309345585,-0.26196249040580954
12,-0.2425261771041335,0.6590918049407865,-1.4084689337189031,-0.6110888489847236,-0.728713216168929,0.0,-3.108948702962815,-0.1640842623411463
12,-0.6622230708899971,0.7853240799151066,-1.8469892329919282,-0.2818750894772506,-1.2393518878127516,0.0,-3.4069132370054476,-1.4153121509308615
12,-0.6093072227041298,-0.5733926707794927,0.9350994791648243,0.07755399955970087,-0.7059669690770177,1.0,1.4743887139134706,1.505103986425141
12,0.6774298657671506,1.947339793530892,-0.7463641265908237,-0.0031704972020497576,-0.2876560020002669,1.0,3.882255445178211,3.8471380310399352
12,-1.839461760422179,-0.15643669330410817,0.7674896758376283,0.4761310180020168,0.4101350818900103,1.0,1.140994007847369,1.8363439071093468
12,1.2269608853786749,0.18355990860629504,0.4583668861136672,0.21857558183713102,-1.9700638758253086,0.0,1.2652164168677473,2.180696841147328
12,2.307050463545075,-0.14574909575545578,1.0871096802090638,0.15985879224353583,0.4992968345709234,0.0,3.2912688659694287,3.0825788853198404
12,0.712684349229279,-1.0363348552564735,1.7003659962939435,-0.7284520507891203,0.8734520133566281,0.0,-0.30292336160323846,0.8930706632117397
12,0.38402192205585123,-0.4631374396393497,1.27243365307531,-0.41449653058171815,-0.3473704909364798,0.0,1.8707224703692071,1.3318262409397124
12,-0.5733819377277279,0.6914267703844104,-0.4182003241054651,0.12282625132279104,-0.5546181324861342,0.0,0.05834026925618474,1.151395990197349
12,-0.8529044357523684,0.44305339243539416,0.5769126917051174,-0.7343285429187514,0.330158464860132,0.0,0.4665720080569191,1.3417141611975638
12,-0.26645547031439215,-1.0256710425302429,-1.6520949018133508,1.4765071752731316,-0.8255762032327627,0.0,4.605439089446527,0.04544139069685507
12,-0.357342846108794,-0.2682107157430734,0.15740679552699902,-0.2878338062995353,-0.3871890709699531,0.0,0.1495061143328028,1.5118954669154763
12,-0.9327787262717816,-0.3246764098586126,-0.32234347475897246,-0.8972711647743389,0.08922619089060034,0.0,-0.09195995655971434,1.05742508907479
12,-0.27253387370079835,-0.8608819748706457,-1.205716216430184,-0.16557842236216858,-1.1100492024452182,1.0,-0.48928409937296,-0.21573621916718344
12,-0.10847626393976335,-0.5853219696479833,-0.015061218311270398,-0.609009716316551,-2.3015593239428562,0.0,-0.4885196853561167,0.2536658763855604
12,0.7488525107916246,0.68547977462818,-1.6255845272239067,-1.5764578868100791,0.8585366179134003,1.0,2.7267563745634726,1.0039757004860375
12,-0.8688961341693551,-0.6372659919896451,-0.777362634952482,-0.42416457701344623,-1.3148624183879034,0.0,-1.361068888187106,0.2552079465946373
12,1.2095136604368164,0.07195167895267117,0.6995857977823989,0.4170131573065328,0.9310825522441215,1.0,5.253734850876515,3.516708920007929
12,0.08062448706263074,2.1025357489758467,-0.9095085376669877,0.3655528470804085,-0.7185898418128251,0.0,-0.2639575936699574,2.243956904813973
12,2.0842416250226745,-0.4222537755620736,0.6651539002538975,-0.002731167071059031,1.4718224208330295,1.0,5.067718771749657,2.80485941664121
12,0.6857226852570043,-1.2905241624477761,-0.14658052424445256,1.0050649540121832,1.7751414676717747,0.0,2.7866712728156884,2.118746812320046
12,1.2793629205892816,-0.40969330484744093,1.5574334467647186,0.46030085709634905,-1.2183356398090486,1.0,3.2066043309998866,1.323750199201236
12,-0.3475197736160467,0.803497624721817,-1.224629713359875,-2.062066280716861,-0.44472865207850976,1.0,-0.6084648013474553,-0.5776603920445539
12,0.42940562378668634,-1.338200414925038,-0.39328076187467687,1.4729053049622143,1.8511909340385853,1.0,6.021531632827842,2.360036335930805
12,-0.1647529352125465,-0.30942405547219387,0.6849835975892093,2.3847456955563957,-1.386149934295502,1.0,6.351941605385408,2.43010912979749
12,0.5510409683260528,0.25592700788018613,0.20449281732009392,0.2578060991355343,0.731879366594548,1.0,4.130200838174329,3.120763500200058
12,0.26642565425341014,-2.3831599351008417,1.1861214401610172,-0.026295379922719807,1.09948955206733,1.0,-1.3643198708625879,0.8116135231759332
13,0.9077352049443433,0.6671014175914054,0.40824842303547654,-0.7437463239276494,0.5410852220535801,1.0,5.6756998230680535,3.4135810243679003
13,-1.3617441586341676,-0.9983385595477217,0.75771339976268,-1.756890377939481,-0.12569039533203466,0.0,1.2641178688527768,1.3434160583495978
13,1.5343962138175429,-1.7669315689615372,0.10063778086861058,-0.9127398331028594,3.2812907234175266,1.0,2.8957402618006287,0.40209383960337797
13,0.2469525430127103,0.3893847593828987,0.5897768943360477,-1.2346232542526818,0.6900094189462569,0.0,-0.14254891941162073,2.2679745229666546
13,0.4814757133826442,0.7833989320892188,-0.4961138487957753,-0.5489469827374576,-0.9493667678757762,1.0,0.4120814815348728,1.8918501333646196
13,-1.1466954819346464,0.5677122884328518,0.8165916855415638,2.1583187426186172,-1.6034823106236087,0.0,4.959441964604774,1.4299385606541002
13,0.8929773644289636,0.49511744472671576,-0.42321747361268747,1.0782297204935418,-2.40084988763865e-05,0.0,2.350115501326114,3.3754424525150073
13,0.1763210094265524,-0.16859108687734328,-0.5448118967533969,0.7635442123719247,0.4364521510397949,0.0,2.902931212662149,2.156955835762698
13,-1.3305297665192481,0.998453283801041,0.7779307971684828,-0.2621461680143084,-0.17038956790133758,1.0,1.7512676720439169,0.390554717507237
13,0.29820604840846465,1.2683944685572932,-0.36815061878815236,0.08842532900702182,0.08715589524878437,0.0,0.631299673965611,2.998252979141331
13,-1.7859504220159463,-0.658436904343556,1.1607274414601947,-0.5629929621159624,-0.18789945716585943,1.0,0.7425499673970759,1.5573320183061585
13,-0.5893893705021531,0.477457287270611,0.14879480441105467,-0.9928042898207242,0.3000420536898499,1.0,0.5453574095282625,1.3795924545156157
13,-1.8054013895522716,0.4210413410150296,1.0484397643643135,0.7019967751145862,-0.34383191259952617,0.0,0.3433309763126279,0.7498974933867568
13,-0.5295035070186501,-1.156990128864826,-0.4232588765897392,-0.1892144444553573,0.5797121686358955,0.0,-2.123635755184247,1.6647581897189916
13,-0.6080196369409707,-0.29153152675805677,-1.1720025918920998,0.158127709863561,-1.3927314935043864,0.0,-3.098410811815363,-0.08751486102757133
13,-1.1756995366219183,0.038661291459077984,-0.6784529846929279,-1.4863814193523606,-1.2111644099306356,1.0,-1.1129817933050878,-0.5234280516922096
13,-0.07018540693074621,-0.2472600891542989,-0.6528737163183007,1.163026440789366,-0.5545183701649868,1.0,1.4571492503385484,1.6307898588530678
13,-0.8804019127056459,-1.0762601238851344,0.6810998556458414,0.007803065255786262,-0.1787428105921619,0.0,-2.8416757499329677,2.001171175521473
13,-1.0686558283186145,0.9281385109221487,-0.8802264742860972,-0.17342002150988067,0.921219846916641,1.0,0.053387397150945315,0.5086439630009578
13,-0.16720536704884553,-0.7691713081127374,0.16051875551058026,1.1816713169337707,-0.32126775306495425,0.0,2.3752239196395246,2.158026896352033
13,1.0583604952963335,1.1537297100767538,-0.3936188455873848,-1.108829871510224,-0.46749146091337135,1.0,6.327164352176979,3.2656641244498883
13,-0.9484687190348438,1.3510497726318582,0.3078265544550008,1.2392405363170536,1.969944265019002,1.0,6.888044600472339,2.6313621058446457
13,1.2032500955504704,-1.7586682869699706,-0.5592291223451763,1.029733596465991,-0.9839319379353019,1.0,2.098315671654547,-0.8028762731534663
13,0.32116069899918626,0.49539904073721047,-0.47782786037184166,-1.5495919392359692,0.4681637608525255,0.0,4.935890869026191,1.6757504310297033
13,-1.1415473681326476,0.17075600005925792,1.044125315402164,1.8383067624676686,-1.731802439207928,1.0,4.318739524849948,1.3976513432363544
13,0.748994742128194,-1.5596985670367576,0.6794661950180725,1.036420222039327,-1.1321564764747052,0.0,2.9903508389892988,0.4962152926216661
13,0.34542361402101746,-0.44786158151748756,-1.365232896641793,-1.002983380482662,-1.10869511053764,0.0,1.4676835483653345,-0.7402578836037809
13,-0.23748644130128105,0.5010952273966154,-0.5636885559800366,-1.2201100151279158,0.3913364409424377,1.0,-0.018894953723335384,1.1618600474519067
13,-0.39510205929759895,0.29195607523570716,1.2651791032640485,0.2642241269330024,1.067211928834313,1.0,4.795112709858014,2.43226399568992
13,-0.45889020073670744,1.5141005002968613,2.229554497887799,-1.159766629419938,2.7860706153511448,1.0,9.37126340480094,2.1485931648923318
13,-1.513541101177356,-1.8026274627561003,0.7100300452472486,-1.17879929567109,-0.32021692698142745,0.0,-3.8480164018079677,2.4341156754644517
13,0.05212493618390762,0.8805470903635259,-0.04933035713322643,-1.437179490871425,-0.7711149927780985,1.0,3.2317732573078706,1.3822055584305493
13,-0.4031901599956722,-0.5048946084049489,-1.3522423662321414,-0.7680736167873309,0.36920777126636634,0.0,-1.0321316195997552,0.09079025707880539
13,0.28130112152243264,0.05830193055611103,0.4449700284635177,-0.13971218135546706,-0.9398683206463785,0.0,0.2154784910810372,1.7715202541972541
13,0.07708668169710262,-1.0308484118814008,0.9010534634888511,0.15535944992724907,-0.3056679084255437,1.0,1.2890450901556525,1.4398113711958573
13,-0.31184665031341463,-1.12996138908876,-0.4509336764243486,1.0016729152302006,-0.2795972963902554,1.0,2.4712151885961924,1.6670822185415102
13,-0.5360048683551648,-0.047725013750537434,0.7387684428937262,-0.22061425444111224,0.5645587593563407,1.0,2.336216506009913,2.014370795123427
13,-1.5598371824503152,-0.1649863564212509,-0.6697857610529553,2.560616912362968,0.4596173356563996,0.0,6.0387668097465745,2.354119014666063
13,-0.654476764030167,1.2014951982165964,1.6961280606163474,2.0699662857619616,1.9962372897273573,0.0,9.979157032432205,3.243320473776551
13,0.0484767932229286,-0.6738329781694313,-0.5715196529949466,-1.557422638157044,-3.046234408483892,0.0,1.1604010943775749,-1.0918517543416413
13,-0.7165714850402841,-0.793185245891782,-0.5859315276001256,-0.2751367199488765,-0.6825641019036067,0.0,-1.442981056171309,0.8748767246402309
13,-0.35088262368145395,0.20033624431346714,1.313618644083721,-1.6401374561738598,0.43854524247018406,0.0,4.231347274040942,1.1647975909692077
13,0.8232731097220659,0.4864101184271355,0.5551402287054349,1.314077294952423,-0.7034347309513368,1.0,8.125018942411376,3.4880079205626364
13,0.7650754565607006,-0.4075595835450482,-0.4028103602321981,0.5951445748926376,-1.5080751974787423,0.0,0.3556521880138027,1.1290365629379862
13,-0.9269728508178203,-0.9057556925671676,1.2591721996486211,-1.9243177909130982,0.777894420695604,1.0,1.494802601348173,1.2862260237330803
13,-1.7226729856604486,-0.12331863345177768,0.13263787738921282,1.5191601402091928,0.6145771600314477,1.0,1.9472813691451638,2.413845943033724
13,-0.4248678133408904,0.34840768616691264,0.9731190076239377,-0.9674076340220229,0.8287044213063365,1.0,3.4641709542353283,1.7936745829236704
13,1.1808899839774507,0.46522662660941505,-1.0201715777074243,0.978765563866676,1.4870539410665118,0.0,2.4794934939118902,3.618483473356812
13,0.14601038683222173,1.3220601352873802,1.8420191879544778,2.4010587737955666,-1.39261815739274,1.0,12.819989902441105,3.0843898800498835
13,0.20641365735823655,0.3605391521162399,-0.6461127018591794,0.7718346067699069,-0.2057157097943088,0.0,0.814967446027847,2.11633002508049
14,-0.37666517569032326,-0.05068701897726256,-1.4617546312081078,0.31250285114623355,-1.2898247910217258,1.0,-2.213659367582824,-0.3052966099068512
14,-0.30665210855087444,-0.4950463184629282,-0.46106933313788395,-0.1221798741978658,1.3031751311213584,0.0,1.8346634362862773,2.006498002660596
14,-0.30766806619549136,-0.5099054550527521,-0.3318341602065065,1.418335137085858,0.19118635557852182,1.0,4.705360791466384,2.3323849366264495
14,0.24924012809435697,-0.3544708642925903,1.3427233840858597,1.9715268075080665,0.17534898443941593,1.0,7.868580080347226,2.829936646763762
14,0.46332386444166246,1.7030265024336917,-0.7826818420050421,1.528557391543215,-1.5015722895577075,1.0,5.01631833096231,3.203404533225664
14,1.4323032570427645,0.7625555432647153,-2.254726781192405,1.0720990216352106,0.5617807666444244,1.0,4.251295195496152,2.2473723186695103
14,0.890123701695254,-0.8936737934047876,-0.10369071749924566,-0.9618492018230042,0.7932447162428895,1.0,3.176999970155327,1.0612260600237073
14,0.7310328702825428,0.6493841928056688,1.0672338168572861,1.0556719079826025,0.2592743563708894,0.0,3.479019482511749,3.8385686488153583
14,0.41916002480092485,-0.46818190477098115,-1.5446790211771166,2.181837733883248,0.6984845799566805,0.0,7.085887263282176,1.4731819040884837
14,-0.9296465759552475,-0.6749636594915442,-0.28232428758214706,0.4667564669994325,-0.5699783670737992,1.0,-0.39508181234272477,1.5928099563159244
14,-0.039132090048221234,-2.900124365740271,-0.04859540196729715,-0.8166253722663452,-0.333849671164446,1.0,-1.9205015632015363,0.04314395303776397
14,0.18004477885611186,-0.27025083222676743,-0.8471792699810351,-0.17786907778172117,-0.7095426202499103,0.0,-1.2841284298217903,0.7010439146685287
14,0.037180880457357665,1.2227481080889793,-0.9515859484613253,-1.7431645951491892,-0.898642077002027,1.0,0.8227376607298784,0.45912335860568976
14,0.3032661593894919,-0.7161052718608414,-0.5913373822605144,0.3894913404655437,-0.26332180403878785,0.0,1.1619412773193154,1.174021894184596
14,1.0774242825262024,0.0014634921650917014,0.09075425862497526,-1.6676595606988032,0.6128608943266515,0.0,3.560808086597922,2.054883143513739
14,-0.7092318216046243,0.8385097148841534,0.5559856942029223,0.9449095609425341,-0.8866301660102709,1.0,2.8538594283693257,1.6264543412059038
14,-0.42756139369495794,-1.403527738555216,-1.0251507606026822,-1.4154309294929448,-1.6658621707947245,1.0,1.2319696683317822,-0.849702196875767
14,-0.2607350692894886,-1.960975675637968,-0.7867331208529827,-0.6635775635722382,-0.1291387920764197,0.0,-1.2755264856084423,0.316877211873998
14,0.026091419014409443,-2.0562656340855736,-0.20505333580950125,-0.5146103708200787,2.2966042857687956,1.0,2.0487823907986575,1.698782419477846
14,0.01096847189534509,0.5863186505941018,1.2674404279423825,0.835598862926456,0.5370485392835151,0.0,2.4684356047539424,2.9238430451517465
14,0.6825563264269195,1.464409834200869,-0.285229694463715,1.6879793587731224,-0.13807610617668906,0.0,3.9810631419575575,4.6649591032281705
14,-0.043889636542090806,-0.6126705849578709,-0.8421280186365084,2.2067030889786627,0.77151394443023,0.0,5.1067328529291265,2.4325309872405914
14,0.36189606080467035,0.14565760517813253,-0.820834501078766,0.6818569184175624,-0.7568205698202205,0.0,0.07804799219835323,1.5402014981189862
14,-0.6717072663738899,0.04751887263921146,-0.5466545422095954,-0.3692284758002041,-0.09125858358208197,0.0,-1.9007129815806885,1.0066846063945318
14,2.599987300020054,0.9644977499887386,-0.6908155155536082,1.5272195859351192,-1.2895093314626622,1.0,10.492441771355717,5.834098447949964
14,-0.39641854327470133,-0.25972601598448364,-0.6970898123718015,0.22974481221977144,1.002488292479959,0.0,-0.2779556952644878,1.809173315627513
14,-2.0660955577125035,-1.8267553307578845,-1.4141128438452029,1.9396568117018695,-1.5133209121633424,1.0,5.459846742738189,2.4899803378241936
14,0.9756489526108206,-0.25709814005615805,0.3838791511679315,0.4913497600444291,-2.292714920001466,1.0,1.5024917131136744,1.3269136662542902
14,-1.2331425897923622,-2.022098224786232,-0.7465333444932064,-0.280278820304889,0.5466110973161483,1.0,1.0990847501251109,2.3598619749946756
14,0.7917871832610396,-0.3343144899310643,1.1191975060996864,0.1648159985665765,-0.614125103294722,1.0,3.1163860918316444,1.7353792500696197
14,-0.13404776580648972,-0.8258232059187434,-0.4708124345713944,0.4522440591029447,-0.013821416055587283,0.0,0.25393349555239836,1.5057694276008002
14,-0.5264444580604212,-1.0999791082626955,0.7112854307639015,-0.17845684513249346,1.0508284323404573,1.0,0.7436354872244868,2.3152179938577406
14,-0.5198148208947695,1.0621382289763726,-0.33760884180130607,-0.4149307076784273,-2.434614458413663,1.0,-2.9848684885536656,0.0690188968328016
14,1.2726349986319145,-0.2189440550872072,0.1703663575619694,0.09504402917846491,1.3155276998146925,0.0,1.7621365476385091,3.024201367340018
14,1.38648409122959,0.4658585965065126,-0.741909283406266,1.6733060704880633,1.5075673556697462,1.0,10.523226175347004,4.528738754861077
14,-0.3554128988694077,-0.8147936795913113,0.15333156654909394,0.9663397935829533,-0.1412839386373481,0.0,0.22078979696614082,2.181946333588762
14,-0.4067805373833395,-0.6533335836401086,-1.2148872415481546,-0.9929866161762815,0.8512135023512094,0.0,1.231263829428898,0.4058187701228061
14,-0.3090512653575546,0.31642180336817005,-0.7382933518009117,0.24926739691590102,0.11933088034335664,1.0,1.7734715056846935,1.460665427988579
14,0.5495336969567414,0.5381782609812317,-2.466683374374449,0.527665022516115,-0.7272452651850537,1.0,-2.4175425527402132,-0.27429237926850214
14,2.0447764897175054,-0.41508688637603974,2.661913936268497,0.09518471534535637,2.1529553349937234,0.0,3.435012915837796,2.5339686498744767
14,0.03435133937450372,-2.0841837307482725,0.08549652343586697,0.7893733150327125,2.240808598112405,1.0,4.181968939837973,2.4576759179419927
14,-0.2074028827307468,1.0856879948114475,-0.825333659539507,-0.24568031958902387,0.5720243103578087,1.0,1.599599756588959,1.6427847407671199
14,-1.0248594045767514,1.0693562431956103,-2.4231078793718153,-0.5634289825354338,0.024517732394720416,0.0,-3.752121854639813,-2.3075049305038737
14,1.2937986026987467,0.7427876955041253,0.32413095411576986,-0.6290754407289052,2.114801123017619,1.0,8.794100074685058,4.8321670123625715
14,-0.7197644777294441,1.053817161901878,-0.8892819032481174,1.4138528900451826,-0.4130511430803568,0.0,1.4928470853882323,1.094255981727336
14,-0.038536215591809767,0.941427603252845,-2.1781703479145227,1.5675518115714309,1.0490933095707793,0.0,-0.3024849670397356,1.0636909143499136
14,-0.04228568884679785,1.141958356238407,-1.0408785386290573,1.7207930955594621,0.23574509603244903,0.0,2.0800870984881668,2.4648400709940708
14,0.025268739847765426,-0.5955343528697975,0.1449089591542786,-1.6193867814838052,-1.3351803079775346,0.0,0.6281167435491359,0.2845087821870289
14,0.28089654758537436,-0.5048412400739275,-1.5577992442983064,-0.5573021603504275,-0.7050248833330445,0.0,2.157015819036496,-0.6508469350711631
14,-0.6273705796195641,0.7604370935658719,1.7570500162821792,-0.8001179702706654,-1.254590622808105,1.0,1.2497418138341545,0.255449422928701
15,-0.14072779039157884,-0.7446438623942618,0.5302102605822007,0.5027378711481618,-0.94532619717989,1.0,-0.53563176111313,1.568617983974472
15,-1.8204301782351624,-0.4041927444536675,1.226755710165047,0.09416536830896956,0.32977472149277,1.0,0.9568785035917328,1.7861347780722507
15,0.9222462453834189,-0.9897553124837434,-0.2492125033724068,1.321305334853763,0.6518897942186573,0.0,3.8628713658709026,1.8845456095515347
15,-1.9352802065503987,1.2018913416580201,-0.0005821788833025758,1.3927739475590362,-1.389934631399437,1.0,-1.1953581151946242,-0.691562557209231
15,-0.2668641179731621,0.6502426628848389,2.431533729106207,-2.7219415303473946,0.2597757805481983,1.0,7.466671349453058,0.24452336170442424
15,0.1257658067495929,-0.14007860222965005,-1.8782350984620548,-0.8851340604481938,0.3852662687573391,1.0,-2.1655010815508424,-0.5164434360478485
15,-2.2721193022179778,-0.3238627789883355,-0.519998719562341,-0.9051600395821918,-0.2276653062702547,0.0,-2.302250972861289,0.479271613999781
15,0.38947781904968964,0.3927668992014591,-0.07702565993152713,0.7772143416249092,-0.18797029894807316,0.0,2.112354340530306,2.797240536023607
15,-1.849368416200003,0.8717894976954119,1.708323288285601,-0.6673287413349156,0.9138956233838711,1.0,1.4928356486875538,-0.2606981848300043
15,-0.8567667401366983,0.6530282126730454,-0.2057121832455212,-0.25264008526267157,-0.3534943483138278,0.0,-1.8619734190150061,0.9116303339868309
15,0.1403700623700916,1.3957814759468017,-0.4465878342414409,0.48555396361213343,0.7519507389432887,0.0,0.9957636929080894,3.2613861682319083
15,0.19542654169206689,-0.8643530171225123,-0.7484777247686887,-1.0353784376103023,-0.5770636993838266,0.0,-0.9866989701924802,0.04888497296101102
15,-0.8455043676454052,0.5306827046165977,-0.11764888110643835,1.0974614848066075,2.889554288415186,0.0,2.709958442314064,3.3216654191802784
15,-1.130658235245298,-1.5926704932375384,1.6556161020794622,0.15590465634156173,0.07433786159149745,1.0,-3.112311269831266,2.2973128475969955
15,1.2427765488366205,-0.090782515924084,-0.3434510122990895,-0.4225330561170089,0.9725638092185841,0.0,1.369227547844318,2.508062690922705
15,0.4989108802199824,0.20909048365355468,0.6595837416344792,-0.7136362661171572,1.2662093479688976,0.0,2.161939018977866,2.8546439889923843
15,-1.4091637400505053,-1.2206062207006656,-0.5414126291144774,1.3659901928196878,0.11228753311925814,0.0,1.4061809276639101,2.730563137475171
15,-0.8671907340640437,0.12112951785316342,0.9527907640068637,0.6943820587610329,1.352451836975962,1.0,2.0970674236230176,2.601150102781464
15,-0.5028224870326706,0.4013731109867321,-1.0662561060948335,-0.045804261886885696,0.5500274088827233,0.0,-1.5837081979683016,0.9498444086263861
15,-0.07807879552344094,-0.9568929549937263,-0.2759281417884906,-0.8864233379335572,-0.7582241024045444,1.0,-0.3426936757368414,0.5591121321143881
15,-0.30424914311270584,0.6698049099955075,0.16956338201254903,-0.8017659186583243,-0.28089775349306784,1.0,1.0312741409595048,1.5080987094735328
15,0.08095935299053288,0.6402584724101592,0.12510529694080366,0.5177556974173343,-0.6511944453231566,1.0,3.8264488304031206,2.4004616327517336
15,-0.04289443458710472,-0.9438407022220057,0.517061945546066,0.37069922926095394,1.7663881327517632,1.0,3.667778814329967,2.7434678915403308
15,-0.9817510102749892,0.9262205603806707,-0.6345796887663526,1.2624283897949624,1.1526145230640672,1.0,3.1945979554306785,1.7584693607343427
15,-0.48464301747581046,0.1019594159236342,0.969463472720422,-1.6565502854514225,-0.17944498038366838,0.0,3.7042310036882347,0.8917204071361476
15,-0.15424537470074096,-1.9815876975056956,0.10018493195811252,0.07412702020063083,0.22507825716167612,1.0,0.46653028905882443,1.4324149913355553
15,-1.2271347099503491,-1.15559029969938,-1.789633557366126,0.11848205874416128,-0.7030103766042132,1.0,0.12708384072216883,-0.17747320728501048
15,0.48421345959657003,0.41986838658953063,-3.531312300780429,-1.0616213727494757,1.7851906376527686,1.0,-3.8990545950546167,-0.6735402811980941
15,0.3230169330693999,-0.5458183210639246,-1.2116668456097943,-0.10449124939805185,-0.7279783566707857,1.0,-1.7250579774719863,0.04168190418720999
15,0.7939581451453738,-0.2966237975813013,-0.9431891661295652,-0.7814428494949939,0.8739163868519966,1.0,4.408994331162044,1.175012072417697
15,0.6777811925797503,-1.0111630561278402,0.1747003167568861,0.06333848752722758,-1.0972590070146429,0.0,-0.6268451606349434,0.7031303367620894
15,0.06450887367423547,0.31702703950805106,-1.11466609106899,-1.2625769130630993,1.0158956164334845,0.0,1.9360748652771331,0.9710225995879649
15,-1.1416936540887193,-0.16497927594797465,0.1281282863803314,0.2563662047715583,-1.1333221256615646,1.0,-1.0583536551457204,1.1524083048214295
15,1.1152662582206814,-1.2341697587122722,1.0517772437733863,0.8819068528883102,0.42021239841331837,0.0,2.3032747697143345,1.2370972488476524
15,-0.9701749458623934,-0.9712279021314444,0.10146923980932682,-0.15612069766285122,2.0249455633208124,0.0,-0.6144815491782685,2.951563018267457
15,0.21927889922867125,-0.8466869409001105,-2.04867717183826,-2.1564443032608716,-1.2807291422080933,0.0,2.84619314193993,-2.7021883702597793
15,-1.4100933709211183,2.1863502045440484,-0.996893415510082,-0.8794601777952088,-0.07282214664978745,0.0,-2.2772128098033098,-2.1265035879229313
15,-1.6243251143629804,0.16202286491932047,-1.0374431414160168,-0.6348420281346183,-0.706452598958194,1.0,-2.5364710411314397,-0.6752741717973574
15,-0.09956590381491555,1.4984389583836282,1.3116636829099075,-0.37107062364686805,0.12987596746057317,0.0,3.276451051459771,2.3417198624817526
15,-0.27840314942513233,0.9924998056721391,1.3360985217176609,0.10385732148246435,-1.6409936273466807,0.0,1.0457398210502973,1.2127634503360771
15,-0.44161959010174073,-0.2524737182601383,1.349430933158918,0.7981720094524983,-0.3208196031844556,0.0,-1.2934263415413016,1.8974042589128857
15,1.3382788309573368,0.4514047600905403,0.7611080674807268,-0.46935327639358443,1.767693510110249,0.0,4.1336116476363784,4.2527435752105065
15,1.2237959666753297,-1.0590007823630683,-0.2678945095591095,0.6540618030875187,-0.8458015903043437,0.0,1.9574981780042096,0.5209099178066375
15,-0.19652591231324956,-1.9259702043784863,-0.04065935767124728,0.7096889319990104,1.0919500775092952,1.0,3.1753511956779747,2.1969183412625197
15,0.20608470852024824,-0.24904386961712147,0.7197756800860947,-0.19613749600273836,0.17775700473135275,1.0,3.4715982056446,2.029847503917405
15,0.6492413332036966,0.928862991881917,0.9555828687993384,-0.005031982486608333,-0.2318915070333457,1.0,6.0931123130249105,3.328570955358003
15,0.7611222038167139,1.2102908854934442,-0.5687614755681717,-0.7981485478565415,0.5527292951674015,1.0,5.5519295523287395,3.3423641233065577
15,-0.5488410284922477,-1.0406949645936647,-0.7836463422578832,-1.620622638174881,0.7472998427982283,0.0,0.876690897804587,0.6562679495025447
15,-0.7332778368423788,0.6392796896524883,1.389406627863653,-0.18187651211078884,1.254324500541174,0.0,1.840631861966345,1.8955552532239686
15,-1.7084270868630496,0.697000298659389,-0.5065051128409497,-0.6148607741117836,0.14543937031840548,0.0,-2.67377845951896,-0.3100055435846504
16,1.1798067420315588,-0.36877989031718106,-1.070927249062021,-0.2151591966009031,-0.7906373186457628,1.0,1.3975318317272443,0.4113731821780859
16,-0.4606796758514102,0.17469303828028557,-0.40552036387590035,0.3166221757303181,0.12285694741006933,1.0,-0.6915554867903695,1.7124057682073146
16,-0.3630261982057254,0.06636739173592296,0.23455633637714318,-1.9306210927966176,-0.17348314068331389,0.0,1.7447421102828098,0.865421095885145
16,0.388900248096826,1.483430481972857,0.7996954710023871,1.532896476910443,0.0262112981665536,1.0,10.370730765035113,4.389398603317692
16,0.5384005596264956,0.0798734491757249,-0.763329331891011,-0.5277956310516128,-0.39967274199145275,1.0,2.2724963401483302,1.229280411309327
16,-0.7279791859083773,-0.37286232554739607,-0.5433303785736419,1.020528841375354,-0.6225698593766786,1.0,1.6466877886094284,1.5043212186312234
16,-0.7577425952706085,0.7822460888638071,-1.8313145436418516,1.4188210223455937,-0.8191440707198947,1.0,-1.1829869915898903,-0.4538895476452359
16,0.7180424448833393,0.4345734468172673,0.5972296116723501,1.9710881090358154,1.2907191903962312,1.0,12.330794338950986,4.64476530621819
16,-1.5010082480661184,-0.3731848990579477,0.9075251670872972,1.2613426767840068,0.982527343530037,1.0,3.0780502004910404,2.8144523894789137
16,-0.5826618994519747,-0.6907739176211125,0.0020093864838912692,-0.03847826877099487,0.8981308741575019,0.0,-1.536297569228568,2.196598711515313
16,1.0131265904473383,-1.34603895118865,-0.31261582269082355,-0.2828542272080634,1.7811942042154605,1.0,1.5791952256342652,1.0142303768702008
16,-0.8690511919240608,1.7532147516954029,2.091738141069679,0.42893148559802785,-0.25055215585255824,1.0,4.341790381956095,0.5558099037890867
16,0.745875856752615,0.8049470165641404,0.40034618853589893,0.7659785478178468,-0.4442211283158834,1.0,5.839824040280586,3.657779912944382
16,-0.32662465092652854,-0.43760387585008426,0.952215314938384,1.0306827017901898,0.17615950419082393,0.0,-0.5772022069667724,2.4202264023446527
16,0.920958751967421,1.059407584479049,0.39318959130881465,-0.7774469690285915,-0.28916716044401225,1.0,4.699426495697674,3.5528332974430454
16,-1.3050936971027574,0.3849709232770169,-0.6761657713863927,-1.540829701131894,-0.3241381929450959,0.0,0.16382229652457214,-0.45307341179431027
16,0.08718589838155769,-1.2973629020374398,-0.13043222769794996,0.40197702720465806,-0.011545760018647577,1.0,2.4135944633291224,1.4033050374023595
16,1.7159150843560358,-0.8200646271819113,-0.3789239068965135,-0.4657674276393546,-0.15883805686994426,1.0,3.030724400581886,0.468062511728661
16,1.2435752803146995,1.0580419705135622,0.9343165907359207,-0.03260133095844546,0.34514626833766515,0.0,2.917325232991109,4.684362387662018
16,-0.500520450220243,-1.2215414490961942,0.6796718768869736,-0.3770145240110373,-1.817991434092061,1.0,-2.4359271668045315,0.7704874842111535
16,0.1188972306152421,0.9565124625218695,-2.3824209515872004,-0.2022276736393644,0.5219795447741028,1.0,-3.6218597400950046,-0.10530940509701958
16,-0.1291318245934187,-0.23089240677416348,0.651261663606623,0.013079735179461802,-1.2775153482139294,1.0,0.4132560862128789,1.3385360908610395
16,0.42255150583199164,-0.9930945513528585,0.6359882591891562,0.8512919608253047,0.12979440654434798,1.0,3.3266369910377644,1.908117282711686
16,1.462138486910476,0.06414156055477445,-1.3928221460021588,1.788287442767332,-0.013170956522110576,1.0,8.016905394709601,2.2251071561275775
16,0.20921185876450157,-0.7044939427778087,-1.591357349695468,0.848235781871588,2.070387144170483,0.0,3.6056678658187487,1.2480436846933867
16,0.722389177043327,1.641950094473336,0.9834734408821303,0.8194078422961824,-0.899281718331653,0.0,3.3436494487772386,4.374230904544948
16,-0.7985295239856742,0.8021341869447784,-1.1926112025193714,-1.9442488417730779,-0.18686940958880746,1.0,0.8098528864060637,-0.9313557773637144
16,-1.1347698680613245,0.3951990938330568,-2.2929791361859047,-0.24004407473715203,-0.5750800708435556,1.0,-6.022506783829922,-2.0333211999681975
16,-0.6935422353660115,-2.17002262501653,-0.8189917814345598,1.3466683462779687,-0.3469872077399885,0.0,0.35819359659471206,1.8465226057310313
16,0.26861598095573574,-0.033150880828544775,1.324552495689833,0.14730398723209762,0.8197823614405524,0.0,1.014265604357764,2.498409939698601
16,-0.6495331056034213,1.1203961562629783,-0.33337724743144115,0.3118220813773084,-0.3922443994916886,0.0,-0.3499875212850646,1.2457399246168162
16,0.7473851041632383,-0.5332133638002031,0.8980616443297221,-0.5005457125899329,-1.411925296100654,0.0,1.0325279460497705,0.8244926282696781
16,1.5990227669248305,-0.2690734084585274,1.8240557400709119,-0.23456416237928257,0.9916794439183475,1.0,5.072227190765673,2.2747449584463673
16,0.35363388556388303,-0.43458937361559613,1.5711462464953516,-0.8108282777042224,-0.6969146740164873,0.0,0.09082158395991125,0.837188454851693
16,0.5244073084125358,-0.9912592379860046,-1.3734702230078193,1.1560137352337103,1.006833710375756,1.0,3.397349649922724,0.8374870849749851
16,-1.4289211847410037,-1.3328822178794772,-0.07677497303335117,-0.7499445148788265,-0.6042806117801272,1.0,-1.4501577166745891,1.805236135872537
16,-0.6610431924475844,-0.013370856932599845,-0.43424653685388653,-0.35286017706407774,-0.029848547196978294,0.0,-1.3733064252131713,1.1703413607629418
16,-0.7271941685353142,1.8075661945237018,-1.1208385245836239,2.6129087171172785,-0.7611266796484062,1.0,7.876361521003826,1.0261337103850074
16,-1.5367215066123132,0.9397951284735306,1.0429183000171476,0.5014728628028055,-0.5163185843537185,1.0,0.004623150903222295,0.27507106535835624
16,2.122068143349201,-1.1552667587786478,0.30910338538407717,-1.2094684410768761,1.5709542893107427,0.0,2.7610597287748284,0.31974723030209384
16,2.0555034499432194,0.6163898569117934,-0.7521445197158311,-1.476858373517792,-1.4209474107083568,1.0,4.585082730479758,2.508188378578007
16,-0.6943226079965923,0.3299287888425797,0.6230095251101334,0.09101719005153708,1.255254945206293,1.0,3.1713662597176304,2.385493037137267
16,-0.5756019427761223,-1.1419503209771302,-0.0218304523529776,0.5206867939432434,1.029721149420315,1.0,3.117715650002953,2.5625831620750352
16,0.7343715131635254,-0.3551064072694812,0.03312344233516207,0.18068559268439915,-0.6091517027306163,0.0,0.9886876128234912,1.7306326583899345
16,0.4069773010568677,0.40631776506988154,-0.21532812643818058,0.49925728860566054,-1.146497868275005,0.0,0.7460187388890431,2.1176316240915476
16,-0.6047602921632521,1.018518231489083,-0.04106945088243264,0.7516167468962289,-0.13942646681781187,1.0,1.3029431663909055,1.8756367696472558
16,0.3008735491853585,1.7285005557437427,0.7569171980182869,-0.8978848967060811,-1.3612580571179962,0.0,1.9734036663151722,2.5105906430125895
16,-0.3353136511411785,0.1821979774008549,0.9698326865619211,-0.7495924293631697,1.2804468599485324,0.0,1.002777544694455,2.1781297903826555
16,-0.6105442811484575,0.6171600235893384,0.3141796368391559,0.244372801213566,1.2958774097396473,1.0,2.3495511034544596,2.504769493124943
16,-0.9703512293904195,0.8810267277733839,-1.0560384991910643,0.17265051759405722,-0.3201052877321121,0.0,-3.9768248283436582,-0.008990180172517792
17,-1.2136998331539317,-1.4646944984263277,-0.2513146633664429,0.5999416119910217,-1.6822134835022657,0.0,-2.9574091099067688,1.7402953667101198
17,0.14468130490033954,-0.38929860841299446,0.20434019299390196,1.2825662175613157,-0.9302341888938653,0.0,0.7249320399692376,2.0788983148465623
17,0.6490488148769947,-0.4061375357766216,0.6739216153966586,2.5192272314384767,0.47726858004003125,0.0,7.484791520467005,3.47444164341453
17,0.3344157659790765,-0.03500199384400944,0.06144434050023598,1.5096031878461444,0.23555807485823296,0.0,3.862712760139554,3.039417359427288
17,0.6176189879240724,0.20217304485047338,2.2635937566414683,-1.178470313438153,-1.0100186477296544,0.0,3.0315473234662065,0.933622130086216
17,-0.25582651895927333,0.8630371581831491,-1.012357251080497,1.8755413859278647,0.32463862221883605,0.0,2.2989349070659544,2.2065919565002154
17,0.7503772547851171,0.24138616454877457,1.7686149621300629,0.33599606443711877,0.5747313294623462,1.0,4.633914486008242,2.8201525979595847
17,1.5949939536435471,-2.077163542188105,-1.789788854987196,0.17456360616255215,0.9357259601262337,0.0,3.4422351644062217,-3.111144052468646
17,-0.2959010938792773,-0.5442017770911162,0.8084892517957086,-0.3493839195651443,0.6395217531211715,1.0,0.2439507560646037,1.9808838695648456
17,-0.4659253327448195,0.7885659062378215,1.329081881889771,-0.8611284312208937,-0.0417534031452546,1.0,2.18554313839773,1.246375059964584
17,-0.6169478193358143,-1.634413249770857,2.2077089926676363,0.8010049884074305,0.4366069390047459,0.0,-2.6521836686488482,2.010611354257929
17,-1.2392872486774171,1.5978232955305833,-0.38082358639634395,-0.3733320290671686,0.6965215631939312,0.0,-1.1423069624133073,0.09864779710525973
17,-0.48458942497847535,2.2153748149483232,-1.0984692773884441,-1.4531404364109886,-1.2700202308066775,0.0,-2.1766109764204615,-0.6640097042683579
17,2.3477450289628496,-0.8724030085755736,-0.9812835823804189,-0.9112076072438261,0.013196894459137277,1.0,1.649789237643683,-0.6941998876278386
17,-0.00034051857694903276,-0.6521944381289143,-1.5533278487648796,0.7722159466313956,-0.14021722212600138,0.0,0.7531670295806527,0.23075763347180908
17,-0.6754818394721822,-1.1195565188284695,0.030367962250099613,-0.13643453437416891,-0.2516029799369153,1.0,0.4560179816626013,1.6794250704203524
17,0.5798609564734754,-0.4886762084488563,-1.4527580287259758,0.9267709407209644,0.8702870594072029,0.0,1.0431236625490377,1.0521424896536975
17,-1.0136147245421658,-0.4835626965860759,0.6717168799769667,2.5529445241673066,-0.0936747643286902,1.0,8.905923321590222,3.089805231613936
17,-0.6578093168664985,0.32746086615287257,1.3607992924683938,-0.15290643503316778,0.9193607058285636,0.0,-0.1725828989582613,1.8915027469353685
17,-0.05273580634405518,0.82754048942488,-1.6658967929501425,0.26256780924725626,-1.140758411440556,0.0,-3.243324219355674,-0.02323955232173236
17,-0.3976875030943214,0.1451418497982413,-0.8256623998169947,0.7473750384269898,0.05105131374643625,0.0,0.7492691706183384,1.480458302165902
17,0.32873403057012074,0.355726294969009,0.9347684883891213,-0.21369685067867844,-0.7119807494049126,1.0,2.2023114793415624,2.0577196301347245
17,-0.0664718633632452,1.3340098812539878,-0.8308826023070983,-0.2247954248271219,-1.3152375621648713,1.0,-1.2119014075704477,1.0338612891094474
17,1.5226267655897894,1.958473557664094,-0.310391597778715,1.8336171048175867,0.6586899279110625,1.0,14.225287613403058,7.7657461742858604
17,1.047752980185364,0.27992880533083264,0.5655063356404706,-0.28559864354982706,-0.22409158061619872,0.0,2.5408493207357257,2.82936258057922
17,-0.9034048122988344,-0.09183500537620216,2.2403078128454195,-0.11954777707622036,-0.17841119023452032,0.0,-1.0166248623159644,0.9359156945879388
17,-1.309338137448184,-1.9203739709691354,0.9752177831139184,0.9020325344846221,0.7791869470689108,0.0,-3.2662576316943843,3.788769237225976
17,1.499244678984172,-0.3308896044072567,-1.0671449475947252,-0.5820892133804054,1.3958185756717474,1.0,5.152614328517765,1.4440119881109437
17,-1.5097413470843577,-1.9490070184545158,0.5857948254274333,0.748729233769518,1.713319518609741,1.0,4.2055065669281255,4.570317008127727
17,-1.4600713757481345,-0.2673799100776181,1.4082521364968825,1.2636774564466908,-0.7602618353633337,0.0,1.792217540724887,1.6443313713870986
17,0.8331338128672391,-0.3238020423923118,0.7348499255641623,-0.5656769828291003,0.11592960266950875,0.0,1.1411983309507954,1.8693781107843748
17,0.23214777072701667,-0.9892810296400609,0.7663883663657264,-0.9081910035398466,0.7990622132768059,1.0,1.6933389475441425,1.4408239403568255
17,1.3296775502948728,0.09513456854148564,-0.27710956342927967,-0.3154988705146652,0.7249531687604078,1.0,4.577638086018385,2.866926937919243
17,2.101270046621139,-0.18848049931151423,-0.19165057035342725,-0.5191340521644708,0.65493312661723,0.0,5.515754919826364,2.5141117708175127
17,-0.7804451929135878,-1.130179908126292,0.7992807695878499,0.6422299393463181,1.025852861162805,0.0,-2.247208272943017,2.8576351843723007
17,0.7237418010665558,-0.6870753837939432,-0.8204127663329382,-0.22593915846649126,-0.062132222446338606,1.0,1.100993420010653,0.6487453160740276
17,0.6539293656601776,-0.6450303455681735,0.5393920284820999,0.6665161642642017,-0.198928505052983,1.0,3.3153938060937307,1.9441561720503673
17,1.1366735965699064,0.2600994250575761,0.4110355785644723,0.09415993401752215,1.5340640446013631,0.0,5.615994829864382,3.930371978195436
17,0.26858041745806294,-0.18072271068809292,-0.8953476028703441,0.32497342140230073,0.35737929931198437,1.0,0.6902195682267795,1.514140406916652
17,0.25134440973780764,-0.4750422501243028,-0.9402292668390587,-0.6505790423846219,0.05548470318620494,0.0,1.0133804819548515,0.5906929260690881
17,0.050428598142105624,0.6517114198741358,-0.9697636882631698,-0.08050728788187714,-0.18928606695441547,0.0,-1.930961699225715,1.3296508263059112
17,0.8759955928931868,-0.13385977767887222,-0.9894569244606906,-0.9479723173031144,1.7604765779698333,0.0,0.8826169461990301,1.7144748053034589
17,-1.2930726838985636,1.0681908613402122,1.073467707980471,-1.144894388179014,-0.7730171696382183,1.0,-0.3567579571594419,-0.43883178699456193
17,1.8210116746561658,-0.13934800942033265,-1.1348520649393354,-1.226142100282028,1.8326864905714488,0.0,4.475657292942415,1.7451901794555653
17,0.22091688161149142,-1.387413289565895,0.2211075406718822,0.3170798377779101,-0.40549911604099387,0.0,0.5275683427644358,1.1522480624461495
17,0.29857117890054136,-0.08531351697140031,0.26212288464385375,0.7352478598911721,0.1044558521014211,0.0,0.7385225975575217,2.597912020548411
17,0.29534677493352623,-0.2919679074239454,1.6097215931999156,0.9120505797224248,0.6504359201342413,0.0,2.1970195524399654,2.4626462630655857
17,0.7927252478355136,1.6643316209383336,-0.20110769244222723,0.376270243235506,-0.17605345537389755,1.0,6.361893893284306,4.527286590893226
17,1.5750371903454221,1.0613742290592856,0.36514921222521474,-0.2437807883329755,-0.0948434507531229,1.0,8.061025642263866,4.9372425694820405
17,0.5045743644045056,-0.6301126184178082,1.3928105236746944,1.6362327568975112,0.2091897057672688,0.0,3.601373205536726,2.4154562489308
18,0.3189451922187446,-0.941336497190938,-1.3307360317432497,-1.2562816106260575,-0.7203330091629547,0.0,1.712743696668614,-1.027344535422935
18,1.2002932425320485,-0.5273217191600196,-1.1564265610180626,0.7815028968230917,0.6657936993194309,0.0,1.6531771538883406,1.251593195827998
18,-0.9155209672521184,-2.5621115308801508,0.5185573271179114,-0.5618028334911087,0.27401873258268206,1.0,-1.5000624373581288,2.5907723028292544
18,-0.42031346071447595,-0.968351634254302,-1.0007282598812155,-0.1616635214406062,0.6460679011689425,0.0,-0.6395009171692136,0.9942060921059592
18,0.8238872683271544,0.6401164523244066,0.16050777495034285,-1.3867171568088983,0.4014031732839249,1.0,5.2845071409495565,2.8341288096688726
18,1.3597761245742386,1.2232175403698684,1.555442948421561,0.4204636732503638,1.6143970921549191,1.0,12.460446892617064,5.765303471122298
18,0.6060981534322345,-0.4938423996965261,2.1616008820025794,-0.810829931031801,1.2253742809754795,1.0,2.6030299337815817,1.4878541458758328
18,-1.4834315543794145,-0.3235488627530758,0.06866276589303492,-1.3989411393400786,0.27331931340749954,0.0,-1.135226279735667,1.0456364920841217
18,-0.9171736026760399,1.471341506993001,1.0732407637412977,-1.1429092348470067,0.35759335157572886,1.0,4.809626085915023,0.548849714812399
18,-1.1093423566368052,-0.4698910365061592,0.35066688020595854,1.8868109098288732,0.1642536216862659,1.0,5.071823846224091,2.871662871309956
18,-1.4250456965120908,1.1742909000954516,0.18201383268567312,0.8520462217024282,-0.6021234550902586,1.0,-0.9307999789787431,0.40065387023217813
18,1.3195451304670258,-1.0184821424805386,0.14521675100474224,0.6403084876858832,-1.6850162733239067,1.0,3.1453256674361496,0.34632738884811975
18,-0.4660242727661752,1.5127011171558926,1.992182375898822,0.43058397815500543,-0.0734174614147879,1.0,5.180798560737105,1.5840317833981439
18,-0.11305208050466854,-0.48289640771071246,-1.3336423043566723,0.5429191693239594,0.4366675845329069,0.0,0.12061725966922357,0.8145276856338411
18,-0.6043313127387135,3.4954135025510067,0.7943728558490901,-0.06414720642064017,-0.9878263955691738,0.0,3.7436659637104794,0.9050852149561637
18,0.09218248615526868,0.9633003401382474,-0.09124262858665903,-1.135470535547628,0.07704995432996771,1.0,3.235407196184473,2.0375495069608753
18,-1.1737490756155107,1.3731924154110082,-0.2450861075481595,-0.11038328420834312,-1.4122244648435824,0.0,-1.3059967592041934,-0.42579215118749836
18,1.2241493327106658,0.44817636419002654,0.01641936900676964,1.138348850604926,0.6769572675275587,0.0,4.11580101671854,4.300525594368979
18,-0.5536394234307084,1.0088522536847075,-0.24736545058237702,-0.10257442708045084,-0.7958021920282753,0.0,0.024058451037104467,1.0657558566018337
18,-1.0058301076186889,-0.3011561932567361,-1.0801233934582937,-2.03062787425597,2.001219136565676,0.0,3.461674442693521,0.5658722830233971
18,0.6472423866600034,0.82337921675219,-0.45556352131943256,0.7743986626253256,-0.42512609478508145,0.0,3.2806324750580513,3.1131044935279752
18,0.7736023052459106,-1.0587762002949255,0.9347792620567694,-1.8585677422665712,-0.18758127144337236,1.0,3.255552685113428,0.07665248481252196
18,0.087352720319905,-0.41846273615879315,-1.2541166561065775,0.7233839882047972,0.3595733205873561,0.0,1.8967469130042598,1.023724518310727
18,1.3613336653298977,-0.7818019865999257,2.716271902430709,1.4448440537526879,0.9133586905058353,1.0,6.501380145058285,1.8518033650061139
18,0.6025844488167483,0.7972988208589269,0.8001429150254954,0.36723207642946404,-0.3715094718624708,1.0,7.0427955217050116,3.2749184464120815
18,-2.064930395359829,0.003868007523320615,2.263672767083811,-0.7652585694043398,0.43001957387490375,1.0,1.3006175908309516,0.28694553660503663
18,0.07766961527657254,0.32401981702164706,1.5058497784980516,0.8148249038678422,-0.20861364388302345,1.0,4.100681301750045,2.3469426298364375
18,-0.7690191831517637,-0.13144176792087478,-1.2086911300311716,1.2318708957791649,-1.202283345952048,1.0,1.0674713219364071,0.4155426735307648
18,1.1214361274277747,-0.04127245679023528,-1.513796823434336,-0.5245729442077732,-1.846905166235902,0.0,-0.023773057397543318,-0.3918714120516689
18,0.1623083237253548,0.29583727785548575,-1.6976663057532069,-0.7091509467459748,-0.08651124059395086,0.0,-1.3327524880648394,-0.09610449617348568
18,1.1152945925588886,-1.0922728492581153,-2.0264145599634324,-0.03596940085977318,-0.7321377391645625,1.0,0.3440970188496565,-2.0439735452681265
18,-0.8730105551226437,0.37208617020336987,0.7856790188449572,1.2320051741163647,-0.7073649672600514,0.0,1.4683075428530923,1.7867704248977732
18,0.453488459190304,0.6145113744605377,-0.42128406585408007,1.852369580626124,-0.2420057225560288,0.0,4.817824020762982,3.3197782257123425
18,0.5846625459233391,-0.41948166293659306,-1.3917557522980004,1.3013766394014672,1.1233858893943331,0.0,4.813680890327735,1.5319241791642044
18,-0.020295052181420036,-1.5009323723449872,1.4567660091031889,0.9649128271663212,1.0530788807648648,1.0,1.240663116873957,2.121010004321411
18,-0.6920718573988874,1.8887270120036372,1.1060290432521083,-0.2857424803965166,1.1462626278053103,0.0,4.8847693450788805,1.722682143632797
18,-0.5375259476184983,1.6751270393969564,-0.9120128137075236,0.22959762038892748,-0.24473561755108472,0.0,-2.1216914127335107,0.816956274563445
18,-0.10686086142817043,0.20626258100505881,-1.1620743789174597,-0.6935667762948062,-1.2546366140704117,0.0,-2.7252274918679436,-0.13004254739784943
18,-0.6116445521928452,-1.2390055460179994,-2.481985138116533,0.7429638035753344,-0.21030942221721816,0.0,-0.05241757285926041,-0.9323922446478481
18,1.6321865781376812,0.9150625539278027,0.29696415877005117,0.5392938958118804,0.7970624213704357,1.0,9.225925629993043,5.540066860515736
18,-1.2870457955338408,0.8676074948574548,0.5721297223121852,-0.47926966730733206,1.1093112203261364,1.0,2.325862145313246,1.1154657092022524
18,2.3138636840635423,0.8689217465074314,-0.3169972850816462,-0.8326615060396362,0.225733826390758,1.0,8.191900374054672,5.090172397533305
18,0.12567175600703825,0.8587393656120722,-0.282710571871475,-1.6216605324671094,0.2817735886383897,0.0,3.058129511847549,1.749128913837788
18,0.24879338463746492,0.8728650777043166,0.5031612668183704,0.059548241797947925,0.06477164161651695,1.0,6.169660336859342,2.9677954505645254
18,-0.0745475330145588,2.1585730558713996,0.6766812938490622,0.7312309435400415,-1.3545948482276686,1.0,6.033996743081948,2.687410372043706
18,1.5583214897586872,-1.3596900336695386,0.14159993931662632,-0.17660559317851168,-0.11035141324957827,0.0,-0.024345913886996917,-0.10220553597677196
18,-1.7966870327700406,-0.571869918113986,1.3513464526855885,-1.177294450762176,-0.01362909854138558,0.0,-2.396264729869427,1.141096966187734
18,0.1590348966005658,-1.5991349100730392,-0.06354105647750717,1.554638797013686,1.8358010415408001,1.0,6.0969393488678785,2.687063075421663
18,0.5278131824776089,0.02093993045675046,-0.9128458023870334,0.15888162139823014,-0.9070938046613847,0.0,1.3901519641512854,1.0663964306354723
18,-1.1584116919422576,-0.7413044387658497,-0.4848479346720541,0.3367632675877667,-1.9223930045426756,0.0,-1.0880510248912656,0.7583846609942928
19,-1.3963423154056644,-0.8226289890097651,1.0984712885314196,0.650751483166727,-0.41873014737257275,1.0,-0.641098700044683,2.1593903169783197
19,1.1406983946009683,0.1417203666271355,0.240252389826227,-0.11293870593476714,0.16658249060240568,0.0,1.427463318539609,2.92109561274549
19,-0.16025186226692964,0.16236657595274148,0.3190803568739198,-0.7434484815742375,-0.16224698306550508,1.0,0.842015804877375,1.6312545624056871
19,-0.05080459473646467,-1.8552150334421222,1.3159582380726584,-0.6556342572898747,-0.1647861366096769,0.0,-3.416614375105564,0.6411012856483584
19,-0.07364231267987173,0.5915646576265806,-0.6827009847701526,-0.7938864881086372,0.9675932631998111,0.0,-1.2660131186049834,1.736771402262371
19,-0.22142021684490648,1.80149083791251,-0.8504360550645778,0.3411676143843122,1.3364862060989886,0.0,0.3009405974392768,2.4644131847923245
19,-0.021302360774019268,-0.3912725474916181,-1.5270025602731414,-0.012553098448189996,-0.6874724123883454,1.0,-2.2711285459439634,-0.2676866914895063
19,1.729261705885389,-0.9121625285997815,2.2116463110919127,0.5402795837024289,1.558352883687915,1.0,2.2799617382553548,1.3884442532824095
19,-0.5232609672676357,0.46395096422502674,0.8601904785622971,-0.6718078533504046,-0.6937141361959657,0.0,0.039358625148969144,1.127204916248721
19,0.06284217426563016,1.0593694396859639,-1.2079080625689715,1.6962411415740788,0.260173641263137,1.0,4.945688138125778,2.356908123534982
19,0.6158805254232297,0.4460569515364667,0.9186605080036573,2.110042592465666,-0.6441851129117988,0.0,6.669946093878657,3.604830836773728
19,-1.7051681390161257,-0.2962765115079065,-0.9897990761066902,-0.5627807043443598,0.24311500701236988,1.0,-3.4596164818857824,0.39860438288033895
19,-1.1141809120552604,0.2929814204544424,0.5734688962724198,0.4916154267005199,0.6511605789998219,0.0,-1.2430461655612324,1.961112384849223
19,-0.15785250893134217,-0.12908742000612755,0.9901385681263346,1.170152740448758,0.014760245234817474,1.0,4.3785249619899815,2.5130065943164666
19,0.7715597115218208,1.180550080632141,0.498312289416056,-0.0664453792220158,1.628671987238797,0.0,4.461513813304936,4.795579667666653
19,-0.005898269741518103,-0.02752152206345045,1.592637150967519,-0.33080543584491556,1.8410388230755281,0.0,1.9101678165794054,2.513048614767522
19,0.9028603720544695,1.8227783945746763,1.1054915180680236,-0.33852079235346866,0.7950024869029251,1.0,10.882594024603046,5.23821559434562
19,-0.6419229508712896,-1.1026493506423232,-0.03327594947994214,-1.5391172207394932,0.40337790860100753,1.0,1.5391272304329013,1.2504685500528514
19,-0.9877117537822027,-0.3757599835470193,0.8864530534154428,0.8907949967371821,-1.8326221392423405,1.0,-1.2567646962150771,1.2938839326574696
19,0.5385531214542286,0.8376212243697572,-0.441768892756369,1.699034987198829,0.1450732423010436,1.0,7.072890482745075,3.7443571731675873
19,-0.7127284143219328,0.5821731936728111,-0.5472708948672388,0.893867522027584,-1.9041690542314467,0.0,-0.48635004182258257,0.5949526128351446
19,-0.5626626876472371,1.269139783951616,-1.5052143157604059,0.6389946147421067,1.0536406832955423,1.0,0.07437833155485518,0.7983864472223634
19,-1.5734228780516457,-2.1830847421184294,1.734319052764864,-0.8588507231925497,1.405526618356749,1.0,-2.03312681673852,3.5343641997797715
19,-0.9858907185813423,-0.12417158752253514,-1.640886770708946,1.2455442919976378,-1.2897032979214438,0.0,0.11811227862522922,-0.34516749518660333
19,0.4835682493033821,0.6834142183526262,1.2410340517333889,0.878963174057354,1.0179826315834617,1.0,6.309915845259447,3.8067767010156404
19,-2.232119159730069,-1.681477754637464,0.7598204548713823,-0.30935781305016175,-1.0052770703217067,0.0,-5.074050095616431,3.244012732898809
19,0.9691211265413169,1.7418859989521225,-0.5893428459687213,2.29512467327063,-1.1333887879755167,0.0,6.574475705154114,5.161104718562395
19,-0.8424421418001533,0.31469518271031754,-1.3899838165541636,-1.7502357448081867,-1.174351609351459,0.0,0.4458761611038611,-1.5064426513201852
19,0.37787234861784663,2.176528848756764,1.5712744147777535,0.34395499042788263,-1.164791807920175,0.0,4.924272327342858,3.4743913772796073
19,0.4148382191673206,1.077125486977939,0.7304647217196772,-1.7829671881656606,-0.8991738310124524,0.0,4.883526900588615,1.96184093626725
19,-1.177866992639549,-0.9333083058499623,0.011516734679676944,1.1259751351902654,-2.176056046341688,0.0,-1.0197831188248476,1.5243769930805386
19,0.46515811178738525,-1.374142388491555,0.17682144886604137,-1.0155658816099609,-0.19824592997469084,1.0,-1.35442943418235,0.37222697804003424
19,0.32874402565261934,1.3025015948330083,-0.7678035365065036,0.25029237142916017,-0.5674350211769996,1.0,2.7157555913613356,2.420777307077625
19,-0.16639240942581723,-1.1563269081224279,0.8780689149022877,-1.9388575966452768,-2.5178932735625184,1.0,-1.1306273555490698,-0.6196582984601707
19,-0.30886329770304105,-0.5707525047199846,-1.124949165615754,1.6078811789202057,2.504840497568087,1.0,6.764232752727221,2.6615852374639504
19,1.1867576246892286,1.946161195130334,-1.1487514656828808,1.6473824592869593,-0.16223211855387998,1.0,7.689667686207247,5.4539072239382085
19,1.8307265904537278,0.4365549670451686,-1.3582960390466865,1.4166403186864551,-0.7825049187180143,1.0,4.723944654257494,2.781677849999471
19,-1.240287021079337,0.16433107012025105,-1.2525248694760451,0.18424450283593746,0.6044257850311823,1.0,-2.8533321924835713,0.3392023378440764
19,-2.1295689415246675,0.9856039133321454,1.0945191288204645,-0.2553162086098042,2.2844189837636124,0.0,1.659906808659445,0.349390832133351
19,0.5815942296524681,0.0805510457132094,-0.03894786184441883,0.3341896613837475,-0.3467378813263334,0.0,3.6429575921118666,2.351414248071581
19,0.7029554727921392,-0.812963613295471,0.1472268874531203,1.7335875508333427,0.23752030476050306,1.0,6.612815708093434,2.42186776439184
19,-0.8854740706175255,0.8525788227453298,-0.1129233177298871,-1.0235573076965523,1.5220352796834904,1.0,1.3400851732349957,1.4150241969891044
19,1.2728562726641286,-0.3010541449742892,0.02305097698661116,-0.5209315834217185,0.6447828118435802,1.0,3.271886018588786,2.175887847700628
19,-1.4003594971150688,-1.7090504926742442,-0.637034203756486,1.1970271967945743,1.4343049851126266,1.0,4.23521213153876,3.639592470337246
19,0.4505752433715742,-0.3581454389981614,1.094702239519635,-1.1775887270410936,-0.340123077659699,0.0,0.4482270270976917,1.1316497883694676
19,-1.2535406994879197,1.2160375175806286,-0.29942827583693404,-1.812782006043081,-2.161544152377176,1.0,-0.4062603544926138,-1.724476039449299
19,0.8695924972314701,1.1457018586747565,0.1403808363518393,0.9544711541001865,-1.140910684241053,0.0,2.2256999940550672,3.9710743527408896
19,-1.5485941945532689,-1.9417904292272006,1.4584362751839846,-0.011105048736734516,0.7943752422103948,1.0,-1.6715469848331528,3.494830088804812
19,-1.5840249338940222,-0.3730742255705299,-1.2725545554373205,-1.648583065129526,0.8668725022500156,0.0,-0.7884975222181894,-0.12088321262606627
19,-0.3607819850809789,0.1253604610173301,0.21796586948026117,0.5796011725993069,0.5875427688230784,1.0,5.113670576688907,2.5059556850257154
20,-0.6011672378786412,0.7900497799819025,-0.48422559842500007,1.355171256289098,1.36575997002705,1.0,3.937422562156545,2.6228777572703375
20,0.8230332567125177,1.001926149104488,-0.23192483138439218,1.7490372584891587,-1.6181118539231336,1.0,9.45995490540462,3.6598243042616376
20,-0.33151841095704104,-0.9820376785622011,-1.1244225318679169,1.0419285191194443,-0.20389674344758318,1.0,1.4850678062134604,0.9572876234990506
20,0.46785205271062785,-0.10010707458502562,1.773318986326231,-0.8144874727235825,0.832206752411474,0.0,1.8261232817925621,1.831415251414406
20,-0.9969421142873195,0.2435158038532195,0.3492804556083662,-1.1398145799298705,-0.8273184344345719,0.0,-0.5157877796034864,0.5112086048921095
20,-0.9985522515760951,1.232609117456064,0.5131882235914904,-0.43199948011791417,-0.3389749792327563,0.0,-1.4941353503978698,0.6284943619589065
20,1.6008823100436944,0.4439719624573942,-1.8199294946875202,0.3368491896921692,0.49733498515634467,0.0,0.7437018084646088,1.9937373551705393
20,-0.34134020793895287,-0.5205596188491494,-1.2749130710841738,0.67206328620162,-0.5241295284184997,0.0,1.044403102032446,0.47483319605902885
20,1.1343068720292653,-0.3926114147054202,-0.427392858903322,-1.0884806909214173,1.7792550257755497,1.0,4.455543717319074,1.9672461411422062
20,-1.2323396793024186,0.04680907737251331,0.45578248092014045,1.6032063733831483,-1.0546780756456027,1.0,2.3316308083356443,1.7496222873121874
20,-1.2052291722703248,-0.36138384379451655,-0.3080282605573638,-0.7803448677539419,0.9360730780258624,0.0,0.7853440722225671,1.5290270321750716
20,0.8675685770286642,0.6739625931449301,-0.2764951651639436,-1.7060066772420064,0.7005598118608327,0.0,3.3234132165877703,2.676521452218889
20,2.185782606594671,-0.736383609493698,2.3120847490758227,0.11513753968129806,1.4479195038441781,0.0,1.211906414997289,1.3774570983983438
20,0.8637118046387207,-0.724343205065149,0.018668589200699033,0.18759291127669062,1.1507123208418875,1.0,2.550122909452245,2.12237318057136
20,-0.6437361647858716,0.09696508098133037,0.23180154241404222,-1.3049451088568036,0.19774034545061545,0.0,0.712074181813748,1.1997470222585007
20,-1.273447006704184,-0.7325542572765354,-0.07834723740748811,-0.8076866677654514,-0.6789038225730589,1.0,-1.6842822676611582,1.1443319551296078
20,-0.04266820615612533,-0.20941188606439598,0.43394175711461414,1.0348655109001805,1.821499034278113,0.0,3.8706949678848295,3.4353638235456474
20,-0.6823302996928478,1.9637698198038502,0.572233141335541,-0.7974545441768279,0.46427191601252116,0.0,2.749859719297276,1.2609991692508196
20,-0.5486564188695269,-1.152414675602844,-0.6638160096973666,0.6291362832408682,-0.3411510280267243,0.0,-0.9205144426825218,1.3814756099152736
20,-0.14515988950202818,2.4294037264401935,-0.7972960716162286,-0.2141392942225361,0.26318698904155496,0.0,-0.8598156470294179,2.113989593174157
20,-0.12711827325669084,-0.29256079838269267,0.004098057749623429,-0.4760509381741425,-0.371091191355884,0.0,0.508754011007547,1.4058198547762055
20,1.2597941549796832,0.6739600452365316,-0.20027931530334614,-0.6923139647525103,-0.05839627795027846,1.0,4.9418389365366915,3.3204442950104864
20,-0.8227012436244573,-2.0601883216188925,0.5229239278080312,0.67303050964111,0.47978210049094183,1.0,0.39304756543081,2.957705611096336
20,1.1842998117353882,-0.29672334716569376,0.7118462107282995,0.003558090466017378,-0.23181503375425988,1.0,4.282420103434459,2.0913306235564684
20,0.8114042984127371,0.8487671890133516,-0.628700049036179,1.8761987186580964,-0.2680272025236824,1.0,7.309600314283571,3.81730750744002
20,0.13449594843017423,-0.7310027593374144,-1.0106847781138577,-0.9800241521229222,-0.8236805744777383,1.0,-0.8701395326568999,-0.27248436242701835
20,-0.06191778506303759,1.0586316839092906,0.8788818467722418,0.7091633628720436,-0.7754232700704428,0.0,2.027222056193404,2.477132340024661
20,0.816902076364522,-0.09501334859245264,-1.261369860914406,-1.6491754578373234,-0.9393039012035483,0.0,3.788071975226435,-0.3370844573344247
20,0.4476440438222671,-0.9743887899184055,-0.18324452199281083,0.11623905316462134,2.465671823768349,1.0,4.54966837073725,2.4830391162479106
20,-0.7023795329112351,1.0778812940889877,-1.5668258702458886,0.14571241386485692,-1.7063028405791314,1.0,-4.512736517188445,-1.1290685816502304
20,0.20338404188388456,0.07612006557561858,0.15547012705927338,1.369053652667002,-0.9214745132842155,1.0,5.29788848485438,2.444697136885959
20,-0.4859129519706851,0.7645809786983655,1.5765716401143097,0.7494973111657105,1.5520461499947336,0.0,4.499507729996831,2.7010964824069936
20,0.25543728800840276,0.38756531218430273,-0.20209303194388967,2.0206072641194357,0.6518782782490524,0.0,4.656485505006619,3.635344797739781
20,0.6609044846637137,-0.05733470908045636,0.4520173665662301,0.994015589514227,0.20146173006505336,0.0,3.824097345630947,2.9872072502233946
20,0.4906529453087322,-1.5532813389505542,1.1887721763741836,0.22610691110257178,-1.6390290856389298,1.0,-1.3278649690440916,-0.032711794573629493
20,-0.9438071681092798,-1.3661710532419347,-0.014018580830227702,-0.5607386952597113,-0.250697712599093,0.0,-2.209107708424792,1.7215871691979432
20,-0.4497139627857218,-0.7031480363154545,0.9184232979019017,0.7858906896875142,0.23669656891841356,0.0,-0.4068422552482856,2.317363598375904
20,0.9918610576502098,0.776113896589871,0.5107242941064859,-0.21778174460522148,0.3667010789407997,1.0,5.73146670734181,3.8559971365218297
20,1.5789473863691164,0.7798169788540507,-0.34181774678342436,-0.9824187690898425,-1.0583319973463476,0.0,2.608161092284175,3.161534819856623
20,-1.7835238622039695,0.6299741356864241,1.326891616437762,-0.42738295517094643,0.30444990003138644,1.0,0.16251389791157708,0.14312411196662467
20,-0.7895573643953699,-0.13387371382587304,2.12381297868028,-0.8010847263439375,-1.9180992698782144,1.0,-1.5086946044186997,-0.1789566876938734
20,1.1313201529760857,0.17365556377229094,0.9827264068083428,-1.0910683589404655,1.767266005277035,0.0,2.8072640868828937,3.2331661295499075
20,0.08008704800055665,1.540623303774784,1.043853648885292,-0.727755099744613,-0.5528456554745249,0.0,2.4302390591794505,2.3182586987353924
20,-1.1360406674660406,-0.2611976378202685,-0.26955399807426716,-0.25448373224049947,-0.6170497103434045,1.0,-0.5051851846258053,0.9914580290784623
20,0.12079945970549054,-0.5242016809840816,-1.649218736103825,-1.825273855161807,2.4032617957601556,1.0,4.137598228096712,0.12101816168514451
20,-0.7191569056020244,0.1934842260802549,1.7790490379181716,1.7507362994432307,-0.7833813948518891,0.0,3.700517020137436,1.7644694342218084
20,-0.9234202052796622,-1.1261402965573408,-1.2750676315740797,-0.540691525914522,-0.0442692699554061,0.0,-1.9416980842223164,0.37654322919953964
20,-2.411615317571276,-0.5481069734988206,-0.6871872905054524,-0.919938928648671,1.1794166949559457,0.0,-2.5523983612758334,1.4011406213450242
20,0.39635773778665184,0.21730686971834556,-0.8860730947951526,-3.019965007818559,0.2671969140341177,1.0,9.159712267562444,0.20600162162632019
20,1.6455979441147663,0.7250600654315367,1.2387283993209035,0.1951151480470477,0.28316432362594085,0.0,3.4221594709489627,4.562988974401986
21,0.6931047307789957,-1.37293101591079,-1.356617982676444,-0.8094399277318518,2.3249319802532424,1.0,4.949991338052614,0.0004835281688864157
21,-1.715469654066971,0.31526250942961653,-1.8499366656128045,-0.43603695373652546,0.41262888181705354,1.0,-2.782114177058183,-1.453128573572242
21,0.8055446650561564,-1.707589214718959,0.2333676314094294,-0.8345788238328611,0.1722378588633184,0.0,-0.32213340460793527,-0.06815519258961944
21,-0.6721020979710463,1.3935430580825083,-0.30421657109398814,1.083371971671884,-0.259180540202358,1.0,1.3776903164959893,1.6381866154737137
21,-0.03967509630902505,-0.5866980430168035,0.15738538748295622,-0.42428425332882125,-1.6216730037712,1.0,-1.4172742963067944,0.7534452607288149
21,1.186440943263863,1.2768897468375535,-1.4619225549672787,-0.7355938092466746,-0.2535598164126903,1.0,3.2702093924207603,2.629740340512641
21,-0.2996793685690031,-1.781396067706907,-0.6246412774076502,-2.8397977469145257,-0.057771162088849755,0.0,7.232866045281219,-0.4566222076686506
21,-0.5146643554108697,-0.9016446991379148,0.08618102072322222,-1.4199479570441538,0.26438947839711074,0.0,-0.5812739511145648,1.2174898453709613
21,-0.08449170492515248,-1.3358956476801187,1.984994656220484,0.07280140564017872,-0.3688027802778567,0.0,-2.6656288593248925,0.8447188862856303
21,0.4273119850017916,-0.3219738193564681,-1.0865861035658833,-0.651064681788204,0.23496394406566298,0.0,0.5933689667946764,0.6292519087091506
21,0.5707859246996515,-1.1900278583263761,0.7398150261267489,0.997386087040453,0.8064037508426045,0.0,0.8931633373733159,2.021523585400477
21,0.7425612208963167,1.2268113878590348,-1.6281527845412547,-2.5578739035151314,0.05337139201415882,1.0,5.065569513253052,0.7720162036102912
21,1.4300568065077037,0.955189476645728,-0.13834710142095685,-0.57094959666632,0.7705844770188485,0.0,1.526845260584854,4.57968753767654
21,-0.8602922071843567,0.5458669517684918,-0.5010160517160357,0.6211895217075181,-0.6839429359384704,0.0,-0.3373329449231044,0.9683925423946317
21,0.06671083506791753,0.41929457607625503,-0.5767697505985578,0.8673507468983408,0.021710308236929765,1.0,3.1548774668261403,2.2653483859446544
21,1.2243049837216078,1.1686059590688065,0.7014839575852024,-1.2672637320968756,0.27769536802514944,1.0,9.686534000003743,4.247028721617662
21,0.7472669745059349,-0.042586049320708905,1.2904642476765744,0.16436076551713916,0.9198564898151627,0.0,3.088357865429117,2.784532845628093
21,-0.533191899336126,0.48476071177509544,-1.2455514213342807,-0.5096320128426856,-0.4200441763128752,1.0,-2.211367516784211,-0.05075902254385528
21,0.12625397309256406,-0.057286803470610714,0.9717820160329759,-1.603936182469087,-1.3706180489522772,1.0,1.5313216000104584,0.5896934653676256
21,-0.5631591030777324,0.40523985398554163,-1.9005893465220869,-0.32639104005949204,-1.4708630726048246,0.0,-3.4001059203885817,-1.4799430761939227
21,0.5827778854100016,0.16823253866949522,1.317539241835307,-1.7566200719325697,0.5193304017433408,0.0,2.8967574141375714,1.7642306724524048
21,0.9442759553580631,-1.0994684144277433,-1.9808385662162418,-1.1537166098566676,-0.29929999952992153,1.0,-0.4310615823163515,-2.2313734710377053
21,-0.6156932544414396,1.2597319427494011,1.3679006429563987,0.5502203130839592,1.6249144172701218,0.0,3.315821877268589,2.5194350281140414
21,0.13846543397865926,-0.1068242298479152,-2.0788061600420358,-0.30554460216951945,-0.5541371966441438,1.0,-1.1304918435360707,-0.9546542148573925
21,-1.627493808776278,0.23143371007710276,0.531446489344748,-0.7851707489096762,0.32763355090283025,0.0,-0.04113605992180647,0.8243425855660341
21,2.016152688594354,-2.248041560286295,0.39504415370330886,1.5464448587228745,1.0409831415497064,0.0,3.3909137044841886,-1.2341238219442752
21,-0.36468902926884367,1.4736076551068917,-0.16532969067734948,0.6034598000348355,-1.15016246640088,1.0,1.9012993337679909,1.64739873840849
21,0.9619958298852618,1.1042980586937217,0.6454567110232104,1.3102954132188451,0.3538123222605693,1.0,9.95972759486507,5.04908440461295
21,1.2245360593793253,0.3039164882846816,-1.6367669949847425,-0.5829608865730709,1.2192529179006744,1.0,2.1851141157631897,1.5702226644899635
21,0.6467836721855832,-1.3659602860824744,-0.5921989011940767,1.619621656131819,1.1905544603255835,0.0,5.45181933817082,1.695634779092102
21,-0.020231822306216896,-1.7358176120736384,0.2819951619416792,-0.6311490121003739,-1.0388945327727925,0.0,-2.925566790415339,0.4235719964097935
21,1.6480320933615584,0.2506617126031488,-1.894545675795335,-0.6250450433392772,0.3819833518080606,1.0,1.898919610972745,0.9755184101481628
21,0.5100607052916092,-0.002900842382486873,-0.34445951056218793,0.8193232695492323,-1.0344732314601468,1.0,2.2611404094828327,1.9135536963783943
21,0.3114289232720628,0.21285769296897655,-0.09792135999800491,1.05204246050774,0.4368420574322481,0.0,2.832808766095087,3.0191244625064875
21,-0.9476392557863285,0.8330410760020737,0.20551750375924688,-1.2712484199208356,-0.5503269574534704,0.0,0.217289447916384,0.32420505465076577
21,-0.14191095447507632,1.5321888696356099,0.005231258725798538,1.135205604815398,-1.0872369460541373,0.0,3.3258537881054746,2.5042908483949953
21,1.964206093684349,-0.12837980874508204,-0.9663991210247245,-1.3923649656446158,1.084896105900016,1.0,4.816974754082994,1.5970809228793594
21,-0.2843959864091568,-1.0090510288871954,-0.8739208810659753,1.617507018758856,-0.6904248296897589,1.0,4.286543977581871,1.308651964559817
21,0.515669038558244,2.420561171617732,0.6102335259162542,-0.4822548180279254,-1.1480420177784514,1.0,6.990383007321631,4.025806118381155
21,0.9906495693183509,-0.20698046521671726,0.035890853169580295,-0.5891977119822256,0.7150058040324385,1.0,3.5728062698569016,2.266994908401998
21,-1.772574556774569,-0.0353907562221961,-0.037514975637091504,-1.3678623939674666,-0.7212654915486106,0.0,1.0406722050744235,0.09472506277627368
21,-0.5346316154914182,0.2089006398345201,0.6284413565354957,1.4872907036872107,1.8000094065889112,0.0,4.309386042991557,3.492265152093931
21,1.080521799462365,-0.8208864584748271,1.0527697568308736,-0.5586252401616901,-2.147931068393309,0.0,-0.6542178003522037,-0.0888947276446283
21,2.0468820369423164,0.6104348240010402,1.4554896352190407,-0.38127601702860886,0.12178546840495279,0.0,5.716649992337991,4.29119739854536
21,-0.24358446961990984,1.1859052382007524,0.6979328269368811,-0.5498123270532372,0.15394552380719942,1.0,2.7786937063220334,2.0994975592921805
21,-0.9483385118486413,0.8316014171427596,0.26683697288266944,0.43416908477470706,0.35880018047114964,0.0,-0.8099951520461318,1.6475046739184591
21,-0.029945435294474347,-1.166334455734232,0.052136456023523424,-1.7960378915689696,-0.14198901706015477,1.0,2.2963320794092015,0.4924824239685899
21,-1.020231575276634,-0.01417099314381641,-2.405013955545902,-0.15645477186010098,-0.017768434310583715,1.0,-5.433171393220206,-1.5331333451938072
21,-0.5078387876735871,-0.7396298643187319,-1.1043563310803681,0.47638109208516277,1.6783834478496613,0.0,0.6247255504442728,1.7267919473568025
21,-0.7483080140705938,0.8004253392955181,1.0035898111095973,0.5629144266474435,0.6076428320049803,1.0,2.4095516959022887,2.0514456105348513
22,-0.260306988797539,0.4734490293390241,-1.560414381663673,-0.150164089745605,-0.7771253370847114,1.0,-1.4049053891264554,-0.2501412165230028
22,0.827900640662928,-1.0132228031544326,-0.5178220281459378,-0.9794760104947441,0.9706894163261304,1.0,3.638589368284717,0.6740861112323059
22,2.5249174516409347,-1.7071833886562293,-0.933501932531635,1.1566420117146252,0.11301782115016226,1.0,3.2072577033427425,-2.138528046208828
22,1.3953390647697008,1.2974942880687228,0.0466992107093657,-0.13495934581371477,-1.5396513540427443,0.0,-0.1383679248972962,4.341815188313648
22,-0.6035737924782654,-0.965166159069464,0.3151824663135193,0.18001109563112896,-0.843332229071122,0.0,-0.864293559476234,1.574849521681244
22,0.12779522488951053,0.9152826242920531,-0.309562415645924,-0.06851809160528043,-0.3984298062059213,0.0,-0.9187388486892177,2.2027194842624738
22,1.2588816952275161,0.43891103866841114,0.39877427920472225,1.0608491274822593,-0.21814063658158125,1.0,7.162849240096243,3.9437124445602163
22,-1.8126926991926744,0.48574763631014606,-1.173180249350879,-0.10576159539671444,-1.9807985380677169,0.0,-3.7067299634200443,-1.7866324170776342
22,0.9370131272942593,-0.7011287232416795,1.6170666320862719,0.10309099105181728,-0.7571771344293742,1.0,-0.029829981954755835,0.8962118320549126
22,-0.2582939900141303,-0.3633615972988811,0.3664710551087792,0.2541016938344376,0.025312919186324487,0.0,0.14673549784849155,2.0395668157401508
22,1.448660238670248,1.4175887730690886,-0.34967581194529296,0.5509200070881325,-0.6872960909899118,0.0,1.9989313266026862,5.183186875132209
22,0.07489572004498328,0.9897609249532735,-1.7861658732634313,-0.5080094864656771,-0.9055528520949964,1.0,-2.2858930105827127,-0.2071153781671935
22,1.2266232762410063,-1.6812685321416587,1.2357210970619297,-1.8353260772801905,-1.319123032344879,0.0,0.33525080384539196,-1.920129532689501
22,-1.0367005875016788,-0.4901386698509835,-0.5931393671165055,-0.6248041265547915,0.8831401722072397,1.0,-0.1957367767628621,1.4064957233355055
22,1.7532494174192543,0.029066314343263257,-0.2878526405282885,-0.1262969211907229,-0.17637731804013662,0.0,2.3258618263528863,2.605710632646794
22,-0.7570063384877006,-0.5301463407698424,-0.3921900970268091,-0.07829601465350725,1.0867928019554962,0.0,-0.9340060858874509,1.9899753386291898
22,-0.08272559662177373,-1.4619072798747939,0.030891856925027782,-1.8089276633136004,0.2027706376117974,1.0,3.122425659109325,0.5605110138292364
22,-0.9133376258659617,-0.5519854841960842,-0.9086702030078013,1.837778781598824,-0.48213005938249737,0.0,2.535804854390334,1.6097719024374686
22,-1.7691731393485746,-0.8873347997458754,0.8271246443575887,0.6233834618566384,-1.2384487812080032,1.0,-0.012620191385432578,2.0246193687315537
22,0.07587555249899272,-0.8951464331662871,-1.77689311268318,-1.4958797207366283,-2.27411713011874,0.0,1.967713048854185,-2.4556410098085393
22,-0.7231415400435757,2.514885420825367,-0.8305850427273918,0.3316553222339198,0.829978199535317,0.0,-1.7598627598913446,0.9172219868803946
22,1.1485936458727866,-0.39347102341749296,0.574305663722229,0.654122459169912,1.1892158877597736,1.0,6.441704763965696,2.9740147035473092
22,-1.029934594812106,2.354605436836181,0.3530060976498513,-0.2783746287166025,-0.41191644134885513,0.0,0.7379651058133143,0.006941024005323371
22,-0.24753286310724096,0.8988204547534911,-0.7937937151791516,-1.0299017058270226,0.16088325111089657,1.0,1.280834286829383,0.9728954894537941
22,0.04190913267344484,0.728759602491301,0.448311607545672,-0.0738673145031036,-0.22041650838820723,0.0,2.099716379064975,2.3940701538688014
22,1.7797465395252785,0.36739303836738446,-1.68376464864741,-0.015058029312611068,0.454209870777872,1.0,2.527290898427837,1.9924016795490707
22,0.4362359163091869,-1.3330575181439404,-1.2030478233132178,-1.48327666723646,-1.4589549151289998,0.0,0.8357266175944912,-1.7430626862678937
22,0.3224863546353726,0.19713023977594757,-0.832246138203615,-0.8890724975678123,-0.38597080233386033,0.0,1.9427768837814812,0.9429519537678842
22,-0.7738801380954851,0.38235738673224057,0.11449932183618092,0.7312099381371568,1.4629549960103934,0.0,0.8243983231001812,2.656124076025717
22,0.8515434434813209,-1.8074631203841358,-1.2304221644621827,0.10210653940820705,-0.21519462952289187,1.0,1.0364372583741794,-1.3550085231634978
22,0.9055831934933696,0.4024754920864832,-1.799388151737624,2.2255941601487708,-0.7644018183282003,0.0,4.657120832763908,1.6228002740358938
22,0.8430683314594187,-1.328398367648186,-1.3975903940255006,0.44675650499183767,0.1745737326222568,0.0,2.0713167972809865,-0.5783844988987706
22,-1.59747870225478,0.38971655282825374,-0.013344718620231767,-0.5873434566591029,-1.5731894673716915,1.0,-2.6417540817321967,-0.31347282853421987
22,1.0417226740913028,-0.26665395706893386,-0.21490030412373268,0.8862813801632865,-0.28492671587421947,0.0,1.7971641043625075,2.2799797245894005
22,1.606963922109298,0.9151169085343003,0.5573363317286885,0.7170878795687159,0.7953136853351247,0.0,5.882308784139406,5.6151362276364685
22,-1.9778149785023114,0.3642345463813883,1.0700495997782924,-0.6119314101020019,0.3624541095608639,1.0,0.11268590277637675,0.36318811152444697
22,0.8834642838979456,-0.418189674745641,-0.9812023673986444,-1.3563746042445008,-0.3968285552338772,1.0,0.7802535383005595,0.052002481008668444
22,-0.422140834805874,0.978132817003654,0.014819489463379009,0.3670580162364533,-0.568103348196226,1.0,2.9413469828788035,1.771863459305413
22,0.2976762629471404,-0.7208730515765237,0.9023987864317883,0.1848168699873857,-0.5160869577850786,0.0,0.16228027467619,1.4791083066341688
22,-0.14136143275361585,-0.8832142443378455,1.7710574277721332,-0.594194828355076,-1.7099364314199423,1.0,-2.1485305112271376,0.14710245609945552
22,-1.6352074787078668,2.0985008470423074,-1.4022355317372475,-0.5904139476844986,0.1122854456815431,1.0,-6.913447880346478,-2.9722558959868124
22,-0.7748616478591535,0.9980721857986653,-0.5742259114011274,0.965730175131874,-1.9835044570352147,1.0,-2.3451987892597685,0.3818503410094084
22,0.1401708315190858,-0.23071692975231278,-1.316810870306232,0.13200484248483896,0.18657677237888143,1.0,-0.7607027292031465,0.6745360817403111
22,1.346124247460574,0.25676636153124516,-0.010528273918206526,-0.49528182782541186,-0.09090531973332504,0.0,2.327223348719656,2.848671597182963
22,2.5784692467308075,0.8590125406620236,0.8898213550510738,-1.5621718037086763,-0.8200998917921064,1.0,8.339588104913362,4.817003978596761
22,0.7678448842962021,1.4780694300532147,0.0293270017029869,-0.0753887888175163,-1.8072526491658027,1.0,5.784173041355121,3.33079798384208
22,-0.9546679604029994,-0.20788338079608407,-1.0650437880217212,0.31221400686988804,0.8552398135776503,0.0,-1.9908365250785363,1.1528548547531379
22,-0.2520338237176776,-0.6134364470899873,0.11345965039567994,2.0325411506699793,-2.5643305521774296,1.0,4.64608913449202,1.5062770781663462
22,1.499908340121703,0.526495508643128,-0.9818778254651368,-1.0106753812296263,0.9359525118421302,1.0,4.328923074553195,2.8300586178841707
22,0.9048389726842099,-0.33368033429147803,-0.29291291460108043,-0.025370578655512167,0.2920651200567715,1.0,2.670338230584666,1.9279500186091427
23,-1.5737837656788498,-0.524333542013857,0.8147795983641408,2.487822357332421,-0.014988490584240117,1.0,8.693971349131388,3.105964463641258
23,1.114344385462815,0.06831392102835682,-0.4055556907285751,-0.23098794617142793,0.08015503016824857,1.0,4.923472626076042,2.3081433869258134
23,0.3403225675464299,-0.49573055108533665,1.0963567656647604,1.3112120675122472,-0.2667791026458313,1.0,6.500164307614284,2.280822560713618
23,1.0819969894285457,1.744129142265086,0.6885173379578347,-0.746870588489053,-0.667763929443122,1.0,7.471269302530224,4.709335893425109
23,-1.23788212946137,0.9514176340868432,0.07958390071253975,1.674199743392512,-1.3864059638250594,1.0,3.21769772149411,0.8595485780186578
23,-0.40209542467742515,0.4727843249277341,0.19644434058848478,-2.580110262294582,1.2946892709370206,0.0,4.274768341975835,1.2815184923124407
23,0.31069570059234447,0.3225633101875028,-0.46180961279366395,0.3282275261351992,1.9847245954274741,1.0,5.949879084374401,3.237667450057958
23,-0.14408342430178273,-1.0869905119262742,-0.4680233902507563,1.294234287291305,-0.9212150967454195,0.0,0.24905375250611317,1.3860399725629329
23,-1.0155954833033107,-0.16963956147892933,-0.4452785526128746,1.912016264606454,0.6260368248601141,0.0,3.8528619734691434,2.5285456436761904
23,-1.9356753338145538,-0.17702649674172166,-1.2665858473323484,0.761075753188898,0.41839310188066514,0.0,-2.132869052314954,0.5422964117011131
23,1.244306200920954,0.8898761778900383,1.4533747470728626,-0.2851814057911817,-1.070569363276726,1.0,6.252466883609528,3.3403335588767433
23,0.9340500658443057,0.03959474822389395,-1.0677573353386673,1.9853587990238357,-0.5839641986455149,0.0,5.747674327889332,2.1727148032881924
23,1.8180820375171265,-1.9852581334779076,1.0320632460109118,-1.7291536842171524,0.4421535422579912,1.0,-2.006574547632506,-2.307369716547582
23,-1.1677476470036259,-0.007750892991548136,1.2822422673570286,-0.4331927556680669,0.40510456434618797,0.0,-0.6083608181508096,1.3329452180462589
23,1.986354218933076,0.06348471163236091,-2.4607492478515263,0.4198075525244135,-0.889059815384946,1.0,-0.7108888677538938,-0.09102027989713879
23,-0.6194364158684599,-0.07671340254876444,0.5330542334939319,-0.276322754216237,2.0897268863864795,1.0,2.8735724033047356,2.7339323805229383
23,0.589491646875503,-1.4022698976922783,-1.407644289877611,-1.7147905510392667,0.19941076591964238,0.0,3.9279105350685244,-1.5320983673964874
23,1.2072649071459454,-0.3253632890820443,-1.439734105982179,0.3882523233440733,-0.05596956654119603,1.0,2.3926385232928897,0.625112780428254
23,-0.2815051021720906,-3.5086127113158656,0.2734486365078736,1.34251777521375,-0.32986003784487505,0.0,-0.1361054278280297,1.698531967291383
23,-0.446119565840043,2.2859251817844526,-0.7950902189176999,-1.208864338563646,0.27085618618083457,1.0,0.31593729589130076,0.7337780318707849
23,-2.3887955276920696,0.0317626093656895,-0.32523317413951225,1.0712864702528617,0.509072833944673,0.0,2.154550400947551,1.3207484727673715
23,-0.5657160185993199,-0.5726609876144717,0.2448963436092411,1.4536330307024374,0.6728150950763221,0.0,3.0225920277576694,2.9106096877814
23,0.8648045560901221,0.26738061017952136,-0.5360903225350082,0.39584217832800933,0.253141102492331,0.0,1.7714981098161273,2.7134832590362183
23,-1.1841597898953944,-0.009108285935746474,-0.8554457919011095,1.6203955374338925,-0.31920434549500465,1.0,2.2042163842670424,1.2929063910047267
23,-0.1455255505718148,-0.7573275869821904,1.067963165583017,-0.8187032309820322,-0.8308211181168409,0.0,-0.3111600076573239,0.849913297550676
23,-0.588544374982275,2.1295860959053083,2.6465325645143483,-0.2528298701334696,-0.7074096310392187,0.0,7.767891102344607,0.48037131031197466
23,-0.8741939598475965,-0.35064435989557297,-1.6420527761931503,0.016471456201359994,-0.20408044941400214,0.0,-2.8057243261548317,-0.2919150272527383
23,1.043457514075121,-0.6402513041210737,-1.1046443539714375,1.0960230974276997,-0.49678345188700035,1.0,3.3120370995783266,0.7302778784128516
23,-0.4310710232099685,1.2264833482699362,-1.4011089954290314,-2.2960246966086038,0.24206356389854827,1.0,-0.2969881126829155,-0.6896561540689204
23,0.7089889811263859,-1.9023632531990886,-0.09913117541624482,-0.24570400100754206,0.8290109143767085,1.0,0.24077268122279927,0.2917366757735006
23,-0.6672377426300573,1.0649376179939538,-0.16821183013572494,-0.028033263300972538,0.854154057697142,0.0,-1.0443096622246535,1.803123565337973
23,0.10292080069067482,-0.36569397484023414,-0.8794992053273462,-1.1535856759263963,0.022166694255554432,0.0,0.49945177443005884,0.4630538489375642
23,-0.9884581194258547,0.11536502846818421,0.003211769775881275,-1.3659115989311954,0.5360711902096571,1.0,2.696181110383921,1.0361004782330516
23,0.9648847496514322,-2.463097660736163,1.7709499746689121,-1.8726312788055985,-0.14927597408732637,0.0,-0.001808544829705494,-2.4500103779963003
23,-0.9081138798597888,0.4410717838563783,1.4017508469696836,-0.8014960811316727,3.2652091070484373,1.0,4.533563518682058,2.4669089911011444
23,-0.7765205498644773,0.21748775934708478,-0.6874660068547711,-0.5862119270525596,-0.15278611692227703,1.0,-0.4669641495383952,0.6112243828460917
23,-0.1695950957715292,0.5082838488569305,0.441364025922817,-1.4228999558577642,-0.7955449758968068,0.0,-0.08748032986807219,1.0987713048537502
23,-0.5727325198647334,-2.1570916445110813,0.667086546200564,-1.1499227817910118,0.9843369064281389,0.0,-1.6533895393469016,1.906902337055321
23,2.4543637183392564,-0.5916162505615712,-1.2035783351117881,-1.2201145369206516,-0.5944653798198538,0.0,0.9822546511193779,-0.6707265590874915
23,0.8467063264715596,-0.9781154742974466,-1.1556079512230049,-0.47302712515424444,0.01118284977565999,0.0,1.1173527364662905,-0.2992449385299576
23,-1.0820622898288412,-1.8763604048851759,0.5573855854775821,0.33293238150914023,1.1527759837482507,0.0,-0.919301389653751,3.421315419044158
23,-0.32802172666715773,2.1396424920383015,0.13446346268814272,-0.8026700453093363,-0.8406930824099264,0.0,1.8114441549104705,1.4404847267794283
23,-0.2285424373153579,0.4458054035894532,0.33253361120186903,1.2407475798433336,1.3377983259627202,1.0,5.175650523489862,3.407504097087306
23,0.4366604757322308,-0.04973733293230128,0.6967805557837949,0.7298840001544618,0.7211441081016847,0.0,5.382833218440117,3.012559818846114
23,2.785109514219686,-0.3583969346923463,-0.6781620801908509,-0.27217495309749357,0.9644019273567068,1.0,2.041339151355319,2.0009411000738075
23,-0.3002754620804898,0.3818987617440499,-0.7344136667939264,0.1150862215620524,-1.3586221874588218,1.0,-0.06696133384211622,0.6793858197167438
23,0.07509399941832448,-0.23336315685220346,-1.7770326782623926,0.5013825757823446,-1.6948872729990563,1.0,0.02673872390427734,-0.7867049067199945
23,-1.3086774632388918,-0.188762177405549,0.5068290278725663,1.5274400288166752,1.969347687980851,0.0,3.54003960863658,3.374405473242669
23,0.6969495793714156,3.210792714142296,0.10405668390772832,-0.7063538145632974,0.7005351853047055,1.0,9.839681425121363,6.235341792202271
23,-0.5351783710883957,-0.1874236031815981,0.5168437378959855,-0.10867298928198776,0.42795013295883894,0.0,-0.7063337739712746,2.0264476507291502
24,-0.27885616833539284,0.687211763643392,0.45453883129305445,0.23197197944170944,1.18890092580445,1.0,3.959314900014976,2.8487140255978507
24,-1.8047709943253862,0.10541085913100569,-0.568284383297823,-0.5214613370829709,0.6582314519787683,1.0,-2.3889628572940564,0.5871458746188014
24,-1.0960457472159435,-0.10818728484509307,0.9888504720459673,-0.10763617600890578,1.0358962351595014,0.0,-0.8420382642075919,2.0246674961043656
24,-0.015609071227786648,-0.32965247102030354,-0.05310518918058665,0.7932172911052436,1.7243371290968428,1.0,5.009043298085956,3.063329664085037
24,0.9706162694500564,0.5828353713772058,-1.3491632219619527,-0.45298181415949096,1.6959007046269072,1.0,2.1172010117923827,2.509136222736883
24,-0.2285188415427294,0.7219366202209259,2.326523989112053,-0.9974050273021126,-0.2641656471624949,0.0,3.84165591361826,0.9283910036009208
24,2.42359901490283,0.06819573274094515,0.3600850379750117,-0.33589765457682735,-2.0008113077399754,0.0,2.243614498192964,2.358731385949099
24,0.8807780731835071,0.2089503151910269,0.07584344565572312,-0.9162837431686104,-2.2380986416080693,0.0,0.5571834982240726,1.186758844915117
24,-0.06902659131954507,1.0145203314608493,1.2371754104876178,1.5517831223540623,-0.053480827663392384,1.0,8.856953133011718,3.0979232791458067
24,-1.555896977096247,-1.1232052246501243,-1.796548520531333,0.16633213752137688,-1.2165311907125405,0.0,-1.405400990943357,-0.2391728070105732
24,-0.15400226492513067,0.3127972850168482,-0.8731318643331293,-0.08692301828948737,-0.9792904134921722,0.0,-2.4162346029091317,0.7039829858381084
24,0.002385948897613111,0.7198910842263165,0.05382415670069879,0.8268304735642121,-2.100041498003089,0.0,-0.13408427262933764,1.751714535777309
24,0.8947276929939626,0.7208530932489001,0.6020194372531579,0.5733882084691214,-0.39953459513865647,0.0,2.2766753688735073,3.6648878162515217
24,1.3586923124436707,0.9721773634707561,-0.7723882857653839,0.15523873043165387,0.646364905713302,1.0,5.571329296273892,4.217178477089188
24,-0.6923631498358844,1.2997095460577417,2.442689985016325,0.8620197878186676,-0.5414816538579852,1.0,5.346771012080697,1.0198676154498352
24,0.28949121884070356,1.3649172699747447,0.10100955933970324,0.3022622074993944,-0.6214433567843004,0.0,0.2305268986095812,3.108152884014709
24,1.2363460649304505,1.271773961012572,-0.7838551806860145,0.029025846961800918,0.19920163090665322,1.0,5.335686740920047,4.256795886295557
24,-0.8023376460085427,1.0556353686490165,-0.5228667166175329,0.936282582140413,-0.2985373991383677,1.0,-0.5107019025490107,1.2035032989734307
24,-0.41641912888932264,0.3428742243911633,-0.7545606896354796,-0.5596135643010081,0.7258780147802503,0.0,-1.0118233473481828,1.2548725696451937
24,0.8005477861599806,-0.5396158810442335,1.2459525010847912,-0.19774766772598262,1.1574992574722502,0.0,0.3664465638361365,2.1204904823109754
24,1.8515919568303,-0.936484912278256,-1.617173292913681,-1.8852885774472854,0.45777441975169925,1.0,3.4164718260092584,-1.845138477428372
24,0.23739800237719222,-0.8382062865863215,-0.01672675889703467,-1.2310885380725107,-1.0776914705444127,1.0,-0.028808731996880388,0.33771408715286877
24,0.25569239234317753,-0.7611098418539306,0.23525522981464347,0.023799068101998423,0.6901606540323455,1.0,0.5762055421668959,1.9997436361049128
24,1.4787768882251362,-0.39787186971906346,2.0728658991927214,0.45321889265675513,-0.8168110762732418,0.0,1.098656508970973,1.3254849103916597
24,-0.6830000521337068,-2.0613239757987345,1.2677277691896227,0.3956609310623708,-1.1181029270493479,0.0,-5.535430200590589,1.6068155713654053
24,1.2496217786976256,-0.4929363760597622,-0.8954478970691501,0.7851878481103107,1.8672297226480223,0.0,2.762145198241594,2.266012807425739
24,1.8451255784658438,1.8983651860226702,0.22328545359501886,0.04869964938567747,0.99178640903204,1.0,11.317511234697427,7.981528500556932
24,0.35621407065695454,0.17356303228886275,-1.3023077561201477,-0.3866987723224192,-0.717247493326423,0.0,0.038406482802996855,0.3888615958203717
24,-0.06639347139337336,-0.15288350049901694,0.3129546337028704,-0.5509819391396205,0.35777968517741726,1.0,1.8834743622692454,1.9118162480430911
24,-0.5566165440321206,-0.995606306397077,-0.11995780677910042,0.7617337307207084,-0.3997743872925112,1.0,1.2657303335156505,1.8918739706070138
24,0.2297976652119998,-0.6296580383888346,-1.3192569045925528,1.4608380036713342,0.43106424009532096,1.0,5.928765025433455,1.190593766702963
24,-0.781569108216794,0.20113490129651226,-0.20216018970632188,-0.6465923380018103,-0.7809218901839089,1.0,-1.5306517909230588,0.7173799901878842
24,2.211399419791354,0.508993381616551,-0.1626231124815408,-1.1631767158142476,0.2901872359355194,1.0,7.992408923893221,3.9547837511720108
24,0.03499775764661594,0.42884452302812825,0.46477954575536296,-1.328510067851943,-1.4838974774595712,0.0,0.5418344817381341,0.9670361378403071
24,-0.12865294745026626,-1.2359238616298227,0.5634726888471979,-1.0740747598245803,0.2814756071668301,1.0,1.4608720705993585,1.207558972753076
24,0.8310986778563136,0.5896676907523207,0.8683497960148878,0.2870703883209389,-1.4478017671628802,1.0,3.4104585573942288,2.700351398388007
24,-0.35969592426143987,0.10947782498648087,-1.547643362330482,1.458535608922237,-0.09315470204978073,0.0,0.2744245599959476,0.7675318911466118
24,-0.42157810855713557,-1.0146872551694663,-0.12952971982783926,-0.3196387927037582,-0.7831827939386616,0.0,-1.0611445437842923,1.0850843471437768
24,-0.6029049112964745,0.4344573184243396,-2.438716373448031,1.5284409813710063,0.2900266648777153,0.0,-0.1912594801190738,-0.41927068659834377
24,0.5124296304104101,-0.39586376128654066,-0.352404895403743,-0.21797463630233566,1.0425534069192262,1.0,0.9608646916627981,2.0300629151207072
24,-0.5013706308999684,-0.6764827679485911,-1.2053912693794393,-0.14078051997829572,0.6699854799031664,1.0,2.003071733837549,0.7694763769481529
24,0.19216429176164135,-1.3896871986549322,0.12664742650335503,0.5326739379584299,0.8241820214292312,1.0,2.8177917777406076,1.867932911642359
24,1.451405150684872,-2.2167991130464872,-0.5443024626901165,0.865809360571807,-0.9428515192812491,1.0,0.5122752399477314,-2.055354243913094
24,0.7471431789238837,0.446987719076658,0.3968353842053552,1.6093026031095798,-1.1926872214079947,1.0,6.0303928371088364,3.260043396593513
24,-0.5178769541425526,0.545753930889965,-0.28689121397336964,0.11416541683431128,-0.5842198945054884,0.0,-0.5924628579181777,1.3119604669788312
24,-0.07952069427621358,-0.7698511694626563,0.3053874414808556,0.7362354759970317,-0.33497950852036135,1.0,2.279320227816003,1.9435854070410854
24,0.4425821314752262,0.24800468593318092,0.1041354233550987,-0.7767257439686217,0.6184096498814904,0.0,2.761585846794783,2.4225483207339553
24,-0.41822840013006174,-0.3297806440180053,-0.877909061710198,-0.4242274172241847,0.31146965312042046,0.0,0.20601853557414662,0.9073470137989055
24,2.464738477475291,1.0797489494865329,-0.7072970843682549,0.05035412000953683,-0.24610238824078537,0.0,-0.01279235704322157,5.7421407743278134
24,-1.6601222695467008,-0.6839539275127813,-1.3333538766008657,0.5758853112109216,-1.015010723749967,1.0,-1.2889393526608637,0.3123870097812218
25,-1.692211195470709,0.8517014653438425,0.22531891295475145,-0.52061129221986,1.3171147107300918,1.0,-2.329770018516414,0.6241204518054307
25,0.05147446083666558,-2.082402753251298,-1.211716324097084,1.0162405937275176,-0.3245270593019356,1.0,1.3822002729838827,-0.031243038249395172
25,-0.381972592266905,0.09102902932955659,1.4552426319816132,0.2654423702884715,0.8503964225905516,0.0,1.1860914975546581,2.220595044972868
25,-0.720355156018053,1.4875895602752494,-0.9416160212532717,1.7841864413457764,-1.1529802583747324,1.0,1.3374816827198355,0.745301697627365
25,-0.5626522635065847,-0.5464872061250966,-0.03837913199510125,1.9645736355571595,0.5089677351894545,0.0,2.5073149786761886,2.9697572595729955
25,0.1693121394459807,0.6366514227397283,-1.8857395636850554,0.33205573618219697,0.7576754085468239,0.0,0.333758475412663,0.8030078855110114
25,0.3427763660129616,-0.6582427729206088,0.6207799755898513,1.663942787652577,-0.08485959951612312,0.0,3.118457408367922,2.52999332865341
25,0.6506030941292658,-0.9541919946149672,-0.968799553088604,1.4756374010322082,-1.0863895210616132,1.0,4.655630035808888,0.5039188042187885
25,0.06977385311208689,0.4807167380419197,0.5413842252387571,-0.9406144717794807,0.10843912589191522,1.0,1.8386067552967353,2.02038737417767
25,1.394797481592184,0.6081529794297449,1.9617520205156362,-0.7045200231571975,1.2064309822658634,1.0,9.776796321662804,3.700484793307765
25,-0.023893222309184323,-0.20998272187071387,-0.8163825241974725,0.10704293205079703,0.10327472139321466,0.0,0.9226424178797055,1.2699083964410096
25,0.2704694617802902,1.4413796699953887,-1.6699185878935798,1.5275165650967468,-0.027985182003183656,1.0,2.4727895884058624,2.061620122613509
25,-0.2906200922455652,0.256339639044723,-0.8321437221418333,-1.5716902052050485,0.40056589612655175,1.0,1.0064717671146926,0.5800205989972965
25,-0.4597378619638276,-0.8430158782222994,-0.509463498752749,0.9562176898460938,0.9871221741190036,0.0,2.9573124838547513,2.32613391970102
25,-0.504869685507161,-1.9051132641446453,0.10717638702215784,0.8220240976980291,-1.6460921260260974,0.0,-0.6137181254002473,1.3926587457259962
25,-1.230776454400319,1.0075037326153875,-0.8160846759844645,0.5192495573062375,-0.33327106679337903,1.0,-0.9089187597056007,0.01837731821013
25,-0.19932979675633988,-0.5824992429265249,1.3336957582569333,-0.04177535844848432,0.7809295802321514,1.0,0.17032004529705524,1.996505229223747
25,-1.9991553475874235,-0.41953945155477407,0.16877618088271795,0.864505669598473,-1.826680266340653,1.0,1.5379516298603564,1.2184690079783262
25,-0.18068616939949525,0.28772627517716437,0.6168244826613439,0.06513772432584175,0.7614698086210357,0.0,0.5257999256757286,2.5389673394485843
25,0.3104710179417692,0.6470761800046801,1.0766506893784664,2.16965602640663,-1.0153689241207369,0.0,9.615973727374486,3.2694205607481415
25,-0.8895096501934816,-1.4007001887587753,1.1349421547641658,-1.0975409701629013,-2.6153357956010987,1.0,-3.8140185191903,0.2340489805182262
25,-0.2768499589392925,-0.7224633552208131,-1.1166233744211107,-1.2782304871751635,0.607770375248693,1.0,1.2647732397520903,0.24553480891584045
25,0.4659129585412936,0.20096364588746032,-0.0700310670432866,-0.5140392615690541,-0.18827096298310045,1.0,2.501980768202104,2.0384480500857434
25,-0.6510403149288346,1.235111140883561,0.29977499110108197,-0.6670450115669488,0.9069788247612894,0.0,1.658349303387857,1.7131856286096148
25,0.86774629749868,0.5923026818637304,-0.09904826422537767,0.03706828765711216,-1.1240656467635664,1.0,3.4228405249456717,2.646068866861045
25,-0.3114756620088963,-0.36144569465861215,0.8396836252806503,0.662251574895103,-2.2436458210685197,0.0,-0.8272258760892407,1.0729639269352278
25,1.5058997075044949,-0.6503509307356315,0.3349287833760417,-0.5368325193063265,0.040151412484739,0.0,0.9545897525215772,1.3119686713596246
25,1.1703939149776579,0.12264585741160233,0.13662444547207922,-0.05942902671786526,-0.7597426513495561,0.0,2.321760214366786,2.439471624381749
25,0.09198226469503167,0.9077051970771902,0.16976043123954995,0.833334233000317,0.3301617636239151,1.0,6.401542359476454,3.235589993952514
25,-0.792208102446469,0.7341125994049952,-0.6585801414506355,-0.45594437742159405,-1.4379364628149933,1.0,-1.6821398630300868,-0.09598621762349036
25,1.6509394104371473,0.4775061340820059,0.042433514183639304,-1.0132074118496779,0.5018990196602005,0.0,2.5180216422106385,3.6172188622575154
25,1.6252557222069406,0.17855055303579856,-0.28283828210793915,-0.5444109389005104,1.7374644273777593,0.0,1.3969030821814032,3.6074682418474464
25,-0.7167885748694696,0.6791505257705516,0.5349628986989242,0.9636526414319387,1.0236403344813054,0.0,2.887103623636321,2.615789119716274
25,-0.42864485026878324,-0.17072673248602036,2.5098882181287836,0.4465312051328642,-0.10232090826260919,0.0,1.2354671882643518,1.3935224249243925
25,-0.3924597726501019,0.13112309046017512,-1.0361894245731436,0.9842004729180295,-0.6528533405593938,0.0,0.04262265371969559,0.9749528048853324
25,0.4429098500770812,0.6836687749483465,-0.35031761946338597,0.6262377976274163,0.22143363035557415,0.0,-0.21629994071346736,3.054033605835923
25,-0.3975895045403828,0.300299356822428,-0.4161146797555948,-0.1428331563742821,-1.2120445226662684,0.0,-2.3161748608849058,0.8611291986637971
25,0.3812158608044328,-1.2085725475129225,-1.644510266921015,-0.19185732212513606,-0.6336980510335244,0.0,-0.4010211874189462,-1.1830853885744426
25,-1.0631485750853027,-0.40477025153736684,-0.7825450750820423,-0.31602600982370455,0.16505882638669878,1.0,-0.4675966974889185,0.9387367121701036
25,0.1492010057348969,2.0719842409170544,-1.1556311421408527,-1.2641814768945714,1.2269872176272003,1.0,1.6938758122931947,2.226663143290581
25,0.5522539009959632,-0.44967646904550973,0.5733485855856669,-0.8274739720969917,-0.3403865117704718,1.0,2.048105752671261,1.3457864369330554
25,-1.5545592894288147,0.7263951561070879,-1.3586952030121804,-1.143394820833894,1.9523100231259212,0.0,-1.9321409127929061,-0.6076820025400597
25,-0.337167619278952,0.6384617577528678,-2.6899036335869533,-0.4000208552980462,-1.169068958556028,1.0,-6.230802502810774,-2.0938294381677744
25,1.12273416583783,0.23172160298674338,0.04900219425547007,-1.4539746042739985,0.41189033569389477,1.0,7.495724629090558,2.439648240588812
25,-0.23998427709765133,-0.4852172514698708,-0.6184369730454987,-0.5867932135584649,1.3617770871586654,1.0,2.7724866419140817,1.6469028330590705
25,0.26348863810337325,-0.43648761654530727,0.3111267034613074,0.2238595318326865,-0.26143969401094447,0.0,-0.4573364610088565,1.8872535086499482
25,1.1453996198994232,-2.3451733471344207,-0.5416545847759755,-1.5659802382496986,-0.6470652380457387,1.0,-0.2640675098302861,-2.8065407284449826
25,-0.3615586439669124,0.11727308111665705,-0.02460927979069246,-0.19976065574085555,0.29672611972939444,1.0,1.919643924216129,1.8713314214473655
25,-0.16593673099611508,-0.08022112017624106,0.7859140041809165,-0.6049421935914396,1.283836395794926,0.0,2.247707653406919,2.3293787406540107
25,-0.23766994021805687,-2.5044765823153585,-1.0578942211887425,-0.05510582628853242,-0.6445677773312793,1.0,0.04646948346960454,-0.16391038978447514
26,1.4075909461447838,-0.014868988159367817,0.21257655422900723,1.4129704267824363,-0.9763382329154406,1.0,7.028568951916185,2.977526460619429
26,-1.0336533313249747,-2.8718176415028593,-0.24299122222320604,-0.6747110703774137,1.2411485546106469,0.0,-1.5932132218626767,3.1480741257455014
26,1.2957153011449607,-0.5153004330794712,0.02982945581654688,1.5617904091249537,-0.12034307880850562,0.0,4.01882434879206,2.457718306042483
26,0.22910088272604706,0.16831647736849625,-0.7740825373626027,-0.01586480852176864,0.31000612782018955,0.0,-1.1549677001724568,1.7123622212018947
26,-0.663527473083556,0.36524833287487235,-0.6032580867092404,0.09840484616057439,-1.2668879707895053,1.0,0.08648181710475211,0.5461291043743195
26,0.07132667349151807,0.635146831690812,-0.449167565953139,0.14605012616602359,2.0200527900398577,1.0,2.788448728977567,3.157816208850594
26,-0.6543182086234419,1.3849484900812978,1.5249686902246464,0.22960939854856904,1.2875270100960632,1.0,3.831637495261368,2.0259822723638248
26,-0.18509238491393742,0.8809092377904252,-0.6459708108172474,-1.2632687315533857,-1.5598965092019588,0.0,-0.5989505653111951,0.24880654945860337
26,-0.08591047697629652,-0.6486267182276751,-1.4302106069754053,-1.9759817069379264,0.6585242998772123,1.0,4.229238339562304,-0.5452556940682706
26,-0.11197877105262848,-0.03336296454641679,-1.5922501214915297,0.15764309741088703,-0.448152007014772,0.0,-0.48486399215831,-0.03176658857358974
26,0.3631661447451346,-1.3278141813483342,-0.2186957347786821,0.048809999755359205,0.3247782819132428,1.0,2.2834169354696288,1.0890863464694742
26,1.0733534280815715,0.4614785364462154,1.399029356878216,0.6036414032754704,-0.5624312121119089,0.0,4.620501315735642,3.1537889080506134
26,0.3082502359891184,0.21120350158631138,-1.2962103151351207,-1.2008847466055828,-0.9477652893994247,0.0,-0.1098261578024264,-0.126451296689021
26,-0.0617182097825981,0.818772164155159,-0.2064917093994868,1.389509223794701,0.3211282491441585,1.0,5.967164138984357,3.0588229390492057
26,0.04475891081479944,-0.4547051116360065,-0.5898554739393271,-1.074645766022769,-0.10614274243266993,1.0,1.5752847774633305,0.7203738819418471
26,1.0439502665710962,-0.025254406693852222,0.24513432455712614,-1.957264039567889,0.6107749311157471,0.0,4.6271711981624515,1.902410928340664
26,-0.1995029365313765,-0.5638030717545461,0.5573402738377641,-0.0487566684600723,0.1170619852345408,1.0,4.155605249199359,1.8923150819786572
26,0.4974875674403174,-0.46020113901647897,0.22527430025681408,-1.112899187476273,-1.3964446972363425,0.0,-0.44269848835057635,0.6223969490666665
26,-0.20420143604504748,0.8389630766197705,1.4260401700510326,1.0555256832470634,0.07245060072852082,0.0,5.289677893502445,2.5673227233412788
26,1.462858251634575,1.3336857370268334,0.7712630003147929,-0.2864230776969255,-0.5105818827357516,1.0,9.569666222053183,5.053425077993342
26,1.7000631608037269,0.49570594906856064,-0.7668001621096749,0.6222378534210548,-1.0770837344549375,1.0,4.861076925937569,3.049927466363035
26,0.6005732230349081,-0.6839410923049078,-0.09101755396767601,-0.23342976119706618,0.8989987321041017,0.0,2.1682315907694223,1.830695828803846
26,-0.4064079863965276,-0.8086603590252371,0.23313091714892295,-0.6241989910395183,0.8381278572665255,0.0,-0.11733079741337632,1.9175895923529995
26,0.6794411175120374,-0.5170371629568504,-0.3003522585376952,-1.4491708309965894,0.09108129212313147,1.0,2.7283334928786602,0.8559171011172839
26,0.39626741071173516,-0.46373391751436843,1.2170852988574845,-0.3247939793985543,-0.8561783518981475,1.0,1.6776816676580486,1.1469420683164417
26,2.2950994253323787,0.5756520004446224,0.5328047807230335,-1.1292590098386195,0.23201884147977686,1.0,6.941465302344017,4.435722362925141
26,0.48889440124766276,-0.5028642462675517,-0.6879750720504053,1.2205337788162052,-0.40575547388806277,0.0,2.707636989772673,1.5831025542063073
26,-0.8401096311258801,-0.6560252690734988,0.7665109665551546,0.8372903900046613,0.18803288756647915,1.0,2.7036092366078828,2.4193179529007867
26,0.2719422991793957,0.8422382615053918,-0.33680108590665664,0.5197305434227177,0.3887499207006799,1.0,6.345757407679383,3.015786815384961
26,-2.1491333568627367,0.6790968733426098,-0.9763287488371346,-1.0619869277994003,-1.4298642495570688,1.0,-5.789336660832393,-2.3685101973387215
26,-0.4166611491783556,1.8609304224151206,-1.0301652955198655,-0.3053825183766079,1.479554887500729,0.0,-2.3940228333576794,1.533437895331469
26,-0.8483687505142238,-1.1114743104251146,0.1491481282628755,1.0817853525000094,0.9842213329444751,1.0,3.4275025499709613,3.059493969621798
26,0.5184918733475469,-0.42077020645725777,-0.8086455990693039,0.4130567890684584,-1.4533281156162587,1.0,-0.39413207201167344,0.5967152135081084
26,-0.36838873849277404,1.2201724908166829,1.0639309782098023,0.08794617155492372,0.6635799656376148,0.0,2.914691679401754,2.3695617323625178
26,-1.7452630606111552,-0.038534214612499396,1.0844026214452878,-0.5602162030746309,-0.2740234967549771,0.0,-0.6463555797156484,0.767876047002733
26,0.9425174741898478,-0.7724037810406393,1.8260482011438328,-1.1118474000675898,0.24172517641882743,0.0,0.7386643906663493,0.5825266443679471
26,0.5121666775780308,-0.23535693624260096,-0.6875420475957216,0.675317262135225,-0.14303798943435897,1.0,3.2291299604007087,1.7130397649073204
26,0.9816427768213257,-1.30424678073255,-0.4743543492946142,0.9249599235095727,-0.09059283993066435,1.0,0.3530554996395039,0.6279877508242094
26,-1.1916291156170264,2.3578462589907883,0.011801028217978843,0.13346068074479228,1.632880817041907,0.0,-0.4803157173086745,0.662431951001714
26,-0.1481208842578802,0.19668949082388296,-0.04548933750571287,1.5612421052763286,-0.6422713161600706,0.0,2.779317421296832,2.4308567462708397
26,0.19494924870980146,1.5697270198422062,-0.6071764355554571,-2.485601467407695,1.334443970929017,1.0,8.93932797013845,2.130450548018242
26,0.9162567188809467,-0.10056210949562154,0.8353774021935825,2.3294326467501403,1.4190333273363045,1.0,13.886978283681419,4.278526152280605
26,0.04794053166502265,0.24882629510823362,-1.7817581269976834,-0.42401526844136816,-0.9778718372131403,1.0,-2.2532464268805117,-0.6409108116740136
26,-0.4773076317099944,-0.9324048148576314,-1.3167107647332188,-0.8344466798999557,-0.17152668072292435,1.0,0.17092882740592685,-0.16979391672195865
26,1.2591481594136593,-2.24586080819561,0.3715323302585663,0.2085220581211206,-0.17673292577482064,1.0,-2.578971892121963,-1.1877949590416823
26,-0.6917324000465789,-0.6080838930396085,0.30807910195212246,-0.23842697232210586,-1.8465117767684358,1.0,-1.543526409880073,0.8352111597310885
26,-0.3452062181892925,1.1261644490663147,0.1931163158463048,2.1982664171896458,0.7477618757824076,0.0,7.440533654309411,3.552703373102906
26,-1.3123509680291512,0.3688338621262645,-0.03584769564960758,-0.33818416771336995,-0.7438711053605397,1.0,-2.6360512902768463,0.48460802684599935
26,0.01624968443909238,-0.30655981970945817,-0.9824181879261279,-0.28031243024547187,0.7783338096793163,1.0,0.684518863852897,1.1626776491653261
26,-0.0005914462269855605,0.07141881295765017,0.5337017620112365,0.19091008461405326,-0.07398251919649443,0.0,2.258916947384265,2.221615905829033
27,-0.5664398934480086,0.47584803001441583,-0.4959681854033674,-0.36151582149071865,0.2381618905250802,0.0,-1.5942933314272045,1.2550120814432382
27,-1.2577313669003223,2.4353948701973045,-0.614897104511468,-0.2672860730285756,-0.9360085672045682,1.0,-1.8195491870544864,-1.5665038307531587
27,0.7793591624534091,0.27200163015265016,-0.13643543561764684,1.204552422022252,-0.3749107781671926,1.0,4.733875222981262,3.074977577764412
27,0.24671916451323633,-1.2001222758887704,-1.5969802060043339,-0.710192950515065,-1.160888653443559,1.0,-0.4546648197623483,-1.5330065132771526
27,-0.5257914915300067,0.3150994859588668,0.13819805418382755,-1.1046364600589988,-0.43854593530108266,0.0,-0.9098547252783894,1.0169510355122675
27,0.052514400692406996,-0.5232847561855117,-0.648192536162143,-2.086308218999303,-0.341550261500675,1.0,2.8298519627000043,-0.00371432131605709
27,-1.3783493508132763,-1.0019943722490912,-0.36756936871205287,0.9038468515739823,-0.08676623362497703,0.0,-2.3078125113034904,2.3488856000401657
27,-0.3936706509299701,-0.1013287175872374,0.009734617754732356,0.163899179645561,1.1431726733591203,0.0,0.09905668892231081,2.45074631231432
27,-1.440578183687861,-0.032755219719153024,-2.1325245522897576,1.0919619410774553,1.3010400823250898,0.0,0.548772538047941,-0.09189116302975397
27,1.1118973867818145,-0.6977674785061616,-0.71042044394849,-0.8228464350902187,-1.1281905596958135,1.0,0.03425413677373068,-0.14142185175663058
27,-0.1460896387377188,-0.19442890076108366,0.027837618414186645,1.686925618238732,-1.4607916320265388,1.0,3.8793677799615276,1.9847431389577288
27,-0.14371384017964622,-0.912443183099226,-1.1474201561625352,1.0731727031899996,0.2986765477353406,1.0,3.4809716340916848,1.126107616866737
27,-0.779236085882722,0.9083425766309179,-1.6127829957007254,0.6362059852648038,1.4148586056257697,1.0,-1.12590162769822,0.5339063951670764
27,-0.22211301071753486,-0.5183910727646049,1.5956611556164775,1.0997639599137492,0.6497659470823757,1.0,3.840434988066419,2.3926226247189395
27,-0.7375992113907096,-0.417690793219217,2.1075772029741136,-0.03757977985552869,-0.1550264166861554,0.0,-1.383273684611064,1.1765566385517228
27,-0.22560024303941129,0.8258362135337386,-1.060394633584572,1.3636300994550894,0.6583779639717627,0.0,2.397861546746787,2.0831436327153803
27,-0.41818289592298435,-0.21202083734949875,0.6412521691816823,1.4708692289975538,2.536519816472552,0.0,4.153150625149558,3.899229567987093
27,-0.6034271802911486,-0.4179428873463468,0.4532029616771659,1.3172712339165702,-0.45045493332595954,1.0,2.9364063393261093,2.300572003324379
27,0.30261545327858147,-0.013000758094202878,0.12936623105927633,-1.1395216213695565,0.16748781957452186,0.0,0.8214299109454648,1.7111831845863148
27,-1.5010088452232182,1.3584249644166462,2.2530582842065576,-0.797075327405838,0.9225104800975351,0.0,5.903699875343331,-0.5516033594147327
27,0.7337491738610913,-1.6598051269867913,-0.8523481664811535,0.613673774753419,-0.2543954041463946,1.0,0.5600989281921293,-0.269226318691009
27,0.5486429816885938,0.5156182650645934,-0.2675815833722394,0.3537561291397206,1.0127160029510935,0.0,1.5196583791259883,3.3288793851519056
27,-2.21312620140552,1.8498389461793179,0.4043250279110199,-1.3134486583314813,-1.0558810975269068,0.0,1.6772585317043895,-3.338704892310936
27,-0.009985825746435407,-0.19084222461419095,-0.34867488415396325,0.10579064074042284,0.3763744362291251,1.0,0.399937927435565,1.9080630557229865
27,-2.4657055831612094,0.3809399106648768,0.5830434914688631,0.2582513851849789,0.7983048630122858,1.0,0.5644216751173408,0.6729222413163403
27,-0.7658491551137314,-1.2475145584964622,-0.31377542988901097,0.8432876997740192,0.5827395076700108,0.0,-0.2054143901663168,2.4560270605050936
27,-1.6637890879929522,0.9760592253765104,-0.8264328056613872,1.131813039351038,-0.42161296093492184,0.0,-0.6239573739531294,-0.3484341780997209
27,-0.3680735173476726,0.2641186890799409,0.4860744564409065,1.3976923970000774,0.022297599520235814,1.0,3.896160072196965,2.688013235430743
27,-0.37432659298229537,-0.3429789886712045,-0.8591513486696338,-0.2898189861691599,0.23480333448825794,1.0,-0.8796482277447958,0.9657302425321682
27,-1.143482457256924,-0.5634906911673302,0.13431923605862822,-1.0895692216365473,-1.9270367874789665,1.0,-2.5144493931591327,0.3407044852534926
27,0.13120108745946818,-1.4455819301156727,-1.3153147451128901,0.6484434911637498,0.25393678595417957,0.0,1.7371870336146154,0.19939181171491044
27,0.016506106952589503,-0.0015583273420882032,0.3993205790771466,-0.005788343229163009,-0.5165781173535663,0.0,0.31616499037878254,1.867250587499961
27,1.6644983893085894,-0.3061518335575129,0.7919291524438143,0.6267663175686561,-0.9596481340658283,1.0,2.0091033033134442,2.101581339034079
27,-0.7530390228525573,0.2892155049115976,0.31749124543459323,0.9789048233271467,0.6274002958677838,1.0,4.3472159727947925,2.4622174625106856
27,0.013590025663505447,1.2171579508138708,-0.4833171058256806,-2.1365732630793586,0.7811993869818176,1.0,3.998731765304064,1.5980279803773267
27,0.19269077800397733,-0.35931931879937457,-2.7904275820862554,0.18374470773097795,0.8580879082030456,1.0,-2.414897442214383,-0.9658218474905451
27,-0.19227509425055134,-0.4214247485706728,-0.3528435535389244,0.9815852119608788,-1.63820790142429,0.0,0.6044846796393274,1.207840308440822
27,1.1317221034522569,-0.040942840730249744,0.9020808520164604,-0.9939540293883405,-0.8163004256757808,0.0,2.9557351886204293,1.6649455483040978
27,0.13020501548650196,-1.4520087615249047,2.000822331908931,-0.21017717194472912,1.7608156561034627,1.0,0.6685498376015266,1.5088752716875202
27,0.5270940842036328,1.1757257628718114,0.26384900388570726,0.06743196498176075,-0.909610550074118,0.0,-0.17838847152705695,3.14735654528127
27,-2.011928059147775,-0.6463345655846408,-0.09104580693018365,-0.7113046977777512,-0.4688249001167034,0.0,-2.060927397674077,1.3315178260950562
27,0.10265988678889496,2.099400954819086,1.765549029187696,0.7479096906782197,0.4243473738573845,1.0,10.441671309694978,3.591933813713204
27,-0.08195254902373661,1.2051868481753902,0.34976645142806423,0.28122095309146133,-0.33631137159428776,1.0,3.9736453585622824,2.5496398023014795
27,-0.7961090517418166,-0.5199095048574732,-0.35619839271017567,1.6017348534347222,-0.8786618075491939,0.0,0.021097623646511243,1.8765619770527806
27,0.1363719208466808,0.8614314936972352,-0.6221160768397607,1.2995211516042735,-0.07335547405669039,0.0,1.24397809224243,2.731048695448861
27,-0.5802642526341046,2.356554580367211,-0.8766421301628994,0.21633606272254344,-0.1471134614632181,1.0,-1.3234351573129826,0.7567466051868065
27,0.5696127655637251,-1.1218171809550466,0.23274723579633352,-2.0600809024850215,-0.17909026860590221,1.0,3.6563620588640497,0.05472085126003867
27,-0.7828598741089613,-0.39084884496318884,-1.4444948235118962,-0.01278581623820735,-0.11357730261406054,0.0,0.274080389191921,0.059662522793374806
27,-0.19128685761184505,-0.036273459931059564,-2.3405297648354146,-0.16595098063872002,-0.3531929276401131,0.0,-1.3002306351658235,-1.2326222053864115
27,-0.575535258939638,-0.36034163335935465,0.9085881523350888,-0.09837443228575808,0.14594222501812298,1.0,0.6864448273746879,1.8323886380824161
28,0.7097800153867573,0.847788984454775,-0.21349893359561037,0.6488750324089414,-0.9505743425913267,1.0,4.646749025888429,3.100224598544915
28,0.9103240838741524,1.382170056213222,-2.22503818245891,-0.05330794295916009,0.2258123047626388,1.0,1.2966946101433487,1.7696450263715324
28,1.9048419077882504,1.0830938242853654,0.8528587342742546,-1.1698675038462458,-0.3816135821848922,0.0,4.263489345031737,4.865611937681677
28,1.2384813906354548,-1.9052215266396382,1.0883857619901458,-0.45608299679734005,0.28861027617713486,0.0,-0.7630251620165155,-0.7685789625426034
28,-0.9920325542765627,1.5629279969784573,-0.8689305054894615,-0.859575125351168,0.7396325658962739,1.0,-2.552913266280695,-0.11382064020979488
28,-1.0121457893571237,2.0007590012081593,0.015358682546827011,-0.008273181107171916,0.1775427187213445,1.0,0.998627044006347,0.5614429751684962
28,2.0683621736212103,-0.3133942929307621,-0.5874051550304376,-1.201281891347197,-1.0035080701441117,0.0,2.8426611819389427,0.6655550317874326
28,-0.5765890699064693,-0.06328025958545541,0.054554692347533594,1.5508359705903034,1.165195287515864,0.0,3.5072953145623758,3.100357278310713
28,0.7545160113031024,-2.5407028281766197,-0.5037153580780345,0.23892190317740225,-1.328539587897837,0.0,-0.2560189888019524,-1.7309656222353256
28,1.400592351130153,0.4392835410929024,-2.21623051807354,-1.0871693187629952,-2.8157172076709447,0.0,-2.043826917568353,-1.1259087524932516
28,0.37921917951659373,-1.0279711906488636,2.3442819894551903,0.4164304983492897,0.16028623860319105,0.0,-0.4499037273652243,1.0476635671416346
28,-0.932432160154451,0.053266694586088556,0.7529371742051703,-0.015388558057734411,0.07457596067430868,1.0,0.19084367466857044,1.6464956003639495
28,-0.8767420571499395,-0.6030785504320442,-0.7347149310019885,0.5418544615851848,-1.2413500041372019,1.0,-1.645046805099462,0.8137506752268848
28,1.2343570529641152,0.38853624703569506,0.20149938791164504,0.06970556690876693,-0.09245976978177237,0.0,-0.39076122186745943,3.3601792932647445
28,-1.379795225460841,-0.4007829557448437,1.1264109089883136,-0.5922687303772342,-0.031093866140344765,0.0,-0.8150794226456543,1.3441365450142388
28,-0.4439807446909671,0.08939720563357242,-0.4144613758966681,-0.21439659221295357,-1.2528191611508763,1.0,-1.7977185201443668,0.7575123834645207
28,-0.10182805547054213,1.3227113150222993,-0.36874358090571174,0.31948311587249073,0.1443448371559087,1.0,3.1996239912058684,2.4560756448189047
28,-0.6420646129147423,-0.06951127057800974,-1.0724999164374422,-0.6958471413240561,-0.29806630340124385,0.0,-1.456717354821228,0.13356590777511157
28,0.42754003308509264,-0.20077502469535533,0.8637619155515612,1.3781313230470018,-1.44837480009347,1.0,5.571502429496423,2.0738842812670883
28,-0.4693579978352994,-0.8478957242571027,0.3378813107431814,0.6511766646221085,-0.8225259673510004,0.0,-1.1819603556391018,1.7660648870519193
28,-1.2597034836890622,-0.5909927592891465,0.45865172254741027,1.122037157812932,-0.05892742615400381,1.0,1.6798301315153774,2.4766584914472016
28,0.2820804976121906,0.9777098655488136,-0.06400758924489766,-0.2285622419897198,-1.8199681363985696,0.0,1.2508261088788006,1.8473712967045943
28,1.1264734494474267,1.3831214116571717,-0.25009870586776767,0.9159772552162165,-0.3087795044729708,1.0,7.303558223227982,4.9602844973523
28,-0.5476777907262058,0.764095962186189,1.5139559698074796,-1.621258443674245,-2.2999087692094378,0.0,2.330947038171407,-0.4570651692353392
28,-0.5408265971329772,0.2902440628704209,-0.7862638094524067,-0.9615509985751535,-1.5071701856077955,0.0,-1.3634144350806403,-0.20326106067456517
28,0.7157504827340215,0.2086183195367175,1.856865588785308,-0.011891891290382251,0.16361126948357926,1.0,6.066629428180208,2.333612127438207
28,0.2235676054897117,1.446869128866928,1.031140948074997,0.7576576702957014,1.0408680268702513,1.0,7.6336578862503615,4.08736513286142
28,0.15965479208240968,-0.9294990108941853,1.6313117263282786,-0.44082711381394124,-0.6416347494152438,0.0,-1.0517634470384423,0.6806253802336902
28,1.4956429905694333,-0.0911877352006451,-0.8284731549366844,1.5133208511517222,1.4006604347180027,0.0,5.346849565012732,3.2845990760228285
28,0.37230803015028574,1.2735580202755912,0.7153048553872178,0.7639947168639502,0.4964775099832003,0.0,4.831637285256805,4.039870781766263
28,0.35662748264314353,-1.5090999692618727,-0.885374738423648,1.982680221309477,0.8857857035729589,0.0,7.563784178637654,1.5101222681721416
28,0.916575114322099,0.5981602181144695,-0.5554046890354575,-0.08513389192883172,0.3249029588937384,1.0,4.567730004040339,2.9974957479885
28,0.07261327104149137,-0.6470510148554561,-0.7022235265439143,-0.5555198945986497,-0.3278607406978178,0.0,-1.416732279438712,0.6364024190746658
28,0.6005804361856354,1.3151411446214483,0.3751119680826941,1.3070992554440175,-1.5713343931685373,1.0,6.9245323337264635,3.733613853111811
28,2.6103901002380976,1.134571515215188,-0.030566188738337118,1.8271173840773036,0.589880299978332,1.0,15.458967419382368,8.02690369713792
28,-1.0258861815866396,1.6398488738033583,0.42955244558421074,-0.4961313783122703,-0.7159590794015928,0.0,-0.22148098233008076,0.14256627152018186
28,-0.20606266445616847,1.462653177182312,-0.984435403498015,-0.35419278624950157,-0.030905601901515846,1.0,-1.7018087455267819,1.195463638486118
28,0.6397134630384369,-0.7389456475071067,1.5536407825363876,1.223133351509362,-1.8627717103388344,0.0,0.865569099309866,0.951826343210309
28,0.8973968636688943,-0.5875446307274926,-1.7593239613692233,-1.6257388538483586,0.3800880447957576,0.0,3.6456295636497424,-1.062234799326038
28,-0.40651934511179666,-1.7940137462885197,1.637922525409229,1.6603429476182385,-0.10461962946091934,1.0,2.7062275237398805,2.158781870328685
28,0.3377542952023889,1.1206758808522066,0.7732245758761505,-1.7531130527923264,0.9607182678451647,1.0,7.314167448911851,2.813805276008664
28,0.05939308390911198,1.5369524928534688,-1.7604304177350694,0.3840194266723509,1.2498277505389714,1.0,0.5299230917316549,1.6376659583967865
28,0.2782589987945411,-0.05065630271395201,0.1344435713603734,0.9359189833614617,-1.130050597741849,0.0,2.3094191929556978,2.060837822160935
28,-2.2643624021415705,0.5649633611655529,-0.971472852539559,1.324879838796658,1.7094051325370294,0.0,-0.4951572148962837,0.4665087287296248
28,-1.0663045589714497,-0.8477923446397122,-0.3224204954287537,0.23252213848669367,1.2167824157180651,1.0,1.9516219100557646,2.4588696509487757
28,0.8426524789359775,0.08649389247192694,0.34275951096731483,-0.4407972256371155,-0.5253804712691345,1.0,1.5898957849145003,2.16757920155751
28,-1.2618035014794478,0.8505558876409054,-0.05444749502442455,1.5952792383096237,1.2584782271976016,1.0,4.885821523810028,2.1193148823843253
28,0.11661595240988028,-1.327791998669907,-0.17701862886270356,-0.2490592994513341,-0.26669399977201513,1.0,-0.34069789776424575,0.8775573574197632
28,-0.30910291283118063,-1.1216525857661914,-1.57541409208899,-1.0452601942011217,0.22644680415477178,1.0,-0.9159941759370982,-0.5704031578041612
28,0.05851155657158827,-0.10376360769417878,0.8853254811411689,0.6136287775739797,0.07105946349273357,0.0,-0.4789705277361267,2.389347038555957
29,0.8428206004808517,1.60602836497309,0.356923542668657,0.8447059851261512,-1.1026250154892485,1.0,9.025767358766299,4.564496679515406
29,-1.605668251581177,0.6394753763420701,-2.029514190361431,-0.3276189796047344,2.7010958832048835,0.0,-2.6555271888475915,-0.7806992712902012
29,0.887909896423884,-1.167956906518993,0.33650555708782925,0.5518055998623952,-0.48196328586155857,1.0,1.3185026961207007,0.9700241933193798
29,1.0963646506336542,-0.5811232694146943,-0.6359421540105682,-0.3968609750500283,-1.3406922718117225,1.0,0.6749251176800592,0.23826245459580386
29,0.8708482959707582,0.14330152724817696,-1.3707011317819935,-1.3801048919170549,-2.713761839515962,0.0,0.3841103515304238,-0.9016525018386913
29,-0.7394019525242876,0.22302159271655006,1.9917644138072264,0.8653039705488832,0.49797873712033225,0.0,2.6259471113929234,1.8457865683339385
29,0.27792706197957273,0.9457836428775349,-0.15023155790038856,1.2806466697852892,-0.5940429372311014,1.0,4.937041776153147,3.131636756736414
29,-0.039937119032842826,-0.2828554382579771,-1.2256999010701868,-0.33039427767346286,0.5384388471209968,1.0,0.8535741350013961,0.6793599064079714
29,-0.6570160411495658,-0.5959892479773996,-0.2676928508822279,0.7214935565239656,0.45208950087936006,1.0,0.8128156642780564,2.1824006749448985
29,1.6829458601312959,-1.9182513559436876,1.9574326894085425,-1.34459808484613,-0.827456888085001,1.0,-3.4051217778687635,-2.830352279406487
29,-0.8431050002447544,-0.5695243624242439,0.4089975389426941,0.5803975781028653,-0.12496127166888676,1.0,1.614231164264388,2.1235910313327473
29,1.801408382320027,-0.7684160358587793,-1.5676706961287423,1.3047995970181598,-1.5845309655532411,0.0,1.3379294490122766,-0.7883103216296056
29,-1.6683515900484889,0.26155959499927783,-0.6340212598461276,-1.5215178272519636,1.833339027052529,1.0,0.49788475026334933,0.5047824836735202
29,-1.354380808185259,2.4051726559622044,-0.02020862974535151,-0.07566095720399743,-0.5048848695454782,0.0,-0.08435003820647469,-1.032705177375082
29,1.8741678472611292,1.6798301033964589,2.052786473232527,0.0691017765204367,0.5111368412894768,1.0,15.02302028573104,6.778251579815141
29,1.6081767619700365,1.0075128906023099,-0.3435568616029865,0.760424029955853,1.8364497738266534,0.0,3.802263873867916,5.996324652511119
29,-0.2351450774638153,0.7137858626174829,0.7285901793875569,0.8466377934424056,1.088296447564512,0.0,3.1904087372662273,3.149353198854951
29,0.04383488673830895,-0.6636836463677127,0.4809853465612687,0.00763041777546566,1.01374926982712,1.0,3.1222087134418364,2.298705119533727
29,1.1723926903961412,-0.7352229848186937,-1.4715747767432141,0.7890870709769977,-0.1674042701510723,0.0,1.9355152783528033,0.03072763715268889
29,1.1806725160498346,-1.7328194626549274,-1.112876388424465,0.9783272073442896,0.35270618377126944,1.0,3.5805025159422987,-0.7708039833036506
29,-0.5296747633424419,0.10279243587874327,0.10944760416603723,-0.5335800748954779,1.395059278391975,0.0,-0.7030767057234601,2.211592268333153
29,1.0792990232932749,0.9404805107531587,-0.6641912287095222,1.1688764064897084,-0.7064636109441228,0.0,1.6269811602216704,3.711475834543144
29,0.08078943037852603,0.5951928897192285,0.2025106262228353,0.10975759205958373,0.6734146179774672,0.0,-0.7815605493662188,2.8584825778404728
29,-0.6038923992962609,0.17770452105295415,-0.02186305159053964,0.882616689892081,0.02474109479723584,1.0,1.607841749965674,2.1221000308505857
29,0.23270949323882142,-2.234535905581387,-0.6678651756697714,-2.1217778966661047,-0.2853727700272677,1.0,1.823586848911412,-1.273273270820029
29,0.5872056652417491,0.5553283569397889,1.2693081705237552,0.5349789778611082,1.1356556368933926,1.0,5.281768309032616,3.66427192988746
29,0.7973348476969438,-0.12337674700925419,-0.7325586216790435,1.1061059339703334,-1.6313593421579717,0.0,2.7603217995354075,1.353166153568372
29,-0.0361736312200548,0.12709295318068753,-1.1063675340291035,-2.8398267020460013,1.010436911465785,1.0,4.592057906007089,0.020895756030485046
29,0.9821619395097023,-0.03353961782002446,0.3174940802785034,1.2758380102566116,-1.7702446240010505,1.0,4.928475616758548,2.30293427340496
29,0.8611734651401545,-0.2111509291109473,3.2903791892858485,0.2766620499009129,-0.4020542986701477,0.0,1.957583822093787,1.7367154732323784
29,0.858953021290027,-0.7308389249215704,-2.544643536837331,1.6876587575832624,2.5266906203439756,1.0,7.035450552113289,0.4440992366542176
29,0.4020778972361413,1.6616929571978865,-1.6481468899296918,-1.9822638156576529,2.0407307872900042,0.0,0.13805596629400085,1.8279020247607276
29,-1.051472093818618,1.2611089076081363,-1.426456418592642,2.425536349670278,0.5459711376743415,1.0,4.872766527830608,0.6951623512011782
29,0.770797767514946,1.3719658472766518,-0.5505058461457519,-2.026337926492047,0.5871969887331584,0.0,2.790412356133375,2.9863266413095433
29,1.9366806939141443,0.7960976968926043,-1.2114901776676963,0.5002039456083162,-1.6682909741709304,1.0,2.522340082647206,3.0700124080313564
29,-0.4715933975181653,-0.44251534558635874,0.22065026880378016,0.042938969942219796,1.0120788437968757,0.0,0.11731032293548183,2.365222320093953
29,0.6811942761876281,0.2257309085952341,1.0805054319619987,-0.3439453006621365,0.7600222473820375,0.0,2.3910590634013102,2.8264029189509556
29,1.8558843352875933,-1.1243597557971325,-1.811863134876732,-3.10803021530145,-0.6612971396492927,1.0,5.911951199244276,-3.7502533353503087
29,-1.1460488264541522,0.8056026979177522,1.2911815388662902,-0.2472234434507315,-1.4138336574627888,0.0,0.23335882546268405,-0.0024354539155776456
29,-0.529262876721978,0.5494586164362246,0.16390114452326096,-1.8279024723296353,0.7303126203107406,0.0,2.686225363032638,1.2390437174762785
29,-1.2232321931632926,0.038789878147560936,-1.4548604260647888,-1.815957147183084,0.9757528387002037,0.0,1.4238989967411038,-0.6715261955927071
29,0.6024658406406983,-0.07373460663488597,-0.7082689610560287,-1.1169478516284477,-1.5189587666315414,0.0,0.3076476788639302,0.3073443344301118
29,-1.6366333594274591,-0.5386022157487624,-0.006687084148791416,0.09875426960748286,-0.07043124504532493,1.0,-0.4167006168347277,1.8046721779106536
29,-0.39822658244008774,1.2092629837297435,1.409784241931683,0.41931041063463037,-0.6807675844243276,0.0,2.4050858927075836,1.6584383520714794
29,0.15418768154634016,0.12450828879649543,-1.1005492892363584,-0.39987713253601076,0.0013967149802674235,1.0,0.9598842984644296,0.8621372985689432
29,2.4554799266774214,1.3681019850701701,0.32419920734324115,-2.201005855044015,-2.2392697629556544,1.0,10.805809735649769,5.161005835201914
29,0.20289159365388343,1.0234447156272555,-0.697454182622867,0.870413461699463,-0.3993363637627264,1.0,3.319705634320287,2.4741077092225447
29,0.4365714506780428,0.7514669078393121,0.20489319892026617,1.6284584333506302,0.6482398655936242,1.0,8.612131237370024,4.141966646411014
29,0.5464047915966528,0.4447633871972931,-0.5782225783679271,1.0708908312465195,0.644179633816283,1.0,7.053227370409947,3.1444642763505977
29,0.033465818486360085,0.44141473100816553,0.960700880613981,-0.022025776704509212,-0.4278369521110319,1.0,1.6379489668242737,2.0805773456755645
30,-1.1670748766439116,-1.6006710767287342,-0.07054668720427996,-0.6197743106393467,-0.23954196128386962,0.0,-3.520815237210705,2.016811157498624
30,0.2962937357657745,-0.35153163787781977,-0.03218049421854804,0.8349837202375325,0.2806067805167565,1.0,3.9669858158842746,2.4094116825643273
30,-1.919660639532785,-0.22626389640316427,1.017246570692888,-0.6172523399183367,-1.6740804068973285,1.0,-3.183287639412355,0.2500547236156532
30,0.4168533073291,0.5056076090223299,-1.2369237503591781,-0.09910968590034669,0.762101266515527,0.0,1.567227979484083,1.7127327880508942
30,-0.848013706299261,1.700691135825467,-0.20926956754596487,0.29659194811564904,0.5651109325910495,1.0,0.41274743291417715,1.2885288976634635
30,0.37874589238326517,-0.3893085044918109,0.7792937808002753,-0.2936063964897103,-1.0574460227214955,1.0,0.48923310889305127,1.2728004079112418
30,0.598749694970614,-1.3286576444620033,0.9910874926581682,-0.35304746705338047,2.6380743339754384,0.0,2.0799634821291892,2.0253502098981118
30,-0.7581613165724446,-1.062052369467794,0.38312473607658065,0.7594317229417639,-0.6152566927297902,1.0,0.30637866978862327,2.08625113799335
30,-0.811703260021176,-0.22053080697733854,-0.3141726302598891,1.2888809571730926,0.2374318749216806,1.0,2.8794569574037547,2.220011028605496
30,-2.3960452933136027,0.06659575440472949,1.549497762030424,1.5544056164272437,-1.2278143689877914,1.0,3.0308805211917047,0.6350502459114304
30,0.896828698230871,1.4214743026650776,0.012007020181685818,0.30107030057634815,0.9208101730283649,1.0,7.593367391759734,5.050842112368128
30,0.16716752500382906,-0.1925449979358263,0.16097049224994062,0.9900945775835375,0.2033550886571763,1.0,6.574856670949919,2.619406273425091
30,1.9231974169272104,-1.0634796802989537,-0.40285690364745996,1.1542245397630697,2.048157580494105,1.0,4.985138354922858,1.7042848085466178
30,-0.17695478324424183,-1.737308533936684,-0.8478761466651119,-1.2603840127273138,1.6207730255468387,1.0,2.958797663156473,0.7681270951072762
30,-0.21318949671416215,-0.04178747701801516,0.5932151528624512,-0.6238062884046335,-0.6543678043048644,0.0,-0.1287947989662835,1.368088296051854
30,-0.3682843850493304,-2.109956992663701,-0.7728368840551353,0.15297273791016583,2.850342678825077,0.0,1.1771162456374318,2.3691157194696943
30,1.8311207218094887,1.251279621019528,0.33187272098190085,-0.649740744140995,-1.5091971180788482,1.0,8.020811978466728,4.86434548640266
30,-2.2448371044162876,-0.9338287740435094,0.955233380903981,0.4916235615727857,-0.9088731867372161,1.0,-1.0848993779728064,2.3533706498797677
30,0.7625419497612136,-1.1497404942827303,-1.5510876692822835,0.7350028834467639,1.1006191564294494,0.0,3.7630380695127608,0.0916499364343063
30,0.18565870953798888,-1.63970430715047,-0.8630969612564638,0.5245184338109949,-1.9050090693933122,1.0,-1.3322331003441554,-0.5031546488715617
30,-0.6031295744968344,-0.4542939471156854,0.029122919157950646,0.7116315037908646,0.17097396359956374,0.0,0.5818004839276638,2.200726505250186
30,0.6736355793832377,1.430284764940937,-0.5465943219756451,0.23182237281980447,-1.2240272889063721,1.0,2.2149976925866706,3.100350938413614
30,-0.09648727219516735,-1.1220682889288078,1.3405717204420189,1.1591842873101006,0.109081016234583,1.0,1.4841421927619025,2.0316022492875483
30,-0.7469848723568463,0.3317424002545686,-0.016526994512777976,1.604100111181994,0.7091203210103697,1.0,5.651062535734501,2.6927823606138963
30,0.6246302268945186,0.5677508977165411,-1.4104195029824802,0.29179100192262697,-1.1578762926349795,0.0,-0.7501180455307888,0.9722627435611596
30,-1.270964132636756,0.37316798075911534,1.1533028319573229,-1.2168244546514824,0.6454851514094728,0.0,2.7061469295062768,0.7732710818481432
30,0.8711376591248866,1.7167734346094314,-0.15710366676126486,0.7901461950005918,0.5760797584810269,0.0,3.440560178275958,5.381747261851937
30,0.42934192903045587,0.21647692459760187,0.6694362642534675,0.0010218600558292038,-1.0623060914242566,1.0,1.9330389057549096,2.0040996769666872
30,0.9292904862940926,-1.698086996466993,0.6340280370088752,-0.43166745236443693,0.7651733074964057,0.0,-0.1707200811532939,0.3270004629608515
30,0.6127489003503134,1.3517084201369185,-2.8967750094560007,1.4622356282522813,-0.6406376438656244,1.0,-0.6723278269549698,0.8027164553313082
30,0.1672213938933327,-1.0444232381463499,0.9153263071703578,-0.7204396852421675,0.13946555401075636,1.0,1.8447737523472791,1.1634571802633862
30,-0.09959335652812895,1.0151028800585744,-0.03785495372636439,0.6317068963293361,-0.4314400568793246,0.0,-0.04782404721795286,2.4371467883774884
30,0.934543395174862,1.341228555319455,0.9328747528126142,0.02010947954073831,-0.5467295244088903,0.0,3.360643637094733,4.189976672985576
30,0.5484599614806769,1.7195066382065554,0.6324178243299756,1.0170015672221036,-2.1047407155150175,0.0,3.989321019146503,3.656003881776513
30,-0.5658230659701793,0.3506567232565005,-1.570730589730357,-0.5105397920360246,0.977991224123819,1.0,-1.2431466481897118,0.14243332463032182
30,-0.4581266046624575,0.5973656525815796,-2.1172653631467293,-0.8934053212523504,0.6652517511997403,1.0,-3.5913484119675054,-0.8964327845369724
30,0.7038082984116271,-0.923851096479553,0.3425326361015568,-1.0471718768263267,0.9189993757482335,0.0,1.1273924919840348,1.2888516417327018
30,-0.42257939396780236,-1.1038827114430105,-0.9351148625439772,1.2725486957311045,-1.807336711902244,1.0,4.637512978054713,0.5620215993101871
30,0.38800767521244756,-2.01678069597125,-1.6474645147283142,-0.8508822884710793,0.904257650626125,0.0,3.047084535416972,-1.4705505765190137
30,-1.7148490968494856,0.04165340848064342,0.38014054776776834,-0.5623832935400481,0.025237046756710207,0.0,-1.2917244109870134,0.9420824907544767
30,-0.026240885779246815,1.130630586030268,-0.6540258588146297,-0.0676939664304815,0.7301412372903329,0.0,-0.8450229308224325,2.3203777669149597
30,0.3747089375936028,0.22709731138965347,-1.6219317398069335,-0.5836688420733123,-0.09703057550704335,0.0,-0.7734630267664837,0.18356980722634586
30,0.42638603000136394,-0.8794170206257692,-0.6516669877216206,-0.3000798231179239,-0.3852903684828378,1.0,-1.1109265583988028,0.5250686374972886
30,-0.05497346145386723,0.013803951766777555,0.7753623437628864,-1.2849285240085433,0.22414610429074538,0.0,0.5566012258648677,1.5501138055751826
30,-0.20321801879812038,1.0663530061339108,-0.22859546636980257,1.1802700793353242,-0.7286710438367324,1.0,3.176589986317232,2.3003527696023114
30,-0.6278647933371675,0.5720714523078854,-0.2700970044167522,0.5783061872038651,2.5201031291888683,0.0,0.9624665923795817,2.9908209789999782
30,-1.3803613003499464,1.201109798000371,0.5289418825731899,0.23664547963633747,-1.1023486517046095,0.0,-1.5490698634011986,-0.052630377504815695
30,-0.6930679702512811,0.3672197426259694,0.32572359865107653,0.17165026913816153,0.6083747143479169,0.0,1.4812911703088805,2.082861362533615
30,0.7607552347824373,-1.3175448604665456,0.12672178854820812,0.4599753434654528,0.08156699809633464,0.0,-0.14229585440458814,1.0453896356472085
30,-1.3205296325583917,-1.3861473949317908,-0.5358294799178169,-1.918751590572642,0.25749586407636,1.0,2.1034975849900683,1.2384130236203972
31,3.3579565915077154,0.6661279177257772,-0.44220653350115147,-1.4934350740907278,-0.5474851055378418,0.0,1.522894905155987,4.911117141927884
31,0.8240151825969371,-0.016466938629706527,-1.7819674266338,0.918740266726336,0.3929886825568742,0.0,3.184192534391869,0.9454807473843196
31,0.18655854458877666,1.1729093938581217,-0.39833681903153656,0.45441646900460764,0.7149012826171149,1.0,4.951455065502308,3.2057480979454236
31,-0.11880009329669797,0.18519412981378586,-0.7224549221177752,-0.5941655991714556,0.8639833903283785,0.0,-0.514116254146098,1.535062100198634
31,1.1844807323467967,2.758852464278086,-1.4036136467350586,0.0919588205881175,-0.11586406362659894,1.0,5.391960448668216,5.692119714449882
31,-0.36829917295237324,-0.5264893586761794,1.7532470044983521,2.243964859272166,-1.1949170053410156,0.0,2.932671623882957,1.9662186415646692
31,-0.6493890246351446,-1.5138861994875763,0.2387544878090991,-0.5466014290893768,-0.6436166205603517,1.0,-0.3240187130061829,1.3973649723881723
31,-1.9357302659845441,-0.39301339458607837,-1.1879696093541714,1.3469222027443983,0.7343643394460904,0.0,0.6322657672417996,1.4165986155217651
31,0.30207696215326596,-0.7724264390698384,-1.6866443420021744,1.1874449948638983,0.16287287328762562,1.0,2.4640393990742764,0.24774073149756032
31,0.6061234391930049,-0.8131400345243789,-0.5061264335967047,-0.6754772074645071,1.2573841212074557,0.0,1.403427180641595,1.3161476504886678
31,-0.44290077154868024,-0.4347294545405481,1.7856408237518226,-0.01498725966719785,0.7863226077634632,0.0,-0.4800907544271499,1.8190194807907893
31,-0.595266828239977,-0.17478504258334424,0.27884797895952984,-0.6760859543996626,-0.22751833698198384,0.0,-0.8833548211395086,1.3680128143283246
31,0.7831385714068473,0.43831476555638726,1.4249892267493602,0.7444153606197801,0.14950345386321623,0.0,6.037565630272752,3.2587329012457213
31,1.0520361007949801,1.219319763297709,0.935920240213944,-0.7967209833446266,-0.9488772236786822,1.0,5.938462708036272,3.6066851086592395
31,-0.05612240849604397,-1.895838618942497,-0.4940048037983495,-0.9807105842087003,0.027147481642518866,0.0,0.806378062894545,0.28707558619922735
31,0.24838100622843454,0.013955852296249628,0.21663297097873732,0.31992913398540057,2.8352077893945373,0.0,2.4621295587717924,3.79714644668118
31,-1.460648363679749,-0.3989537337635916,-0.736596366100781,-0.6107386627086716,0.9339130747281031,0.0,-1.4191289040283506,1.1869783986626148
31,0.38234860782211466,-0.2582933096436998,-1.9187072154192935,-1.1357595547349073,0.11265252633891434,0.0,0.8884473026835371,-0.8485721665640846
31,-0.4071671066352716,-0.8721447456671365,0.7529903193079849,1.0915072047272083,0.13985522274574336,0.0,2.189183457646628,2.43727638288414
31,0.3851232986807651,1.9149958492994634,-0.29508970413445396,1.5079580748932226,1.8273315523264775,0.0,3.9797418772217923,5.36444511187975
31,0.3911707063757585,0.3544571988916455,-1.1504090418823587,0.7771607246674872,-0.8148004906695034,0.0,0.17948776612091719,1.3255568696031366
31,-0.2712294903490979,-0.040917434724255415,-0.7463122323914635,1.1036130531662718,0.30352099833225565,0.0,0.742370846898292,1.9196330751563635
31,0.252349774227728,0.07678070637620131,-0.7026613723257825,-0.3929922939076914,0.7027386539039694,1.0,0.6348553264745307,1.7506083055903479
31,0.5345603276403126,-1.6682640053706905,-0.4360406199915939,1.9943319580715824,1.1803235538235193,1.0,7.9463979905711835,1.8170988770550327
31,0.4364888072801394,0.31990951792134664,-2.0058689552151723,-0.4931581638883128,-0.8024217543908364,0.0,-1.635440535683573,-0.5543646150250762
31,0.5735862560030868,2.0957579912975692,0.6996311698585662,-0.9015643513484558,-0.8708565888832575,0.0,3.30314367767064,3.765454960337566
31,-0.5555876280896426,2.7478400982153905,-0.8324304433685709,-0.7435488857545844,0.3975875083595545,1.0,-0.8292918538073231,0.6533446303104595
31,0.6520011527575489,0.4560084857320329,0.4844497231573055,1.4390139583753792,1.031981137106726,1.0,8.33246487456722,4.213976645746842
31,1.211223884098592,0.641784728569385,-0.4881149831962285,-2.1654626231852747,-1.7735832139649774,1.0,5.116170517440361,1.3734873160548877
31,0.3197568196681396,0.48517717042733405,-1.0398452383118184,0.2315425877416524,-1.358327657495701,1.0,-0.2671976047274673,0.9806442683102972
31,0.0031971940069989435,-0.6923647394193396,-1.6178310313156707,-0.8542032461996103,0.8594061349877806,1.0,0.997151880650772,-0.20012883261161063
31,0.7739916205043401,-0.22324392310985167,-2.323786587801909,0.4995561620376925,0.11485865944917459,1.0,0.814569144247381,-0.43592461024332396
31,1.2297024087478547,1.3458128938138028,1.0966916466699983,1.2034994603668732,-1.4467461929030418,1.0,10.629973358845639,4.825971528130665
31,-0.1534674682025075,-0.6390183748472907,-1.106551253846968,0.3289667236475086,-0.2905806357942448,1.0,0.5837144525278555,0.6154909312496685
31,-0.20001437880353276,0.5422375157744862,-0.3629801449151273,1.5356898622032555,-0.6571300118479723,0.0,2.9770130340477494,2.2552889623206513
31,1.9231857934037093,-0.8403845149925535,0.3826910808480552,-0.20944613681906332,1.80178918575594,0.0,2.7840527765915137,1.8403652410241318
31,-0.36481665832978527,-1.4873867846226108,0.14029656984442918,-0.7365183301031982,2.112545655989956,0.0,-0.4042752168303521,2.3648582711861765
31,0.9888255864519822,0.1821728422141851,1.207245736626308,-0.3901174213748242,0.30441377153681276,1.0,4.67208893049804,2.68200241711559
31,-0.3111737121386508,0.28396855867553383,0.7719772962680151,-1.699972924599861,-0.629997892689458,0.0,3.3901766249773493,0.835569913715155
31,-0.24999878063259212,-0.033934572848524656,-0.7059223019143653,0.7726343398763853,0.008100135574823827,1.0,0.692128166914963,1.6649365569376107
31,1.9880077144005837,0.4234064601640712,-0.010302151990381208,0.8955699973118202,-0.42392709789788235,0.0,3.3137106119646678,4.278059703428859
31,-1.0227540294537574,-1.1187711307769814,-1.8214131760895163,1.3276504577355959,1.653029575630119,1.0,5.291270396778604,1.405096945469903
31,0.03259432694618842,0.4329897779438585,0.4462850652972192,-0.7461908937738141,-1.37602588514757,0.0,-1.9731866173688617,1.3109959598018102
31,-0.013116090620141754,-0.2379671372597543,-0.31916960824654433,-0.9721774099285886,0.030742760570930353,1.0,2.950538713561455,1.1967737600522919
31,-0.46075236069009995,0.4824548537427648,-0.1604929799810491,0.9422295644111066,0.5760562638941895,1.0,3.837246981946025,2.4546040806298546
31,-0.27842433142615775,0.9180133248698172,0.2279806801124244,-0.3849226999407883,2.4659149565557383,1.0,4.678082891023694,3.1928084879719583
31,0.6957073477611068,-0.43798908015483323,0.2534390457644785,-0.4159316146726904,0.4968797368659882,1.0,2.6657986195930308,1.9593963566534853
31,1.2727379548992206,0.21719266325324366,-0.40896940538299276,0.11826935472956891,-0.7371819101162213,0.0,1.345666428312091,2.4249848150624964
31,-0.7636468171799725,4.1313082122414455,-1.5075133716140532,-0.2321739494422797,-0.8986751523745987,1.0,-6.59562229765892,-1.7269701811649865
31,0.7758795703429548,0.9847896061501601,-0.3572963645884876,-1.1437290523351689,-1.0593200850598747,1.0,5.306037636732496,2.3010857968276346
32,-0.02101732913459544,0.19522324485225373,-0.7242689364863725,2.006675834572804,0.7571355341587657,0.0,5.205986620355077,2.851755118820156
32,-0.008374015109056434,-0.5131808516313128,0.12344429741288653,-0.30924279104114055,0.5448429893524894,0.0,0.15650664336969095,1.9154326219901565
32,1.502050504440692,0.2824280016942942,0.9000569400106438,-0.9410490834722987,-0.11269475000183349,0.0,1.676151325131572,2.861182293369276
32,0.19484823669153006,-0.9021212796802331,-0.06707713606609379,-0.6894806581856102,1.4104704980840335,0.0,1.2365808409930732,1.7952942620796382
32,0.6471183207024114,-0.2500276235597688,0.6477900277290937,-0.21947051411421717,0.8909075871743335,0.0,1.762123666743915,2.4937807416876363
32,-1.1607383699341052,-0.21358581964688172,-0.45149386861605945,-0.457058898225161,1.549116298008631,1.0,0.5962329112810881,1.7808332434268053
32,0.12521016439223948,-1.3161154262162533,-1.1405834605137135,0.1068430432351211,-0.5999028595560476,1.0,1.501597462540952,-0.1600010170630567
32,0.7655365666184111,-0.22642857224945057,-2.602818964486648,-0.8772290892747914,1.2377172175719817,0.0,0.21127743381780717,-0.8832892995416779
32,-0.7212623429499192,-1.2300130408035532,-0.4165298945261089,-0.16634195144242594,0.5483791837991815,1.0,-0.7004563839515434,1.8087764764252745
32,0.444432163204811,1.4620426542315739,-0.6585413899249969,1.6607363255110972,0.4154735357358914,1.0,7.943742613526494,4.102736113123518
32,-2.651513883823213,1.268915061647049,-1.179741063335791,-0.07505548972277967,1.5016526438428504,0.0,-0.8038011092167445,-2.5512530430548748
32,-0.6812986062651974,-0.25259202201609227,-1.4148538719507167,1.453043442506777,-0.3638043614970182,0.0,0.8065418387980261,0.6976490697869016
32,0.13777320864262163,1.372609587774538,0.8490451343389256,0.8125139198753164,0.10635833794977217,0.0,2.8885446070585354,3.488959138172711
32,-0.39304244324574217,-0.6305709481381663,0.5754244437951855,0.1455938717428227,-1.284947257424976,1.0,0.5594381214679484,1.2930313789943348
32,1.4023364449384157,0.4395901859092083,0.9425832485903195,0.29916183971236127,1.036762794823537,0.0,3.026049603634637,4.264370531673709
32,-1.7976193880820277,0.8523651640704084,-0.1423842480984654,0.8278100197848641,-0.06397962629306614,0.0,-0.462644058987701,0.2957482926453834
32,0.11756165609194072,0.9919633993823896,-0.5183962817334714,-0.1064477134335969,0.30942436135074713,0.0,0.13659127396032808,2.3822844899552384
32,1.0611469295510048,1.546477627228886,0.1691355662942252,-1.7394662338911242,1.31200556288804,0.0,7.192816565572712,4.8014203573681415
32,-2.27627148576595,-0.37294924752421427,0.7661574827674257,0.5897517639251029,1.6091094033890658,1.0,3.342154901016122,2.727412970905056
32,1.4062943189654453,-1.3820380782230728,2.2296027500656055,-0.6691970316358814,0.40342184567630235,1.0,-1.9444101361169235,-0.5616838946974401
32,-1.4811179109550918,-0.6033703531223583,0.3346516634338047,-0.915740651523209,0.03491441898279977,1.0,-1.1170758828023828,1.5228559950142277
32,0.44818055583158595,-0.36947914802004866,-1.1793835606508363,0.2802048524739275,0.42544148623538763,0.0,2.62407474217543,1.018383438491275
32,0.39807158729055053,0.6851117171772876,-0.5493651889323027,-0.2507638324103458,-0.4489902280417811,0.0,-0.9684560933236248,2.0426116941675807
32,3.37240480407659,1.2083564901944082,0.2670019148859475,0.961988599044752,-0.4275975079444623,0.0,4.19861642269755,8.730710629984028
32,1.6256615184031598,-0.6058197150139266,-1.4626150357075616,0.10095535336364468,-0.48084220621326274,0.0,1.427059282969432,-0.28821743690940327
32,-0.03362267525088824,-0.7512226416886484,-0.0001050494397363336,-0.9760806481168749,-0.35147089762437966,0.0,0.1284935612685998,0.9690071533446556
32,0.025878268641026582,0.026928094171286183,0.3073672813545652,-1.2796836971871426,-0.29293491017765055,0.0,2.049120086827098,1.3476077729651776
32,-0.9467102007075595,-0.6559909238814782,0.776719018431963,-0.039436691648893275,0.8293354867444057,0.0,-1.9247138904585654,2.316208797931533
32,-1.2459416754286352,-0.35070543975693647,0.5372666133174944,0.12485433272903909,-0.008016582171596055,1.0,-0.4725016373814699,1.8247979554823075
32,-0.3671798496480503,-0.9497045798242231,0.39088818767354744,-1.9596778430182091,0.6537476932022631,1.0,1.0070532582371672,1.157320205440483
32,-1.9032844537051083,-0.366338816017466,-0.8622104548208788,-0.46612632765330947,-0.7481317424596523,1.0,-3.699866889308981,0.17496177482804942
32,0.4147987243904083,0.8730101105013127,0.5960648308067964,1.4886185100012521,0.5127873530199164,0.0,6.870292310410564,4.13231442703472
32,1.3435911123039375,-0.004584912127471641,-0.6722094438246915,-1.0068467810259705,2.7957420427359208,0.0,2.131051318033438,3.004133482020954
32,-0.0769086944547503,0.7984474604578897,-1.6320044795127022,-1.7870767398303575,-1.6799674401383344,0.0,1.5165888388239186,-1.31133243963224
32,-0.6063630544802284,-0.36376055565519516,-0.6593180214150772,0.35020354096335576,1.7834991754939309,1.0,4.432600803190153,2.2631116843973285
32,0.49171077632217236,0.6354289496888729,-1.078421537524127,-0.5580607931723335,1.4220585342880994,1.0,1.9543825244855488,2.2415251406820493
32,-1.6431598382204264,-0.06808262406969066,1.9934894536021712,1.0708556334455408,-0.12275790450848321,1.0,2.444008078152825,1.316824958015475
32,-0.9649938975286662,-1.0850460515830649,-0.9029840771970765,-1.4252896267241937,-0.4654333426591438,1.0,0.7394460246589896,0.24445901661180303
32,-0.5463697996955678,0.5046159031465155,-0.6182869614527585,-0.6906121097531055,0.034192125791696254,0.0,-0.5129012929970205,0.8809352867327584
32,0.33834675980689854,0.20648902775604822,-0.6741328175936531,0.6594337497241015,0.8289236898307087,1.0,3.6275638535041863,2.5306436557144814
32,-0.9940803698796995,-0.6479155716918485,0.7334735248419043,1.8205610190025259,1.2425503779270977,1.0,6.735685797574811,3.4642281646179076
32,0.5257785734041779,0.6106978484620893,-1.1741524021237058,-0.6406258012347751,-1.1111948414507313,0.0,-1.6548054001232781,0.8126685370526192
32,1.2707203062389563,-1.8410971247309484,0.4074071636840965,2.0083088280597465,0.045977392907584014,1.0,5.72525877718102,0.5242900485176911
32,1.9601891087546213,-0.12675025255823483,-1.4053093552938158,1.185267777947937,0.6992345738877132,0.0,2.8876752957768836,2.0725941308957525
32,1.5406622183073215,-1.6749345023023074,1.1193830492437777,0.29553264298933724,1.707701576369002,0.0,0.12016557961949115,0.34990186744046614
32,1.269743069297269,0.4162265552532145,-0.4175210846025945,0.6218244774293907,-0.910699578897693,1.0,5.459614499396458,2.9323844404984856
32,0.7948346551797726,2.3914042924308423,1.0901638931087743,-0.7312038335736976,-1.0815120962933404,1.0,7.313766691874062,4.594954510219093
32,0.10845465248421973,0.324925171591492,-1.2629817649611599,-0.3415966239753245,0.49415287413932857,1.0,-0.1682716817038965,0.9996934446760616
32,-0.5228788840205962,0.09274911858674058,0.7116152277138451,-1.3311013103194227,-0.9114787477435212,0.0,1.1556700517397038,0.7282641736966395
32,1.1902512097805076,0.15736811524069882,0.25513108853939886,-1.6388037605658967,0.1508647174936963,0.0,3.894748369100306,2.2123434956825427
33,-0.9853149228571534,0.6333294252333251,-0.11157197878512781,-0.10104489667904945,-0.43249566594667654,0.0,-2.577305776302375,0.8712043474927044
33,-0.7301452474387762,-1.8718019257024388,-0.1643682884875984,-0.6703178472951308,1.317045163407208,0.0,0.009708348187970284,2.29341512604812
33,1.4356566107155941,-0.6999694658006985,-2.1634134380736265,0.06610221334993523,-1.8668502074252362,0.0,0.765675853836563,-2.1776867138136407
33,-0.9677999068828433,-0.6340226858515063,-0.034562383424289585,-1.3398556499841896,0.8842903061617257,0.0,0.528523727297084,1.5670347166188638
33,-0.10392095080163814,0.2929786696758269,-0.39262246984185045,1.0176409086482112,-1.8192026071567262,1.0,1.5105316711882728,1.3908990012329085
33,0.5264320688658927,-1.057117953745025,1.8068072437889768,-0.9793416919549986,-0.1360469026810647,0.0,0.12512910590089915,0.2900395930693167
33,-2.105775473328998,0.1463798862986558,0.22191404924544844,0.38581940105356716,-1.4789601310587475,0.0,-1.9052357865365444,0.25192365144798146
33,-0.106398969881736,-1.0526926890689747,-0.2324355202469639,-0.7636838891805491,0.10039339342964289,1.0,-0.044276552384475365,1.0577048441488524
33,-0.10477498794907428,-0.30817145912199273,-0.33733087327807815,-0.3512987699913528,-0.5402826807502646,1.0,0.14350535673136078,1.1550007009488092
33,0.6063717690411848,0.6223994146307775,-0.9577926306293489,0.49261622507650543,-0.8759913322340745,1.0,4.432583927319705,1.8965340027913236
33,0.2297905631625964,-0.5092733713906183,0.6846103226156911,0.12693349642781893,0.9643481303841216,0.0,-1.0236084544065138,2.40584388243702
33,-0.10762634074388072,-1.3089734895700789,-0.8349133784404773,1.628936282039849,-0.5418831820039569,0.0,1.7169424172323675,1.2298918648555581
33,-0.5501792755873193,1.4750348895988141,-0.6987014266568768,-0.49836808881029276,0.8305707907580416,0.0,-0.5811190755630549,1.2333229237170564
33,-0.12496451724948418,-0.16640198791643154,0.041708280476623005,-0.9358105823887074,0.38716994480837,1.0,0.9523375718929463,1.6207752487062501
33,0.22246413801061732,-1.7097731258288527,-0.648193316524053,-0.15048575579557774,1.3622614699955247,0.0,1.552910118738099,0.9549493792806711
33,-0.7031471860883222,-1.3005327667638489,0.8206206400937097,0.40538825485560953,-2.402069011058588,0.0,-3.5985194153467677,1.0063632183916127
33,0.1273742147716786,-1.166518381968587,0.8847676821414043,0.155803414711357,-2.117401929787259,0.0,-3.367595505861077,0.42689741568384265
33,0.9166786121068012,0.9323529237752615,0.6346235508144026,0.8724917516874325,-0.2300775171803171,1.0,6.268990016996947,4.222997585377238
33,-1.452783682787989,-0.2567572066900429,-0.5196788481314502,-0.208751438968498,-1.3409122247100937,1.0,-1.2395003971810594,0.3515496885803078
33,0.9272035705087973,0.7321401931722005,-1.0894655982626775,-0.4707795282741858,0.21477939964971407,0.0,0.33526266439553026,2.298741135395886
33,-0.08617292918750438,0.10099548562880334,0.9600200372077434,-1.3880560910465016,-0.13522825593069995,1.0,3.4737614943343265,1.2905796181502627
33,-0.3938125391349149,-1.7880109108833353,2.0789929910868863,0.9564636205478221,-0.436204642863445,1.0,0.12827035903399486,1.4262527735718633
33,0.3734426409956005,-1.5226938945287134,-0.13680259131714517,-1.6687640995005906,0.7000223252671882,0.0,1.473294178335785,0.2946204711824536
33,0.08295119439969278,0.27816006478362987,-0.15205444256812758,-0.003878844204601894,-0.05380744854948294,1.0,2.3518923322348275,2.0872209509607584
33,1.0051451052893239,0.5239918240654582,-1.220441737275258,-1.481914172148133,-0.5364338297684768,1.0,2.9659379198161884,1.0150922898630488
33,-1.3088733417288445,0.7366812287923041,1.1370855720627087,-0.3857002153590185,-0.8172748180031435,1.0,0.46514975159299643,0.13697766471938488
33,-1.2199871473588844,-0.6325016355555241,-0.2774299655743197,-0.42148619017051914,-0.134956445675539,0.0,-2.45033658224516,1.3902256810324485
33,0.9088714357807285,1.0359994254209302,0.022436858427467867,1.4345118781566275,0.9634004485436746,1.0,8.450309921213691,5.123948612666165
33,-0.011992698517266571,-0.09535275211636604,-2.0363671670490175,-0.8515102950233611,0.2426408263248263,0.0,0.5258544626611156,-0.8240804640680328
33,0.08920703895327067,0.2647693958029596,1.2789386998891747,-0.018271513413211864,-0.3849735156000223,1.0,2.059362830422293,1.9261861369289384
33,0.46454959589429323,0.06955517501032513,1.4522468854584525,-0.5738102889311494,-0.2837605089293142,1.0,1.3537550834453278,1.7149742123762401
33,-0.26481709683523486,-0.7844125531877676,-0.9333816204545213,-0.8405499469577445,1.657006784010129,0.0,1.6069713383328654,1.2197684331894059
33,-0.6609155100146062,-0.5381807564841288,-2.8362515826201635,-0.35897662653166074,0.062327325281548676,1.0,-2.1178514113853293,-1.764051041837797
33,-0.5019964019339924,1.6926104076914956,-1.1625742093256146,-0.6994187288503073,0.13850582000481987,0.0,-2.2234539035817806,0.2808572750347755
33,-1.670415757607082,-0.4653623815853343,-0.10563587565124496,0.17716454177450283,-0.6240111468654509,0.0,-3.5586646316965034,1.4276440626011695
33,0.8297626717584612,-0.9745539155969586,1.777079938463892,0.17682849547453136,0.06436752637216184,1.0,0.36907923027588485,0.9232701714981877
33,-0.5437528147468073,1.5670809478748162,-0.5333229441026812,-1.2586877078483418,-0.22228885415931227,1.0,-0.015435067893797172,0.5135320882020709
33,0.23603512391177459,1.8369159847264436,0.23948129767804327,0.7729652609942433,-0.49994848571851713,0.0,2.4881697115918264,3.6977624239469256
33,-2.2051052825991624,-0.5129137073641147,0.23331223896731543,-1.1562687531896076,-1.4229030874037882,0.0,-3.6641557856615536,0.5719953691738437
33,-1.9982706997506865,-0.7939561606389113,-0.6459760982555257,-1.927725891497305,0.23314991792287842,0.0,0.15141637257727814,0.8186624241923539
33,1.4594511853789833,-0.7477650780050868,0.23430987394325017,-0.6249834091355257,0.5404458694255175,1.0,2.9855737233933217,1.3120773920637323
33,-1.7999969020928748,-1.5642420468961693,-0.9307779326408988,-1.270593312624013,-0.6258265679111832,1.0,-0.4337766458132729,1.317122652588206
33,1.4677223115395075,-1.8060125331983572,-1.4893340455850967,-0.6545353868962719,-0.09062442533090458,1.0,1.4170951240079004,-2.8557447172154724
33,0.8207985285398662,0.7037101043408571,-0.015279483882346127,-1.5722084822939375,-1.692931639188626,1.0,2.8180657003214264,1.6995320028766783
33,0.7204950803825718,-0.9720452097937079,-0.660711470259618,1.9151203983624236,0.15731892133157616,1.0,6.812797728787201,1.6692908856310802
33,0.8832876999733951,1.2619071593444993,-1.4691498428501537,0.320952203785712,0.04450861784334856,0.0,-0.33856551475976837,2.736851530375837
33,-0.14957283945638689,-0.8401947678799194,0.7361991773226461,0.09464304311869683,1.5704024514628403,1.0,3.264998798005858,2.5724349167113147
33,1.414480569221051,-2.9163692273415247,1.2515029066992487,-0.9515276226017202,1.1894133767639214,0.0,-1.4298314378565764,-2.8175018319017835
33,-0.44680331172025073,-0.41377263021920924,0.7584782959030382,0.7050718960853857,-0.8480377711763084,0.0,1.15064443918808,1.7882267266303593
33,1.0268961720381442,-0.678115580746711,-1.5793813890246684,-0.9689688078464829,-0.5770927627191093,0.0,3.082249034019668,-1.0932704349899012
34,-0.22638749810143133,1.2813402118305843,-0.7156069188921871,-0.5261625251945267,0.04441858992147428,1.0,0.41211328167541855,1.3934167205791155
34,1.0284264100556035,0.5306874058964907,0.4072545263335341,1.7581617925235804,-0.7342727580869614,1.0,10.643561475894467,3.959113368469391
34,-0.6500089138356927,0.4304574168314747,-0.14595467709986754,-1.208229524285796,-0.697137882678134,0.0,0.12579350394026506,0.5741295628565013
34,0.14424656254786045,-0.7156341088676552,-0.8076107310619544,-1.1759106357339033,-0.6736818284919323,1.0,-0.25484358163836174,-0.026296150933260654
34,1.7116695319475446,0.5448514599140581,2.3587928080047917,0.14722476808546286,-0.03996356647711691,1.0,8.492919232413511,3.5849514637732427
34,0.2182225010621123,0.19368828288096648,0.9621740213800097,-0.01599752797428644,-0.37468884481160764,1.0,1.8110947380409317,2.1057040499438537
34,2.2412207368287462,-0.6922341339374354,0.6765947349292006,0.32575690862644924,-0.5395835842651432,1.0,1.4490228815939736,1.2341372486075932
34,0.25644648497320716,-1.4900192422097402,-0.6299781650857897,0.17057608417449363,1.0735779466663449,1.0,2.5262642064462035,1.1162317290969073
34,0.07717684834208934,-2.7141531776075034,-0.559630460523872,0.613793517352049,0.3907613172051452,0.0,2.25110580101014,0.54195558164646
34,0.5852354601692936,-1.1599221462713205,-1.211252518778054,-0.43111155749369084,0.21331966555003817,1.0,1.7311364953445023,-0.32884587143973637
34,0.5690342007165315,1.0056178618867109,-0.1352710119356409,0.07791949930757477,-0.16714841940637137,1.0,3.9215333031776476,3.2381718407840667
34,-1.1263893960543845,0.2862258913914882,-0.5706358086471786,-0.2577615525602256,1.179149499847809,0.0,-0.7716143686541386,1.2744502103413353
34,-0.5491628460582103,0.4568615471801668,-0.27108183469990105,0.0562351541617617,0.7633900719563936,0.0,-2.464645340216837,1.9407114318820577
34,0.7727143802682033,0.2980812839097886,0.07429380468054986,0.4672435473375485,1.4259982999346223,0.0,1.4007597635706268,3.746738837092712
34,1.4785031037769572,0.5132448495340092,-0.3266233126644536,0.6129715596094719,0.518330281651371,0.0,2.5365396670574647,4.104178484035968
34,0.7437073378950044,0.5430942473240565,1.4014934386035953,-0.4682163607332375,1.108688378203513,0.0,3.887971842107907,3.2367819427847513
34,0.6387766547537169,-1.3099951064475523,-0.6386480839439631,0.17293158175422904,-0.7146570593035346,1.0,-0.7193959661598451,0.04031208432439026
34,-0.5303138590987793,0.25097974796168204,-0.3461317807251434,0.12181317879106285,0.5077992269420442,1.0,0.5145115284980589,1.8096673037211457
34,-0.05508544154608947,-0.025692959880662593,-1.1795628405512995,0.20676919940327443,-0.42664081092755535,1.0,0.638065476530046,0.6426378694981798
34,-0.2173440492539314,-1.8508963410572692,0.6057695407748964,1.035537227945811,1.1903164726642328,1.0,2.155394773946869,2.6060368995782435
34,-0.32132129638716617,0.3479087269486889,-1.4475574593316325,0.8772927544060739,0.9185511377739595,0.0,0.41580745484215076,1.1985735978865117
34,-0.8718337592481564,-0.2533656406821719,-1.161583994635179,0.622884664472791,0.08590795641939125,0.0,-1.2422844627439567,0.8297841499722092
34,-1.016963649571721,2.419746284239128,-1.2309613689301917,-1.166626549179883,1.1604265779139482,0.0,-1.503234050897682,-1.0446518716652435
34,0.8585506792068411,0.318871397503419,-1.0815626965253256,-0.5495802992406758,0.4661715986940012,1.0,3.790415481598342,1.749942151563077
34,-0.5197020856593482,0.4745527069082252,1.0948471723744768,-1.0394741305795197,2.730804171909191,0.0,2.9416329324591204,2.58207020310427
34,0.3340421661589311,0.5853478246883388,-0.9017980379617285,1.3585873631383478,-0.34251577092742086,1.0,3.995117301654367,2.3325631405594085
34,-0.24771259234780388,0.6417086264522508,0.7510600799773965,-1.201847663053881,0.09179599465946475,1.0,2.5892621975440853,1.5895087817363185
34,-0.9877175742372889,1.2628494165679205,0.6977986056653774,-1.3038300374054792,0.11897877717336264,1.0,1.5160144306783356,0.41295954156422543
34,1.064841188216126,0.7597673986345789,-0.8824124659223275,-1.0230962826839045,-0.17965463128651202,0.0,0.7881632890500119,2.314044133624394
34,-1.459073064842814,0.15213524991982236,-0.665616080360362,0.7331517872842843,-1.1576900422792513,0.0,-1.2745891175158013,0.3660139572902186
34,1.0806801939703439,1.5709667552745081,-0.5656784516733921,-0.4685534889827999,0.5694482089429889,0.0,0.1573631229670691,4.635369418891075
34,-0.3101541355192835,0.4143718719722697,0.20894725012084583,0.3196879477554839,0.5331204578484092,0.0,-0.15852946087482966,2.4327173752046494
34,-1.1950970486985306,-0.19789381085428018,-0.5933880409325683,0.8401332019974704,-1.2401188029537982,0.0,0.19681117870812082,0.8723709982690162
34,-0.8227288608926163,0.10683842357866258,1.328414256103967,1.3941162995220282,-1.0850731169197183,1.0,4.465416044744026,1.612900191732537
34,-0.37873343407243837,0.792095448714486,0.27444585583920866,-0.21407946917454332,-1.7389139695670828,1.0,0.08520862383362707,1.0299897124663442
34,0.5525256499020073,1.1313059441019837,0.42160067639241716,-0.06852070242778262,0.017097642840569617,1.0,4.827323636915725,3.5645152357256293
34,-0.31336530636669596,0.6368099467679843,1.138647396854867,-0.9571861585578126,-0.9226281397026442,1.0,2.7334404407808846,1.0104078675378838
34,1.0569926889977002,-1.9580095942263418,0.6718304026897945,-0.142486486187121,0.49881206701868275,0.0,0.12634679986787872,-0.22334858789118495
34,0.9065548699826476,-1.1236567010131358,0.04566497709424526,-1.559718218816278,0.16254008737260334,1.0,2.0263306392942826,0.19599358892363372
34,0.30693222816650934,2.586578650894938,-0.27234892623584356,-0.9821193754900764,0.7877335972937044,0.0,2.627053523633732,3.9704341416544016
34,0.7359434029964862,1.921443715563688,-0.9459788006364738,0.7605279056903875,-0.37952408712281105,1.0,5.299515399861479,4.045229178588376
34,0.3507596831630984,-0.36764571215144387,-0.5037519319464394,0.20649254220431817,1.0769350508744209,1.0,2.253537532646337,2.128217139823134
34,1.415377536961886,1.12303296456183,0.8453550668283787,-0.5822146701823799,-1.5163052205002419,1.0,8.34145201829099,3.895604131066103
34,0.5411933602626247,0.7384917128287736,0.22547741986468156,0.18828917003135262,0.9582277582305891,0.0,0.3193821277727531,3.700194002772412
34,-0.7572316098533537,1.4304628582786731,-0.3498246459995602,-0.37659281326704297,-1.3143553742871077,1.0,-2.2421089836036736,0.17247034133296735
34,0.66542689183506,0.32947096949321436,1.8698704975022091,-0.4139500454492432,0.5255377854376951,1.0,3.896059033643914,2.412781290961554
34,-0.5647819552866175,1.849575226011218,-0.5422509773115812,-0.17319091419297433,-0.5228381513666934,0.0,-1.6856936768967858,0.8351991022585944
34,1.03183393396011,0.37126000442210316,-0.5835966765349903,-0.12118946905162646,-0.6215272822116024,0.0,2.334147348790741,2.255955105238735
34,-0.7415078809388262,-0.2785203346077821,1.4810344680266097,0.36850382211414634,-0.8776290625420561,0.0,-1.9247953201155044,1.2721068983805583
34,0.712501732282718,-2.3135729714348217,-1.860528538609296,0.039942438803892345,-1.671051391574655,1.0,-0.07274040677188132,-3.4804747236420925
35,0.3143054433646128,-0.09076289145444624,-0.45298331164204236,-0.8192292275378722,-0.39495927296023003,1.0,0.6960199753770064,1.1488035585276775
35,-1.0511217873082581,0.1272563681053689,0.9087059540178122,1.1041655284677887,0.12859262682517617,1.0,4.6216690388219845,2.0898042934351784
35,1.2277172137822931,0.17277536325814372,0.17209107979519883,-2.6555653515288777,0.6555627859318232,0.0,8.003980924505408,1.9836386717939045
35,0.19041747312924726,0.09875770016871575,-1.8280665992359844,-0.05534124639094591,-0.8785228995717821,0.0,-0.46599682973873324,-0.4720142102384599
35,0.5843515177617378,0.22521201195289156,0.5825684103856908,-1.1217712094645849,0.31394537291393115,1.0,4.2750036643789056,2.2588083749111316
35,0.2399865060888696,-0.5746188562613126,1.0434998103800757,0.7276971902529155,-1.4360330134388217,1.0,1.4109608091314376,1.365563958732014
35,1.1906801610117261,-0.45407933146060014,0.8707543535069376,-0.5099330100760606,0.32423335886277677,0.0,0.5714011952399253,1.81441430403836
35,1.1507480778868715,-1.0770732516497854,1.139810256470661,-0.6978105865474411,-0.434378616810121,0.0,-0.29078201243008234,0.2189748693622463
35,0.38836089250160755,0.7715320754247857,0.867643906266273,-0.9162938623961859,-0.30415763487982184,0.0,1.9095791897049548,2.3498011602842874
35,1.5293821348130787,1.1515969346812942,2.811131819387261,0.5517554779036353,-0.7065334865405284,1.0,10.791572644453598,4.484005305560985
35,-0.3876080365373401,0.152018940770143,-0.6572740574172673,-0.15921974229181235,-0.030628201127227722,1.0,-0.07262884634119837,1.191381304191642
35,-0.06420959879561153,-0.1244685139950198,-0.30606958976952764,1.832271082099885,-0.4837919045127905,0.0,3.8497531884609364,2.388383027369651
35,0.661104612894956,-0.46948080265023306,-1.124564964422837,-0.6209993067603404,0.021888606826727264,1.0,0.23440958550898516,0.35516714313491954
35,-1.1956414706396892,0.926510500772607,0.16608374112358104,-1.0259782414044598,-1.3570439794831253,0.0,-0.5843612168250796,-0.3645693334185329
35,1.314243326036603,1.5648327984231798,2.1668105212655635,-1.2065277218878379,1.1584135848060702,0.0,8.835882854807538,4.994108946296406
35,-0.20049898025153048,-1.2851805004613703,-0.6554117297486046,0.08043836979388902,-2.120067268814582,0.0,-2.4066543613363875,-0.0398856230521043
35,1.1976789074999892,0.12053137483211666,1.7676189963231368,-0.9965809562625044,-1.159517809985954,0.0,2.9440064333173632,1.413668803724554
35,0.005815139244688782,0.9955250474285533,1.1039601885453583,1.0698031507919104,-0.5979061329107357,0.0,4.025154900019549,2.74445103790366
35,0.00886492502262639,-1.518850860571931,-0.6011927370046919,0.9136241399452113,1.0980022349185563,0.0,0.8526347150335272,1.7614209101822338
35,-1.5831650541833509,0.8117855063706593,-1.8163791631556416,0.28927975990591254,1.4435157952358448,0.0,-0.7181965631781795,-0.9557937379583459
35,-0.5160910325484808,-0.6519265929320366,0.9170459521513183,-0.2969309471517064,1.061013208231136,0.0,-0.9316806450178285,2.2011765175343783
35,0.40458154014065995,0.12496391152441243,0.3065324232857673,1.168957445248361,0.38885870733615896,1.0,7.505479431997301,3.2008907620785583
35,-0.381084787151343,-0.6736197551958595,1.0414034931377754,-1.935834115591005,-0.3716071480421597,0.0,0.6308049138792448,0.601344465249203
35,0.2610188433926003,0.7107836678779648,-1.0773255546874763,-1.0272296444209523,-1.0127240285113746,1.0,-2.710663507509968,0.5864749963773307
35,-1.1871566215966634,0.611411138727376,-0.5571814181152616,-0.4205498027863693,0.24916007977680138,0.0,-1.4794522419996068,0.47074984150454724
35,-1.6741103359826965,1.0742925009249418,0.5883362717927014,2.006316679906884,0.12613775696536048,1.0,5.5666962599247825,1.0938674193187277
35,-1.0266253225540047,0.49514758820215765,0.24751392792489763,-3.2376088620978876,1.0441412984249527,1.0,7.881173087540682,0.22247775344521947
35,-0.751108004922438,0.05762059778620141,0.6383182124962459,-0.9032441280206527,0.6416377455982396,0.0,-0.4373421328110725,1.6014318981373399
35,-0.8725080956144555,-0.24755435188706013,-1.0039891135150127,-0.5707078586213489,-1.0281778194409292,1.0,-2.90065975302652,-0.10853415083739626
35,1.3330056332318607,-1.252251718462471,-1.2277651339501203,0.5045911307481755,0.6975232867366775,1.0,2.896083377906419,-0.3053637688816697
35,0.5472085049070806,-0.8999612211757883,-0.5841590011002067,-0.14958506702946475,-0.5048803990074423,0.0,1.3887134869735067,0.5460211640548662
35,-0.9735770599783099,-0.9174137838217793,-1.4865775283070564,-0.22258365767348437,-0.4972593945581003,0.0,-1.87152806882317,-0.07141342187691435
35,-0.8957864226437058,0.20471952142320485,0.8314623719406926,-0.29278983869221875,-1.0252568616587578,1.0,-1.6493882954047905,0.9015853261467358
35,-1.6066025526987748,-0.3851670458846545,-2.3338429443393993,0.4657861831028661,-0.8524019367391941,1.0,-3.0194720872841785,-1.4284303317073284
35,0.15039701408093806,-0.17232905497966408,-0.8378089010736963,-0.02762958827937611,1.8694570043253984,0.0,-0.15407386145905066,2.1342182707895665
35,-1.2692917456445503,0.6559959187003735,0.7122857557146027,0.009257591282667711,-2.5615893349313477,0.0,0.6188870262609787,-0.30245114879908896
35,-1.4731212547789938,-0.09381877364929345,-1.566452257840589,0.14029425817560767,0.863716013735857,1.0,-0.9769710657929076,0.07785947767291423
35,-0.8621783476440361,0.3265802691886015,1.1892344606126477,-0.5390796908731463,2.0062088455593945,0.0,-0.6339582144865307,2.1511827978553657
35,-0.9059890206251412,-0.1025835593795805,1.0399399295912262,-0.8442395448422304,-0.7009121430588925,1.0,0.1498714284889964,0.8423194706311078
35,1.3744008389642421,-1.4547974820372709,-0.6160197784669148,0.2759843676851846,-0.09322043966427684,0.0,0.953310068866335,-0.4401164741701069
35,0.3682732943758751,-0.2162369622760548,-0.32939006460065634,1.1982482080567127,0.13409504066567243,1.0,5.780887453091641,2.4441002725037064
35,0.24874730955420643,0.3183638243531915,-0.5936102046522435,0.7513744157139391,0.3476160276131899,0.0,0.46327430506437595,2.4443645223094155
35,0.1045192666506808,1.6370028832926995,1.803741873122018,0.19327852618656516,0.7997517172367113,0.0,4.71025617864714,3.2094009642430152
35,0.08679863855534048,-1.8758681917490887,-1.0858097735077101,-0.04662571385466222,1.7186714926080608,0.0,0.41945030559947716,0.7019568843094315
35,1.0835946759294701,-2.9783045568702535,-1.5785997164430878,-0.7777935232143695,1.0244906046516675,0.0,5.783726390589812,-3.8483845295476478
35,-0.3110770712154532,-0.8277999687787054,-0.1830828386638401,-0.47571927923984814,-0.6210787714399133,0.0,0.4195439323471213,1.0314177243729734
35,-2.1467954926336468,-0.15255140342412116,1.1004294771528014,1.559224782608686,-0.5705474116185365,0.0,-0.29788272953070916,1.6755899677131776
35,0.05733627959529127,1.030802852590582,-0.14327323140175174,-0.16445744533659903,-0.8352977350103633,1.0,2.510339814751855,2.021411696301795
35,-1.0427684039069518,1.4230740877920711,-0.34597007369893706,1.9282826936826942,0.7756918135499103,1.0,6.245996915883209,1.8259652977012266
35,0.21843193013688067,0.8629867897503205,0.11213955111734988,-1.5129294715908326,-1.335095725044895,0.0,1.0627970037467653,1.3549893541967803
36,1.358316182522233,0.9201745165820115,-0.7192628081921136,1.1935957529737005,0.15285599739486322,1.0,8.513516428331302,4.455019375048492
36,0.16380698686098025,-0.5085486798758366,-1.118345244723445,0.5238257058490066,1.5803711945754186,0.0,2.5859519081549114,1.6744224494775937
36,-0.020421979322079266,-0.11478407873294938,0.5283964503389987,0.6148401155457879,0.9367768682954638,0.0,2.3671266174640992,2.838364414831737
36,-0.06644491178676866,-0.12050548797508999,-1.9977911064863558,0.6133437202932867,-2.1060250801984015,0.0,-2.7443364420361367,-1.244841738317135
36,0.36943079257808575,-0.39593513537199226,0.318864842715389,-2.9663798031688864,-1.479535085895236,1.0,7.173673018100469,-0.2734559364965756
36,-1.6599344172154682,0.17499947358202422,-0.20332496327291538,0.11789088274517398,-0.17477275160043712,0.0,-3.427420185922214,0.8163420562562231
36,-0.9554470031944979,-1.2001365060300686,-0.37945648582849034,-2.0270588791969892,-1.4101147283846593,1.0,-0.37478472467896884,0.08942612572428787
36,0.47011883396329984,-1.0876644335364614,-0.1339873764058194,-0.11707171789813987,1.6447785062367783,0.0,-1.2800686572442532,1.8677924834097333
36,-0.8697248264409353,-0.852723537510586,0.5326167844604835,1.43565341858152,-0.5111342153294599,1.0,1.467419333014428,2.4704598887166864
36,1.5202283269728945,-0.8137167763963891,0.2747773344399792,0.9344750400833131,1.7601261205746452,1.0,5.973674936607725,2.5633953671463923
36,0.21497945393685378,-2.005517627672412,-0.062100475582994245,0.661941052797477,1.7353229865430877,0.0,1.5721649382981644,1.8392399956211882
36,1.109622652742561,0.7454826384299229,1.3569411070517587,-1.1270567832217784,1.0728920486935878,0.0,3.2236980336943253,3.6183741201355044
36,-0.4630577801326172,1.1510753773364468,0.9065554840371023,1.4287267108137542,0.036116291855395825,1.0,7.930195220366819,2.613155194357671
36,-0.4974902973127206,-0.32541227669479184,1.4485876056399365,-0.13461246413855787,0.23907448517947655,0.0,-1.527857128383753,1.6488677275567503
36,1.6109039487401737,0.22546208514876542,-1.1656734421116521,0.42610639375503084,-1.0629570779835367,0.0,3.028544599619182,1.7742504180342025
36,-2.051880231148058,0.6255311166794806,-0.0414479765618235,1.264528849382537,0.9893787986217545,1.0,3.1535111405214797,1.1086815017876002
36,0.1757096815279224,-0.7032321759174665,0.9299452865655925,-0.4288025219175409,0.2241073740913314,0.0,0.46649688519742477,1.5731769612767792
36,-0.46966180301658317,1.17306516573498,1.1260253090645445,-0.7723140811040761,0.06331487148228919,1.0,4.455993223121361,1.4395220174644106
36,1.2273546075830024,1.333871146802875,-0.14228461100818524,1.0845875595356138,-0.7337181450905098,0.0,2.5650628371881297,5.011932787427003
36,0.06301141174810994,0.7583223143553318,-0.852132523973215,-1.2703759460387414,-0.3155946483012158,0.0,1.1116429236369314,0.8977777864190785
36,0.03262858901916222,-0.6008541876820044,0.22987835622174055,0.8296105670195224,0.29017800796700327,0.0,0.5551598531784134,2.3448097617712484
36,-0.6278049907347657,-0.24374184097750598,0.030592106617234355,-1.628366723375583,0.030210628427159276,0.0,0.5317732858397097,0.9329990321944543
36,0.4345839360780517,-2.1768114932414204,-0.4529522009498786,-0.18401104800864965,-0.5643403224186664,1.0,-0.3788199167704258,-0.5186137964643126
36,0.06304097361868005,-1.0203888505502545,-0.16603140807278094,-0.17564753897868682,0.9865162174275417,1.0,1.2934901205044786,1.7656668096329784
36,0.1433207296463604,-1.7406199877430817,-1.1842515267542957,0.548765877056561,0.026579724165058178,0.0,0.593292875756828,0.02442088782098517
36,-1.0215548159717154,1.379998214702991,-0.1437516424721066,1.1736461074263969,-0.4638048643903557,0.0,1.471413522274616,1.042208190402114
36,-0.6494753864041712,-0.9788301765546622,0.12369958333012285,-0.5673382632656297,-1.2600808704431055,1.0,0.27742839412459186,0.9620725078139782
36,0.28204612311135485,0.24567500453533395,-0.7536580066608028,0.3320632575284484,0.34401517677419774,0.0,-0.881096166591215,2.023553000165426
36,0.31864529948386533,-1.4150571195238897,1.1121124501604838,1.184565916751389,-2.0278844415064974,0.0,-0.5924498235353617,0.5780581602232893
36,-0.09983414920681903,-0.16837658962753366,0.3194439054114676,-0.6781897613742394,-0.4274719449731892,1.0,0.4183162756791231,1.4390056637508284
36,-0.4862182184003082,-0.02123302280571779,0.90743804856394,0.2797976328843662,-0.47756921241358946,1.0,1.6054616640092005,1.7271978997618016
36,1.3911415604288326,1.5331450068367762,-1.180016574878781,-0.5278197095163978,1.3948748937988042,0.0,0.011693128081723736,4.8193938245911845
36,-0.2828717042083054,-1.7015276587365793,-1.1192234525211384,0.5372067212139994,-1.5539723312397904,1.0,-0.21188389439010505,-0.1424988985898782
36,-0.7705571393526409,0.18988234485259703,0.06520003424120134,-0.29887658462970784,0.20244208714520356,0.0,-1.320401451883649,1.5456054053000483
36,0.14076757494687472,0.9734817117800617,0.6452457114503823,1.0278328701947241,-0.013775829666664385,1.0,6.096974999944687,3.3227627006567726
36,-1.726002849595224,-0.7489120122609783,-0.5636448541289497,-1.2186528331305557,0.212492702548639,1.0,-1.3366461309867217,1.1155777351989289
36,0.5623283163938138,-1.1094525525180807,-0.729024208826517,-0.3495965432491149,0.15474370558285563,1.0,2.7710958285821334,0.3864475456947345
36,1.1908728340872106,-0.44457721043197035,-0.10778482764513951,0.18700219782772237,0.25066775517769113,0.0,0.457017165226574,2.0028522889004425
36,1.0488560527434077,-0.04222462819456035,0.5092670077423225,0.0890411174193899,-0.12752032540949376,1.0,4.819087091816193,2.5675241585968283
36,-0.7718771691554998,-0.4119934201549987,1.3276545720611979,0.4794725006084211,0.8407962460865275,0.0,-0.7573503218638418,2.290787833534516
36,0.3360720083773893,-1.5995453648200308,0.48174796374079365,-0.11706596730317785,0.16134063933272813,1.0,-0.2657635505480856,0.9798986113015559
36,0.2829716448109734,-1.3981500915091412,-1.306191585951943,-0.4785984321507253,0.694429594255076,1.0,1.834528183325109,-0.23687848030776432
36,-0.20555642369400648,-0.5739241637881767,0.004117257047103457,-2.024585005705518,-1.1582743100123412,1.0,2.2908873539565042,0.13885399961257883
36,0.498844627063675,0.8013048218990425,-0.08006704333589065,-0.39240992841096567,-1.24830295680014,1.0,2.9661289647493794,2.186207711567149
36,-0.9363906732758525,1.290913975451659,-1.1170501388051437,0.2172178749618822,0.2416828117363925,1.0,-3.0886582490431267,0.0777228366284306
36,1.1217608571405528,0.4444061013579098,0.2508678189042787,0.26169608466986255,-0.7504128540731133,0.0,2.9447017828477957,3.13137372823362
36,-1.2991335097516041,0.8258416165715824,0.5361834453959163,1.0642154403192736,-0.05536032676201068,0.0,1.2484146858803125,1.3226594730143004
36,-0.12388257997563304,0.17919498292604322,0.21615461490599272,-0.8683743981062341,0.009934576429532889,0.0,0.6359760185255873,1.6610438702060826
36,-0.5442989969253006,-1.7356527713603778,-0.22644725951384442,-0.9120027735348373,-0.5061743401500459,1.0,0.6963797440951395,0.956896185214094
36,-0.10453519054948102,-0.2840243420780932,-1.75183492691024,-0.4425829320495663,-2.104755501196057,1.0,-2.950640253686419,-1.4942272045281093
37,-0.056199304743526385,0.739930810186479,-0.7938456597119706,-0.36585584832525536,-0.7480861149677107,0.0,-1.3514271721941975,1.0474966849403826
37,-0.7846714885266001,-0.5542704190433169,-1.5924692161672536,-0.9386014766466572,1.146521879661447,0.0,-1.0189804920533951,0.051503641660663235
37,0.18483213966579093,-0.7153424441402795,-0.7391374260195833,0.8006526664536836,0.0911365053296243,1.0,2.486463997591265,1.4179023532429635
37,1.5961974947192996,-1.30533925885041,1.0499330014404091,0.2090774369406177,-0.6531847728962298,1.0,-0.702544200850478,-0.13760814117732467
37,0.5184739086690298,-1.0570573244865102,1.682025656632133,-1.0407193770012413,0.7476046999527102,0.0,-0.9607816715667282,0.766107021703103
37,-0.2345932878688172,-1.0181888883734895,1.1257081222723324,-1.1348896702981457,0.5183969714715219,1.0,-0.14784880209461648,1.297614395565853
37,0.5062919638362721,-0.6806710751952346,0.9777429965366117,0.12062982435793629,0.28041075244782754,1.0,2.778031694777943,1.816479497467076
37,1.3507459119064291,1.2615187873368936,0.5293461388696387,-0.05112624265968574,-0.48799692358994823,0.0,2.1610145175181854,4.868372615373416
37,-1.4048253505770347,1.4243539924333979,0.46738351213108226,-1.2405344186113083,1.429218391232091,0.0,-1.0978645622373224,0.22957967301261784
37,-0.8977096170392791,-0.1991132103600859,-1.461123108068111,0.7801824406930359,0.07133251439194953,1.0,0.8610802262267944,0.4349838423709219
37,1.2492113342907494,-0.315187990333908,0.3414441305726291,0.06680938701545015,-1.6176134439615881,1.0,2.297126325253746,1.4108673825611937
37,2.923742793483845,1.3624437522430897,0.15215400448572083,-0.4474184404051816,0.82983704071074,1.0,9.117026130281587,8.382261571367039
37,-0.027289013593294397,-0.0444788407430909,-0.24905670269439195,-0.35764571542632706,-0.017801562064822876,0.0,-0.455770193254074,1.6222232325190296
37,-0.028884516702262462,0.7016902128930772,-1.1112338449249182,-0.6112747470097989,-0.2971204791988913,0.0,-0.7498727117523059,0.7498763551286458
37,0.3168894109507975,1.009783905702751,0.7232258464497541,-1.482307916248918,0.5202325803613197,1.0,6.0289392815075145,2.6135764881265815
37,0.5115039109886231,-0.749830733027869,1.9329998906085852,0.6969041904499252,-1.063172217674322,1.0,0.6432412870106529,0.9263254834366494
37,-0.5279986162694448,-1.2119382748141367,-1.580195139523611,0.7052948539808334,0.01922404703313304,0.0,-1.2126346083919093,0.3326964929581234
37,-1.1248424453058146,-2.2171974766000337,-0.37889761631464164,-0.3111461482503004,-0.12198469274892479,0.0,-2.1611737325128595,2.3460366095828493
37,0.4350926076029643,-0.8990104227681734,0.3116542987859619,-0.7547301730304817,0.8578612755697328,1.0,0.685413576413374,1.536108612832062
37,-0.6669595792947375,0.014537529275811893,-0.8763020876996681,-0.1251815278176538,0.8422265149786112,1.0,0.04428419497373373,1.2244613864205731
37,0.6228715738124275,0.11954064399257033,0.5153201263884151,0.17793868257514817,1.0249916712526022,0.0,0.5036668293570088,3.1749248223729607
37,1.1006571068812503,-0.2378773414409976,-0.6263679967492943,-2.6484120349378335,-1.149796344958689,1.0,6.644077294951227,-0.23255774226256698
37,0.2791905813884419,0.799743725829296,0.5613493944667994,0.48634566867681633,0.14780829995962141,0.0,1.2704605174443513,3.2070373110825026
37,-0.8007373071079437,1.0715097977380603,1.2731456070887206,-0.18675143621941584,1.1636452199706848,0.0,2.257011208445536,1.6956831107873853
37,0.6071065702934136,-0.5422439352046963,0.5693957304062411,-2.0970716859622307,-1.1398748040771476,1.0,2.5472817659827847,0.21168298663796536
37,-0.23512998352904646,-1.30025212475705,0.22788639438951883,-0.07349447733686934,0.5781101893813071,0.0,-1.7007236075212742,1.8784343341279839
37,-0.26684482779490737,1.2019184440525994,1.457404270143868,-0.23712307295690013,-0.7843023583179973,1.0,4.517428044933277,1.4779497255445173
37,0.38340161502452474,0.14638909905995767,1.1852833192714414,-0.23789301386329678,-0.7485718100882269,1.0,2.8292539955713085,1.7964649635798977
37,-0.3903257684807823,-1.0168245789494461,-0.07001849191897122,0.6284726220778181,-1.8589200817160443,0.0,-2.0749534870108812,1.0406343924001349
37,-0.5953681414135786,0.34236306544683365,-1.1509373772818672,-0.23559186147601657,0.5621421714122945,0.0,-0.2152604619387508,0.6651035237441689
37,-2.4946924322863024,1.4867061854996206,-1.433153799255863,-2.1633792786900776,0.050134952993897156,1.0,-4.916086497446176,-4.848858533770992
37,0.025533264319950746,0.48182877740218144,-0.009624698086647777,-0.15146040570804006,-0.988605309840599,1.0,4.070211753762253,1.691092158524711
37,0.6746794411436778,-0.7128466068566953,0.6226795550102333,1.1599819138429643,0.5374587716922354,0.0,2.920443482057133,2.4723522081030356
37,0.9304387117654366,-0.564445719450471,0.33189599657991153,0.8345674184771977,-0.954468978240898,0.0,1.8859003289212022,1.7092378255040492
37,1.680498192558082,-0.2567338926654637,-0.23455314967796664,-0.07653987489629745,0.9707570797662611,0.0,1.6829489333638668,2.582891625148334
37,0.24730878338714535,0.6866361706594526,0.056306788195195204,-0.09592040202115625,0.3239698087857597,1.0,5.3961951915913895,2.7773769220801188
37,0.6064709102317452,-0.7855918166462901,1.9272470174880367,-0.41321901050665943,0.8250914491752697,0.0,1.44389855422056,1.2546104567180023
37,0.25818894609491017,-0.4235219886195915,0.34672073937737585,0.6990788979794252,-1.142685081047182,0.0,-0.3702872279348184,1.700034172321101
37,-0.7395512311060255,1.4716163315294954,1.3290167951262448,-0.2680467011919127,2.3272481544850923,0.0,2.671161246947971,2.2112367805548554
37,0.25119605104808246,-0.8315262226360133,0.3811453328098521,0.5180880148417772,1.685219304530247,0.0,0.5814094659866559,2.7214243360086585
37,-1.3329906993834453,-0.04070799845191121,0.9979476501270728,-0.7914315338511385,0.2995611381206959,1.0,0.5888663269465424,1.1624808212179651
37,-0.3462796082879386,0.21434848066323184,0.28353134112705025,0.36851183928956105,-1.4201721111389867,0.0,-1.9948227147608215,1.4358190048246005
37,-0.8398756877116157,0.20571483053849574,1.6747656134859268,-1.5864120137454116,-2.769477451192741,0.0,0.7347263946577013,-0.9341993157019644
37,-0.2530565986239225,-0.9090297061762195,-0.442447440759919,0.10322347607611417,-0.20562640374976499,1.0,-0.5382159388099432,1.2802741218142009
37,-0.7173096406487907,1.9957552545395874,1.1712470924001943,0.6926260029595803,-1.2463104218331746,0.0,3.3739441735494435,0.9054327793953201
37,0.27067303360813827,-0.4842388033611728,-0.42818129882888323,0.20112835270383952,0.6640970972428452,0.0,0.08049052261037681,1.8903912141785968
37,0.28026180671763884,-1.3587845588932348,-0.09384123774341945,1.306890393040852,-2.3459665592296375,0.0,3.4649124870966235,0.5090646478304264
37,0.9592983181963359,-0.7937058218126746,2.114262486646311,-0.43882233270085447,1.4583769761437657,1.0,1.6477581176421365,1.3711983006129167
37,1.158741508678942,3.4060582223225824,2.3764470974168437,-0.14992277398146805,0.06857218432001258,0.0,11.517975651463871,7.6554076158008355
37,1.5259618315882748,-1.3040488350920805,1.0379002690706183,1.263431121474359,-0.5021785249594477,1.0,2.4970584086956,0.5286341389656997
38,-0.352174349832422,0.39857461550509776,-0.48496818521662655,-0.5685762134881999,-0.31720931048955603,0.0,-1.0834366416801302,1.0821453031426944
38,0.20202304492316053,0.6051543138710682,0.5252579717442146,0.9031441463459357,0.9325333636814082,0.0,2.924510637769841,3.571506151457446
38,0.5007050928475134,-0.6540250028111014,0.21886475787787937,0.6590296747614174,-1.4188678030195492,1.0,2.334031946001614,1.3015242739528672
38,0.11717953420761076,0.7557154462648933,0.2505939804597929,1.3806846579114544,0.23788604332102092,1.0,6.011255069796283,3.4283495127486754
38,-0.4049185535046225,-0.3861996751705395,1.1151831202369313,-1.9555404575229105,-0.27582301393943515,0.0,2.638699315845998,0.64274317458449
38,0.6799568697410415,-0.7204671298157417,0.37700269297094496,-1.2935146481714521,0.9918627261301632,0.0,1.7665896550195996,1.4573059060402014
38,-2.201608948991482,-0.6024725929910318,-0.21238261518196347,-1.0224453892373662,-0.032019762169530806,0.0,-1.877210116293076,1.2684758573687631
38,0.38827600987205363,0.24583418067264612,-1.4889680240051535,0.821128044947928,-0.4401542298506851,0.0,0.8629884200830527,0.9402465203094137
38,-1.0603452375792266,-0.48314835657310323,0.07573044905931448,0.9806646065470992,0.8857060433512861,1.0,2.3501065808098485,2.7087416310941466
38,0.05187441173993239,0.2718924663210866,-0.4361917174681416,-0.5940877489666717,0.361410580060516,0.0,0.6408559042347812,1.7479204539078843
38,-0.31775230430518603,0.5270353197204998,0.5730950320182283,-0.3440897531406885,-0.8951722350273975,1.0,0.0782340328393869,1.4443181093257393
38,0.6502345473497295,0.34473989455642207,0.7565734182325203,1.0733330067957283,-0.17370387266586468,1.0,5.855325989090662,3.2769426828956383
38,1.4034732486191692,-0.12570800853196099,0.827368098165429,-0.5837429557991244,-2.3847031175053788,0.0,1.9420420933503593,1.068731388721198
38,0.37616904306923304,-0.24832701671597657,-0.8741680280635823,0.4200578775641949,1.5224994570292265,0.0,2.4555304768906474,2.146337941097033
38,-0.33055020946193425,-1.262488564437828,-0.045225419499575994,0.28414087084300066,0.8702829317916319,1.0,1.4513319398473001,2.1743731690482724
38,-0.15790083832826762,-1.4661905389642818,-0.9761255725323682,0.049863599884977024,-0.0052729061412215665,1.0,0.5560790601266551,0.5139356469709411
38,1.6005033389911807,-0.07505944497276086,-1.2913943639546377,1.0871557904278295,2.2331897725173913,0.0,3.3697692523799496,2.9328455065173826
38,-0.17179794896032657,0.4137404536813022,-1.2431880050371498,-1.163812458034761,0.3517342446623296,1.0,0.7797665255540858,0.34403785669117976
38,0.9945706296301736,0.2281363284359785,0.9424032399583143,0.9973162481009346,0.35383223748204623,0.0,4.164988561022406,3.572872601443593
38,-1.3255464716149492,-0.5560609679473363,0.31580934466251,-0.5383820497586651,-0.6617367486209135,1.0,-1.9025715216737256,1.3046715266555562
38,0.1591182843110365,-0.3650351439549173,-0.5878760185175559,0.6986724927236815,0.3616953361377502,0.0,0.047570294496330434,1.9073242139430104
38,0.2737025842023348,-0.30844519103135004,1.066190564340705,-0.628274472261864,-0.20948867632270723,1.0,1.324991548199316,1.4958825346919817
38,-0.9772890310426423,-0.8767239737879547,0.11362732771288539,1.617454337036179,0.14797492077455712,1.0,5.006834719408672,2.8628858711539587
38,-0.18132098774440414,1.5712949722800862,-0.6013306345795738,-1.2387689551537806,-0.4292978837863573,0.0,-0.28591890013855237,1.0999630507628249
38,0.860923865681632,1.791013897405152,-1.5831444855656878,-1.4955096618683188,-0.1472332151507063,1.0,2.1459665291654817,2.242603963323174
38,-0.42905680202000096,-1.0873620719578807,-0.024520943584683215,2.1106708306555606,0.9319030211181019,0.0,5.43304131368977,3.2170564870640974
38,0.0792038821589979,0.7188063472826219,-0.24350478839572273,0.22544703448901968,0.02578336839677487,0.0,2.097207385287669,2.4302990886128644
38,0.8289046356171127,-0.4258438607703239,0.5550454206057229,-1.0206323852886467,-0.2331643258839971,0.0,1.2836927441223362,1.3490472972076013
38,1.081329335077804,0.7205119409392832,-0.2526335391868398,0.7688155778098277,-0.7486146509008219,0.0,2.3746935819350656,3.532072544365239
38,0.039102396563679115,0.6796209281820964,-0.5745880093370977,-2.6541594265026696,0.8173893365034035,0.0,6.613493107282686,1.0196737058009968
38,-0.8937728110251852,1.254321294124237,0.9281750470646221,0.6310848073381448,-0.6199180326033575,1.0,2.0015410467038253,1.1281627880817262
38,-0.2163451247478205,-0.5960038567777679,-0.13390554927854892,-0.4126485895946457,1.0391760357284738,0.0,-0.4261574878144174,1.9601270265858999
38,0.6515348466742215,0.8047533372809038,-2.2033978716743166,-0.12869523981303832,-0.8840297115497568,1.0,-0.7783879474264224,0.05316264095241208
38,-0.13025943732380424,-0.3076187060426536,-0.20187588623404396,-1.6189777316354115,-0.023102148929913014,1.0,2.9184879038838094,0.8788454570718041
38,0.37580466965932346,0.6407862994468129,-0.17766551916031986,0.31681300880174507,-1.9026926388968666,0.0,2.0623361436752345,1.8515923461537316
38,0.4770605902436066,-2.0158478063824905,-1.345119723368086,0.973300165429045,0.08615613823648173,1.0,1.781199042995055,-0.6501410022283056
38,1.0652903755607503,-0.48076668846468856,-2.280165563914121,-0.2518544752432558,-0.09295305489224083,1.0,1.38111493639,-1.1837361244502318
38,-1.0955223487803756,-2.75209843895752,0.3508010199306036,-0.136893591450934,-0.442258169932464,1.0,-3.096201187878122,2.916097324858805
38,0.018350117061741656,0.44456858978646885,-1.3165849084780687,0.29474303318010403,-0.027491239782205187,1.0,0.6259578915189961,0.966432930280788
38,0.6916258862608405,1.0857764172142061,1.8271977682513278,-1.0659367036945593,-0.9734878147708202,1.0,7.546727038108409,2.279937569528246
38,-1.1952978379429988,2.0389958958493475,0.4911158508640074,0.4976910902844455,1.0137003508943898,1.0,3.3529906905553473,0.8677024501999053
38,0.21421741703568997,0.7550462758096157,0.7053422217336303,0.2610598168993972,-0.3970997268276703,0.0,-0.3119172441603526,2.69241680117914
38,-0.18967339838714498,-1.3809873422720222,-0.3763025594467726,-0.5259346596112673,0.21679134811119577,0.0,-0.6733576517402183,1.0639129974617936
38,0.5860133164243664,-0.5838616716231093,-1.1953742796341538,0.9295400169856918,0.4016682531228557,1.0,3.2730200061155656,1.0935073176702312
38,-2.074677082639242,-0.6563645543710775,0.28704425504563996,2.4109839702209706,0.08218080103545364,1.0,6.008748104247877,3.345413083773453
38,0.4357191399719405,0.8831133648856158,-0.8376056561427315,-0.20292118477583218,-0.8722192205834143,1.0,0.8069032843990372,1.7570764600993227
38,1.1066308380172203,0.43852713404578497,0.3689864568804089,0.6524912628002821,1.1424722236694171,0.0,2.31914206908081,4.272534987049468
38,-1.8773027424125446,-1.1509077765811655,0.45362056220254177,-0.9388616336527943,0.8302639109756139,0.0,1.516349045743792,2.7178748697908497
38,-0.7674842176622454,-0.1474119091268692,0.5740959286572707,-1.7463475396331516,0.6052917002127576,1.0,3.8559076673319947,1.2118919198225382
38,0.8237087576066708,0.3552749211380698,0.6364530122232799,-1.1292587688204994,0.371422697957846,0.0,2.4084866938506115,2.6256523266984835
39,-0.94977150562743,-0.19687670616440833,0.47453584674076493,-0.7439307636469978,1.3245926596060036,0.0,-0.6551316424016386,2.030767552043252
39,-0.6046374011472633,0.5074882178581712,0.01003907271950364,-1.2621509018415191,-0.5000130483852957,1.0,1.5815736778190117,0.7684662213758595
39,-0.5168392678188463,-1.1983462172674944,0.20538651289290852,-1.722090667172482,-1.5796199408442468,0.0,-0.7311712383495044,0.1925798214784793
39,1.1262788936101527,-0.18462027646427825,0.533942436687173,0.4490327877572689,0.191990064183545,1.0,6.377109947869871,2.7111853694462167
39,-0.9164505659117712,0.44082052256454857,0.12628738072780982,0.36575898933858225,-0.15848719476500728,0.0,-1.266842510511904,1.5170106898230764
39,0.03624949168605752,0.40771159267802015,-1.0219608105843452,0.05479278548593372,-1.7129712854361832,1.0,-0.7151570760023617,0.4183843486850314
39,-0.10090804303285862,0.30198871656369025,-0.24535119751584408,0.5454463319999535,-1.3585239123743802,1.0,0.9099876422885402,1.510904937381282
39,-1.1901144240662411,0.152753666692319,-0.21275770438017771,0.7328390594426102,-0.0028082170507051176,1.0,-0.8933569869513132,1.5356141740056086
39,-1.1089216257587895,-1.0981336780908566,-0.03550983465756283,0.48886680038135466,-0.7597782833585383,0.0,-0.3239047835269675,1.9603754649349225
39,-0.9594956301980111,-0.4004232605162714,-0.4838153849718047,-2.2122380039364113,-0.8307003922745179,1.0,2.883674438006462,-0.17390536158302639
39,1.898403943191919,-2.3727409808299926,-0.7024296423621577,0.20592666178049307,1.6595741179797325,1.0,0.477198489046232,-2.396779071552203
39,-0.18058686564030554,0.834782746103803,-1.7869431917863496,-0.06395537684050362,-0.8873766148502554,1.0,-1.9844711115346136,-0.40725819888760195
39,-0.22026596054460482,-0.24480571525983483,0.43950546926094647,-0.760881596206253,-0.826533842060017,0.0,-1.601759695827375,1.1523937363501378
39,0.07259616425874571,1.4695853629669486,0.8184119389786105,0.9248329241427838,2.3582696520881186,1.0,10.905237043771459,4.611915732352969
39,-0.5517016624998117,0.606552763940804,-1.59644588873562,0.5298305769695666,-0.7235732163937856,0.0,-2.6139532553431026,-0.22795163117807382
39,0.6874438535455085,1.2105160409149263,0.9838092776846309,-0.44620352988030165,-1.4999347503154907,0.0,3.5213741844574495,2.853832175876624
39,-1.3811809449474328,0.07853729749162733,1.4424536624983517,-0.46765058074841703,-1.029763787173794,0.0,-1.8131914722087998,0.34071421920343137
39,-1.5567479536245679,-0.316253289816326,-0.39737296557548574,-0.8252202260102589,-0.07616116815711065,1.0,0.42500322207592256,0.8285296901118695
39,-0.4289654277036533,0.836419387719742,0.07344649392937881,0.07629006671313124,0.08666310723208576,1.0,-0.3460565953185255,1.9604358320749324
39,1.7140783398614583,-0.4969873291121784,-3.488135231172523,-0.4179324288987704,0.40476269216761385,1.0,-0.7053268124541953,-1.9345348331287655
39,-0.7959832117615966,1.2985531766090885,-0.46478892125605403,0.8004156144032446,1.3672383522467126,1.0,1.9149046775139553,1.9630071751761065
39,0.49476538302766604,-1.2443178821073668,0.5689098223309981,0.3710759333443193,0.11518574284404604,1.0,1.7316731950605935,1.379652855731272
39,0.877576196052648,-0.9256512405881572,-0.30323526034292986,-2.222610642024379,0.6372193930311082,0.0,5.29435363062027,0.17369513475979104
39,0.727394642951627,-2.4501784694893414,0.5805460625637985,-1.7744848112263136,0.918521335854564,1.0,0.27359979185975025,-0.9451840427907061
39,-1.7114128748527222,0.9346136912068972,-0.014620883041605753,-1.0399554341600268,-1.1663221104116874,1.0,-2.2217406534113135,-1.0984655929810834
39,-3.0556290388700855,-0.050666666322959505,0.4108887444603314,-0.09190340304794185,1.1787379559729136,0.0,-1.1611240754756682,1.267298531844882
39,-0.44571536361103264,0.4531380861279822,-0.4005159800536314,0.3842382897549458,0.07420972538880669,1.0,0.7751771757986049,1.75156671128412
39,-0.4203101384844404,-0.17404159909317815,1.1593978569988757,-0.3240987033584297,-0.7783639784657392,0.0,-1.797936723145303,1.2043346709682194
39,0.9207353567656437,0.001399106362439403,0.4752130780528153,-0.017431344825835138,-0.272974716339497,0.0,0.5218057754578219,2.443954199353712
39,-0.6521960761181935,-1.1040733409444272,-0.13984241596424948,-0.9977161882841683,-1.4587955031482198,1.0,0.017558757176861173,0.5339985121658617
39,-0.9830403533032434,0.6016717199205386,-1.161484832293466,-1.5596258580534474,-0.625269577046655,1.0,-1.3136584890700669,-1.0573642396847873
39,1.6752697201038487,-1.9273289795794042,2.1859020685434865,1.1046533535464194,-0.01442818951450646,0.0,0.7198882573570544,-1.2938067797302373
39,-0.6937389231948473,0.5669954933235616,-0.985530674805983,1.7153970168883965,1.7156523807237063,1.0,6.10132301690955,2.3184616435895924
39,-0.21687064284577542,0.5898182645340037,0.7428593722806102,-1.598504413877543,1.283819224799101,1.0,7.2253037054715605,2.009184138585691
39,-0.6861203145092378,-0.5462162757640376,0.8157919237250881,0.48927946276887463,0.9676446022354321,1.0,1.1585626295212985,2.580251657426602
39,0.21546306103521237,1.3684683252706487,0.21779566939848324,-0.6953999580935266,-0.33916323145014954,1.0,4.988172708201976,2.654812435572514
39,0.7017419990471641,1.2066611732305408,0.13308523774382522,-0.5903657324342187,-0.5417272220075335,1.0,3.912610520387552,3.29261977468252
39,-2.2727749609395516,1.322431056843216,-0.7573623382799075,0.6851371185730446,-0.3187616222172025,1.0,-3.516543608050803,-1.9496029376491146
39,-0.6174855714789915,0.7082471666680625,-0.2706295222196965,-2.0065081970686287,-1.4550835692997346,1.0,1.1868926950401333,-0.294459461117347
39,-0.6430439629784099,0.043772646300895876,-0.18877497405980542,1.1526053933937115,-0.27918761192387337,0.0,-0.5403497641224305,1.9967728646825003
39,1.736272498103492,0.6498810897160554,0.34684429404066797,0.38272500485777683,-0.4866473080422834,0.0,2.859558862042749,4.3833585707968385
39,-0.586647311713958,-1.635480223714383,0.5355738081170669,-1.0051527172055572,-1.1445773390021319,1.0,-2.021756100528777,0.9012841215836809
39,-0.7946660729484243,0.3981188964946845,0.9087572389168304,0.5947134331996886,-1.4013052979558818,0.0,1.1234081313887125,1.1511639586170934
39,-1.545946680796056,-0.7118565043185753,0.2226996849104504,0.9109455067577078,0.4486325591461165,0.0,0.9766944397067823,2.7380342254161643
39,0.24314072322498895,0.07596146651683759,0.606242932075631,0.6926196359550069,-0.45360065958720036,0.0,0.5995310023856942,2.422445904851685
39,-0.7536216116722564,-1.1402326253248405,-2.5953576295556804,-1.8734873693235152,0.5662214997823112,1.0,1.7852534438273362,-1.893421299254137
39,0.471153934851382,1.820959195179158,0.5153343897788178,-1.1272360951978717,0.6478544451069117,1.0,8.250085156645502,3.8921129998970168
39,1.2561677755268037,-1.4955399808670709,-0.44093307783450253,-0.5302767956307767,1.166365290015018,1.0,2.937131973786364,0.003596309377627227
39,0.4364099536143888,1.690333741250955,0.44498068358961124,0.07927267676737604,-1.1311087010217034,1.0,6.105249234716982,3.4002416268412894
39,1.5353604412705069,0.4784664815314823,-0.34213511323762036,1.8645595780813626,1.2597152880244988,1.0,12.152382823505619,5.074642330545716
40,-0.2908817703826785,-0.2583042773527365,1.1634978903527902,1.0853395563904629,-0.3681062331670122,1.0,1.6798822520960366,2.1370388046059805
40,0.32806742439020325,0.6286387607289278,1.367410105735754,0.36288881084102736,0.01620964071255509,1.0,3.177730910899,2.759830177827221
40,-1.5205205125737786,0.5934087771995757,0.28226816362784596,-0.9773539749531587,-1.6209992222507805,0.0,-0.8443470772929401,-0.5634624556362486
40,-0.2467138921341612,-1.4832071590909996,-0.37098704399856913,-0.2520901212900949,-1.6756289660461423,0.0,-2.150670068985276,0.28358418094003834
40,-0.8660628893764563,-0.6182761671415712,-0.0034497775519229798,-0.049540402459036265,-0.4585101672249272,1.0,-0.8088816786342985,1.5375403913935954
40,-0.5458675353302215,-1.022355694382776,0.4866193997871823,0.15781014665024426,1.0944896144324927,0.0,-0.3725987298126029,2.527337560412276
40,-1.2136527615552504,1.2165871522940344,-0.04436875182311679,-0.6293456865425733,-0.7271997808404451,1.0,-2.0964511684641844,-0.1764884028955933
40,0.25851111073343647,0.5796410675747893,0.031479303040451184,-1.9653093534258723,-0.39229756931293164,0.0,3.5183936745850604,1.4053605031647276
40,0.6689525116680849,-0.5835213840042363,1.8220364209924633,1.6774499274153412,-0.6431850361896578,0.0,3.733529005991627,1.831912813113691
40,-0.27018127373753414,0.0823033165595035,0.038976513513593776,0.2909026308081867,-0.7837007305049988,0.0,-0.5761724069044113,1.656153925272184
40,-0.5647554840960771,0.9860425451657051,-0.6282447101224456,0.12082578963680846,0.7828808121140373,1.0,-0.14040661098838336,1.6005619242425333
40,-1.4380833305151195,0.8689675256450349,0.9111839946182692,0.13277344813084294,0.9390327256874046,1.0,1.3462702123524672,1.070100019734817
40,1.6256570727429214,-1.4310128751231672,-0.7884935930082343,-0.7414344470213962,-1.1847962253192958,0.0,1.656101910107246,-1.8814616377156042
40,0.5614963787841147,0.37913383411889695,-0.46218342608348334,1.0089902948578127,-0.1389216176163105,1.0,5.30279932498111,2.782221041485217
40,-1.1684900623564665,-0.04466652717277208,1.2446897777516215,0.30950860454356716,0.9084501448244867,0.0,-2.0224940979687993,1.9972955740753273
40,0.2959511050052458,0.014930058902942212,0.5154144691812375,1.119455984771971,0.12095695371815181,1.0,6.126506828895088,2.907861360256706
40,0.05386290559962174,0.44409420441954167,0.2238754351194728,0.13418841451413,0.06213325716369703,1.0,4.91295540481502,2.4580417008290043
40,-0.5646688800203896,0.4088408845545971,0.569229416363168,0.44197888182979034,0.010272466008419072,1.0,2.1629717593036784,2.044283216767557
40,-1.0504110667013773,0.026199453656678043,-1.536374248902563,1.3181166022416921,-0.6536321983523548,0.0,-1.142645383157503,0.05884435553481008
40,0.3200080460903714,-0.053727182901949194,0.7670934703610047,-1.4636955497487512,1.2911124812476673,0.0,4.599695429206597,2.133133473745854
40,2.901739571869979,-1.2697939238592078,0.45986539673593285,0.4089317383779578,0.12426800095417558,0.0,0.9216075539681368,-0.47599363867063804
40,1.0619884999327265,0.29819802820500907,0.9879303806740279,0.5448606045756132,0.2740285402565604,1.0,5.894704122714413,3.4506048432391623
40,0.7063613748737155,1.5583329434623132,0.14406530252423524,0.6556131213940639,-0.5681964785579399,1.0,6.676936554656161,4.338474862619762
40,0.4241965249667476,1.2911218280292223,0.14623054721101134,-1.9432791318214373,-0.5406246848991012,0.0,3.8810794380844027,2.225839286485005
40,-0.35259947343800585,0.6424584496186218,-2.497648810521967,1.7751132637266174,0.0014227608972477096,0.0,2.7833466739876735,-0.24189169693856605
40,0.5290536981337254,1.2713221456296657,-0.565521754542089,0.9119984023418175,-0.5495450938782295,1.0,5.927400593946702,3.315560511348994
40,-1.5157066063477442,0.278035843323231,-2.2635607795057844,1.2173069271214791,-0.35684795031167815,0.0,-1.1765545734024354,-1.3804738677597106
40,0.1633117365612069,-0.7477962415221956,-0.03918389193101417,-1.118931665222018,-0.028606321444414246,1.0,0.3749635310815278,0.9915053149497132
40,0.4372763764061612,-0.3126799123124294,0.4065626698066166,-0.34775908438979886,1.377719207379586,1.0,3.4755058066231106,2.562317643415575
40,1.369341880383972,-0.6375729178015215,2.038286634006023,-0.27129617765824365,0.030359066811862484,1.0,1.945390038091284,0.9408566457670122
40,1.0162281640617286,-0.30541492179985674,2.4274243786588943,0.6700781553503262,0.31066989117889954,0.0,0.25579960977964467,1.9934833150515046
40,0.6850013286159617,1.1917250898906555,-1.655078007417213,-0.35666705559845063,1.5561166660178762,1.0,1.8782921392936627,2.4427003457243113
40,0.7195477348275462,0.5315944895930319,1.2102781244334073,0.6342610242116866,0.09955824729926561,1.0,7.39520730070314,3.3328865909147165
40,0.22347219047140618,-0.8173348372004268,-1.0054737320681593,-0.8163466610528374,-0.39448873613914887,0.0,0.03385736411582152,-0.0520492464367901
40,0.21906367008843045,1.0547281733234983,0.8275438532053484,1.3919159457737793,-1.3690957627350733,0.0,3.007282788939884,2.969816754796671
40,-1.3678871870605696,1.8240646700956533,0.6291680397194339,-0.577595844729704,0.2889419862740507,0.0,0.9001109133584935,-0.28825148479185514
40,0.5395068408341487,0.4307733811107184,-0.529930299058416,0.2252574057132134,-0.7344780152229288,1.0,2.2833921645452446,2.0608121472156187
40,0.40375405330694575,0.3608078784299193,0.03946392768963871,0.5719620168444466,0.4797782842123513,0.0,1.6558866321522034,3.0727821238857054
40,0.15711633876013076,-1.2471484685018528,-2.0787283484742116,0.5748159472310829,0.015551716551934857,0.0,1.0910809595529143,-0.9715151960727587
40,-0.30959967013438117,-1.4409922665076462,-0.45654302248733997,0.02899466498641509,-0.053133998566509376,1.0,0.6447731416971226,1.2280754428944431
40,1.0722894609959763,0.8629829703612804,0.4154945420278514,1.877685596464245,0.15357452654805442,0.0,6.745773381384674,5.031297906567257
40,-0.07018798644742312,0.08723353472701827,-0.7264872261141627,-0.3259577399039913,2.26034025214475,0.0,-0.986028620689242,2.353860033251194
40,1.223048382527761,-0.4158304098075768,-1.038340112205109,-0.6655602612720202,0.5832438509030413,1.0,2.9417993545239653,0.842351068402704
40,-0.3937811224035381,-0.4207598225875939,0.31901537374755146,0.7939796138435132,0.9439789350756423,1.0,4.589152742058678,2.73644845242822
40,-0.7093638279552569,-1.0179150018270007,-1.1879818150599868,-2.891243497891647,-0.2753657743759596,1.0,4.673872309503269,-0.9453301419668936
40,0.8288644003185763,-0.5129829452965928,0.4087173656402265,0.6229203743821446,-1.3215641507997031,1.0,3.142706738183404,1.5054155590910558
40,1.2231517588250498,-2.4329650524377247,0.9974952303327128,0.17287217010399158,0.6270421057596011,1.0,-2.819086204033351,-1.1396790769869958
40,-0.29963036557838635,-1.4751525879883092,2.9333249331599975,0.36202793660430055,-0.19286795188910635,1.0,-3.607030240542488,1.127460933441387
40,1.486843702360511,0.4176812733739837,1.6904317967823548,-0.02445778074607865,-2.3491480081592515,1.0,4.145443433636201,2.1123519719171373
40,1.9245811207111798,-2.7854604661020557,-0.2704158409349144,-2.1940708535424496,-0.7833119773812524,1.0,-3.645217205660893,-5.4515237389824485
41,1.2469933629829002,0.7571089894640548,-0.8656258548861077,0.9124011480078723,1.0881266879297127,1.0,7.616418488466798,4.161775705159396
41,-0.43281920799675516,-0.952232281619063,-1.3469453448452722,0.6900136244659218,-1.0792258839656805,0.0,1.6645938249310164,0.07352603405543023
41,0.24332999614459924,0.09371218527305297,1.3903124651458056,1.2096402503469315,0.5914255997332022,0.0,3.29357763025212,2.9665188306844894
41,-1.1280652219612244,2.0523259666808586,-0.3867983146379569,1.106991454691535,-0.11505191732907664,0.0,2.2662371836256927,0.375664997522823
41,0.8475223769296926,0.790880396731057,1.1553576255077556,-0.9073702455259722,-0.8794192300190564,0.0,2.474455057470024,2.5773656497980473
41,-0.2641135929381503,0.5234431825635182,-0.6311958103746951,1.4744112041298234,1.080458516779554,0.0,4.505615775749431,2.760575715776074
41,0.7072590100504677,-0.2923298207426248,-0.6412725486746645,1.2314783215753473,-1.684797322723176,0.0,4.155837311914574,1.254751068489119
41,0.5151616023957682,-0.8220151337771576,0.7488197855319384,0.08749153697141769,0.18294330199430894,0.0,-0.2800716842800477,1.665222752074638
41,0.9718687601502325,0.09504978100238046,0.7191144568310386,0.47213133750042446,-0.019549541618745652,0.0,3.6492845654233426,2.964072657626552
41,1.0031492559731632,0.09481571803130909,-1.2795260550938066,-0.6788929756479406,0.08734147881262042,0.0,1.4253561504316306,0.9957272521858098
41,-1.0985929970390238,-0.7941870756059161,-1.248659108990093,0.08825554811445323,-1.4705910769746244,0.0,-1.8754898030261635,-0.07280443216243726
41,-0.5386125568086751,0.4379380260983382,-1.222238550114757,-0.010193956885617556,-2.0731788409200904,0.0,-2.1422944847286898,-0.5974791931984156
41,1.0528195258798403,0.16272312765041722,-0.2606404800227162,1.3744080615674066,0.9223251114219909,1.0,8.810008655030003,3.76336088432546
41,-1.141210825699721,0.16304489831313246,-0.6750921904073325,-0.14156249710212362,0.16026051279157066,0.0,-1.9869664828562688,0.7773006841944224
41,1.0215031072404241,1.0399434517355448,-0.2974513672868865,1.2911013279795311,0.7088767597715381,1.0,8.042854800854712,4.900378665092466
41,-0.13217317105923052,0.6247096585575888,-0.12528743021219674,0.6231518365116088,-0.2081884542598704,0.0,0.8741014585148574,2.30069815416505
41,0.8194299846798522,1.245627590562972,0.5685743540478401,-0.7771077601792648,0.08281441010800851,0.0,5.772217645210851,3.8330433306415497
41,-0.3462488498484842,-2.0226177966610104,-1.8460193478387095,0.28484608539167056,-0.004558729353461957,0.0,0.5141893438119514,-0.5387318046513948
41,-0.22178109465980744,2.210809689970982,-0.07213970274260532,-0.7423375855922327,0.5230584832716846,1.0,3.087841309276937,2.3558881619060585
41,0.8296624745516048,0.43760942784392187,1.4432996167591006,-0.8410499859343296,0.3808244371071872,0.0,2.348938600755584,2.6153926780570993
41,1.855621326952099,-1.1521904774326912,-0.36033101099790954,0.7855508943750168,1.1573796712868383,1.0,4.189377264549739,0.9407661452187217
41,0.4340489325117774,0.7588454023432248,0.1757709087824619,1.5848120187573358,-1.1562977416579174,1.0,5.336372464977607,3.2125578220111977
41,0.8791699096168637,-0.3477613533457297,1.279432823639253,-0.522905421293289,-0.8751757046509928,0.0,0.35676323217937367,1.1878973368292822
41,-0.22007830003830472,0.0748030944144906,2.327608552071256,0.3060322870985027,-0.034956837153926765,1.0,0.6247456467517236,1.5236345256046646
41,-0.29549263415667393,-0.02766310934841325,2.569265895692561,0.4597956101921546,-1.3500444992259242,1.0,0.8835602557160536,0.8454617724046746
41,-1.8511480704543744,-0.7769356928675629,-0.5257285897516,0.23007996507782016,-0.5813232757158857,0.0,-2.468877311858881,1.5506537101842164
41,-1.7115830731011525,0.7626746287133102,0.19723442283410997,0.5901509313864348,-0.08198836365832678,0.0,-1.9248788192424442,0.5534755528268678
41,0.3957236295209712,-0.22907157018922394,0.3800247864500012,-0.3052312986004982,1.8599564528822752,1.0,5.293778031894171,2.8887074083459856
41,-1.8776254771282312,-1.3244833065652892,1.6559775793540796,1.4572369780422274,-0.42927446291772325,1.0,0.7051035993258534,3.142720976245236
41,-0.2944561590266138,1.5925403022877347,0.3343001810339145,-0.3000491985930958,0.24003036340351655,0.0,3.1830315901622788,2.2618896012995515
41,0.7021738895075152,0.4913210423002291,0.9299482210641804,-0.39927840272242243,-0.23565489830551337,0.0,2.9069836404232285,2.6871232217041694
41,2.318373838732091,-1.0962591113011015,-0.34829406678342834,-2.8542202235794925,-1.6729679825144468,0.0,7.270079882544948,-2.4282659103968
41,-0.3518752291539132,1.6167426238217883,-0.42381496344236286,-0.59573837183714,-1.2513210847767013,0.0,-1.1195385842187877,0.8396315144140815
41,0.9556550634729626,0.0712829646029581,0.40997983230425533,-0.33431450965885495,-0.13378074796341147,1.0,0.9998594795508411,2.469662089102875
41,-1.3398726458163501,-0.3703710902988967,-1.5439403887562824,1.0370540029010649,-0.5035298046372852,1.0,-1.5121693748266458,0.16277283927473085
41,-0.11130615894284274,-0.36728803161868334,0.7680469434791715,-2.167075355742029,0.5389917626319491,1.0,4.759157495682261,1.0908348909332335
41,-0.05668117154123021,0.11841348018240776,1.0382744354928748,-0.48431174754811795,-0.12088213011706915,0.0,1.5777690402704894,1.7484022554173546
41,-1.817611692867288,0.18730484423817192,-0.8998078494115579,-0.15902858324417848,-1.9538312243613145,1.0,-5.061919220556313,-1.0401742543202
41,1.581920118594423,-0.1395025369106926,1.3722467767765274,1.8574736031592463,1.0261302070499079,0.0,7.532053430260541,3.8256997993636506
41,-0.5756977715338312,-0.6288810748137705,-0.5266901524572526,1.6349056108595443,0.7154554080803345,1.0,6.49705445950422,2.5360670230838807
41,-2.533236674270778,-0.04805011578854955,-0.7667672516619674,1.309503785396136,1.493544652479916,0.0,2.0564207327568442,1.5693768580052618
41,-0.8422651360976676,1.2155801964698696,-1.4780624060919998,0.2051540712336651,-1.6909201701358971,1.0,-5.363578900330458,-1.2264964762167736
41,1.1136409959958782,-0.36605823043377045,-0.40731756487230253,-0.4452509039675285,-1.3528597323567035,0.0,0.15413384412266468,0.7816065954976691
41,-0.705233835000559,-0.17240769682711365,-1.1347833047599156,0.34236160690950873,-1.7159778158089372,0.0,-1.9501365204031442,-0.14910391720980798
41,-1.1255837759364278,1.335667036824805,0.058268812599452637,0.59240431746702,0.7385225878473283,1.0,1.5108598882389404,1.2945371957058258
41,-2.384783645285979,-0.24031523246969608,-0.04121400246336747,-0.9037951570501651,-1.0861967289767052,0.0,-2.6473633024937073,0.24409827619510693
41,0.7987723168671189,1.144648795176237,-0.8457621571312792,1.736490955806873,-0.970877600518129,0.0,3.5054614549451637,3.5091109434721734
41,1.7951005407384382,0.06885567722831146,0.049168650238082916,-1.2240610731812873,1.4035039755079393,1.0,5.882246927232702,3.1686782141125303
41,-1.2282713519020225,1.2809855097902538,-0.37895151136711297,-0.22019585678802991,1.2903553365694358,0.0,-1.0550570405354636,0.7276162902217613
41,1.7868697501078041,-1.6581104952641617,0.8671259932851956,1.2422114879062442,0.41282822414912174,0.0,2.758701713582685,0.009655561377289512
42,-0.3331825425225824,-0.5992409419898161,1.174483047208484,-0.48703235513790455,-0.1581617644976634,1.0,1.6884524488556,1.3841093513322478
42,-0.21256451500413695,0.9522000255966443,-0.535756196014265,-0.04835157816033235,0.1593890746562679,0.0,0.2227677230416727,1.8149373124940555
42,0.24244509446204102,0.5370887229192931,0.4782129958461152,-0.09260690624963368,0.4746085078610346,0.0,3.179396603179219,2.8379074409697953
42,1.1328318562187925,1.2515855421119164,0.3287132413443639,-0.8182452793961726,0.4316885253062307,1.0,6.382104823876718,4.527581441061044
42,-0.9796054419160807,-0.3742101570753875,0.5746096570419107,0.2508109961817301,-0.07851946179792436,0.0,-1.9211969565059812,1.9025256230717478
42,-0.1561344181078271,1.7355520472983519,0.18742486233957564,-1.159964188940256,0.020997601524851164,1.0,3.494095445106656,2.0254458592920686
42,-0.6936171709869482,-0.2703081898700515,0.06849494433135299,-0.5282041163552536,-0.15032226343642255,0.0,-1.0215738943341066,1.3981671420636694
42,0.5123703564781396,-1.2448802954085068,-1.3685552740978015,0.9572218705187245,-0.5607545452538417,1.0,2.358440487663086,-0.2892734936985216
42,0.18792524588734283,-0.11724339382837827,1.0547725170103064,-0.2000920098016456,0.13023165606658454,0.0,0.31195579827435554,1.999189619004076
42,-0.16408484905466958,1.807274111066126,0.42642926469428033,1.708431111128812,1.9295943224453658,0.0,5.377211653322995,4.467724167510177
42,0.8126646289474683,-1.915073382133038,0.8316804841246477,0.07911497663608481,-0.5474826876970551,1.0,-0.40805531648251536,-0.2522256637919801
42,-0.6677849132451144,1.1304635933877074,-1.3747815730314392,0.5907650892947035,0.4208513203642193,0.0,-4.827772752238198,0.4896121825911107
42,0.7118367158265687,0.5757751792354391,-0.5312043705347704,-1.3386324091634627,0.7527162773879156,1.0,5.620529414037675,2.3573012044643447
42,0.2976942441172823,-0.2204694886492871,0.1946771689105567,-0.20981770518248952,0.9019917175075737,1.0,1.7877657324270109,2.397515642865164
42,0.7772878936444679,1.2002818584054031,1.6803079758603106,-1.277868339268206,-1.464811576639499,0.0,3.8484333874194814,2.2812705751240765
42,1.7055370246588681,0.863902538814,-1.1224203672995103,-1.6024515671784956,-0.08667734227059054,1.0,5.738705385222596,2.7858655075814704
42,-1.059385323839842,-2.346075384268367,0.1577041259870377,0.13546774908074388,-1.090488795943725,1.0,-1.642550308401944,2.3715994719535343
42,-0.9260039195059792,-1.5681644427137726,-0.42789268783272955,0.13264569914770236,0.4046922998238933,1.0,0.9442774332882575,2.169607102530558
42,-0.44061490807534126,0.5844847242823954,-1.7322733534662362,-1.1606281831055063,-0.2252387710503549,1.0,-2.2306843659183118,-0.9054441220960385
42,-1.2316717268559798,-0.25272932421300515,0.5726099832323651,0.5314552326636206,-0.1738285247206576,1.0,-0.9937492838440074,1.874687061877871
42,-0.8434464862450746,-1.6117083846381577,0.46778705667114034,-1.2837597437279817,-2.2259623871407537,0.0,-3.2799065955056212,0.5034131173389209
42,-0.24191684163100605,-1.086700525985508,-0.48842188536668385,1.3809869507390318,0.7609162341216258,0.0,0.9124364822149929,2.3083975861858317
42,1.50083056691736,0.10498123328625407,-0.3415992073554889,-0.1717007966525363,-0.781052562235719,0.0,0.5962296683040671,2.2555088060632036
42,-0.5536960955613749,0.08007962389120452,3.151960692762568,0.2135758954568743,0.5398740503320173,0.0,1.117493442855249,1.6716110559947304
42,-0.8877008717007273,-0.10914469977545851,1.0159483206997142,0.716499356328931,-2.2649075205532254,0.0,-0.9206581208322571,0.8590492520622208
42,-0.7159318001880233,0.390323535420985,-1.4882024956768993,0.6045510372909936,-0.5385786087516307,0.0,-1.9213430571958745,-0.07086423979903847
42,0.9994973544397819,-0.231908917266291,-2.2221625620727474,1.4949035419282326,0.3683267796278842,1.0,3.6550993030658643,0.366262270702431
42,-1.175275641667445,-1.7369264611473783,1.6243562970030059,-0.9804718725138721,0.9827657262715406,1.0,-0.20611090455921566,2.345057018896492
42,-0.7315920446060337,-0.07456033456170487,2.0849015802512345,0.07874379525168422,0.01446809712242068,0.0,-1.0284214013487776,1.2487723337571883
42,1.3742774294183147,0.9705716380536719,1.0719752825144424,-0.5262411111640409,0.2833605092160247,1.0,9.298009809808159,4.399197144507586
42,-0.03096027909191432,-0.6345316559706268,0.3290405674275482,0.7130695295352071,-0.573894011717948,1.0,1.5716740536527516,1.867360157748553
42,0.06523981924124177,0.0314359099022016,-1.1332313607915205,0.020640562796602382,-1.1892517767800923,0.0,0.04550076325394903,0.32320255366855205
42,-1.1348433373785614,-0.7183277649340324,0.3565357514515342,1.6556294748182825,-1.921885385341998,0.0,0.9075536564610301,1.8708554182836161
42,0.47456723907402437,-0.6013701088392615,-1.002956642704036,-0.46011511389541376,-0.35515045718503213,0.0,0.3428055280224838,0.2799089248683376
42,-1.0144683470873717,-1.4139932198231309,-0.8193537863823742,-0.1394113729235483,1.973033485543923,0.0,0.5474685043914949,2.410048285371773
42,-1.1043488343854575,0.4203474846874681,0.3993867897478169,-0.7326257834211725,-0.5829181677301625,0.0,0.9604005696045048,0.6570101058337836
42,-0.10632408300881718,-0.258322607024391,1.3458568126378656,0.31833740856931175,-0.36546839715887125,0.0,-0.1597666434799508,1.717552881800237
42,-0.9109772696792184,-1.0342475272266163,0.08453203182931064,0.8679646561814351,-1.2611258536013372,0.0,-0.208462559751601,1.8116783020895482
42,-0.6118755663578626,-0.7260287597312627,1.9982927081321689,2.4061357659714764,-2.2090122969319976,1.0,6.420515501775137,1.45840138939658
42,-0.1297594957409249,1.3193401355472334,1.5301199746735796,-1.2630431921783354,-1.0507502340028934,0.0,4.306557109018399,1.0724218195502224
42,-1.0101017172476516,-0.600051634483974,0.5660328077209581,3.100088201771922,0.4679406950373532,0.0,8.8891309235201,3.7121025313039677
42,-0.7792651630618045,0.26359689884961696,-1.1221185920624135,0.9157470369525542,-0.46047271215389296,1.0,-0.14349277861422025,0.6371063781832497
42,-0.39843790726809286,-0.5642487920679671,0.45670994727387865,1.324534691737948,1.075076417098235,1.0,5.838168998712361,3.0691435442151787
42,-1.0460060579396238,0.537330000750264,-0.34765219820542104,-0.8061595657574715,0.3769414735003563,0.0,-0.5694985709312619,0.7353515694806637
42,-0.10110813155870382,0.1658935345698581,-0.7083557119305993,-1.3044336007686097,-0.7082742619633254,1.0,1.399521103248815,0.4145203816718229
42,0.8603865564336531,0.8295172568752155,1.2932156390719427,-0.3274644578902854,-0.6000546468402327,1.0,6.962643515284005,3.0155354188174006
42,-0.7385350311560444,-0.3172444687609498,1.4158254976668885,-0.6014136986082268,-2.225467528691003,0.0,-1.1933480369626233,0.1552298169133557
42,0.12016713157843822,-0.27822358217681853,0.2711304133101268,-0.6957260244987208,-0.2991658476963092,0.0,0.5194889951221908,1.4891264793448695
42,0.9557305942902556,0.6995878081473382,-1.1146677843355968,-0.7692099468075302,0.2665572831576228,0.0,0.9133014622924214,2.1280922083140754
42,-1.7278638054912154,-1.403709203136122,1.7331151074869384,-1.0844262199939723,0.10157394084763394,1.0,-1.2327803089033853,2.0731562955706377
43,0.5342058772736177,-2.619912551612331,-1.5408279504706233,0.39139746883951093,-0.6954774647783124,0.0,3.3631622690873177,-2.3349161026469343
43,1.5560733565762195,0.009112023418848529,-0.04533245341608904,-2.750618327869156,-0.7718950434292369,0.0,6.669265189621613,1.0118214147931883
43,-1.364039844266844,-1.0610124248860866,-0.24248630594447157,1.3751188597668738,-0.26214650892589886,0.0,-0.48922873315571513,2.6407240824196077
43,0.225333410961222,1.2053057097056352,-1.0445667471955882,0.377906930148,1.3722303307544716,0.0,-1.2891948234836716,2.8419770741935872
43,1.143565625338116,-0.465252712711086,0.34468365663447403,-1.8898764373853576,-0.07730944941255605,1.0,4.973767766869678,0.9370407236717259
43,-1.0834526176518338,-0.5663506716340477,0.17307419802221705,0.16588998063323535,-0.5501941648548855,0.0,0.1686833536757455,1.6681574904079108
43,-0.0892076636481487,1.0442599588133934,0.3516896357825875,-0.8628884129240584,0.48497449058434405,0.0,1.6556907203006,2.3100500129620714
43,0.38114000165802087,2.130961226388153,-0.0928792291076503,-0.06936811451859196,-0.4712435470507614,1.0,4.909893437556242,3.747189558276447
43,-0.4509365505401812,-0.31017463198519923,0.03201517188088992,1.2071650276868664,-0.36814723638083324,1.0,4.5249259619083055,2.1943175271000546
43,-0.18696100955646214,-1.2542100897830224,-0.06738535830039519,-0.47113136564631375,-0.087030216970685,0.0,-0.15488114199685843,1.1988598301808913
43,-0.018076164165835323,-0.6105018107251015,-0.015438377734656613,-0.7055649233937539,-0.7322211026655552,1.0,-1.1579433746053471,0.9700151722251822
43,-0.10805336821622431,-0.9068409318345918,0.08982918691457105,-3.116557001308544,0.49052685682049435,1.0,8.788270666285351,0.31840765922363023
43,0.8244592906870273,0.6680422928485731,-0.33075766787251654,-1.6981790786723732,-0.35598776043512126,1.0,4.689836191362501,2.050358768205807
43,-1.1552817010171688,0.009980166327836841,0.9485350517022553,0.6254436569259356,0.16876104608851525,0.0,-0.23444433559202785,1.8700632830115747
43,-0.23989757165988487,0.9323332569580852,0.7571167931373288,-1.0032412483495825,0.8344968284701489,1.0,3.2734497078082274,2.1435588432473995
43,-0.2712174316711077,-2.15961984882919,-1.3286844521031214,-0.26848355809900176,-0.6859843935737524,0.0,0.43396162023386464,-0.531514854442549
43,-0.9610399533121113,-0.9338576737761562,0.5824359948846605,0.7756549673923507,0.08995970431502737,0.0,0.1724445006258607,2.509176240873502
43,2.02994301523412,0.384966214731766,-1.5939156187421626,1.44809852686401,-0.9712134370851745,0.0,2.85591431565825,2.4072815967448276
43,0.5424265388221758,-0.8254283250784381,1.2113632207121776,0.46859930936803473,-0.6122712832248678,1.0,1.9861775590422286,1.2963541233634626
43,0.1693491464707385,1.2690469730133431,0.24343771455529345,0.6879437212768879,1.7538467076218511,1.0,6.395514204442985,4.2472392362901505
43,-0.21453830014513528,0.542422393370858,1.2322955287006667,0.9818528800544792,-0.5911615329870888,1.0,4.984976130653876,2.191138444567701
43,-0.6863322672245393,0.4451752567934009,0.4441287392963316,0.003467419525625555,-0.4886357114166717,1.0,-0.17611370560237127,1.45634893898047
43,0.6146175861541395,-1.1710279191032202,1.2711073823932473,0.38359552579382156,1.334873971365848,1.0,3.0766968320907373,1.792071949949857
43,0.8164654564264314,-2.0431772498092053,-0.9490629574736189,-0.23745833858255133,0.09394317826580244,1.0,-0.2978979943349187,-1.2453835625132184
43,0.17643975874595064,1.9964299138321369,-0.45036685150789096,-1.412193540244054,1.5898710266008609,1.0,5.1916996019381845,3.202627240066332
43,-1.3086698149878147,1.6020326877488227,-0.5273169494922573,-0.8386383225397164,-0.25169526424537353,1.0,-2.877942898833102,-0.8945153180323181
43,-3.493186263227062,-0.43637115251739117,0.44090293961885824,0.2541240373059043,-1.269181584436057,0.0,-2.1819807049347744,1.1768364008464482
43,0.6941640984963144,0.14512669242094844,0.5950740939106097,0.23838189649483757,-1.3402918840510558,1.0,5.689147048433046,2.095076154528814
43,-0.6855076151815205,0.5967302445577054,-0.8723370417297162,-1.8262530698620445,0.7969922650469805,1.0,0.7692170517623604,0.23878778386281202
43,-0.7300938344099908,-1.4766090684937412,-1.5984387595899214,-0.9980921028749936,1.8527671111558517,1.0,3.3317365066612297,0.57519093698791
43,-1.15950738506345,0.32531883676623247,0.4469040106144415,1.5040183828632008,1.7739124667053052,0.0,3.7997399785248813,2.9699029956332836
43,0.42784479697809225,-0.06998242127773892,1.8112714971635333,1.3715963715582906,0.34776772194448224,1.0,5.6266578218250185,2.6761432177614393
43,-0.4877598555316489,-0.4091913324343916,-0.32436379515626557,-0.9442439048762431,-0.558538395684816,1.0,-0.9079790285781079,0.785392143764702
43,-0.039430953966888393,0.9808063324646781,-1.1713147015809415,0.6322741410317128,-1.3704421090887449,1.0,0.9348523517364433,0.8662130602976224
43,1.090885396962045,0.857653490232097,1.0413409477039461,-0.3832692401184846,1.8458965156373983,1.0,7.469814180076484,4.666918586839614
43,-0.618548577451438,0.4995358267825284,-0.40113266959395844,-0.1498098531268181,0.20416752258575788,1.0,-0.7828905284548755,1.37873827050409
43,-0.9022485349179659,-1.6868176107070747,-0.16105184072217318,0.8263625395892416,-0.49828445449681275,0.0,-0.630672791742405,2.297967927217182
43,-0.11408386111380052,-0.4439598003349003,-0.1373613863611063,-0.05183470966102236,-0.8911033928839237,0.0,-1.131255513655021,1.2220578220955685
43,-0.6150316269310723,-0.2787799782310474,-1.4049356611825337,-1.480702805151508,-0.21039016684455314,0.0,0.3610788391103931,-0.6583603691941557
43,-1.4125103181179774,2.0087383648545676,-0.9356774564329912,0.7342092506712825,-1.952699052160884,1.0,-5.175794373531312,-2.0230600630208526
43,-1.7023047913337923,0.44932521210865684,-0.6542857183213131,-1.2997110526415183,-1.635994887802711,0.0,-2.7131986051643944,-1.3928912433892549
43,-0.052528104143639495,0.3854945524362192,-0.12379955732737001,-1.0421706930839223,0.3858197012356054,1.0,4.504004571554611,1.7485052687154141
43,-0.5363747448614473,0.24593823588319327,1.2224031138454445,-0.41299895428056543,0.9925379329830448,1.0,1.402065524043689,1.965225726814977
43,-2.7981547712895045,-1.2282589122639664,-0.21882959776724828,-0.47695090010129926,-0.38374334600358795,1.0,1.0250418349511112,2.8600419693155894
43,-0.4518709103730145,0.004106063111122498,1.5433211256374624,-0.6711809844503626,1.0210292398795513,1.0,3.6484707823201394,1.7483186009369887
43,-0.16393645748080105,1.793600060546593,0.6898174406388518,0.3720921499853685,0.6305555277008125,0.0,3.330670437191796,3.1383901285978357
43,1.787432051477549,-0.4740395803824794,0.9156072709678503,0.9452978348459408,-0.07065438202708664,1.0,4.896687387654668,2.3138172205704146
43,0.44512663227970484,-0.5092088564917001,-1.5541262331982582,0.5648533684729314,-0.8258075178519242,1.0,0.47944133960937607,-0.14957440528540566
43,0.27976002152322016,0.7585480255753903,-1.1945648049690256,-1.150255834758134,-0.37412059478018084,0.0,-0.13713183411318033,0.7393130097460605
43,0.42655395939066193,-1.0741193214786007,-1.1408231971400475,-0.8174335167121872,-1.3635053604607639,0.0,1.017991493947832,-1.0259871895798809
44,-0.3082339822402195,0.6867854876086691,2.031625426730399,-0.2830498539881947,0.2527967600899483,1.0,6.210674035053877,1.533580421948023
44,-1.5243397107278664,0.458853381238208,-0.7492653272544096,-0.06854551802701997,0.09196550951996076,1.0,-1.6183452459766903,0.1370751897370368
44,1.704705214623012,-0.5715778530298624,0.664885766714705,-0.601997700003128,0.8382017203413158,1.0,3.1416171624899603,1.829724096385883
44,1.685733890541497,-0.5559362747904313,-0.889414005141394,2.384043276689441,-0.5836863453517029,0.0,9.790703825129526,1.7130769301076518
44,1.265611002115071,-1.1113061079077213,2.276213119644457,2.3336002080593,-0.7973321700977107,1.0,6.428407539719377,0.9285605815326856
44,0.33752263026912876,1.421611151982344,0.20804545488396198,2.064017887235846,1.6414163973261806,1.0,11.477904049688355,5.294569186670548
44,0.7459277815068811,0.025263330779028037,0.61775724425014,-0.8693393402189201,0.6719438375456639,1.0,4.291612666175845,2.4298005758456545
44,0.8074526013044909,-1.4284179334445346,0.8916533569603873,1.1960645029168442,0.4567555604481893,1.0,3.395030980096352,1.436500657882684
44,-0.9175716550001749,0.015391327343588996,-0.21306310051937336,-1.1520672489922554,0.1592686335641548,1.0,-1.0072166765249682,0.9092441263644347
44,-0.4111469947660013,-1.0675976244580483,1.1524994053392097,0.39712638498461345,0.7647066446534679,1.0,2.027831767154331,2.262938263070212
44,-1.8945369885616157,-0.09096400595947689,0.4958303973673452,-2.300531121547952,-1.1553790272502982,1.0,3.3369775117004696,-0.42088175760461377
44,-1.2524339536607036,-0.6623984776615293,-0.273769080252264,-0.9096355610795708,-1.156775141959529,1.0,-0.9734650179988301,0.6648629578849912
44,0.5106571848805623,-0.5082592717160257,-0.41763379327039946,0.4113724518992645,0.03426117370372365,1.0,2.153370335562501,1.669703852643369
44,-0.49688993411624666,-0.18690384809881597,0.5226808570253285,1.0056748532082707,0.3809058780410639,0.0,0.09033582424868503,2.5720885419587285
44,1.2452999809000316,1.29750671651468,0.6200226481443014,-1.0633300245639705,-1.5295931875192117,1.0,8.789820416423346,3.7146034531169496
44,-0.19598098759260252,-0.22968812559608448,-0.5430464510930025,-1.8017246649374,-0.17169738174684598,0.0,1.1181029382490855,0.43008411370665445
44,1.0292545598230927,-0.43641531891946217,-0.31847449850328535,-0.5514394413649694,-0.9908305668628689,0.0,0.9535047729702919,0.8665790952584289
44,0.9424610256678552,-0.4504243096957383,-1.056430542621298,0.4753979986557353,0.4415359568801458,0.0,3.0540812169267877,1.2437455041407235
44,0.06038650945749219,-0.8528886853777333,0.3165738879086325,0.09405442031519343,-0.026914253076573275,0.0,-2.148178901975749,1.6944105540455454
44,-0.36681948052286745,1.4326394193234122,-1.3190217277084322,-1.144086356530696,-0.3175529030790935,1.0,-1.958296055503537,-0.13381757194356214
44,0.8842210986343819,1.4000788220910274,0.7553010225339964,0.01856925799134632,-2.5348578012387275,0.0,2.7471238620281975,3.227700657108312
44,-0.14207743348978483,-0.6105077716696119,1.7574820749580151,-0.061284303611226776,-0.5890533398278505,0.0,0.06713432831463972,1.0784157361466216
44,-1.2092484749656045,0.8822495456912903,-0.9886224088941211,0.7255497784909544,-0.7715024311959096,1.0,-3.105027319949412,-0.19780487157326876
44,-1.29355617800791,-0.19128925989565645,0.984831725654784,0.6748431382115538,-0.018287940986768447,0.0,-1.0068864433474998,1.878717471348259
44,0.16496263288435614,-0.964111764157511,0.3850327603035427,1.5636646846751607,1.1576582995419877,1.0,5.241358117473168,2.921347020358095
44,1.0347199905047508,0.45217150684744245,0.6109226589122673,-0.014217339203912877,-0.6542020350269818,0.0,0.36168418399220115,3.001687396058415
44,0.2630452633419281,0.3282153581329221,-0.22019204759738825,1.14319856295166,-1.2228957166186039,0.0,2.462865200570153,2.207876726277609
44,-2.342855995252727,-0.06572621941886032,1.3117548931717735,-0.6617835433828726,0.8514362585069852,1.0,1.129731195652995,0.9565538490077905
44,-0.07365521703719674,-0.32404793441241236,-0.14331772621439273,0.013057927875689044,1.6783147598806876,1.0,2.2731367984213615,2.588791307397417
44,0.18841936762117403,1.9661619930322605,0.10246358647544733,0.25497971058942587,-0.9332557374245852,0.0,1.4004018737216966,3.1546026573194226
44,0.033092386689078594,-1.8035513857570495,-0.08313884581792824,-0.790611280525532,-0.9911777970228237,0.0,-1.2521306018249772,0.11916867530619024
44,1.1192983792417588,1.8138817147312074,0.3396161748743447,-1.1300482425348783,-0.1653334946713344,1.0,7.903005381034774,4.961864726061578
44,1.3073932488141542,1.1884875808663615,-1.1816077837947025,-0.22145146338151014,-0.013942165793176482,1.0,2.75425850205646,3.472698113984539
44,-2.5307877739701317,0.8278235787108714,-0.785327003304674,-0.5850347163885057,-0.5708166681191476,0.0,-2.1681602093016417,-2.2099599863611212
44,0.56576509669301,-1.699595826898377,-0.7467202069195297,-0.3856846768552864,0.9052647576970787,1.0,3.157191299060343,0.0918631380677869
44,1.1855092798955127,-0.11982612654496305,0.057490509331127565,0.5989210813229194,-0.8744175046388984,1.0,6.125326033172241,2.280131510477882
44,1.1837223825842993,0.2722897877949452,-1.005013986725956,2.736009191565314,0.548191933092268,1.0,13.32774073458345,3.7259915781128843
44,-1.21377368870952,-0.8676206105866393,-2.2821967818127655,0.3888791817885022,0.45037620584973836,0.0,0.3992062709146089,-0.3619679609798635
44,-0.4286422422571294,1.2151934495066463,-2.4629401267471707,1.461087107598008,-0.6326031496016428,1.0,-2.3129016630587085,-0.7232550200262584
44,-0.6084804207931753,0.7759897024045667,0.39982406846111335,-1.4587644684867627,0.7407607575649892,1.0,1.4478971778081742,1.3736197696415318
44,-1.1535752401901427,1.0293635404594508,-0.49967327435217423,0.23676067944838275,-0.5384610640194458,1.0,-2.6202420048181136,0.22749818291100443
44,0.7641958370934674,2.181223908341642,0.5995915435743668,-1.7200920555229213,0.33530459549075403,1.0,10.322997969834004,4.572560322913675
44,-0.1475821276357737,0.44725739953881144,1.1717695332826126,-0.003100069876999266,-0.7293993703603945,1.0,1.6913233330087796,1.691987259349499
44,-0.5742714162186424,1.0634599909008038,1.5736535386396786,-0.8493355071104531,-0.008944455348019197,0.0,3.3644845957135527,0.9887091924079819
44,1.2043511106359632,-1.5535334105145986,0.4906047141723834,1.0486292814096436,0.3874551884268155,1.0,2.718286196627948,0.7998018568593745
44,0.23582027981251405,0.4250577109228461,0.17015356989886754,-1.9075527149960638,-2.003088495463278,1.0,4.1015971457651,0.545991177385287
44,0.1698178975719666,-2.1807165312490286,0.34479218888985197,0.2711793438835313,-0.6750073973352185,1.0,2.0032962877838205,0.535853767655977
44,-0.6843004542871073,-0.678502501866598,-1.1529302762502731,0.08314295691757431,0.11772825812785413,0.0,-1.2706585127349292,0.7126796020572264
44,-1.9498361775391804,-0.4394207629752467,0.038346064364462217,-0.08411083263323987,1.0724454159410381,1.0,0.21026090809383058,2.174775234148422
44,-0.3440308965890793,0.3279191220144479,0.24277789599105687,-0.2155449894421174,-0.2925345826241014,1.0,0.6802731698219827,1.7171528798855773
45,0.23271837683735636,-1.372205781698841,-0.682353578490177,-1.4317821639547692,1.129378299455615,0.0,3.020728681672421,0.3946307266363008
45,0.23241720213416125,-0.11741102948775044,-0.6420557654807862,-0.17919504328550653,0.7752944791817911,0.0,0.9119020984237518,1.8081029486365132
45,1.1469656948548952,-0.6039647066910546,-1.457576848006304,-0.14851708879992312,0.2813158918962572,0.0,0.44025909650356665,0.02936241910452997
45,1.913107444636987,-0.9701006086801249,1.9724772741072871,-0.2958011430193161,0.5556941218879686,1.0,1.7053758035439004,0.3408158015385978
45,-1.0080147579229906,0.5677903358530628,-1.0332604788989017,-0.0774623037903553,1.298729053892074,0.0,-2.168673743436298,0.8135707948329143
45,-0.5966796996129268,-0.6779595490382265,0.0785429008331514,-0.44731287233146455,-0.2530193925222728,1.0,-0.6959702084270176,1.453227485455797
45,0.334122001612289,0.2359075741009244,-1.7909198482819597,-0.14221934935601088,0.18234300573438691,1.0,-1.4860219225130684,0.27008843703901547
45,0.05070901851665806,0.9330213627777577,-1.1701875796258123,0.9143196592758498,0.7022474093998737,0.0,0.9832148426800381,2.1523464961263903
45,0.686179293937712,-1.1787477073546209,-0.9652025599411027,-0.28578647194465223,-0.39072071070002257,1.0,0.6695169876534128,-0.30672099711279377
45,1.6245065693335219,-0.12352011950270204,-1.0343275506841128,-1.0650627086234843,-0.5082724087281476,0.0,2.145815622259808,0.7571066763656904
45,1.2521484725229173,-1.5391324807119195,2.0109587887413194,-0.19445590271886348,0.20224743927797006,0.0,-0.9128429528084588,-0.4874256733386173
45,1.3316938499080315,1.624238445979255,0.27011875494584003,1.1058996692189083,-0.5459315463102115,1.0,8.927553565041196,6.019737150058408
45,-0.5463512586581996,-0.5434111696847537,0.2526741349173739,0.458140354617433,-2.1027192210881003,1.0,-0.45513255807626396,1.0243071631679628
45,-1.1287651413228166,0.3636928522284477,2.759014556049953,1.7064688730421378,-0.2011122285056554,1.0,7.940733804784954,1.411420360739533
45,0.6967995604875185,2.744001194425356,-0.009285437588104167,1.37709034307324,0.8231155124223127,0.0,5.87748157044687,6.7278363032971145
45,-0.6220545698502473,0.7604252464776982,0.6649896032361163,0.3802983390177712,-0.4850124902576631,0.0,1.1684403803074856,1.6632202652148886
45,-1.2859351669980623,-1.8582890904204437,-1.0501369128351699,1.0458773033671793,0.237262036129193,1.0,3.023829178936719,2.431480658297313
45,1.3153100723236515,0.3330373985711343,-0.6446578361501237,-1.047078756285617,0.37899973733111697,0.0,2.09232140052604,2.405158181229617
45,-0.8963833156757421,-0.49754538067226944,-0.6190596752584744,-0.3022454902348456,-0.08023826863369854,0.0,-3.456017555362738,1.0626797712878495
45,1.1119735234082901,-0.47787970050158013,0.7508421302894965,0.10194596935096767,2.273732795133196,1.0,3.5392812902068242,3.0800323653527104
45,-0.12530008554318942,-0.7128298091528348,-1.821024620129838,-1.218013605774286,0.8805733948675456,1.0,1.2614604407926455,-0.656604875855255
45,-0.7442640172740904,-0.32252815509524563,0.8849723097327888,-1.2220066501371016,2.0158265306661236,0.0,0.6690551197150714,2.179357040499843
45,-0.4418195131318348,-0.45139774204953637,-1.1947689000056212,0.555981336441665,0.5121434155795112,0.0,0.7465198512809028,1.0567339930947675
45,1.3309855839162716,-1.6589660312816583,-2.7386629604496915,1.2821182098967445,-1.0545819043561406,0.0,5.724861394972256,-3.5475295895913965
45,0.042094621390101436,0.6422322495762286,0.25649918541807865,0.032831233092682086,-0.5221187779452526,1.0,4.318812760906882,2.2200878249092106
45,0.4512132124873132,0.6204897069397826,-0.05396391035433495,-0.4420674218525525,-0.6914568900572475,1.0,3.5710834627120978,2.2206248040682404
45,0.1939108221276639,0.3028590994478733,1.3103829206220072,1.9038099550167162,0.38945331380564374,1.0,10.087288382870087,3.3664157539677557
45,1.244784335448022,-1.9179419554689998,-0.20261335321974863,0.15456786814744053,0.8752608342928251,0.0,2.4536058613518668,-0.33085119930648577
45,-1.2993988620643386,-0.61550578341289,-1.003552997469501,1.2594196394383042,0.46085063479133564,1.0,3.7211635639849243,1.7380029877528458
45,-1.815945469160414,-1.7333329394693864,1.4055688075760437,0.023931274480271096,-0.3509066554733853,0.0,-4.8599696711606075,3.0767723628234536
45,1.1644343723729835,-0.07061688958095494,-0.5018369630902855,-0.08577257526837555,-0.41808635502903635,1.0,1.8846669703578471,1.8385324558992182
45,1.0850970128888207,-0.17631808297728996,1.3019862374752307,0.22602095573395992,-1.521428791728328,1.0,3.9081252347139066,1.5319408873849083
45,0.8333943469670009,0.8383307162890286,0.5814065718494477,0.553807605672442,-1.1429210004479051,0.0,1.097257964019629,3.366360187688855
45,-0.17552148172144663,-1.586658473439368,-0.8915956638202167,0.6953646351971903,0.6349912649390079,1.0,2.3582389477846433,1.2449540673618338
45,-0.7415336495387682,-1.420826413836944,1.4011328865327148,-1.2380885203786263,-0.2069882150520959,0.0,-1.1732533183391303,1.119289271217389
45,-1.367689534727985,1.627121689471513,-0.11152759215985941,-0.5223973673032609,0.0853714976665288,1.0,-2.829202935125399,-0.3761707181122431
45,1.0759967838043316,-0.3203542208775247,-0.7525558885583216,-0.5749127607193061,0.6810768398161863,0.0,1.7696306294340116,1.4398695535515929
45,0.17438802212130838,-0.08292703572856094,0.5386643481454613,-0.8018893668410156,-0.7110410658701654,0.0,-1.759193443321145,1.4025305919614148
45,0.5678119928316127,-0.5020396050149601,-0.7632205569092204,-0.9179514626929468,-0.658544308270201,0.0,0.48136386424301936,0.3005774662330299
45,0.5863200211791799,0.7814348916608643,0.5012787489571665,0.34621882763450623,0.25637408610942575,1.0,6.726767719351532,3.5709529896383234
45,-0.012017276526817722,-0.10520724349212751,-0.36423458837701383,0.6072240147977406,0.7819644176612927,1.0,2.4194317542639414,2.3895256672155085
45,-0.42982515611782435,2.1991030097336246,1.6519583676624505,0.8192265899002205,1.3919000773013002,0.0,5.561389457539434,2.789878685689855
45,0.07775810243374728,-0.041053544944650903,-0.8505911542679252,0.04702191613895876,-0.20706946870584617,0.0,-0.7449872366151815,1.1693795875470463
45,-1.0391378519686787,-0.6766123375055327,0.24259075131554927,-0.6084978097842987,1.9388511894510523,1.0,1.6817509253350362,2.6024093491091422
45,0.21358989147977914,0.9724520568132822,-0.8243623167744957,-1.374888391337678,1.5549036731882697,1.0,4.09081849544405,2.1575786223956177
45,0.5417095023454976,-0.8112200275047668,0.6653940110389286,2.191199431474032,-0.6469667817756956,1.0,7.688406734266153,2.317286066339114
45,-0.6383563160947052,-0.8834043817307129,0.6437086745017869,0.7382989839951115,1.1210332880326803,1.0,2.6579039262142024,2.8544423344380023
45,0.18086204865695707,-1.8699714471671613,0.34357439083798336,0.8633531932711312,-0.5512974632850752,0.0,-1.6650365741042923,1.0866101267145094
45,-1.1337319349210262,-0.0624366201699709,0.2690838791574387,-1.086581313601921,-1.7270595161267202,1.0,-2.8478051904845385,0.1644384874888205
45,1.38086666676039,-1.2755858357702536,-0.5041255476601875,0.4343454661168912,1.3668977083015683,1.0,4.340466842023653,0.8153824739794093
46,0.09588733584943807,1.1966857407075404,-0.6821050068890946,-0.4000332240940834,-0.5941210121415681,1.0,1.2675642973689039,1.6991513075899105
46,0.2933854474354972,-0.3650333228875929,-0.2847326182011514,0.9472423833236717,1.1189196744452614,0.0,1.9089878638137217,2.707532112030635
46,-0.6713450433374804,1.820365400085136,1.49595808706987,-0.8833975379710037,-1.197245876385623,1.0,3.462277034065795,0.13484262707595174
46,-2.741617787755843,0.336508739235772,0.27745805487573993,-0.08357208446102518,1.2658502466797883,0.0,0.07241599337149318,0.5664900525898353
46,1.023542800670654,-0.2810695366638295,0.6677801934324515,-0.2251664455887837,0.3057517034147903,0.0,1.877990989069757,2.242930859257712
46,1.726949225587793,-0.5502631638616785,-1.1682346946461841,-2.7772293248062434,1.6800179228795902,1.0,7.814501361335732,-0.1028800806153154
46,-1.8970071180178516,-0.6793372490168612,-0.3267433583559168,-0.9062772269375267,0.9300942492602746,1.0,1.2753670810756403,1.7961648623462827
46,1.0565893477200208,0.14681678237507137,1.4965683461865698,2.215070928776419,0.5099831912538235,0.0,8.475906891509675,3.9417991823948806
46,-0.4452365885775432,-0.16847103307862787,0.7392941735142766,-0.4782657473419366,0.6263483615944755,1.0,0.24839635157166606,1.9507883561052881
46,-0.47265390149787145,-0.8157631038565136,0.9561572044059041,-0.474679516657212,-0.632874071610654,1.0,1.076090652755848,1.2423306485997454
46,-0.6293679055779231,0.8224693559792771,-0.16154480954370262,-0.2184329648989256,-0.5883196117641752,0.0,-1.0718949234619661,1.0817462053326379
46,1.9776327145609442,-0.7151098662325447,1.3504795683744122,-1.3820014817802695,-0.6787917683783958,1.0,1.721900839034672,0.08041865316746466
46,1.4063247023969883,1.7404765030127392,-0.025682575937766836,-0.034192611544818265,-1.5610783206675176,0.0,1.519891414013148,5.210269169532071
46,-0.8318607315128511,-1.0328963337592374,0.9647976585542708,0.46804755305613066,-0.1280801939556274,1.0,0.3217447535795229,2.1488130751902963
46,0.7045210106919048,-0.21800867309940475,1.2700361388994938,-0.45750617255489784,-2.0591067329083685,1.0,-0.47549281760935425,0.7626224512407955
46,0.9999082746833233,-0.7427500904879243,1.321722760934922,0.10989043346455679,-1.3742175894066864,0.0,0.42738999027115737,0.6611011527592379
46,1.1146326445830808,0.3549203820572869,-1.7792073538601776,-0.26933960899467474,0.13022154448687825,0.0,0.8645655037723496,0.964314075521273
46,-0.2598267086266594,0.3755870495076712,-0.7319252535515705,-0.21808344956692602,0.025008965473518663,1.0,0.35761146010220546,1.2416818837146777
46,0.9989854207116043,0.29594208364285124,2.0586515426739433,-0.03352923335845349,-0.19880033235465375,0.0,2.5438042521069226,2.387534173936778
46,-0.42640390374898185,-0.9655250810223557,2.4794229200955114,-0.13642002618422078,-1.2404677566464983,1.0,-3.3848711410228898,0.47834666713033874
46,0.6605461594113888,-1.2967493954209035,1.4600483849044523,1.635893561338377,1.6129099347913813,1.0,6.83800369202536,2.2902831811128888
46,-1.941792184323336,0.9051067994212246,0.5284848015574668,-0.7192988764725613,-0.665471872911802,0.0,-1.055742156175353,-0.8404429123330392
46,2.703962376447979,-0.5707650535687522,-0.4529717842044448,1.0324613835319398,-0.41487308296007164,0.0,1.5702981083334169,1.504730193386688
46,0.2958988813818536,0.7951599587003205,-0.5350011476143133,-0.14648396071289085,1.9425534384558636,0.0,2.1246935182353974,3.2716185715777972
46,-0.14427007427469163,-1.0021588665934056,-1.5277515749371777,1.4219402290162608,0.012384141292937774,1.0,2.998175992917114,0.5676849218767236
46,0.6802823085454114,-1.3067625018127147,-0.21528697303752653,0.31507817719887843,-2.1277094545095276,0.0,-0.8029172327201086,-0.23925150424204
46,-1.1188669976931434,-1.7236222705026871,0.37931041263460974,0.15276164163140674,-0.8861561705859695,1.0,-1.882649863022325,2.259137579517719
46,0.9419594115680368,2.11346065752114,1.6992988193035843,-0.24714536215661675,-2.24264451157111,1.0,11.378080584084717,3.995109538206706
46,0.16745572063940684,-0.14534984359525863,0.060244677828492445,-0.8567019528750839,1.717342386183392,0.0,-0.4198533481042779,2.4453416694791072
46,-0.8475057251848593,-0.6512908999899358,0.4201658215451472,1.1685527810015535,1.094114362159079,1.0,3.547915162207633,3.0570122485584994
46,-0.26941578868607996,0.007279574689934787,-0.17526745308372355,0.4617173678218969,1.6962604932103018,1.0,1.5432953203546824,2.843005802547653
46,-0.47901364205783004,-0.37524920404950274,0.5629172356768275,0.4071288287538018,0.7114422041494145,0.0,1.301355023485018,2.439064111851347
46,0.26229554451706194,0.372787873060399,0.89338038866208,3.0392450288469997,-0.5944590455501355,0.0,10.548445565594575,3.711187123822584
46,-2.289314932083416,0.2282693765228782,0.986815029968328,0.6251590019954136,-0.26852256502181454,1.0,0.9423162201629358,0.6699722542848705
46,1.5772382289755311,0.1212829692316699,-1.0807972750431902,0.6544577777876663,-0.23793959255559843,0.0,2.0009040919117895,2.179038241294211
46,-1.587752834922108,-0.370595850623528,-0.15271606303005025,2.3578484955351224,0.4003865126508489,0.0,4.117232913848163,2.900361290212124
46,-0.507293659010026,1.181586198702294,-0.33257280834634434,0.41447301220987215,-1.0803988274286105,0.0,-1.6167700769121298,1.18369128464072
46,1.3564746170256796,1.593169781524053,0.43696970523203565,-0.9761855471977644,-1.2519155496636865,0.0,3.4958882999189864,4.646389102064716
46,-1.09693317184022,0.10541700787728346,1.8050928816054022,0.38982250652372985,0.6806053803862884,0.0,1.5757779878048628,1.5942080720352383
46,0.43105317625499534,0.5893338594490969,-0.16017286768273076,-1.7869533432368105,-0.1622750922215516,0.0,2.6106082079964543,1.6967268259274448
46,1.0088232142630138,-1.0181972656528866,-3.452673679534965,-1.9262593813577673,-0.8698036301074082,0.0,6.270411503449255,-4.1082396466773226
46,0.4542633043477151,-0.7438394640217117,1.0628006422480634,1.4516852254629895,0.7442434766534469,0.0,2.712632771986743,2.633104631693167
46,-2.335238259096826,1.285936394215559,0.19737684462764546,0.1843705251991688,0.23727833596085054,0.0,-1.27731168234769,-1.2375216002077494
46,0.2518693532271898,0.0007211734300643279,0.5496097728120536,1.1582921851634111,-1.4496888772492258,1.0,4.0388684693098575,2.108311869088944
46,-1.2188542932975603,1.1429578636879079,0.6217900548798848,-0.3991674772873902,2.147200973965146,0.0,0.6406470035225209,1.5667015301996798
46,-0.039170930082177195,0.1524848707459305,-0.7809010205438325,0.720962031020507,-1.0133539873824162,1.0,1.8242507506147252,1.2243170879883898
46,-0.7171922890529379,0.5533981003736047,-0.1469700785258657,0.7248578460675384,-1.3073685827165256,0.0,-1.5864305683955813,1.1456889720928347
46,1.0880704020993919,0.5031717209680554,-0.3358042907787831,-0.21779731686863507,-0.22811021288849254,0.0,1.1897098615516128,2.896396986212217
46,0.06882623411366166,-1.7290248374135098,-0.08113860521385678,-1.0835145775745585,0.12420097401190783,0.0,-0.7389938204824531,0.5273823946110492
46,0.6394110776888257,1.2845836613736252,0.48612765705387956,-0.9846008956939665,-0.40067873779347146,0.0,3.773917815576673,3.2179470682087636
47,0.9607384960763745,1.1081083865956838,1.3618611577531894,-1.1271073912347778,-0.03268408045851856,0.0,5.1624064751164855,3.4074790134575954
47,0.7494550967382314,1.107759040325383,-1.2095025206817402,0.39037531799768904,0.42806699408880533,0.0,0.6107152381287876,2.9167774300910105
47,-0.2400852474017171,-0.42185909571616065,1.186937656652594,-0.8627050381747987,-0.5317980074805223,1.0,-0.08534132510740045,1.041028388949257
47,-1.4314299488385414,-0.37015204934519136,-0.6823686415607272,0.5747906114700563,-0.3653284710711898,0.0,-2.910367752367899,1.1686836329673005
47,0.28945515308039577,0.34353380696462027,-0.16686724675357703,-0.28496110259208385,0.9884974529939148,1.0,5.778089108750288,2.6703765987948644
47,0.19000774539525841,2.0859968948431247,-0.4174228121315797,0.2565795113417082,0.9644039122377032,1.0,3.73775086795007,3.850274974855804
47,-0.3537862281305751,0.253301328626401,0.12624961653858857,-0.042066297715507156,-0.1151295892832976,0.0,0.9679859087837752,1.836710990364888
47,0.5106209805179691,-0.6172975361485761,1.3908083028010856,0.5000979855235707,-1.1292178193348739,0.0,1.7641292667677173,1.1913186743949074
47,0.016688547682695693,0.32853998957539504,-0.1130228015724872,-0.018122016778345008,0.30107403939041016,0.0,-0.5938923164179951,2.256681453823535
47,-1.2682803162951197,0.019365460628318745,-0.4939468710278427,-0.8313725770487128,-0.3186031494708215,1.0,-1.5429010555679057,0.4094889322223211
47,-0.4739467837338826,0.012152062168070132,-0.5798149392829561,0.006926118749996127,-0.49205681187104494,1.0,2.4057701762312194,1.067434445528744
47,0.4943920137156891,-0.13491261156245885,1.1227515664661676,-1.1065088297024903,2.3018649969593166,1.0,5.074131119467687,2.705297964140586
47,0.17333032140065682,1.750007749918222,1.5906753487285845,0.31803043512686696,-0.566968506820567,1.0,7.266718890560694,2.9159893672480717
47,0.4328933473989635,-1.1491013181780725,-0.7465260499094692,-1.3899022932776197,-0.46951835394251523,0.0,0.7649245193142429,-0.424463222064675
47,-2.350992004295587,0.2727720453718086,-1.6017931832880465,-0.12880077597764678,-0.3480708817815453,0.0,-3.211527548060075,-1.7507191907252189
47,1.0330187712795524,0.162208197840066,1.8243737545208125,-0.11830662652081224,-0.35272265380928886,1.0,2.0899658280279434,2.190981251991772
47,-0.12778880177082186,-0.30744449379650524,-1.1543150033593146,-0.48628649114436273,0.1555130425774855,0.0,-0.8530196845080333,0.48367216050462214
47,0.4294756096782232,-0.2279397486937462,-0.38913940771293076,0.30215767852006503,-1.2466666283489958,1.0,1.1059099414044495,1.2612850937131448
47,0.11220230122344237,0.014606670794386729,-1.3817638822551779,0.24397275267737195,-1.6041441910473613,0.0,-1.8400296699587297,-0.11801560906368547
47,1.2355229687616198,-0.652305663316606,0.834198517414713,-0.10694031903772998,0.48456661228010295,0.0,4.205078760590449,1.7633540316373684
47,0.5032245104238346,0.43916234348808336,-0.27393372929494786,0.5794319962635688,0.6017576185500433,0.0,1.9979900424296866,3.1085328180244254
47,-1.757191578722113,-2.472721829288674,-0.9535294585762277,-0.21063774674378308,-0.6977827542036306,0.0,-1.5711359508739264,2.8779228472441836
47,1.4345854209420776,-0.6791095750494237,-0.49588446754685067,1.0176692184226186,1.8726925637781755,0.0,4.897647354339405,2.480284100304744
47,-1.141496855959391,-1.2807256146841175,-0.43556158111555277,-0.44631074644412877,1.3392986130189302,0.0,-1.4401069633466586,2.386179413103602
47,0.01063643702638942,0.5747332670802079,-0.8026621171692856,-0.8212346086378948,1.8497864529418362,0.0,0.7616990992000234,2.1065373867268784
47,-0.6411395702186864,0.7221045542143015,-1.063764644599384,-0.2414664463438942,-2.2008682064024,0.0,-2.6726590823610006,-0.6899524432320777
47,-0.4911520515212972,-0.7193002229300081,-0.12872390165764083,0.7544856546352727,-0.4898260983807862,1.0,1.6357871235084598,1.8077539824660107
47,-0.5218371658033529,0.21655621541034958,-1.3241862212693774,-1.5945619361461667,0.3299845251018221,1.0,0.5119570273973784,-0.31591133986535314
47,-0.5893940494071964,-0.1385111204227847,0.4151756577918086,-0.1433999930579193,0.24381230142166407,1.0,1.261558182179877,1.890524511240585
47,0.8200817907671684,0.9467536789217103,0.8689704819311143,0.6171193519937886,-0.40202163216077325,0.0,3.916870208389233,3.8474803839760594
47,0.6598343367638765,0.35347197240143274,1.5997230572594472,0.10982165615303051,-1.5509528488808684,0.0,2.3707788332824853,1.7902593347905231
47,-0.03961482836319933,-0.8141152245473946,0.391863733179048,-0.9804703273132519,-0.5361876794269258,1.0,-1.0399550353049154,0.9671877558204369
47,0.259389076307068,0.9672341584765357,0.5473736229212095,1.2124734364567227,0.38940009813230364,1.0,9.404843072049323,3.7927195250312957
47,-0.434759511021527,2.091395104246954,1.9492820254819765,-0.5577467533549785,-0.9600290384105662,0.0,5.536918960728788,0.765303234002537
47,-0.09608902022214978,-0.07798733082876548,0.4244823129882261,-2.5341270892013568,0.2983709824702815,1.0,5.737694543327841,0.9260707177909714
47,0.7865802947811211,0.32535367208346594,-0.9553252372218148,-1.1790035474745244,2.432424273137601,1.0,2.999824509042804,2.538274746653157
47,0.4265055415092968,0.9178301739958233,0.13365772349568453,0.46369712602525226,-1.1130532713304653,1.0,4.832957488988532,2.7968593981275207
47,-0.6581292516638151,-0.4231585258026362,0.6356640127518196,-1.2024536104327619,-0.897161012232849,1.0,0.24977380475895397,0.8105514518170573
47,-0.4838332479467626,-1.2647506767882606,0.37990152788111275,0.8244736980612761,0.22219875381759246,1.0,3.3465617501465084,2.379624611704304
47,0.21847408912324565,-1.069964848043984,1.2223836199138218,2.1409050299443155,0.11557492191111618,1.0,5.753382367536172,2.4213331271269922
47,-0.48050714581299947,0.913732493963716,-2.121470161573021,1.2290172611422763,-0.8027780490075921,1.0,-3.0610359131089773,-0.5933193642503352
47,-0.2543857175729061,-0.8614052963454076,0.15070618695848173,-1.6686955284682186,-1.167265207819955,0.0,1.4574173260035348,0.3072717229424182
47,0.3220162284762074,0.07483073799376833,-0.8227188847070728,0.7630154861768672,0.3722460813748392,0.0,0.6128831395495528,2.0590223235999052
47,0.13061135292530116,0.7143499351162652,1.297506470610198,-1.2637460346860407,0.43228002322576664,1.0,5.877217692939995,2.0187037402604524
47,0.8075777775198111,0.1549010841621027,0.5771318625159856,0.27783537337267245,-1.1414410193682105,0.0,2.236618610254845,2.3011282276822063
47,1.178806770339595,-0.08239157087487688,-0.35509364521750014,0.8780431239100502,-2.309250018800047,1.0,1.967573724205879,1.4955475226451236
47,0.2815189179805851,0.9332144839073071,-0.04455143684144432,-0.2637881815258563,0.6374175148331891,1.0,2.7270279341903754,3.033630929805116
47,0.00015994572419516923,0.21874346014267734,-1.7499496469794171,0.17318738822827884,-1.2901089832822425,0.0,-0.6877760400275902,-0.5021454397610204
47,0.9896443683022095,0.6101744043980101,-0.38772062223319753,1.8859568473291997,-1.0791528320538324,1.0,9.573128691924575,3.5390799952827683
47,-0.08418774753369755,-0.25817782245465465,0.8306073409541447,0.5300307612835728,0.18717897870912126,0.0,-0.37736523208870176,2.2988886245022955
48,0.28933284087368993,-0.49016634048871405,1.2108556923986449,0.14132090409825834,0.7660205631097367,0.0,1.9114081424207576,2.169079282775931
48,0.35837703800304965,-0.6800389861912954,0.22561633170878065,0.7735902674595713,-0.04853390965743388,1.0,2.361678596027822,2.045451427470773
48,1.1679619897292812,1.0614784394552732,-0.12866986391043322,0.5934894118863636,1.1549743021726713,0.0,1.5135739578289815,5.156117057416703
48,-0.26702709049897133,-1.5008200115601305,0.3744745036001482,-0.6450398498454568,-1.4332504046753418,1.0,-0.6172097799075477,0.5956281428803203
48,-0.416670443084099,0.44107615702226705,-0.32126542254870366,-1.643001317998946,0.5827467099439477,0.0,1.82115247875431,1.0864960424542416
48,0.21373061173641633,1.3119585572534636,0.9685078105398902,-0.9716005007263088,0.043656991139622,1.0,6.951145691603726,2.630062227100799
48,1.2485453696751763,-0.8890533760564824,-0.37928088323883036,-1.2804041970557474,0.8613117064127753,1.0,4.429895985966194,0.5994669643595202
48,0.5255738997823596,1.1271684803540478,-1.058641130941576,-0.674279994079741,-0.552669176497657,1.0,1.2112945750110256,1.7660434202515454
48,1.1904674718053017,0.0023074263597424086,0.156116055669034,-0.36078567733943673,-0.5070274501618733,0.0,1.8145269027717137,2.2311244478924874
48,-1.5273115722415125,-0.7227419816679258,0.48350196244496235,0.9273154938556855,-0.16143072443775067,1.0,1.7230075058811132,2.4888911351445095
48,0.16743271292103246,1.158859833557254,-0.6233369218962522,-0.49391877752175267,-0.25694931142428695,1.0,2.9327948010565184,1.9820098736732494
48,0.0038037830131309033,1.2637338595325398,0.8494369822680915,-0.5545168395552882,-0.9645355466158209,0.0,3.3551117186441335,1.9641741141580145
48,-0.8095989966122074,0.2421346092064803,-0.44478234254094995,-0.3173872834912755,-1.4356578492325376,0.0,0.3952311196671636,0.32402646838946036
48,-1.6890913025835599,-1.4033289573502126,-0.9805087655533196,1.1383287555464061,0.7658905748737731,0.0,0.2925258139061676,2.842595835230138
48,-0.5821053231296193,1.8083192322066886,-1.1605238023521118,0.5056416700424944,-0.31573378437023836,1.0,-3.3285176037976028,0.4740259962336886
48,-0.7843302363253788,1.7454322018549167,0.5975680490543173,-0.396544340873186,2.307422087340158,1.0,3.14657552679616,2.192484984832603
48,1.37829534022876,-1.776146411733543,-0.3162968328152628,-0.9928830023979368,-0.7967263967130763,0.0,0.9897559179044302,-1.7495391752246754
48,0.8068733373012195,0.7724332857916659,1.0657962155503906,1.5344557094175428,-0.140584435197209,1.0,10.176424543210178,4.126550417263381
48,1.1185425613428372,0.008325605154395961,0.7440203051016148,-0.003997070054097978,-0.19215163484191589,1.0,4.205862439126653,2.5824341820951613
48,0.268291282007488,1.5096901348309832,-0.45274348857526014,-1.0174085950505216,0.33974057997883134,1.0,5.189186516637053,2.6280720504710153
48,0.8996788577979767,0.3375320383556761,0.126081468016949,1.0970285716211456,0.4455167115131009,1.0,8.640989105485772,3.7486515176856354
48,-0.33236762331008474,-0.020767109547755975,-0.38264035508210886,-1.4681729658826528,-0.23569610871970698,0.0,-0.13395001381718263,0.7147622714609771
48,-1.4954173999778693,1.690598439758225,0.6852854354183718,-0.15396607216140754,-1.623621221531693,0.0,1.0474041662699043,-1.2024723041756853
48,-0.3428849638005205,-1.0905755990140513,1.3383778977876921,1.7378979845351379,0.22309637866420604,1.0,2.758972399286547,2.537229421471688
48,-0.3622318158163768,1.3887974651680013,-0.8099770498845767,-0.6772800503957286,0.5019067418592589,1.0,1.668070469459648,1.2070560731007174
48,-0.5253679681341872,-0.7555052506724279,0.24091570151449906,1.7183792152717055,0.5436996636492558,1.0,6.932197313160676,2.979098842264418
48,0.5985532699040327,-0.2512950509830025,1.0076487582111253,0.9589077583823387,-0.7610347486841719,0.0,1.6126556324251924,2.1598268747473437
48,0.5651002447794613,1.649553287482216,-0.09116047591417785,2.1822392805712623,-0.7113230389089064,1.0,11.701401906010533,4.72521537605489
48,1.496337553627287,-1.364157981888022,0.37147066960933445,-0.5787223460900629,1.250641903430686,1.0,3.0037090579189494,0.47833860268601525
48,-0.5955189464769393,0.2692411739019078,0.9585493653242384,-1.9873100880969778,0.7887370557540674,0.0,2.341715643231213,1.13121878988292
48,-0.47185214149989824,1.9347382450094495,-0.007049322217668677,-0.4666716054333327,1.460335167853892,0.0,0.936485031355327,2.311814941337784
48,0.16418612013278117,-2.577791445911509,1.0015105927906391,0.15155704483462798,-1.497136836037603,0.0,-2.7545132377208583,-0.26304426821808513
48,1.7973980806936294,0.8673096774992387,-1.938641620852185,3.086954430853329,-0.011271424346743551,1.0,14.707912553135538,4.10016961882657
48,-0.14040477197956916,-0.796931673600583,0.8945294595355344,1.3889068389801484,0.5558842792364549,0.0,1.9718698634861198,2.6887709430746254
48,-2.113506900440057,-0.3333885334319383,-0.03943880920654666,0.470608762928669,1.0156957786770513,0.0,1.232424337512424,2.2038265061639715
48,-1.3233940735507999,1.3923513263353615,-0.7907619350908209,1.1610441059683074,0.722508069395024,0.0,-0.7649840978661882,0.4415481212682353
48,-0.763741036895095,0.8224348161635686,0.5113728705054963,0.509430375638031,-0.08565210384458695,1.0,1.4736965155042654,1.7408687227581998
48,-1.2283795218385043,1.538770586040717,-1.5554149385993636,-0.6932794377756002,0.7589111023080748,1.0,-5.650994028335221,-1.4645095999358264
48,-0.4478336900855236,1.90714407730125,0.08393085035875888,0.3380401452988083,-0.7637457927275704,0.0,-0.44372978765262566,1.7011642987454239
48,0.44503342582170763,2.530004697279678,1.2501283526112805,-0.2053619924088657,-0.8137073640693379,0.0,6.2137790007676985,4.04418577253689
48,0.3021042941736266,-0.9343445905076374,-1.2703068358206353,1.618046631594371,-0.5304455610477024,1.0,3.7534320120788007,0.6062452559937013
48,-0.5539191047303313,1.6637365552358883,1.0538541464139037,-0.6882910170743635,-0.5775213211449242,0.0,2.8074822804682946,1.0215783506547929
48,0.04026154428035713,1.2586253173087876,-0.02546777617948499,0.11407710791297061,-0.8586415870479197,0.0,-0.22317973073045488,2.3147772157992454
48,-0.5979173540650136,-1.0071857342967356,-0.18968696620361147,-0.43603161970192533,0.7964092121196528,0.0,-0.8120341997702536,1.8670709044487217
48,0.8322286940865439,0.5721998301237561,-0.7776153308476366,1.0619238000908584,-0.25150527150183927,0.0,2.1127807890642214,2.9074055821593126
48,0.3213741132870489,-1.8574617768899249,-0.14256014389958033,0.61101938995779,0.7544876907176176,0.0,0.915550871856532,1.2363450061203058
48,0.3660151657588072,-0.9139941807369546,0.3894423603666674,-0.7222971803883067,-0.2926987137162151,1.0,-0.16886486980461068,1.0038189182459458
48,0.9052771374707345,-1.234611350211267,-0.17310173281799637,-0.06375850004776194,-0.8905562450654437,0.0,-0.29065850600783205,0.1390144939358754
48,-0.06192065600881984,-0.6102450543030886,-0.45227809102423727,0.5337048002554997,-0.6587499879713122,1.0,2.544771725537748,1.312496155169668
48,1.2819635676332277,-1.2632426790526294,0.6277876058597336,-0.9405387048159256,0.5271505814248317,1.0,1.4020532673416555,0.30645804403844024
49,1.9873190899615725,0.987249161243956,-0.1811996901151703,0.412700675326555,0.5191353117296801,0.0,3.5061251384922474,5.8082095835904735
49,0.1291222319972384,-0.7488694646586325,1.6436580161403662,-0.06304916049486206,-0.7599369443090148,1.0,-0.7593727385353088,0.9309694044661089
49,1.171419796314887,0.5460658856871045,0.8744513045208592,-0.9978122583178646,-0.7882418362445283,0.0,3.0536140079246086,2.6840317438668277
49,-0.1704388454066924,0.7426217376269744,-0.14391777086291663,-1.7794820801937876,0.5784939649453287,1.0,4.336632203063072,1.4767286118143408
49,-0.48788393105848865,0.15983441527577064,-1.6742979753310914,-1.8921104257274033,0.8780054381329541,1.0,1.1900314571302077,-0.6895238345475941
49,1.1898278276083492,-0.054109807327320264,-1.0331459367276383,-0.9014058640121319,0.5099892111453327,1.0,2.927691065916182,1.3033156543228812
49,-0.5419531618576847,-0.6680786342106638,0.02080949151847976,0.22779695995673938,-0.6025831210555889,1.0,1.678037911399053,1.5798465857002344
49,0.7318914863022247,-0.08885155760513294,-0.7989109827422581,-0.3227844783424752,0.5947711803603619,0.0,2.648518876143961,1.690515634653547
49,-0.3735442872430678,-0.4871739968945658,-0.1566501514752203,-0.13082812073102162,-0.579164670378747,1.0,0.16211101276529746,1.30605588523595
49,-1.163066585683298,0.27103373557488997,-2.4243031946102853,-0.23718767086995352,0.1267861374772472,0.0,-2.462315809666504,-1.7821893248808713
49,-0.815107421983387,0.12345260512415153,-0.1365754733068855,-0.15216382296506653,1.3077803889094874,1.0,1.4541508138094592,2.05375406127334
49,1.6853265869304228,-0.45112534106921903,1.2171964431854325,1.4215058137258076,-1.3369670004702476,0.0,4.776537132606309,1.8539519305611285
49,-0.520731480315729,0.5423697124874589,0.6873384369015748,1.5605336522783666,2.141094843715285,0.0,4.625083497238682,3.6958110644231086
49,0.4020634144208103,-0.9303310697370136,-0.25762588864500663,-0.29799510136591617,-0.7876187221699448,1.0,1.0460796786816235,0.657191821748552
49,-0.5519484001122176,1.2433919966283387,-0.6828900132981192,0.7799639368125909,-0.42213566262850216,1.0,0.27215169839866415,1.2726549593188956
49,-0.03253237380377652,-0.5475136896797951,0.774787494288441,-0.4162076025750649,2.224810924856722,0.0,2.6949673415795434,2.73405400814475
49,-0.09184401059013242,-1.1347748356504612,0.4769428859349661,-0.8258042693168163,0.30418186736571884,1.0,-0.04307432315562498,1.356975578187066
49,1.1083408463645914,-0.4026214865159407,-0.14922757084801638,0.8115000492785367,-1.033478591795965,0.0,0.9105311578666361,1.7099009974329271
49,-0.37760482376549764,-0.4784493906613854,0.7277806629947763,-1.0926537941832748,-0.6607007702662606,1.0,-0.42513435804639776,0.9865033143277336
49,0.35963071604331787,-0.9157301505608204,-0.5151364414527831,0.37591071838793877,0.7314818752949989,0.0,0.9010659866481918,1.558979181134806
49,1.1376237496063322,0.6872224681809818,1.2266809369857739,0.01784504508466899,-0.11402405583913006,0.0,2.6776686090542423,3.5968387331702942
49,0.32593056765559286,0.008049386479379937,1.040904350825417,-1.701384057639116,0.902727678188991,0.0,4.7971849524288155,1.7961776382177632
49,-0.323366056139921,-0.8931954469646288,0.6439110665936003,-1.3142741815166463,-1.043319012955616,1.0,1.0943820306635887,0.6234612316560222
49,0.49016859977886673,-1.6508881847912078,-0.25210367981952075,-1.6231873100929994,0.061653160332292435,0.0,3.5185415888202676,-0.3280024377937425
49,1.42981613085931,-0.33663885245109443,-0.44282694105366954,0.20797823361476236,0.011382500796197648,0.0,0.17569686690545616,1.8570678182354359
49,0.6645303344445898,-0.4422637429295228,0.7019294044127237,-0.1316159831039454,-0.3911096016513859,0.0,1.6810093902564132,1.6704353405908547
49,-0.2981152014592872,0.01980095506178927,-1.3622959023485308,-0.5436770560121331,-1.4817800664440437,1.0,-2.039119449685044,-0.6319435665477203
49,-0.19967666874169684,0.9767519197554965,2.4214263715730273,0.9681884365206914,0.082399844519881,1.0,8.077760107376388,2.1778143073551495
49,-0.5466817536432229,1.1711227596044778,-1.1548642123494581,-1.6935201769556318,0.8525156184564637,0.0,-1.1307193628350483,0.07809742185472485
49,1.0253977085455666,0.21629517722589392,-0.5467584249827918,0.9416502593830314,0.8166530850688491,0.0,1.7729608232015996,3.3026218515941768
49,-2.154754392296742,1.2741618331050084,0.42404724618142353,-0.9311602905207745,0.2645339555431064,1.0,-2.0244514870385424,-1.3956604707730338
49,1.3591986973468966,0.6936163512644076,-0.2761666995594114,-1.448657263039526,-1.974526709845698,0.0,2.336050655343158,2.0816023581681558
49,0.6113151021647605,1.9442665147829836,1.513291682121746,2.0829394159404586,0.05853822189308916,0.0,10.553979164890546,5.351207908909686
49,0.36728130223107053,0.05259702443588002,0.11151179816150962,0.10839171486759508,-0.32657818840183994,1.0,1.53348479801257,2.16970872880208
49,0.0981382438762493,0.4025201046717671,1.2627533951099903,-0.5935530915362932,-0.70471998620944,0.0,0.34530918588851434,1.5752662207268229
49,-0.9444608210611098,-1.1998157246234618,0.31440032922031086,1.1722112915163019,0.5246176562891934,0.0,-0.4714630734706175,3.0176373059027206
49,-1.4628060742634743,1.0750972807205967,-1.5903433968982281,0.6836564535904652,0.43573607770025297,0.0,-3.650626319678144,-1.0215344875812156
49,-0.43388474610506583,-1.8715553398393023,-1.243490201232082,0.654260299026798,-0.1706969649934447,1.0,1.3557843421251745,0.6008491732849124
49,0.42199934793192406,-1.4382172854944992,1.272350180957407,-0.13975948072687205,0.660358551426781,0.0,0.19493710317384738,1.0754742973015483
49,-0.5214951445161697,-0.2735300835326057,-0.667940811211693,0.2501043077166276,-0.3425698988446221,0.0,-0.7333070425745203,1.1500275258038466
49,0.5136144462010295,1.298531740472165,1.2835708481614425,0.6252688312957045,-0.3238700150683528,0.0,3.6873996897833363,3.6487950460720344
49,0.2888646689248462,0.7493847057434821,-1.2749155294530983,-1.1001653057098835,-0.84956693973976,1.0,0.38464821384959047,0.41485405082442994
49,-0.5873497742405701,-1.3042882326159526,0.6354558204082548,-0.07053814490010402,0.3239643767352692,1.0,-1.929330598030114,2.0694966520953497
49,1.6504766911459439,-0.32263438813916323,0.27012325811727883,-0.5546495057201822,0.30039899332743214,1.0,4.597001690921441,2.1030949992100254
49,1.1423800919178497,-1.2840443578001486,-0.9621020273854002,-0.8439987452489438,-0.4102436724485784,0.0,3.0791467485947317,-1.074074309796902
49,-0.3225514643042086,0.3931075644819821,-0.7213652837674241,-0.5974274624309728,-2.288869509305897,1.0,-1.415457638360509,-0.14444571666728645
49,0.8448953941901792,-0.6397667187449333,-0.24266542679999192,-0.516355367551423,-1.2041718554692085,1.0,1.7733342031880654,0.5511330050065947
49,-0.5451460524575714,-0.7094781385929414,0.12240244978418227,-0.21691420670754544,3.305258975045507,0.0,-0.7454385012527962,3.3573488885309937
49,-0.39494281001346904,0.1391299081035234,0.7887145404075329,-0.6912767497988335,-1.764481266744232,1.0,-0.13818017346787498,0.6883813184236091
49,-0.47905507620096904,-0.7503287474045821,-0.3787155247424204,0.40260685273877256,-2.0274636726535635,0.0,-2.139848780052832,0.6721110186523278
50,-2.2498662048200395,-0.6209318364174982,0.49072572540597803,0.2840541561411235,-0.1426426156322107,0.0,-2.8900326413796944,2.159674247715234
50,-1.3397799822339205,0.3307534920238939,-0.21580192189697747,0.5276672470237513,-0.7449008762468896,1.0,2.5537809600580204,0.8126370637817784
50,-0.612098389860446,0.0834742984083166,0.9701224636434065,0.7457003462049043,0.213191790768886,0.0,-0.5026760795804537,2.2142992793438343
50,0.33097630860328286,0.4838200349495653,0.23138100226046107,-0.13007048398193968,-0.88891278359351,0.0,1.4350336474560021,2.1470806374727816
50,0.45500109540921463,1.001856791174312,1.5880722051270415,-0.6152804894659499,0.8564520910908433,1.0,7.986542000808552,3.081621765098412
50,1.1808086072866748,-1.2290403210081653,-0.14201652647590413,0.05564440819205223,0.47344625567340887,1.0,3.184831788072825,0.708092412807251
50,-0.42984794683629657,-1.5059199536330983,1.139578102355655,-0.8957221335215211,-0.5267896183856933,1.0,-0.027977316652600503,0.9559436422716769
50,2.240215574721567,-0.9292828120277344,1.5279744301678824,1.6101732877368786,0.29700137739311755,0.0,3.935761526883557,1.3340559108059868
50,1.0863615600435788,0.2813850306579202,-1.150546258156986,0.572722127608243,-1.2810507779605225,1.0,2.862530872658849,1.4681104971898387
50,0.9923905003712041,-0.6620207029098545,-0.7524948514916238,-1.2256790629989878,0.42347078249965864,0.0,3.8524847450416195,0.46083628216070993
50,0.40926612547842445,-0.25191131762450764,0.5768325306812072,-0.24539395866294855,-0.6586777844867241,1.0,2.752031521078381,1.650153328729119
50,1.0249419160822448,0.1458551047172048,1.0171557721185245,0.6051433922476875,-0.7067994518482331,1.0,4.058109487378321,2.7184287976183836
50,-0.056705311081433965,-0.974595861572926,0.06418624736840009,0.33930349729349285,-0.8927828259835152,1.0,0.3857535992105794,1.2929084044719739
50,-0.11449913669127453,-0.4717347081313409,-0.17426318579281924,-0.014058328652528778,1.1240910400957675,1.0,1.6657338654903482,2.21363561418331
50,-0.23414692662744313,0.5157129195443816,0.0848755165513351,0.2914365191275905,0.15056438908728512,1.0,3.4540064905303653,2.2798688488467027
50,1.287635941677636,-1.6807459560187852,0.5385275422777345,-1.463781613777397,2.0007569980868802,1.0,2.9160946234987355,0.03547234911283259
50,1.1995600629310226,-0.22195553096230175,0.1988902307623348,-0.025081905223248595,-0.7174552547410843,1.0,2.517809737314267,1.9310162620831643
50,-0.27445533402091715,-0.7793234221238182,1.9929069409574287,2.908976940509129,0.7950679953070884,0.0,9.621845691132297,3.125789308589264
50,-0.5994946853274925,0.0027191438549651224,2.8801689634837824,0.07472501157828532,-1.1670342000357692,0.0,-0.4597683170727547,0.6278890086518408
50,0.9519559275438917,-2.4014820783512327,-0.22973072882225584,1.5134467490368868,0.37457597642822793,0.0,3.83330987694844,-0.2079944289770257
50,-1.2792849971748448,-1.0006355048289586,-1.2780202475786806,0.27235467721276824,-0.3168998921150133,0.0,-0.7910332209274524,0.7674662874594442
50,-1.138791861152386,1.0775216765668079,-0.578591463054786,-0.44376263173045855,-0.31264643865151337,0.0,-0.7701113753242774,-0.08797454263985538
50,-0.27669553145583864,-0.5252482051665066,-1.501503657877881,2.8335009018801403,0.26798093280674334,0.0,7.991673125991355,1.613588282438323
50,0.5702032845007917,1.361623193627972,0.8961204987251945,0.10105466712321506,0.23741584769276464,1.0,7.336897299992827,3.9842549637124534
50,1.1511237974076547,0.7127296026245247,-0.011200913391786128,0.2286306667168299,-0.3958265838077678,0.0,1.1424197232484634,3.663105561898158
50,0.1430827086145463,2.5050074617832396,-0.5820732777503191,-1.3236622849937287,0.3764306541662055,1.0,1.906884997254733,2.7531405307773493
50,0.7388139532236154,0.22226240696552552,0.7845712940307669,-0.03786858324258245,0.9922595090761319,0.0,1.0536649619508347,3.2219210818971638
50,-0.6818656043357029,0.0328849380717292,0.3684544415282313,1.3363800704361872,2.268064904621366,1.0,5.459778669227011,3.5724213966182896
50,-0.6870604295569103,-1.173520325507822,0.6420512134591686,-0.32609198153836955,0.45365956201818003,0.0,-2.9008262046878635,2.061667494391521
50,-0.7161499148503762,-0.26577620195278046,0.9980854563328541,0.3656731823201253,-0.07035145148628667,1.0,0.5163622278524931,1.8879884871758406
50,2.1520331839279883,0.28039449540222633,-2.2459349568785307,0.11860733259658578,0.16444015339446416,0.0,1.5323400127555868,1.2131828227251513
50,0.47481888320046295,-1.4023190578702824,0.3541089633754649,0.022745766609226694,0.24558434193591064,0.0,0.5288051124120227,1.1195777119803856
50,0.835955828765799,1.2244308223677935,1.4086492192570952,-0.4995095683451641,0.45383041531140483,0.0,4.665335413269571,3.896685962450616
50,-0.22697062935896511,-0.6611213399454553,2.566396033238665,-0.2614187395729878,0.5315896944770445,0.0,-0.9369404699176944,1.2852072788167734
50,1.1266145482865726,1.2878653829314055,1.1948116415454966,0.5125132472722145,-0.46848711173075175,0.0,4.764048270560581,4.644775339295548
50,-1.033495256870715,-0.005879594708627979,-0.6511611262697713,-1.2459856469621562,-1.6316934108012826,1.0,-3.369853255567004,-0.4826504203351286
50,-1.529116225141834,0.2189430697571955,-1.8629747517444368,0.9816436298055463,0.5703307166267519,0.0,-3.269078273938845,-0.4334151880185373
50,1.077997350231376,0.8279589443656346,-1.7631777760372844,-1.1393330459999846,0.5689163186661274,1.0,3.1738707491916753,1.4875214932692093
50,-0.06098064392327605,-0.7919118692959733,0.2333079486769377,-1.9874581824834185,-0.8106807613422211,0.0,1.5021810523405414,0.31233647279025556
50,0.1638420773607623,-0.07975201655354375,0.650933552150981,-0.7874823937325379,2.012992875240602,0.0,2.3271428061998125,2.762718789826291
50,-0.6162149484025436,0.6025460118790706,-0.04090044179436438,-0.263617253953972,1.8668626945533744,1.0,2.9725660655809825,2.402203865045166
50,0.2503072501910699,0.7891976789865736,0.487505535654884,-1.3137553727145668,-0.6769710677325327,0.0,1.5954244950526553,1.8491879848760533
50,-0.010762627251459623,0.03499868581359087,0.2527732098273362,1.3738635304930689,0.6027370294413026,1.0,7.035685321883508,3.0946508300496904
50,-0.4191139203768931,-1.6310349591415763,-0.6194682697915707,1.0935185021168774,-2.8497073523870564,1.0,0.3527038435415634,0.28487375174569474
50,-0.14826702133421021,1.5028003795341107,-0.05495137624553454,-2.1945617230661845,-1.2898756826054307,1.0,2.970276545122493,0.6832471052235856
50,-1.900422075869536,-0.6001095344077494,-0.30751787125994656,1.5880045211512706,0.43724685392954854,0.0,1.446829370550479,2.702150184172716
50,1.9903172939063756,-1.878181903133409,-0.20410741664136786,-0.08770309286013206,-0.14424398670406477,0.0,0.09995856081044185,-1.9208951804814298
50,0.1216454826390954,-0.05398368015809293,0.35635169570756553,0.2967982008265342,-1.058241944063536,1.0,1.1789673203853175,1.761893802628012
50,0.06049598793537281,-0.1544727742853472,0.7980265494629826,1.1956977090532575,-0.33011934737728427,0.0,3.114468822225825,2.4735900978319316
50,0.33197205418296466,-2.9830549673063693,1.5419424639379142,0.6827524546932617,0.801615230527217,1.0,-3.6898639711509342,0.22617259211193652
51,-0.5117006315242204,1.1188240425431655,0.8460281973476863,-0.570543864421413,-0.5108392069183858,1.0,3.256181112721298,1.2763431692433767
51,-0.5382945057109493,-0.6088872708239477,0.42547069319729885,0.1772439577551283,1.419401436473759,1.0,2.4828624028667488,2.676072383380375
51,0.9958406311459992,1.1986853346527357,0.7337026597359851,-0.13818384001928893,2.0992335137787905,0.0,4.868203004582421,5.381038818444444
51,-0.545231474547213,0.9510820135507085,-1.0321260560374097,1.0709784294341795,0.46558552808860243,0.0,0.7478045172399601,1.4495793887125172
51,-0.9692777028405283,-0.5070956520534727,2.150344869490662,1.4708136470063868,0.039707536441604525,1.0,2.748797626932212,2.0361166039808496
51,0.27965326936026375,-1.0556166965526064,0.9342896635766255,-0.653323947037619,-1.6401270156203234,0.0,-0.171939534151631,0.23162078902454736
51,0.10769992760663892,2.3211459844064346,1.411111502602892,0.35109229655163837,-0.0077324199035216515,1.0,9.065873584713165,3.500652948666739
51,-0.20700457829557653,-3.0517179077902274,1.1658125065942642,1.2031421460380356,-1.8648086634518057,0.0,-3.4151734187520066,0.6484352195533427
51,-0.4650583016298161,0.35776592987167466,1.2011809298892122,0.7864786665876566,-1.0760720760140439,1.0,3.5337008016614493,1.5970223878719818
51,-0.24916111685449124,1.463563303178431,0.20188221898103878,-0.25165939258985326,1.4639706792858764,0.0,0.9169151055075778,2.929325681605894
51,-0.6673634425034638,-0.7011017110606087,-0.11581528909684047,0.7847815159079689,0.38364663801526727,0.0,-0.4844813596715062,2.3032644095173658
51,1.5308742395936503,-0.476799395295559,-0.5781888844561656,1.6602754248509495,-1.565342009195826,0.0,5.1028269032837965,1.3929435882228995
51,1.292739512005158,-0.05947747820581574,0.285163489345455,-0.1688491706765152,0.008159033736798708,0.0,2.5882727202365503,2.561594480536095
51,1.489753960207217,-0.1317243973415267,0.42913514908185874,-0.4838641590997144,-0.106346077164467,0.0,2.049439572629119,2.3115662360341815
51,1.2634969766964639,1.4088221347525247,-0.057795226204891206,-0.05418579379596564,0.8602078914782494,0.0,3.1562304782427653,5.488645820185145
51,-0.25482594260020636,0.13724307034377953,-1.1167195073132714,-0.6551980971913193,-0.7674477665998778,0.0,-2.2018362444833706,0.07518565312730535
51,-0.4361511854504197,1.1629594045839142,-0.6092534477228576,1.0779983379372602,-1.5683208622989637,0.0,0.8437271591025769,1.126465465485643
51,-0.7976505471642419,-0.6014938991017831,-0.09617356516368254,-0.8052594516814002,-1.297966263182266,0.0,-1.411341449181862,0.6758889607775445
51,-0.3342478073048386,-0.919498125377902,1.5067721304547737,1.0309767602288105,-1.158758094321397,1.0,1.4530506286848648,1.433943129132712
51,1.4465697190584932,-0.5682310030834695,0.5942304600237878,0.9458490670609524,0.8493391045233833,0.0,2.932300818738454,2.6404724987800625
51,-0.15850833854359297,0.3441853299975265,-0.3325563821112123,0.10149593037099454,-0.349399632379045,0.0,-1.995105790693022,1.6932630842539291
51,-1.3854102090958673,-0.5699246122377082,-0.6363457905162435,-1.8989788062771193,-2.189600497394214,1.0,-2.755706585760602,-0.7462779065638283
51,1.053800822657325,-0.040574059062415554,0.3947173967128546,0.4184911159592716,1.356874174290339,1.0,7.004859872335665,3.4720030240235302
51,0.2498984995441045,-0.894970773283204,-0.13801001930834136,0.8516326417393658,1.5710335990056457,1.0,3.7875879977548887,2.5866318439641547
51,-0.7408041032907781,0.6622357552689866,2.0689740514830692,0.13568176697780923,1.4545678756069904,1.0,4.362775191667623,1.8219151617321852
51,-0.17232142215027563,1.2546831625220125,-0.7285546801757327,0.9245876842417682,0.28124197450065513,1.0,2.824025726046349,2.3097470361527166
51,2.69110991282769,0.24505126570400576,0.9347303222568902,0.08822945715916584,-0.11612951201357538,1.0,6.488642009353886,4.174991000495993
51,-0.08781586924553535,1.5634895167157699,0.2606998038481762,-0.43461239965991816,-1.3430760740860301,1.0,1.9062166202016568,1.8082531333763836
51,2.578507759939336,0.012430322170733664,-1.1715226207973188,1.2549381407549092,1.6747951460920292,1.0,8.81087963847335,3.5953753348376183
51,-0.39013500509324206,0.15175959406310163,-0.25918842523167546,-2.3897326973258655,0.5004930768987447,0.0,2.830023012067435,0.7139898415956236
51,0.4460686971320345,1.6846171489818953,-0.028445835446362793,-0.32359940560104167,0.19956227271154184,1.0,5.201527529327417,3.7401518602050174
51,0.39021050718466044,-0.6787050875230252,-0.1722888237196328,-0.0012814870634911613,0.38297870941320794,1.0,2.1305268374228357,1.6808140097916193
51,-0.07329468918277668,-0.964723183118757,0.18982598163590478,-0.01902889231706548,-0.17212031805420366,0.0,-0.49022429417634605,1.5330756204999942
51,0.9853782960309243,-0.13724299789644567,1.3594568582091802,1.3770579218675045,0.11878542567345186,0.0,4.422360606674198,2.926251234666567
51,-0.7557924382719783,-0.7063327599531579,0.5213109570039092,0.25845313597732117,-0.5829382650198364,0.0,-2.0931404889959,1.7683583193914216
51,-1.3065876689891056,-1.7105970488565294,-0.025785412915396527,0.9756194993536415,1.1721545737854897,1.0,2.7943378719124397,3.7871145564939375
51,0.5939006104669783,1.1744377963702983,1.000859215400864,0.4006692268816009,-0.8919357784524905,0.0,1.4152616524147452,3.3760439612416357
51,0.56605905820851,-1.658220777200582,-0.7006327494990303,-1.917245197177935,2.61360151742556,1.0,7.614388476353655,0.27756444021647353
51,-0.522407122274679,-0.49865924516571203,0.7473145538396209,0.1840236687104901,-1.2604594715585606,0.0,-1.8130733042573075,1.3189260655729544
51,-0.013427576861148656,-0.6975587201760131,-0.20078802118674552,-0.33947860220094084,-0.8799044718320034,0.0,0.045033138368149817,0.9236975451179463
51,-1.769035678731695,-1.5086432762098445,-0.4700296466371069,-1.084352301634014,-0.08481858941992718,1.0,-1.096564843356517,2.101958897025764
51,1.734885250518626,2.0054317133702737,-1.5841182780893697,1.0242961525451066,-0.49770637009028845,0.0,0.7552897974027419,5.807266577328444
51,1.445499489565449,-1.8606158877232202,0.048665381824385755,1.1258433322496129,0.5690942788970266,1.0,3.6078081138961418,-0.02645994458146128
51,0.22976388499508876,-0.3642768252224728,-1.3483948778726094,1.0999502840744373,0.24448514033649624,0.0,1.3228819615927958,1.0676387040248474
51,0.5486925113852968,-0.9424581284352672,-0.4559229559725155,-2.3202273900046633,0.6156882084766552,0.0,5.169634900277568,0.10362144663626305
51,0.09810115355539799,-1.8601069838774584,0.5978154330884807,-0.5290936513559538,-0.8714466769771262,1.0,-1.1452804869337176,0.36172314016738016
51,0.11732270198504136,-0.24439843925541005,-2.0883632956181546,1.2325829923524918,0.5063856720561329,0.0,1.8381907736590077,0.2383240923739408
51,-0.9961879481893865,0.2670295738733518,0.4335358656508207,-0.52829821768503,-0.044517727963510466,1.0,1.0602900432802151,1.2072552010393067
51,-0.22266596301362268,2.027637469473101,-0.0924727684070564,-1.3155031750916295,1.129260062910811,0.0,2.93873917085957,2.3073694026380576
51,-2.4267394129255506,-1.7969730174151952,0.4207178744157358,-1.3693463419335203,-0.1339799850375828,1.0,1.325449384861181,3.620420788140304
52,-0.46220715706248744,0.47972831907189767,-1.2307390987887439,1.2549982396562895,-0.7088234309233024,0.0,0.10521289484322144,0.7782856170207308
52,-0.14127438887381652,-1.8607332711416673,1.8492652793714617,-1.0172112136630094,-1.2081691263119365,0.0,-3.7501487759964953,-0.20107130835470566
52,-0.09525012558844972,1.0370760138111321,1.2675913870493254,0.7341961601904641,0.8852805436511666,1.0,6.363244869364771,3.114245848563558
52,-0.39266963993229864,0.21496176568293254,1.3380079840882777,-0.8683769178693077,0.384834720334668,1.0,2.8819339465392853,1.4846615463850523
52,0.31246206205220456,-2.089140085173082,-1.2529957657525561,-0.36169736953542353,2.0766001912871612,0.0,1.887079314055474,0.002315513588385165
52,-0.4160973264250993,-0.33068970755574145,-0.5510426202958438,-0.20710431404098756,0.8357032806980773,0.0,-0.4814500212195161,1.654962853854056
52,-1.2029360034476304,0.20065191741001615,0.0195116004843312,0.7647976232541321,-1.7762721915673556,0.0,-0.5078234820333215,0.7613147122155659
52,-1.8576396919714717,-0.10028270888680288,0.9947599680699286,1.4908885304547186,-0.5743383295117052,1.0,3.269438140532349,1.7076872272664068
52,-0.4594308497006385,-0.8147350428804754,1.107629972636914,0.7941226866096549,0.8377636797819029,0.0,-0.3989119974398753,2.553772732565769
52,0.1482018512315219,-0.33855064874792806,-0.6117163268057138,-0.026100531688394445,0.2838773302053075,1.0,1.0453020772894257,1.4963455875175053
52,-0.5126954383800431,-0.7504282466757454,0.44572184252914154,0.8224814758273069,-0.755183438092081,1.0,1.6343133998393542,1.91198894396896
52,0.1625809730827602,-0.35107221252758103,2.994360860976873,0.5277856372943822,-0.4156820847730029,0.0,-1.0837867068110232,1.4127279604019187
52,-1.0366432110843598,-0.1661585009013057,0.07255519751755292,-2.22886348372063,0.6117568785309894,0.0,4.125372686080081,0.7959395482316811
52,1.4368556200190532,1.0364094312859362,-0.008328835217337505,-0.6580476547350705,0.06426814118440947,0.0,1.7287607481129872,4.424714382704909
52,0.4054695414728338,-1.1956760953515515,0.24902387367137405,2.696801316399744,-1.564421000350851,1.0,8.669554150504721,1.779942037378487
52,0.4493034244401365,-0.7792073876247144,0.5205019474058465,1.5060708082463308,-1.495665520332414,1.0,4.981848618687478,1.6179707511266326
52,-0.05113217827895158,-0.29528775542998836,-0.1507477153747605,-1.0219192652037197,0.4045798657913388,0.0,1.991662288639207,1.44650424626322
52,-0.14885969984476283,-0.9136974613079841,0.6650573780647541,0.2768033227547413,1.664916330072453,1.0,2.5058052893933644,2.695004042883042
52,-0.9606606765025844,-0.06667948099340824,-0.27115860581279455,-0.16726080432346413,1.575359880058077,1.0,0.5714761405423803,2.082317724507652
52,0.7877462210017512,0.603938527556528,0.4496602965807763,0.5970650770746806,-0.875795011104303,0.0,1.1275803855403417,3.1576526580286677
52,0.5126367443157944,1.4773529085437076,0.404600324823623,-1.0166725978680393,0.3723695472747543,0.0,3.4357099584494657,3.551748652056544
52,0.5193084358996736,1.5181402198438083,1.0211245439942387,-0.7590747952159951,0.3417305684435306,1.0,7.221407933170361,3.6314048970971444
52,-0.4515487396931911,2.9180915085796455,1.4060774330784935,0.13324393966574302,-1.07496575514399,1.0,5.874619600666573,1.311763686341328
52,0.150730306081025,-1.16679585851762,-0.5654229717508804,0.8939366342237174,-0.1264623897949731,0.0,0.34413098345796,1.261483422346556
52,1.5323316610191207,0.8936275282285986,-0.047521597804249326,0.5269660213927131,-1.683167053273659,0.0,1.9506785519139236,3.9793230957963175
52,0.32716528333140577,0.5610386929310639,-0.6224270410863393,-1.7703167668023134,0.885339864557748,1.0,5.107826326647591,1.6864182641523051
52,-0.7365891805667123,-1.4409607448805493,0.6788394735771572,1.0066038853252435,0.4595030537624787,0.0,-0.07847685607242127,2.8233962637893706
52,-1.3214829445523786,0.2875189000621255,-2.2371881605248634,-0.4127441335991323,-0.602107691803568,0.0,-4.531542324035859,-2.1411071298924216
52,1.7555006308336263,1.2612280059852945,-1.5037185751497855,1.2016915363751242,-0.7326824987362482,1.0,5.413934702049113,4.272123570863771
52,-0.27624226265800766,0.5927956381863694,-0.31127188547315304,-1.2829106254682183,0.832771923882891,1.0,4.030496468888762,1.5657609858993045
52,0.6682736667854992,-0.32642566302267106,-0.5656402762449946,0.4802340680500024,-0.3623355113254484,0.0,1.9922282897541321,1.5731570806576434
52,0.14129085132236294,-0.46127563067316374,0.391417563154268,0.9544360267209451,-0.16854597766907484,0.0,0.07675548487385231,2.287856579529029
52,0.6012413166490653,-0.7461486565390933,-0.6065167228855292,2.013517894181213,-0.10070387452282205,1.0,6.8582570644003855,1.9537180752119672
52,-0.9452232433995702,-0.3477351255138339,0.7121946915179853,-0.6128791667503014,-0.18721052052297824,0.0,-2.0847545587448675,1.395190117549297
52,0.3707479083266378,-0.4979311017066069,0.47432244600017737,0.7703854225128066,-0.44585147390501756,1.0,3.707361726991814,2.0408320751311266
52,-0.9518586701263594,0.4397452676744893,1.4863924371587038,-0.2630374956646085,1.3127218278660242,1.0,4.157483374003532,1.6777100473132651
52,-2.0810440996627313,-1.2724662788923018,-0.3826697798377788,0.6379004096874223,1.1388369566012966,0.0,-1.2955820220266714,3.596008096788007
52,0.9012203138006721,-0.41467588919938736,-0.2337381131283957,-1.3745612060073127,0.07278161448708816,0.0,2.498460949268013,1.074606413452091
52,-0.6640648756614573,-0.7689795545399337,0.3177680820099281,-1.2602077544572945,0.5696858559776474,0.0,0.7532846013249147,1.5576883289143
52,-0.8649060281862246,1.4077824862614088,0.3353092013968412,-0.9664157558553383,-0.38330468383958394,1.0,2.367900542134346,0.49094165974835624
52,-0.2795873179362643,-0.6928365727460679,0.48181747487996585,0.37551450712667217,0.6548663360631531,0.0,0.39918945679901097,2.349749719058615
52,-0.13700159374640922,-0.9502402730946862,-1.1564182050291234,0.36824510867595583,-0.6050677908102372,1.0,-1.011938706162512,0.2925638163912212
52,-0.20292586911451652,0.4699221998740361,0.5921435284519488,0.774631894279106,0.21286082766260683,1.0,5.094021234683584,2.65770311511545
52,-0.45775558015156353,1.0313370571690688,0.02947057584202364,-2.27585438829195,0.3595513004438263,0.0,3.5108586886546815,0.8708399635782469
52,1.4214041394609096,1.520062920445059,-0.3463439527586428,0.4615516225777103,0.9781750571039353,1.0,8.958174194904979,6.118668703272764
52,0.9740482651408348,-0.6313853557693324,2.674128514061939,-1.1212556742461752,-0.3394840068464679,0.0,1.0892681646476345,0.2703121840068088
52,-0.3968179628930772,-0.2277396480077786,0.01844946804577158,-0.7226071392565729,1.322906771011546,0.0,-0.9335244044448008,2.0872967410342578
52,-0.9350875295738058,0.6627376671983484,1.11468611697986,0.060061208144241936,2.3432406958193566,0.0,-0.596540455305868,2.4435606522858384
52,1.2322677067376027,1.7021956028556169,0.2711921356068081,-0.14816316087651527,0.9474861382488765,0.0,3.2372842235913795,6.063502114784593
52,1.6043529431107688,-0.4330558785756214,0.3412458468289836,0.6504677467083946,-0.11383019643898726,1.0,4.213358360561533,2.2721542176512837
53,1.455629003740105,-1.1631127923472004,-0.7700705206810764,-0.3102591182048265,-0.01309985599344802,1.0,0.5052504645039251,-0.37565578101026
53,0.5541980566643376,1.1891929809371877,-1.7558010143806466,0.6838999693490192,0.7290291442685808,1.0,2.2173650068394846,2.1753568663295173
53,-2.391077181085504,2.4818526257508013,0.4486919528974108,-0.600733568611067,-2.1334479954546723,0.0,-0.11053155335021575,-5.1306429762309795
53,0.20525191929323722,0.2650189935269161,1.058507294761182,0.0659113520451069,1.1728707555609292,1.0,5.017552316088115,2.9283495209951163
53,-0.7457721910717258,-0.5726302993786486,0.5534194405621456,0.36223938289072455,0.6575083846737888,0.0,-1.265741988329601,2.4051663554123457
53,-1.4914668159313957,2.150174051258592,-0.04516477756469631,-0.9335923547601997,-1.7681550574079703,0.0,0.08427999886799298,-2.252035478334106
53,1.4175958485099294,0.06824754752124024,-1.3107655083870193,-0.19335243514943842,-0.47465169177174804,0.0,0.9828083289459666,1.107394654769157
53,-1.109603325612334,-0.3755994113163852,-1.8029274973896732,1.5498507510559199,0.45644785759846346,1.0,2.3559881158957,0.5457984896321237
53,-1.8437526032883793,-0.8747820917126381,-0.46125687500470286,-1.559876041825859,-0.168428836027687,0.0,-0.2779260610773077,1.054327337606451
53,-0.39565433987482856,1.068347470902675,0.7409754981889739,0.6148351381834568,-0.16523047736407692,0.0,2.247989802006134,2.2467507724963287
53,-0.24302616772898009,-0.988426217851501,1.0223056361352771,1.327921950073253,0.12768659169635452,1.0,4.625609766097013,2.3848442428201637
53,1.3631183590711904,-1.2483833625178917,0.9533748372710603,-0.7302632134431665,-0.09029777965326816,1.0,-0.366876511975138,0.001014776924873173
53,-2.990923438487941,1.4803564156889448,1.0029793669705067,-0.7924011778488221,0.5428972646405966,1.0,-2.0060232764815296,-3.268385624829424
53,-0.2396914852399969,-1.1881641591929895,-0.5363084915310916,1.5778224609080027,0.3956417935279365,1.0,6.06857015116204,2.1490436615902606
53,0.8199594199656957,-0.05227894443614146,0.3822903478680632,-0.8544196303004271,-0.6852245244788616,0.0,1.0907882185694622,1.6901093850219011
53,-0.02370949639454087,1.0362637058771853,-1.8782805120698478,-0.27248050102996013,-0.23243418793453613,1.0,-3.246860775119269,-0.012551565119779062
53,1.3097203032648022,1.203410809168522,-1.254108059664058,3.1275895463619108,-2.250968350909844,1.0,13.478123526341573,3.955374921260254
53,0.22415215784592216,0.17271442451888327,0.19861565243448157,0.6930633437482947,0.1269592287566711,0.0,1.5160609709975565,2.726807380648422
53,0.2669716670775512,1.0453665168332136,-1.6938655044856061,1.4729739095523582,-0.48342217648956015,1.0,2.768829858622185,1.4603367031638244
53,-0.9155813663494163,-0.0895508444487552,0.20882803148515064,-0.30114340295605485,-1.3751587739614408,0.0,-0.9531146198559817,0.823962457842685
53,-0.24113195427682518,1.3149229017410444,-0.5425525692380024,0.1327668329005294,0.5629918315611968,0.0,1.1367001464229776,2.1528221131503344
53,-0.39443960322258503,-1.2447252815948964,-2.1027449432071474,-1.1888610234904702,-0.4348725936903991,1.0,-0.43019340481249546,-1.6990664367868784
53,-0.1383607772625073,0.40797804340470256,1.2304859996620143,0.21749825768471676,-0.031663904457367345,1.0,3.2450302691632835,2.1203002887548594
53,-1.2794744408511436,-1.9920875390482666,-0.31183552196336073,0.11725482231688517,-1.0846974361880155,1.0,-1.1309829161321483,2.2251770563836604
53,1.794540731951795,0.5301925936196508,-1.4811903617122582,-0.5528200303236335,0.9280605320127226,1.0,2.3979562396158465,2.650330039881655
53,-0.1984356647600215,0.29364390189984385,-0.4437978190365119,-1.7542101760826123,-1.294517726491507,1.0,1.0720842495936922,0.1461993361851177
53,0.6674464063808105,0.28720834326500144,-0.22087580151920985,0.09259117166202957,1.4383938772048366,0.0,1.7772832125649276,3.2997841243406962
53,-1.1391112687786784,-1.2087821118145703,1.7476051330734994,-0.10818265602716134,-0.4736678909351262,0.0,-5.036626433870858,1.6099788964781412
53,-1.8997280691407916,-0.46725774567649,0.757103505960251,-0.2701969395317946,-0.46641866194671505,1.0,-2.5484814276699774,1.441242124059485
53,0.6380433122204594,-0.45554124706289917,0.033563698154265555,0.19945658582536074,0.34474732081234216,0.0,0.8150804344360665,2.0889165808039762
53,0.8633501657897683,-0.8177484953111022,0.5632610782110775,-0.10192325806581265,0.20457654568242462,0.0,-1.548133866912456,1.4952730883808587
53,-0.193027010696518,-1.4021106955452574,-0.17795939619232942,-1.6278333199091903,0.14577253537685914,0.0,-0.12125399464079378,0.6272732653140054
53,0.14049234579744818,-0.18145874053617342,-1.3182884165633961,-0.09417598737678894,0.5071333202023174,1.0,0.40073606611034224,0.7511908206841879
53,-0.5449990013981245,-0.440003153308348,0.2448841215605043,0.7095180503840552,0.0004252983731847028,1.0,1.7294714561620732,2.194879362478279
53,-0.39210169256737115,1.0035019085553634,1.2355876731818178,-0.1832340354416115,0.8723645443846195,1.0,5.185637831171846,2.203550619556369
53,-0.34704407660185527,-1.6143822371532548,-0.01855416954421845,0.5797611149118671,-0.0522680513404266,0.0,-1.3174275152904746,1.833845959245593
53,-1.011406942835235,-0.9760121885623187,0.12844661870974983,-0.25848359951243666,0.19006306978348567,1.0,0.09364219597192687,2.0152110511649624
53,-1.2792751683919166,-0.835305407993289,0.1652388503936586,-0.2159540136808723,-0.8119730178996954,1.0,-1.088330544231078,1.5663301831586982
53,0.35465668359552205,0.12674394662792066,-0.3456329737483935,-1.5289533566607034,0.05602259080707975,1.0,2.690363208128514,1.317230227566248
53,-0.19782372793785163,-0.3743160057331356,-0.005899394965938703,0.14989679103488734,-0.28206461250762155,0.0,0.19522277377988206,1.7189277112460912
53,-0.7227543334110921,-0.20180491121631577,-0.06601046208049735,0.43364297591062784,-0.23608105204465168,1.0,0.9922541287724224,1.7471735831127506
53,0.9499657253572505,-2.0438767976439274,-2.2064428756062817,0.3184793532986253,-1.0056743500545569,1.0,-0.13770973103035555,-3.5290852854254764
53,-0.9770651260538554,-0.36309703710247676,-1.5944946503926312,-0.9475187487652011,0.5344683033038827,1.0,-2.075240218500125,-0.34278028263412585
53,-0.32455440137666935,0.295761124886642,0.42657609552635584,0.6353219257729037,1.3138283110537237,1.0,5.498621779461788,2.9878636978319606
53,1.0249134611907957,0.022820793909604627,0.45108057195602447,1.4087700146368909,0.6601974483823464,1.0,7.34689187574649,3.7072570490999284
53,1.8208235474888657,-0.020271617425343707,-0.4862842280167388,0.5387139566325073,1.4169172463526085,1.0,7.053013196701821,3.482113916077193
53,-0.5553653312079238,-0.7603487370556489,-1.7152941766757748,0.5169055756926894,0.04868879407562153,1.0,0.5824321569741825,0.04556885959724144
53,-0.82267543088587,-1.0486170651451407,0.8093069341232512,0.17162709715130423,0.9712631878383229,0.0,-1.4704457464248313,2.593124103483633
53,0.10900923605074994,1.7399932234433162,-0.4007158255327004,0.3562988127138787,0.5954783054949035,0.0,0.2036855177132213,3.3104892105618076
53,0.7055239012937894,0.35581688922579013,0.31112004322753833,-1.4350443516632165,-0.1588206507611167,1.0,4.873770490119591,2.0923265292419333
54,1.6696615734007072,0.33094132022681716,-1.767817907407904,0.25857913632839213,-0.5141409388357816,1.0,1.9950193487632055,1.345422192669833
54,-2.866188965060207,-0.10759383731461755,0.9790726300614733,0.5213438157472977,-0.41661740915829326,0.0,-0.6587081760221645,0.921184871784853
54,-0.09730690725794382,-1.723734786969716,-0.4955661661137608,-1.1694728728475,0.18450903306116206,1.0,1.1867466717304929,0.396645072981362
54,0.4672648975364801,-0.6471281005448863,0.004591900637118266,-1.008071202498352,0.9919651108402064,1.0,3.604415324129948,1.6019205146339943
54,0.13832912610692882,-0.9352858056380222,0.9553627352124564,-0.4087234443019238,-1.210853567458359,1.0,-0.07548269935916496,0.7173498679374753
54,0.11830866224558026,-0.2039941117424018,1.0263373489836949,0.12982002189175118,1.5645419540040426,1.0,3.087712445632311,2.811328039041858
54,0.06719599279270691,0.06654651878617707,0.5793915323187826,-0.8657462702385746,0.2125856172227551,0.0,0.6486111535870167,1.871254304743342
54,0.3494505296866002,0.7696519517430008,-0.3985239792298193,-2.4887553641579454,0.04687690398075611,0.0,6.237604125865104,1.3299400832491832
54,-0.8906501300882451,-1.213526950926007,0.8062103637300001,-2.153920961165302,-0.7142810990017241,0.0,3.339334365462341,0.6899818082542
54,2.237207066906256,-1.9375361347754352,1.1556664409733817,0.20721958583174,2.068374654025992,0.0,-0.45459514173376125,-1.0658949390054788
54,-1.554388523702669,0.2683183670512643,0.1170383174598501,0.10524639215565362,-0.41619169866165673,0.0,-1.218132226122456,0.836099267359009
54,-0.11413298777545366,-0.18437366523428358,-0.8079949575723365,0.31231127294590344,1.3217665610374443,1.0,1.9124488488233187,1.9757805015154108
54,2.2748010140413846,-1.943831627522714,0.051600319982629345,-1.7921152880039728,-0.9542013122792777,1.0,-1.2533928559704621,-3.6050346054509967
54,0.7500764110521789,-0.3571870926205415,-0.3632459525206723,-0.06519289803479918,0.3679952594493345,1.0,1.0625986311896003,1.8330536810088418
54,-1.045153335803406,-0.8714715288451546,0.06126019311120624,-1.235198474230258,-0.5403085811521532,0.0,-0.1572001490890853,1.0935096930832593
54,1.1918484412907986,-0.5853989588472653,0.6163398657939553,1.3463462257160794,0.37460627067524027,0.0,2.5624787925658223,2.5901637526704047
54,-0.6547119911841153,1.632414274087023,-0.8981759574898405,0.733011184946281,-1.197450541868012,0.0,-0.02252589215676859,0.36182003939301
54,1.8323407475665108,-1.4908146393853678,0.40900225642313204,-0.2804343899134357,0.4209849020995003,1.0,0.22017627939572337,-0.36862289626531397
54,1.6722728778809064,-1.4038296460378163,0.3346918353335847,1.2919007993737586,1.0747438289607576,1.0,5.445448237198774,1.0818151853508233
54,0.3130635992707417,-2.061097124944901,-0.17441564615662855,1.6235625538108056,0.6849072184189829,0.0,4.567433386409815,1.5325839273491881
54,0.34769331448927276,0.49361303571056386,0.37648321129145457,-0.7348176967076242,1.6310536900002404,1.0,5.338616513525408,3.1586020688948913
54,1.0151364614776979,-0.42155661197665434,-1.4031418050476927,0.07691968746459718,-0.39619091001664697,0.0,0.973318787717749,0.17451614174705388
54,-0.6482334205230541,-1.3035487360903704,0.16858261332406632,0.37652436930118055,0.7106691656889531,1.0,2.2115155909141917,2.4828244254890572
54,0.09860161824762785,-0.19336557660471285,0.5478592781574237,0.37659762923740053,0.0530948730309262,1.0,2.937144832507295,2.275969248013361
54,2.6915173163838553,-0.7734165987931628,0.2849684222706297,-0.21618324152259785,0.5665604991662566,0.0,-0.10854510523311744,1.1547295608148305
54,-0.8303829187629623,2.04254693520434,-1.042490482987685,-0.5027026934874611,2.0225937568473773,0.0,-1.7187846889796594,0.6527570991219389
54,-1.0952559815984901,-0.5442387222403654,0.9431912644866655,0.723123741812079,-0.5849729470037066,0.0,-2.3793182666034944,1.9042122883501298
54,-0.429303824315111,-3.5166020640276394,-1.155692212265726,0.504411531558169,0.5945930518178789,0.0,1.575591813772545,0.9116791611703066
54,-0.42064614884711315,1.4041958836015043,0.9058237489915135,1.1428751192910596,0.26863535395305105,0.0,3.706402145692305,2.676809941340345
54,-0.7074090704268327,-0.650205242855021,0.9912842544047722,-0.9754441939885391,0.663323310586886,1.0,0.8351947239229447,1.668351353646954
54,-0.18207350952285875,-0.07245687540743902,-0.5017153604869634,-0.1015522494034262,-0.48031672402015013,1.0,0.8597841496189995,1.2208940017162133
54,0.8890860374966841,-0.9179419260229661,1.0999482824427895,0.43248745873111927,-0.9671380558981839,1.0,1.0701604448021929,0.9057337606014575
54,0.9871444903320025,0.4889035565394051,0.09343121171301871,-1.5341637462637385,0.3859542523379759,0.0,4.717533252631512,2.6888918129808026
54,-0.8821674533033,2.3676587460714598,-0.5250034723499066,0.4100167038255015,-1.416754523261859,0.0,-0.7701216271194091,-0.2464742845914022
54,1.354480194376417,0.6507559987127178,0.09608886842336294,-0.6416524015575719,-0.3929712397333008,1.0,5.508577948291186,3.4101738373947468
54,1.7665529585946582,-1.0895158693443265,0.006280984778334188,1.577519267688525,-0.879778103916935,0.0,4.573663042870457,0.7658224111540324
54,-0.5942153717210975,-0.6799369299207966,-1.2051044977526542,-0.9549408398260925,-0.8396321743140455,1.0,0.3662978276743576,-0.37529046825803125
54,0.7182265520619295,-0.485315423258472,-0.5431147155902533,-0.844632296261991,-0.8895354201274317,1.0,2.073190520525997,0.485351061359935
54,-0.13730741454369458,1.1028723927155746,-0.05682258910541744,0.803675644097275,-2.1031584263758933,1.0,1.8270289697690667,1.6515832775984696
54,-2.5796319877598024,-0.221808177026685,0.4438930286048646,-0.3502702190752936,0.47329038924078587,0.0,-3.0741891407506365,1.3580066024327484
54,1.6347810001465397,-0.35370259675080745,2.1598291849828652,0.36251076312675506,0.17196484548997365,1.0,4.373873053512073,1.8539081882627757
54,0.7608187092218659,0.7483204402892342,-0.8073670518967843,0.4119422623446596,-0.2885022593725933,1.0,3.6276006339114373,2.673345293105204
54,-1.2271829141302897,-1.5772405623481407,1.1991842431243696,-0.2474701852865711,0.08473031098877294,1.0,-2.5087880753756853,2.4146910668788815
54,0.1620218315517536,-0.47745482652952165,-1.6469059776101131,0.9397297190078493,-0.17966220560901083,0.0,1.3902045961173217,0.2454699726287423
54,1.1954833758125214,-0.15256512672853872,-0.042250364024046964,-0.8029843067951442,1.2181053811889564,0.0,3.2480359554218774,2.5246129931294403
54,0.6321285577491954,-0.5194788169633697,0.4892108043091566,0.08172141197113734,2.308402920776441,1.0,4.326883114411859,3.050319043295876
54,-1.4773720865328275,1.171440048282475,0.027950273342039367,0.8430073817506514,0.42482753339115986,0.0,-1.544455329147367,0.7638831632761606
54,-2.384227177925852,1.196901249586215,1.5199468597253032,0.9952015072155982,-1.5786448353260751,0.0,1.7876813777565903,-1.9282681303260159
54,0.07322482891617123,-0.2813606675391562,0.11782877744804783,-0.3744097734381155,-0.1998650712133845,1.0,0.03554711760807039,1.6401726776843673
54,-0.2109400222801709,-0.019432432867388893,0.5080582925631751,-0.7534278110092169,-1.0277175146895356,1.0,1.7118757036859429,1.1260600928990447
55,1.1713041045667645,-1.1895281286684103,0.06255098088455485,1.6844265447145774,-1.1969073109955914,1.0,4.5412142014305426,0.8706682408158564
55,-1.3289218595810037,1.571851141034695,-0.4342393504859189,0.6615191412398855,-2.1096844494234417,1.0,-3.431068239346907,-1.0014147044026926
55,0.3325609567983484,0.037868946851362634,1.311975719684217,-1.5189918904492647,1.8337230301074479,1.0,7.234544063073572,2.2671027345864134
55,0.11442081127655737,1.4383461690935373,-0.35061639718039944,0.12234224262672583,-0.5043439610282174,0.0,-0.6504432346973976,2.5138123411221907
55,-0.4573249272305459,-0.05311663036542398,0.9037179302906306,0.5241427936850872,0.5623446006118474,1.0,3.1299925236789576,2.382866766493768
55,0.03693619139973843,0.08460292381812264,2.3033034059759467,-0.8539691550685853,2.589054868217311,1.0,4.349550095033267,2.414353278466861
55,1.1912553092913747,-0.09397425892276713,0.823571821072723,-1.3833724031624763,-0.005499132622462838,0.0,4.083357899406318,1.8336486718560967
55,-0.15407018263592895,-0.2701649976365611,1.0791453205199768,-1.4611532702256802,-1.705115581633791,0.0,0.8627114666789083,0.2580269978962102
55,-1.6928660610312423,0.6751560689758382,-0.1753963458244375,-0.05703817850119136,-0.3292611263806136,1.0,-1.535424390246612,0.05200583807876513
55,1.4024428693493862,-0.11336454256254505,0.9907611418408776,-1.3074345707321815,-1.8347839335465368,1.0,2.949097027209498,0.9578765551731256
55,0.3287993250128164,-0.3217296732159984,0.19704219885831456,0.6610091416203285,0.3371322510694275,0.0,1.9814847891370986,2.475992036544275
55,0.2193627265744213,-0.5053875632787675,-1.177823107594506,0.17253058115790892,1.0818770858854927,1.0,1.8701938397437743,1.1673533555238502
55,-0.7824348820010906,1.1573990934374285,0.4818680553063306,-0.26351507918347233,0.1748422543033113,1.0,2.634726297178708,1.364621044429266
55,0.41386999780015044,0.7200539957483706,0.6712655968570903,0.04086464679293597,-2.085141143792299,0.0,-0.10292922602455967,1.9615004127792832
55,-1.2475061233670999,0.03587375438794283,0.1686787839783941,0.45245424866308503,-0.6803423681628962,0.0,-1.705268895713046,1.3056338525332136
55,0.24812106652732913,-0.17023300389105542,0.48804167712376617,0.34152776860712364,1.2324298342036502,1.0,3.2393448764953936,2.9109580803805146
55,1.2748778436961385,-0.25978095610494123,-0.06908675638319714,-0.5481479465413377,0.687912406280849,0.0,1.4613292284294586,2.209312769438967
55,0.24636386686288453,0.3775351978003308,-0.8609955519525407,-0.7805527803719651,-0.15356112089699597,1.0,2.1516109051987886,1.1590885102501733
55,0.10520799336215159,-0.7283496584524021,0.8290685842056686,-0.2750489256003084,-0.6108389000809957,1.0,0.20602669351795921,1.2589541288520647
55,0.3424643862443426,-0.2732020487345604,0.2748697226990386,0.9412791957647298,-0.4353003475781094,0.0,1.3152405475578284,2.293954048120087
55,-0.15646080104329738,-0.12751468995330315,0.877392320714642,1.6357816532658893,0.4802081390652925,0.0,4.315017223109186,3.0138131769793066
55,0.17282954194151087,2.1584475365852107,-1.570499826566814,1.186399772051916,1.8038241628751317,0.0,-0.6074606544276757,3.2488405927200206
55,0.307508480434592,-0.5024767652933267,0.39256125316798673,-0.7024920078974609,0.49599965232141746,1.0,2.637969677855778,1.7649667082485716
55,1.2614833259966374,2.873638946028431,1.1404070154165298,-0.8765252601120543,-0.32223808921509456,0.0,7.465257562460987,7.080655225944641
55,0.207804585157719,1.3919238641066833,0.15914950611167789,-0.9980118106649427,0.28335077598576075,0.0,0.2981446748267256,2.7987190469701853
55,0.6376160979281636,-0.7491159602257016,-0.5099969846947635,-0.46480242088197565,-0.2018559004968731,1.0,0.8735794144520092,0.7510200000047962
55,-0.4714076742046029,-0.5249347907372314,-1.7137672557177062,0.6353026138851087,-2.0006186706402587,0.0,-1.0355293400273082,-0.9327389557238359
55,-0.9915308448022123,-0.5213506125014105,-0.12864448316331525,1.7814030339870601,-0.7119733903738344,0.0,4.188487565624982,2.2226237687881136
55,-0.6164147081842286,0.49113777303671835,2.1714328221989545,0.8044288818469862,0.7181617389784324,0.0,3.9609675791612915,1.916461025584273
55,-0.6336555612073635,-0.5069160807771564,-0.7674805432179309,-1.1495100204769952,-0.615981196504916,0.0,-1.1017960926111696,0.20410076443523284
55,-0.2163601802491411,0.4045589374211193,-0.07833080150465425,0.8251062544589518,-1.1314678752036063,0.0,1.755909082028221,1.8111564339111998
55,1.3580814826712375,1.6324019414821367,0.9090002381641125,-0.5671405975341952,1.5415272920822534,0.0,6.585012644002496,6.268404785775099
55,1.0446770822251283,0.47984986332227175,-0.24641797060424347,-0.8421873204077114,-0.3897896467480323,0.0,1.3153935396793597,2.494146571066212
55,-0.9586366060431366,-0.2991863492395446,0.9977491489991086,1.968257659689361,-0.26189751866756744,0.0,5.044065770595223,2.5521491151813924
55,0.5035378257855734,1.5527845012836288,-0.13964857451208265,-0.8569864737653675,0.41473116218876194,0.0,0.2403745347104913,3.509359926253154
55,0.41477939703337535,-0.40432144721059454,0.2523851199262441,-0.9535359915901422,-0.5853839279653064,0.0,0.6845666877983801,1.1625769472004301
55,-1.4156066081163272,1.0165190080190314,1.4437937450148532,-1.4691545302468654,1.7700754708620845,0.0,2.0227706603411413,0.3604839567729925
55,-0.9482565774902422,-0.8689968301035708,-0.7858474953236453,0.5495738461367021,-1.3085557729076254,0.0,-0.954098764296671,0.8497795292827739
55,1.0811435535468623,-2.2134910316022207,1.5857077612867296,0.5750952444988228,-0.26636730293675914,1.0,-4.07319340028635,-1.0269683291567007
55,0.42658070847530855,-1.1373198055062295,-0.6954441757863916,0.6874996905787714,0.4942521780946856,1.0,1.3643646896410988,1.170394791861975
55,-0.056514873677345534,-0.6789752276663343,0.8276877956748964,-0.32859312953407444,-1.2195734958699285,0.0,-0.8597675153929589,0.9869679363044762
55,1.8544892100034955,0.7666185749947346,0.8558257967100704,0.5416140812017268,0.7438702798156969,1.0,8.982147206957587,5.458490010757536
55,-0.06075695557758135,1.2373929211642933,-0.15486611451349483,0.7875400591351571,0.9760565463443086,0.0,1.5940367662727393,3.305535192706814
55,0.05436143090217221,-1.7311388644140728,1.564919383367088,-0.01353079681369171,-0.6832625661010167,0.0,-2.6756422544293192,0.5074440173080961
55,0.5114041437394359,-0.10427741726792195,-0.9619484752307544,0.6369710546148863,-0.7208985757322103,0.0,1.2009200460326994,1.1992201856748808
55,-1.6514839445270564,0.4438474239815962,0.34578597838999825,-0.46874173501845484,0.25832332501252664,0.0,-0.4507110818719816,0.6716679760676751
55,0.5803948749756914,0.6335284762073529,1.1903541142301124,-0.547621502044828,-0.32206312676717735,1.0,5.02845844317425,2.506324199345293
55,1.5266788381410386,-0.5271745339094323,0.7868685933961832,2.130808328412758,-1.3655257210508156,0.0,6.5126615956573675,2.1770678136659276
55,0.2206125583570388,0.3935075882122569,1.546212634188098,-1.7474643771317897,1.4459483067184502,0.0,3.6887322778128047,2.040802287397086
55,-1.4581531109080987,0.8248675846431907,-0.5553662530182698,0.05241696057644966,0.7054640499007743,0.0,-1.1230767815866862,0.4315387696589319
56,0.9592052422171528,0.8570855838390432,-0.20400382161236766,0.11337142460011976,1.1691876976030058,0.0,1.8443883463739195,4.2488073362657195
56,-1.4414637465601223,0.8190982031564027,0.32695266809226037,-0.54501669624726,0.6838380179782372,0.0,0.4444029173382943,0.6880292745664278
56,0.1386007180859008,-0.04451521832666994,0.31880347727041597,-0.5154010615898034,-1.2819901421412314,0.0,0.4884709247481377,1.2511901699615933
56,0.0030241403336263113,-0.2056062550583617,-0.4329359970080729,-1.1558344860275926,0.08464607214385168,1.0,0.9525430843108533,1.0537628573523417
56,-0.8994994227174085,1.4015818783213831,0.967590773027629,-1.854649752411422,-0.28185386960094744,0.0,5.501715689619354,-0.02685206158846376
56,1.222422798537149,0.7555634969183886,0.3237966968243258,0.5046888977790183,0.2819290727847434,0.0,3.821757810347413,4.415852791325522
56,-1.1545798374432998,-0.4919005067802419,-0.7453866307812175,1.325998946463489,-0.36885592234320896,1.0,3.9724708423490362,1.5854021543898165
56,-0.39661693588255903,0.6532392843879955,-1.8468910709233055,-2.805193712146888,1.3388074079034529,0.0,2.923418128897038,-1.0600136600628378
56,-1.7294173154229338,-0.41588997507714576,-1.464432692602372,-1.063540636087813,-0.6275183962988345,0.0,-1.7510734288747227,-0.8249889885083056
56,-1.4737787254523516,0.6805709137530378,0.09813814632506206,0.07802868329993295,1.0281963131379876,0.0,-1.5171125899872435,1.197755047475215
56,-0.5793309187829815,-1.2254570533869298,-0.13319995489201847,1.146786334627164,-1.696461917361375,0.0,0.6092840907076043,1.457255400134112
56,1.6244183666326788,-0.20893187816436717,0.3544895692072218,-0.7983987383715215,0.7312515093775365,1.0,3.563729538392009,2.4498454215658345
56,-1.5257813942015397,0.3571811505641756,-0.2704310415540499,1.129041074256171,0.822350004714819,1.0,0.988200199089714,1.6748553775031532
56,-0.08778437531071084,-1.5346082490223336,0.3338379972501733,1.7235658895730261,-0.790118538424201,1.0,4.794828294435088,1.9019526911510651
56,1.7393166452091164,-1.0116307497247738,-0.5637278708763412,-0.6041536359436005,-0.4682684933049842,0.0,1.7283617996938478,-0.36850921923356594
56,-0.565611357034914,0.2518120616219257,-0.43198722020926944,0.015303023344440624,0.23636562076661838,0.0,-2.5847269468346044,1.5186488437171954
56,-0.07571871847413256,2.250929065156866,-0.07484265719801984,1.7698221077993224,0.30579543212899535,1.0,9.854531929429237,3.9147557459353326
56,0.15613170236127152,-0.04769753416211425,0.24937980051844788,0.804989244391508,0.4161446476595756,0.0,0.1001008810929982,2.751092508340436
56,-0.6440857158818197,-1.02728640774922,0.06951629795385379,-0.23879033594365412,0.5646364888795512,1.0,2.1708899753064834,2.021240380033167
56,-0.008494209460939598,-1.5805433175944077,0.38140944874488175,1.6386982903208795,-0.0076407701819747615,1.0,5.609535803353108,2.1532811068582456
56,0.8057611115821907,-1.0541684031304146,-0.5843949477796504,1.5978447347070297,-1.2258472217685528,1.0,4.336198680970665,0.7542357752270528
56,0.16824246341544932,-0.6071715143733895,-0.2239072660915331,-0.654523831152089,-0.3616822737248758,1.0,1.1414095013975707,1.0333640786655622
56,-0.8965860564528694,0.2907548920434749,0.8274917934149666,0.9673575525012799,-1.9983921857909388,1.0,-0.48627357456920506,1.0113507354067965
56,1.637195184154165,-0.012211853674245099,-0.06519745662613753,-0.5694636340060888,1.7142387852316492,0.0,2.1915866198808165,3.3301627230877413
56,0.9529158606570198,1.9164891899634204,1.2469883100684414,-1.3146695328704194,0.06634923282597341,0.0,7.122472595608611,4.578468451684742
56,-0.3577498452649641,-0.2620762568438335,0.3105576867383919,-0.644751815093502,-0.16893022047607226,0.0,-0.763583395590705,1.4844458095072983
56,-1.1684088230157719,-0.76337565842419,-1.2396922366303322,0.3018934756957027,-1.122322264682444,0.0,0.3509689611007205,0.221069447772535
56,1.5361526201472049,0.060159020808105194,0.02003105537983331,-0.8479998051258608,-0.5198956604790954,0.0,0.9725204129984961,2.21643643792322
56,-0.7162709393083302,-0.9348728334751375,-0.689483867420694,-0.7901879535415902,-1.2530780664387815,0.0,-2.770560329206175,0.249249862307809
56,2.777390876409362,1.2193833400626364,-0.2661923754495614,0.05669086983231526,-0.3198906800470651,0.0,1.9626828653721577,7.085174699648865
56,-0.8814241307251426,-1.4023774705710965,-1.506591475817682,-0.8831795554293025,0.6711926992094694,0.0,-1.161404484361823,0.2990601248023217
56,0.16397734030217706,-0.6658676172689877,-1.271163040473324,1.0206354008310126,-0.14201653861583616,0.0,2.2915317600467144,0.7387654233549137
56,1.1823599943242875,0.14294000350717648,0.514949453019144,-0.9509025033811394,0.8246501396283927,1.0,6.7231150953201775,2.896322702620232
56,-0.4233349033906536,0.03853602908652893,1.6403359041244312,0.35382478321220484,-0.4682832223122484,0.0,1.5181526460070176,1.4847421043649864
56,-0.3908650010845206,-0.7435912095728509,-0.8472645391331399,-0.2077280458435395,0.9725068104797228,1.0,0.1470176799320353,1.3442085585876549
56,-0.4588637663218404,0.22459753725417622,0.27957982940655196,-0.26563771052706164,-2.588859565647416,0.0,-3.343042789450443,0.45351996022139696
56,0.13416384648767077,-0.09497365260988039,1.604941423835467,0.2712752724587007,0.731117554143582,1.0,4.00054788282975,2.2763817290724773
56,0.03704638091461577,0.21615120943610389,-0.17471744743228065,-0.5564108411286944,0.10152631623022197,1.0,1.8733250774847239,1.804581123347234
56,-0.8688433133773452,1.202287928423604,0.8477245280370203,0.2980447255482273,-0.48097551401435895,1.0,3.8409969921331806,1.1162103032307864
56,-0.6765024881548248,0.7055344315944139,0.5593295618870422,1.6128328155539084,1.5492033713377007,1.0,8.0464907088671,3.245514095700316
56,0.8160413228355685,1.3626326057914941,-0.07018122097880383,0.06933554889646454,0.940419480898484,0.0,3.0184403719141906,4.668626691652358
56,-1.4009705319071941,1.1904600603731808,-1.2619233191411015,-0.027333895671323542,1.1498321104034888,0.0,-3.7701406700576126,-0.5387820816696743
56,-0.4831491776428556,-0.23048240928937996,1.1733789355286492,-0.9621954297785399,-2.382678749265177,1.0,-2.8254931479591336,0.05583227738746599
56,0.572424369181297,-0.07594660651186476,-0.6336847201669392,-1.9028693194363484,0.5227180218326043,0.0,2.274963867740304,1.0036983784246953
56,1.5278427038777322,0.11102416677788754,-0.3825942720642007,-0.25001855045806626,-0.963885748971977,0.0,2.782898986582966,2.1185108557207553
56,-0.12440109032727842,-0.4965914427196664,-0.2320352781907281,-0.7404326972621683,1.1725955420227117,0.0,0.4163959303146651,1.8245444146906857
56,-1.1465728478256514,0.4736482878602002,-1.4113260594500496,0.4429765228987828,0.45409930259225895,0.0,-1.0756636331272165,0.022135554513126543
56,0.7233489999849029,2.1382060761750936,-0.47253187308171535,-0.2532109261512261,0.2094568720951318,0.0,0.949177484178025,4.609722582654552
56,-0.19037467460774227,0.7578080446717426,0.15340117637718614,-0.9230893584090466,-0.04063477345080824,0.0,0.4417524173792736,1.7225448417943392
56,1.9569163352574712,-0.005251737093188988,-0.828018608961913,0.4695049662699652,0.27656177381612895,1.0,4.381618133427379,2.6009157195076367
57,0.040003141513964766,-0.6835047893816381,-0.1870477199565235,-0.9890445076074311,-0.4579671955575315,0.0,-0.6207311821819003,0.8164346447938469
57,-1.2838459105216526,-0.9865662950865868,0.27139749502240207,-0.5142937752767908,0.39946677005613257,1.0,0.4069249707108896,2.1730754450158614
57,1.1356964075916993,0.1244001313163961,-0.023402075284105376,0.39349767963770704,-0.24360191567698877,0.0,0.9931735451754011,2.8343020799653047
57,-2.3169176982537754,-2.184864108415718,0.4262356396813511,-2.5073938660545982,-1.5205945645698173,1.0,4.822486830126358,2.920911579936515
57,2.5868801768624023,-1.0498317930053158,0.8440149604255441,0.8773218424595847,-1.036702622538898,0.0,1.7035774049370065,0.059519969239889114
57,-0.11102769766966504,-0.44687395462086565,-1.6676513661403964,-0.04198167072646319,-0.6782447361573437,1.0,-0.4478711552968372,-0.5199780054670377
57,-0.7151129316482944,-0.13661183626308854,0.6702012663808918,0.8707733959695155,0.4605331861534097,1.0,2.6084969368622155,2.456281097428084
57,0.38776118298754825,0.8752998478907397,0.8458574455227721,-0.7730354927351858,0.7250370651133384,0.0,4.5611904607610505,3.032957022968862
57,-0.6155517174459869,-1.1073398557280851,1.5321353116652974,-0.6633551213683153,-0.13118546774756867,0.0,-1.2956917504810364,1.2276279095905407
57,1.4666215027479297,-1.5131014805326601,-0.8510701358503501,0.4087200938835853,-1.3585325856906667,1.0,-0.23015958470091136,-1.4836496738700387
57,0.7871225075017022,1.439861341785965,-0.8459835019717987,-0.5232044956936686,0.6808768685862636,0.0,0.26143085047167064,3.565678960441691
57,0.7118863971351286,1.3045568567066792,0.4393086112181558,0.5155827984195752,-0.8139489192813434,0.0,1.991692728815498,3.912435089398352
57,1.115877323618127,0.9037591087527331,-1.5818482174395818,-1.4570371030408575,0.9937063553541136,0.0,2.483557135057847,1.9846613634342616
57,-0.4859051163319256,-0.583627714620383,0.21209880424653077,-0.6841313640242455,0.51027672287145,1.0,1.064055640319465,1.7455346030580354
57,1.8892541473973483,-0.6134892178222177,0.04071351251858318,-1.037353298746963,0.4325593423706115,1.0,4.424625769562873,1.1959765131309148
57,1.477630732843353,-0.4272455184844256,-0.15156054913777176,0.2841231835051607,0.6961681974543049,1.0,5.297764191280052,2.296783583006458
57,-0.03808049476504453,-0.6764563922941119,0.6243976855206573,-0.7359803028214722,-0.30441025402085614,0.0,0.45899998154644905,1.2718102998566452
57,0.026196758186388735,-0.26324598810521466,-0.05229435701749922,-0.19568392528736658,1.1138771471455209,0.0,0.22127846483809044,2.306161587658264
57,-1.4629787980358233,0.529601839171785,0.10281022889366218,1.0342726399202862,0.6860452183241116,0.0,0.15242695334816803,1.664798983959585
57,-0.8505819774863249,0.12584388367450972,-0.6988048519488969,1.1471945960670604,-0.4855056294162194,0.0,-1.659529952017515,1.2776440473870823
57,-0.3965501742404614,0.9984043491111518,-0.09323364019583825,-1.480510086472955,0.4421378116117291,0.0,2.4670731796904217,1.3348636028834746
57,0.8348322756506196,0.16945440754233707,-1.178540861207771,0.8126636082497541,0.17836736581451637,1.0,5.709760937049581,1.932127953569918
57,0.6015841573013355,0.09076142123757548,-0.788984993205483,0.6952482373871406,-1.8505989610641072,0.0,0.66806618584959,1.1331715303010108
57,1.2409475913587822,0.14593360437525635,-0.9661354882981853,0.9206752415865394,-0.7798241271870885,0.0,3.148771556619133,2.030377448269289
57,1.8630482733615756,-0.12941905526886516,1.2373404255271965,-0.11663564675858927,0.26363523505923453,1.0,4.894035645443942,2.645181184260662
57,-1.5077360776347155,-2.026058337323591,-0.3226578291696279,-0.6256582479163291,0.9514093106921762,1.0,1.0256899441781808,3.2378066620614687
57,-1.846677881818604,-1.3350949729260455,0.2561478667727072,0.25037257016861725,-0.5295927726976767,0.0,-1.4721058489065908,2.8304408755126524
57,-0.08236374364543607,-0.008122232071653735,-0.24849180287009193,-0.2245973055788951,-0.5668248390051502,1.0,-1.2173127050511225,1.4047534693927575
57,0.7679753380080798,-0.8641703648857746,-0.6222150843115603,1.1448247433800434,-1.3015139598491512,1.0,3.234629880415149,0.7113782272609686
57,0.047584403750462516,-1.3127691790010205,-1.3822510315234326,0.19749443036386527,0.19050551601464005,0.0,0.9380184614743187,-0.0047550993947608755
57,0.36474208141690695,-0.36600895213706486,-0.47620939043296656,-1.0050624051163624,-0.6448282118794663,0.0,0.49333631323566185,0.6915566645702798
57,0.4938544669557119,1.6789343424589922,0.4170565854198382,-0.7375767062575762,-1.4071798881144557,0.0,1.548201086280308,2.9659788162653724
57,0.614042089470823,0.3991945671880014,-0.5840725088937954,-0.18222383022922786,1.7678361442397539,0.0,1.801537501401128,3.0867343842627557
57,0.27569240648837323,0.3831479334931416,-1.180910975775942,0.5763308562159584,-1.2141106665085526,0.0,0.21818049485896646,0.90578812552571
57,-1.7947983294040637,1.1624092047288235,0.49498159907395833,-1.1179777982201866,-0.8847967973025191,1.0,-0.7450645816976464,-1.2764037085836824
57,-0.05991186940381094,1.1789687716895507,-0.7997644878208101,-1.3581211076847333,0.9996043564883118,0.0,1.8263027059876964,1.6066292446736825
57,0.5349473545898734,-0.14259723401496138,-1.2822144691965829,0.3014015698568129,0.7057321863736145,0.0,0.6402210914676094,1.2669457024423552
57,-1.022821312414677,-0.4973314625240279,0.23370643867770038,0.5743581201697628,-0.6751421712034086,1.0,2.7241481024022036,1.7878807498310385
57,-0.19922661884738158,-1.180310642125298,-0.8533817962707412,1.1712583568196437,1.2190251698673602,1.0,2.7517020881197283,1.9712702326371412
57,-2.7224038939861317,-0.5182749395263976,-0.4489483736266246,0.5925690292795389,0.3024744077059016,1.0,1.5753232054656436,1.9145658540304848
57,0.39327649778693313,-2.5146423199634595,-0.5810687855909306,0.60014976063294,-0.9104781739938714,1.0,0.1907129297030327,-0.6594547831533627
57,1.679838938540446,-0.05579235042714373,-0.9609379216481282,-1.7791273807515895,-0.34860994580056626,1.0,4.18711972513213,0.7467149036536409
57,0.6487824721602035,-1.9001714573881212,0.6289571706171015,0.06629957024460112,0.3758600107379824,1.0,0.589913500623451,0.4857073938363822
57,-0.7744366978487924,-0.24563475955309996,-0.710453766593615,-0.5577875809476147,0.03698456898568752,1.0,0.993490777938881,0.8226304716223297
57,2.9581853193598384,-0.22374196054883766,-0.38320000860968423,-0.7776176936197132,1.1811632904945786,0.0,1.8708138912572887,2.642997224639885
57,1.3024445864088625,1.8304206366482907,-1.4373511664856098,-0.18446868066135644,-0.9581507357231026,1.0,2.498990069863895,3.7935182253681736
57,0.8795458870821875,-0.5760427841726286,0.19144625229630813,0.6064237529643463,-0.7839842174938172,0.0,2.4997617748351457,1.6337684543354496
57,0.3365470211676385,-0.3713960676582511,-0.8918540083252412,-1.4586894065276361,-0.05139734803588237,1.0,0.5071724534620672,0.28458310322296987
57,-0.39834805848842,-0.7386660003695041,-1.2458441806484872,0.01800697131802549,0.6091475942245026,0.0,-1.014663939455015,0.735657766888951
57,-1.2350300029802417,-0.4623111149764858,-0.7919117788073853,0.09352217299626843,0.22448625014474163,1.0,-1.8733643883136624,1.1878318528020768
58,-0.6144009937536087,-0.36119860371350526,-0.2807310557589647,-0.14161939414485375,1.8732151493416247,1.0,1.6124763944145832,2.420406482175266
58,0.0028541395788950854,-0.19046888603981668,0.28639681514232807,0.16631759979912464,0.9241005446501629,0.0,-0.06873092013221682,2.553324473384719
58,-0.544561179173127,-0.9848266105012226,0.9414059715634514,1.0692725162576164,0.2348331071873325,0.0,0.2622390207181936,2.4830122817093843
58,-1.1209796016667015,-0.43636907390207574,-0.26935142585306204,-1.291846046617066,0.4789349335726038,0.0,-0.17747844382582706,1.1332989121726924
58,0.033993469777138505,-0.762026288139852,1.1882831536096992,0.5118342290511461,0.7156424045791656,1.0,3.1189575614283616,2.191212757486164
58,-0.22158566405510569,-0.2037492520058478,1.1103880064646194,0.7754776792746308,-0.360218499365552,1.0,3.1541985698549126,2.0396179948611746
58,0.14971739299519224,1.048783157101348,0.032178140880678906,-2.1322306443106465,-0.39095603889887637,0.0,4.171668452835148,1.5102494122772265
58,0.1365405849091169,1.1490299632645387,0.10248983267363614,-0.5962232386607519,0.1358108665807658,1.0,2.387819524107563,2.6154657405315334
58,1.0153161670546367,2.359246698479493,-1.36834619234464,-0.07154917549307098,-0.18926739005348875,1.0,4.245294102620351,4.469151395814912
58,-0.23487080905637892,-0.49124103899903876,-0.7010461090130837,-2.482150200397105,-1.7332129028993357,0.0,3.53173794200167,-0.9417145029328892
58,-1.466874449967909,0.40870243801693334,1.8449664512905575,0.6701735908664926,-0.4674485435027785,0.0,-0.2984349567350211,0.6244964289397772
58,0.6486331102151999,-1.1535395041861367,-1.618999382190621,-0.0536627389251708,0.36957465255843164,0.0,2.3408354179723885,-0.7004052382739999
58,2.1150405214981842,-0.7296847525071296,0.290472677674197,-1.9398621436876866,0.45739571882960184,1.0,4.699477841893978,0.5114767966692411
58,1.0794576179252973,1.5135537672901083,-0.46026695003856216,1.876035316566394,-0.1848965834341044,1.0,10.714927843769352,5.4416926820306735
58,-1.3924208594082397,-0.325919265617561,-0.25631618496955083,-0.41957854725862476,2.4460328173327532,0.0,-0.9497706128351373,2.4470462199750584
58,-1.6158896731345458,-0.9948046625108337,-1.339302338754833,-1.8933841737079684,1.2736834294733967,1.0,0.7082106580436447,0.5520777861402719
58,0.0015303820228483415,0.6667478209118545,0.3339585303422936,-0.23185100848393633,0.26854797933475705,0.0,1.6948685542381399,2.4652394314468156
58,0.653950744258903,0.38996268846655185,1.1357472381297948,-0.8678774137530165,1.2763593834473874,1.0,5.528468783537197,2.9705426285294063
58,0.327372558430475,-0.8317928690150862,-1.060493261340474,1.4102260563869262,0.14952796360976614,0.0,3.78232236748211,1.2135557875925576
58,-1.267279150922503,1.0833505294008927,1.8922161320871413,0.37464430658736,1.533977101759757,1.0,6.4323219793374955,1.119632947831208
58,0.6072003225604075,0.7627123151898741,0.5208545045193573,3.3031122384923504,-0.7950263376741917,1.0,17.797888538096238,4.529939961922734
58,1.317767557873542,0.17317238106402041,0.5310122123830271,-0.47269823546383094,-1.1587320257501836,0.0,0.8967983821917902,2.2857568122285405
58,-0.4284328432358637,1.0517125577182653,1.1257490825725216,-1.144423282111426,1.0661444178569748,0.0,1.5075437495988129,1.8152872879896298
58,-0.10246189958348172,-0.015134742217683508,-0.7639234795790123,-1.0371039761521548,-0.4620508821832185,0.0,-0.6574866285708449,0.5333407140898032
58,1.3208978008340768,-1.0048740764502642,-0.0665483448881594,-0.681390855906704,-0.6052941777014411,1.0,1.6642786736828676,0.15184569123887304
58,-0.020514865992440887,-0.02569286892877061,-1.7962643293423353,0.8648999708599031,0.3460306151877004,0.0,-0.5725944119380953,0.4611938028477246
58,-0.7401757934163891,-0.23177099653323108,0.5035301314067862,0.8824929081777714,1.271184116471076,1.0,3.6848668798234474,2.8900661264216834
58,0.853904629715787,0.18659639194521146,1.9113182915483886,-0.7653028033846923,-0.11436855470071676,1.0,4.297196207792022,1.8614303691360128
58,0.04945014909736442,0.41036918953464274,1.7201878511327509,-0.4153354733256201,0.4926901554671159,0.0,1.475290909886731,2.000137291850395
58,-0.2623688598847279,-1.7876112326568094,-1.4449041353898688,1.5614815743287949,1.0937421716627762,0.0,4.817171772484592,1.174743193937076
58,-1.0699014334137182,-0.73078668183649,0.9880603303838984,0.9386449759332345,1.5941700390496802,0.0,-1.013786909516355,3.1922737750559245
58,-0.13878376244983343,0.4477213811888656,1.1274371005613093,-0.6714029202966404,0.399848631595408,1.0,2.9196573167032196,1.9492500791272733
58,-0.5177521239897025,0.22614379646383798,0.7187575538901521,0.3800308195174798,-0.7809668049240591,0.0,-1.1929588961321487,1.6486445881125324
58,0.6544541597014738,-0.13513843223977204,-0.5544184965583342,0.9121306527068661,-1.7660762134787586,1.0,0.5437047686847558,1.3172406418507558
58,1.0668922753130714,-0.6966921633627498,-0.3469759523234761,-0.10206313835489218,1.1692083282269856,0.0,1.8389488983770375,1.7422945427567118
58,-1.7398999721044337,-0.10123492173010909,0.7167448620816452,0.7494470693095124,-0.2722339789518023,1.0,-0.17383627959309778,1.6064982971612956
58,0.5904160512318841,-1.0780647092200006,-1.3422466814493568,-1.8070510793400305,1.7490739614812691,1.0,5.773085731381696,-0.3538778145744329
58,0.14954555298564737,0.8734504557954181,0.08246913950577373,-0.3758835683601161,1.363354467744077,1.0,5.714195005726248,3.1736900026540718
58,0.5797148220806042,-0.6186902754058817,0.42345208864653966,-0.0709623860752971,-1.53400831567624,1.0,1.4884339523105647,0.9427649211357831
58,0.7753366922284899,-0.41121045451432975,-1.602582551906932,0.11099740118324357,-0.9706427587798812,0.0,0.6667295427919679,-0.3996582622798947
58,-0.09259532318322668,1.1169011686068684,0.7282957228375234,0.3349325875102825,1.88970103942569,0.0,4.510568747117938,3.631507623209801
58,-0.6466485539975986,0.6268231502580686,1.5432966806468043,-0.9336676229427736,-0.45928373021490687,0.0,1.8342530120311438,0.6874218584153078
58,0.6099741982194321,-0.8077975791475791,-2.695476557223699,-1.3902279218412446,0.16856921343907733,1.0,-0.8746863423286078,-2.452344674783113
58,0.16357332775009217,0.47660335645648827,1.8055949611898623,0.32992075028263856,0.13349883819191766,0.0,2.622910905003741,2.2999080641136285
58,0.7057722316348767,1.2352529326430555,-0.6070133421447169,-0.20441079555865732,-0.11912644270369342,0.0,0.5493407549946472,3.1983998295632823
58,0.0654435080312243,-0.8937474947618657,0.005687475640646314,-0.3076305977347032,1.6560367937268827,0.0,0.6139321496413461,2.204388697453774
58,0.3533171540333134,0.11591211764548345,-1.8738779484342845,1.3506394157215469,-1.7482933766487176,0.0,-0.8413665522606011,-0.15866036372969816
58,-0.029315428346121983,0.7643148255649913,-1.4764086847941396,1.3149445905773813,-1.450225755788021,0.0,-0.5740776605121739,0.633496111180739
58,2.033696629734277,-0.5168210229902199,-0.11412148141996352,-1.087009299599301,-0.6619167765681834,0.0,4.210762079503428,0.7693520599977861
58,1.592455276877855,-0.815370542495516,1.4256501835768656,1.2319229805129863,-2.5388612261011865,0.0,0.36816350896728633,0.2940942509220923
59,0.08538367142683208,-0.7140337720780392,-1.027538910557402,1.3319296884072047,0.4489906673682458,0.0,3.556765008543935,1.5183260205140172
59,0.2630994902816625,0.8718301200602613,0.8485899090545602,0.5505514721547953,-1.3195547968775314,1.0,4.032714564551116,2.4976780206268456
59,0.15894652038350385,1.0418378556811165,1.3727891254029594,-0.7075054012711322,-0.14013967042253817,0.0,1.776577082850443,2.2252765791446087
59,0.2730775125194227,1.1136606797086392,-0.41293819787515884,-0.9119848081293095,-0.5328132915002429,0.0,1.5810633376040673,1.9845623082361743
59,-0.8955053909732626,1.037636503746911,0.24672917146171644,1.9680654622124432,1.469354122359796,1.0,9.234602431397944,2.953647304763357
59,0.8867717349603232,0.3331268284074277,-0.777461109107387,-0.6157811468548229,-0.0005341873648519297,0.0,0.6173725073306727,1.921165310154052
59,-0.08221641768066729,0.03126676328594549,1.0373474669038143,0.45215149311462616,-0.8812659964766688,1.0,0.85098586478218,1.7845770427444383
59,0.5615204381076998,0.7667905807458837,2.478353329787695,-1.592429407035437,0.9040485419072913,1.0,10.01508336953523,2.201708318412154
59,0.4459645423667716,-0.25134063990924427,-0.3599785826816255,-0.6950815672585912,1.4140431626977645,0.0,1.427209763723992,2.1006188123849348
59,-0.28718086811772087,-1.3093104546871897,-0.11487915566352191,1.1896393277568116,0.7551188445405764,0.0,0.9241931028315862,2.4861114034753093
59,0.4264184917220787,-0.9409550751879932,0.9864930671879328,-1.154081652227129,-0.08038290054150701,0.0,0.9048615034311911,0.7691236889958077
59,-0.2927635167609064,0.5683335828878427,-2.014920113468917,2.0437557100692367,0.38918248811763223,1.0,3.5838704742609933,0.75073990133592
59,-0.5791888287050411,-0.1142474585791433,0.8134959925933468,0.5226822912465727,-0.01735760543393491,1.0,0.5295613713947303,2.0658251692821548
59,0.7335276407852732,1.3635513333441869,1.1809695155052446,1.0810867980255585,-1.9554837673371033,1.0,7.822576805638675,3.5820565784141034
59,0.36659394977417076,-0.09937122386213515,-0.6509295817547999,0.6372760561384877,-0.04325265792607719,0.0,1.5356624518100777,1.8642502661675295
59,-0.40067629763033114,-0.4234224509104715,0.6914795707136494,1.2754123952136474,0.05959146932692087,0.0,1.7339630025858574,2.5411510527102923
59,-0.19581366945561207,0.5972788696781887,-0.33117538720396716,-0.92562927862996,0.717923364677166,1.0,2.6778259176531156,1.7599973964646303
59,0.7915815297445956,1.0863986830913792,0.7090217310086028,-0.08682977920094916,-0.12048061005383047,0.0,1.1007272803286956,3.8088180905434186
59,-0.5856792294334127,-0.00723944926644527,1.3463595862249609,1.0192910621446134,0.5783021597599141,1.0,4.58787127482397,2.402314324578816
59,-0.9332255143500382,-0.4462068670695891,-1.9641723430590132,-0.4173866742170861,-0.7193197142595622,0.0,-3.5593646504193193,-1.2070526740767467
59,0.7610752839887617,-0.04657865754530186,-0.28215214589126464,0.03754043077912423,-0.237484591363705,1.0,3.7828486019909677,2.0412087503862892
59,0.8273203075187456,2.0528426221619327,-0.1552822180863989,-1.109029374224463,0.026146034327282634,0.0,2.0178741924552015,4.507324997875665
59,-0.9207032687852615,0.9449914246781322,-0.5139340833986976,0.8425037422616226,0.8520110726908546,1.0,2.037108664240562,1.6031949789153217
59,-2.053841264600156,-2.9379765940077154,0.6418358811251882,-0.704940385215268,1.0821808481076833,0.0,-4.455574607855978,5.848764832853405
59,0.0920011868855291,-0.42050349710596896,0.22267376752362114,0.07000474362319031,0.1435535379144544,0.0,0.18800000007069895,1.9904885149847606
59,-0.40815317249302735,0.5672786032544456,0.7221054298290067,-0.05820405625974223,-1.6120476657476448,1.0,0.23003425680137446,1.1243687833805445
59,1.5797053172248698,0.614581187353757,-0.0939951063010291,-1.7639317874911933,0.30649718791339176,1.0,7.385804800790337,3.2878712803603105
59,-0.32333023660376387,1.6263291313952304,0.0417697333643804,-0.9055026014504473,1.2726082600648787,0.0,1.7203905551661398,2.329223532049449
59,-1.2283591797234257,0.3543352881262428,-0.1079062459476347,0.4908594344380031,0.06231000585847616,0.0,-0.4206096411603292,1.3445524154024437
59,-0.9738469503277695,0.36017056653978735,-0.05025310757493927,1.5201192337885874,-0.9806042785376677,1.0,1.9200117793736802,1.5857793024184812
59,1.1138820030889311,0.6907961957140988,0.07689989818253487,-0.21990689951980247,1.4906348004987868,1.0,8.820273058613662,4.342663108841323
59,0.2873691016595768,1.0879911553147825,0.1835828074146336,-0.35099835564876997,0.8695022242728936,1.0,5.000007916902458,3.334574458547789
59,0.9414235396021879,-1.781931964105793,0.2598111446654079,-0.8272340021012902,-0.9838176576700202,1.0,-1.3378659584737256,-0.9069886548494341
59,0.3623287957964749,-0.9346767590356803,0.7060794904043465,1.873700512483711,0.5717582158821672,0.0,4.2589530483353215,2.7118463850496592
59,-0.5298871832499548,0.7909781852702346,0.5401729687001503,-1.3750287008626658,-0.7463388521172185,0.0,0.784667882104435,0.7784387453648207
59,1.111596207852216,2.0262028607178877,2.0910574667767245,0.7668526311972886,0.5295203088218063,0.0,8.97245610997547,6.017827410812449
59,0.03601303688266694,-2.1059768514377133,-0.31272664282545926,-1.375122244909181,-0.09941752971186678,1.0,1.2824099710451469,-0.05295949315005777
59,0.05463985696108276,-0.6609589595239773,-0.6513661524298788,0.8570385870565239,0.8370335926524544,0.0,2.3416051003710763,1.977335038385751
59,-0.8048850655387829,0.47597964153246985,1.1859649255032119,-0.33319652132485017,0.13015115146415016,1.0,1.4957322235803907,1.3193010352400025
59,0.5718562468353865,-0.26856175297628215,-2.226074346613224,1.755018671875076,0.7038486637948276,0.0,4.848266782820674,0.5050853225323606
59,1.6294394769803475,0.0899398595584948,1.426703138200387,0.9508675401674087,1.2023361889728272,0.0,5.064263142172278,3.93978973484211
59,-0.6827387798314792,-0.289627168813695,1.5463978047768132,-0.24447248446040742,-0.42997856336822515,1.0,-0.11584685150012577,1.1719262053928163
59,0.2394508529605708,-1.8273291070683508,0.6835637858437316,1.5609784279564785,-0.730652195280612,0.0,0.4956258337103153,1.300777270892454
59,-0.19671311841442543,1.1787271599294082,-0.9603197497469625,0.8262305009826556,-2.050403157354672,1.0,0.7273088369655847,0.7401477427704377
59,-1.2249347870325098,-0.46133572019244623,-0.44008588548747174,-1.0374194387794844,-0.33052466990828283,1.0,0.47902500577682394,0.7226709993288765
59,-0.07911115932504174,-0.8327260101903621,0.08283309037796337,-0.8994167761110968,0.8398784335039113,1.0,0.981050543594645,1.6181780098864356
59,-1.4647260099715866,-0.31777309026589906,-1.6024205696639962,0.4473394385264242,0.2594187068933302,1.0,-2.082474477668683,0.09475077640390472
59,-1.1493537246430645,0.8582103483665281,-1.3219582552272198,-1.66939683746252,0.8468392232618437,1.0,-0.34898689310062037,-0.9579388976651431
59,-2.0198693943670354,0.06031868307831123,1.6104421830240192,-0.0510752878154312,-0.17533099175005376,1.0,-0.20680770240791374,0.5507712630337899
59,-0.08905282692441052,-1.0496195157996855,0.29275566905547107,0.23516938657478553,-0.2573922784958183,1.0,-0.27113880540279145,1.616854050782412
60,-0.011346872165881925,1.809480958342129,0.0900858785626132,-0.7072276696049257,-1.3653099374731794,0.0,1.371079066978477,1.8832542404082215
60,1.0124269227169211,0.19594254110242038,-2.6350450496196336,-0.013553604567820352,1.3970967206543328,1.0,0.1951811469556552,0.3023865847064986
60,1.01348799793382,1.2635914629857605,-0.3522796134970193,0.300223605513624,-2.041599014742011,1.0,5.080058310541695,3.310935599390443
60,-0.5021667606774456,-0.6318736110810937,-1.1612525806007346,-0.7340922256293968,2.317972943015842,0.0,-0.14522873778720657,1.3597906535920958
60,0.25696741384307026,-0.9916959747155346,0.0763856923197583,0.9845265766983754,0.31519179173955836,0.0,1.6723593585916772,2.0629382312544124
60,-0.6943410392162206,0.5605125662553871,0.8724935439689409,-1.3790012762076906,-1.2063417648978336,0.0,1.2539044889193258,0.3303927939198193
60,-0.8434805281726313,0.875506295221706,0.7388288004442461,1.0070742334930476,-1.221949802041023,0.0,1.5133379063302765,1.2787747649304917
60,0.0734570051022462,1.0704952922303381,-0.8069311010640379,0.9167650318944078,2.01082263736082,1.0,4.588115735756818,3.4026577576125634
60,0.7596519615459898,2.0187801907152836,-0.5704742504072554,2.621594151169949,-1.305985735525191,1.0,13.354586412121144,5.1369984503319985
60,-0.5004666186333168,-0.32700756181751806,1.2589691996400427,-0.4082895657132552,0.059623567501753925,1.0,-0.11652734311378865,1.511869040017735
60,0.6299007859822808,-0.15209473152816458,-0.6289604671847301,0.6194833077777964,-1.113611425651802,1.0,0.7782083834460216,1.3901936506862829
60,-0.4953554415798992,-0.1737573614071502,-0.2460674727378975,-0.6799546358430202,0.2988054359072308,0.0,0.5208292678645179,1.4077847666801806
60,0.5921860365820198,0.8363337605414558,-0.1915241014631053,1.183095350691771,2.1992919369268935,1.0,9.101092535409522,4.786671921123485
60,-0.04798657766785109,-0.034006601035465954,0.2640190278335978,1.9850621203240768,0.8724398365800533,0.0,6.256323666640264,3.4867447256040105
60,0.11335534811231043,-0.17681546944563734,-2.1353310760956066,1.6684952941436515,0.7516148569707656,1.0,4.565876658805285,0.5555936851112644
60,0.17119118929416324,-1.0208794657485067,-1.4614586444751694,-1.3591336227618185,-0.2574095726701599,0.0,0.7807617840785859,-1.0294906659379415
60,0.0337037594082686,0.7269952958193318,1.7444149431448928,-1.3479835016008457,1.5147326965978807,0.0,3.571943513179334,2.187686384458711
60,-0.4213497138394945,-0.15217393094716145,-1.0561657918665328,-0.7090380036282902,0.18344254394559648,0.0,-0.5157302740158218,0.47868926675431567
60,0.16084243644589086,-2.1496182650551217,-1.3951021413587095,-0.9613277135673937,0.5340056051010141,1.0,-0.38556673823347487,-1.0765581999873675
60,2.487767700417079,0.05382042815797937,0.9068422142273521,-0.47411211992177654,0.018897523854884263,1.0,4.022992052289786,3.246736365169527
60,2.158251452805833,-1.3154102890123034,-0.7762536282515238,0.33709814038313496,0.26934594615780677,0.0,1.9368619927977697,-0.7889270671956639
60,-1.8258025531206585,-0.3878752758874276,-1.5547322675050228,1.505316231472872,-0.2739391389443986,0.0,0.3190932407724616,0.45573053541498754
60,-1.3822349847290172,0.5763003337441488,-2.463523124965438,-0.18400210086275529,-1.60538825820914,0.0,-5.0001136864787545,-3.1047916865569687
60,0.454485057752956,0.4478674093263442,-0.5040742362536412,-1.1464315253950028,1.4117755837270558,0.0,1.0273335904808616,2.4109821806938125
60,-0.9194891408521054,-0.345418254992919,-0.34509292889125043,-0.5727234188164807,-0.06780892987372014,0.0,-1.6893863173473633,1.133386018105692
60,-0.33149367676866826,1.0723475817742802,1.6083075428956688,-1.111810629785694,-0.9434269999743196,0.0,1.8049930530208438,0.75398304664581
60,0.7307192545344148,-1.1833511172075484,0.05186899015811223,-0.6854563904898872,-0.6920035547797928,1.0,0.5306084759617309,0.24484625038430397
60,0.3320399275670797,0.2596510392356528,0.22816910981756416,0.049511595294235364,-0.3964119237744736,1.0,3.16419851733027,2.2967765509706237
60,-0.9418980108665967,-2.351044865757941,0.7092540893448869,-0.8488381937804944,1.0532896208412286,1.0,0.20959144735905905,2.7836736771369543
60,-1.3721725757898844,-0.8435826014807757,-0.4064109980728619,-0.6820374642035165,-0.2335369210877676,0.0,-1.6738485683546243,1.3072161535592217
60,0.47873893972005566,0.7265839250022311,-0.042558072114989284,0.42650615359581723,0.784943969446832,0.0,1.5361294397624035,3.534046017622496
60,-2.1156797502002203,1.012440021771319,-0.6138563382956419,-0.14118510504196494,1.8660710097079398,1.0,-3.2575170916318297,-0.3206711754135081
60,-1.0382176079988437,0.2662949073321443,-0.767497400198018,0.15707898114387464,-0.7651905410339324,1.0,-1.518377651064411,0.3694126754745721
60,0.09985464089289102,-0.31845765983025753,-0.5855079451576068,0.8451464115193025,0.6873731380498894,1.0,3.450368268125213,2.1658363088196695
60,-0.43854690687856274,-0.28857693458358863,2.6241155326772274,-0.18428610404986673,-0.2103014783831147,1.0,0.06664047319734978,1.0086865913904899
60,0.36679695035875953,0.1193594578228833,-1.8087288349926582,-0.18139626049048604,-0.34063325832503893,0.0,0.5695896293372672,-0.11421417421257887
60,0.6526910596573546,-0.8063944158709978,-0.17031793546815846,-0.1720575736410269,0.8806002940292925,0.0,-0.882790735210969,1.6514652165848158
60,0.6513928589070269,0.12930544477058226,-0.2441108995751365,0.06239503887330901,-0.6281651878486071,1.0,3.7233777944553124,2.0399898693340455
60,-0.7573441649673179,-0.8955497136645649,-0.8569864387885953,0.4661643398114543,0.036611019357951004,0.0,-1.0900367314072659,1.3294051780457863
60,-0.31035275395999073,-1.4995481313094083,0.5681826056202905,1.1134540679868192,0.5348248249822835,1.0,2.2845278990733693,2.5115495074159195
60,-0.7772999682993098,0.6708247452074986,0.416744082988898,0.35776255743641755,-0.9514972194541342,1.0,0.6973048413533298,1.2512467780960412
60,-0.13471862263241918,1.6608383028106166,-1.4557026916075004,0.19577123763579854,0.3312457705458626,1.0,0.966400747745684,1.18981085440366
60,0.3109117284255503,0.1378171531637351,1.1514695670105755,-0.8628532133207973,-0.048270556432936845,1.0,3.523044573206342,1.7945319412215912
60,-1.3975936330900514,-1.1414979863303316,-0.21385368770482438,0.03694305109412869,1.8599051756354406,1.0,0.752845732785024,3.1445220927270814
60,1.5139748563578699,-0.38359340243617757,-0.5621464034968524,-1.869554261582035,-0.6396075396964914,0.0,4.04667512872616,0.2948988785244627
60,-0.09300823942329368,-0.39727668022412976,-1.1605891630789393,-0.5156418386219749,0.7032624370992344,1.0,0.22968442099151376,0.7041225760542065
60,-0.3297419694351371,0.022299895530291602,-0.32713511088218017,-0.24808210340449205,-1.7597511102477776,1.0,-1.4556437384931837,0.6184083965532001
60,-0.5995673584121831,0.09418685353387854,0.17744434659411806,-1.024306972653888,-1.1855963325740722,0.0,0.7446036508447024,0.6589069221835548
60,0.14065790396738845,0.23658801031306964,-0.37163635701656955,1.5447163158157022,-0.7677435584888399,1.0,4.675757221518564,2.3563034966210026
60,-0.650767806614213,0.23881974159229508,1.5059231556967239,0.6598245646201268,1.9061495447310712,1.0,5.039106801307193,2.7393860778434287
61,-0.4279821704481702,0.7791692516347352,0.5167116449550785,0.0618273350616305,-0.8089919767350691,0.0,1.70422169436596,1.5963448978327892
61,-0.4094400040827089,-0.839201394188122,-0.5042418633390201,-0.6128537202604235,-0.1788357043780713,0.0,-1.7044142234616542,0.9468572941743276
61,-0.4793877424366795,0.49339329110420554,-1.7725106124546097,-0.9676975843341251,1.9595701925581315,0.0,0.767889179956768,0.17980792413269897
61,0.1753574734873465,-2.0427954432177433,0.3107934566153218,-0.05701772238498761,2.3934639982689374,1.0,3.6178717623149246,1.983772652946348
61,0.5775803333880034,0.9901151061948655,-0.05083488012935335,0.06615229155342085,-0.06220413486267013,1.0,5.119077993183069,3.3309835569083246
61,0.36600764757788185,-0.8746137440391331,-1.1220723631993084,0.3629389782533739,0.33758370732426884,0.0,1.2038501694666561,0.6486229709833113
61,0.047298080372965165,1.3349624072317152,-1.0526650563317792,1.2265001628844476,-1.6956386328770068,1.0,2.900468808959041,1.48862719173643
61,-0.12514161412026323,0.9665888752203557,-2.106254182192913,1.6006517110363374,0.188219710463254,0.0,1.7024799824666608,0.6308368935564153
61,-0.6368935754068662,1.0936627281176068,0.3609709394445639,-0.8563065782854521,2.06789037312568,0.0,1.8690771471873484,2.2536695239351165
61,-2.197088174998669,1.275263547569305,0.22443564387680515,0.13126298353787944,2.2425631449327,0.0,-0.9362648334744258,0.011271975356588415
61,1.0595590125263479,0.23113453181159205,-0.2835804773996702,2.155677246462039,-0.263724192823886,0.0,7.834917080370596,3.6544935315747074
61,-1.0168666703831863,-0.8474465658588151,-0.15300484700723094,-0.3833886421592977,-2.5349345669089685,1.0,-1.3122838453941434,0.3822370976245699
61,-0.43699596553412773,0.6913356856506093,-0.20481905961493166,0.7875923479297653,0.3154859350815731,1.0,3.92646465651458,2.253286368310017
61,-0.6721493930864637,1.1062774472529457,-1.564920051226217,-0.03545218400025949,1.8397466158351714,1.0,-1.231379038691342,0.5990437443814489
61,-0.08115061380682731,-1.0955470556062645,-1.017145320803046,-0.1613199645691303,0.9402818104914535,1.0,1.0495471975009587,0.9072600543577507
61,-0.0366520237365659,2.4671212238834235,-0.6994167846892767,0.04866768883204848,-0.03055179590846137,0.0,0.6281273090937445,2.549376943336903
61,0.9179704619038338,-0.18006378977667456,0.12460657101167515,-0.4745920237817079,0.1125674779449735,0.0,-0.36804034420007015,2.077197749470554
61,0.7993321550337722,1.541514982960001,1.004847609129063,-0.6159259720785111,0.7711768362517538,1.0,9.135376039161152,4.518872150056316
61,-0.06835153867025505,0.32798323214771463,0.21990451419284307,-1.7320998047982106,-0.6243924038772367,0.0,3.2280062951251827,1.0150221236354753
61,-0.9757848134460295,-0.32059949850427755,-1.1485901715714293,0.280638882358232,-0.37988770534509825,0.0,-1.8431385494272934,0.450498343635946
61,1.2013179287884108,-0.7930038259028122,-0.956982270388228,-0.5689109850123141,0.5381637106103306,0.0,3.283999647439348,0.3336320349336136
61,0.5542451558747685,0.7929889477599763,-1.3964208785186696,0.5287472582601076,1.7667076306459069,1.0,4.58470372929235,2.7361374309887703
61,0.3347638118503114,-1.0922093714206162,0.6890649727543493,-1.5397078803824749,0.16227402794442267,0.0,1.252291294929701,0.6833014652353302
61,-1.0353128972578236,0.7868204646766664,-0.0169270084447526,-1.099875562912627,-1.862247489336586,0.0,-2.8325136061584564,-0.4285198799305274
61,1.2574880988787835,0.13063535279731764,1.0304989051498612,0.3468513868550609,-0.1590092048374538,1.0,4.513686715805229,2.9818957408934263
61,-0.0585481930478725,0.5881727236795692,0.26856019526799374,-0.9355977129922103,-0.5619313195072423,0.0,0.17866268915577083,1.5800453349800434
61,-1.0264612510217777,-0.2631384190659966,1.1865921610895684,-1.0752775475073486,-1.8787596252581562,1.0,1.211087565074751,0.11640048986230878
61,0.5920846071744934,-1.5068342747750612,0.1704191067031575,-0.758965908708085,1.0152410281192716,1.0,1.3704011942207661,0.8493126744955279
61,1.2247982553852474,1.2331022041842599,-1.6315762345433225,0.7606267902184652,-1.5693960928255,1.0,2.0387671792341076,2.4583363971067937
61,-0.4461958102720386,0.5844482001444119,-1.580679325366183,-0.4208243183795869,-0.6450235150958561,1.0,-4.4052550352663795,-0.524798560397394
61,-1.8934101966361494,-0.11248169509969279,0.3692983801639279,0.3573212224443904,0.00903144057732282,0.0,-0.30666530805276593,1.5104343968283251
61,0.08724023061919375,1.0712409914012921,0.0004131287107127823,0.8508141420629881,0.6670780530942486,0.0,2.23573579877238,3.4318484987451354
61,1.2117824696646453,0.7082575300201905,-0.1822101369478379,1.2553522786585039,1.3760482288363265,1.0,10.200267663126908,5.026314854345344
61,1.9287670505737788,-0.5543360229036487,1.4761798721808017,-0.3967709064486487,-0.0024125479646230955,0.0,1.9498124661049172,1.2510040125243733
61,-1.392842888512904,1.0837293179686696,-0.7447161228133896,-0.41006293176840225,-0.05994393765778086,1.0,-2.3287144036227647,-0.5361026215075864
61,0.2483144448645269,0.24785761358371003,0.140697058011376,0.7241920334780245,-1.7675111361376736,0.0,1.1058120913811922,1.8484401186290347
61,-0.9851837704248296,-0.5766021502261244,0.6175035085601973,0.3966947670763021,0.25974657826107,1.0,0.39442776449323047,2.239465015243419
61,0.20274937796633688,0.4386762991007212,-0.12610503973994203,0.9102253175729194,0.17822938736243277,1.0,4.00425409043829,2.882888308832303
61,-0.09083808730389004,-1.394372003902154,0.20799187893008725,-1.2435091682154362,0.5691622779972519,1.0,0.5011887195718847,1.1293270897586751
61,-1.5463754658334947,-0.4204617685434675,-1.8521497167880425,0.8576290563805128,-0.9388183341564379,0.0,-0.8949018273868492,-0.5775524291586251
61,0.5762145346183031,0.30580333061132875,-1.4147547335123842,0.4753199512127301,-1.0860808322131104,0.0,-0.45296321719322125,0.7598685707251717
61,-0.9638412783730652,-0.2447624151301935,-0.6186054779391502,-2.04826299159735,0.7457941612384428,1.0,2.3400336397358394,0.4857610495742761
61,0.7919881798075554,-0.08739044051986382,0.7220721786533508,-1.2891832182123193,-2.112230494155924,0.0,2.3994702045516467,0.6938536600457302
61,-0.31088365297969967,-1.3629764420804227,-2.372703977279185,0.28831694506359457,-1.5841404844026439,1.0,-0.7614781415871333,-1.9661505683090743
61,0.9964334226568794,0.9552426144956551,-1.7993835701184733,-0.4013375693565794,-0.2807899802079494,1.0,-0.5219345255705697,1.4603163837797832
61,-1.6384550948040169,0.2990577702006418,0.6695006811711388,0.4406678356584887,-0.4940443270538881,1.0,-0.6137838276653219,0.9325023435130333
61,0.04880742426876375,-1.0269090909681644,-0.3234384149238271,-0.285286382422527,-0.21507410945430439,1.0,0.31879810096116024,0.9970771241628495
61,0.028274288660283763,0.46497490640401157,-0.5872578508048489,1.7017351040069661,0.025905196263221443,1.0,6.060294340840892,2.662425835029349
61,1.1001481585476138,0.5620315557639554,-0.5348819341102355,-0.5051361550340966,-1.7665493515378885,0.0,1.6570259473686615,1.906452936048734
61,0.005796805754198427,0.10226002588914279,-1.2604601275483989,-0.3128711279283706,-0.7834054087733371,1.0,-0.09547337126255051,0.18163165822875948
62,2.0101484548665054,-0.4168758333673847,0.1422868455361504,1.3677528773942806,0.6036207456417697,1.0,8.91521852142675,3.005378526416375
62,1.0402414329915362,-0.21186978569457193,0.32258768320088416,-1.0143372811714166,-0.5685376428873565,0.0,1.3455377461791758,1.5120647160394856
62,-3.1398740924694937,-1.210206021008454,1.2144894619475222,0.14070674717735757,-2.1302771888881322,0.0,-5.344146823051974,2.586129430592912
62,0.09290419048035341,-0.5028671608145259,0.09901631503549671,-0.024420049263157852,2.4804404627539665,1.0,2.4073082482933947,3.020920301093597
62,1.9602750161917721,1.1371551942141729,0.7885082691533931,0.8680222532339754,0.876577755465649,0.0,5.986991921078389,6.749310348908323
62,2.29881894690071,0.09351556865833648,-2.299524043524186,-0.5423568894589702,-0.7093031224861294,0.0,1.2551555549242077,-0.030370431494308625
62,-0.6713459569268562,0.3173207894172483,-0.44471579956453067,1.162524351015613,-0.32940764003388273,1.0,1.132863659367923,1.7068888081893252
62,0.08300211847962814,-0.8176807792267435,0.07207782017392692,1.1816581002776112,1.0175915501170352,1.0,4.307867472064318,2.6978586863124834
62,0.559232458910281,-0.3449379991526818,-0.4407223879064247,-1.8513710047495686,-1.0216560588653412,1.0,3.6356290184406963,0.16181571233894454
62,1.252033184235053,1.9658990337250242,0.05911754593967533,1.6228967718183858,0.9002362462675477,1.0,13.597723155555592,7.359715284819609
62,1.9454045032145075,-0.5977530742348005,-0.23553307492719464,0.17553622007873676,0.7595817369453255,1.0,4.125012449616353,1.8331367135134107
62,-0.4998845221237445,-0.43718657205458067,-0.04082286641140473,-0.6138123799270963,-0.045123390781142816,1.0,1.4925725727208712,1.3992947975024734
62,1.302931483182581,0.3279989742934483,-0.6514273552460574,0.11481433485417268,-0.06248230563019351,1.0,5.983431871724166,2.738496927689065
62,1.5920797391073267,1.1709320253100524,-1.9225345806877043,1.309387352734942,-0.7389547111984515,0.0,1.4355000966357734,3.225141909130353
62,-0.41443071054539954,0.45543274333383715,-0.0426375304271131,0.8767126891212569,0.19371840271852897,1.0,3.3327474010094558,2.3447436398735553
62,-0.1042045630541952,-0.5272169824889325,-1.1653091829845068,-0.03751127848560228,1.2607430620548354,0.0,0.08917009170334667,1.1626553914606592
62,-0.6733813070439495,-0.47151690251530887,-0.1403262804909878,-1.1949782323148692,0.2764070375862463,0.0,-1.2478454578117713,1.205783239028442
62,2.0735247473813114,0.2891889314978745,0.02014596656335148,-0.9637472144758885,-0.21228536489913352,0.0,3.836377253949931,3.2028510160423105
62,0.7656615070493953,1.37239677209774,0.4249732540337489,-1.0046745746119041,-0.16217701177597343,1.0,5.727145425297506,3.6599311147364757
62,1.6153813623310742,-0.8503115463742096,-1.490888379917914,1.8224005302710822,0.7977684152377768,0.0,5.940504434608667,0.6534207015067099
62,-0.020179377248448573,1.5043943263300763,0.5907388246940417,-0.28977199729811376,-0.5538230178257683,0.0,2.070245421323854,2.4158510377700524
62,1.3427113642372348,-0.6154558337889732,2.242194008413355,0.17534305721041632,-1.534187568453659,1.0,-0.261651373837966,0.35684205833249094
62,0.19031092060228638,0.08943299255053336,-0.4290273649848423,0.949788720268671,-1.029311070993024,0.0,2.6610927416471073,1.8119879566671742
62,1.5517719427777954,-1.547476657915442,-1.6119337404346263,1.5885753867134347,0.08613974791378015,0.0,5.6738399734922895,-1.4089183322336896
62,0.15330400900758354,-1.0796318091023203,0.7515452292278602,-1.117194508039997,0.6746324945647908,0.0,0.6445116697679685,1.2564505308608258
62,-0.958793052130808,0.13543349288441905,-0.615497079920826,1.7166624687940113,-2.122241625762851,0.0,1.437194792872626,0.7644159614370007
62,-0.023393896345286606,0.670704616342022,0.9336614908141218,0.4127471029920783,0.7267740450508573,0.0,1.5753495203551187,2.9394511425188714
62,0.13706546598625188,0.6810176988294723,0.8215913148352388,-1.268150652144687,0.08219134143979005,0.0,3.5159112915516944,2.0012584534927025
62,-0.17052947908410201,-0.06140309464593486,0.12652656607157053,-0.4120177054206028,0.6374735781732895,0.0,-1.1552727696751512,2.0625021572660494
62,-0.628466594971321,0.9377453323471694,-1.1246414146643042,-0.28448532238936314,0.5392538580015943,1.0,-0.5836338940464826,0.5618613421901821
62,-0.36017669908847555,-1.4369659473673868,1.5782592478064688,0.8589586783992609,-1.0748988277605982,1.0,0.9844934543125383,1.2926870258829997
62,-0.04773154458734001,2.0623191181408074,-0.03280889362753179,2.365460901641547,0.8610339113873258,0.0,7.458843374066043,4.505160906062927
62,-0.9758139282132411,-0.18138349319317623,1.138595106323407,-0.46473829595401317,0.7055332224015642,1.0,0.578047132680886,1.7069634695710663
62,-1.011805090607499,0.8185874446583499,-0.5096619104794585,0.14900926784305712,2.332217812733923,0.0,-0.04340455442568375,1.9338323238361061
62,0.04528863837759043,0.7568765012639286,0.26000234151715174,0.2812806909213124,2.3792426679906247,0.0,3.2202117427400863,3.862012702370884
62,1.9955779728142098,0.8441487529105542,0.5880142411985672,0.6842809862438742,0.4983837618798504,1.0,8.63507846614986,5.821811353484621
62,0.8622097110311892,-0.6947729056548896,-0.403321768604576,-1.1648094403522298,-0.41316322345938267,0.0,-0.10212823073857447,0.4137935974649205
62,-0.233051370604087,1.2123763051878766,0.6291639976164757,1.1635853584236882,-0.4365565900252894,1.0,5.571034222626945,2.6937326429988495
62,1.737631892859905,0.13356070601508305,0.7290603801755553,0.05805108286208091,0.013873160272110578,0.0,1.9728872261634063,3.3139686307273166
62,-0.467432805949402,-0.2431207277165728,-0.22172892972791367,-0.7714643408658924,0.8958509043307251,0.0,-1.6972906267411152,1.6852133412372217
62,0.8735921149109176,0.3529450038809032,-0.5723653273621343,-0.8679133257646467,0.6407448842235082,1.0,4.628840746073687,2.3624538621124014
62,-0.2198607776203295,-0.8650604613082815,-0.1528735091662641,-0.16871303842232813,-0.871108329581464,1.0,-1.5236789313584347,1.0397223921802998
62,-0.2058098914884804,0.6553843293526005,0.10188678825610953,0.8675245407117529,-0.5778001333679876,0.0,1.2175682323815407,2.2805222688044537
62,1.1237153126958523,0.3558533278018423,1.6771980245081468,-0.4320144587247631,-1.0263417922069953,1.0,5.355523957493846,2.1428819971985535
62,1.0989258487878177,-2.298803259503688,-0.13086428285914045,-0.8952438082682167,-0.6893939552690267,1.0,-1.6377505869794875,-1.9924545688819464
62,-2.4628247344656717,0.07549271314937796,0.8049407305194242,-1.572115380797993,-2.5822670093313307,1.0,-2.7738559952105226,-1.361158204617099
62,-0.796546490139617,2.0021327228254933,0.7075727666379731,-1.6828294600253304,0.38165675426395423,1.0,3.8735374152503343,0.47114314680449876
62,0.18335438178544095,-1.3129750016910444,-0.0771201292319906,-0.6996676141369345,-0.1211432853776185,0.0,0.7635113939746629,0.7425121723525299
62,-1.013512790625281,-0.3137722444595657,-0.34490649621555886,-0.1808581796881273,-1.3287989842878227,0.0,-1.8418150357378154,0.6681949066265782
62,0.8245202638157418,0.5279673251754445,0.45724000254017155,-0.2704619508731581,0.4485859355915579,1.0,5.876212687755346,3.326519925105738
63,0.5672657292605925,-0.5455092179211171,1.1777918624497286,-1.150844941957064,-0.5833379095842647,1.0,1.217601823081516,0.8061996280946249
63,-1.2419109041489382,-0.12094193507432548,-0.5695561704117436,-1.6999797532755385,-1.262109838977947,0.0,-1.3308443698872128,-0.4549097961029692
63,-0.6701953300415098,-1.0349318623457697,-1.1118916673584505,1.251326854850253,1.6968926578695114,0.0,2.659040331137504,2.2021731857384856
63,-1.9245541971852393,0.6163159375265348,-1.965362928628379,-1.253339862426287,-0.2146480993515015,1.0,-6.7094980599209935,-2.9413361270533307
63,-1.5205830248715286,-0.21629477720470008,-0.24156758151732205,0.984852730425105,0.5861225003040885,0.0,-0.6792900608657808,2.096123253474592
63,-1.3318754027214554,-0.5621298567465197,0.07979652573681621,1.4995673540764678,0.23379488612043559,0.0,1.8075309341790842,2.705081628820197
63,-0.7621252056444118,2.70269795685114,-2.2489447666679383,0.8928152444707868,-0.5186621109781023,1.0,-7.999917386316459,-1.6542559015060514
63,1.5772971350400502,-0.8207335017767146,-0.8266539930439221,1.0250023233793821,2.0318025758991496,1.0,7.107750678379741,1.876157769859142
63,1.0354589286165876,-0.8211290653650102,0.9914417085283354,1.0046288139204544,-0.6338521676805952,0.0,1.3414534727179102,1.4855126717146838
63,-0.451430843145018,-0.7833715539462959,-2.2203144752945634,1.279366052046997,1.4406159286266367,0.0,4.562899310325224,0.3812678939158672
63,-0.5806280046268515,0.5176802228000622,-2.048397777595273,-0.38893101721236717,2.962796138005305,0.0,0.14212899548304225,0.4710297975829374
63,1.3631506113169596,-1.04075083691948,-0.0063327850444142315,-0.4170320038148202,0.2076621075152256,1.0,3.157835408050709,0.6346283549351138
63,0.517438124604439,0.45056488871425565,1.3658238942323528,2.1093891304811256,0.8266102426427209,0.0,9.363473630721447,4.071592760991332
63,0.5937199158585279,0.6311523731796916,-0.22964681270478893,1.4536955943488488,0.642127063927777,0.0,4.557725509753086,3.8939986542436036
63,-1.266712709625082,0.21299050212643045,-0.3854002134195095,-0.9812672154899318,-0.9553969392899118,1.0,-0.9006381988242739,-0.03104300927414194
63,0.9880957052513659,-2.8498377404701936,-1.7303577526402927,-0.9997398844457903,-0.11639247584092598,0.0,6.063818113191559,-4.328913725029478
63,-0.8356511142011959,1.1267519143463007,-0.25682029380616733,-1.6769831384584193,-0.3843971313805319,1.0,-0.30772364981916045,0.01208115762436468
63,0.37211494110989135,0.45131977702644177,1.8729862133700088,0.31828310998677045,1.3131274435561273,0.0,4.245946199556459,3.034246999831625
63,-0.27546211267483206,0.4211456679135394,1.998066959187311,-0.7285961327609184,1.0441040777655342,0.0,3.0639309404748656,1.6992312031797558
63,1.666258242752269,-1.5627622253919704,-1.1261508868293177,-0.41929430985186217,-1.2466324344771382,1.0,-1.0670317944390633,-2.5181184228382736
63,0.1231401975178781,1.0447519846698836,-0.8193454702695441,0.06163717077042643,-1.0417821956895343,0.0,0.14303448686407938,1.4955514270503938
63,0.3305872138745252,-1.4041757009424067,1.09418203362832,0.48584639141689673,-1.1128266058265404,0.0,-3.3275653123841193,0.6913775631308885
63,-0.6671078006872414,-0.3639358367670381,-2.510854990795315,1.1861392039390526,0.6718371608336662,0.0,0.3613430695331843,-0.40676939442195825
63,0.9014651221438889,-0.4885373084090561,1.1797691275437776,0.1126420677049537,0.2339410238891867,1.0,5.677545717736541,1.9103789523136223
63,-1.3541606110903863,0.1785010184019637,-1.0441760459254121,-0.12477672604827113,0.06380322666279734,1.0,-0.8154339577545922,0.1204907968100889
63,-0.20128795644654154,0.9185352801478384,0.7695323795182423,0.8169337922657574,-0.8341369156471651,1.0,5.1388312821504485,2.2681343186564185
63,-0.5375104495370899,-0.03790441658562466,0.838577135111877,1.2270929198277971,-1.4815083068195831,1.0,2.32624887698408,1.6932691373764768
63,1.0997109625019854,1.1899787921085843,0.8449752296520849,2.3033257764965698,-0.7910760893155886,0.0,10.548905678286431,5.295839868336445
63,0.1326101181902088,0.516452449407828,0.23266751225032137,0.15918381736651763,-0.4386357268369133,0.0,1.2093763721720108,2.3426807043155655
63,-0.4982112402057234,1.6489460512229808,-1.8839034165017732,0.08716535578904692,0.8596211700317011,1.0,-2.452206464182254,-0.022730642041117965
63,-0.7087171170726416,0.2998676046921463,-0.8098258656773246,-0.9745015270899108,-0.7063767252787021,1.0,-2.6304033891455,0.027326426239779655
63,0.44769406872775264,-0.516862898307223,-0.12060031089105983,0.7926349546622362,-1.201626446900974,1.0,0.568958539665795,1.4619598221533505
63,1.5478905800782303,-0.5326284977678433,1.4712071641346536,-0.15449715190975152,0.13853250503091996,1.0,2.4533377883352436,1.5102262887757514
63,-1.6140065409709143,1.9038830222586818,-0.7272630202626974,-1.1242279388731047,0.4009457692002105,0.0,-0.4364463937368037,-1.9062171878190117
63,0.33094663322150686,-0.8267538779253819,1.7765586280409387,1.7255983782646325,-0.2471822146780408,0.0,1.1563852660840577,1.9016589209654131
63,-0.7887779407500506,1.4711565739868981,-0.8956165222769485,0.28927153115154025,0.16555672724533263,0.0,-3.525638550603258,0.585417012990691
63,-0.5322888753448501,-1.224484273375335,0.31952422354913457,-0.1789527771037535,0.5487854524757253,1.0,0.15651272532376448,2.067456205855443
63,0.1754046242855264,-1.0510537097948447,0.04597940847248313,0.41929374433968447,-0.11837191006909746,1.0,2.5694884827974414,1.5502095307583814
63,-0.8536151299257995,0.22936115345327934,1.337732218937341,1.0178309400115138,-0.1553123394171651,1.0,3.655804507500219,1.823172138231021
63,2.117681479910927,0.24162914968063884,0.46812668618278347,-0.08046515118574527,1.1889580273723923,1.0,8.513586592842842,4.37207379270904
63,-1.7614705736206222,-0.6952323666498228,0.6095877053765174,1.1773225478196911,0.511492843121844,1.0,2.737167136482679,2.965365572053951
63,-0.24691791618038555,-0.673555977137341,1.5396224121165067,-0.1497680199696309,-0.8902779123948295,0.0,-1.6847055176976857,0.9870331972441195
63,-2.053154120080185,0.20695001953051498,0.35201321514554407,0.45498809075975977,0.7501216159604915,1.0,2.4388456799995546,1.3692396080079636
63,-1.028499628472855,-1.277654683145955,0.6431736031635323,-0.1376376199007199,1.8771405888028834,1.0,1.1117009870075691,3.1525249576260244
63,0.9216431347373218,0.10213999526775856,2.114574410675423,0.19333359125991784,1.7450008379298556,0.0,4.2074169837887725,3.1151098004315765
63,-0.17761277137929127,0.6436092244537044,-1.2059984388689686,-0.8975804129830062,-0.10364853700568757,0.0,0.18502911221667095,0.3718318035647017
63,-1.2099801723842296,-2.079752103808924,-1.6067698992458237,-1.709268158020958,-0.2647653752574813,1.0,3.814011410643013,0.04522514065904515
63,-0.061696778974535044,1.5976865008898837,0.19206977377236548,1.010141086493636,0.019661279970425882,1.0,5.204611083444701,3.2619700569343695
63,0.7053270978544683,-0.6457358655614411,-0.10396049329287897,-1.5682559160701213,-0.6268598212208524,1.0,2.3988336865403843,0.41940346998997
63,-0.7044102518031388,0.07103324426821837,1.1317425579205258,-2.0260608787054286,0.008558222702837846,1.0,1.877570771048648,0.6154780720360387
64,-0.4222105788694071,-0.1054375352957473,-0.2941609379862384,0.47423034600947006,-1.2610970667924264,0.0,-0.5806096921118411,1.197224710594797
64,1.2423969918091973,0.036791866447233715,-1.1348966056279637,0.11142049707015023,0.21288883402547706,1.0,2.4724492252579777,1.7022370569229515
64,0.09344234155817072,-0.6911213986954591,0.2994668312134626,1.0838958115723367,-1.6287762408359212,1.0,0.09225081229939835,1.4693675860931075
64,1.4095645094998432,-0.8108409327173807,1.1630094663522033,1.1626899645749915,0.3226709268216204,1.0,4.078178431675666,1.877193002735812
64,0.026038421767835985,0.16307956539422652,0.20354027090420063,0.39291116308026525,0.34631958154953457,0.0,0.5405637906899583,2.5495479300779103
64,0.09768198688277538,1.1213125539858992,-0.27512244728994895,0.02492683058079957,2.0735688170270925,1.0,6.673787964630297,3.593107849010064
64,0.798754718647128,-0.5857827956490077,-0.4007440807208039,1.134061780324801,-0.48274437542069504,1.0,2.5569991192922936,1.6846468318370276
64,1.1722176196626513,0.614360096624894,0.7056925232550503,-0.7611012556714313,-0.42934227231015076,0.0,3.5922419292064616,3.132239676532729
64,2.7819419511833656,-0.8723776697941935,0.5836303037337749,0.6783050453407523,-0.9621892416547481,1.0,3.9940099939899194,0.5122188065610511
64,1.7664722313588879,0.1830091770024881,0.6873882199266054,-0.7906348043999467,-1.1130766810886519,1.0,4.504998096644001,2.462765578408532
64,-0.34555516868201713,-0.08192901446582178,-0.2018444575051582,0.45123978672568904,-0.9877825264544918,0.0,-2.065782000070964,1.4250737780292855
64,-0.18706437620579486,-0.403574686551337,0.3486738465093921,-0.3478169887144891,-0.8450434086734759,1.0,-0.4720918870881067,1.297908261983364
64,0.9874985827873021,-0.014237375933014247,0.4168868923005639,-0.3914552809015518,1.0766211943466526,1.0,6.153592244970485,2.93795153364182
64,-0.6464393769503772,-0.13049410886412371,0.35712380805625815,-0.23723534410574865,-1.8976957634123075,1.0,-2.2079390216212422,0.7438922972931259
64,1.9437212119510006,1.0042629682737225,0.6566636688001778,1.8510172626637966,0.36081397612447563,0.0,9.877711428641344,6.65228016956244
64,-0.16367519252335608,-0.012660730848637941,0.3770196113122186,-0.6940438081508534,0.3807836312886202,0.0,1.9517113039987888,1.8755499996797327
64,-0.48548806740974876,0.2866904368606494,-1.3603167942456034,-1.343031201465358,1.0674683834251029,1.0,-0.04320214812187306,0.15240546596430893
64,-0.1577897823300608,1.6711550933747334,0.5243300914269429,-0.9325405597078791,-0.7992687738239643,1.0,3.5354987556943205,1.7549113503641518
64,-0.6232179618259047,-2.040472327962098,0.10286012034367344,0.003056707392186268,-1.914419956629293,1.0,-1.397163861214632,1.0302768564276379
64,-0.8616028541769244,1.597633383711463,-0.21092118619678188,0.007683984598995767,-1.285133788611014,1.0,-3.2744934844503013,0.2251427557270539
64,-0.07349121737861725,0.14431425955212923,1.0051535034041383,-1.0292512165904872,0.32780014116925116,1.0,2.8729897598553955,1.7126155311175697
64,-1.8766658568403607,-0.5519005711800762,-0.16215204828492677,-1.8928626774517083,-0.47197701593174285,0.0,1.5582746635629572,0.5448360105490972
64,0.3445274610691914,-0.8221753212521776,0.040532377789131796,-0.13291340442911315,-0.5523066169550188,0.0,-0.4907999826273642,1.1547489477552113
64,1.3597461153707793,-1.1918975882723624,-0.5702703390105689,3.3040736263169976,0.19961297884087467,1.0,14.812023657759402,1.7717093418552343
64,1.5621740969961437,0.8614157673886288,0.15386352253450053,0.4262557204730305,-0.17775964948934872,0.0,3.7322155342258974,4.746842469702081
64,-0.4077700006317055,0.5511099163678473,0.2629149777130292,-0.421274889937674,-0.8143951376896122,1.0,-0.19070612096191486,1.3262028313311935
64,-0.7670949671830087,0.8484836322179019,-1.8637872753484228,0.4018613286037615,-0.5352415324007193,0.0,-3.4748374513636726,-0.8975739310008688
64,-1.806758395282757,-0.7000477214907207,-0.5563801396283159,1.2079729547438056,-0.9984035722776484,1.0,0.8970154990592032,1.6871810366654856
64,-0.16027117438448804,0.6890635160647904,1.082627542495646,0.4826124999003506,1.0642031301268629,0.0,1.0053567581101026,2.937690096359919
64,0.7839520757292153,-0.36702768205907726,-1.9106076407516543,-0.8372780821096972,-0.6219670754740252,0.0,1.2067583643911697,-1.0975055170907242
64,-1.2415482705579872,0.27234548568371647,0.8073468610736423,-0.39998251376846217,-1.814913203366653,1.0,-1.310916302988038,0.1649117512420208
64,0.5034653915317452,0.47845139814592436,-0.286071103785549,0.6707736465157091,-0.3560155565554862,1.0,3.4420987215209555,2.7055455618349327
64,1.0747848425056692,1.4950558334331945,1.0314260409320732,0.7379067360537226,-0.5582574766523684,1.0,11.362094139942013,5.010917115078685
64,0.35420225082617235,-1.1576472088480723,-2.201336388449122,-0.3450921112080628,0.7762019184534199,0.0,1.4964260034635002,-1.2864580733263913
64,0.6207091841517413,-0.49881095102173806,-1.897045804519897,-0.8071681328433262,0.9500602107294472,0.0,2.314157932389655,-0.4462368899776452
64,-1.7652854698206093,-0.8892469029243939,-0.06835004988128485,0.9350710820125135,-0.08082848881849966,1.0,2.332346268760135,2.633119766675571
64,2.4989292049842606,-1.3776645915847106,-0.9227223664188214,2.14818782696393,-1.6797104530973868,0.0,7.501874977837426,-1.5055244769241154
64,-1.3333044760178239,0.6977443681846324,0.1746123859458453,0.7727737855706796,0.7847929555609768,0.0,-1.3237417345400226,1.6027977720947253
64,-1.912620939486338,-2.42460723607994,0.5767790550668865,-0.9197153514430078,0.9899068973601566,1.0,0.9730794376233617,4.63044924531961
64,-0.6536945387483768,1.0012559795423877,0.44951829772428753,1.4432911394958463,0.9754685946896828,1.0,7.547296325342034,2.854060692399553
64,0.1441258513553122,1.7796439480461113,0.44511190777775284,-1.491293161282282,0.6272645059119711,1.0,7.008886640210645,2.9114817131854847
64,2.4770141034927575,0.8573691707730567,-0.6469594450970134,0.5120661888578739,-0.37401946684118026,0.0,2.7800741740194796,5.334371021820234
64,-0.8577082374087929,0.2665476779998915,-0.3286041142051446,-0.6190200523274356,-0.6475888492284533,0.0,-2.238833752076427,0.624686822093835
64,-0.18711953155622732,0.7529845179946683,-0.27489301517100395,-1.4460146113080652,-0.5935184391989053,1.0,1.9976289161997287,0.9472755936269356
64,-1.7768597254684138,0.13621470313465275,-0.8147791448207928,0.02237728649345619,0.04704199730214494,0.0,-2.9324319769872513,0.2509922369995413
64,0.1467894072117258,0.11855346096089002,-1.1881988502637308,-0.8836082009989401,0.5828953226169733,1.0,2.1266551943568492,0.7789493620395209
64,0.11679914526307308,-1.2701053225068621,1.3502559063637698,-0.31782522748427616,0.3181533093118089,1.0,0.4930546617234324,1.1690486755189333
64,-1.56794942852742,-0.029321269054285348,0.6060891473441776,1.5860759744369648,1.2469612015266849,0.0,2.599487839762891,2.78878422412726
64,0.4247837867907915,-0.30220945904471785,0.4639449959682535,1.6403255585111196,-1.1636318946561635,0.0,4.177369541726101,2.2975269713234123
64,-1.5104748808528459,0.9102837744271044,0.4603607806575084,-0.09039197207974793,1.7211696068114686,0.0,-0.7860511931952183,1.2664051500844558
65,-1.1013533981532537,-0.7944905443665673,-1.2043684838362063,-1.184183801354917,-1.163300227888774,0.0,-1.033695737302051,-0.49055065476502113
65,3.0459037728950267,-0.6402553266360046,-2.14467025403024,0.42047782084745583,-0.8517387737330573,1.0,0.6564178354922892,-1.5781869498303829
65,0.603487387469369,0.7416113185182406,0.115995373307018,-0.36928755402970603,-2.2085001442978207,0.0,0.6405825899654011,1.8824863440443664
65,1.3791537770590243,0.8325566584897153,0.7873830593691963,0.18039431210640902,0.04078292789358891,0.0,4.831133479979825,4.464060883403842
65,-1.9738114701330458,-1.2219778728514583,-0.21173286954745724,0.10548246184489245,0.5914783784882335,0.0,-1.6667395769596465,3.0343414682429204
65,0.14709256309864419,0.2932199974035255,-0.19156486733732153,-0.09977433724365309,0.06856593670984687,0.0,1.8406190141426673,2.133607621036618
65,-0.8294809778980387,-1.1366463158454911,0.44954129922642033,0.7358772247678256,1.138263005507781,1.0,3.5033534217783906,3.0222501421137125
65,-1.6198022992458339,0.264371584610507,0.9119600868612115,0.33936252627257274,0.424632214342605,0.0,1.3879269095838154,1.3442294313988836
65,-0.09562773704796136,-1.2494941711847916,0.03624671373674152,0.22342443219559044,0.18265630762258972,1.0,0.48695909778362123,1.6674322324968551
65,-0.41056115646106983,-0.5982995792529766,1.0958295275611885,-0.329865311921163,-0.5319588139752727,1.0,-0.8264549690771459,1.315519821870712
65,0.08871931177937133,1.3246091459956466,0.46982020035382127,-0.7532304030286481,0.858840716269293,0.0,2.306067593150227,3.0035476000716264
65,0.7281584554305601,-0.7496338946737393,0.13268851134052206,-2.220532312162864,-0.739330751431701,0.0,4.287830795813607,0.021032533090712957
65,0.7418415415968697,1.338962626559101,1.0304860940889886,-0.6539853610640035,1.356728352460042,0.0,5.147532232324953,4.414716782040304
65,0.8670516884603905,0.5004445077286833,0.58768553050677,-0.5447775514345122,0.5829864094426832,0.0,-0.0820804964901134,3.2628326807465178
65,-0.7502913213549599,-0.1097751853341825,2.0097951461535493,0.7066764808814209,0.05093588470752688,0.0,0.4602078822908309,1.6110004394890565
65,0.21567846292122225,1.5513142575558532,-1.3519082811518677,-1.040223162508841,-1.056253676920581,1.0,-1.0347928998312743,0.7110332094948916
65,-0.8176164673586024,0.36306860663243584,-0.2945886979128384,-0.7437859878269006,0.16047610428837425,0.0,-0.7170266974859908,0.9938475506416069
65,-2.1403038423962486,0.9533504949007477,-0.6048082737236598,0.5644569698799875,0.4830366733026127,0.0,-1.1307977656060553,-0.5899825872551623
65,1.0692448189274029,1.1686040151184953,0.24820834888454651,-0.4899042238846442,0.03165761547378986,0.0,1.9676467556984356,4.232783203745404
65,0.46687844056498073,0.997579699734706,1.6680219899983368,-0.7606681040965415,-1.3478122259777887,0.0,2.8475024640731097,1.8806757953495914
65,0.6975864921104895,0.43793662640313596,-1.3583338027495222,0.0699736949346952,-1.1322196858342928,1.0,1.0673695778756604,0.8738380274154535
65,0.9698664827082125,-0.12145515187876654,1.241439428481037,0.2106959397193764,0.846470143936957,1.0,3.479564341957045,2.7791477005256597
65,-2.949570700817609,0.9814763381266501,0.32244848804426185,-0.9501221653048386,-1.190335729424374,0.0,-2.6072088917272325,-2.8395233741590657
65,0.1635173056309272,-0.5191801286663258,-1.5237198363811806,0.8615035875545379,-0.4384035243874803,1.0,1.121651110755833,0.2340228699844657
65,0.517703320443191,1.8072360367292928,-1.8267951497114414,-0.4129199820242543,-0.23971104436225366,1.0,-1.2141621607730886,1.605156880653667
65,-0.7038050345661162,-0.05216212975115134,-0.3677507189495888,-0.79400135443077,2.274117009094783,0.0,0.10914673133796421,2.1480492164452993
65,1.801896160722658,-1.005774809534169,1.6887529542554869,-0.7120370600030761,0.0465398076390331,1.0,0.28111540630035853,-0.020296522187116528
65,-0.987586345314856,-1.9195259264733369,-0.8576938401354813,0.2774888355555253,-0.21885143993555367,1.0,2.3598442080464466,1.6967966740758875
65,0.09765660720734637,-1.427496829826037,-0.8552859484579193,0.2408631594873654,-0.2802381764966802,0.0,0.12079422196693937,0.404347623280513
65,-0.5359952858356454,0.30165563514684496,-0.40382538905595694,-1.2596421840449432,-0.17327884889663164,1.0,1.3331772908340653,0.722335547032095
65,0.8914436726839678,-0.8011340843599859,-1.4985834495321353,-0.4714325688577206,0.2232752839565822,0.0,2.0152851793132776,-0.4702313513148695
65,1.3444482493464622,1.0009189298235734,-0.7861443119044369,0.9095760284021702,0.9918821070220447,0.0,2.9522039181403845,4.782603182013929
65,1.0073241370779722,-0.6198829326388737,1.510723402427197,0.1418346950192442,-0.93127127628744,1.0,0.013849047070641607,0.9899777720523828
65,-1.016611018370785,-0.8794505200480377,-1.0547416638183296,0.9050016160713394,1.0650471731616884,0.0,0.4006911667230864,1.8971343227429458
65,1.3113420166640632,-0.2913650385457855,-0.1681260215683708,1.210289380864808,1.1804820465919503,0.0,5.065915250393792,3.225132054983057
65,0.5717978916986104,-1.0347777926838568,0.1273931511076353,-0.6968616978751129,-1.0051148664368168,0.0,0.17063093242551264,0.38143104346778667
65,0.8928837439319518,-0.752999886460925,-0.8813473914693941,0.11573965094186277,0.45478903250222996,0.0,1.6427057700675105,0.8783032960792191
65,1.9051595083896018,0.7639020547737904,0.5783206481142212,-1.474812987428151,-0.15635195742778166,1.0,7.600359665693785,4.100845691350562
65,0.3930754933803378,-0.8436921552288483,-0.8102715508478668,-1.8129162439831479,0.22800673166212712,1.0,2.8566753417887183,-0.06523184595029413
65,0.10538249808314698,-1.0657927951658865,-0.49428410185003574,0.5755869768892935,-0.3981226526682202,1.0,2.8128615617629436,1.12937761404158
65,0.9496151018231892,0.19458827854284627,1.2863528589015456,0.34083048035929137,1.1975168076400595,0.0,5.015880928333015,3.4498590568360057
65,1.589834332978441,0.8666557750317812,0.9368003172951388,-0.17990880147007293,-0.4056567157088884,1.0,7.1252931370942045,4.374070491278567
65,-2.141278480843944,0.34690251096429703,0.39883352621887197,0.6208106517635144,0.5646876321470665,0.0,0.05398475021121768,1.0736776520065359
65,-1.3415543607612617,-0.955490747415304,-0.25914458952208025,0.6291067060348967,-0.015061049012235043,1.0,1.7625594734580976,2.277380292462659
65,1.363855123095613,-1.360962672873168,-1.3352474780607324,0.2901907403217148,0.9048601509197544,1.0,1.6240696923276765,-0.6914312683577823
65,2.028147400636434,-0.42351571972777197,-0.8615348633482687,0.01008443802719852,-1.9931105828285471,1.0,-0.20202379927437708,0.1723565456244488
65,1.6224589712563062,0.4319041505079584,1.1918768936465702,0.2383840067440452,0.3817743514607559,0.0,2.364518566336508,4.003862719361094
65,-1.8105727490529402,-0.10377294824298891,0.505841838003477,0.1325293742872854,0.30546152018374084,0.0,-0.9324065904115684,1.5773988666373862
65,0.5908264901781928,2.3276700809601194,0.06101874301276648,-1.0528880458186052,0.06080123069424311,1.0,7.032247503586831,4.367102327788123
65,0.01909196303350707,1.8171807650100935,-0.05608475532465218,0.636419111619332,-0.21984091776733344,1.0,5.327359715158947,3.1315042936001465
66,2.1697437819557828,0.020201964596456,-1.3870425180091461,-0.0005824626224198857,0.10776290883467515,0.0,0.07085232560494736,1.681596388935735
66,0.9908811441865096,-2.1546439532835486,1.177917164183101,-1.7545774046686085,-0.6220805386295324,1.0,-1.253108081839361,-1.93339806062126
66,0.2274848739805678,0.07012334277526097,2.0527867842410186,-1.0379085425038839,-0.6000744694439747,1.0,4.340979541810562,0.9086142090604
66,1.9856504584019121,-0.8879110035083051,1.4238825736911935,-0.19874313550758177,0.260478971756262,1.0,1.0688081467023633,0.6749838752353459
66,-0.3841333753793688,0.49709620726571296,0.22688704457909092,-1.0481079003769542,0.0797199488603899,1.0,1.5455917786929052,1.4691510785669575
66,0.1171188962654878,-0.08599099652927529,-0.7410063011704253,-0.18079575462395414,0.6613540221003049,0.0,-0.01437515551000787,1.6130584106460986
66,-0.626238694622141,0.7284832693012357,-0.8414068960135719,-0.766473712019224,-0.43535231993512274,1.0,-1.419306608044293,0.2397159419109105
66,-0.18346176688196406,-0.2925755637456377,0.7377904348334755,-0.1880694904707777,-0.19036993185554352,1.0,2.3529889352050564,1.7352899087432303
66,-0.732262158452375,-1.6185569225935337,-0.8792779810336266,1.2042314198298758,0.5739297475222997,0.0,0.8650404306204061,2.0969475045145445
66,-1.7524015999967895,0.44842196022782216,0.7389274780209949,-0.6600894336499223,-0.11019017932775893,0.0,-0.8173973234712552,0.28571007452517516
66,-0.1532586288850612,0.6182699526368053,0.19438751195771933,-0.5533518289250702,0.20461314423837973,0.0,1.0274545666584933,2.0417410355013623
66,0.7216546528467149,-1.3053851273955734,0.6544992682503831,1.5716679759996095,0.4580452701030657,1.0,3.93189841902681,1.9015566230014458
66,0.6025228260424627,-0.1268830438098576,0.1878214940691352,-1.09780443076113,0.8329073779631073,1.0,4.258147154573434,2.1052455163931327
66,0.7658980061190315,1.6254790403493473,0.2736720871780864,-0.4741540748280969,1.195743002560591,1.0,7.871887512259073,4.901055126315624
66,-0.11626334740502106,1.0374059465641585,-0.43929611565414084,-0.3929681271867166,0.308583333467653,0.0,-0.14791911226323406,1.9831698081134612
66,-0.46947748505992887,-0.09639445669755592,0.006415029392256795,1.0078928959908844,-0.2795212601087322,1.0,3.531965694463924,2.129691812632061
66,-0.027294082877430986,-0.9336358726838843,-0.2920843407253968,0.9264405081757069,2.0772094233448075,1.0,3.9984651195974026,2.8584463250461076
66,-0.6313951502837757,1.164292985220094,1.746229649745306,0.2953075835072292,0.39774786641231435,1.0,5.584554586789849,1.576427697079806
66,1.2038300062426166,0.19243964468801483,-0.9537679721631506,0.07251021278021359,0.4954405625781355,0.0,2.2349124697325475,2.315504886215047
66,0.36555034774160033,-1.3410900352993622,0.25489167410274866,-1.0391438569051679,0.7927717401466526,1.0,2.46551317350595,0.9939446208579763
66,1.8831267279730028,-0.7618161063302838,-0.6057960321747706,-1.8411164790317338,0.887719456601579,0.0,3.9440172151506903,0.16851159605942423
66,-0.33437866785834147,0.28662848159123466,0.16848596347918263,1.1928723794415725,0.3388716523144611,1.0,4.459024079492504,2.7162372400751718
66,-1.1898721780242252,0.5622189506777656,0.7240738659675268,-0.23986163775344507,-0.8681396384208304,0.0,-1.4438987874010132,0.5743542470308795
66,-0.21893005043253658,2.091180260344906,1.291477313383424,-0.14568643224379418,-0.23647057251539855,1.0,5.253060290955408,2.208664178078882
66,-0.6653617217016364,-0.20868926898369786,-0.16824140156510367,0.5668695920424675,0.31640107388337996,1.0,0.46815490367959134,2.045223754676772
66,0.37945706902678544,3.1962128087987014,0.13141002369074428,0.6818305022062947,0.13469351969429397,1.0,10.787473842925197,5.466005626989109
66,-1.3146938076441774,0.3863867638693012,-1.030834679471134,-0.9081120303170803,-1.2457876456825527,0.0,-1.439874272856776,-1.0503978895858346
66,-0.8020134096066055,-0.2660356577413914,1.2024047630419492,0.27732004696979246,-0.3538356133678456,0.0,-0.38006476712426795,1.6023996053432157
66,1.592239688418998,0.09378736670293894,0.018179788425268517,0.8935390184662163,1.0369998940845466,0.0,3.014369149491692,3.9665395977834565
66,0.29355169151322036,-0.6552817955750047,0.45452183183148287,-0.29669582654300347,0.24401346819053357,1.0,-0.059547193802307774,1.726166667568676
66,0.7896239366031121,-0.7371926496361586,0.7630989156956697,-0.5135875185850455,-0.5753712682568838,1.0,0.6251265280801085,1.0038783701501037
66,-0.8152568477932852,1.507394015377673,-1.1823380666916352,0.30380492653821145,0.467783007370656,0.0,-1.6434580738645654,0.2905422186845811
66,-0.3689120761593012,-0.4552055537862383,-0.34175824598009974,0.5528471635172156,-1.6585916740213484,0.0,-1.838383835217588,0.9742874889737787
66,0.589477920252077,-0.4110026991769638,-0.645159617404586,-0.7828040849159935,-0.14548173759357164,0.0,0.4987503860341743,0.8592416692809977
66,-0.2602860071122972,-2.101547281692857,0.9151236835104216,-0.3738856977264407,0.6748698976536696,1.0,-2.067128638913739,1.5838331918713413
66,-0.12996223080791647,0.9745604997289793,0.7258360111597236,-1.0010779870264181,-0.4819105064121679,0.0,2.3422399784631254,1.665011608550719
66,-0.127349067166172,0.2502194909150754,-1.1917207258040967,-0.13674171958093415,-0.6954704931414482,0.0,0.8953283854471317,0.3876653782443517
66,0.5030179331164781,-0.39011574947751354,-0.6760529012103508,0.4463009611063777,1.6611934005257893,0.0,0.1881006516551662,2.3559851674187158
66,-0.33410794033486185,-0.19754041035651454,-0.2979656015854552,0.9486935126780528,-0.348721342560877,0.0,0.8201347680008813,1.907114646146466
66,1.191644733297246,0.6755624715705577,1.4105819280124372,-0.8279354157853632,0.20026795438052203,0.0,1.764993197551001,3.2896211602765395
66,-0.08043206973511292,1.0725872363558309,-0.5562667198154506,0.8406195022593669,-3.0980266193688566,1.0,-0.7606949311769525,0.8522025225185295
66,-1.186737272124282,1.8182655589071883,0.1225275937445407,1.906469176167848,-0.8034239238099145,1.0,5.513725341208614,0.7632499380258679
66,1.0551860462777287,-1.2609798780589883,0.7554740113344669,-0.8071742979100878,-0.5053780072489711,0.0,1.088804787313844,0.015942192014284595
66,-0.7622236805885593,-1.3882106613752205,-0.6028837179162652,2.7643927918248528,0.9502405126651926,0.0,8.826360949318149,3.3624885779277474
66,0.2466652071495192,-0.7650192090177973,-0.9443560378927806,-0.7329801053486864,-0.5261086858172557,0.0,1.3451075373536707,0.036661649716260514
66,0.14880183386832949,-0.11700889911358621,-1.9713353552489958,0.7377747547300821,0.5981562462853268,1.0,0.825507344734062,0.29086838769829965
66,0.6733588313191786,0.42961300334838265,-1.0625305990644034,-1.2932970112240205,-0.056199607153028824,1.0,2.318792749035556,1.1214189553656644
66,1.0483016542479453,0.5095642243479626,-1.8723284118693209,-1.2480478652304607,1.4668826794397194,0.0,0.05373859868066155,1.189379643767643
66,-1.4594910964842482,-2.3180184195868256,1.3527836056934828,0.2574200102625072,0.10232706276954394,1.0,-0.31370275259036196,3.5669276392253257
66,0.806688801224753,0.99493548702283,0.0025934664233035983,-1.948752543049766,1.0646267004658132,1.0,8.021241859284363,3.2626459083337203
67,-0.554559142286948,0.1749966573966405,-0.21014813706750268,-0.4158396054596016,-0.6199175574310634,1.0,-1.5849487633046069,1.0682201347015607
67,-1.591801435122398,-1.1354573103720027,0.11717823458068784,-0.05515429009482344,0.052318214655378614,1.0,1.664193136005783,2.4941067656188736
67,0.1979434801223753,-0.9519993254746681,0.2868361603081484,0.2493390865516564,-0.9921714160532883,0.0,-0.8253641636715543,1.1656757182217587
67,-1.4908165880268387,0.6049565980533558,-1.8928714382316352,-0.6703652788032944,-1.009868337672061,0.0,-2.5156129023724927,-2.447897504953816
67,0.07659474258083573,0.235474941615626,-1.3661820558318265,1.0696131454699134,-0.188961673733593,0.0,0.31272068476154746,1.1344951851071903
67,-0.12855029562076437,-2.1083787969040757,-0.2422571086549712,-0.02931232151828093,0.5491714857833513,1.0,0.1830782848562652,1.262168179558585
67,0.48696558833590087,0.650458751223235,-0.21867169037663958,1.1919414014390974,-0.3088577435759617,0.0,3.7624569609588647,3.193855646814524
67,-0.8851048730420079,-0.7476177617307723,2.0795326805137964,-1.8824645085535368,1.3876492734721273,0.0,-0.3445350527677873,1.1506435123466272
67,-0.6049381589192824,1.7286745109607495,-1.0707295823663767,-2.115759183484916,-0.665338941304723,0.0,2.6167828634114954,-0.930302742305706
67,-0.5242727874768801,0.07635228781568017,0.17321066273862054,-0.649078369618934,0.82285996604004,1.0,2.062163625619219,1.8945429534899312
67,2.0020492409063864,0.4017752290389918,-0.05523870938083333,1.1524397797828854,-0.7544112491845709,1.0,7.117464721319141,4.176155668285919
67,0.7899397943794771,1.539438287125413,0.30280842815661196,0.032221984024586627,-1.2346756130140353,0.0,2.687995725828271,3.88543277977982
67,1.254960078200954,0.08538239474670196,1.0379397544839335,0.8118470564385837,1.3970775840142067,1.0,7.62259140631495,3.9087508767947385
67,-1.2887855202297576,-0.17927365575495532,-0.18420645873757727,-0.5736004772645085,0.126375875492735,0.0,-1.47186719719082,1.1643820837466907
67,0.3516503095947025,2.964633225403656,-0.2973898904169131,-0.19524919810067917,-2.4006932630286624,0.0,0.02494111204477062,3.210094357451939
67,0.013659976736686365,-1.4403845406883322,0.2103098499801034,0.9837626646308736,-0.9271788696430617,0.0,0.5040533615188811,1.3783751976709
67,-0.6264706210945695,-0.17799642635930124,-1.1332946451024613,0.05915873832433001,1.3721965548972272,1.0,0.13549181606271,1.281984112609896
67,-0.12832320112350004,0.18164316499757846,0.7634085044837261,-1.8297913299711235,1.2125133642812107,0.0,3.5667296744196517,1.7988998318593161
67,-1.2126856772419377,1.190771418385543,-3.084957161446631,0.09036635729687834,-0.28688617957419815,0.0,-6.660349848498322,-3.0941237043945247
67,-0.1807369198680963,1.733933200748073,-1.3195556353402391,-1.1426404986910454,-0.784067318262443,1.0,-3.9429751636093147,0.08868655822460825
67,-0.67587110606297,-1.4279768440953875,-0.12606762809980346,0.5008471225990726,0.34615239260475145,1.0,1.1340618607877109,2.2657342530616478
67,0.5753208622084337,0.3113923745176411,-0.7895248613579141,-0.18783749161353838,-0.5682204975689756,0.0,-1.1732641064729172,1.553898474965332
67,-0.4463282470872944,1.4809316377700745,0.2609228490284554,0.7548582581017964,-0.1314978886172835,1.0,3.1791781678800977,2.264614002773339
67,0.08755338551679996,-0.4845812115968011,-0.1220517917513514,1.4131568620232917,-1.2717961598228167,1.0,4.713757799783502,1.7612747382715013
67,0.21293122140734697,0.6393132401300722,-0.1516038955825645,0.11081024819309279,0.015096078023390054,1.0,3.5048124408329464,2.5379333182495656
67,1.2078587289081928,-1.1172910345388904,-0.6183477694587681,-1.153770911311853,-0.9993194165270394,0.0,2.1300497902299615,-0.8751275808885337
67,0.31184921708288715,-0.820219899790283,1.492724948982372,-0.01662958329725383,1.5344976815455926,1.0,3.5387107117044243,2.073318341325281
67,0.28916665334722635,-0.134357343536633,-0.20827696354466393,1.1254907400069787,-0.5383289230827394,0.0,1.3030982612279995,2.20638406494986
67,-1.8563542219354945,0.22072571122916038,-0.4401073365249255,1.1802449352661097,-0.9086073119510715,0.0,-1.390816525534507,0.5929117212580846
67,0.768326805535735,-0.1693524347813225,-1.4154304639381392,-0.307924227896205,-0.6862431255040011,0.0,0.4578666338073404,0.11931182715471603
67,-0.6319470823167158,-0.6372763312326891,-1.7222926693402765,2.172300860048537,-0.5920255139975356,0.0,3.030140665603096,0.5461870448786504
67,-0.6491864900391313,0.3702783052264358,0.0631337087622682,0.41011115335043985,-1.204863673918168,0.0,-0.4405271969752496,1.2523645576677365
67,-0.4166076672262169,2.2502745960031896,0.39662073916218654,-0.1117275702259161,-0.036062743302763364,1.0,4.221293074179731,2.026138705819249
67,0.20268749650070456,0.34273384851079286,-0.9679582881024915,-0.6028706815225235,-0.43268473351352643,0.0,-0.7254941233917551,0.9074042173725743
67,-0.5707558751863727,-2.070384839385089,0.10406438419433743,0.14729021988189456,-1.335596031384642,1.0,-0.9714723997299576,1.3135834267358981
67,-1.4482128922065982,-0.43944442166671305,-1.4077029274543156,-0.8196137025579724,0.8846081964932069,1.0,-1.013856686756966,0.18359753087408326
67,-1.1738901960638812,0.6603856736856383,-0.9526168740190813,1.3566367161059893,1.67488153473427,1.0,2.5147998413245447,1.5870306535626162
67,-0.7499807848993472,-0.524200804483373,-0.8594181505529745,0.5191143619702959,-0.36893507891254235,1.0,0.7146117766357077,1.054308610326712
67,-0.7017476606364398,0.07722492186762966,-1.6169043982533853,0.33644255028167896,1.0102825859001625,1.0,-2.495027370670189,0.4523648553964736
67,1.9285986422564456,1.0730600911950154,0.8990185000749565,0.5550222818009655,0.3961102277414157,1.0,13.585416276073852,6.117785610511487
67,-0.893829390793312,2.15484184383457,0.7506559174675506,1.7504172255227468,-1.1943564332405936,1.0,4.176132167359982,1.0890452216050983
67,0.13820160127130732,1.0644917596646835,0.3173852893109469,0.41776148326579465,0.5613518019164491,0.0,2.1621377548090654,3.346765106311332
67,-1.2589848311491134,0.6306885177754762,0.2598312179372119,-0.29676055708084087,-0.536310580545227,1.0,-1.2313534361739613,0.5716379613647077
67,-0.021731102380793916,-0.22192668309424954,0.9775346372520711,0.053755050323552926,0.37508566668649745,0.0,0.39214768229762154,2.1452498250420566
67,-0.562237313353021,0.25627467735242443,-1.0942685506888774,1.261187735918777,0.5596469131668534,0.0,0.4237006265240236,1.5249110982081215
67,0.3959817051094578,-0.1775766898331255,1.4003826534116157,-0.5300523921935885,0.6883538943031513,0.0,2.1195192457846392,1.9878175097356254
67,-1.344459311053264,0.28731862898699245,-0.35342054737441625,-0.46269614121673974,-1.251980224252793,1.0,-3.525132029009524,-0.010712681888965125
67,-0.07905959213631983,2.3446879490233057,-0.2829523658656316,-0.14530939935633974,-0.705060266027838,1.0,1.522995291449204,2.3410184378947143
67,0.6937470656707609,-0.3393550451366691,0.1569874560399269,-0.138241985995873,0.24005949342843907,0.0,1.5138565822424677,2.0588746812216128
67,0.8560910383663028,-0.23953472450502505,0.4879668364071725,1.1300047135860292,-0.5175438844032264,0.0,2.722387306707539,2.53671635239894
68,0.47502326585595017,0.282014296118007,-0.317954864547568,1.0639061972705497,-0.4394067209444249,0.0,2.280132717254474,2.6156312025701625
68,0.39662895792938824,1.3799742045614714,1.0167062973244918,0.43374547958875026,0.44213643431084837,0.0,2.7826884671692786,3.9081031153717
68,-0.6330007747911,0.1216663666326952,0.24240020615532695,0.12493792131265706,0.6016149955541368,0.0,-2.0569103209030244,2.122559095247457
68,-1.6275302082075134,0.2652587783318521,-0.4786962234493133,0.013225750301714372,-0.36972162655745205,0.0,-3.025378598815354,0.35714778608007475
68,-0.6472257082230718,1.4275443416343363,-1.588833321429406,-0.7694826477423857,1.1295496066555202,1.0,-2.7693719937708012,-0.1662032787315869
68,-1.0778052026551241,-0.16192810827606952,1.3865158923528162,-0.7776873705992294,-0.05949875573216347,0.0,-0.13281978492247382,1.0125643839972391
68,2.717445351848634,-2.2318425125126953,1.2935917292232764,0.49180169293536025,1.7510337656466812,0.0,-0.7441589565284814,-2.780227012517011
68,-1.8291343121449182,0.5474863315127353,0.08719397413510867,0.3385005887616828,0.737761881647115,0.0,0.11997684179224155,0.9356792108159926
68,0.920730222150715,-1.2871639011753782,0.9853633287973909,0.31603577118417725,1.2242394112609358,1.0,0.608593318501482,1.4470320376527908
68,1.1234235240373291,0.07879043134499664,0.36657779879450497,-1.0736911890507885,-0.31400154303713435,1.0,4.697031878735505,2.112623939591786
68,0.9326928139054645,-0.5033687157223312,-1.921728147745729,1.6502451930758344,-1.1290257335352623,0.0,5.194839235810582,-0.2988536645458961
68,-0.7568833754521653,0.40195136008218374,-1.2675379549030477,1.1817574270312108,-2.1201914228787504,1.0,-0.8270985415114867,-0.28605081129604104
68,-0.1510451519439009,0.500284199686012,-0.4566879463516036,0.41789884394336385,-0.17463249857451535,0.0,-0.9952009577499159,1.8898611804988352
68,1.292686835460127,0.9956466330976131,0.9754177226268609,0.24725902836668504,-0.5202887532650343,0.0,3.2935322531078333,4.343242283311302
68,-0.16159670742740403,0.2665908895962088,0.7135159152425311,0.2440224412837985,-0.08284124281150347,0.0,2.4512749849074273,2.202830839073023
68,0.35293107773007276,-0.6194401636260873,0.7327585591499131,-1.5095899770037418,0.9265842242466164,1.0,2.753065197859608,1.4663341457992174
68,0.45979102515764897,-2.3997908065846936,1.2859465133979706,1.1861692934957644,-0.30635689767995755,1.0,-1.8625716446859828,0.29049060857111575
68,-0.25044038723442646,0.8207680696722801,-0.4411448123269157,-0.9566422099160493,0.05903074583183984,1.0,0.7820492139552943,1.3144956795097762
68,0.07530464234708784,-2.0391398006317654,0.4831980447045342,-0.7095596557753439,-1.2540774882099461,0.0,-2.5235981926323987,0.009819776822629134
68,1.3508430367282183,-0.697384894425527,-0.7058819904067086,-2.3963547994535306,1.3820969627632078,1.0,6.42586486245071,0.2856413250324662
68,-0.6175111719662552,0.029180387427257846,-0.6016659320311053,0.4635685069079265,-0.44351697834766535,1.0,-0.28162780181669,1.2214020048297876
68,-0.1774639972625857,-0.22496214567154282,0.017428576735423407,0.3066768752014206,-0.12609040097973426,0.0,-0.5777931956716588,1.9375652618160502
68,-0.015787835037395913,2.4885352902692985,-0.001216188964556756,0.08511994660345944,1.0523971053042096,0.0,2.2149899231486163,3.76523483488229
68,-0.296457135132003,1.4664475550902236,-0.8775667317978875,-0.7005190352564642,1.637473298950794,0.0,0.28013567865552835,1.8189748054585833
68,-0.6066557549137838,2.58302732099617,-1.282800922005364,-0.49442472966389994,0.9263597691714305,0.0,-4.606365019750416,0.27977521318312637
68,0.4994892980069869,-0.5901786943644587,0.7147785100411601,-1.9173691864732818,2.297564144841663,1.0,6.165889955085914,1.9625925296426487
68,0.12557544126002246,-3.0708789188290266,-1.7434387867119463,-1.7558515631640157,1.7620991956831906,0.0,5.566899470012473,-1.8986604147809603
68,0.20683304008173095,1.0204123657154476,-0.2743302859066179,-0.01596866027547958,1.1157482780506605,0.0,1.5424802806857207,3.2000092011641184
68,-0.7131581850070768,0.09921018390713139,0.24113461963651756,1.0034902060726698,1.307633529888938,0.0,2.243822095234564,2.8694702701703667
68,0.22295173865255338,-0.9220592865546294,1.7370949871244736,0.5250343966601176,0.5636797505873351,0.0,0.11151049610126215,1.6922428576472701
68,-0.18850166590774406,0.5100916818869498,0.9984795293141134,-1.8135310508388571,-2.463542631386653,1.0,1.1945671461052458,-0.03307408747059459
68,-0.11362898551308329,0.02159101624589725,0.4233909236095673,0.2461276445334746,-0.8316504567774878,1.0,2.951791575249807,1.782162714682734
68,-0.9438233597504245,-0.5731723939572168,-0.5626767966513048,1.762793185039009,0.41712392667486636,1.0,4.261854670546124,2.4369259751425503
68,2.1752416594717445,0.9328635929841177,-1.760609826683683,1.1504126196611062,-0.738408115032548,0.0,0.7326795661936004,3.7202779674698867
68,-0.8175254608273435,0.7810342400095904,-1.6360830942721867,1.5429581707236997,0.9710517787488693,0.0,2.164948347810227,0.7169620421511999
68,0.9036192938767593,0.966274427970072,1.0193134250679752,1.2942316058433223,0.14735357996002635,0.0,4.456327267969355,4.562491246512037
68,-0.13086037053071706,0.24049412004362059,1.2462432795334943,0.5618516240111895,-0.12005345325317959,0.0,1.2176995396071009,2.186251649132896
68,-0.2525850433537477,2.5562564142786446,1.231960173990813,1.1065499068121567,-0.47920802207611896,1.0,7.2743616541879375,2.768204221755788
68,-0.2082399726023363,0.33890818037580717,1.6108972836084838,-2.232618438985495,0.5750540654111272,1.0,4.080137147144491,0.9313361186660517
68,0.7124089008353628,1.20750667802025,0.23566581630934066,-0.461967253229276,-0.4773161509796104,1.0,3.954823459516043,3.4407465958413095
68,0.7733507584195473,1.5569537826017728,-0.9994270352928131,-0.5042983567212331,-0.605741332623705,0.0,-1.179715217110709,2.8552746471216954
68,-0.5037388926474948,-1.0240302259679521,1.059150960052401,-0.6354365574633378,0.23561656928254013,0.0,-1.8975419227522186,1.5712373489129838
68,0.8847833960220793,-0.10651363356956646,-0.40657788890219665,1.6572525890827234,0.27620664077747875,1.0,6.304946608189766,2.9768135927077153
68,0.11946651569593891,-2.045141735603084,-1.6921595110739687,0.6338764860830376,-0.6046638196240911,1.0,1.2383164483623026,-1.1597024662833464
68,-0.9914452929985875,0.2515580152677219,0.6229006732590203,-0.8359390369652558,-0.5583191751435581,0.0,-2.0679556630575893,0.807161223483937
68,-2.278437026213276,-1.6557647107644387,1.0789909973422163,-0.8767799618774906,0.09363344128403248,0.0,-3.4375674741410607,3.4255950154560058
68,-0.032216388743180654,1.3278867029690964,0.5965820413238683,0.7634411109630405,0.996442051237937,0.0,3.3730727349678187,3.610548759475625
68,-0.9368775541686859,1.6111920604288663,1.0490370375202756,0.8319240015127823,2.027891928142449,1.0,7.24739710112001,2.2805001729321757
68,0.09676865826752634,-0.13803228518725874,0.9309577363673399,0.700837507471092,-0.40681129739915184,0.0,-0.27060524611860237,2.1755689283748367
68,-1.1225690468292333,-0.5486787556542975,0.0537645905819512,-0.3492725699313183,0.767400873692312,1.0,-0.05383861638359844,2.014807366202432
69,-0.32402239259136484,0.4756631785392712,0.31995270698968886,0.303045922371431,1.3695836574611775,1.0,2.506484567750663,2.8672363090276805
69,0.1822732916229566,-1.725745930280906,-1.3435242452502445,-0.7279622262489439,-0.19729878523686337,0.0,0.009119025959893445,-0.9953657428644005
69,-1.2424708953914378,0.5711453700716608,-0.2012947800274524,0.5031801560628172,-0.29748030152272026,1.0,0.5216083986210187,0.9367167985575581
69,-1.728234798018188,-2.1819694639292417,-1.4953995583900588,0.7183388682046226,0.47057952352491533,1.0,4.120547285595308,2.737938195852767
69,1.258993589061763,1.3923547332912565,-1.3615574219720625,1.6790989885945478,-0.9366563891564432,0.0,2.872677344410877,3.9767978977518226
69,-0.3186798020352033,-1.0168558432668091,-0.25981221773743696,0.2408797630517326,-0.5425696803852758,1.0,1.2634001903529992,1.3419707649075272
69,-0.5987539132282648,-0.41657118915616453,0.34610390391423324,0.7160694198747466,1.0758500377399376,1.0,1.465697086219656,2.751474301865165
69,0.5592944450397148,0.5270100341159988,-0.8401907338768161,0.1674107061630177,0.22988094169923542,0.0,1.3956969247716091,2.2837772661639444
69,2.7358405002693047,-0.4339462910468892,0.7478570934729448,0.3264764477794544,-0.6959660298537806,1.0,3.5032472831785837,1.8860708982519294
69,-1.0971614581695033,0.4563806295982584,0.26953736874148276,0.9215243741455725,-1.9043985448213017,1.0,-1.087344231096423,0.7861121392218201
69,0.9032751997999823,-0.13335688844639573,1.8679127210468045,-1.7469661284067104,1.1257166059051318,0.0,4.750354344731021,1.595068616856871
69,0.6804294936667349,-0.40712042946807553,-0.11300307023712063,-0.5052918179597063,-0.7896047775710251,1.0,0.13626701288319243,1.149309896076549
69,0.143258733716172,-0.4209524686922357,-0.2730717455120099,-0.02448096736017513,1.585281818170477,0.0,1.0525420024835404,2.407659587217746
69,0.44532558800542427,0.9117192884282832,-0.19442858125279164,-0.7446445639802356,0.3120487507929966,0.0,-0.03831749660948369,2.752180400420725
69,2.801913188441784,0.7536165381492537,-0.159282131976804,1.1727229405929447,-0.49851068056871556,1.0,10.009594720496137,6.134139443023184
69,0.05767595101984755,0.26036920456079643,-0.9389173094862603,-0.9249555806945098,0.19225873405580285,0.0,0.24601605600748533,0.9288945558917887
69,-0.26146952642487903,-0.1762997712619918,0.5528221587452413,0.9149147374898351,1.7231027480162486,0.0,1.195616044605539,3.273678213668749
69,1.4787665946818391,-2.4525408123487527,-0.6295614195868564,-0.014320514108963246,0.6208015242841126,1.0,-0.46703072947619284,-2.316876920992466
69,0.414507714691594,-0.20555058263458703,-0.3005340608265966,-0.5227105763302695,-0.5308682937853547,0.0,-0.33877622488076164,1.2973983254222725
69,-0.06192089601700047,-0.6298177904181053,-0.04094819348726407,0.47060755969061246,1.1223995772899313,1.0,4.301473658998955,2.4683207503038167
69,0.7245742143362661,0.3884141235434107,1.068603461808969,-0.467266858787964,0.9995261605244887,1.0,6.395587597165957,3.119709213554295
69,1.1612347145766049,-0.15659892643975337,-0.9761281453959234,0.7820366971617994,-0.8477715688413041,0.0,2.2560755596544233,1.3597722044538902
69,-0.6324724661991488,0.37914485374554363,1.8999209978755152,0.2850853388937853,-0.5844807935924271,0.0,1.0627862830304198,1.1105854785291003
69,0.24133505861304805,-0.3580810604232968,1.5372796810933642,0.6292390516411749,-0.9389746877382635,0.0,-0.1417028016481202,1.5024918787007326
69,-0.022626449292588464,-0.800345472366455,1.2211872478423256,1.7959063572708815,-0.8666957323368996,1.0,2.5067708138342493,2.024352512504961
69,-1.8273822376788327,0.44248610700557184,1.7130942513863294,0.9419423376488457,-1.1282040927702215,1.0,0.2830194707476952,0.12055874452958304
69,0.05567715790653593,-1.0232683407000398,-0.16899467572748975,-0.12424192346408702,-0.581770902074042,1.0,-1.277261857664937,1.0074823369335988
69,0.6234965842255075,0.6153980278841297,-2.066003085804926,-1.393180500957386,0.01363392975126271,1.0,0.7674626079189376,-0.19484253670116247
69,-0.547848474630771,0.24320164670670624,1.0618896226737957,-0.7358658489647218,-0.14365134257233286,0.0,0.7565796152896396,1.2928479377717328
69,-1.8549968228158777,0.0080371619283545,-0.3182405903277976,-0.19299869448457357,-0.21432320517692913,0.0,-4.232751931753572,0.6486174147768693
69,-1.7282846994205592,-1.174715944586181,1.0485672462202424,0.02405061004101025,-1.919378069662713,1.0,-3.6323220789734156,1.6541765051585062
69,0.29022351455705436,0.18335314933039323,-0.01531845916539063,-0.5872433455527174,0.7274953211264976,0.0,0.5551929517287516,2.352351160250365
69,0.3113833566552045,-1.3268194822831345,-1.2985025871696698,-1.2310941593500988,1.433939982879731,0.0,3.604064422180925,-0.19975457612675207
69,0.04189617861482054,-1.6969329226676815,-0.7540848166702298,-1.8404116398384553,-0.21718455837976675,0.0,3.1251428389355276,-0.5755554814210633
69,0.6345761159347173,0.35780551517849535,0.5817675266329805,0.1698638042536883,0.24109312777121816,1.0,5.767595726269025,3.0551005758660827
69,-1.0492766625385155,-0.9706125610144489,1.111152441439418,-1.0239408304675857,0.4742089713029522,1.0,1.7883008954824624,1.7328357694055225
69,0.25615029645625753,0.6354881964574408,0.3848453364163232,-0.9097789602071686,1.4414065333483157,0.0,1.005205396012094,2.9936926980626444
69,-2.560288943745032,1.4469744237749254,-0.5142370781555802,-1.1072861490275914,-0.5379803281829306,0.0,-1.442574661900183,-3.470413422160618
69,-0.2951166112559657,-0.1733469200346346,-0.8252771333797235,1.0659578912992957,-0.5463016336478357,0.0,-0.3575138076646951,1.342468723962257
69,-0.17064965789178116,-0.046466336557796487,1.439361438115046,-0.09069828567312863,-0.33913168346356365,0.0,1.497012222919409,1.5351939913173862
69,0.7060819061464428,2.1008533344656835,0.025431427656534424,0.6882005086425578,-0.7639600193216161,0.0,2.844672154563952,4.861354744400711
69,0.9569397986424202,1.0418741361271313,-2.3292820175211286,0.4434183788895901,-1.0137874993224418,1.0,-1.7388300801985803,0.8587691947009558
69,0.7890038077878646,0.5802495805839901,1.322954461504734,0.9075818234965479,0.2900328440321652,0.0,5.635302965035934,3.6480427284529893
69,1.9580597378291156,-2.197832128016491,-0.4813712653110066,-0.9096381723606902,-0.0502863649422,1.0,-3.2428410810963673,-3.2576598295025962
69,0.4918384404105954,-0.9134087912199749,0.5185111089970734,-0.42737474480401033,-0.28141547565422026,0.0,-1.1151213966776066,1.1133837314158124
69,-0.9318432321258893,-1.115147830760194,-1.0063894835369178,0.4855552252976966,-0.12229984419233322,1.0,0.2883198416084486,1.2289951246839315
69,-0.13102390672417064,0.3174768743201259,-1.058426627015463,1.1358384551497631,-1.048210580538276,1.0,-0.9799328558711815,1.0564740639691448
69,-0.31499217972581806,0.4628424353609292,0.8500599384553011,-1.300700767255154,1.6180765592380106,1.0,4.9346472551011535,2.1717893595651825
69,1.0153296807055252,0.6209147804437987,-0.9290983335115219,-1.1561493378699819,0.10145118407065172,1.0,4.249934340117192,2.0552137256988976
69,1.5759918368337704,-0.7094182166588116,0.702596457845459,-0.255520693388724,0.05376666879612542,1.0,2.554840948856482,1.3288376353281026
70,-0.17308028272495257,-0.2812555321535949,-0.8282729864887584,2.262433506085974,-0.932069905965117,1.0,7.656895801041798,1.7487063568521521
70,0.5481429937985465,-0.9344463709276926,0.591814363309658,-0.48330712863989805,0.6993979956158838,0.0,1.291270581485666,1.528520566208512
70,1.5077696987534095,-1.6865850610291688,2.299692511297217,-0.4617887213717631,0.081106275340257,1.0,-3.069377854404464,-1.3389311917520952
70,-1.7637551319634925,-0.4330797385353361,-0.0408174452628376,-0.08777027676255048,-0.4032843068068643,0.0,-4.131546018039607,1.3986602454572805
70,0.3430947139938886,-0.37637241350523487,-0.9097812109245427,0.14887111567166844,-1.6905595824324513,0.0,-1.1374890907672368,0.2424133954260132
70,0.5756203254335946,-0.1917597059384964,-0.10250236610305145,-0.3810543025966997,-0.42937315621370037,0.0,-0.16754338663567625,1.6198358434595521
70,-0.07915795950409127,3.1705658315022425,0.2560811065390051,-1.7283911630852151,-0.5302241461824809,0.0,3.6860250233281358,2.2608513390224205
70,0.2808377966751704,1.022573058061585,-1.3605428157422381,-0.4906404351318003,0.7667401118889301,1.0,0.7015010337269937,1.6053688572327633
70,-0.0860920806712816,1.1042245425481199,0.4047610051128783,-0.02637404331831015,1.1736217195700163,1.0,4.65993404786975,3.109202122609586
70,-0.8305306495663545,-0.3096787241308095,-1.0034135256045635,-0.9964337970962271,0.5757052432663105,0.0,-1.8407015027867957,0.5124487261970534
70,1.3695106847752072,-0.35944600450269193,-1.2487083542756345,-0.8918908850671708,-1.3899383884186722,1.0,1.867261651355459,-0.4359537665639441
70,-0.34977350098311333,0.6730502811710891,1.003685792796457,1.828117783425286,2.3531814165887175,1.0,9.838666974463907,4.055912888494786
70,0.7645073818054696,-1.6036379179163898,1.3823993591657069,0.05222586674910857,0.10799234570946059,1.0,-0.7596392064636059,0.313034960183473
70,-1.5749153421005728,0.32665180037223734,2.3538270119419735,-0.15741624799076218,0.1598625078674267,0.0,-0.19516640861713508,0.3341251919382111
70,0.849290607212349,-1.6850256865109339,-0.1661366011032874,-1.7283239597804347,0.06267032901471578,0.0,2.830485644776057,-0.7786081152013091
70,1.8349598583127527,-0.988362848753357,0.6504118573148655,-1.1001425284429802,0.5040869527686133,0.0,0.9094196631081266,0.43270497327950896
70,-0.2475175653064611,-3.0050656971202434,0.793668911829452,1.7046752865285548,1.880383722952397,0.0,1.240340395626322,3.008113235158688
70,-1.6046210668982277,0.9477410167000432,-1.1734155232917398,0.10607529178602539,-0.5421451775850933,0.0,-2.2477733306511114,-1.2669433614080543
70,-2.1742780778183532,-0.23031912426652046,-0.4878197402089413,-0.9142721974161001,-0.16875533108653293,1.0,-1.979214384216748,0.39641243479636024
70,-1.3315455547237436,0.022278924250055385,0.5450063100708584,-1.2539080620549465,0.0005769344668461311,0.0,-0.38717051846216266,0.8166628929639679
70,-1.2283217936866262,-1.2633017607378842,1.126303719867194,-1.0357781836464008,0.6863929187591166,0.0,-2.4601704230361143,2.1243883815064857
70,0.43769284924809937,1.6350318241476829,0.9738804680446081,0.3498624264120137,-0.3917728790765674,0.0,4.599695212349104,3.780083422509093
70,-0.8685854649468426,-0.8951200063128911,2.131870914250823,-0.3864012536957899,0.9731324274512775,0.0,-1.9478246818246145,1.722840194470333
70,-1.7568259870771727,-0.4068169714903645,-1.0025041457927146,0.3364536576486482,2.1346248432479715,0.0,-0.9740970072423571,1.9053657737621639
70,-0.9640670403631367,-0.3733751555967489,1.8794756670739032,0.7406566440175403,1.4155938475865317,0.0,-0.17162314130788858,2.4053000003707457
70,0.8640708837779528,-1.9464504913683425,0.035026005192347213,-0.8940673460005608,-0.23104487784914565,0.0,1.4866913898990646,-0.7687174572409026
70,0.3443244050994657,-1.7735727724234565,-1.3139753291901657,-0.21485059898563869,-0.31227100035537986,0.0,0.7196540333647689,-0.9918499357156041
70,0.20286381159837247,0.17009904727537936,0.36098730707330273,0.9464788421494714,-1.0241479189207505,1.0,3.1645703411499895,2.2981960504151115
70,-0.8604806398265448,-1.092633207322,-0.49925391695592847,-0.7592742447255504,-0.2275894418814256,1.0,1.9931913599343882,1.0985140048501485
70,0.17995128145882514,-1.2190770700856708,1.7653303222273202,-0.3181044094131619,-0.2771900421529101,0.0,-0.7141851535994419,0.6527712188134615
70,0.7039183580424676,0.06616615497635508,-1.0881575413205131,-1.758067243947493,0.644839650076081,1.0,6.125534641570185,0.7950434144987724
70,1.6670707210300397,0.6138116986716436,-0.3755166117436981,-0.10476595858110263,1.1502561667659355,1.0,7.740123249699184,4.429013796212917
70,1.3218980645786576,1.2621362131530023,0.3641282536397746,-0.2651723804816023,-0.3783995950845238,0.0,1.1053694916016013,4.755145270737966
70,1.0967149852870899,-0.602582189825726,1.7923492969728372,1.4692855968003604,-1.5253252651430682,1.0,3.9797985218283767,1.2346153956434551
70,0.16765643111244263,-1.2787896220114658,0.13329926361159056,0.33685470514769705,-1.667823029672648,1.0,-0.5389464404039076,0.6223303705645747
70,0.49668853359696225,0.29030045657540343,0.07170114410449246,1.1046484302217676,-1.0908822925119412,1.0,4.1904607178336954,2.5778476181188603
70,-0.23139470896982534,1.9241109407664934,-0.3894786433610582,-0.48540359269633093,-0.10739409637801789,0.0,-0.7996074727631466,1.8350980064178855
70,-0.02105899916193501,-0.7687880034011302,-1.3729542533310863,1.0913521496853025,0.4933899573687414,0.0,2.0590346699666586,0.9237142896938946
70,-0.8961153352476267,0.4957821312621326,0.2433798797709407,-1.4311235802301905,1.4882432083176205,1.0,2.630177000324697,1.4763342031770095
70,1.0901199104764852,-1.02370317274595,0.6878070608621373,-0.9461843982005559,-1.085134783440535,1.0,0.6856387417326164,0.018133144172005955
70,0.8067376531601176,-0.9241457584697492,-0.5505118217790229,-1.5066069760291252,0.23960381832528024,0.0,2.949742996358724,0.13925216493747694
70,-0.9786057362379779,-0.059512220858489735,-0.6177573412941086,-0.21115418089662344,0.35706298291679056,0.0,-0.6923819553134106,1.1184352249472753
70,0.5224521488031998,1.7157660538657227,1.1620823541350727,0.8675700069370929,2.1097775249633024,0.0,5.938189068975827,5.482659262271845
70,-1.2465460341872365,0.26249717398550704,-0.7773240169657674,-0.36411397576651805,0.5161168223113755,1.0,-1.6474929155302616,0.5808931276483879
70,-1.3197861914809002,-0.4482939138427007,0.8986777625249491,-0.59538255613144,1.6787584704059977,0.0,-2.0978597188824235,2.3212840717324807
70,-0.6714964429598548,1.6536331597333278,0.8483904616719622,0.45615756389404893,0.5136267216729127,0.0,2.4499403461696714,1.9509384523743796
70,2.491569269873291,1.6260213158031052,0.8860213757743781,0.479777896920372,0.5637341438493062,0.0,5.7359248485418215,8.707405457004286
70,-0.9438070962774926,-0.24229995853928935,0.909955812266956,-0.26321656060334586,1.4310701381319815,0.0,-0.9626575898044645,2.2883162230566287
70,1.175873152663406,-1.3586914297230352,-2.139878151965891,0.9760465725260896,-0.4305641583113376,1.0,2.172262260355631,-2.025114591462195
70,0.1926307015752119,-1.710645510149909,1.2919417781937854,-0.07866315870964655,1.815790982927813,1.0,-0.3473529344923113,1.7012591773631582
71,-0.9104726395628903,0.025763467652665302,-0.7414935612642214,0.45299149985136494,0.4529008662234275,0.0,-0.30802220769372834,1.3538485291903517
71,-0.019542866729787573,2.3378813604064965,-0.9568456657699332,-0.7280014803055064,-0.006382966439127549,1.0,-1.315416565263872,1.8439664193076406
71,0.2906206620889557,-0.31758694636533985,1.9513779736607197,-0.007876426887486975,-0.659298043233243,1.0,1.8941179809073088,1.1648607194947092
71,0.020812892165636435,0.5927819909346697,1.0960497173883161,1.2937499939525032,0.5382376881327773,1.0,6.6313189505824806,3.2402667430307996
71,-0.0014604844751328675,-0.4905100492849808,0.20609483010972413,0.28359775379329005,0.03725012617292834,0.0,0.8872089739408882,1.997039996800687
71,-0.7212343058580893,-0.7410917073913873,-0.5361418624540848,-0.9718943908307591,1.646839057568439,0.0,1.1167122075120228,1.7324250589049566
71,-0.4026930624654829,-0.4549873668952598,1.3949416109523842,0.5621351530002602,-1.1811893518521182,0.0,-2.11462744449259,1.3172734827961095
71,1.1660863748672343,0.3423461269178756,-0.17510489244057437,1.0817385749805704,0.7821359012362004,1.0,6.863107090091676,3.9825144677284583
71,-0.49884541897758156,2.228141876793521,0.44256014458749926,0.046350063124614434,-0.2904372923183966,0.0,3.137281357317674,1.7560445513058278
71,0.45970052362080466,-0.3891077744767977,-0.17766193377584627,-1.2933745612243435,-1.0276790037949268,0.0,1.2843231891032352,0.5913251637920918
71,2.2509144359063873,2.5058277343921773,-1.1209702509285577,0.5692337755370946,-0.46862795867685453,1.0,7.907416155932351,8.94340160740414
71,0.6054395013958617,-1.3054777298562519,-0.2350568323045748,-1.850852101111498,-0.2196212907609704,1.0,0.49817859778616125,-0.3206709054076752
71,0.3776241011760539,0.20859727822997176,0.858054839852179,-0.38131175696132413,-1.2057720768783755,0.0,0.5141452155747332,1.6612779104982685
71,0.5872879019702142,1.1956085082194787,0.7542346125022384,0.039408439078243526,1.1278099229182452,1.0,7.628201231096589,4.283136945907702
71,-1.42444877998053,-0.13437327773711968,-0.07472083214711198,-0.8936905156577137,-0.6406491458342647,0.0,-1.296063365523369,0.604676273075887
71,0.5330276166614374,2.279745843517239,-0.959452440624801,1.418893015361391,0.07877100063240457,0.0,2.4154602765404243,4.464628467434254
71,1.1240698462930758,-0.30260696232394646,1.6380204305203985,-0.27365238963288074,-0.3651975302289845,0.0,1.834878472116324,1.502991852374205
71,-0.7885999248467719,1.4072756992313793,0.3969906933692152,-0.7100738700581855,0.6386485020472674,1.0,2.0236324877197958,1.2845717401255632
71,1.8611912133344959,0.06044229595136389,0.447412167598912,1.5930399729566895,-1.093047305405187,1.0,7.7010355939805795,3.4485835462655787
71,-1.1722709304393673,1.85177393409114,1.0417806661082374,-0.553255616043246,1.6364395561738612,0.0,3.5585179164270726,0.7361368537759414
71,-0.3732337207170095,-0.019947456830740992,0.06301315683079825,0.3090633132189163,-0.5616966891895157,0.0,-2.4968210806239286,1.7140596930560223
71,-1.0784654696251077,-1.2089904601278334,-0.8201369269899228,-0.16480008656588338,1.2583502537639921,1.0,1.570893178734127,1.9789542068764456
71,0.06788271214619142,0.45136422051192243,-1.7149943502641514,1.7292058196349478,0.6116482049466632,1.0,6.104093063602963,1.4594943081261715
71,-0.9974045673985343,1.3668558594001783,-0.09284799961926792,-0.48809161562429487,-1.2353338415139592,0.0,0.3176353126909417,-0.09102663936927746
71,0.8840526484056872,-0.12089540578736498,1.4278958346308526,-1.3424577174082946,0.9410822501019299,1.0,5.678809880619643,1.9303755386822872
71,-1.128284423868517,-0.22184979088809703,-0.8088743298131296,-1.3575721574039221,-0.6716754989764083,0.0,-0.7871028809921488,-0.15350513256221587
71,-1.4460193880837096,-0.15952532976514933,0.08294008043298595,-0.6455521847957119,-0.013251056318466169,0.0,-1.491677370539313,1.136535223268665
71,0.7302444482965226,0.6865113371084992,-1.6906324663962744,-0.20008016172832938,0.5749390301855671,0.0,-1.416522975580425,1.432262662685426
71,0.4461063307999183,0.8438820038025354,-0.06102511181858121,-0.5569632812660842,-0.5072810285572829,0.0,0.8113538025931233,2.456959106477334
71,-1.2454187601279485,0.6229063007374613,0.07796585894962853,-2.054373974931783,0.996955836693225,0.0,2.7469031646314104,0.4202006396226444
71,-0.6373272402604614,-0.029037723008928474,-0.5640053691617501,-0.5671593917323967,-0.7964578670877149,1.0,-0.9890920780165678,0.5666334598888337
71,-1.034447808297275,0.6739957753245553,0.9182207238029472,1.2048509132641654,-1.0521819526346927,0.0,1.5932638208282615,1.265240165105473
71,1.1119005661461594,1.0845725746559745,0.9232863858386077,-0.8426603537621749,1.1213012419184205,1.0,7.246875985393018,4.508339303111359
71,-1.7538363908530437,1.2514702320948112,-0.5833647368812528,-0.6140242928225281,1.5059792592780952,1.0,-1.6221722950880824,-0.45714803764887046
71,0.4966125261960167,1.4461095259399022,0.9637275911398095,0.8617977802421659,0.8511516740711581,1.0,9.709208055630436,4.598318051032881
71,0.4298021910558627,-0.21648371922365134,-0.8363691621170681,0.31753142517062244,-0.427361165556449,1.0,0.8282480644093211,1.2106767065935986
71,0.18944446166241108,-1.0441091828943352,0.35992611404736924,-1.3319095047353768,-0.6464527769777404,1.0,-0.08421331685172484,0.5015717027215976
71,-0.9013847768608301,0.3219448578485714,-0.48050932118582873,0.10940131665196398,-0.09184494800827676,1.0,-1.2483022186391635,1.0753669841948303
71,-1.6204615911881948,0.534753248869597,-0.7211867584469231,-0.28429424980674883,-1.6505152687347366,1.0,-3.8347510648439513,-0.9863767406343231
71,0.12222210335306492,1.197364373873574,0.3580230690303731,0.557636672289746,0.46385757180699216,1.0,6.4260933153520625,3.4324877036359744
71,0.5550203126370579,-0.13020507174687895,-1.6463231396064764,-0.412875343962067,1.808261428302661,1.0,2.950923351236217,0.9392176044885622
71,-0.020905414900059274,-0.07833390439802591,0.21850739112126022,0.8661495642864159,1.222509679122564,0.0,0.949051128929752,3.081823353979311
71,0.36215759354510485,0.7158664183423673,0.4153400955319443,0.8253886892845754,1.8078160914995207,1.0,7.4796393395536835,4.237520047948356
71,1.321279266691014,-1.2732959188354165,-1.0656340848364745,-2.7550612286810945,0.16901393057495023,0.0,8.942372197166879,-2.0002790914865005
71,-0.19280689625729994,-0.32760015449213076,1.186819272317199,0.8893282269335254,0.4679191145391601,0.0,1.7564403661145964,2.4496042266315157
71,0.6426116868949646,-0.3837619116761212,0.4900819924832017,-1.0877747959050745,2.5473447933269653,0.0,2.009853968252995,2.7399352609928145
71,0.1692937883732395,1.0875685562549464,-1.4739027586596032,-1.0198064522270085,0.45609055796142334,1.0,-0.24219061609533743,0.8904824741371785
71,-1.455315046162175,-1.8910530421827976,-0.16526209752460594,-0.8567980189434304,0.8061019314348015,1.0,2.030167193672837,2.9572900800266932
71,0.007127288488500441,0.327219572321561,1.9613617904456453,0.2616874409172384,0.8935596660134094,1.0,5.685664531931425,2.3470987106177676
71,2.253762707913425,-1.6196488276551424,0.14568142526898667,-0.08070492306299332,0.9986404741033149,0.0,1.2295522896460767,-0.8120314840476031
72,-0.6161880773074255,-0.0150953493496221,1.2292962020529024,0.01545775613135048,-0.138941417802666,1.0,1.0959538705154728,1.5814670971287588
72,-0.5268365553990519,-0.772112573746998,-0.1373781983745945,-0.8028775932305836,-0.5585063643436381,1.0,0.6286655745679388,0.9984999330509445
72,2.072813965964067,1.7208547098954081,0.010618265377901965,0.15013926463420305,-0.1036186394263055,1.0,10.656853466909459,7.4923590860387295
72,1.2990122001490807,0.27176853199616835,1.4530392251807493,0.768828994465021,0.20488377080560957,1.0,9.162102136731642,3.4692821391354594
72,0.1953768970140432,-0.838936789541174,0.9003362811141805,-0.6668424567529044,-0.9168429076518313,0.0,-1.2774582386144668,0.7939831604419936
72,-0.9112220255872278,-0.4557919379544223,1.7984071612136425,-0.15519317002760238,-0.35515272033156786,1.0,2.2751765746196666,1.1502006817561972
72,0.2097811358507022,0.43857962591531985,0.803176434314304,1.5592061324186883,0.09801762102808766,0.0,4.3183358791205535,3.340810770735238
72,1.84173566276043,0.7188030404794522,0.3884845727156422,-1.2492419544879654,0.043069079821299205,0.0,5.202724679734244,4.120754540294524
72,-0.38836982136457365,0.824813863814796,-1.7335296091598043,-1.2299105578480256,-1.173506166856799,0.0,-1.2105077843905319,-1.3325999377147404
72,-1.9171830857322714,-0.9519787369518444,0.5890176808835477,1.2567542257399378,1.9542514269352615,0.0,0.16974333611891412,4.122035090070464
72,-0.03679691145073595,0.8636113804858587,2.1163571892360036,1.6446767517499823,0.027075648650621627,0.0,6.907621600822161,2.756786180119669
72,0.6903345618306987,1.271958854188483,-1.4070747221061224,-0.2677625545347529,0.25134129199329075,1.0,0.9359571232798007,2.310467038473937
72,1.0933933081630602,0.46561267302782294,0.12076861750450986,-2.303837166472409,0.0812754585848583,1.0,10.853571807636195,2.23042055599117
72,-0.3633164836699109,-2.608321080035897,0.047581663527508325,-0.7058421383861306,0.32610451778671334,0.0,-1.9678630934136738,1.294617488897189
72,-0.06639339824496565,2.271315573860961,0.2746794960441866,1.655596308249578,-1.7652228694111916,0.0,3.9175752113746496,2.9966993758766742
72,0.08380455340754764,0.00241828591318703,0.04797507421528971,0.24964211894349586,0.15014591434270974,0.0,0.20289526754386175,2.266045053617092
72,-1.1158829549795082,0.9605982317262324,-0.07424981388832902,-1.8843052489320713,1.5837562196373423,0.0,2.6984292096408065,0.6602877721492066
72,-0.17331587028782838,0.07982526037521777,-0.9464046224192201,2.128329531927492,-0.4822722640719295,1.0,8.946119143350462,1.873849892692898
72,2.4102911023861298,0.253660742829223,-2.0746198948464247,0.7509850417618117,0.750731762032622,1.0,5.4298882005008515,2.1741430859911723
72,3.0655076399776173,-1.085345430388975,0.09903368743852764,-0.0752741395066602,1.1722453985629844,0.0,1.8648229491482544,0.25604904016963026
72,0.5865239096125161,-1.3418027915448187,-2.3479868509548365,0.17091608038342465,1.200098892759029,1.0,1.8583993887214147,-1.3544041509719529
72,-1.2072668758871374,-0.27406194348122837,-0.40543421895288334,-0.5087853357770383,-0.2833858118463947,0.0,-2.949161448757925,0.910330033444821
72,0.4644220862359507,-1.1350180637633134,0.6329789679000523,-0.006328113287139857,0.3479349398229458,1.0,2.5568362926686214,1.431136333635034
72,0.677751399505598,-0.07037464060199103,0.5937397180531556,-0.9605629552512862,1.1996616496942225,1.0,3.9340663973801937,2.5012653145806563
72,0.7716557517775843,0.7179709404780762,0.4042140140441307,-0.5616802520955313,-0.9517084214632868,0.0,0.7738235278308186,2.663664228646712
72,0.6275599945510895,1.283210442933587,-0.00604914037318986,-0.2699659390757762,0.5022795729167153,0.0,0.7860868646642473,3.8737907080576797
72,0.3740519000983086,1.4860685971483911,-0.9308974288249389,0.11331321869938406,0.9327486294151474,0.0,-0.3782360791069002,3.140623585508897
72,0.3053197410154099,0.10168173228945451,0.36473516562700564,-0.7976745318730475,1.9456078647832735,0.0,1.2312381925651104,2.9250986869373907
72,-1.4573361744612985,-0.5655887683970164,-0.7088568664455233,0.44950704386374085,-1.3194677866891642,0.0,-3.144921599455148,0.7824882093768983
72,0.009368183560480007,-0.4984275853660861,-1.5099220944777538,0.27890078551100234,-1.2731138705899663,1.0,0.39066205643204754,-0.44043000916790087
72,-0.7495609561118278,1.4909866720710376,-0.39807707228518796,0.5368621555846215,0.9271541242520157,0.0,0.05472271377571586,1.7079051802717293
72,-0.5673473281006385,1.359751777315861,-0.09459357363842931,0.39583428555324024,-0.37624520155986735,0.0,-1.1760674889315617,1.5827778050341559
72,1.820622458764367,-0.40239608315293174,-1.801156562624103,0.37374465526473816,-0.10038659581067184,0.0,2.325285285769646,-0.015725668342814858
72,-1.06517397985211,1.3978648247716918,-0.23316195763438996,-1.2898877827683968,0.4977075379189426,0.0,-0.04617631739354139,0.1376457561134694
72,0.2479824094232352,-0.7398388596366616,-0.4448282214431468,0.7295026431265987,-0.08160957335464938,0.0,0.5242013712779827,1.5748217715722224
72,-0.42200669040426414,-0.5701728994301691,0.6736891907609788,-1.3482466536139135,0.19471206847425052,1.0,1.5560247624180545,1.2861296875008628
72,-0.517946707741983,0.27665838125025477,-0.6584325650947946,0.8115022810347577,-0.29544359134801484,1.0,2.1275108437630625,1.4558268827240475
72,0.9331936040272882,-0.2470421685377564,1.4570098130384483,0.6993845644920731,-0.46057253172220736,1.0,4.648750106708171,2.0739896023437496
72,0.21287474059599668,-0.04123834181456077,0.5460226041500775,0.9541204397234416,0.09719420990565714,1.0,3.07449043775602,2.730304932234529
72,2.1062387124984734,1.4310130982692029,0.585669284698972,0.377107391453065,1.4846527884138432,1.0,13.11203545371648,7.839738143923682
72,1.5610388999080222,0.2263291459564052,-0.5011251007405086,0.677392061146129,-1.0533731655500012,0.0,2.631281954339081,2.6854821259119834
72,1.98432788758873,1.5335731228545455,-0.4991387562903359,-1.6096969805442656,0.7068118781768549,0.0,1.9633311123807828,5.979045629828937
72,0.03757600289122059,0.32056902615640154,0.06708903706589142,-1.1860080219924418,-0.5315324944764952,0.0,-0.16139703011925144,1.3636428520042534
72,-0.9409184057358508,-0.45977978323004376,-0.8745341121184154,1.1651809013679657,-0.7706382186199413,1.0,1.2911879689562102,1.1336248292602458
72,-0.34728233869780795,-1.3404071356266765,-1.0011223380299406,-0.3869707552385649,-1.5306784149082555,0.0,-2.134790378205017,-0.29837321549777074
72,0.703927855722839,-0.10530806840405584,1.6012554585854906,0.3127393904226056,-0.609414336011685,1.0,4.138425563812176,1.8470164451540163
72,-2.1610013324845987,1.0847410819670893,0.4112738819765816,-1.4050607258731238,-1.398399165909361,0.0,-0.4237203042977558,-2.1617377561184514
72,-0.30767182542477145,1.2201965368555892,0.4997478292569874,-0.6294000507320757,-0.8414287693309946,0.0,0.01692467769279926,1.4730051955216301
72,0.7467699160792973,2.512913813975542,-1.144375227667374,-0.8529336417132235,1.591346190732937,0.0,0.03664547201506174,4.71704400499128
72,-0.14456206779651457,-0.355005274425982,1.4998572767103013,1.0714563561848156,-0.12742358102497867,1.0,3.0818487206766294,2.0943612180862194
73,1.5117510032750563,-1.5039387545553078,1.5857708809453472,-0.8129352979388982,0.18708226794281443,0.0,-0.23394334721274218,-0.8046898657432489
73,-1.0919899865784237,0.3473921984772284,-1.1279198073984087,-0.01799011226845974,-0.6714406292809233,0.0,-2.9168953374867774,-0.2317827356797263
73,0.30667490638475303,-0.6505349328249691,-0.7721029428318996,2.2777139873697396,-1.0070939970226778,1.0,8.22403210589683,1.5942709215610114
73,1.4717926752683494,-1.054692477426985,1.5777901072113665,-0.17367658408064773,-1.0412036511844356,1.0,-0.6446887427116715,-0.16927735144602885
73,-0.23194351207940375,-1.1149404881078349,0.5156336886486769,1.4425318392126194,-1.2859977931323703,1.0,2.1705000500907667,1.7912255136802078
73,-0.6224286510966941,-0.3159007298885695,0.2141721781763706,1.038176155445976,-0.44445809463296226,0.0,-0.40118288004323494,2.108558767275362
73,-1.3581131479748532,-0.2288980812451855,0.4093141235253691,0.854219943537349,0.8806204192986261,0.0,1.9095636169335275,2.5068351260927795
73,0.4749254466310177,-1.187726992104517,-0.6844430066403839,1.343787201632506,0.4897420854645833,1.0,5.725443461181478,1.4288319169020904
73,0.6973977011103755,-0.8234722613279573,-1.2433932118703726,-0.42425821549473164,-1.4960761476562776,1.0,-1.1910093935566015,-0.8976035543262796
73,0.0283459917899913,0.19961606312859786,0.5465522507053324,0.17951141752133276,-0.6207411443478574,0.0,0.2321751068708907,2.0266221507355295
73,0.9580738469653133,-0.8644406907908988,-0.8934273273592857,-0.18089510224705704,-0.27938187921431773,0.0,1.5262117398391144,0.16851146139133644
73,-0.8187611655263389,-0.07169309817944623,-1.0409780315860737,1.658684793708678,-1.1605919586566125,1.0,1.3548623980717895,0.8474063511873328
73,1.1701777156492694,-0.6253062835597322,0.48604995315672705,1.577642702080892,-0.972454548738229,0.0,3.829469907197229,1.970520255443663
73,-2.3094925227421617,-1.4854350075357878,-1.7325394519454966,0.9376426556389531,-1.4384562758490562,0.0,-1.5312566119168183,1.255421917299738
73,1.390150415148998,0.3823887834455313,-0.5970814326940653,-0.42242588423173283,0.7116654166242139,0.0,0.23596194399086867,3.0909066197177437
73,0.0030650065343785535,-0.9451352630216494,0.060246017482277,-0.4432476441151212,-0.41693567313963187,0.0,0.19118828706472824,1.1242851336467004
73,1.0099297748647873,0.5306392833888718,0.47219353661125296,0.9842993072559851,-1.0577275982773122,0.0,3.4275404367476288,3.3961482853379974
73,-1.3258423187417796,0.07949771134941497,-0.7574910366482361,0.22609320222669496,0.2757374142886442,1.0,0.4397689036294882,0.8701582624898415
73,0.71222475872801,1.661822366679243,1.146779335444615,-0.6982409244601899,0.6663683224298054,1.0,9.062920656863847,4.339492987286602
73,0.6253469489661025,0.4177918052096417,-0.0903299871890908,0.4786272805367557,1.7188925190869586,0.0,2.477400843126948,3.832352134013381
73,0.5615485013632012,0.31169341421953006,1.088775533509508,1.9723064520153664,-1.7084031481277278,0.0,8.019398941125703,2.7515620109737027
73,1.5281995154393127,-0.03560545124053829,-0.058494850763012966,0.6985902793435569,0.5952859391454672,1.0,5.749305716882986,3.307865146610745
73,2.1134110619522204,1.294536840518962,1.3973480739671067,-0.07660274277417133,0.7838815609782642,0.0,6.769697227987001,6.6647557581441985
73,0.37679205964057766,-0.43965269362191295,0.7913332240783153,-0.30279097394750465,-1.1513356087583366,0.0,0.8949043452675587,1.1744129900474836
73,0.1464495217682542,0.8370503526017026,-0.4312545765704106,0.119283885683135,0.2775453231572264,0.0,0.5831886449486541,2.5055649152860373
73,0.27355476254335426,-0.9731004321593659,-0.19163819966308596,-2.0078785870830336,-0.548874767156456,1.0,3.920062129045111,-0.008471340433124253
73,0.7283523922087912,0.4967477351218245,0.5464436013572529,0.09801810825689951,0.32844427056502684,1.0,5.267147718383063,3.3151884659005533
73,1.487438035551067,0.04056210752509099,0.7283634725359387,0.9354376617627462,0.9943121531047241,1.0,8.0362497695143,3.8996550912340036
73,-0.9740035269497017,2.047106990727764,-1.056420705698798,0.5309767684992439,-0.8314150893255936,0.0,-2.1368494895752166,-0.6437758497374916
73,-0.09511996289902662,-0.8133110960783513,-0.01765278776054559,0.7317820650222703,0.9210462440553244,0.0,1.4644320879248536,2.4405785460424236
73,1.646175953790809,-0.5040322827403961,0.36120126163463623,-1.1199596510929088,-0.921909125392921,1.0,3.7260693246782113,0.8364852293131966
73,-1.1372218750064962,-1.019966740947908,0.0029108897526992404,0.23634510919505536,0.9180143952378732,1.0,1.6714363082779142,2.659965142064072
73,-0.6570406181060803,-0.2643770213894561,-0.0533476467118499,-0.19680110765930076,-1.711183651504696,1.0,-0.2547372251727813,0.7309087706056072
73,0.44586006138244594,-0.26462074658174617,-0.03581625021503179,-0.16963005501382805,0.9287417895240401,1.0,2.8897224712495797,2.333642243907333
73,0.3370531784071599,1.2127152522617595,0.996697334094983,-0.7907370034499355,-0.7952336966751774,0.0,2.9952009346414217,2.432075514245976
73,0.41099649765875035,2.0208094335379734,-0.6793853008893939,0.944128026310573,0.1511779051083215,1.0,6.5780677275584685,4.032367970817325
73,1.720623325111132,-0.7055792311855353,-0.3399607496297214,0.157157214824253,-0.8551499554858055,1.0,3.3194549688399766,0.717276973219342
73,0.32097053902229,-0.17364478892923682,-1.31236127314085,-0.5512407792225419,-0.5986541801675342,1.0,-0.5464497268691864,0.04236778652203976
73,0.047643816590039696,0.4617204824448382,-0.6275331423518345,-0.9297699055475823,0.4421756734666087,0.0,1.2257345476579582,1.5285949727939796
73,0.36679505577516547,0.6631754253596446,-1.3050056954891267,-1.2235290361577806,0.6719393894489702,0.0,-0.38427504035441373,1.0926092551566788
73,0.3327353365871589,0.37338499572591255,1.4633112450788186,-0.29893428326354776,-0.4073533610153582,0.0,0.9772865837193208,1.9630885867305152
73,-0.6865918406630008,-0.9139369550485039,0.28434206983519045,-0.284137148452981,-0.25229398053557983,1.0,0.5141715301369881,1.661039155691206
73,0.7057986112374699,0.24380508842846385,1.6138081676511757,-1.4175764749105875,1.0728142488859198,0.0,4.065609314186089,2.238403533505229
73,-0.5402533400397437,1.16440906476716,-0.15182390236822965,-0.8853988108794946,-0.7129403383619938,1.0,0.5376712773683763,0.7964173230369831
73,-0.6004149671578379,1.8080276937704212,0.9133741532705785,0.38380588116307396,-0.3803982312439253,0.0,2.7617970523064765,1.5877087307268134
73,0.08353332349942139,-0.1477179516401238,1.6278248083698772,1.1686819341182868,0.805134376177467,1.0,5.263920200589744,2.6993912990116478
73,-2.2466671908867824,0.4293660520755638,-0.6334943241551603,0.12601997197290143,1.3022769849075702,1.0,-0.6361030162179837,0.33007204149671066
73,-0.4767578162642834,-0.6841423807459447,0.4667720738755183,-0.3195088404005001,-0.4859740128208527,1.0,-0.07872855235884652,1.469390263561888
73,1.2651413336821473,-1.71478917293743,0.2586074606725618,1.2803753332397703,-0.5820455126607007,0.0,2.3081622014673253,0.05094109556701265
73,-1.2013615093651013,1.21850593914247,0.39423595863992983,-2.310740873758823,-1.3553103947657392,1.0,0.9614179133543066,-1.1679112699695695
74,-1.0006571722300572,0.2723355717262659,-1.3277173977228574,1.8488879184257514,1.1655445343555706,1.0,5.296658417379449,1.4473743599212903
74,-0.516687412588486,-0.07667662383264276,-0.20196121713013052,-0.025845711249033943,0.30082332776061205,0.0,-1.2874079697243614,1.7591190874004756
74,-0.20370332770191318,-0.33132011907792264,-0.7048183632838003,0.18728252426715036,0.9822801516999602,1.0,1.8264468855316471,1.7940806896771972
74,1.3077155348320886,-0.996216964754449,0.8549239308802813,-1.6016017620446612,0.20620034046590735,1.0,2.199398615893233,0.23901804620241185
74,0.3648463928297528,0.28037946360758775,1.1782001124896422,-1.146032904288071,0.5233749084376749,1.0,5.373457865652396,2.0852678157202096
74,0.6251707547938395,1.0447608384427887,0.5167898004843554,0.12398042163623557,0.37952960241184824,0.0,1.1787631455051455,3.8676794205489164
74,0.2723243479972137,-0.4288534889187838,0.6933978106996641,-0.6123885130785021,0.010947476400577442,0.0,-1.0337281043827742,1.6200053040455877
74,-1.262994895630614,0.06787972473267438,0.8540799111936273,0.016925297651400828,-1.2083090919370456,0.0,-2.421357772141792,0.804971231279964
74,-0.16666480657327537,0.9914065462866245,0.1642239600782393,-0.5885720491494808,-2.743301877046316,1.0,1.1306443973589784,0.6498588311959268
74,-0.6510114461581951,-1.411816685483949,-1.3751835183974197,1.012905476407115,-0.19113446067508663,1.0,1.9634573160172355,0.8053561977654542
74,0.011717519000522857,-1.1513967680787578,0.4366160469017603,-1.1033994030088472,-0.1593838339159022,0.0,0.5818313453923942,0.9097731063704642
74,0.8781555892571392,-0.29526053919839534,1.3326279352467627,-1.2680403610861033,0.7644001606904179,0.0,2.5221505852401886,1.6825798175272684
74,-0.5904861759319521,0.6268959637698053,-0.8115016830440722,0.7893915073924243,-1.2936221089671864,1.0,0.1549788687200011,0.6785753574203904
74,0.31202657826083136,0.8788956832699313,1.0497728859868318,-0.5017357732121678,0.041800889036662195,0.0,4.03523415169553,2.6623869833973397
74,1.941722288054164,1.0208273352240291,1.7953745124355158,0.6763318075915066,0.13926948304745898,0.0,5.87875967423295,5.546230742091998
74,-0.5556719853254631,0.924492617777532,0.10791942068892342,0.028547810986932997,0.022380694195565095,0.0,0.5065049181223941,1.7443019797531019
74,0.7037400570591954,-0.5756140733557267,-0.7779973539569047,-0.08677952961434555,-1.5421498234934652,1.0,0.055389302997735285,0.1678374887175345
74,0.42695421791043137,-2.381786756303053,0.32475766097582104,1.3838288552862414,0.7259889126426463,1.0,2.1043207894036606,1.1706856230559732
74,-0.8795131209086302,-0.07325590078139466,-0.3527530500659979,0.6165680116787511,0.4398485992782086,1.0,2.314373062967671,1.8783019348457608
74,3.0094132592831873,0.8599634269923366,-2.0470308146944913,1.7235435347586319,-1.1075199038227699,1.0,8.361428453190882,4.348734171426428
74,1.229068776738923,0.963042771322501,0.606439687079394,-1.365474013639248,-0.07432100412988776,0.0,5.94625818348301,3.6847063156858146
74,-0.1911571505588654,1.0988378491682624,1.7752793149120945,-2.138153660230564,0.22891166403881677,0.0,6.909402906239199,0.973747349934172
74,-0.5557687814117718,-0.25431514855056875,-0.6890432570047176,-0.4271515664599582,-0.3814431133965347,0.0,-0.6309249024139586,0.7593341512044993
74,-0.40753738284087115,-0.8801151834575374,-0.7515919550786755,-0.5802583617434381,-0.9056329353802317,1.0,1.105306137356241,0.3267147330937217
74,-0.2994914625892759,-0.6218124411155034,0.3777159184502518,1.2522861202563185,-1.4222683612287244,0.0,2.4183863666680945,1.7589518293389943
74,0.26707573576249855,-1.734296946603038,0.4696968889044048,0.036611001945033854,-0.8530519294360962,0.0,-0.6455768403878548,0.521534264336095
74,0.4874850151846529,0.5246382021495296,-2.007883362056764,0.5391434961950133,-0.8991424348765681,1.0,-0.5468610024016485,0.15457156826209412
74,-0.4900194415511438,-0.9315158636640464,0.22597855611105244,-0.9613391098389487,1.4841965959525563,1.0,2.9436675899779,2.0946865701053654
74,-0.6277126187171691,1.276779874042336,-0.12108447834271564,0.11914426277485864,0.8933212328916553,1.0,2.3391981628425094,1.961451524829418
74,0.47171445519620686,1.1408187485995969,-1.4154870602068739,0.5450065293070587,-2.2311467416412714,0.0,-2.6190263378498626,0.9482793109590524
74,-0.4391859292765436,-1.4572229513148718,-0.0656357959582965,-0.21001974237928486,0.2061985328444349,0.0,-1.770287543028408,1.6549056173341874
74,-1.1111014655513503,-0.10640929227228234,-0.34529510087062215,-0.2918712281945126,-0.6229342359576845,1.0,-2.415796303610741,0.8204014686662997
74,-0.47230078947042603,0.3092360858266538,-0.3937204169848815,2.018265540035109,0.1587814997364379,0.0,5.2523797030626795,2.5875667147278776
74,0.8136090864126498,-0.4338567668629955,-1.401755727874005,-0.29833398477630085,-0.06882456534511858,0.0,3.1860870179291805,0.12066591331691898
74,-0.8259471757042254,-1.3948410589875222,-1.142893261852643,-0.27000260181896113,-0.9200894628649156,1.0,-0.15079595583060013,0.29014209777357913
74,0.8043198112421589,-0.6101351179682772,-0.4141031075399287,-0.5208967817955288,1.4124159410492958,1.0,4.194669304558104,1.7605341799649732
74,-1.4234026666109514,0.06151250042439068,0.9497166321739858,-0.15188121375083935,0.7311999215352949,0.0,-3.2176482727371383,1.5779290916421946
74,2.0615319118851785,0.4496531353366821,0.5957066041308151,-2.2791133998474264,-1.2786620014287327,0.0,5.852826296388306,2.5292846471424406
74,0.4638411891711922,-0.6527682700437983,0.3840221884469453,-1.720453343787414,-0.9685581973750012,1.0,1.1659310534727965,0.37742618818995066
74,2.0232387816643174,1.319497557327441,1.406608956385088,0.9884730704898337,-1.4985644065744583,0.0,7.291420951299422,5.952736294043774
74,-1.6699138256065833,0.45027244393687677,-1.6938017019418876,1.25068788108969,0.39675444539350324,1.0,-3.011946680864086,-0.5076119825445271
74,0.2535172161696005,-0.7797335419297898,0.2681795736767824,-1.1679517151679932,2.245353933222883,0.0,1.3575466554643407,2.1762617201631147
74,-0.7569550869841026,0.15574570363109866,0.20723904983879773,-0.3557497358252158,-0.09394744066549744,0.0,-1.7248212172460988,1.4388764760580224
74,1.5971939873719332,1.4214829609702744,-0.9593294437683616,-0.6862885505072359,0.7562257598631249,0.0,1.9087132900503678,4.909095566480181
74,0.7891694350954189,-0.9792106117400364,0.2580944239233964,0.3626238803783086,-0.00920414480366491,1.0,1.5096008749008387,1.404851515920999
74,0.8774740827612254,0.20531895232108333,-0.7620059682987921,-0.8027832216646789,-0.27019637034830224,1.0,2.9215237410315273,1.5275183954986535
74,-1.0910748382756612,0.45096946368344054,1.4175443626969153,-0.04990495053600842,2.6519371388721975,0.0,0.8880538753991699,2.3503469382439306
74,-0.47782929871245833,-1.4866890161781723,-0.4981162674234087,-0.7532701885602123,1.839245605831848,1.0,1.274903461282725,1.900538101316347
74,1.587328253241041,0.5215003311256862,-0.13375363043691432,-0.2851381666088838,0.9489241583552486,0.0,1.1547919208160586,4.138290993285352
74,-0.653974580995432,-0.458152322275263,0.09085870322040324,-0.04042826121812851,-0.8406794451044511,0.0,-0.7553608874117795,1.3443072066340325
75,-0.6178509895047333,-0.8190769527309973,1.1597332146289812,-1.140704054063742,-0.09278665815792901,1.0,0.5718194959405826,1.1503088906606722
75,-0.30416465718122715,0.12334004429736878,-0.4997471796380405,1.5794243873854117,-1.0832830763818586,0.0,1.7985175179801953,1.7479728193309643
75,-0.6373616184083183,-1.012668798128026,-0.07684697683539106,0.5404103036728274,0.1734413165912587,0.0,-0.6280950144491291,2.1359720614236304
75,1.6288163389389863,-0.11281581829464017,0.5716572441693221,-0.053091869730929615,0.7468808047072358,0.0,1.7312525921838686,3.0479726191485215
75,0.6332788834735635,0.7354137201436332,-1.6233401060910382,-1.0696405167572547,-0.6815799655686753,1.0,0.8177058888702148,0.41026838212152894
75,-1.9707879042214609,-0.6726193957222093,-0.6228234749068885,-1.1488911570337152,1.3774211335860969,0.0,-1.0802774101184158,1.618974446609791
75,-1.032700310153843,-1.443496432389666,-0.002726946373212857,0.4661790360085768,0.23345191211860225,1.0,0.9965132169801509,2.6010491249240455
75,1.5228850823243711,0.09759583110907574,-0.11123281325117747,0.5771537608492178,1.3666693359201723,1.0,7.543554927023044,3.868982840294591
75,-1.0309317536190776,-0.5736658962160547,-0.9263315340042616,-0.397560246310077,-0.46422988306609564,0.0,-1.6991389804394985,0.49582140024221366
75,-0.9458496619358718,-0.1618102298151317,-0.09159980400138751,-0.634415541658045,1.1449253626379163,1.0,0.15589159227325555,1.8044808842859141
75,0.8609002715414964,0.36824035780213055,0.47310648742207684,-0.06061503870813255,0.07012256729406724,1.0,3.4727243841582647,3.0630526496779167
75,-0.7751877458416744,0.7976361218277104,-0.855574911089438,-1.5754558768325697,-0.5866790893724956,0.0,1.1504501733929904,-0.46016390780808125
75,2.0754258406044865,0.7055831990586606,1.1069291741448894,0.18298820704384988,0.27086662556143626,1.0,8.447376983855584,5.082692077759505
75,0.37024377058661256,1.0129217165373492,0.13224393879605956,-0.15709555294185518,0.6508341854411555,0.0,-0.22115799477401055,3.3708704913409235
75,1.6913894519950126,-1.419060438974278,0.8892940041795548,-1.1756204476562626,2.069367769025575,1.0,2.133041624492961,0.25746179013541504
75,0.7385969405028414,-1.0834770051189058,0.5702972893749039,-1.07262170097239,1.3397005391172483,0.0,1.0016656917574887,1.287735741452016
75,-0.6534758115605066,0.6934676689099897,-0.030238299749206648,0.2965487930652307,-0.647374364441815,1.0,-0.7063040941300016,1.3758425028281884
75,0.4248441242312517,0.35265364792682186,1.133664348035789,-0.07679463701807059,-0.6045466220256945,1.0,4.2226041040730635,2.1880761306298684
75,-1.2835515420903771,0.033430980320061365,0.8676266585555448,-1.6339783252926865,-0.023326303234175685,1.0,-0.47556646420826665,0.5838290907938462
75,-0.6694953389262628,0.6850873447737958,0.28588410117213836,0.13847394551600023,-0.024493079901549007,1.0,-0.6561372166174857,1.7084784082386857
75,1.12617646244147,1.410338500852054,-0.8662958093012489,0.270051255559435,0.09560365738228518,1.0,4.208790187582002,4.253880394269617
75,-0.4195697478864861,1.3480391876841946,-2.7860901985881896,-0.37253204406553664,-0.27348971068965444,1.0,-6.394892855520492,-1.754889440840177
75,0.1936489851014036,0.5481427731588202,-0.11314161045567266,1.0283411182169537,2.7274609817925786,0.0,2.3358885403520993,4.291979728457915
75,-1.3822806176315476,0.14590272648313588,-1.325974259345763,-0.40323721230945464,0.582001893065749,0.0,-1.4873216770300344,-0.15108854380528203
75,-0.8056388290728751,-0.5447383628197303,-0.16595615807290742,-0.29042844972082593,0.2658877057423317,1.0,0.5876858282787215,1.6546861830685002
75,0.029085404571334537,0.5449633756905816,-0.5749685726577592,1.6776548604747945,-0.9227466708806388,1.0,6.041076594296197,2.232054072145992
75,0.8971946646759227,-1.5548824240204906,-1.497997526469199,-0.2974064216785652,-1.5899433869634279,1.0,-0.4724892435714315,-2.3438152464413933
75,-0.2721985990521994,-1.1624652143949763,-0.17967499642990717,-1.3022428933129429,-0.9056137059578365,1.0,-1.295922454765989,0.38922552430852275
75,0.023179803369872715,-1.6651780256739586,-0.6920338414751226,-1.9336373339427866,1.4204810186206744,1.0,3.6564178983002544,0.30775711627304325
75,0.8215468269432116,0.3013345375783975,1.9506477682400032,-0.8572355412836847,-0.21260460961643066,0.0,2.096090700729082,1.8786224198824744
75,0.4575183534227295,-1.6793374768786817,1.088294105930065,1.484424470575653,-0.4308039421605858,0.0,0.1307807540707404,1.1557172229860113
75,0.15458015637236616,0.1813745947047109,1.622459051819539,0.3271334203112803,1.8137071410571886,0.0,2.077600752655645,3.026024348874704
75,-0.5934251181209607,0.25207259355912964,-0.5933732964532344,0.5363063819433329,-0.7621773863340245,0.0,-1.4013187286743276,1.0991745629973355
75,1.2290480930568413,-1.9817945111699122,-0.6307511516234466,1.5307703546263796,-0.08256716138858433,0.0,4.438164040769327,-0.5957832096770324
75,1.16455653967714,0.13206529487708532,0.6674615724523167,-0.8003457905619665,-1.5784629062648956,0.0,2.8586160892143804,1.731830324706597
75,1.567500637135244,0.6256534661713927,-0.9367536557762927,-0.0789387200956468,0.041138964101965415,1.0,4.8378662131273025,3.182419076806984
75,0.3455444194317011,-0.07161708233455728,1.3059517679802621,-0.14601162178717061,-1.6084494831111324,0.0,0.229414368762261,1.1497213668165478
75,-1.5271742436447615,-0.9780958130310881,1.7586285208428794,1.12201394603119,-0.46063585671311663,0.0,-1.3491598582987037,2.264361351962301
75,1.6739045644294708,-0.1712738668036357,0.05709903547273494,-0.2433903837722708,1.847584496182824,1.0,6.597948269990122,3.2936361082685126
75,-1.3145169387519908,1.759788534716969,-0.6032791131549424,1.0439963253729274,1.9754836752346547,1.0,1.444752974801371,0.9409440586263411
75,-0.25213282568831963,-0.3317788614564528,0.43819303911848106,1.4383645639753595,-1.0802467396367899,1.0,5.035531933222216,2.0953717716958296
75,1.586730115314555,-0.42210792087331794,-0.947869528412304,-1.7058069944818777,0.4994693373654308,1.0,5.196481806396827,0.4188508811657484
75,-0.5546151519681954,0.1534286340243123,-1.7567016046255985,-1.4280432453344925,-0.25172119872285365,0.0,0.24693094471872024,-1.1887564169176128
75,1.0502444997892113,-0.6103659084993962,1.5197428752279474,-0.11143805028153765,-1.3716193210281085,1.0,2.168314167191142,0.648279885714158
75,0.5323248933854533,-0.43740982235097553,-0.4627728198534072,-2.638093073195006,0.9597335370854357,0.0,6.381939908230452,0.6388652868040597
75,1.0961824082124987,-0.22752707660985683,-0.5241740527456739,2.282590644119472,0.7016217260928889,1.0,10.609628531982997,3.2806732676866748
75,-0.5430003154309383,0.7962118808202722,1.017824730516164,-0.9462210544001085,-1.1042208453674884,0.0,0.6878166166269984,0.7031721717703118
75,0.14677322862256093,-0.40995939523687536,0.8092171221107931,0.2880072292374705,0.22090354372205162,0.0,-0.5496816236052435,2.1573650501969857
75,-0.5335017454515961,-0.4342749231191242,0.8083330645314859,0.8823125545518732,-0.4689335420892446,0.0,-0.26284061250705415,2.049358948129155
75,-1.0844097062749825,1.9595877965285382,-0.5698739694144258,0.08822169004869948,0.6088236102498744,1.0,-0.9112691034457172,0.21814766233423
76,0.9020909456737258,1.9725164556227535,1.8320560350806212,-0.24835754692721876,-0.07343209954430062,1.0,10.655768456637002,4.713528412705655
76,0.3559667377451989,-0.767293600354895,-1.1230584931331131,1.6756291686737974,0.06452950349960293,0.0,6.766285809232791,1.2626831201833757
76,0.49155087000979747,-0.33708648856496287,-0.14555930352464305,-2.0048097780473366,-0.9838271447184408,0.0,2.048016665735215,0.3338638568371102
76,-0.32508293502160807,1.9575547524766128,2.134654505401522,-0.3512573418355289,0.25844058946714094,0.0,6.0870271423123965,1.6663360429810834
76,-0.0016118105662136894,-0.2935451578465948,-1.3975544062726089,-0.3032294488136236,-0.8335394634096692,0.0,0.1919084756399284,-0.2418903623714922
76,-1.8503794675504754,-0.26546648057324335,0.6189114401215726,1.2248878868143003,1.071831156663942,0.0,0.6932414237032969,2.70561645860728
76,0.8149820061451429,-0.7442590881504625,0.9152573153153156,1.0774014749959262,-0.7290416065308084,1.0,3.314102803884476,1.6701989028902156
76,-0.5212989605546097,-0.6727110758057478,-1.1870982959694554,-1.3808467635858774,-0.2177003381975643,1.0,0.5752698243972062,-0.2647919766970368
76,1.7512262667315428,-0.35938658724180517,-0.5574167896336603,0.09787047092557295,0.4235218411295993,1.0,2.584629938120898,1.8971648177921865
76,1.5167733339183895,-0.7439582495593189,-1.3617095260188334,1.2547940407047027,1.265109559066046,0.0,4.858067840314557,1.0446552205524686
76,-0.061888857334152426,1.3409312417557022,1.2441217714559103,1.302858868967205,-0.10508693348641776,1.0,9.825622212684113,3.0983745743695064
76,2.139527484285631,0.23246512346236575,-0.41237716216256326,0.7403911963567376,0.36983792880212596,1.0,7.38820494055983,3.9484584795768507
76,1.7905546046425846,1.1855497860493769,1.5824305715979103,-0.6431708349606369,0.9665990267213431,0.0,5.064057972542128,5.5521392231243745
76,0.341947887714751,-1.435458091065201,0.13914526941523245,0.5054998208215262,0.5249656075841368,1.0,1.1774623435950358,1.5375332913502813
76,0.4735114529026393,-0.6111727558981666,-0.633379424339786,-1.108746916695688,0.8535402111228838,0.0,1.0411000589468369,1.00351091185497
76,-1.0654856683205085,-0.3112506868780955,-2.09779643111888,3.5800955412453153,0.19804814638927873,1.0,11.913114732334172,0.9804958576351961
76,-1.110802027091406,0.4314364671280237,-0.500371314135316,-0.3502768368865773,0.9610233778610926,0.0,-2.3352522722535958,1.1136688151081027
76,-0.07768899463402973,1.7181007369810748,-0.16498216993644926,-1.4140527766181117,0.4738930601455479,1.0,2.8704877085009497,2.1205786928520216
76,2.818344925787459,-0.5984904963281222,1.1515603242721177,-0.5880137206112145,-0.40195750394647584,0.0,2.2096354152453106,0.9110318476057766
76,1.0147206544714054,0.8477879489571428,-0.5234019936111666,-0.35157592414572203,0.9157664624455116,0.0,2.6748525423736758,3.6780402944871016
76,-0.3373113359898553,-0.3476357538083492,1.5898440104771667,-0.8707004558124308,-0.2607040106357184,0.0,-0.1515246369952608,0.9849611757623666
76,1.6785904673368233,0.03625918200933941,0.45599192478466427,-0.9729549500748856,0.5659767668042678,1.0,6.355497731146347,2.8406206854873535
76,0.1404920589023172,-0.8687692692535282,0.4019704775479246,-1.162502930018737,-1.4801102813553353,1.0,-0.5248380814809047,0.31377671082317726
76,-0.6954458580089362,0.10421654405766997,0.10946539020390415,1.131317237937609,-0.39108753293779924,0.0,1.3281352797298787,2.050770571194122
76,1.9887931233981628,0.12540427133952536,-0.5452937102100879,0.48427267531398277,-0.34355408260129516,1.0,5.375036217370529,2.959189280317322
76,0.32199548185185256,0.503041033190316,-0.058633153147103004,-0.3185627338823642,-0.7153604137624443,1.0,3.869107801190327,2.026498616067649
76,0.4372585719718442,0.09793830715073759,0.8575866454616212,0.8259743961537334,-0.4791419232305152,1.0,3.989191188785157,2.566896872268627
76,1.162451408136392,0.031002689943439153,-1.1690017781341235,0.33531160925747394,-0.7393217239851482,1.0,1.297874692588756,1.2373308263423506
76,0.11781135372894652,0.4491411791160507,1.190838925958507,0.5199683394225831,-0.3482154832421441,1.0,4.002993629657228,2.388566996558741
76,0.05405836971301739,-0.5542704567521588,-0.3159209944437595,-1.1365467152407147,0.5712574033167618,1.0,0.7232869327621392,1.2298364824829267
76,-0.36309207121011094,1.0717329765902173,0.6281538843559307,-0.6816796780002644,0.45317704462397074,0.0,1.9401583828457494,1.974122092037918
76,1.191799349842185,-1.8312991530383982,-0.6582817440508513,0.24417460770689242,0.5606970084108565,0.0,1.750408253909772,-0.6379515490525922
76,0.08587945705269272,0.8924692293813273,-0.3774261960827381,0.5881561654397083,-0.4863445948863894,0.0,-1.2803924163156144,2.3576280384352106
76,1.1714443593138582,0.24877404808034376,-0.560118455889546,2.5467065402481137,1.1427211421601724,1.0,14.548495744612627,4.413380955259582
76,0.15762327790464864,0.17427112484076018,-2.5208107809867606,-1.2656258848233624,0.24107404315163883,0.0,-0.21412619188255014,-1.3926888364783885
76,-1.0208728948485242,-0.8208285522429383,0.47381363179262664,0.6712643256619947,-0.2825600529800978,0.0,-0.7499642870813867,2.238204516457609
76,0.6715043985481214,0.8371381227963893,-0.9723121351275096,-1.2901240413250168,-0.2739482281230583,1.0,2.3253476357878813,1.611661764624098
76,0.39556270617135136,-1.08967834303403,1.8478650615038545,0.032454343538725394,-0.16016940949260297,0.0,-1.1730457725223444,0.8084437082342308
76,-0.21416502466989112,-0.5960014742554175,-1.3709556138584975,1.0134869319762678,-0.9189562354567522,1.0,1.2261904976164346,0.2828601786531054
76,-0.8457107892097804,-0.42133942282958553,1.2611024453903372,-0.6581321542491287,0.7280427223557945,0.0,-0.21888482395682063,1.693079791675105
76,0.8187781845921102,-1.297597588118287,-0.03326098213921057,0.49380647582955733,-0.8969887563646167,1.0,3.3990376764300487,0.47937097389604055
76,-0.37787679824275755,-0.7124469049515978,0.16433989956989337,-2.569370223703835,0.23648275631140223,1.0,4.547143287451775,0.6263080833181325
76,-0.6247537035097525,0.8736215012476464,1.0090203339195578,-0.054000336769396036,0.2278067284958085,1.0,2.5015347549927522,1.7027390717718975
76,-2.2343420942010277,-0.3846719629751189,-0.5547221347978993,-0.6778122665902641,-0.8525449900093007,1.0,-1.8332380064327474,0.3574888617119849
76,-1.5165450244445113,-0.9747978612081076,-0.2629419393410965,1.138308008291583,-0.5114829251203482,0.0,-0.0223407734016432,2.3802244571260847
76,1.158054958739077,-1.3391020924496109,2.1371447113963464,1.3735376547347042,-0.7505637792212584,0.0,0.310429648373439,0.2022277489816804
76,1.1487838979473033,-0.015771348375376817,-1.3453516543407074,0.5262362812539986,-0.9149767922460054,0.0,-0.6231383805147597,0.9048821252046251
76,-0.5548896734778935,0.783193822000062,2.2121766474610003,0.9608127617307041,1.0978099808008361,0.0,4.212452583057098,2.2166635836499253
76,-1.5301741978441126,0.856840403984168,-0.06193891940887349,-0.3419910621818117,1.0577217871225617,0.0,0.27671917000820345,0.6771963262999253
76,0.32079636139145573,0.2085210497939329,0.4267648102415672,0.4568536738156763,0.40296921704285404,1.0,4.30223809153909,2.885154996843654
77,-0.034110951932076174,0.7440125816415093,0.31860651214463737,0.3035121337353242,0.036632763852212535,1.0,4.87173055148293,2.6086203833175627
77,0.473528108611263,0.3198515614675367,-1.119862319791887,-1.1080837843602644,-2.014098623416244,0.0,-0.14760189689697667,-0.13706745564355738
77,0.6396948830649333,0.35644405658606854,-0.5396324525658999,1.9566712863992384,-1.9636005610527059,1.0,8.556962543739264,2.3107016381025023
77,1.0303641480390688,0.8475105983274758,-0.06374740502835573,-0.012833459508098015,-0.600681041262119,1.0,6.606518725340991,3.4715197780464213
77,-0.15652327862951185,0.15241451689227267,0.3170317182519208,-0.980063935102979,-0.2280286502370896,1.0,1.9542366062160332,1.4787237228748107
77,-0.3042209435493915,1.2171966339877662,0.5218638334011957,-2.7570605501907197,0.1911478403892351,1.0,8.52942053446052,0.9310582696114637
77,0.19254988504155024,-0.4110703625355969,0.6206042265654286,-0.8535229883969694,-0.6732088826880819,0.0,0.405551490922131,1.1720516191780659
77,0.16511555446137682,-0.7493284376551699,1.8875574304817804,0.661571691088554,-0.45960552756766776,0.0,0.28702535699675924,1.31743913402252
77,1.2296008059874297,0.6910908380664098,0.681969856260341,0.32673718453555567,1.7764541569171388,0.0,4.935585095594057,4.979024851437261
77,1.3203179564579952,-0.4315969118402274,-1.9936278289115152,-0.9534682384340336,0.1303026627465809,0.0,1.0537216901044903,-0.9442255609279807
77,0.17847646843286014,-0.42526737779108414,-0.4078084489475624,0.5208979039339281,0.2189373324308837,0.0,1.0847491698612473,1.8847099116941468
77,1.766369136911739,-0.5573971747714945,-0.9507616230473783,-0.11578702445108294,1.1520674187032696,1.0,2.3911176282188835,1.243739604974245
77,-0.7897401587845195,1.0037696349195437,-0.41503488598828275,0.032356506079668564,-0.12124199610453361,1.0,-0.8756081534306303,0.9774396134550829
77,2.3180086312952337,0.9692117068866694,0.1736665137238906,0.9869739359651165,-0.4848228006846521,1.0,9.911854959208362,6.213117929843811
77,0.2978197482637515,-0.7042269477597387,-0.3687903010844869,0.7730031237352015,1.0901847581760316,0.0,3.17451218372065,2.267026607487714
77,0.488168724776895,0.3555550268843088,0.6930659146108593,-0.8266625852885306,-0.6773365488413233,1.0,2.975044909178372,1.9592569347516096
77,2.420896763440804,1.456469904721606,-0.857219397419306,0.47307176630782277,1.0291569657963402,1.0,7.57882584348145,7.441693482007533
77,-0.40080192638319573,-0.31087780090806155,-1.051593874145113,2.6914038794206196,0.3035653238575875,1.0,10.890696769906231,2.2366360753963423
77,0.20727885324923098,-0.4490256152003314,-1.2988059677780683,0.12980099550683727,3.378622414213696,1.0,2.7405274407819826,2.1595109825814744
77,0.5645598464062483,-0.9942317769661492,-1.8459986131766415,0.6980959386794567,-0.19108986893315372,0.0,2.5545898198910875,-0.7173771932012332
77,0.06384953995673298,0.2803432290581041,-1.1243046422804923,0.9012545335077317,0.1965256732131973,1.0,2.3218936031358983,1.6085377641759675
77,1.3979443631259234,-0.7806538301002046,2.26231183761226,-0.5562588832878224,0.3119158270815098,0.0,1.0621186663604765,0.5886137534120475
77,-0.9790542384882106,1.0979486965675593,-0.24105076576062176,0.14453861949560914,-1.3525223653741179,1.0,-1.6871010286103953,0.23106631708866898
77,1.0106072653622413,-3.247833647847313,-0.5651856356842919,1.0506062464943575,-0.8498105976009771,0.0,2.5487398302365385,-2.738603272250417
77,0.716592416132367,-0.9996464642309495,-0.34823229749672613,0.4642118040898882,0.6863921265117786,0.0,0.7360794910268041,1.4832971036035958
77,0.012395089103479633,-0.16304282895572927,-1.2532986764060425,0.33873871312353077,0.8062276856791755,0.0,0.7690283559442042,1.1806793202267243
77,-1.610810415999334,0.11934917920864438,-0.5476288859849698,1.886289926471629,0.4254816753002751,1.0,4.5605851972717595,1.7978533138773096
77,-1.3393503132370463,0.10990907935372361,0.44309969593744575,-0.5139042671471564,2.0908480050528655,0.0,-0.15771489952652287,2.1515213761491587
77,0.6291627808781257,0.17870954566012842,-1.9446772204913882,0.9895124778538437,0.41427988556244916,1.0,2.6879811816257737,0.8807001664499434
77,0.3995208860155705,0.027672576966944192,-1.3924533030688178,1.2630641517689662,0.18139921083898242,1.0,4.294567597721196,1.4280566564755015
77,-0.9879248105533789,-0.6664903758231231,-1.2003332163993132,-0.32575959230272644,-0.3526456043015902,0.0,-2.0843183335149633,0.25391274223795435
77,-0.022647563382744117,0.26451876446896805,-0.41738247559644515,1.2088385358551408,0.49373318183735754,0.0,1.3329704295886065,2.671692650154596
77,-0.45750283267590747,2.789110345751976,-0.23227828129257785,0.7713767338307014,-2.067881522990224,0.0,0.5325331025172224,1.0985308090739008
77,0.44813012283515036,-0.06792269807871965,-1.6666523254602539,-0.4149580739336305,1.9831188566256512,0.0,2.438687849115481,1.014710461307242
77,2.043561957401293,-0.6456521962240203,1.4045789234602029,-0.6079058349238053,0.14892521846876025,1.0,1.961324542689737,1.0177768461474834
77,-0.5599469454802923,0.35121561036039456,-0.35021050338322046,-0.9690690296154065,1.0817863639696852,1.0,0.2698707076717015,1.5195261505860356
77,-0.8808058142250321,-0.06815763153119027,0.28090569317289615,0.1690194306095494,-1.0566983239590255,0.0,-1.1266038948337536,1.2429700659235623
77,1.06833487509824,-0.7774238616638708,0.20225104984385592,-1.3814554915614823,1.164389264635103,0.0,2.1914976183890578,1.2871157745716462
77,1.1358606689374766,-0.5671753137052007,1.1118044836610896,-1.542093215094567,1.3879074436861116,1.0,4.509261707358841,1.5619644225431104
77,2.0218216075933664,0.16398471636866135,1.2269559514290336,1.1047342218402736,-2.2454278724354144,0.0,3.384189038201455,2.8046873110906754
77,0.3391525247231949,0.7501855683353716,1.1245573807274407,0.3963766445578362,0.6740643512842454,0.0,2.5240637678513553,3.3281713999013833
77,-0.35749266752141595,-0.2481931027201661,-2.05628852887343,0.07505662620131687,-0.5098435547223966,0.0,-1.0424716075060771,-0.926297141273575
77,1.0245907415390394,-0.18074396126624537,-1.0012156091335633,0.5463699330678464,-0.9355107699122276,1.0,1.784326400122703,1.0808355849464286
77,-0.021213655473624818,0.2595225572798506,-0.5311417287634506,2.236612019906399,0.568636093377467,1.0,8.33737286710391,3.1129315473754984
77,-0.2824711852508148,-0.8009777790046707,1.375957544209963,-0.7329004636409879,-0.03027116887075706,0.0,-0.33997585451230916,1.1845299867920478
77,0.17329629891571363,-1.285182964402349,-1.7501216907671664,1.6142414234817364,1.0042440847290157,1.0,3.910351801320976,0.47715532848386133
77,-0.13303388194599908,0.1957083677517582,-0.4811207637791657,1.3869821325134521,-0.03984776100480711,1.0,3.607526862869984,2.3247850233078204
77,-0.34522027995904003,-0.09247025508904425,-0.9521429488361574,0.15897741505654314,0.44983839633461314,1.0,-0.6373046477162972,1.221352418481216
77,0.1677101264584255,0.8023955679530531,-0.013560902614745674,0.645171099660711,-2.1995035172824187,0.0,-0.453305334363152,1.8355841016278316
77,-1.5146733574238944,-0.7276850597511351,-0.3765604168330026,-0.5106690041311422,-1.2465552421699335,1.0,-1.3776537568159442,0.8440685839237099
78,-0.055565342448654916,0.46925877459613136,0.7675753482192869,-1.0227481781688292,0.3506644258620652,0.0,1.697373892393891,1.9481144327511009
78,-1.0494990541373694,0.1579374377306796,0.5079470187636691,-1.327885159070172,-1.6275382977437658,0.0,-0.036669346537990255,0.03847066773844743
78,1.159675729785834,0.8690298091780619,-1.6640896265120337,-1.7676211211102932,-1.5127685699673248,0.0,1.2589263738516585,0.45674786213138663
78,0.2231496236361153,-0.2983564214694761,-1.129659119850732,1.6140011914634529,0.9318155214626456,0.0,4.430702867080774,2.030865353758193
78,-0.0269549831861269,-0.4846089016909252,0.11237678420120246,-0.8402004915312874,1.1444955713713902,0.0,0.27311524295073414,1.9593089857714099
78,1.5033147815480394,0.37985992211553,-0.7203791706963787,-0.016273640137019277,1.3067844872089975,1.0,5.381366497318578,3.54925788161147
78,1.4755693273359147,0.2676550689349412,-0.6420945137776011,0.06632873933338439,-0.6030721313112819,1.0,3.145883448200745,2.4779800206114864
78,1.5469655007094778,1.524322733405749,-0.5556811341320349,-0.3268520211059385,1.6044413073050974,0.0,3.2712979960610746,6.104214197694237
78,1.1072992856275168,0.05808676326606561,1.710886566082764,1.283991718845382,-0.0224438062529853,1.0,8.5458732486233,2.993597224791011
78,0.6196025855501401,1.3037685315420848,-0.8526191422131025,-1.164038417923347,0.7393355248216225,0.0,0.06843935822156544,2.7888560681929486
78,-1.1662444215339183,0.0917752241187907,-0.05480462196169156,2.498517121833943,-0.9650084375611244,0.0,5.363776675299657,2.093583691839793
78,0.4830456658219488,0.46390300721925953,-2.3897312481109396,-0.19670786829162654,-0.2712706586279471,1.0,-0.8674468305867826,-0.46171300989109865
78,1.6728043368965655,0.14611635682107157,0.22614232041045285,-0.9108286042619647,0.9610933992422953,1.0,5.216024507044111,3.2666265921068733
78,0.6190003725853209,0.4722783535395177,-2.011160594330138,-0.9071612065460215,-0.14522547080682263,1.0,-0.19781223899673728,-0.12006280443207407
78,-0.37160108385460455,0.695405496335294,0.14031851151074706,-0.48348651305195656,0.8231728192205312,0.0,1.1083893019686144,2.133662678819991
78,-1.4890429395202747,-0.40674548259894994,-0.4373737089337101,0.608446667246673,0.8083699778338694,0.0,-0.07685561508309746,2.0533559287880077
78,-0.7274299825563126,1.2531453775217238,-1.590153176059795,-0.9504465411500427,-0.28335625736033776,0.0,-5.13209471773639,-1.0800514504058019
78,-0.16912104238395004,0.27960782725027633,-0.2703708812328246,0.4837551975027123,-1.6681919573092743,0.0,-0.46234995454485134,1.244223909109543
78,-0.2772421370065656,0.4512369582327341,1.3055069700753659,0.10348160974256686,-0.12850347552504435,0.0,-0.5775170127007341,1.8643265773439899
78,-0.9386819110556407,-2.3614752017349034,-0.1003113512082716,-0.6514394196336407,1.3957521595643547,0.0,-1.8306546478172732,2.883569227036962
78,0.22768634499829382,1.340039649811734,0.1658791337498508,1.0016800524934601,-1.6263102254006225,1.0,4.499668962298386,2.8458697822524823
78,0.847861591478543,0.11223337108376054,0.336380965456436,-0.07268380721695908,-0.09650011723782229,1.0,5.220636275987335,2.6027597567902117
78,0.11617877869509492,2.275689491025303,-0.3369032240713937,1.7386298092530612,-0.897740013816739,1.0,7.292516567090661,3.6560971244613976
78,1.3052836054382948,-1.4369456512726935,1.0573222639699764,0.36863878677897954,1.2568630674807904,0.0,0.4804521754657561,0.891165699789191
78,1.879809560144449,1.052037108549514,-0.7304700635361243,0.4093591958317094,-0.4023861679568161,0.0,1.1710063923593723,4.826665079725352
78,-1.3256382779379512,0.7454252774663828,-0.4416359822863019,-0.2519513949971498,0.25436141663168593,0.0,-1.8180432812968972,0.40616986164167845
78,0.6899767583720011,0.2532853772040375,-0.7429297834997176,-0.29353008703462724,-0.9532400098126125,0.0,-0.9706336917604308,1.3880320257103667
78,0.3398704394265024,-1.0862130036864852,-0.359522871521464,0.16050357105695495,1.3368757730544238,1.0,1.7711837958792378,1.762650060502571
78,-1.0013517595411923,0.8602641876704435,-1.0536371538661997,-1.4016756243271697,0.9006688290207606,1.0,-0.1454921632991356,-0.21488000655881162
78,0.12294133549733044,-1.3964961677374614,-0.5975702339404013,1.461285225799543,0.2487811279212885,1.0,4.626584577282693,1.5744886662772228
78,0.218172911790099,0.2373189228829481,0.46926145696259197,0.7476184325466623,-0.9418826912599946,1.0,2.4166057312001414,2.3089235979160567
78,0.4788669475554192,1.3503587946350093,0.9048534132113504,2.070098566110873,0.26051952055959277,1.0,12.590618801265904,4.796791667962253
78,0.2143168245329045,-0.5027092482705656,-1.7502715309312233,2.1434459119971745,-0.18639724671138724,0.0,8.16617540409925,0.6729400738600618
78,1.7240756240826938,1.183661564666236,-0.48676014786059013,0.48415668795213956,-2.1646261562241085,0.0,1.4679916427297146,4.294828820584157
78,-2.2485874951231684,-0.8259601704501146,-1.1724570787331225,0.5473366328851901,-0.4900953749473971,0.0,-2.600489058293743,1.150250119713756
78,1.2297636103592993,-0.22557123154617603,0.29746173092482703,-0.4582670663577924,-0.6646122113569654,0.0,1.3018532344682838,1.76807164450993
78,0.4070423406193458,1.3718713082109972,0.5478524225177498,1.415921960178343,-1.0102069841154897,0.0,3.9975769822550857,3.7782952985892173
78,2.177089045859648,0.45487865422662516,0.8673314233622231,0.18997845313471404,-0.1689072146365444,0.0,4.134319050665372,4.397360435448878
78,1.0686871175736863,-2.12896975623857,-2.0898894112659328,0.1722015920325638,0.3671415652100156,0.0,5.7042267566007165,-3.07670989346062
78,-0.019841961203958886,0.11736255387936956,0.8467717366180076,1.683302930831937,-0.5599195568184786,0.0,5.031855288412085,2.6939141820413393
78,0.03156766845110922,-0.9892263135645968,-2.1912472022953677,-0.49949277183689633,1.3883448292116296,1.0,0.33219363077756603,-0.7426565226291786
78,-0.3681483411688061,0.46552663950126566,0.2970875593085286,1.5651833273276374,1.509926579089185,0.0,4.7085617410266964,3.5195981431828613
78,0.2188433088974158,0.6908078371462542,1.3787721366887449,-0.4938162084152224,-2.151804786362588,1.0,1.5643367858476118,1.1634260868367066
78,-1.6060581132118132,-0.17375488487780297,-1.3366396646994492,-1.0862149582722993,1.125698571726623,0.0,-1.7154537629019129,-0.027401337497473977
78,-0.4821705489063546,-0.22043532267350066,1.003198524483615,-1.3468885105115143,1.1331655380215855,1.0,1.2085864396635242,1.6873303418540058
78,0.5611629179242936,0.5814600738636302,0.33229078780492005,1.487333052514257,-0.3505669498517396,1.0,8.298981590886845,3.5774313209171176
78,-0.7709787257109261,1.3966042305406199,1.0268134775499584,1.2664773154956313,-2.7637423815090925,0.0,3.5112704781642234,0.5183828373068765
78,0.634392338671395,-0.4133868953698999,-0.5838905024721157,0.8402903235068513,-0.7634680637876748,1.0,3.8019646432552534,1.4290433574120103
78,0.38530428774146785,-1.9577376328057703,-0.3430624153634006,-0.14389125892646673,1.0813970388445975,1.0,2.87238554372676,0.698409275926518
78,-0.8250495183731369,0.07369146658647953,-0.2719454176853506,0.4891129298775923,0.968841988136206,1.0,0.9861777108627515,2.119776784127367
79,-0.25368513487471384,-0.7410253018640206,-1.6461167357559643,0.19073520419659765,-0.13579244934659024,0.0,1.1035851950353737,-0.1802043168276578
79,0.2833387479174492,1.2788841572543528,-1.1182221280985014,-1.954178346998329,0.6220747096691361,0.0,2.625433931461766,1.3555880258797577
79,2.4863914431436904,0.12121369705159504,-1.453835704218725,-0.5502680311062539,0.9248934583779648,1.0,5.081631925922583,2.1822762696066427
79,0.4328608072645149,-0.647045228090436,0.46998273286061043,1.6188350519279098,1.1204830854046532,0.0,4.693643326307872,3.1090538130287815
79,-2.19736218571976,1.278667688237005,-0.8069157097970386,-2.180326412969075,-0.5933548854860052,0.0,1.6742981607538354,-3.36761271739878
79,-0.036471012259806035,0.49907079390832115,-0.11666742451284741,-0.10351707941887811,0.7561341984414472,0.0,-0.17924020408657448,2.4742751930281797
79,-0.891520942646011,0.5770824782060233,-0.7595212057064742,-1.2881081734382538,-0.9019464796505158,1.0,-1.1056078895457075,-0.4213224972695796
79,1.645425126223833,0.38896921233115395,0.7174436097515366,-0.8639335231033228,-0.03660688906844221,0.0,3.0084470161412877,3.3191573986417144
79,0.08331704354060256,-1.2965644747421587,0.948111207461327,-0.7428047604135188,0.3970500980328087,1.0,0.338879048806379,1.1697470622431612
79,0.10701103158721506,0.3732625636926858,0.13441055711800715,0.39767185732127164,0.62099154182716,0.0,0.2348668489407092,2.8475974801267587
79,-0.8575906012071647,-0.6678761358317418,-0.06024674433482798,-0.8482867790363733,0.9241596733542564,0.0,-1.8583540311545435,1.8160297171017925
79,0.5116780490775003,-0.8038848360301328,1.2764587438476165,1.4937858817118876,0.040499758813594126,1.0,5.806872701731219,2.1380445584544
79,-0.7301935921061808,0.003573612436505396,0.4135184944648677,0.4061904338872316,1.2408497114264163,1.0,1.9638323196033798,2.5800725452670097
79,-0.10897570266938612,-0.377757117424641,-0.9448860072508327,2.3778370432141864,-0.27714734848392425,0.0,6.095592755207043,1.961537046988439
79,-0.9748742047576976,-0.169676099154154,-0.9982271104893878,-1.3074109269270566,1.9949350084027366,1.0,0.363239707210105,0.9795794768136771
79,-0.3818089460762189,-0.09706989787935218,1.0244330666695531,-0.731259510400935,0.30157156122470924,0.0,1.1208780579256983,1.6145786615206834
79,-1.0952642188352462,-0.4960075953476936,-0.5669134115616641,-0.6692369197375252,0.277297959937101,1.0,-1.8034115707325198,1.1117598628384593
79,-0.8038820098610859,0.4155189459431735,0.5859899700968235,0.8493395676671673,0.38538782403051774,0.0,0.6103389533426111,2.215313960102584
79,2.1531699782095433,1.2509859359257776,1.3774673594550992,1.0921404411083486,-0.03222966992559662,1.0,13.066703730705532,6.806479285280728
79,-0.9235967371654159,-0.20951906338182533,0.7567385282346674,1.8055680319381744,0.7148045389233358,0.0,2.439414540843436,2.9925878220784017
79,-1.3730972496234837,1.5100415821853028,0.5881921157987728,0.9395934315933594,-1.1763271076307265,1.0,-1.018576939208536,0.0027125997599228846
79,0.3959184952206129,1.088112915524081,-0.061705397302880494,1.284170697305812,0.5076082419624011,0.0,2.3294484100097828,4.035953330456403
79,-0.06610433714402063,-0.3957904163821171,-1.2081849477454476,-1.1715433942117062,0.43852009921165136,1.0,0.6709073991355923,0.1793289757110057
79,-0.46044074042960986,-0.9545481048778872,0.6749990429873589,-0.9858111611230889,-0.5301180379079042,0.0,-2.512480629367453,1.0922608846768105
79,-1.6621493389663067,0.20066238830690702,0.26174504263604575,2.027677577553044,1.0775395795103773,0.0,5.643845853931877,2.585146658866208
79,-0.8233718435780616,0.2912231949446534,-0.9249770281167357,2.0350045847478078,1.266120573372301,1.0,5.53773567835203,2.2840676998169696
79,0.8649348792861882,2.3982477866978607,1.7765557237441607,0.43009899580384126,-0.5039870706971629,1.0,11.608792670421014,5.352942720242153
79,0.24222932882929565,1.0759153619216986,-0.33438000254431205,-1.5580584742654562,-0.9917591460995776,0.0,1.9980959151208686,1.4222057540704944
79,-0.8050251242270304,-1.0717309648006632,0.02896502402514293,0.7068206722209939,-0.5920722217260609,1.0,-1.0222016944016594,1.9958295888417186
79,-0.6672976948467769,0.5116344492789255,1.2228295409100298,-0.5663083489605689,1.0616952923478908,1.0,2.705269322519268,1.7808512849063778
79,2.5548914493554586,-1.2484805762738462,-0.6141485911540963,-0.0918815580697189,0.7217424298865412,1.0,1.4990995531641027,-0.71140639374349
79,-1.3224604133937181,-0.49951135628545607,-0.47225087716094133,-0.9483176372345169,-0.45862149330249075,0.0,-1.0583322470924863,0.7005497451581781
79,-0.2110118702223643,1.881198021611731,-1.4566198437916213,-0.5324227801996629,-0.6189870970966851,1.0,-4.171923297481405,0.2480516744391199
79,0.5145607928298659,-1.017011021539279,2.0728538114776445,0.2278275085208449,1.257721259357967,0.0,1.5500743543019104,1.5234320425164494
79,-2.392720990375756,0.7446442214916786,-1.8761484185018433,-0.39469712911879984,-2.7580856700791214,1.0,-12.14764017890187,-4.420858850607635
79,-0.016610226108027107,0.7436096587123273,2.0519007891275307,0.2779998779182718,1.2697494439782748,1.0,8.840922620266822,2.6882147010707467
79,0.22963327498669767,-0.7855776227633151,-1.7845444078897124,-0.2848384930891501,-1.8555581042727307,1.0,-1.1772484642721492,-1.6329616049981674
79,0.7111343223251388,1.707013651316715,0.028719160998088557,1.5415692390884477,-0.5135031470729341,0.0,3.389140480146069,4.950970242696558
79,-0.6477521577628448,0.4490026606823362,-0.8329179189797499,1.1305072292137213,0.6855023470355393,1.0,3.3421148660665057,1.7740483039406982
79,0.8542897795644493,-0.750030569330708,-0.6510137653783629,2.042174599332804,-0.11908054914347078,1.0,8.442041285351277,1.8428961703350968
79,-0.9054255525729794,-1.2658170486268465,-0.31429676623379804,-0.138034424183881,-0.8124560665057448,0.0,-0.4578473853229552,1.3791021888452923
79,0.1532922571359359,0.4927075623606695,0.5310570455135574,-1.222532156644817,0.42861944750857645,1.0,4.066821462365182,2.1293725491165403
79,1.0948393937887095,-0.8657001242661984,-0.9372398132948974,0.9168439472599611,1.1850452149461392,1.0,5.125743727262211,1.3411064966084072
79,0.8940576389606726,0.09246516670544525,-0.9213982045359878,-0.4193365054697113,-2.0655415427232513,1.0,-0.11059996017355664,0.4774996161294909
79,0.07679925297197386,1.3048871196251581,0.2826657025024128,-0.2421105598588062,1.2677681187260574,1.0,5.663277099011333,3.405534515609218
79,0.9990710100911759,-1.3454866877175469,0.2893485706225718,1.1169383635441903,-2.241558797407564,1.0,1.862806054511432,0.023349435263419815
79,-0.15989447002660864,-1.1324461627088196,1.1955331736610237,0.876878082845078,-0.8144759496466208,0.0,-2.31716370495728,1.5303865984799319
79,1.1171337369392649,0.002815059408324927,-2.366185775459921,-0.6888974085334045,-1.5981592804043956,1.0,-1.6037912744097458,-1.477638311948012
79,0.9419477616113702,0.22900469337917706,0.27586544598631274,-1.6513722982851309,0.4081881475999128,1.0,6.009791964245716,2.2797171614970733
79,0.8712590374970558,-0.7525851694268425,-1.3804749939446834,0.12179651586713018,1.037069842661697,1.0,1.6467597991919813,0.48201042141835726
80,0.9302111710613732,-0.7580466790598014,0.21168012535098335,0.42011654222393763,-0.002496546687606463,0.0,0.664502617769032,1.6732681131206977
80,0.5422875030223231,0.6730581563535338,1.056981845732332,-0.889732784879182,-0.4267037452017909,0.0,2.8495758354960277,2.334439269167986
80,-2.0689890916562437,-0.5607593923490137,-0.3369234897528509,0.2989960827212542,0.5986893346596985,0.0,-1.755328886998497,2.069487966448452
80,-0.3788764575937722,-1.027693274841708,0.05028862610369949,-1.6406249526079337,-0.932291728021455,1.0,1.6743041485392798,0.42350568748619977
80,0.789950452046127,-0.7432293654826388,0.7554646323757628,0.29100900080533953,-0.2814296883841905,0.0,2.1881136965719765,1.546721199724365
80,-2.1092600218048445,-0.071840844077478,0.787940167980944,-0.5474029035248358,-0.09545457805598653,1.0,-0.5562777084911092,0.8388289604622194
80,0.09200106829117655,0.5621380534357066,-0.7653662845985025,-0.16218671018728484,-0.47161908433331884,0.0,-1.5621255342565572,1.4003294661609897
80,0.9830222250135581,0.5160730462770526,-2.471436663273967,-0.5489249956938717,-1.8196382017046422,1.0,-3.3036091751806422,-0.9468658090147846
80,1.0978081919702463,0.2616734393342161,2.0088136321532937,0.18363977608076013,-1.3116731755091198,1.0,4.466205837164404,1.983253394570551
80,-0.908332148913719,-0.9549329672191937,-0.037617456099487405,-0.37577053455365544,0.8941350998713659,0.0,-2.7684666520387355,2.1754298576544358
80,-1.861655538848031,-1.6553149739341892,2.8216187172019054,1.454677688766623,2.483219240390872,1.0,4.07365833729428,4.753655240050412
80,0.9404063742123228,0.2414080223297289,-0.5058708246221342,1.6305295676771159,0.364759892142734,0.0,5.768089973099332,3.437390990064871
80,-0.262615656019281,-0.6109888831671343,-0.033389836154055975,0.6072153608549938,-0.2794170509852222,0.0,0.011492812793862134,1.870299824846953
80,-1.2811322813859887,-1.9267696463749238,0.37714434526880436,2.023914979307406,0.09953620335592042,0.0,2.9241423926335113,4.044513661263592
80,-0.8099939366005693,-0.5965303788431315,-2.8841962972030624,1.1784394172683053,-0.7403021659468322,0.0,-0.8579683247680607,-1.4101617387592817
80,0.31447253342538606,-1.9166677312340326,-0.5097998044288019,1.0825584154526164,-0.3215169600166395,0.0,2.985380219473725,0.5946260905022518
80,-1.2844046067260722,-0.7433527997107655,0.7096207350670828,0.8960358957026202,-0.5163663291835582,1.0,0.7343926214184614,2.2441412470798032
80,-0.30329513117191803,-0.08573868337915148,-0.07962818722008622,-0.16948007156678815,0.39680843457057197,1.0,2.4234987764480054,1.9021686565434595
80,0.2813446432286526,1.4448232643585315,-0.7282434728870433,-0.646725644157075,1.506945172533175,0.0,0.2439972667090069,3.0819098941391365
80,0.1439364658961598,0.023248274950137614,0.25727946379938527,-0.577875292920355,-0.4443909839968709,1.0,3.2918727925523914,1.6715310363412135
80,1.9703986084994471,-1.734951380869759,-1.054795892956099,-0.40892225152966394,-0.6968786098786524,1.0,-0.41352047333566355,-2.8877152773485446
80,0.3555191118826869,-2.7517270253509674,-0.12939499001161608,0.171824620418606,0.7979650978572217,1.0,0.5857399532794045,0.2354420013885179
80,-1.2223540690790398,0.1671894600792005,0.5526666648061687,-0.44763405301796216,-0.19909324998925748,0.0,-1.3399298100127677,1.07215032044577
80,1.2019251659442158,0.0764742775188888,1.115251182698106,1.1976114679409113,-2.3779900048659166,1.0,7.017165389985125,2.138504333493783
80,-0.037120489331946956,-0.009983028729421793,1.121145605289211,-0.8738943336564398,2.0262473001702452,0.0,3.5477875214463435,2.548219102559869
80,-0.31034967636226035,0.3071720406873742,-1.2468739678951666,-0.16548483567783356,0.9574806244965395,0.0,-0.5091855787917668,0.9939287224843614
80,0.7195845546192289,0.6201041815026673,1.1230633817171627,1.1647222376932729,-0.9528391322669715,1.0,8.113623076578095,3.2164580579605384
80,-1.2186635459184714,-0.3267715646757521,0.32731601351881345,0.34620672517489415,-0.635848044675785,0.0,-3.6120423186730117,1.5912530474765956
80,-1.2865658240553328,-0.06465069274582168,0.49335780788848926,-0.7259868308128906,-0.0151383887686886,1.0,0.6983172276264871,1.1644330237098566
80,1.1523933949604228,-0.3874918535224686,-0.02746722619563676,-1.7112776750951524,-0.3135386643905554,1.0,4.401825522752888,0.9093887347363595
80,-0.5740572392789657,-1.0879062707811724,-1.6766234025018185,0.7228705537444481,-1.207733725225585,0.0,1.1198582586556323,-0.3928342251502124
80,0.6909318596623396,0.9629653283439323,-1.182095831908247,0.6985345748356778,-0.8239691026394024,0.0,0.42806013633389123,2.217513009644339
80,-0.134890037389422,-0.9136812883708659,0.8955406079333723,1.3867903603814493,0.36846409990449186,0.0,1.8856139614113316,2.5494553121664407
80,-0.4311568585086271,0.4227191861016308,-0.7976283300948961,-0.48899592381765294,-0.48508754300981616,1.0,-1.650945533436499,0.6260730692053148
80,0.600355580404282,0.5606152581620595,-0.9103756917587406,0.5858121290262739,0.4881180094094879,0.0,0.9517162628431437,2.612280237452998
80,3.0225711729507996,-0.16755481443088222,-0.04329092504144767,-1.2420287779893455,-1.7602791286643724,0.0,2.00627416207896,1.3973255056642948
80,-0.3790424626430967,-0.3853730173563939,1.4567826221655402,-0.27670600518986144,-0.5019561705572682,0.0,-0.4559098930676788,1.2166920728083988
80,0.06558414983086465,-1.3579114141481439,0.6747218027214579,0.8190112986053931,0.959855463616639,1.0,4.845606778411751,2.272453950322749
80,0.02934345552923623,0.39139889974976944,0.4917137804420464,-0.78886014040946,1.8306913535710658,1.0,6.303874185803871,2.870153684487959
80,1.8932543827182506,-1.776573533204591,-0.5314041117448198,-0.1803598364539706,-0.17053957427220398,1.0,0.46252852829822,-1.8842205695180718
80,-0.08782010688428721,1.282734067423584,-0.15591074638512464,-0.686174303730775,-0.040920847106652294,0.0,-0.5676075804371582,2.0311747086719403
80,0.22259145819605614,0.7844409422882719,-1.3864540576063595,-1.2028091291090077,0.22132718094607862,1.0,1.4212813205462915,0.6774580368985296
80,2.0573373875511916,0.5783819955401567,1.0961419536655328,0.1264097582699839,-0.1767217298697825,1.0,7.185387909393765,4.48773264269804
80,1.405177889422062,-0.9687893913094577,-0.36413850626398236,1.6063571730753712,-1.8903179381261785,0.0,2.6734750526485263,0.46725410529212774
80,0.4694774399961549,-1.564677511316838,-0.8345250231741483,3.00021139290611,-1.7248265944762706,1.0,11.994968154850998,0.6097787651358357
80,-2.4107826577025184,-0.3655820315554972,0.7704340237062136,0.1682311746785441,-2.405267165243399,1.0,-3.6632291751549317,0.4774639563886769
80,-0.20579277675422783,0.7524264198585994,-0.43582165499505476,-0.06757364654131551,-2.3295791286574694,1.0,-0.17452224515732795,0.6085091664647255
80,-0.787819048899582,-0.04302585359670016,-0.8344216036583983,0.517366768689326,1.1210130264932752,0.0,-0.891822995640968,1.6920595651302972
80,0.5755406156376965,0.8691272703944791,-0.5616219716569544,0.42896029302189403,0.37918791051250444,0.0,0.35607951424955575,3.192207531182987
80,0.8158190345285938,-1.9409806440527995,-0.8832257593723224,-1.3973911064002036,0.17457435276862768,1.0,1.0202775653677774,-1.5644294009285415
81,-1.6056088922388438,-1.0634956379409692,0.9932902334954985,-0.1552309062908303,-1.6965862171522517,1.0,-1.9161282311975398,1.4896785179824814
81,-0.0519044805292836,0.8797373559025417,-0.7190012894220392,0.4928819680377032,0.6716211223846221,1.0,2.547230076903302,2.3434689162706466
81,0.44716489716833613,-0.5844993923658066,2.771442519350088,0.41303363719942454,0.6330506699872214,1.0,2.280344974070276,1.6464555107465901
81,0.5516027686915619,-0.8501612633540699,0.6196520281132224,0.4850246314818023,0.6771227944313541,0.0,2.3131234051208613,2.0867497642670587
81,-1.0131461130198016,-0.4084801172549106,-0.3291195694577695,-0.2786991280129793,-1.048368837347647,1.0,-1.1692673475655586,0.8212704347007627
81,0.6013131983120031,-0.0514283822487682,-0.1375942457400758,0.77813939232428,-0.6885614886005827,0.0,-0.6998108468601172,2.210558508828534
81,1.8268389878699078,-1.4883638031740007,1.034484471338617,0.865315764495484,0.24024952618957213,0.0,-0.9612324138079518,0.031230598078207272
81,-1.3437337720163194,-1.4419855654049964,-1.8169532308067824,-0.2950891949901726,-1.5314272000461717,1.0,-3.171921290673114,-0.5206282966170921
81,1.4142276705872057,-1.4618352290166892,-0.1155485928260611,0.8827575505847527,0.08569277709147326,0.0,3.691882970283088,0.32861094311995287
81,0.22513147116411011,0.36393586838898073,-2.3436708014463803,0.03499985229822959,1.4373969895925056,0.0,-2.192942261215475,0.24263413159425018
81,1.4315058372174025,-0.4021572199230847,0.5022925417743229,-0.38058114312256985,0.9044264756638339,1.0,4.887457774566684,2.3285339916088534
81,-0.6172254095007206,-0.22841321751576155,-0.9426040136099836,1.338043108495631,-1.165880705403661,0.0,1.5790167106799866,0.9206254584308535
81,0.5944471133730499,-1.3126679605357836,0.6421645187578137,1.7882023660568702,-0.8986758013695197,0.0,2.3271900235564984,1.4272246773768718
81,0.6049636418946777,-0.47603014043952424,-0.5333935752403158,0.6687332545520062,-1.2817788590229988,0.0,0.1574336454434162,1.0643527736471365
81,0.7838340679005252,-0.0522321387612598,-1.2739809610437485,-0.1253219132142506,1.378852229333289,1.0,4.072734009746927,1.6071106282421659
81,0.8511596734065024,-1.763330762087268,0.2445182253612493,-0.8483915873872202,0.37400848323813835,0.0,0.626323612615086,-0.1016399494340049
81,-0.7741059557068412,0.24318131769145504,-1.7339149313138837,0.10890268852661192,0.7286905893509525,1.0,-2.6810385794658407,-0.06426745041891813
81,1.5652584604517688,0.40346825782561163,-0.296191757946954,-0.6371431985307541,0.6875998049189724,1.0,4.083151850683895,3.4494828588540054
81,-2.1802884895242753,-0.3654655052138966,0.8083224572019839,-0.9674061510375317,1.7210789137684028,0.0,-0.9493925558937484,1.9956533318725809
81,0.703810993286791,-0.4079252229953026,-0.22435121562294402,0.03747149801631291,1.6304737974568346,1.0,4.556622305517769,2.557576318513018
81,-0.19038282479751997,0.29181170218585695,0.9971156784011727,0.7777704215657494,-1.0116316705861341,1.0,3.575773876949506,1.9195128451826697
81,0.061158877292621434,-0.07534700168351956,-1.327796398710485,-0.6248156116199731,0.3150625237366428,0.0,-1.504328205026935,0.4101385529942241
81,-1.2895530321732986,0.4974638229488848,0.9648798226702548,-0.29030209821754976,0.7890909165317278,0.0,-0.20433844654740918,1.2637993984438138
81,-0.539281047794586,0.031613691960178054,-1.1843042484198754,-0.02185932882888814,-0.33881649805787617,1.0,-2.242022440300602,0.3335691935851475
81,0.7405704044964209,-0.11947923714139645,0.10349179522027788,-0.9210709514714462,0.8673587106764172,1.0,3.4946890919430995,2.241602076196175
81,-0.7199674855701396,0.2814474130388148,1.5284903492888917,-0.5615856116264497,-0.6810084614915658,0.0,1.3204772668462414,0.7633484743263019
81,0.3101810006136477,0.39032068722164615,-0.5816490849501609,-0.36701385276565274,2.374891226728142,0.0,2.47966790523368,3.0199928246727836
81,0.7972593435656536,-0.3450385147897826,1.357175556855187,-1.2027204700595877,0.7520841852714903,1.0,4.767744672356026,1.6162946212094527
81,-1.9085859591102898,-0.3288663137117921,-0.9017619531767186,-2.303740079435231,-0.00992410401683239,1.0,1.1212997334771837,-0.4785407571900788
81,-1.251051588331691,-0.4339306678957027,0.9906478483568713,-0.6368092663379711,-0.4734103280808696,0.0,-2.314966936389726,1.1887407775703862
81,-1.2768030020445573,-1.0431964683917843,-0.8826826779633639,-0.24162033972197242,-0.12870270356325167,1.0,0.714122344517131,1.1805349964842564
81,1.1926635140161674,0.15566514510578827,-0.4200663311727382,0.1834984783002465,-0.2520226321533644,1.0,4.4952255775503405,2.528587117094321
81,0.34552176121766065,0.739290185525206,0.8120772432458235,0.3008768626732326,-0.5350123218619781,1.0,5.495913907288499,2.7748101381748307
81,0.3268491679952035,1.7368307355332762,-1.1183175139909713,1.5482931495031114,0.3208002961092862,0.0,1.1991233287066256,3.4121058337395147
81,1.2007991081456757,-0.2927872003042998,-1.034325389955867,-0.9146753457517738,-0.9182610549396871,0.0,0.5278225901576854,0.17990233782578918
81,-0.5466053441193817,0.6556510883232876,0.7709080082475914,-1.7322889486803414,0.07215699228706973,1.0,4.599567587103026,0.9688067864824971
81,1.4633428435447196,-0.04382025881116142,0.21184638753535848,-1.4987499931597823,0.8271684269270976,1.0,4.99240559380839,2.3934139909415992
81,-0.17035173269024428,-0.6273626356304082,-1.0543368799009638,-0.7112698935595757,0.6588886794662269,1.0,0.29691574746060406,0.648460550896971
81,1.309597255185181,0.4755030980775415,0.5139018087522038,0.2442753031023505,0.35894197017566515,0.0,1.808602642752159,3.944660364573749
81,1.272069669215337,-1.3245807281731707,0.4515257888589837,-0.07506102810619807,-1.913201878255992,1.0,-0.8546228980782677,-0.5798006680570518
81,-0.05808784797776334,-0.5779919526709804,-0.5363127346398627,-0.4373028877484133,0.33237232827011914,0.0,-0.8380743444218828,1.2545113635309582
81,-1.0477248393894285,0.07736880509131434,-0.4602939783968605,0.009514893329624042,1.023524141166342,1.0,0.7595994325023354,1.6160552396671708
81,1.0036894433173418,0.2638210638231795,-0.712654393087971,0.5467925042626047,2.5375581744786095,0.0,1.6627395920075598,3.841026796414467
81,-1.6810629255228082,-0.0985315437900788,-0.4343375694859183,1.4867259736427958,0.18238292452557162,1.0,3.0585513062903926,1.8003751533588341
81,-0.22696857110657306,-0.2434725235123517,-0.008041860541448804,-0.3725374893015199,-0.34341540702876333,0.0,-1.894262562302203,1.458010349433764
81,-0.7982050289702433,1.3270975867499057,1.4034486114727878,-0.16683959617400124,-1.0245717791538789,0.0,0.037171952586626755,0.4777366349740886
81,-0.5616804970341103,-0.27436330420144645,-0.31516715480963126,0.6432634860186598,-1.6920607261817238,0.0,-0.3560109369358604,1.0048449972857165
81,0.37243540677692255,0.7545323081886582,0.9018656534467446,0.38010169648534103,1.032703454066827,0.0,1.5398696905047429,3.6219812773713658
81,0.6452966431080384,-1.1265749785275176,-0.1458649298396785,-0.6344620424851017,0.3899617659852973,1.0,1.399509357447651,0.8265837372146585
81,-1.1575990753718608,0.7655234831933385,0.7453022165476809,-0.2176505904850282,0.7448351914140887,1.0,1.3573670840094443,1.2889193108439656
82,0.46129005366325154,1.3920552162893778,1.1263356889832883,-0.10520980621570138,0.2855525247303519,1.0,8.131380444207075,3.6521240477977925
82,-0.7376626505792173,0.23009381998251935,2.4908246429440446,-1.140000702097013,-0.8116023122512462,1.0,1.0847055785204247,0.0504760076580234
82,2.067259276385135,-0.4265100695637669,0.40376173692120354,1.1950297938813725,1.0796889888080552,0.0,5.028217215351097,3.197497556735373
82,-1.0314852770592708,-0.007635445400871603,0.8437864244286248,-0.2816363967115096,-1.313381211946934,0.0,-1.2440396368048394,0.7773384091434576
82,-0.07910461240884316,-0.5223140085591055,-0.8105392797207146,-0.12094013648262746,-1.2308060126055078,1.0,-1.1789524524365547,0.3485731616390788
82,-0.8181770127908559,0.7503111162605677,1.4262695292330139,-0.4595685686794485,-0.03154920694780785,1.0,2.226118169544434,0.96377979771529
82,0.6648788713512767,-0.034029576272866194,-1.000056387131417,-1.1367083769012991,0.8107330606797242,1.0,3.19741752506,1.1700381064720569
82,0.06525111407897734,0.029560971861135144,-0.006247764033133942,-0.8826773847988972,0.1623388269016548,0.0,-0.3247883533001894,1.6860222511378449
82,-0.08146685732363869,-0.4147799378471592,-1.3198348318628363,2.1873446301164083,-0.13322379716025157,1.0,7.22697421921956,1.4011458701135608
82,0.9317864087878396,-1.7824942759715587,-1.653090555291786,1.0102692873796213,-0.49871602857508324,1.0,2.396230202972556,-1.739227894456474
82,0.5641013980388314,0.14215440502388277,0.3152307643216804,-0.43608515472806575,0.9716596353050172,1.0,2.4029407756412735,2.809444881602897
82,-0.5038056977811057,-0.061917945955377016,-0.4470229836575789,-1.5410314820673605,-0.8663339564986489,1.0,0.44921878074546495,0.2228765907704613
82,2.0376397655977687,0.8322660090468025,-0.6593961768415639,0.9881091425719762,-1.526812586531273,1.0,6.741733844075528,4.322123694123359
82,0.8867625255179553,-0.7813633573858146,-1.5314822613472567,-1.0293558918412657,-0.5772968452292047,0.0,1.454826056283946,-1.169947720330542
82,1.17527915557609,-0.4409031659295537,0.7150002231556645,0.4243644694255976,0.7934974726145436,0.0,1.7944174641996324,2.570527871783454
82,-1.9257869867000204,0.32067365879947196,-0.780543161991993,1.4505348254698907,-1.1758993688619122,0.0,-1.3546835683679774,0.037471762776400075
82,-1.3215685298420576,-1.5987917921704935,0.6835347995167212,-0.4610974987631003,-0.3820898755397525,1.0,-0.672963328007102,2.348251678199377
82,0.654517532455577,-0.08014498578095305,0.40557742916871237,0.4267028012224861,0.3243603254860923,1.0,4.730432689173837,2.731924978971482
82,-0.06214097123605449,0.043576005485914455,-0.7658835486585469,-0.5710436713033328,0.47431577247844225,1.0,1.5865106240142988,1.2774741238833536
82,-0.22014245548216535,-0.06004819286546891,-1.2916711839724788,0.5584388715052605,-0.18043767597456173,0.0,-0.20465877818797162,0.691803594895213
82,0.28415299494015145,-0.2622273467403179,1.2026956056625218,1.6624625545160838,-0.04742299158439241,0.0,4.251811024020229,2.705161753649603
82,0.4135380416441646,-0.45338560392104066,1.6501957026392093,-0.39430937939282584,-1.6223497075160902,1.0,1.3090719564158042,0.5300363555641983
82,-2.6754987645746406,1.0435024682971583,1.2798682092189706,1.8288963867418966,-1.3466857878311977,1.0,1.954147217169262,-1.4400068440334368
82,2.6733385707937867,0.8096948622667899,0.6653111667240467,1.6295425886663386,0.9927913532518735,0.0,9.157837707903024,7.336652515488941
82,-1.5362222163218968,2.1961476478147444,0.8122321805137291,0.2460867598168634,2.455144276645525,1.0,4.932395100957322,0.4008034941587493
82,-1.2233356841341774,1.9987170744483176,0.41031540106332726,0.470086621033262,-0.266318435679429,0.0,-1.1941082159280074,0.1666256241009525
82,-0.805347101796701,-0.41013192576321406,-0.2854369437464965,1.467435444610685,1.057329705660022,1.0,4.862748089375644,2.8017618583118153
82,0.0629822252286222,1.0342129864259864,-1.393244481518156,0.4317561983301866,1.1303516270812632,1.0,2.2685613843998467,1.8747867507645866
82,1.2183755989792717,0.5961817439311774,-0.4106845982523952,1.2060091275522258,1.1964154054723435,1.0,7.980087512683814,4.546369648876876
82,-0.7515010713164885,2.00388622240454,-0.615754335246292,-0.3152259866016412,0.4281272619945194,1.0,-1.6535313890190935,0.6851813970961635
82,-0.5334351491665547,-0.7481728026572523,-0.4384685137155989,-0.045465833847946176,0.26340998173380575,0.0,-1.9890959871314924,1.553438434149962
82,1.7012214203456753,-1.1359631881802943,-0.4196827102031352,0.21675486881061426,-1.2457993787044273,0.0,0.042440929574764974,-0.4610411298424236
82,1.006387891213911,-0.48660590950320387,0.7345587271171823,-0.7428745529815538,-0.3892813385512352,0.0,-1.757907706220782,1.3135047066251744
82,-0.6017113732914449,2.1362714563437186,-0.24951210769440998,0.3886670643231662,1.0963829547133426,0.0,-0.07068746832735695,2.0686631783518195
82,0.4297055455826181,0.579464543782738,1.5935762423279225,-0.45797641190535066,1.5785344634683416,0.0,2.703101999008368,3.087873374152178
82,-0.2580341076708892,1.5744939103733502,0.2510365903934495,-0.7977061488820419,-0.5379247731523421,1.0,4.1502570313118285,1.6783150489657666
82,-0.27058540144668514,0.5155639146201678,-0.7626853861681855,2.0365702024223884,1.0116649943388114,0.0,6.454258543722343,2.848743472416089
82,0.3960581676171205,-0.6214124491633819,-0.95424394367727,-0.14516501860249467,-1.8605920050160418,1.0,-0.938110722315508,-0.260567328489239
82,-0.5356998026550903,0.8245874931891642,1.0522508772710735,1.154678222537464,-1.4729338601822064,1.0,5.15520615451048,1.565327433565913
82,-2.317587039997331,-0.6903197299770407,1.8589613221120849,-0.18728842331257023,-0.10457750076560215,0.0,-2.0397865393283454,1.5952770110212695
82,-0.7724745173711076,0.39886025397605074,0.03876348601622425,0.09184003007275116,-0.3038706896773121,0.0,0.048415440420156663,1.4176986894671235
82,0.912453321795885,1.063714578346762,0.3824262579785828,-1.2042338316438166,-0.10608548409471413,1.0,5.750174186097572,3.4224892759610848
82,0.5081252826052094,0.2455062206691873,0.07980313919100752,-1.707731017737662,-0.9208308628188,0.0,2.3191908201516824,1.2240017177720466
82,0.5012856619967478,-0.3139114691783838,0.5959940622395719,-1.8599902789883658,-1.5926276608156382,0.0,3.390694860530032,0.3356067481635978
82,0.12078267320620216,2.836813217399773,-0.06783137561939936,-1.5162152124036945,0.6157747499557642,1.0,5.975376478979253,3.3350002442457356
82,0.31125994465561896,-1.2317563307146622,-1.7349052615901277,-1.2904995556625385,0.2848815135291014,0.0,2.2551644037304834,-1.3772795550438188
82,2.0919405776499453,0.7597339135589217,-0.9666702680806949,0.5117403134314451,-0.739675229096593,1.0,4.711770510026548,3.9858958963291924
82,-0.11058019266691413,-0.2319288408465667,2.0658968353987537,-0.4051143392263893,2.5451801235824596,1.0,3.642958506497071,2.4822534357286137
82,0.0796957808110045,0.3165731299078179,0.43475580997460417,-0.7679631170431367,0.5505574128901789,1.0,4.487686466990218,2.2390119705191753
82,-0.37859794437981736,0.18878658515712995,1.437714569975496,1.2278844676118787,0.7185634263754087,1.0,5.23107945314568,2.658390614131893
83,1.393775242772696,0.8141407338059179,-1.8782473081137099,-0.5886520042461855,0.4999804977229717,0.0,0.14179462171885457,1.952597647928585
83,0.8339413625547198,0.4204891387342924,-0.6113299105430103,0.7061179499634938,2.181477332064056,1.0,6.541317770493718,3.93489665243737
83,2.0029879603761716,-0.02373558011970183,0.13223802988345917,0.34265783411691686,-0.9415235459805185,1.0,4.86558060347618,2.7000395535421973
83,1.4491798198689554,-0.7086248705780082,-0.7602940098774147,0.8637270470991248,-0.15627841070297932,0.0,2.311195567622428,1.0415633553120698
83,-0.35268153267683217,0.109841196763351,-1.216519962676867,-0.45771808247508716,-0.4850961767490992,0.0,-1.2937914245473086,0.10708551911061442
83,-1.1028417768901,-2.2509089453349294,0.6924877258805472,-0.11402923499332716,-0.6475717526073128,0.0,-5.049557570903006,2.540624528992001
83,0.08874927439586773,-0.8531796491901045,-1.7276734246789698,-0.5173183635227598,-0.10644342537323516,1.0,-0.8263097822897026,-0.7898862895566466
83,-0.84595949909041,0.6863538641383296,0.7366583402334876,2.205670728311187,1.7937860717540712,0.0,6.744693384194755,3.4483448537685906
83,0.040401927278809154,0.3619410639126543,-0.5302160760427398,0.04625064713939921,-0.7313821673947415,1.0,1.4623380454222454,1.4708186307201374
83,0.13852170266048836,2.3278023530240026,0.03132889093764222,1.040584581984402,-1.6226424732953963,0.0,2.225578947338751,3.2797579634877527
83,-1.0632175759964715,-0.9323576092918487,-0.38959052899106733,-0.3416374814226212,0.038494865910773696,0.0,-2.589178273543234,1.5722094908662803
83,1.3412419292973496,-0.8427850946945666,0.4857367374330927,-1.2813694919118193,-1.374988691640729,1.0,2.6708524017435495,-0.08212977625278117
83,1.1088203747027219,0.06238503294483,-0.8324053328708285,0.14473219226513456,2.316831855067197,0.0,3.451553816052206,3.1424546955712236
83,0.5448727322671778,0.4942772862752601,-1.0148645533976985,0.18870495244591015,0.14915776692118127,1.0,2.7083293570632603,1.9781272936890353
83,-0.8465025631458556,-0.8619112157017829,-0.38400485981276417,0.9851115583784821,0.0014503370737626244,0.0,0.8449178675711149,2.103853389386745
83,1.728286147245165,0.6818590371230256,-1.41846961526529,0.7176184180394339,0.8363652705382746,1.0,6.033178246595374,3.6030154680410464
83,-0.7773629522324428,0.06819366395720818,-1.0128259548493486,-0.23408756403494446,0.2536381813230401,0.0,-1.4403881067542788,0.6252319514221615
83,-1.1714683986584347,-0.12111805158007383,-0.5665789735881435,0.7224125211068914,-0.4302297698513381,0.0,-1.375262853348911,1.2021367741440538
83,0.09972441197217204,1.8092618039960153,-1.7249530265424728,-0.11267572889190607,-1.6451977538731823,0.0,-4.37752114624782,0.23996056871503926
83,0.011518100934809686,0.06500911795266932,0.19682416158763572,-0.8298126811432643,0.68426541627509,0.0,1.2500428904442167,2.045343415411553
83,-0.13647593584105516,1.853560913286894,0.22364535621407236,1.4304485989882365,-1.3350641632726725,0.0,3.095556627881117,2.7401863666294823
83,0.7699368808001338,0.38918311914650006,-0.9402724418934177,1.4503153584850186,0.042517603540662516,1.0,5.828378314521745,2.7450546873426864
83,0.31205855258478055,1.3910897361506436,1.1937147142111002,1.209516821370734,0.8085424617369232,1.0,9.471410680806681,4.259771283118637
83,-0.017131624501126486,0.7681177088701371,0.32253648062636614,-1.9782776605364825,0.456778685511223,0.0,6.4944917311573676,1.7112871642128966
83,1.7306466256406972,0.03282293169795731,0.39402196612689544,0.6517142290030644,0.6170504521101848,0.0,3.0630544031517837,3.693305476576258
83,-1.9751349074556173,0.2012744148067681,0.647083858417012,0.27828621536089604,-0.6863317956036843,1.0,-0.9911646402888027,0.6328899904922954
83,0.04882090071113977,-0.28894360122510393,0.8179930101950174,0.43376333912212695,-1.0124698088383846,1.0,1.3016161430942048,1.6691626676487754
83,-0.6743402418660895,0.7392412007530048,-0.5008579252043853,-0.5776767802832116,1.100179469459912,1.0,2.128777485319426,1.4219436990380816
83,-0.7157644528449362,-0.0019002619510404425,0.2245238968675596,-0.8700454072644306,-0.7143424919855854,0.0,0.6432879407893581,0.9374959995889091
83,0.7149636961653383,1.1776138321306042,-0.0665456256592436,1.915695382536308,0.9617807307488496,0.0,4.878909841323953,5.191491802852855
83,-0.01693624203480226,0.6575781350637343,0.3292638915978534,1.2704171316262138,-0.0012434653625575528,0.0,1.4864633500606963,3.0546834409865418
83,-0.36750043478479083,0.013990691787901128,1.1040969085156533,0.13117424385061774,-1.1902624583384416,0.0,0.10459666906998183,1.2905490200945335
83,-0.31328655511671466,1.6610588729737568,-0.03286161201024422,-0.4987646790474378,-0.6777663531047013,1.0,1.5997239331497937,1.5482625305033233
83,1.2649986509914208,0.9039706506607365,-0.7709012785431149,-0.09661714402119913,-0.8003669236502665,1.0,2.9118195880266255,3.1113465977021812
83,-1.8186457529735602,-0.12452051659191729,-0.6094176717863804,-0.32399218260733736,0.23393601517405732,1.0,0.8181572936461321,0.7251201300028645
83,-0.40814577840471244,-0.47551422856751235,-0.10131132102757308,0.667397232204787,-1.2869408255249373,1.0,0.1381440749766618,1.3866940604723006
83,-0.2003782199271386,0.8776766684451034,0.5120363165326643,1.9368637265870334,-0.7000550968744208,1.0,8.56319319847621,2.908953024367045
83,-0.41911781072366217,-0.2786338420236268,0.9252374912724541,0.41498764174850344,0.17692270330013232,1.0,1.6046870424396067,2.128123407599632
83,0.006616758389958399,0.5786495165905199,2.086823978360071,0.8370542044892978,1.0892554096469982,1.0,6.115492205408932,2.8095997713003067
83,-0.06435153927788546,-2.284104262122043,-1.7614348253916459,0.2743602425335668,0.03012744462808081,1.0,0.08022929512011223,-0.9452017094392137
83,0.5478421825818419,0.3689371862042908,-0.4969285239226139,0.9475339936399503,0.6376337209494557,1.0,5.548542887569255,3.083679597161526
83,-0.6164401419825742,-2.0165712699533995,-1.7157659965071708,-0.38368388955562527,-0.7636111811160315,0.0,2.8973533523440933,-0.6494031772345852
83,-0.09037943548374623,-0.1261010732739698,1.2607238633387325,0.3431006392121016,-1.370095801340488,1.0,1.2655226230250978,1.3251486850670648
83,1.6301395640257625,0.05566050221477055,-0.1903988242551199,-0.2459071322508691,-1.882592903112131,1.0,1.637888943089059,1.756113825637021
83,1.6225755388910488,0.3216467164538559,1.3207807759222134,0.3395926106119671,-0.1494229270334015,1.0,6.793038473700705,3.4969014783638124
83,0.21487152526176553,0.36602392400512623,2.640070026295488,0.15272988682007377,0.2785449407906051,0.0,4.085273062437721,2.027916711948857
83,0.266501261464931,-0.43232769562770484,1.6579331427033832,-0.4300896446489159,-0.6477588125021189,0.0,0.8566892435053404,1.0048866607746538
83,-2.0504948644762147,-0.02783524181542317,0.1920570199078088,1.8847567961121718,-2.0992229138888523,0.0,1.2044849790465189,0.9883200896065303
83,0.8372912981220383,0.4712872542615209,-0.747577549600146,0.5993533006283898,0.08182971419300061,1.0,3.473397795911909,2.7490346821856315
83,-1.7155657129804307,1.2779409857816628,-0.0746375837829841,-0.31262866354133334,1.0290373933587746,0.0,-0.07612363461991123,-0.09310262063706176
84,0.17956351083288077,-0.24997923610186923,1.4756152564709422,1.9087638305860635,1.0229074947190737,0.0,6.509818578621795,3.218585699920774
84,-0.3607123943455838,1.4577582081518878,-0.12512802938907058,1.007926308743281,-2.21410221733226,0.0,1.0205016596461052,1.3492211813423405
84,0.3982263878178301,-0.6487898886729491,0.8945099274307468,0.793557026429936,-2.0725486300790403,1.0,2.946571990570721,1.0500132579732788
84,-0.43345814087956575,1.4286894086338204,-0.04514393948564093,0.4993103778862064,0.41659671146834704,1.0,2.4617494555970225,2.3127013392589113
84,-0.7522312745704057,-0.44630075156280385,-0.2686872455050043,-1.8365199606637268,0.24839607895352864,1.0,0.9504348618148082,0.7721700252285868
84,0.7364812739905783,1.373284616648649,-0.4988422004662186,-0.7080377089423561,1.7841274317837852,1.0,5.0552652688348365,4.233042162760175
84,1.2985319516522293,-0.9737470267995587,1.1846833514370358,-1.2898933817085674,1.8324001203988671,1.0,3.404015113154857,1.1381362881110466
84,-0.556817746754517,1.0278832344901228,1.5139621078400776,-1.5241991933529568,0.016466083077416156,1.0,5.791049830918759,0.7231072430193745
84,-1.4014957688625536,0.6285705225728003,0.14226063621061397,-0.6688608179878739,-1.027737422777072,0.0,-2.1486674603489453,-0.05467234321262948
84,0.556483906335913,-0.8006606936771022,-2.2175307617110804,-0.020442174727756446,-1.460969130711526,0.0,-0.2257325590937037,-2.019697737787544
84,0.11662305157326684,2.0698264880418322,-0.5171923207121627,-1.6553529618445282,0.36764511340170375,0.0,0.758757778731949,2.301375003874589
84,-0.823985720772654,-0.7196982837736575,-0.3833896553304865,-1.62845155828763,-0.24517036936066944,0.0,0.7919917904862179,0.6200753257060756
84,1.4362736674598187,-1.304686068350283,1.944539318569301,0.2105166929737724,-0.47248422240884536,0.0,-0.2610570517773444,-0.3319091344426375
84,-0.3288231722284114,0.1641275614958753,-0.5403027002922939,0.1755089789927268,-0.05962804658016961,1.0,-0.00042844917721607256,1.509025378229088
84,0.638013467425211,0.48555940294892297,-1.902766062533525,-0.16799753739415482,-0.13458752975250646,1.0,-0.5776433775973255,0.4429984566795561
84,-0.11339366873101893,-0.5971911050132731,1.210525766672701,-0.5169457504297685,-1.2875977121405708,1.0,-0.5601711345621705,0.7679438922472721
84,0.1945601422391557,0.24258137784527908,-0.9260692228431778,0.5111880820384294,-0.5432535593762831,1.0,1.7090959930794494,1.3876804222917152
84,0.6507312730163284,-0.2614894012954951,-1.5428557244416317,-0.6325897523441493,-1.0187555962021395,0.0,0.9223870946928515,-0.5447019645558188
84,-0.8040315050396704,1.434065511413968,-0.5302657382501051,0.8634771316870878,-2.4181835741827804,0.0,-0.3050066690223927,-0.017830238146871236
84,-0.3637613295433723,-0.5272309188235543,-1.384256906772739,-0.7196030160682043,3.4641132991274186,0.0,0.4316483703626244,1.6118762506830295
84,-0.08345448206288109,2.289870849262251,0.5245133170114505,0.36391132934664144,-0.020390500161152784,1.0,7.6326910014689755,3.2116930419579544
84,-1.2940071073745802,0.6748800209536783,1.3455279197170373,-0.0337800926355566,-0.27979473410531575,1.0,0.7573004693099158,0.5564814552683086
84,-1.4816074951954115,-0.4832905402596216,1.2698504375832114,-0.5237228122457855,0.28705245227112236,0.0,-3.229959029867727,1.546611624685736
84,0.9044712220500846,-0.813926652286446,0.7073071029220109,0.09757413291968281,-0.20042233328249776,0.0,0.03783767957584783,1.3714429477323535
84,1.5254574974418658,-0.3000482814451079,0.1083785174123153,-2.112683913301618,0.03577664905177113,0.0,4.57419325323647,1.1648621288793612
84,1.2313454291468107,-1.0398132493893117,-0.3676985817785412,0.18313978312754972,0.9013462023467963,1.0,4.194445567332314,1.1069476040936523
84,-1.5074336153761692,0.33046247819212377,-0.8177962714586064,-1.7969167964559651,-0.286389764982255,1.0,-1.6401421601710324,-0.8533564369469138
84,0.517158152817867,0.28070405395972,1.1879803421699284,0.8756621781478471,0.6594941087900018,1.0,5.999335654009802,3.2792019086133766
84,-1.6900640673056442,-1.0288006468382929,-0.43987017887583424,-1.0034681604205706,-0.273478541315633,0.0,-1.4255663821173827,1.4257051598000778
84,0.008965927704437524,-0.20318276503153784,-1.7092188319709682,-0.10141850907444111,-1.1277977183317258,0.0,-0.8463670662553465,-0.706128551391899
84,0.9116494983208863,-0.6068814915709709,-0.072252794324349,1.7552961341341389,-0.09208890331216756,0.0,5.69900714161575,2.3919889165042822
84,-0.5582135141032205,1.4721873584636986,-0.7958669422387503,0.5910764947779695,-0.5297739358933191,1.0,-2.2562686979526925,0.967575476160476
84,0.8790438590148577,0.6928509841566638,0.051787977929436166,-0.9893601067148992,-0.6215712666699267,0.0,1.785766211439974,2.614081429049885
84,0.2654818898876595,0.34322387058572074,0.8454531986443447,0.6385151790722028,0.6215292494184942,1.0,6.118027414069936,3.111613650464759
84,-1.0500134728080974,0.4528109363644564,-2.4920730886597924,-0.05221454311800658,1.721897850744616,1.0,-3.410720082100222,-0.981628201991838
84,-0.8472229838487382,0.7750893015072777,-0.8774348182589022,-0.08436091561471878,0.169465198552759,0.0,-1.2335708011528475,0.5502205514499923
84,0.6749438034521047,1.6151358759511976,-0.163026484450931,1.0125458557894955,1.3984776382861475,0.0,4.335640235233371,5.3459048844530255
84,0.7488691229990775,1.1129798293315933,-0.5491999644343886,1.8547667494993503,-1.129613939440951,1.0,5.829770101702957,3.7053195452401972
84,0.9814138088439335,0.8211561243014291,-1.3890469398798053,0.73342429888178,-0.9528191356973403,1.0,4.0987105846025305,2.0837084597148774
84,-0.29695574958332605,-1.0835939491191666,-0.8453471735046034,2.287699755648745,-0.9499203046215648,1.0,5.696021555802281,1.5411923095548523
84,2.62423957028305,-0.04303447037506914,-0.6496657824596517,0.4568247003883655,0.8218148042904422,0.0,1.9203712681499512,3.288442669014583
84,-0.024785685211289037,0.08496488199525216,-0.8699957553532013,1.0766871135511324,0.17821943832756232,0.0,3.608887324084514,1.8652688753761477
84,0.30434783611623056,0.5929480547073332,1.2067629504056825,0.7568727755844695,1.9639831363778384,0.0,4.231691672787258,3.948966015750095
84,-0.7650081443050428,1.8129285687785286,0.5794961495400814,0.09087427284638351,1.2481440960175798,0.0,1.7431227855157847,1.933051017121596
84,-0.4787191337748284,0.29799913058393046,2.7522755502041445,0.8112047680261607,-0.6359464541577312,0.0,1.4757542972070756,1.3055805712280482
84,-1.2792308857049812,-1.0274856595309443,-0.2919731667563928,0.13984208362961198,0.0032799251465592118,0.0,-0.7874587686293428,2.0442853177306537
84,-0.996114252397386,1.0175813493399282,-1.0196326694455677,-1.3015657714161777,-0.8000670921490854,1.0,-3.2342885976257922,-1.0398475818379989
84,-0.7562038137951007,1.149737306738288,-0.6144170220404105,0.19103589639337826,-1.7494511705235247,0.0,-1.8248830308747228,0.05802452435651828
84,-0.6092336118817755,-0.6581890711245577,0.8954800894623616,-1.8126313812813144,0.9024736237957084,0.0,0.19515768855693083,1.3850849037480828
84,0.8458534541902203,-1.9122768117401885,-0.7475750057988845,-0.9079431190972858,-0.6232422815314211,1.0,0.9136248726989982,-1.5567581426556052
85,-0.6665334454293084,-0.708607236220136,2.3437330660335847,-0.16617413314054197,0.5969950789000329,1.0,1.4049754345458951,1.4737765375408134
85,-1.4195754110546086,-0.09763451362895946,1.0002826724960776,0.7735668104877291,0.6127925513624589,1.0,2.4223055785856267,2.113380033230863
85,0.5764721674042036,-0.8709999822533017,-0.8819804971140466,-0.3926373131974119,-0.6486773510288278,1.0,-0.789470996962577,0.02460471382735996
85,0.5317036641413869,-0.0675276532609134,-1.944372400959599,0.26410043640672937,-0.8304750689881862,0.0,-0.9030898562712822,-0.42413739637042025
85,1.3534872834328802,-0.054916405289502375,0.6190271609211907,-1.66651208271708,-0.7994799285322356,1.0,3.2702458796608296,1.46591768284643
85,-1.1033554989199197,1.0284092767891704,-0.7802030182355051,-0.287760993663253,-0.41812902606171576,0.0,-3.888367432912153,-0.20444991591534523
85,1.9283238807655836,1.1525230130764927,1.5778392743332035,0.1373164460365636,-1.1637229936461875,0.0,4.26396918869064,5.031534570217033
85,-2.270877611010991,-2.0084861176114397,1.3681366658510161,1.5735106681540676,-0.16095410088469442,0.0,-3.629370035721935,5.012966178607812
85,0.22746835554987588,0.3860648871264561,-0.04497579575002225,-2.2006979295923057,1.3332860025915245,0.0,5.565176200972639,1.9373790643518678
85,0.25186988035764535,0.8245611494287071,1.5223614879021232,1.3916305920874439,-2.0933902695179927,1.0,7.676469650083949,2.2046144418109432
85,-0.17592448319386975,-2.01686434891602,1.344830130612029,-0.8442691303954576,1.7284741573527462,1.0,0.09422205398517713,1.5969870811766442
85,-1.3831579581529634,-1.9451673852265359,1.7453141245930508,0.7965851345007092,0.0063718590724501,1.0,0.04441126655812089,3.12681335614403
85,0.33540168012657806,-0.4663276911605215,1.2923347458253431,-0.5829669823242979,1.5294593108017875,0.0,1.5129809901514681,2.172420256671397
85,-1.155855081088438,0.7737890699127028,-1.8576894384226517,1.7571284929395288,0.2774696251366852,0.0,1.574980448449924,-0.2799403869379099
85,-1.1870053588446972,-0.7619495880377668,-1.6013672575012203,0.4860931374342114,0.13432725371051293,0.0,-2.293357560059759,0.40892116846128634
85,-0.49089063965229135,-0.9584196132455108,-0.5868638341569626,0.4443168617275327,0.7057464835338817,1.0,2.6229980337412524,1.8601052764108832
85,-0.5503542690866108,-1.5499627345357772,-0.49143552065431023,0.6899803467377574,-0.0581659608785642,0.0,-0.46735886243552344,1.7547158952072737
85,-0.40696268847987577,-1.5141373810784002,-0.7561165635322512,-0.3952686498096538,1.0058339739434203,0.0,0.40980870357673016,1.3103776858851925
85,-1.601197611222365,0.44170654055188663,0.3341128848204749,0.9825380375787719,-0.5014394900944394,0.0,0.5374827918447628,1.0653023173268885
85,-0.6215018220143946,-1.2225474139323125,-0.29020675686887804,0.1172363075809829,1.5722191885692816,0.0,-0.8854303880125556,2.495599929369968
85,0.21760433055569298,0.11902097516482991,0.8008943456719783,2.093874527875126,0.13163578788076366,1.0,9.73818445783487,3.4034793296826837
85,2.0425893420157,-1.2912780027950799,-1.1744490588670826,-0.1899960133131369,1.6408270484905938,1.0,0.9602999422848431,-0.7376526654609097
85,-0.9943751581596433,0.33815377489727344,-0.33023865245635037,-0.972568519712424,-0.8474657251799625,0.0,-0.2941601294088394,0.20646612922220298
85,-0.7442041130803685,-1.2212830521182216,0.33529836273739333,-0.7672464492051244,-0.09547736246595902,1.0,-0.26696062299109385,1.6067397386843356
85,1.5137464744982898,0.7014571212810179,-1.6047956985666938,0.9065232293011699,1.4965233492370016,0.0,0.7599634955043435,3.5345626603794305
85,0.25042292114091524,-0.2717420927149101,-0.5917185128927748,0.3487897939854398,-0.45875927837355124,0.0,-0.668555269106567,1.4004293058951407
85,1.3024173674807242,0.2427691530474498,0.8880812070745474,0.18026054286904053,0.767140712831021,1.0,8.519256385028466,3.6374231596258175
85,-2.1806694119041006,0.04964646178328153,1.3337687180384243,-0.93428680455478,-0.7023625820720979,0.0,-1.1847183682374978,-0.09039994585069572
85,1.65697732841614,1.7930484626548437,-0.8976883492093036,2.2897073154422327,0.24003723161263282,0.0,6.274177771942397,7.135500729899738
85,-0.34218333160946696,0.18537027199261327,-0.533648312786912,0.02093487325456542,-1.5189798405871568,1.0,-0.8020914696205101,0.7032732016782839
85,-1.673220699868836,-0.5929666572046464,0.30864740331497703,-1.6557965800873202,1.3916721933976155,1.0,2.707564977279881,1.8340772348475531
85,0.39569039343119744,-0.5151942280614663,0.18176482514801087,0.2528420177483058,1.8169587302096109,0.0,2.0767024779715624,2.845699667358197
85,-1.5148555858252952,-0.7061011536497299,0.16602364790093183,-1.0295553428206303,1.2723410519665839,1.0,1.0903782459604157,2.1498172875601087
85,-1.111533805461851,1.3403218699264414,-0.09766634801253755,-1.4504939356206317,-1.9835897518732202,0.0,-0.7090828499333179,-1.1460596219873271
85,-0.5677090950982863,0.2930136904791793,-0.7376703957871853,0.8949952330235561,0.18872904698739318,0.0,-0.3183657042706606,1.6093700801431998
85,-0.8989178874279979,0.6865327903281835,-1.129662928398954,1.5825531172553067,0.6087460258162601,0.0,1.7969684476258543,1.234453588605644
85,-0.8317217564267733,-0.12757693913256027,0.7422633616025973,-1.147905388072053,0.6416263222062091,0.0,-0.24049415363377985,1.4813918271332622
85,0.4672670547584203,-0.2755237997845776,-1.0819794810837833,-0.3681927389153868,-0.21233558277370407,1.0,0.5263823044000742,0.6054561547643792
85,0.5849313197882284,0.4247568385316498,0.4652552629719627,-0.10833686513131031,-1.421692019298201,0.0,0.9787580163254401,2.1146179173331867
85,-0.05855124462768943,0.2564539737885273,-0.48018245939873777,-1.695190871966578,-1.068209523250488,1.0,1.353160204848305,0.3490548899818493
85,-0.9577206388397284,0.2345665986678832,0.3001653371527334,-0.8883519450245205,0.6476391591849214,0.0,0.0783149818797721,1.3987875984425435
85,1.8573172083877467,-0.18853539512625025,1.8935770320988028,-1.1455888640647451,0.17590721836122647,1.0,5.933959067147393,1.6289636810582024
85,2.095489867319818,0.6927672882148177,1.5293215640308635,-0.21681042399186967,-1.3498976524692743,1.0,6.40478593878478,3.8685850276936584
85,0.3740299828307771,1.019726320083803,-0.4616710898122737,0.788191058992354,2.1624333036745176,0.0,2.3061627928909383,4.218072375458259
85,-0.018827264055807414,0.3717736371289949,-0.9649078013506173,1.2694155339993152,-0.02000173284132879,0.0,0.9417921445699043,1.8812193716971157
85,-2.0573579026513387,-1.2005327226914864,-0.3317798129379923,-0.23366643798132683,0.28899130585278865,1.0,0.5585791569886189,2.648216808669757
85,0.8245212212170059,0.6292760462019141,-0.49023078193709774,-1.1551048792748142,1.2496596973234966,1.0,5.141777157956264,2.9301363290225715
85,0.8249133927062269,-0.4319101525976881,-0.40425124685788705,-2.3943237610778887,1.1672192610752146,1.0,6.346203446698851,0.943932439584694
85,-0.12253434316901668,-0.3184992349204311,1.148260602706569,-0.9797142401461773,0.5703421968578818,0.0,1.222183264763034,1.5980290664862107
85,-1.2142616679893126,0.22926406722577103,2.5978909522234392,-0.8968981439476573,-0.17566293280422546,1.0,1.906364976457191,0.1359799372767685
86,-0.7461880931877564,-0.4903485464177992,-1.1332008807754643,0.09353581694915591,-0.6705221993470137,1.0,1.7925069967693685,0.31629300704385055
86,0.025851505761578488,-0.49513379063252566,0.25948845491592804,-0.44204520999306574,0.05200209923423303,0.0,-2.320597620875956,1.6538029355814179
86,-1.4342684896703302,0.16107800129878574,0.0922741793965337,0.33826364041670764,-0.7472309284195228,1.0,-0.7140932741115203,0.969774857633729
86,0.5643051094031197,0.5330025394438109,-0.35551258404573144,1.1513792460119512,1.7757937221704194,0.0,3.4472995452373665,4.072728269196503
86,0.4601003968359014,-1.1238091345849963,-0.0948115058748188,0.7481820905978444,1.6018700202712566,1.0,3.4561958936325463,2.274209659921471
86,0.21480295470564303,-0.7556233207366079,0.7582298802770209,0.053830584287196045,-0.8722349797912848,0.0,-0.019715763030700217,1.2632467854012375
86,0.18084100386591728,0.9018344935686913,0.5904427743211554,1.4741921600245558,1.4355990871991655,0.0,5.786153034181612,4.285237669909007
86,0.6124569229093085,-0.7405079053861581,0.3384450393131649,-2.114398440675595,-0.28718852234296877,0.0,3.4967760052698367,0.39414643867895954
86,-0.4453839903908264,0.1965771868481687,1.4891195860273514,-0.619623055817727,2.0440776493432034,0.0,3.193218300174726,2.3264173150125242
86,0.1530123802165342,0.9304209420420382,-1.1459813489488038,-0.7463583226933385,1.9944235292174386,0.0,0.304980061542801,2.14727672520029
86,-1.2327801037804142,0.1776596915619011,1.025083990589885,-1.2045435117153214,-0.26720921218207694,1.0,1.4833354111835764,0.5491171912892365
86,2.4989953825826174,0.5695533449890889,-0.6938484502416528,-0.9298082837659655,-0.9761997709469091,1.0,4.276394165143496,3.4264479186528165
86,-0.9811333709692971,1.1608996215961052,0.37379422521020395,-0.3164095030857185,0.429580868666488,1.0,1.1355048328812707,1.1253171491732825
86,0.005780921388494003,-0.0014642737875424894,1.430572295049414,0.004639417247600602,-1.3373494151693248,1.0,1.9566265877708768,1.1908459584712308
86,-1.1113934371615362,-0.5585121770939151,0.7612539993467808,0.057069269806078904,-0.6411527898453079,1.0,0.4085352561817027,1.5983307347407565
86,1.2024771879517604,0.510572556082364,-1.0591064443184606,0.7610750354471201,0.8177110091407654,1.0,5.405581293497043,3.2199679084214776
86,1.1615071345805688,0.014167384942679832,-0.4337850905488955,1.6101641939604519,-1.4660499453528975,1.0,6.290484085430049,2.366838705860766
86,0.39161490477553945,1.2831943791781142,-1.3681506729822794,-0.33730142242526356,-0.3828621698803684,0.0,-1.4222654901232648,1.4970271033007108
86,1.4146247275559662,0.3647858539189937,0.3293973786867551,0.6443121862709837,1.1286445491389645,1.0,6.469302333637389,4.403154883975354
86,0.13317586846135854,1.0823728762378864,0.07584746762896087,-0.7453835791313765,-1.4594885017293417,1.0,0.8178800856565602,1.6845329730530176
86,-0.4388418432085406,-0.6402002260105796,-0.16846317844650288,0.8795143699667823,-1.6354514397128637,1.0,1.7208150262824162,1.2650690944999678
86,0.4650601624247523,-0.045789782020758334,0.022243828471777978,0.5093827936369043,-0.018976604808941352,1.0,4.802943441528868,2.444417811635818
86,0.3859473737317244,-0.8763308583653929,-0.8268260404486637,0.28193584176860925,-0.8206901590727336,1.0,0.36001038369267147,0.41101500661007356
86,-1.2594560836261068,0.7923322795893538,-0.2642506689860139,-0.53773356687411,1.9102696509533619,1.0,1.4842535875198994,1.2879615823982842
86,-0.3104284402330924,0.7317627616455628,-0.6690443244694302,0.039671942218924866,-0.3155751871044285,1.0,0.30644032947956756,1.2954481722753295
86,1.0210221881634143,2.4300661289669954,-0.7113449807461447,0.046151895458741245,0.3694963786650745,1.0,4.763168880598259,5.816331728088786
86,0.15686484147801757,0.777637703807279,-1.8068100950184343,0.11318389105786061,-0.8826364925520662,0.0,-0.3178317357170246,0.06727516969105168
86,0.11463310947796757,0.25484740019450935,-0.5466822634423091,1.0093360512429932,0.5293574851777693,1.0,5.315464781436902,2.5642138066333002
86,-0.07624495556208448,0.26372241068110963,-0.9467010103935078,1.582311176495255,0.5365782621889256,0.0,3.4473067277400435,2.2440888067918663
86,-1.2701717539165418,-0.6173203940002873,-0.09903510265047094,1.7184038711577296,-1.5525994184442715,0.0,1.3733026991155253,1.8688415597232866
86,-0.5820841893302048,-0.8330944719265599,1.457538844969197,-0.09494563242118924,0.19896712855840398,0.0,-3.1161039768122296,1.6711374668487746
86,0.5533684957449346,-0.3401601306507828,0.6965518917263063,-0.28125165310046185,0.5603016718361812,0.0,2.310022842945595,2.173230206415421
86,-0.11197364376810398,2.826086677823759,-0.6048348736706032,0.8024670941480789,0.808561071583046,1.0,4.530177512463627,3.3663019441501114
86,-0.47085436079207993,-0.9939177380492829,-0.8979478446429691,1.3725273986139095,0.6867519262396586,0.0,3.9180093592488023,1.939486358664489
86,-0.7653169402990534,-0.47317680251870853,2.1129691736817606,0.2296398982489659,0.9307030391152645,1.0,0.7678037826955814,1.8635409606987428
86,0.644014485205756,1.4219862067603997,-1.3280992540326553,1.2896452481824072,-0.2764768375245712,1.0,5.034321825142286,3.0316361671101957
86,-0.38731154952146446,0.5710623229622436,0.4359019575402193,0.6303049094616717,0.16938096058427526,0.0,1.9728960207030868,2.3949798465136816
86,-0.5187154296851468,0.7064938808311577,-0.5832162229085226,0.4648198375539502,-0.6912772033066044,1.0,1.8986869316607982,1.1572789138724526
86,-0.7989553507669731,1.4625955276301292,-0.39348416211578713,0.4337104844664648,0.2557865865032475,0.0,-0.03127545374951568,1.2348568306069267
86,0.86323806585991,0.8023267569388873,0.021148059788114335,-0.5985986197337443,-0.6633857823447414,1.0,4.891904566730377,2.904739626219601
86,-0.5884898006849975,1.0270510119506713,-0.5179468640882007,-2.2608990588885236,0.6072303947507939,1.0,3.872393190694472,0.3979013085319316
86,-0.2753218059508656,-0.5172224926135216,1.438589929589113,-0.24781851170922148,-1.5067413369389069,0.0,1.3987947080956507,0.7199671266277222
86,-1.1764406772753682,-0.35761554034671234,-0.5180877011668396,0.9677300699105144,-1.2049854235564168,0.0,1.0504235282574368,1.1447816079208424
86,0.15378165234390953,0.18135422902701095,-0.24020643784796802,0.03560069923651855,1.2761996265519815,1.0,4.4288913418868185,2.7025427209912243
86,0.7609426854724447,-1.1307341066064451,-0.32736416222223835,0.710227425158325,-0.6921853251822849,1.0,2.4568214066072698,0.746912591689447
86,-0.01460365557088733,-1.2370432008348533,2.417723281180842,0.7307563046533695,0.203129942012473,1.0,-0.17981965646795145,1.3187979859276395
86,0.7880564483466453,0.1412948860926241,0.30733183136121817,-0.47794453424836214,-0.521880439033969,1.0,4.100408041498416,2.1829215692811506
86,-0.6072745482489381,0.28308452284151514,-0.5273301285509684,1.2038982278552688,-0.5146809082123731,0.0,-0.18039577405899776,1.6110922599281796
86,0.31487882561959,0.6972699236162283,-0.23608470167684015,-0.10921965493261883,-2.6257134372331823,0.0,-1.7317868775619347,1.2123822164707712
86,0.03907680450763451,0.450670936691403,-2.172029086047897,0.5513700350543379,0.025392700549830283,1.0,-0.7686592151944894,-0.10080800874320595
87,0.5679894286375344,0.1704308487769916,-1.553423261362531,-0.18655376555661674,-0.7059280984810896,1.0,-0.8607115466637136,0.26043268793879865
87,-0.43803302524208904,0.545750808802029,-1.2418476456452576,-1.914877059222662,-0.43435304242129463,1.0,1.6363789294908757,-0.657688602321131
87,-0.13304629459661832,0.5978785299925438,1.4800474019434826,0.42165601240886047,-1.8408385058444736,0.0,1.4011126373675629,1.2739274665924685
87,-0.6485337073412949,-1.3699210440210206,-1.3358577359453796,0.5995988654006658,0.3819006614545951,1.0,1.2333899624863893,0.9348167570114778
87,1.5386927070390946,-0.17789693896199238,-0.5982983397958035,-0.2124796269205773,1.3836579811985665,0.0,3.7959901682697827,2.5194044178266006
87,1.0434091045170915,-0.04210935061333837,-1.0803280820278918,-1.4960789414458913,-1.5687665946665956,1.0,1.8174518164872362,-0.1448352276268171
87,-0.36073986170083916,1.0676227119181307,-0.25601203768459535,-0.19653257637155216,1.5605370157755485,0.0,-1.1478201696194228,2.4897110748450326
87,0.4052715365744922,-0.7507419396538498,-0.2780152723641736,-0.1294194920249563,-0.6017716443255613,1.0,1.6326160784451278,0.9800092904250821
87,0.6031127408284502,-0.38924310505788434,-2.9252100024964633,0.5377666017079031,0.4419254581978782,0.0,1.5937081241015405,-1.0772621047414626
87,2.4787190051077945,1.3000212183838615,-0.4383876733988705,1.2506301729148142,0.49136103177019225,0.0,2.502145616886258,7.668996418898146
87,-0.17249756390739243,-0.9653389453734348,2.8905872178098604,1.3020862224792915,1.3366327142765189,1.0,3.115101339893177,2.3935902558417266
87,-0.8520504431789135,-1.807005494001749,-0.28289770796208,1.251054454095772,-1.1453661182430928,0.0,-0.47579395863043067,2.081777783964359
87,-0.47051007143163914,-0.34872279962814406,0.11533955053412792,-0.7173104921632645,0.6194131588378111,0.0,0.918208272535586,1.7565380271864466
87,-1.1370704078127811,0.3772874795773499,1.794488629796325,0.31155774710416295,-0.9686550562036533,1.0,0.6065806939925557,0.5379703315618891
87,0.34169503297649795,1.4553967954131977,0.05956542073314189,0.43411581434975616,-1.1635712842305166,0.0,1.5524876413586375,3.0591292504123526
87,1.1717927016651626,-0.133958929564277,-1.3454806111866522,1.339059123940982,1.268494348536386,1.0,6.786007690213775,2.216395329431349
87,0.4356241967030222,0.411032980170331,-1.4787417362618465,-0.05169727902813125,-1.244145358068671,1.0,-0.572266446359254,0.30701694667346174
87,0.6019992790135059,0.15753543077864515,0.1593858111816296,-1.0123760410655758,-0.4062996941123795,0.0,1.911378638430676,1.8322835572714453
87,-0.21162318496900628,-0.9725897749267917,-0.38891196506992826,0.8625880513878891,-0.8956802422348699,0.0,0.6768527880652155,1.328036158520431
87,-2.0075103449685394,-1.096085300458918,2.480191315641507,0.9941817702920114,-0.5992464569200745,0.0,-2.5256475763244004,2.29703579923778
87,0.5405534983108885,-1.286088990921011,0.37404311762783365,-1.046145805449724,-0.10308083437798612,1.0,2.18941236103565,0.4752982650013843
87,0.04062399619469666,-0.022989892509670217,-0.8652380852426188,0.2759367940101656,0.7589086063767965,1.0,1.8289958384408411,1.7411456598627035
87,0.8548716158555014,-0.9504077932543747,1.4553993368841398,0.9378218824999218,0.7005320566349519,0.0,0.8187407289930837,1.801772950417022
87,-0.20943583759591441,0.33764096545498024,-1.0543687321573154,1.2046596039480633,1.0633768422675156,0.0,2.4756311141001195,2.0939990744900396
87,-0.5675693063386671,-0.49769323051381403,0.2442846147588318,0.27490234963447324,2.0711960902514677,0.0,-0.4849730822991385,3.015346258434552
87,0.17432385418093646,-1.3697532736062437,-0.07853916270947302,0.3840084928271099,2.5422865768935416,0.0,0.9551396315596357,2.5842999588770956
87,-1.960654542952703,0.5222143014587719,0.9170458127706482,0.9871723398741599,0.7752816220507144,1.0,2.5290332559278252,1.2048157898594962
87,0.7489725924517456,1.5493385687834451,0.03907150641097981,1.4217350157026287,-2.877691212878547,1.0,7.7900886424147675,3.6003621654730575
87,-0.250258877274897,-1.207665632109201,-2.0105481205476927,-0.37555566578204547,0.014023452306541916,1.0,-0.14260118921865916,-1.0384882634215598
87,0.03744819561875313,0.023868968436418295,-1.5533182314676093,0.08330052096077793,-0.6114418678138303,1.0,-0.8249160507397987,0.008299848128148862
87,-0.564314709770924,1.2529393160611129,-0.3243844667840444,0.6173322619374221,0.23424673762499118,1.0,1.5794342157470487,1.84870457507343
87,-2.33716479479042,-0.6644030154472877,0.49533160962959727,0.09154848691160813,2.1744579300009126,1.0,3.8281669903816296,3.3125155817945124
87,-0.2320955566202575,-1.2158447151748357,0.9039593394516976,-0.618793591821664,0.6982954476977026,0.0,-1.4467996083775656,1.6684562646484613
87,-0.5017879623975418,-0.648921076239032,0.1982037614487147,-0.7509078782585512,-0.4450503067972659,0.0,-1.2284385119385033,1.2318109075625232
87,0.6396663311211065,-0.10350212755051756,1.1550340474847598,-0.8729741088747209,-0.3732469944537449,0.0,-0.014289444806943052,1.560169135084795
87,-0.43847363286557145,0.5483908937927235,-0.21375207803786278,0.3987203223045007,0.7820696941318194,0.0,0.4861667889097054,2.275264526583136
87,0.6123701252894536,-1.3675208645752186,0.6058893424076515,-1.5756431873381187,-0.807078180296482,0.0,0.3305371266324437,-0.2814243572381848
87,-2.8110373614011355,-1.4663574763591944,0.6355710307738325,-0.4559424970841476,2.0677357460420858,1.0,2.1035246373501657,4.911703214820793
87,-0.28928287785920126,0.06440479465993117,0.5101768836254822,0.15347757587743596,-1.1417268057394936,1.0,1.0134793405815494,1.5025517243666813
87,-0.660170772096543,1.926082073434295,1.3883435354151326,-1.5471260640280309,-1.1711098504955393,1.0,3.5066108541697196,-0.12209143262821054
87,0.3362638876619334,1.2127956940185955,-0.42836825168960585,-2.080888588857338,0.5831778493095848,0.0,3.945889050232726,2.1289544577254773
87,-0.31336544204165223,0.32696149689400156,-0.8131897414396726,-0.8002730578281557,-0.08400593567828632,0.0,0.2020868574151614,0.7427898663725672
87,-0.35601103986333366,-0.27758500708112616,-0.09147273216464302,0.4336160300173037,-1.2613737451232605,1.0,0.20776658553762103,1.3182293658627415
87,-0.6546536928609228,0.7765011777841968,-0.9467074273000066,0.28892810429231136,1.1388733793153445,0.0,0.1922632008643117,1.377489568357245
87,0.2689245010567813,1.025397042517509,-0.5949117446429784,0.6972119145650131,1.7570796208937616,0.0,1.3650373806945009,3.680803018753704
87,-0.6151366013922497,-1.2696540302830197,-0.45199225536973453,-0.07613476337275059,-1.1769480973356816,1.0,-0.5159111056210974,0.8856565447871303
87,0.6282233582394052,-0.34769200792716976,0.7749097000878148,-0.49986571216506864,1.2150413156561624,1.0,4.613706735822491,2.381364301535846
87,0.41517536674345973,-0.8267597076125349,-1.0722837047517524,-1.0141836213800965,2.5782927741385677,1.0,4.972074516932939,1.174990000564853
87,-0.010814110747350968,-0.6260012156573733,0.2267598094762521,1.8971515107126493,-1.3857033564834018,1.0,4.230487327842703,2.031865938271918
87,-0.6177451911092782,1.789667715523109,1.4636050305358663,-0.31983502949303444,0.8094825844469516,1.0,5.022909498774519,1.5640150732907716
88,-0.0058765494619140365,-0.14709616060336284,-0.25036701110053927,0.004228878467376971,1.4928591919828669,1.0,2.8298678161303767,2.5165601489641074
88,0.7832973529967272,0.4255432076813476,0.739061003668344,-2.0539119547411637,1.251682233838942,0.0,5.647397492608064,2.6452641768376277
88,-0.05350970912880882,0.43875458304334014,1.4929044620776668,-0.8620587107108754,0.15760881269432775,0.0,3.2911047793303982,1.6411852139691991
88,-0.9630130951592191,1.1207658723997127,-0.1254186517173881,-0.6279797225672368,1.2772762415624597,0.0,-0.6759872247628138,1.2536484955194274
88,0.80078636010198,-0.7871419616564623,0.07773781534739654,1.3810752338325543,0.7711310614627744,0.0,2.9307620459243973,2.488441645573341
88,0.870129229666135,-0.11730047418219977,0.171674276657542,-1.277602294805368,0.8697381779078697,1.0,3.796780227789459,2.1415530139699146
88,0.5177475948749694,0.002273201436878887,0.03935508296808708,-0.3011691846573845,-0.6433011525708666,0.0,0.04994435573833794,1.8078554042717176
88,1.860397175785233,-1.2542721534231656,-0.14732647202323867,-2.5176847700164493,1.6076912195346504,0.0,7.531790635138126,-0.5698748012209949
88,-1.3351992405330975,1.0390913288146213,0.6565725373411084,1.2963072297279643,-0.272029454247822,1.0,1.8553860881264022,1.0970662697597495
88,-0.2006130060050876,-0.42004388360230027,-0.09128432661234445,0.27383572572499154,-0.5351327842946851,0.0,-0.5543757935101594,1.593483606970573
88,0.9299342356770637,-0.027874222265309022,-0.12859103542377673,0.2719294408746404,-1.5156271387148583,0.0,-0.39274789087013817,1.7307080058508326
88,0.6520302551996491,-2.0063574756054545,0.17464281528243422,-0.3066039958326329,-0.6440552101785196,1.0,-2.641395466093944,-0.3885889175546061
88,-0.5722840265130036,-1.3204107088866135,-1.2439389925280513,0.4524627079159652,-0.7042071403297662,1.0,0.8991412908913307,0.3825292152158921
88,0.28347476896526197,2.850196258752378,-0.23504370960593662,-1.849538346704449,0.2925004202473439,1.0,7.740016228028751,3.4512575847112794
88,-0.10125282606533172,0.5462682990219868,-1.1994955450719162,0.23307673285059863,-3.2165980182547953,0.0,-2.5893726960866195,-0.5614840077642446
88,-1.4835198988529166,0.7719500915268919,0.8727859326357876,0.7797806936332987,0.11630149245798518,0.0,0.728031402923935,1.0261405126799796
88,0.7958218858068938,-0.4515870655326279,0.5561845784692009,-0.38964033569151596,0.22422786021256072,1.0,1.9777175826372044,1.8573962299607916
88,1.6464083609546811,-0.6469035036916316,1.1608743231752634,1.59347370806143,-1.1678605588774515,1.0,4.697720120775426,1.6264666222698656
88,-0.7887836984046191,1.3529477061092081,0.18567561571883182,2.0957103808488884,1.0018229855179992,0.0,6.781321488659435,2.8393151486586365
88,0.1277018075851517,-1.1901019327481854,1.3713264408136647,-0.5942317371199135,0.16522987581193047,1.0,-0.10042401872456383,0.9861338150208397
88,-0.18505100826848928,-0.3999351593453685,1.1391425903814238,0.4793646632253288,-0.6637617164757595,0.0,-1.1894381006752708,1.6772615107021274
88,0.9133021093476118,-0.6295198638728451,-0.3193261919012445,0.5991356023334443,-1.5583503736141486,1.0,3.100155797767474,0.8771259816729927
88,-0.42572208864483363,-0.6480834777057529,-0.9931797987057128,0.7126611969908846,-0.011677302094366663,1.0,1.8288830041207143,1.1389314134698678
88,0.8404173071069895,-0.8270313492606803,-0.8201336498640691,-0.40010524463013875,1.5027345445633857,1.0,2.2388617245677955,1.1350128281731542
88,0.4624552294108626,-0.14170984865521555,-0.9944350637993666,0.26042744888461056,0.036905637279820595,1.0,2.5346244743731647,1.2912638888760835
88,0.7487276172232689,1.4995938682157626,0.028502018280552398,-1.6336355962576885,-1.0662628604424509,0.0,3.235823578648602,2.9108437122351316
88,1.664669915031163,-0.41302403912737057,0.6526232179704283,1.3356196292596725,-0.7813475744681876,1.0,5.968223822334086,2.336215407694433
88,-0.3290486137628434,-1.0663877857750501,0.2857337059625648,1.0794509142804212,0.37714051170726653,1.0,1.8842626653288417,2.483792896321913
88,-0.003090013313768198,-0.5278900051389311,-0.5638152941811743,-0.798365654963722,0.016422854925129803,0.0,-0.8066726077651193,0.9084844486137924
88,0.7645460532842426,-0.6215722350593433,-0.845949222281126,-1.6823503390704797,0.5086158389909217,1.0,3.7404230300169647,0.2494454415160844
88,-1.0647982310160862,0.6096187395527559,-0.2051013638526947,1.300237639440321,-0.7954935286389465,0.0,0.5088301489003736,1.2521510174108295
88,-1.5246537547679109,-0.3837990644141745,0.9375571415922203,0.6711692639628161,0.5859177677060231,0.0,-1.224092363762972,2.320015375043318
88,-0.7902200239314694,0.6816750213391363,-1.3528887103248768,0.41664031264900764,-1.0994419127312411,0.0,-2.284092989319755,-0.394603713066893
88,-1.499671570980711,-1.0710674807025462,-0.4744175353008627,-0.37558166531592374,1.0428825555847934,0.0,-0.4529892323144864,2.3068805573100613
88,-1.1775854949419906,-0.013142625793533334,-1.1151038380046987,0.2887769024533637,-0.17929310456195613,0.0,-1.6821407926595549,0.3573867291542973
88,-0.4101888726654108,-1.7085706681712527,-1.4182945076021514,0.7289494153191023,1.6080164139478073,1.0,3.5248399445649174,1.252703955339654
88,1.1795536802814302,-0.5469981953200532,0.09453539253517791,-0.971380211338073,1.287735202308895,0.0,2.3137074177477532,1.8720440564955405
88,0.32650124378858403,-0.20319374553751485,0.3555386973070444,-0.634735356713934,-0.32490070019294903,1.0,3.0450912237923675,1.6307211654621951
88,0.42314473237268235,0.23444293762665888,0.13888552970903723,-0.020100709696624138,-1.0021665992499642,0.0,0.9832364008386112,1.9766771373697472
88,0.9139934709619157,0.9741486497073634,-1.5881335253456967,-0.26899335336321917,-0.8264676523016667,0.0,-1.673020227539666,1.4753029703757798
88,-0.5843784933814379,1.5707189715707142,-0.8347120079993067,-0.8388037027337549,-0.6775221647506687,0.0,-1.6272003769700818,0.07114805750951358
88,-2.6708900533605684,0.5931515392583959,0.4147520701824919,1.359322770123177,-3.14973282813982,0.0,0.4058970494649109,-1.3957245421351843
88,-0.14764288885882926,0.26962857339935314,0.6505896838715665,-1.6364910575590514,-0.16105294849214502,0.0,3.441187757800351,1.243433731181927
88,-1.739183012148821,-0.6277642672948303,-0.009083577517541424,1.353180118043577,1.4578204865126736,1.0,3.7784744066450053,3.309240567704162
88,1.8522116758556841,0.45488620400795854,-0.7677793307480077,0.6732265215760425,0.09226726901090646,1.0,5.575324089177428,3.7144064924190054
88,2.354367779630002,-1.7906515146372397,0.15053743579434237,0.7704423749859504,1.2677089001633866,0.0,2.5468193863790325,-0.8509591208978278
88,1.3952509266064796,-1.2120147470996514,-1.628159669144452,-1.0463466693563002,-1.772648670788746,1.0,0.8862844984407641,-2.8803560018478076
88,1.2211455098112345,0.7211637289099349,-0.10648585304142226,0.7251006662873902,0.8203435190646132,0.0,4.019115966216945,4.56561537186832
88,1.3956040200473823,0.019125798620349743,-1.124196178107939,0.12008149865606287,-0.8007382145499239,1.0,2.778388867992279,1.2635321436413856
88,0.3578303029839419,1.213874709180566,-0.1526820566419223,1.4804437538100057,-1.9225198700761508,0.0,1.8399984202231685,2.9112012951550907
89,-0.9295971978530757,0.2607810214378131,0.35094156884268096,0.328141830857835,0.0845963004360244,1.0,0.9232470883234887,1.7440598896808517
89,-0.09919762466625517,0.34633024516631233,-0.10374773171011695,0.9109314606669815,-0.058611744472080604,0.0,1.4891067700027767,2.458120194460594
89,-2.510204548849106,0.7698602085512521,-3.130677111546136,0.615197675657031,-1.073852453245037,0.0,-5.422688800342731,-4.5972851382617375
89,-0.5450287738483298,0.2581770145509871,-0.38659072348995444,-0.2473972104289529,-0.8370240492795072,1.0,-0.6339982522123602,0.9065540766743202
89,1.0186653154393757,-2.461894584124758,-1.4645836694102035,-0.07276032792173205,0.6738811897380853,0.0,2.835559130453703,-2.555179591033454
89,0.9397187102770398,2.2979813652020313,0.45889337557210375,1.0818084240321548,0.5148797127550961,0.0,3.84057492745495,6.702640111251892
89,0.5287308208262826,-1.8196523877237336,-1.0103673030335836,-0.8551722510168309,-1.8081696213496607,0.0,0.5483707214768536,-1.9128720301296203
89,0.11158421371718692,0.45452670049992866,0.48109389254610063,-0.2872939847412543,-1.5925303048135002,1.0,2.8883518821570493,1.5208975184855291
89,-0.31207656838994235,0.12194902401522036,0.6376060221871604,-3.586783669583,-0.03517421802568373,1.0,11.492702891489877,0.17822599286760166
89,-0.013111289805332101,-0.2331782095557773,-0.47217560918963225,-1.1175268218931822,0.4921836859854207,0.0,0.9408372567705752,1.221734020242541
89,-0.9616013069444921,0.44378370784326404,0.49915573492407317,0.5656465759866572,-1.7378132161952506,0.0,0.9272916295803033,0.8558297656622351
89,-0.3141419265204402,1.222544197565722,-1.2681446471418718,0.8499132768248221,0.3601225397078483,1.0,-0.12467426420989702,1.3391467418004743
89,1.305525935768191,0.25922330331656995,-0.7031608337638108,-0.6441503843693207,0.668033961463025,0.0,1.3642884045867936,2.54396084178443
89,-0.7305110279338947,-1.3243706830791386,2.3238398928271793,-0.8203379829030475,0.38423806209925004,1.0,-1.093058237782384,1.2000339767018757
89,-0.028783953665328026,0.09552686455306612,-1.1023009506425132,0.3755238344006877,-0.5344676775637554,0.0,-1.3293554545640154,0.8515437160320878
89,-0.3358052893726655,-2.7764809185511847,1.4538669502167603,-1.608863878606937,-0.07626447863022798,0.0,-3.933581136713243,0.37724627708202907
89,1.175093345252843,0.39999270090853734,-1.931197177366753,0.19320776749513774,0.8907697869379816,0.0,1.050681164496975,1.481312612861113
89,0.012169890328371076,0.21047617089552037,0.8230880305118473,-0.23751908007545722,-0.4996933473389992,0.0,-0.16988298069897978,1.836782461517266
89,1.1246227471734953,-0.8441425571808538,-0.10154088284560318,-0.4770356100662876,0.4597920992819528,1.0,2.9400307468004048,1.1263551290294482
89,0.4653006640328752,1.7223919881790823,0.4877616237995767,0.7770216551496804,0.43901961675607853,1.0,7.706436535179883,4.63056199491351
89,-0.12723046321749007,0.8913542702951434,0.582236618110496,0.04330890502978047,2.4498568615645486,0.0,0.6205260565080841,3.641590517680968
89,0.6225225588318163,-0.32388352210413385,0.2884104391096584,0.7415132158468993,1.7848311303428204,0.0,2.103190542538128,3.313769315265642
89,0.17466325973400113,-2.579077152932295,0.23319215140789307,0.6335918969982368,-0.08163978686170725,1.0,1.166458637431416,0.7128288582613926
89,0.3980240784252154,-0.8582271496188242,0.5308864867787546,-0.24549765259161677,-0.3249391745711768,1.0,-0.27951566381462056,1.2708868068326582
89,-0.12356595634935118,-0.8914976625005133,-1.4544933126660997,1.2682454001282515,-0.11816057069665772,0.0,2.3580457749319135,0.5664637082636373
89,2.051425117660658,0.22266281384892506,0.037726241656853454,-0.39579996389446614,-1.2313013239925612,1.0,5.6056678961335,2.7984209814835896
89,0.10413572281184034,-1.650666581317691,0.43367742383135616,-0.39000126337567664,-1.6193013953706452,0.0,-3.066172655510406,0.17445519206171667
89,-0.40387537951335317,-0.33651816805689205,-0.27673936634437246,-1.2058273750698856,-0.2309031020839157,1.0,1.3014824997273469,0.870931129708286
89,1.1951632829495757,0.8392909402336634,1.4916315893723953,-0.6813820784935948,0.4912905552656959,1.0,8.422767686056504,3.750168935170108
89,0.27875336993929106,-0.10387098436814193,-1.238522947868832,0.03925489320748959,1.0974982113606913,0.0,-0.29581292595653225,1.3337947861053459
89,-0.547328411052985,-1.0431565540979848,-0.24116815542633985,-0.36782645270862874,-0.3618352368358569,1.0,-0.030453046106078505,1.261351452737765
89,1.051269732065094,-1.4360880826802795,1.4298003336044276,-1.5077565525929955,3.909694388508325,0.0,0.8055164404052526,1.3542732692080626
89,2.346670735800933,-1.2665003704154423,-0.44684797212286065,-1.6191474906053867,1.143857718850343,1.0,4.16936656265433,-0.9912293949028483
89,-0.959754673244104,-1.5080568128152363,1.4793363524265528,-0.6336790428177617,-1.4015577152746097,0.0,-3.845178075993565,1.0268411461090028
89,-0.45267744437688684,2.1093890636724173,1.2270628340377117,-1.5545528084990863,-0.2965034445560594,1.0,4.954551680441508,0.8984907770483671
89,-1.2222549282719233,-0.028765680661528452,-0.5287859033347078,-0.16135289847954254,-1.2676612199628792,0.0,-2.5506216495947744,0.2941688804041034
89,1.118177559530165,-0.3914960496490372,0.06102379385409594,1.05416032124303,-0.5214465417042236,0.0,2.3659909174666067,2.2205860703055555
89,-0.7879934039317747,-0.3213412350510977,-1.3180827479798505,0.513926266757029,-1.7332903910221946,1.0,-1.8818755596659655,-0.3201437166135941
89,-0.12441549424966532,1.433064174157845,0.21911087074459934,-0.4501551032005317,-0.13734111753978992,0.0,1.6037602207453168,2.2679273753359626
89,-1.3219934273225653,-0.060903228785478436,1.3136248012452372,0.9830902580361933,-0.7060028912442148,0.0,-0.4174203996054523,1.4387675419403796
89,0.8751602517773447,0.19382453978239922,1.056457434635755,0.11828841559388076,-1.5282531898482354,1.0,3.0802912942771226,2.0193256431081137
89,2.820228348850347,0.70154647533628,-0.5141012858077432,-0.04983876848112275,1.1352634832635495,1.0,7.472247699525213,5.895805403195439
89,0.06441067922392096,-0.6635153710014928,2.063261553526099,0.45841912007769053,-1.0486957481339145,1.0,0.00835949050382434,0.9214030346843107
89,-1.442148555389633,0.8779243194459159,0.6298214878972757,-2.6801105669158267,1.2428591842773915,1.0,6.619635297954372,-0.14379168946618281
89,-0.9382602459467587,-0.8376808955328082,-0.287553394762554,-0.1996846264366654,-2.0460823142372617,0.0,-3.0887914533837373,0.5902725636721755
89,1.5078947302535664,-0.2039448171722057,0.3413447149321515,0.4356638178691689,1.7949969124284024,1.0,5.664363359525475,3.5727557322982393
89,0.38753687395123243,2.618365556292507,1.2039994388670336,0.03907706984073219,0.7167476543901292,0.0,6.814347031784744,4.856203732241309
89,0.20353925334594242,0.5927448368502822,-0.37996549959597886,-0.09370220043088609,1.5224161642512928,0.0,1.0515575548544303,2.971840550657373
89,0.7744916604222777,0.7011016496043309,0.3003447639446755,-0.03689639074921936,0.2230246827686862,1.0,4.426047141966801,3.4792651113609887
89,-0.8038268217505226,0.7048275622421907,-0.055346763637289347,0.9783191836462046,0.3187676684558671,1.0,3.92632851869077,2.0032798740592614
90,1.4469673419748106,-0.8802807745351708,-1.113656047446918,-1.701664130998019,-1.5707563962461017,0.0,5.591160300365665,-1.7420487008237624
90,0.45723586407617905,-0.3676621290417357,-1.1118711335705487,0.40428679080224417,1.4300616135687778,1.0,2.0306776228508374,1.6809019590857055
90,0.32428701278832506,-0.8550498901444114,0.7916552604853908,0.026812284336425792,0.23428447983751663,1.0,1.2362247957968842,1.686381531250186
90,-1.8968855676929037,-1.11719761212996,-1.125950487897328,-0.04342566937638671,-0.2590888753545922,0.0,-2.479084116794223,1.3282406482158713
90,-0.2934237300002198,-0.5769902306657538,0.04473255782388487,-0.09966257695472736,0.035987459330743585,1.0,0.8558715126291792,1.7236240313803985
90,0.25622360528956106,-0.5529235443390524,0.30632175832892766,-1.739102266524617,-1.330408466274741,0.0,1.9854101965552922,0.28183268373115855
90,2.097241235867381,-2.55765881983485,0.9006097740373251,-0.32412443917353134,-1.0102144394356167,1.0,-6.010480679740389,-4.189968688184025
90,-2.3572558673613173,-0.2798820973969025,0.9230522297389628,0.24037251682061667,-0.4000060767424784,0.0,-2.2384234287950204,1.3262830483362524
90,0.40826931437395464,0.01999198619166923,1.1156935527218836,1.1123702196066303,-1.4360076585093635,0.0,0.622248525706107,2.0578754511171065
90,-1.5205596063962235,0.9953753014405299,1.5668532346773099,-1.0857396973404632,-0.03773678143162438,1.0,0.28901239092380615,-0.5504881692004253
90,0.4656213951388353,0.09109942151877568,-1.030912363415689,-0.9582136421844059,-1.2616529457188994,0.0,0.32268796432093555,0.20942523498825683
90,-1.1747163958718856,-0.43970876163202777,-0.3206019813779545,-1.6217801724517409,-0.1840773454598842,0.0,0.9339377010829109,0.5951366461904692
90,1.9751982237732073,-0.22981041439191677,2.1030352128294525,1.2727466505820884,0.0546314499415241,1.0,7.406550756786924,2.6265156397843543
90,2.179597702397188,-0.5610169015927633,0.06440032598603201,-1.138886626408855,-0.36735343652868935,0.0,1.8548488384612032,0.8635063978222199
90,-1.4618634984494954,1.4925102455798867,0.38362365598387416,-0.5251403073118438,-0.0012866475167489602,1.0,0.2981856992230534,-0.3106100716793252
90,-0.18936144015169715,0.7547972721667292,-0.6113816785918514,0.3676613382474413,1.0891513557320185,0.0,-1.2399661869158312,2.3813596422444334
90,0.0325696956443672,0.30922055384677727,-0.811444894721488,-0.34875492899308674,-1.2957455923178898,0.0,-0.4522017079104904,0.6414448309159404
90,-0.5548668662225309,-0.26784083725379776,-0.2284259050462129,-1.532059869181504,1.1093392977687637,1.0,4.201640774677417,1.3857129629095064
90,0.8659997416332331,0.7921684301613399,-1.6554727104827107,1.0896651598272888,-0.504149282433074,1.0,1.699848547733884,1.8955480947922427
90,0.7868010007775489,-0.5027902118845258,0.8059227296146889,0.4477124897034708,-1.2880833671753564,0.0,-0.6180686765615422,1.4216312868929633
90,0.12728463567591594,0.4663359197685855,1.470398905334337,-0.4393751905874961,-0.46426283933144724,1.0,4.90751763297768,1.7397769578412963
90,0.8127235251302503,-0.29716219137643635,-0.5313664205874076,1.358207911523988,0.11126846454702775,1.0,6.80015672592656,2.3474404349968303
90,-2.427631449236237,0.23178027126564257,-0.7494599675947758,0.41240315686755696,0.3460910450039207,0.0,-2.109440216879916,0.0759713214980332
90,0.37414732979637466,-0.03088245967588889,-1.3787388269793874,0.2169595742116435,-0.3991647088292023,0.0,0.9922612714941368,0.570484831771471
90,1.131402136073858,-1.5893675258861766,0.6271533492281792,-2.286840684037252,1.9934280971275518,0.0,3.399377845132455,-0.05062480600510022
90,-0.43729133791985814,-0.7587541027159997,1.5102551596355727,0.4404176692359954,-0.5935248770898213,0.0,-0.5164066399160604,1.4728520433249292
90,-0.2930583403490185,-0.4158510253159297,-1.2672610111185214,1.3014656046650248,-2.0850621855186033,0.0,-0.0831516053602317,0.04088090141378381
90,0.49664639143408823,-0.737901555454475,-0.7955240627124208,0.816413143390378,-2.0131477883382627,0.0,1.3390602147336501,0.21667748000694498
90,0.5673090247144665,-0.2747394866586133,-0.5816518574010366,-0.02390354446005646,1.765013667606038,1.0,3.328081280569471,2.4057079634050034
90,1.2140142166312806,-1.1019347053721917,0.9344741030325285,0.5362910207927596,2.723702054111637,1.0,5.272593660949547,2.409750426931061
90,-1.6105519396564625,0.08643950505281922,0.4908107373367501,-0.7414881144567935,0.8655515289981747,1.0,0.7673968246446865,1.288116560807735
90,-0.34470345450559303,-0.22214195345634147,-1.3330759521035422,-1.7720778415682714,1.139039243224027,0.0,2.7272018122422956,0.04558084362305381
90,0.8817503275448846,-0.3562432421110524,-0.28557427955704756,-1.8292146188571419,0.6547439265686162,0.0,3.4972400162123582,1.178113492819976
90,0.9849162410365837,1.9079400219500193,0.2384516806104794,1.7538571065373496,0.48458830688906324,1.0,13.22670522353855,6.535742643053837
90,0.17631177657153246,1.06237830461172,-0.884682689661835,-0.5012704380384986,-0.8775114473808153,1.0,-0.6216278944053566,1.3084576001571224
90,-0.008603759981542293,-1.2960679234923618,0.7691275296438712,-0.8650783081713038,1.4070183715718585,1.0,2.7773683023928712,1.7328667657738068
90,0.5554315328628473,0.9220353158015466,-0.24325074434853974,1.162688442458213,0.2892630177286502,1.0,7.678566475828484,3.82577140457992
90,-0.9213069125017301,0.9201683940501499,0.8863549600509756,-1.6082659187667492,-0.5894134713707395,0.0,0.6166561282208631,0.12825132021249186
90,-0.5105858593758218,-1.3391517788617635,0.31358174972246383,0.6119977750025898,0.7857071215759519,1.0,1.1996732724056893,2.5657612857077083
90,-2.026900726515302,0.5799079530921076,-0.8161604870877369,-0.3786983418213415,-0.12076759948144555,0.0,-1.5254275070071144,-0.8717020366953663
90,1.74966625244597,0.6438019793175243,0.6868914862119851,1.6874879676663328,-1.4168794237932298,1.0,10.38534447914928,4.5751436975947355
90,-0.6453178069093499,-0.16129657525078994,0.9685264874837475,0.36255743427694737,0.6967186362390022,1.0,4.02486067582946,2.281196036566073
90,-1.4139831584243752,-0.15811040064842205,-1.2971153776639934,0.17202529146472118,-0.06202813527882915,0.0,-2.436259246200601,0.11423676671244853
90,-0.5479926245419421,-1.1407178811831555,1.668341046542352,0.2512969477819114,-0.945845348487682,0.0,-2.538945255726143,1.170255951521813
90,0.4398291873805564,1.1184898747859946,1.0574326052125052,-0.036097432266515746,-1.1982241959809392,1.0,5.436497494480545,2.6737696614013777
90,-0.36339950160916934,-0.1536919330195476,-0.22909195503745847,-0.9412265679974539,-0.17237221867178837,0.0,0.32637381970183443,1.0998334910955199
90,-0.2760369807295897,0.5487343418213457,0.12811972462549118,-0.9934757471728733,-1.897579721783556,0.0,-1.5008749937115213,0.595213726097596
90,-1.3788735003167856,0.07578722010587462,-1.8442603326410212,-0.6058214554201699,-0.9836281824188252,1.0,-4.797505908012841,-1.7429674525451218
90,1.7513557744030612,0.7224747919992875,0.7331745351107409,-0.3273224073642712,1.5943654337715993,0.0,2.165286603273847,5.245388112809927
90,1.113116063442902,-0.19128954963045589,0.05676901805517973,-1.6052065668363589,1.2588639777436748,0.0,4.482701817345655,2.1015880729203134
91,-0.08893374157167655,-0.6667503918976944,-1.3701192945402745,0.18454755740118836,-0.3070225565016866,0.0,0.4487082639782114,0.13449021538772304
91,-0.5679490167185747,-0.47140728690800515,-1.590778957249508,1.0176065777819974,-0.14435751649527623,1.0,1.7190020598153941,0.3693109046599676
91,0.7810723393608058,1.4126502724833339,-0.34824097801185416,-1.8435888151409001,-0.20913221699136492,0.0,2.96583264493094,2.939736777912991
91,-0.2565174557503494,1.9285308362103606,-1.097459280251203,2.4607395698819503,-0.8351430356007813,1.0,8.307477393314333,2.061232456894712
91,-0.46138981619743386,0.48438275118129454,-0.8425762984610138,-1.3636138896369623,-0.0061536854347118775,1.0,-0.2050022588984946,0.3473774521494853
91,-0.4585105752986785,0.9057189285439445,0.6836354059695863,-1.3248583570668238,-0.8503291146206328,0.0,1.331826747405258,0.8378281043875553
91,-1.7162696847717258,-0.7128421216070291,0.04460340448620829,-0.15886469265556505,-0.02484363793813203,1.0,0.2309932755013906,1.9383263901578072
91,0.8735378545410885,1.323275497470495,1.7322187287236215,-1.4989292254725344,0.5148007920886988,0.0,6.37500094768606,3.467660783738598
91,1.0846914582943845,-1.3928310789963314,0.5777586767221161,1.2941850819231522,-1.281673279567105,0.0,1.4821718493949412,0.4679623016502501
91,0.43329957730850555,-0.013029519785601846,-2.63736755829287,-1.2907057875954748,-1.3647163630831787,1.0,-3.080714487700672,-2.3174546274283268
91,0.8161659238059658,-0.09644205877241516,-1.564482127591121,-1.8412335073013595,-0.9892285564252346,1.0,1.2976415253921603,-0.9100087278868791
91,-2.093765180997283,-0.38361124102228655,1.244208808790273,0.5561737513277657,-1.1469973521325885,0.0,-2.050178494201705,1.2120090479268746
91,0.4193696315385756,0.6508432242946898,-0.024953385149594373,-2.1029026565665165,0.7485296802174746,1.0,6.049717023653882,2.1180758107685977
91,-0.18728904887968786,0.06568859630213929,-1.3156346650282582,0.4278228525984811,0.32892532035424765,1.0,2.505201448182623,0.8998556124452233
91,-0.37421441091859775,1.0008132472181264,-0.2940759702636097,-0.024544956426176594,0.19370462378681916,0.0,-0.29168226076097137,1.833392913027258
91,1.0159932574644488,0.7006781938000063,0.4337723711446932,1.7014361772716557,-2.219938706968138,0.0,4.81406237614495,3.4352416612881314
91,1.164741839218908,-0.9125923935264103,-1.0286298465455672,-0.2077379835670617,0.4587714352136066,0.0,0.8364870934634342,0.1903349750376413
91,-1.1470336498963065,-1.0919129745305063,-0.17642977642706553,-0.20851406369940803,0.18043010957676897,1.0,-0.4908173498922066,2.015207343816781
91,0.23287095197205487,0.16212708878619153,0.14138298884660686,0.3940294848971955,0.9542961697739206,0.0,-0.16415440823934113,2.9701300943748694
91,0.16693749715012754,1.5826910245142312,1.340718667456239,-2.289309923330307,-0.818996276478461,0.0,7.498968284990147,1.4832841101862502
91,-0.05542566421538118,-0.31902467712627797,0.6068828213346247,-0.5305874064665227,-0.8593199376229311,1.0,1.4157293789245617,1.260374485584974
91,0.15215676301251077,-1.3632055434555626,-0.1751871744270997,0.711038552728894,0.5064952137215813,0.0,-1.0336566940420429,1.6929218960418835
91,0.5347524732671546,0.8426106674448588,1.3783576452892023,-0.668339023105974,2.0426234176871656,0.0,4.9492258780019105,3.7068438552906553
91,-0.23639960078441571,-0.6320767574394495,-0.8222856660313921,-0.5760740388812793,-0.004051443598042891,1.0,0.18791176110767738,0.6945272112593638
91,1.781114293361508,1.443201725779712,1.890598497081742,-0.7204869068164883,-1.7506391967734551,1.0,10.321904339202357,4.5780226608154155
91,0.21701763773377009,-0.6373330307663936,-0.9847254887978883,-0.7289241100838743,-0.9941835695311795,1.0,-0.19598817566794507,-0.149294953371505
91,-0.1791265389213537,0.7613778283246627,-0.3113723487183377,0.7904326153248847,0.14211448719240932,0.0,0.032832194769455314,2.4172440728059703
91,-0.4029767593501427,-1.6642834600007044,0.9293270146266671,-0.48654000396795544,0.5325648565400694,0.0,-1.735622250631193,1.7230867046345724
91,-0.7185189024751998,0.0652913888926046,0.0699614293666104,0.2005982931585959,0.9137654937265696,1.0,3.5483964364191825,2.2161894514975713
91,1.4427360373322433,-1.4655292841417469,-1.0537133646202548,-0.6870241665398756,0.1589593198825085,0.0,2.339062586397059,-1.422311074981756
91,0.41500954681282304,0.816434400176955,0.6857675376706427,-0.8078568956047949,0.4033528032208703,0.0,2.52154795597009,2.8691149852175957
91,-1.7397799085181627,-0.5685669210305365,0.20366213123036442,0.2952640700934216,-1.7796513794151656,0.0,-1.7229765617276076,1.1739777564139464
91,-0.8449216298517973,0.2615384702330893,0.36747007314478214,-1.9470623364624582,-1.7267420959874986,0.0,2.075453121991436,-0.23259904847046808
91,0.20797089901182694,-0.15841607392249082,0.4053603621163787,0.7655259334376537,1.1024286779167916,0.0,2.3812994011364244,3.0474493140252523
91,-0.11269430955758783,-1.6284148496648734,-3.006478636861813,-1.1277251218964408,-1.2876433105940894,0.0,-0.14316383766608443,-3.3888510063480313
91,1.139272564114027,1.0950721614903425,-0.30016903380769483,-0.9344708044818212,-1.1853206247856927,0.0,2.701970388813668,3.1100643231474923
91,-0.35743408064513515,-1.3140489768123835,0.671106346341623,0.7446978099217627,0.6332501705409601,1.0,1.2246952857564695,2.4416056833693904
91,-0.919408860882367,-0.04564152396842807,1.233052642348056,1.7056784180449203,-0.41011708567264543,1.0,5.169601206225419,2.1551041095422163
91,-0.22845538704226231,0.721847413469529,-0.07923330226182393,-0.1764131635199706,1.4622865245325996,1.0,3.437131360643472,2.6819687960984515
91,-0.8942021788891669,0.21178993525821632,0.10129607694649863,-0.5655530297749638,0.9602706801823917,1.0,2.229565511075248,1.7122916580996723
91,-0.6606028280625987,1.0455244094995424,1.0169599209557254,0.8936893173961742,-0.2353139850780529,1.0,3.9233642033538954,1.8654060401406372
91,-1.1407069208594636,1.5252100180654817,0.16134740794747088,0.49845347226559744,-1.20207091124289,0.0,-0.3745914240115311,0.16831063037996163
91,0.2883722440637573,0.31126180036410067,-0.15314529239078933,-0.32575093909006614,0.4878491387263803,0.0,1.0397445581142666,2.382348900904097
91,-0.3025462438306633,0.36481193128319955,-0.2854000754154531,0.01496236439330627,2.277518588885408,1.0,2.9474003087383833,2.8838498948179403
91,-1.072861406987249,-0.37113688061691014,0.09106411630671585,0.9411871694045789,0.11195470707081777,0.0,-1.8767556851439964,2.2441388164324563
91,0.7022988281100466,-0.4926521621253466,-1.242491941597804,-0.2948167466336632,-0.305835582732919,0.0,0.9486976031022238,0.1597006013158287
91,0.8620517151454821,-1.2272087332074524,0.03924039519667037,-0.3515883260368902,0.13084338963068257,0.0,0.58077461269366,0.6679820215406888
91,0.16576444683071787,1.717137358112738,0.24002791972267692,0.3059403843184965,-0.9897838565849102,0.0,0.9235824353650229,2.9755147883818145
91,1.2929499575487486,0.3452149476923012,0.4679584314013221,0.20749335317960824,0.017956547658636413,1.0,4.345396294950299,3.504623298647594
91,0.07002858592926764,0.5729683125918241,0.5021514042352333,-0.5107500633200209,-0.08256526443850733,0.0,1.0327004874097203,2.1925897418015055
92,0.19751202569131007,-1.225885750946272,0.8348596547218744,0.5700930937487027,-0.6902526333544556,1.0,0.2840049012734232,1.2723177305096562
92,1.8959745968559736,2.173759754057431,0.9332443808489714,-0.6797201143500219,-0.44972550898985375,1.0,13.236699345066926,7.653389907637962
92,-0.31716320710479773,-0.44424127548315673,1.2696815604926275,-0.061844052724882186,0.8091282729068452,0.0,0.12155893018190567,2.0652626364480127
92,0.17599357055485265,-1.5448642552890481,-0.414121189790107,-1.730875589228612,-0.31188508358504813,1.0,2.1860355498786186,-0.2692921554790151
92,0.29350198936611704,0.15120026351411922,-0.3487003706350412,1.2429885692660239,0.10492171136005425,0.0,2.5179764695750513,2.7061512190341075
92,-0.14356041594388538,1.2504794337965157,-0.4840883107659144,-1.0930515902501954,-0.41745090227057613,0.0,-0.46199980208164504,1.2617443781688438
92,1.0228450790129668,0.2963429099022938,-1.0145108493836146,-1.0551438008104963,-0.13549805187505803,0.0,2.5275624716560188,1.388165922862964
92,2.1627232097534366,0.6612174932933159,-0.9370378560084001,-0.011508801911618302,-0.12644742142521276,0.0,1.9448836932765068,3.896681268713349
92,-0.9163274808508368,-0.2805217502938693,1.006457254704891,-1.704955697926516,-1.4975015983230773,0.0,-0.2572545324117199,0.09548263935759471
92,-1.1695435194777533,-0.29887318827921533,-1.0628072506520574,-0.8038140956137974,-0.800682646900757,0.0,-3.7517472053329,-0.2318939116989175
92,1.0489219343561091,-3.326969760936081,0.474541065163866,0.841494746829134,-0.3935650040515251,1.0,-4.754640481312845,-2.2780175499954316
92,-0.5192734155266863,1.9675585663266693,-0.1631151928426215,1.1468845460744712,-0.9746683146282936,1.0,4.239455979451655,1.6937184247245365
92,0.525978506032008,-0.042745313288986626,1.8412938231016216,0.7272413767047738,-0.7676531856509765,0.0,0.7071746753276951,1.8523636113034427
92,-0.7073931856759635,0.04082517777598098,-0.8578538926462331,-1.9947835908881206,-2.0777275311633083,0.0,0.6212405265849327,-1.173283587938855
92,-1.5206779880433692,1.2797243168212784,-0.6500084413518049,0.9643918691344489,-1.646291789026332,1.0,-1.7062315397520824,-0.9364009256575117
92,-0.44457052119189217,-0.18965989599940497,-1.953639959113669,-0.24938485964759752,-0.1332002422307357,0.0,-1.0201855357080885,-0.7744702872271636
92,1.6559533210558663,0.4117608120852099,-0.8851106314906948,2.2534225953946727,-1.8605488927326366,0.0,6.564889731993132,3.1027991646537467
92,1.275589874919168,0.4985384512875856,-1.2663205671645807,0.06758506069167391,-1.9709567585766434,0.0,-1.8015275444453387,1.2379417201875784
92,-0.6622540483356145,-1.2351108536877085,-0.466616079704208,1.567780984781212,1.4061034677238395,1.0,6.208029132651956,3.016004610117828
92,-0.2604332797117453,-0.9491850914426913,-2.264877709803503,0.9308652107877768,0.33582161799767124,0.0,0.9175290383698392,-0.49638486192103504
92,-0.04084513064934574,-0.5988576376720193,0.5252390346698008,0.7915069796544938,0.660604505065723,1.0,3.68665436039264,2.5584884036031537
92,0.656698064316048,0.6991204584018331,-0.015366024725621713,2.047933835775592,-0.18043491252706725,1.0,10.989389215224584,4.062968707341595
92,-0.4245622842018751,1.6559245702024807,0.9393115593506443,-1.149159135261969,0.1349582844319589,0.0,3.066769052187065,1.4655372203144967
92,2.5174372078788516,-0.024329909090907303,0.35040046293117033,-0.07866933484544787,-0.8698795302621948,1.0,3.585726690364169,2.825465749562097
92,-0.10865370347362577,1.314191096114828,0.40673782615780746,-1.1416972919460835,-0.26606675211759484,1.0,4.008862143288566,1.8778801312421767
92,-0.022826560770797436,-0.29310125614689675,0.19667066603798927,1.157183327295659,-0.33564200352599444,1.0,4.886098895510593,2.338555161498296
92,-0.6217239977216287,-0.2591548424250535,-1.6953791235449136,-0.5930097153865902,0.05939545298327416,1.0,-3.647467853775475,-0.5180741028415237
92,-0.27452721239168393,-1.9963975298491157,1.4061816307147164,1.21595235221453,0.6993487473050369,1.0,1.4315817451935267,2.237216690640474
92,1.6178947982174057,-1.109853052378892,-0.4524993332601281,-0.07184268411262448,-0.025154114000625866,1.0,1.8243897325357925,0.0830044942661069
92,-0.901353635040582,-0.6449622647016167,-0.01685370889466501,-1.0980059836754017,-1.955270204697714,1.0,-1.1598460137275992,0.27297416285782505
92,0.7270360598865144,-0.6841021506738424,-0.27868427958916664,-0.33390925682421124,1.2605908541306354,0.0,2.196176930403828,1.809516894401371
92,1.0626639542302145,-0.04568929340315002,-0.12338440483776779,-0.3783487563968861,2.3238070180738464,0.0,1.8808333006513918,3.363369689786205
92,-1.3025745822794201,1.1332134045579636,-0.09668318167857425,0.7208880473118252,0.47436710545387223,0.0,-1.866766612323587,0.9838402404270408
92,-0.5941418404785818,-1.3589599293739905,-0.17668071107733269,-1.8569396486695215,1.8509552480744285,0.0,3.139708627284077,1.7239640355572234
92,-0.46687712578247037,-0.5577305969366063,1.5997451478907216,0.5839032103097731,-2.7585706705122996,1.0,-3.230686889922453,0.43168186262857977
92,0.7460973041237334,0.22189617739567513,-1.3838147285345042,-0.5083848964460218,1.2122939490826852,0.0,2.988835306136216,1.4954939984244668
92,-0.6031389619460126,-0.15195323243604333,-0.11607546707356431,0.5689771020079306,0.1682937089276206,1.0,1.3852582529342639,2.0179712931738543
92,0.1104156136580761,0.9766878797738341,-0.7455174858680503,0.3926151810656811,-0.021348884481905594,0.0,-1.641588593246811,2.1990047068124143
92,0.2255254776907131,0.29970291124618237,1.556562663937574,-0.6931178609488954,-1.448436855034791,0.0,0.17354978412389832,1.0519419929150675
92,1.6181424331791983,-1.6633421789468281,-1.5522870145320986,-0.962542913724564,-2.8396661058415322,0.0,1.452671231334596,-4.372864195167817
92,-0.7733303996704877,-0.09042701206850871,-0.293316011374405,0.9043991001570741,0.15227800471313774,1.0,2.0266414837735844,1.977022186294678
92,0.8821799719910789,0.48375293614337267,2.11346596392361,-0.8381228101317386,0.23169880789454297,1.0,5.164247421579482,2.3468206588061973
92,0.22934734307818228,-1.6557310362399236,-0.30162866809462185,-0.39380764203136054,1.7924809769879866,1.0,2.759634509410807,1.4104468907996162
92,-1.3970833222917827,-2.099995437128218,0.4207111346713145,-2.0778544079001686,-0.41981443077602315,1.0,0.984867601323311,2.059649107248978
92,-1.0092156317852141,1.1849688407323136,0.2605706947773062,0.035028759111190896,1.6562554809695598,1.0,4.840721891716802,1.8341581008982955
92,0.08459144903293339,1.609929988315386,1.416878187133127,1.7775248459814674,-0.8002265197120609,0.0,5.759320188164467,3.3338464045944844
92,-1.786499758835872,-0.207755514273481,0.42740663733401496,-0.8591788064397894,-1.189394805034047,0.0,-2.1793542729313127,0.47348784152397005
92,0.06912584741044289,1.584284110808984,-0.6499355106113059,0.38981944266639207,-1.706010921039651,0.0,-0.7266894253929275,1.7492792913109736
92,-0.013021226230455625,0.08785730817730646,-1.0351070847134372,0.8310017218626163,-1.732620365023272,0.0,-0.3438634621953631,0.5783450187718362
92,0.43754376053929156,0.7518720663557408,-0.6295835256651039,0.2676582498173249,0.9226997904942762,0.0,1.303671979153743,3.0123449040282466
93,-0.43888462333006917,0.046913805454577115,-0.574327789057641,-0.9834982396227187,0.7138831374437296,0.0,-2.7561772811103475,1.2010110820964042
93,0.25563097310098615,1.116138477608893,-0.296724703634354,0.07826361838925595,1.496896301969,0.0,0.6442864796702402,3.5667211783042267
93,0.12286392660272707,-0.5807936433525828,0.010185997395182675,0.4233226868582707,0.6694403217629822,1.0,2.470076949226328,2.2510991802421607
93,0.47433525423063144,-0.12659704417582546,-0.058650545882063594,1.2245212763040974,0.9741757366329179,1.0,6.885685518688812,3.182123447132371
93,-1.1832014990405026,0.025576806855598495,-1.9647259932356698,-0.03438231293560403,-0.451517637406493,0.0,-1.1597805378928916,-1.2182078884717438
93,-0.9228725677379768,-0.03289122223218114,-0.8463357870495798,-0.3239630524360669,0.04383975237089625,0.0,-1.4347036939719258,0.6519745286771671
93,-0.13734498734629128,0.3582154244699825,-1.0586979050945855,0.5483089525601824,-0.5907192584280685,1.0,-0.35200640102778147,1.0006895768790525
93,-0.5442795325574732,0.6109831415193242,-0.5837963248402775,-0.48667416249515066,-0.6199148732055945,1.0,-0.4460531313506429,0.6899896559949539
93,0.9608676326588285,0.29163298692176426,-1.2684411902089248,0.4198212858512576,-1.4873608916957215,1.0,1.7901348403922512,1.036249942435274
93,-0.037461409504303496,0.8301117877475862,-0.0065574297958704095,0.3483094657438106,-0.5481428829080696,0.0,-0.9398209742368797,2.262011108160692
93,2.3909645215303286,-2.073909106561229,0.32598220291722735,-2.26620639204538,0.723955764129138,1.0,0.8996472206327422,-3.4609129563472267
93,-1.909446519263029,-0.5902190857697852,0.5128422361614298,-0.356982313704068,0.42683308749792054,1.0,1.529924170972259,2.039858950730162
93,0.7553333337821966,0.3260153915770727,0.9920081638381496,-0.670669026872909,1.2052257985871129,0.0,2.825979411790941,3.0972170012555815
93,0.6291021402482436,-0.15493502879199,-1.0337564811812445,0.6204323155319311,-0.6040277846189047,0.0,0.28549991064093316,1.142532415066983
93,-1.2318178770607255,1.0470930132177383,-1.605035312261063,1.4330330020710298,-0.1855626963974201,1.0,-1.8867924336772273,-0.5952051239270124
93,1.024909724474279,0.7918725311052818,-0.6796957027873857,-1.3137881205343975,-0.3484162396509234,0.0,1.50453201714968,2.3268029766894167
93,-0.3535942916901742,-1.3238376134600296,-0.21952433570700217,-0.6166941996552184,-1.3581381566471815,0.0,-2.7087726928416904,0.5082082676288939
93,-0.45801836958188097,-2.2806102876319465,-1.0478855301650996,0.3358039129380498,-0.5290488633275562,0.0,-1.1962925681387366,0.5540859111628802
93,-2.3285262731257794,1.264085449600962,1.0840211755128208,-0.8854852433316971,0.8648075178772636,0.0,0.5243606702040797,-1.4762268116599038
93,-0.2693073494430158,0.8429142834610798,-0.09624014003006531,0.4373666100767288,1.2168296456020962,1.0,3.1114857821127666,2.834151004454121
93,1.0013518408825126,1.0749731362477286,0.7979240104697478,-0.4949092164503151,0.8032789122507148,0.0,4.85140838321642,4.365930101283503
93,-1.4431624320172818,-0.7303223289867506,0.4107767658451207,-0.17709314871837772,0.4434838295628305,1.0,1.5532836764922144,2.222626011356661
93,-0.4534011132498605,2.095498480125829,-0.890125466062528,-0.6157322950469979,0.18572311734071364,1.0,0.034810176274167604,0.8401945433386075
93,-0.6355688425737274,-1.5527467733720455,0.021588141354690043,-0.7960522098453924,-1.3432618433686594,0.0,-0.2861486554103898,0.8336236907859029
93,-0.6881781413339184,-1.9154254764414997,0.011273708637892873,-1.4320600782807393,0.9882872499676111,1.0,0.8193628817261294,1.8000390279356544
93,-0.4483634113488086,0.492934042685619,0.6411416090461084,0.40662765625253783,0.8444394408346043,0.0,0.9435832863228766,2.548789551426674
93,0.7589196567363656,0.1965259726453858,1.1247931759956946,1.5949954453676491,0.5027819532556624,1.0,8.208776790516536,3.6695186438722582
93,1.232696048197182,0.2735356734418928,0.5355453539042866,0.07976483992022171,1.7328773223948477,1.0,6.515970116707056,4.124386420182489
93,-0.40679155650861304,0.8701701997691557,-0.9030149118270164,1.2015539080801758,-1.5048148722168395,1.0,1.0246230485062113,0.8938189788212793
93,0.4861122230268759,1.216041648592475,-0.08000818336151415,-0.32537550632285106,0.12836182877772093,1.0,4.125381567699349,3.30049976674532
93,1.1942153028884015,-0.7659844590020811,-1.5456796522846974,-0.3040583497601224,1.6177852098212853,1.0,2.826417406530692,0.2085026969120315
93,1.852051306859321,-2.609940359848669,-0.6967593897177273,-0.7390532398100004,1.1333075573682236,1.0,-1.0656258649160573,-3.5970146907778417
93,-1.7983438957764115,1.3264281773393707,1.5132270856021997,1.228677385747227,0.6099074198180992,1.0,4.188210678471378,0.11211151742488523
93,-0.016957689852112465,-1.535552748766179,0.45809106194943616,0.4593727406863053,0.139274923810714,1.0,0.7341309678145632,1.675051904996819
93,0.3993979857263921,0.8160854064389552,-0.374119681799676,0.4380951504868993,0.6733514996117165,1.0,4.4172767216763225,3.2331777454357358
93,-0.07989923815051671,-0.5664519323334589,-0.49742801540631787,0.22825571617852525,1.6157818278054843,0.0,0.8454840499072169,2.274200989870497
93,0.6231779559482168,-1.2476335458243197,0.8747600806002979,-0.03814058978910296,-1.3532058099281152,1.0,-0.49430107959098113,0.29316231093381107
93,1.8946704559630467,0.23080517829351557,-1.7073199540044228,0.424338589217996,-2.020637100018838,0.0,-1.9908737053037466,0.7121284186898937
93,-0.3447930252459871,-0.6173366714582527,-1.5532468661396486,0.7318472031270703,0.3729908012909512,0.0,1.0168073819256418,0.52513265917931
93,-1.4600453647645872,-1.5464046427761633,0.24265576505986,2.5290850813762207,-1.1588068249492811,0.0,4.0802438106548555,3.531766205508888
93,-0.8417499043667983,0.29634207562156556,1.9141943134568506,-1.1881367167394035,1.1437107005083023,1.0,4.944098756811549,1.0760456919422565
93,1.1923437769638197,0.32314766168882386,1.406110259024386,-1.2185977694734818,1.0510406501090506,1.0,6.1589403845226105,2.926268046999626
93,-0.405371629108163,2.286994692576435,0.6785517340580216,-1.2474394446227888,-0.052795726448781784,0.0,3.763799736000664,1.481369611420519
93,-0.07889452013545423,-1.6655062545330903,-0.06914215334616956,0.397641970812069,-0.275016828039931,0.0,-0.3433380453183129,1.2835510575468585
93,-0.4565842422056619,-0.6820371267264352,-0.9171324260598542,-0.7458745441173457,0.28039085729003244,0.0,0.8919972772324436,0.6588877729200868
93,1.3965068274097732,0.701608614007697,0.15939648312197005,0.060719662577974474,-0.28854790514973283,1.0,7.8930527253968705,3.9819663154213716
93,0.21437626517302805,0.2574117240307987,-0.9400849544339716,0.4390392243033099,0.6334161660706132,0.0,0.2910309444792165,1.9469815938428983
93,1.4003561033781193,0.7761831843076689,-1.132182649715787,0.5705110890230781,0.15149439406801232,1.0,5.725608917244012,3.3947986982099843
93,-1.1969732266984778,-0.018268892000907318,-0.08195491085617924,-0.3749621580570088,-0.3282540147509203,0.0,-1.9667070907119881,1.0183043489979042
93,-0.5665519390616618,-0.22084824544647086,-0.3428684787294963,0.43581954054158684,0.605332851167542,0.0,0.40465108438677433,2.0223580535713643
94,1.7546508239630743,-1.2340443480016632,0.04441957172362069,0.027171266462009118,-1.1688758995053152,1.0,-2.0134613377436867,-0.4546426116807408
94,-0.39932111420203475,0.011435038155754584,-1.1955150370533287,1.3922998438468632,-0.14755619913342274,0.0,0.4524036111755414,1.1926392704702486
94,-1.3358601104630985,0.008301773131036612,-0.7726933750779397,-0.7722084489890004,0.1240992673852578,0.0,-0.7490036674742897,0.33076266003941746
94,-0.891696363042143,0.6312496326609353,-0.8614794741467935,0.47283572918224775,-0.4719562764529714,1.0,-0.7712050035550398,0.527909168537419
94,0.6960852420193592,-0.22586023381759218,-0.9713513044535226,1.0982769203940423,0.9397290109677131,1.0,5.7126754597958875,2.1754061856719416
94,-1.2074347830995706,1.1465836909062965,-1.7980875514553232,-0.7187923613476167,1.301242725595079,0.0,-4.291279550190921,-1.2480084166883936
94,-1.3606588228243466,1.017868160309858,-0.4572501811104327,1.2741096483484877,-1.081538202825196,0.0,0.0247822854997877,0.20856389327904878
94,0.1990942054901156,1.2733285033649178,-1.2739097747906065,-1.0319390317669608,-1.3221972489041922,1.0,-1.5234360763067563,0.4682450420714015
94,-0.9891887023138385,0.544016427125674,-2.991011120178548,-0.36280936403379743,-0.003185993866960108,1.0,-5.743627847053394,-2.4279082877017393
94,-0.765391236324179,0.5081827366783592,-0.5862526098920051,-1.1877380377753877,-1.0008439387322772,1.0,-1.5523255431868088,-0.0719604145285408
94,1.1057587702828502,-1.359555083936074,0.0037926885809188016,-1.0884728247819973,0.3812493187387182,1.0,0.787366215830036,0.018039284462543215
94,0.9084810973053714,-0.7373576809547734,0.7865201514910968,0.5726014504247045,1.5358164530686795,0.0,0.4858909285898583,2.569468191457563
94,-0.6101377552440861,-0.1696843116065011,-1.173196495626706,1.0651458366400453,-1.1204105131713729,0.0,-0.6924383874719966,0.48659570633855553
94,1.1234967538035778,0.2710802851788558,-1.2873066653513097,1.0948280132196848,-0.46076005364486056,0.0,1.8396526042327614,1.9549347041955487
94,-0.4971897196941685,-0.5984530246456363,-1.1958641976635647,0.2756681921910662,0.9597825967356038,1.0,0.3108531909161918,1.135725988917227
94,-0.7917500243629213,0.10630007741150302,-0.868735512945309,-0.15366780954755208,0.48767929673078364,0.0,-1.7849997276566705,0.9515424402763689
94,0.20218472096790907,0.5471340179890066,0.8127450374198838,-0.04285032113496802,-0.24313385444356994,0.0,0.2032595315388006,2.436169581447408
94,0.2841014187343268,0.024711275189735076,-1.1486815296507582,0.6175269213701146,-0.6552582803096083,0.0,-0.07927651614660924,0.9779109486837261
94,-1.6508842893298994,-0.5375686961213555,0.8879574003353681,-0.8854190191919987,-0.08927716957438733,1.0,-1.557129658787544,1.3808657868618504
94,1.017960776925343,0.2644276927795225,-0.4378281092366692,1.881239948917578,0.8703923127260349,0.0,4.810188880324299,3.972947953215418
94,1.1247991251427167,-2.351857406471288,-1.0185905584571682,-1.1659636924936423,-0.9178112086852858,1.0,-1.829298065668564,-3.285512596282335
94,-1.025127463407298,-0.22011310340870008,-0.5498877340240457,-0.5348881465106836,-0.6450308762329173,1.0,-1.3762785354997358,0.5907035222470436
94,-0.43529648735781906,0.36424737632334075,0.3108747656179366,0.49148401993421226,-0.7107990273423448,0.0,-0.7477901293917554,1.8037660708880536
94,-0.43377795540167563,-0.08652630130848814,0.08422645250007649,-1.4629742143436015,0.2338545464833751,0.0,0.3146886331613884,1.2013895148132439
94,-1.4529085395623378,-0.7969902216069615,-1.0032043947584206,-0.2892013890976335,-0.6457946112788131,0.0,-2.7463291283795117,0.6015074520888768
94,-1.251672096410531,0.5019648855551427,0.7370860818067977,-0.9303831424368065,0.5696513363712475,1.0,1.8823413204496346,0.9254583324416379
94,1.1101632710320988,-0.5712954340941749,-0.13743653789324758,-0.6236842788039495,-1.8791132563150785,1.0,0.22255940496782145,0.3056561299104352
94,1.9230052986042154,1.595941360735979,0.9428382567818143,-0.6776166335219483,-0.6450645914107169,1.0,10.169825161970516,6.226049133828287
94,-1.2653931991644558,0.14072829335311496,0.5759453189016348,0.880982413067482,1.1607866280150632,0.0,-0.6079667023316323,2.4071259319748215
94,0.21112756632768764,-0.43415739779364587,1.686089226857262,0.3060326016405834,0.2233520887692848,0.0,0.8979255495177381,1.789521799239554
94,-0.9022222100744477,-1.6671086499579544,-0.04527783522092985,-1.8166710173103109,1.0949261431552968,1.0,1.8646731284660354,1.8349007998202453
94,1.867381745376433,0.5934071527178109,0.15618085874322027,0.026749921211811724,-0.6010727339207508,0.0,3.386169551398952,4.117269697496807
94,-0.1253333802642618,2.0484283773054806,0.9433982479847052,1.8164550965294597,-1.7606427367211208,1.0,10.177834048399973,2.7914566918267973
94,1.3751184604571836,-0.14326930789914039,-0.0032461381889739866,1.790810798835469,0.6620315201422945,0.0,5.637069725220645,3.64370512786244
94,-0.16864449681277185,-0.6045811087069041,0.16139290961098823,-0.05698276016188264,-0.43508011358068555,1.0,-0.11298157039494572,1.5370159019133012
94,-0.44756054763634445,-2.710259015592332,0.3495154694397197,-1.6604939482392755,-0.11475786871610703,0.0,0.11650778120501926,0.8607658009221173
94,-0.2512659191829132,0.06390429717895121,0.46448843651326055,-0.6572967723466359,-0.6852566221151672,0.0,-1.5054617875604321,1.3452805834265982
94,1.2047762791263574,-1.230338406687451,-0.021909303240497696,2.504247553391677,0.8188376157895306,0.0,8.484368339954115,2.155284342330957
94,0.09045915229086267,-0.27214649298191945,1.42328448400247,1.075583081097568,0.5163957895302721,1.0,4.916063148311698,2.5391473204634543
94,0.09799583300517936,-2.1007307424675394,-0.6420836320911547,1.9318009182062272,0.6564427728603907,0.0,3.913989078353432,1.566699397769383
94,-0.41660043070589947,-1.0570123398635478,0.13740013535268103,0.006686458097289544,0.040842072338533694,1.0,0.18328999885643688,1.786585186092889
94,-0.07536146711835537,-0.6032636267412416,0.6108338939089717,-0.10878181390420186,-0.6803871397495679,0.0,-0.2752166008447484,1.436152777400367
94,-0.3503305590270848,1.3718364518151018,-0.6069693405356249,0.9802449861172846,-0.7996349007634959,1.0,2.22966004426475,1.6383575049341466
94,2.0542491307752306,0.21404882512139356,-1.1062163146709616,1.7892930713240895,-0.36840669473765475,1.0,9.487363664119998,3.179240989542274
94,0.752665301467634,-2.1268356804899486,1.2328109491640589,0.2929732893177417,-1.8219844634883244,1.0,-5.808976595616608,-1.1043935986170696
94,1.3098973150214617,0.48570793491264,0.14913172127101604,-0.3929611280108437,0.8216516343244049,1.0,4.754420135305457,3.8118417177363244
94,1.2966749595997042,-1.1865044299566998,-1.1676872312995932,-0.6215914077661586,0.11367488121575851,1.0,0.8238882883433805,-0.9289470757498348
94,0.011013099397493948,-1.6748933851618115,-1.0765435364688656,0.6699311354468965,1.799970680341257,1.0,2.403817604816366,1.320667227035474
94,-0.8363871873056834,0.15300176229673554,2.538473838898604,0.143910616725387,-0.19206853373499339,1.0,-0.10363594928657571,0.9519259463151667
94,1.149656640021143,0.29124494886631136,-0.3522588615192021,-0.8226326253547573,-2.272867675037954,1.0,2.172490002338496,1.269998661115685
95,1.2133399978885144,-0.4779955052424455,0.251917604299159,0.40325555256289897,0.28144201334418845,0.0,1.0587659831952911,2.224444983765218
95,-0.8179357975167822,0.38376630565382247,1.9187098317750966,-0.2631490061390203,-0.38339999558926485,0.0,1.55146911724824,0.7641624038223354
95,0.08383636910110935,-1.9080136530943022,1.8815660123520312,-0.2844416873715765,-0.23451841330035023,1.0,-4.822887932639315,0.30346183356808254
95,-1.501973367448279,-0.6043856695301967,-0.7870117625304845,-1.6609636749946588,1.3801844693686585,0.0,0.9755337905741139,1.0266610509793366
95,0.2045848178950595,0.8811157709056859,-0.9174371324042288,-0.008385518547280797,1.2155653490871463,0.0,0.25316046582446183,2.475841739425602
95,-0.555241762406964,-0.5788934509936596,-0.3223569733295393,0.31993427328966073,-0.07732684559368118,0.0,-0.539829234915308,1.6629747975800713
95,-0.6930245599959468,-0.12452860064683588,-0.3138187148821629,0.0894894293939411,-0.06322268374809632,0.0,0.2908324848259083,1.4849105107593203
95,-0.3788811408252994,0.2423624420174822,-0.07679553406632024,1.7163014617864203,-0.8147405889259853,1.0,3.7331556202318565,2.249349433371555
95,-0.0657779991683538,1.7171313733313798,-0.14064566230653525,0.7989465878350044,-0.5789610331474064,0.0,0.7534742298644512,2.74252285931421
95,-1.0995324400959967,1.2293980195231746,-0.6464285201263543,0.9922719921950948,-1.5501878890483238,0.0,-2.716063937377325,-0.09076229521523038
95,0.5040244567511731,-1.983545687078579,-0.4666982278742162,1.1263560224142948,0.8475675161983685,1.0,4.348768035704437,0.9071552558259984
95,0.4826143205023202,-1.0420475997399778,0.07310964126525278,0.2063184457098321,0.46580383429788264,1.0,2.8359425256232633,1.5873209070878298
95,0.23605315726835643,-0.6745332211788218,0.06327492403240016,-0.8344047907911126,-0.5514752024962142,1.0,2.011884163367789,0.9582305466867775
95,-0.3446823725404256,0.4462384842249722,-2.233683657916547,-1.3508469663764668,-0.5307720388901802,1.0,-2.5160243802468223,-1.7760790774928128
95,1.1950434183890846,-0.6915584814814149,0.7681801422303963,-0.28162825653054474,0.23401452045272358,0.0,2.86249264427859,1.5047596070214841
95,1.4555630676142568,-0.1396758296811641,1.0199865280411309,-0.09010427327333939,0.8011682580345229,1.0,4.069394788702066,2.8435393270138007
95,-0.7789571042697179,0.2519312285096003,0.3337234285607983,0.01211843692745874,-2.0443301957017965,1.0,-1.084075005377153,0.6358285141074498
95,-1.0816872447590025,1.1181763574363244,-0.782893231286871,-0.42851600434257076,-0.608798562178744,1.0,-0.47621978146347166,-0.3925006304143356
95,0.3430457052307136,0.5211494970301767,0.0732151753082971,0.3158195418919723,0.6455828040506666,0.0,1.630235119405188,3.1255054246066276
95,0.5646142538593923,0.8927138301130323,0.04207185519931201,-0.4221910189953772,0.1580407094659689,1.0,3.6586182606949222,3.1207788779562837
95,0.999008540550481,-2.4390940084953825,0.13871933494453959,1.6425254755258933,1.9333902890920867,1.0,6.286471225120286,0.6909929622428623
95,-0.5508345749710994,0.25927632853718374,0.9454997192263936,-0.7178319777800993,-2.0189532191877753,0.0,0.4488505389133739,0.401097556681139
95,0.20939328090577455,-0.6779301878390623,-0.7628738549052649,1.5555049049060214,-0.6161618656750019,0.0,2.1044824229553267,1.4348652724078927
95,1.0098836385083656,-0.6710910610147367,0.29211870279574026,-0.34713617080658526,1.1844109075457228,0.0,-0.7298785052439685,2.014005003503038
95,-1.3987633081178095,0.7845022182917225,-0.5160126939399339,-0.7537356074288294,-0.32741667131466545,1.0,-0.5346150307366906,-0.3332524602756364
95,-0.455775135340968,-0.691008542855738,-2.3631308704400436,-0.7440551153353316,-0.5184743256242904,0.0,-2.238152520970064,-1.7832719754450306
95,0.23608940580238622,-0.6109037674557397,1.0196926550481558,-1.3728794466186949,-1.3021458945321203,0.0,0.6580656392504896,0.36432638628861314
95,0.3550884898334564,-1.8013517587344803,-0.5288569459771386,1.3818100425803237,-0.97026784188201,1.0,3.2560762059550656,0.44195607589055597
95,1.0743323288079107,0.3425624403871538,0.7238253776738546,0.7055772790679499,-0.8344846698678523,0.0,2.7497229972998554,3.1232101214946733
95,0.2657487245363753,0.2772104563644187,-0.9002327029456119,-0.3781866184310974,-0.7731850465012565,0.0,-2.0699983304653506,0.940773400681172
95,0.25001182841769864,-0.2567341261837874,-0.40278692018056095,0.2146799756268985,-1.088527671441049,0.0,0.4383037579619613,1.214107115482976
95,-0.13762096576274152,1.5078506581544164,0.14844773341378922,-2.431980142102801,-1.2008590840581257,0.0,3.182779883029614,0.7244090904463866
95,-0.07577193774297826,0.8215365886233991,-0.5500795370397732,-0.7471414133966221,-1.239369070892381,0.0,0.07869377521073706,0.8948208418971094
95,0.6719777030553967,0.6368197868525426,0.10229434855089513,-1.2191636792652316,0.11569262826655448,1.0,5.2846429973971745,2.576511585316283
95,1.5197784149375926,1.5166132273043658,0.9211712649757084,-1.7817326773971898,0.41128572922704215,1.0,14.291952974971535,5.203361907183467
95,-1.7099518370724822,-2.4951239352161334,0.45409272812304036,0.03884641047666644,1.1678435531236333,1.0,-0.23447793421250496,4.893054586687592
95,0.7344852905952448,-0.9996200086430987,0.5673837603464903,-0.9622677740542835,0.305702652755374,1.0,2.787868104264618,0.931945667000383
95,1.0409891728533405,0.07397435409668712,-0.8065928656978263,0.4549863946878333,-0.5938293177021435,0.0,0.9989633113672353,1.8537325406165688
95,-1.0989347620755197,0.40180924907696247,0.7030240105938561,-0.6962111529666305,-0.6574798317951687,0.0,-0.25054503328697997,0.647432176924698
95,-0.06808558874638959,-0.6479171382316504,-0.06394903360199002,0.06910259509893697,-1.592665179913941,0.0,-1.5468152672134794,0.8903126044001342
95,-1.018333160093303,1.5061923195960423,1.5840859966829595,-0.7539904193038347,-0.6951511706241817,1.0,3.051507635284018,-0.23569308009194678
95,0.9967312744992698,0.4315104375506052,-0.8040871661085798,2.2142619529472065,-0.6493779675582765,0.0,7.226557702360758,3.218388158843138
95,-3.489087634214344,-0.6277085799761708,-0.7287026846459479,-0.6400203442644922,-0.9446616688165316,1.0,-1.4039065540723767,0.721078703570917
95,1.18389410406468,1.3915844519680218,-0.3932697726804745,-1.428458746254358,1.9068602211121444,1.0,8.815872344970181,4.901454745189127
95,-1.3613769877355317,1.6155407258465841,0.4942129219631472,0.0682389452505673,1.4883829644974678,1.0,2.5311359952965256,0.8334816422044447
95,0.22205017010896946,0.9651705950349844,-1.3373440408988868,-0.7665188015251195,1.2031280910992728,1.0,1.9629939500014686,1.5888968347940335
95,0.3619839544232104,1.2116809575847063,0.7060132039182675,-0.2844757789099327,1.3600016682244063,1.0,7.7392522321655015,3.8771656376769
95,-1.1256593348242,-1.036314756699019,-0.39799788487483334,0.1396879187805474,0.31427916014071183,0.0,-0.6143819752544005,2.035373738771338
95,-0.4348493029710324,-0.2836262040633368,0.8932910970708476,0.39039199556390397,-1.787279539883855,1.0,0.6524465524848955,1.139149883959362
95,-1.2575849860980053,0.13455389433029108,-0.41105749963947413,-0.5454636787270282,-0.5227987420512352,1.0,-0.8153742456671728,0.446310317440443
96,0.1699361319463503,-0.12014131829710027,-0.9377167114645982,1.2981252389311266,0.952248699220878,1.0,5.766251034914145,2.2524400434295475
96,1.6959080444021795,-0.8257463261014609,2.5715509665553506,-0.3598653770416504,-0.6369334432591355,1.0,-1.753329193169912,-0.019811383564313
96,0.8201856403854906,-0.15489129608571162,0.6614297283477418,-0.4114431122321371,0.5323069157690903,0.0,0.8873876542086783,2.3858691550537365
96,-0.9094601747608243,1.3976798596014817,1.3405528053409097,0.009681567986931459,-0.5056464856368312,1.0,4.372336658948413,0.6234842423221993
96,-1.3677160287537262,0.3159696261991525,0.16975244108793613,0.6163479445904831,-0.29313159003105826,0.0,-1.6103079128764817,1.2740810935009121
96,-0.10425406055217468,0.4493142631871341,-0.22698388804968134,0.4787733080458823,1.8169604338790086,1.0,4.810470569761978,3.1344117628650205
96,-1.360651726585023,-0.16543956912142316,0.8745484785088633,-0.023398886022859985,-0.13005311170722492,1.0,1.8797823278900974,1.4639515831043595
96,-0.07886098236070213,-1.4557878143120524,0.5611975833327016,0.4400473395537358,-2.5455330939694725,1.0,-2.4531461002986696,0.42195473712673637
96,-0.5145286054723119,1.2790324364274535,0.4083440020461233,-0.16018196190635173,0.8356700191141043,0.0,0.3062266616962598,2.1838488304587513
96,-2.536666114466917,-0.44498269251659656,0.03723095101833681,-0.6920163465201481,-0.5570566192304414,1.0,-0.27059275088792667,1.031334114970755
96,-0.241253960350416,0.15851754091813547,0.27303637959655025,-0.1805119258197083,-0.006240565842807606,1.0,3.0314632597826523,1.9264873066494537
96,1.3207216895269724,0.9015068063718765,0.47822078429723214,0.45822294009141656,0.13968152088836136,1.0,7.803829815693592,4.727631586186628
96,-0.6671160749147207,0.3041923674590395,0.6602387545547659,-1.137022438098301,-0.6244587370535746,0.0,0.2624732706624976,0.8548311423168024
96,-0.36241732952954037,-0.06784734693137034,1.588965438722787,-0.2435766478200756,0.43274038597295794,1.0,0.2132550199977672,1.6803531922078485
96,-0.579552555167995,-0.9055148575899035,-0.7215653286085382,-1.0882674141307338,-0.1477100785990194,1.0,0.14080380749871801,0.5542609872248707
96,-0.686576470479235,-0.44440144842799467,0.9604819609516811,-0.1408479702742529,-1.2665869920530957,0.0,-2.664298489757356,1.0892752189255446
96,1.0830881887257127,-2.764480495736953,-0.3746193341238584,-0.011220288184577907,0.4962982013582756,1.0,0.13148271485045837,-1.848996054932164
96,0.05133865684475979,0.6559106083752471,0.1596674283771897,-0.7907369163799381,1.7474926889383562,0.0,1.0431477119752255,2.9327900162156033
96,-0.575945575229401,1.008565256764615,1.834417923825067,-0.04861839745289941,1.017188163637981,0.0,4.353733619081437,1.7763462554206684
96,-0.5175466023999187,-0.3342175996023299,-0.2025859459361988,-0.675394453459566,-2.403734889671604,1.0,-1.1885012224919922,0.08578299095903108
96,1.0632644173314683,1.320589463588789,1.0292428025513245,1.5778533966757884,-1.1658004567005484,1.0,12.515716051939634,4.832178440190346
96,-1.4321125489546325,0.6520634419189454,1.091546968803077,0.17149555408178763,-0.9732048804850345,0.0,-2.032165242885047,0.28217925965149726
96,0.45147921393399787,-1.9808882871319065,0.4763830650920171,1.4184902181976289,1.5241765948472072,1.0,5.8334752187746135,1.9391498581372653
96,-0.3624305234747562,-0.8635381954624413,0.6710898122992978,0.04943326576336719,1.4182513012794924,1.0,0.8456849461055831,2.552519872803964
96,-1.1197311339945426,-1.4272117390877819,0.5508296542530632,-0.749513172690955,-0.040909659453693945,1.0,-0.80076741801538,2.0569159725914234
96,0.27024452315062786,0.7157534897496682,-0.02270306922063464,-0.7804165362353955,0.733325602389376,0.0,1.1489026454157074,2.651272761840885
96,-0.29678028152785035,-0.551952718232831,-2.127406313332891,1.3553217320346493,-1.2364871975300424,1.0,0.8412136049608989,-0.7931546511336255
96,-0.15919118561568785,0.00947904556940086,0.7339991953155801,-0.14411534039211393,-0.303908789739293,1.0,1.8202119659348859,1.8091239906106873
96,2.5530060797878247,0.24948911156413453,0.4356090830306039,0.2908133322224946,-1.2137190896047634,0.0,0.40951220790775666,3.7011596773387714
96,-1.5422800884912657,-1.9872926245845564,0.5767926801330842,0.46203107808085214,1.2937494459215377,0.0,-3.252858368295721,4.304678123093382
96,0.7523284321122162,-1.4667385279644887,0.11166561004601622,2.52086324928211,0.5011533800383718,1.0,11.55469865599171,2.0999388461511157
96,0.27764641098501325,1.2129852090516984,1.4393893464503014,-0.585392145398803,0.3740207209287377,1.0,6.610887962133784,2.82713488282245
96,-0.6946640771172835,0.9170199812375253,-0.6092999921251407,-0.3491658513902951,-0.7366819125588938,0.0,0.38231218695521396,0.44663206378625786
96,-0.6191460494867393,-2.1392496972566803,0.005003982522149292,-0.7857937496755989,-0.5865976996449251,1.0,-1.2957700642119296,1.2616038722568632
96,0.11956506734493602,-0.048843234110515936,1.4195939908010018,-0.36685590147194674,-0.673078429085688,1.0,3.157195862001612,1.369977661392263
96,-0.7285719035972441,1.5731470970408654,0.9754285720815565,-1.5967267884449563,-0.30608947258399977,0.0,3.976902734470243,0.37325624922165157
96,0.8495720302818024,-0.6944256038846366,0.4269598617819541,0.02515742431884312,-1.4145956141453346,1.0,1.092841696058386,0.9165983710578476
96,0.34892469894060546,-0.11986148726597211,-0.7058447810510581,0.28722417942570333,1.7352215709371768,0.0,0.4810996756064102,2.4920732904979763
96,0.5561620092205125,-2.0243549644493086,0.21494621443890938,1.6087539850489765,0.5724280799393667,1.0,5.067823897213968,1.3150862055004358
96,-2.3863847635909154,0.10021870428328324,1.5156319585770865,1.3913417164984596,1.9068540173223245,1.0,5.553543744683838,2.0798068215739507
96,-0.10459432396088106,-0.7060829008333736,0.45855905469583497,-0.7338452943822164,-0.09148479969995302,1.0,-0.29320417944512545,1.3818194035796783
96,-0.8600966800320479,-0.5782187567132235,-0.33931984693004524,-2.74987433893192,-0.0019397391743440748,0.0,5.489043409787696,0.17558062180786926
96,-0.626862248516943,-0.6993965225786118,-0.4171817194083171,-0.6754929835246757,0.6910690385002372,1.0,0.7868602907154916,1.488727554950485
96,-1.0570360014187494,-2.047567432901846,-1.5700445600063548,-0.13873694292919142,-0.18349411120408526,1.0,1.6991525651156745,0.6666647343974383
96,0.817066279436804,0.7034191648119318,2.743105555289507,0.4527967886409823,0.8448574444258354,1.0,7.954210600049987,3.4337136048247974
96,0.8423984291281456,-1.086400185882616,0.43581463136929194,-1.365590660007683,-0.29080728202440054,0.0,1.4042344122214139,0.2590521035938679
96,2.0042495065773216,1.420711796223374,0.7655018222666081,-0.34600229157856927,-1.5708102443970746,1.0,7.947306468853192,5.705320947248705
96,-1.104155040387941,-0.07276890603524534,0.40026937889959213,3.361451360462883,0.1375313754496817,1.0,14.081180844078306,3.3624682980780474
96,0.5047004191529422,-1.4849248982610292,-0.11859306889542806,0.19600968937719945,-0.47816863287355216,0.0,0.5499204885794006,0.553045615703504
96,-0.5164905725255411,0.04231577450270827,-0.478701492518354,0.6758804761839459,2.006586718197223,0.0,0.13126683783765614,2.730533551854733
97,0.6128663995580456,0.270929863389449,-0.0881926478595969,0.6347247217164619,0.5698979260828794,1.0,4.9387668258372495,3.162270489813497
97,0.9356352339264387,-0.20325940682321905,0.2307523507026941,-0.6173710668125377,0.14753607573027852,0.0,-0.6433570711327088,2.02996453111961
97,-1.4954140093722919,1.193125051052667,-1.6054098689579008,1.1052764931603443,-0.5150440268316675,1.0,-3.199602960933233,-1.4775557275967448
97,1.280306061771526,-0.2136616114649258,1.835275518848738,-1.1705576808017795,-0.7221652967647557,0.0,2.900634800290107,0.969639634659229
97,-0.7276327083425324,-1.1417117926175064,-0.7131392890953079,-0.13433452392528725,1.1699642767918461,1.0,1.2897985764772428,1.8136316730401079
97,-0.2671408343259513,0.7608388966138783,-0.5395226360891564,-1.360042238189709,1.7366869896075026,0.0,2.002155718318869,1.8201129647756584
97,0.0319540746237218,-0.5532611388729518,1.4370657088656071,-0.16014410816876903,-1.4749513735409183,1.0,-0.7989842164508001,0.7559850042621198
97,-0.43583748140142636,-1.5092873484186362,0.06979129977672083,-0.14414155504537177,0.5814248378875251,0.0,-0.9981608210327102,1.9363444486616936
97,-0.4044339133705127,-0.8687670196337128,-1.449866547728055,-2.8034794603887003,2.257370023058675,0.0,8.234583450268834,-0.16259436537548444
97,1.6182620697673271,1.381868739945405,0.13655057949683255,0.3548901139087246,0.4224218438174539,0.0,2.607227249128882,6.183913887819946
97,-0.5141142862298614,0.4884629026764907,-0.8899866249817464,-0.22831363304183,0.2535869911749918,1.0,2.470463950172712,0.933114338105938
97,-0.5970831618312515,-0.5008424058879495,-1.074258873025066,-0.8859842654742401,-0.9533850957549697,1.0,-2.0111755690007684,-0.23034833318303283
97,-0.8648265275552416,0.4581814859299769,-1.1549264416024332,0.22412937339496924,-0.4369329238893291,0.0,-2.903289652037716,0.12055080354690978
97,0.3279710906092411,-0.08669634575425453,1.852545072619146,-0.4586205055137965,-1.202677313141674,0.0,-0.056933401486016,0.9097912375114878
97,1.2786298461325443,1.3715101966142824,-0.5277388744613885,1.147223955573227,1.127555232802269,1.0,8.96574635108486,5.81619198825471
97,-0.25046658335646765,0.2783430791226259,0.22407177517130278,0.12174429401795644,-0.6726369920837207,0.0,-1.7043736741494675,1.7558129263691402
97,1.3411368176099603,0.3692357588862164,0.40676028993090385,-1.022908476962165,1.1999413379061306,0.0,2.235459048604781,3.5606859205990213
97,0.5286067599067509,1.4603459081821286,-0.6111811984737566,-1.3546034638143132,0.7159523174343235,1.0,5.003039386248141,2.960479656519481
97,-1.4858106695704139,0.660651961294198,0.04753042413394729,-0.8128715225648098,-0.893167044273588,0.0,-0.9071461878334824,-0.2245665164241022
97,-0.5696835228046535,-0.7139632537830014,0.3785869404963242,0.3663192504332716,-0.7727253410432432,1.0,0.631723080712711,1.6801879791645784
97,-0.4379445860430126,0.40545883931606413,-0.3096936980735707,2.550612676321837,1.0825061515623913,1.0,11.75585590418818,3.4203281532579872
97,-0.021308131278387675,1.1254066617369123,1.7324007724253858,0.03522567946329082,0.02404881840725605,1.0,6.631135640477051,2.263004634113656
97,0.2367650984251583,-0.22960087207731475,-0.10248374562182282,0.4979935323717388,2.438174900473587,1.0,4.849744767902356,3.3608161193463015
97,0.0018722857546240753,-1.634096592051926,-1.1736586952745678,-0.23455741675078184,-1.1687068636943367,1.0,-0.5461989342676123,-0.7208528021088203
97,0.9532969604226079,0.33565837055888986,0.19416122401957636,1.2746292741709842,0.852481174701068,1.0,8.27912821423282,4.106305457470972
97,0.679256102367301,0.5924320023164567,-0.9426266002591537,-2.6517544689056103,0.07209646743556679,0.0,6.430523772568164,0.8647796649615114
97,-0.20657445465760213,0.5380943701814964,0.1112980894978494,0.3438750891128703,0.370618655884219,1.0,5.3087906527251185,2.461312082446199
97,0.2747053641216326,-0.039480769936050805,-0.09951700672993687,0.5997593326961401,0.7562179218290691,0.0,2.830428967674858,2.730049109795334
97,-1.55482794497714,-0.2759534112379678,-1.7321463210322052,0.2978302080486634,-0.7474899857281947,1.0,-1.8188316038612296,-0.7378844643343041
97,1.5110677724898458,0.9806544780576388,-0.5854508024009307,-0.8180863973412238,-0.6693205158240695,0.0,0.7318188616894258,3.524730713604848
97,0.9493094805867645,-0.5621264442895969,-0.34763165848389765,-0.051595129258369204,0.5377738082482332,1.0,4.224028752541609,1.6694152422612474
97,-0.18939446076471314,-0.40614578210851343,0.5190363329473672,-1.031765967055712,-0.03150850247306664,0.0,-0.1637978673367399,1.3753301753365457
97,-1.2890291984513782,-2.023899765540444,-0.08252664832977641,-0.5533371212744539,-1.0755678608411485,0.0,-1.685269610451313,2.093282203726023
97,-0.791733531108018,-0.5827628213959961,1.450882616180124,-0.5631333372970093,0.06274639210784984,0.0,-1.8166253445681613,1.3690190636223079
97,0.09492696278946888,0.3058891625451386,-1.7187390367568776,0.49607015261079324,0.7368348379485333,0.0,-0.6763507926900787,0.8391245399431666
97,-0.8528903858017015,-0.9489196541256651,-1.277383326066406,0.1241284721658175,-0.4751956464358126,1.0,-1.9457424865464017,0.3834152201045824
97,-0.7624743165194584,1.150180913542662,-0.5870402046640046,0.20401760174008182,0.9104838973045827,0.0,-0.9810794564260006,1.4131842915524668
97,1.421814131538494,-0.9674105635520598,1.457142373096404,0.7116263407697845,1.3621651517514997,0.0,0.8490367861337678,1.730600136014869
97,0.13861208398599686,-0.12237344217727832,0.5161364408367446,1.5291709124024175,-0.321995227590456,0.0,2.2482547677911104,2.722545369596067
97,-0.007480636929325438,-1.1147101491740654,0.8658914355016227,0.32909313475374175,-0.10380362280632768,1.0,0.7055367621991259,1.6407952132952803
97,0.8153595119035085,-2.1870874601558574,-1.8650168420714837,0.8539463697955875,-0.5280462549930142,0.0,2.929820211106144,-2.5286788509832503
97,0.47396669712656875,0.5568793342022927,0.4718313772513844,0.820392228449891,-0.5920023534311544,1.0,3.3673339044659043,3.0202132884138164
97,0.6443508294368006,0.21732663095216498,-0.00029224977929962273,-0.51073070866914,-1.8690056592404298,0.0,-0.36302153744418036,1.3808589735578147
97,-1.0876281117657145,0.8072118372749637,-0.7596786084930439,0.051848439616788755,0.2728070568136812,1.0,-0.757253620675022,0.48939140715648577
97,1.590555870405902,-1.0776965288186908,1.053353540684804,-1.0548747279709774,0.10878866780730105,1.0,2.0360333778703343,0.0905861869938478
97,-1.1551624958250728,0.3293344066000211,0.7534014101854026,-1.042916505142206,-0.018236135018293024,1.0,-0.9612521471417216,0.782141692967746
97,0.4155815476516459,0.5587001496979455,-1.1651641771855594,0.539494070255415,1.5571731907684498,1.0,1.6331115475804767,2.579677555304488
97,0.07753694144003284,0.272838428495629,0.11657639523618074,-1.1552855690263053,-1.2317641126993344,1.0,2.975899257974607,1.054318762928478
97,-0.08966793901551347,2.021501014796194,-0.5417239256451534,-0.8600075534107985,-2.2866009975218877,1.0,-1.033879443932117,0.7973075449482938
97,-0.4208883763608147,0.363508669231229,1.5879065023596002,-0.5444190593633185,0.160428447015305,0.0,1.2060285221429905,1.4031621771353682
98,-0.2578858931753303,-1.579870446120763,-0.3044320047910533,2.083622550781378,1.701124820626472,1.0,7.969446917140536,3.1827231785385064
98,1.1951362997788195,-0.2504520800567736,-0.9950013231068967,-0.7789870127876207,-0.535111980273531,0.0,2.2678323029979444,0.5629693592745908
98,0.32925195374278693,-0.7870174009338281,-1.3728161942540253,-0.43407614653666665,-0.3402146552920009,1.0,0.6154831014595962,-0.3648739162429562
98,-0.25554176629016884,0.7760914277083342,0.36097954841635904,-0.35233539689019594,0.855526910703721,1.0,3.5420734610936635,2.4295878926470365
98,-2.8679300187753016,-0.5452495361363286,-0.26058358970455275,0.011367437587829213,-1.6648914891978834,1.0,0.6416262055440676,0.8663336983102035
98,-1.0523026845460814,0.26758388623344026,1.2173477086862123,-1.3850302220785244,-0.6846262553379704,1.0,-0.8327742006093858,0.24604227440220516
98,1.0405107222453545,-0.3301637944798617,0.3952582039092515,0.028565559129566147,0.5969054611338799,0.0,2.9564552982154853,2.4448962823333984
98,-0.23270294266601158,-0.08445271209183669,-0.2892128498501593,-1.5862158229063699,0.5321271083678202,1.0,2.9461348014964153,1.147892451006404
98,-0.820743162557979,0.10596123713658927,1.470702342693734,0.6305937518824005,0.8511981240702773,0.0,-0.2939466110440436,2.131816116514373
98,0.523990227656214,-2.300835105816422,1.0636096427042074,-0.008291748201236872,0.03271195344778128,0.0,-1.7727749411049585,-0.06430261378552815
98,2.108797426653803,0.5161384653773533,-0.4688949209408912,-0.1665518702123063,-0.8498391128545223,1.0,5.67320912614877,3.5503246804487
98,-0.04207214190164665,-0.7128377106116153,1.8983226016952708,-0.36505217113924054,1.1413630327553033,0.0,-0.5819265833842489,1.6681506240818906
98,0.1936455197127265,2.213697262992416,-1.3643527407737075,-0.5683083471253867,-1.4907077334779653,0.0,-2.3303292825606086,1.1256398436969797
98,-0.40566750209121233,1.235248162806432,-0.9550548385421307,0.8846553763064965,-0.18499116423494716,1.0,1.8839298690898896,1.3635589719925396
98,-1.3024496076127245,-2.112477707388521,1.9169191719258312,-1.8148931709301757,0.06388580205141195,0.0,-1.9735157564047972,1.7876348592821476
98,0.019273271005763336,0.7222267245447526,0.7245437736727012,0.3435363726079044,-1.7735305757020985,0.0,2.1669358355032475,1.7807463383601903
98,-0.5971260335902797,0.9548413105585226,0.8740549594727298,-2.4367421442101644,-0.5173471047084367,1.0,6.616234429107557,0.21040182081300385
98,-0.6159352384420735,0.9199641097672311,0.5325567045283929,0.03300112293278365,0.25194075352706097,0.0,2.5167467521933906,1.8556371654188726
98,0.6629435994075273,0.7429707081628709,0.8755148714834247,1.1036435370310846,0.01983440943217698,1.0,7.36121638014222,3.8356028252398175
98,-1.7867626822737623,-1.2527167242125732,-0.5943206565208642,0.19916510603972687,0.24127516969076937,0.0,-2.8756671873036517,2.470156686324185
98,-0.42378140154617117,-0.9321567992319856,-0.28857940870573884,-0.9915346813594804,-1.0787324011792876,0.0,-2.2673088441649885,0.49628749853955845
98,-0.5116701546228323,-1.7052370898700087,-0.37990567752872634,0.3760164028392185,0.8232827393699839,0.0,-1.1143520774024989,2.1024616531169342
98,-0.25178428588045515,0.35225623806116885,-0.5889445044968883,-0.35395379583479647,-0.06830672352634695,1.0,0.2998478535130634,1.2874683314997788
98,-0.2805356325243106,-0.5965576933749893,-0.4584822510222197,0.3902359234613531,-0.41355828491390983,0.0,0.05563918889352748,1.3846319876575017
98,0.4498451157882697,0.6635832030876597,-0.5287415079299546,-0.4634395913800991,-0.19922965964741715,1.0,2.564569661700885,2.1229610395774037
98,1.8072902367614272,-0.6572894684058092,-0.15502309387380692,0.20985138446108373,0.4063734750647813,1.0,3.3421877478685733,1.6056963933041528
98,-0.7412696861293037,0.08521720875986849,1.2710260426968154,1.3760383207759936,0.11803891898212826,1.0,4.413470031204291,2.286657211835331
98,-0.8135478547224088,0.011990901347033426,1.9948227292007679,1.7109725599778458,0.13394320361943254,1.0,5.650185527281221,2.0979019962971046
98,-0.49801066210271594,0.8472557503182598,0.661077433708749,0.018511388995471865,-0.2906396884266769,0.0,-0.45552805514986816,1.7364858943851822
98,0.7417569040476857,0.29649161870307095,-0.23924722410537536,-0.5930241253287332,0.00027325439772859817,0.0,-1.2781994562033239,2.2945665554500745
98,1.368556588380248,-1.9552424666911052,1.4000890463293383,0.3663162936413296,-1.1116283357818402,1.0,-2.7658291891505753,-1.471935005186676
98,-0.8645224217059453,-1.3570152201184145,-0.7577789810872387,-0.38680393873388363,-0.0003940350025465588,0.0,-0.6741646816241719,1.2162771153263943
98,-0.724036236000804,0.11524375105903976,-0.9804159728504203,0.06792742506649349,-0.2526677523303365,0.0,-1.376099611487382,0.5862619899585402
98,-0.7217140003343572,-0.08214833413731304,-0.6972420008068164,-0.608138056016252,1.1577880351559409,0.0,-0.7745423227058502,1.3501764527682976
98,0.6611603845450807,-1.4078474667784187,-1.6857197747674568,-1.6351358353969903,-0.43232456243995526,1.0,1.5727687233829708,-2.295417241607638
98,-0.3199801204525535,-0.44214397484051926,-0.8506438979476894,-1.6023295097294936,1.1167114211115123,1.0,2.0014657062494026,0.7517835025888603
98,-1.0781242219336349,-0.1865326211346753,0.32441184972416504,-0.9532734047845108,1.90389659663242,1.0,0.6345158575238496,2.1541328003263933
98,0.41641919005220507,1.5501009727117212,1.1852311601779246,1.5002772860068134,-2.6528119976150624,0.0,5.286316227001505,3.0211829694976857
98,1.1166744675797242,-0.4201014163384343,-0.6445008861508934,0.6944391747692695,-0.08366675304408394,0.0,1.728259618404253,1.661705501852077
98,0.8092916790052066,0.010480265869084876,-0.34259895927354694,-0.6849910749741326,1.7390427365871013,0.0,1.9786218133329052,2.715978678743311
98,0.5653698527376464,0.5776344883076462,1.2471546846528119,-0.32889752243659376,0.6895767830328735,1.0,6.224546728960198,3.020017511595912
98,-0.7833935678130481,-0.44750955518305463,-1.4431689504830822,-0.6117453909656911,-2.47852394973144,1.0,-6.870626939223915,-1.4043134233106083
98,1.3225721003909747,1.1767273849348947,0.15743898306774406,-1.9705650629406661,-0.313509643746423,0.0,4.467174486980255,3.730270751973353
98,0.48846932809232263,-0.8350472788221203,-2.755724437301127,-0.6482110909905092,-0.12984615668823032,1.0,-2.980411431390606,-2.274546817910577
98,-1.8507492987785341,-0.9547685880123702,0.35113300897879435,0.19985770702016456,-0.307966413782542,1.0,-2.0058089777919346,2.424774106167565
98,-0.8223839261402628,-0.012969194975667368,-0.6558714323242589,0.12596136578217212,-1.844883625002506,1.0,-3.0710817011478824,0.19810903714827643
98,1.5761436759794107,-0.5917926253953522,-1.7798613112006265,1.0143800626407877,0.8942905096675682,0.0,3.3677885081459857,0.4162846171388168
98,-0.6654757206318306,-0.9997639959972205,1.3989524764632717,1.3347579818173956,-2.1953826943188286,1.0,-0.8706987839933833,1.272862020609344
98,0.2439792651267418,0.014499562226836767,0.02188370012274305,-0.27975137433140734,0.5157004327601573,0.0,-0.03680827125415709,2.261453946879519
98,1.6506181069589096,-0.12362816419951439,0.4364004046405511,-1.709956406367839,-0.6779113039664374,0.0,3.891744793801338,1.4899774403392962
99,-0.637006330568287,0.5260251481453557,-1.739237668584026,-0.3940692355013595,-1.6849431801733958,0.0,-3.0233222832092177,-1.4673429371400575
99,1.767793809573328,0.06787181106437681,0.6594237363938154,0.1345748030409186,-0.5631525604248507,1.0,5.407862151687201,2.943584584503666
99,-0.31751112236841966,-1.3545667686632081,0.7837642955350423,-0.5045814959016927,-0.5103324911432523,1.0,-1.3058155545312895,1.1867373796689265
99,-1.1100107408794075,-0.8358981727985066,-2.06627498108657,-1.0985747557795125,1.5394710882035247,1.0,0.06860464098004904,-0.3332406287195581
99,-0.32488167344440366,0.010732793697697135,0.5388350370662626,-0.2349790386230345,0.5597850951953388,1.0,3.5093925926326506,2.1295662675554836
99,0.9870364447827165,-1.6720151751131445,-0.8690622700365226,1.2528978491149532,1.0823980637235586,0.0,4.395093461559856,0.38583053994045624
99,0.4604417150349286,-0.1912084744888435,0.29678450338273304,1.324653180372064,0.8420034383460968,0.0,4.0118249630541,3.2345786163059715
99,-0.841779566330652,0.12826928652825445,0.6319199191958897,1.9672611198560477,-0.8191918199004115,0.0,4.920792007019918,2.2321599147338964
99,-1.4172658453411098,0.20840930938353391,0.9971816753535336,-0.7580270798359838,0.29631236649613735,1.0,0.9592988417769358,0.9106055123353427
99,-0.061389593318704735,-2.5797674722789625,-0.7948032883689469,0.25083086181820136,-0.059728379838270965,1.0,-0.07590101796810156,0.2363671177519745
99,0.3531778123876084,-0.8944570008576199,-0.024022793036823236,1.1606771928940176,-0.8047887671824406,1.0,3.154186023520157,1.5791023218483737
99,-0.33256675900088467,-0.17951190639408254,2.8585335790962723,-0.3364114257016016,-1.0114807714149274,1.0,0.34147034722300695,0.5987755008348083
99,0.9953589409653738,-0.20134881916308142,-0.5051664320014354,0.7633393282752131,1.7718175383916412,0.0,1.455564668309862,3.0866798720920365
99,-0.9027771415132682,0.88057467264518,-0.9537704586529484,0.19596965861847315,1.8894892125878953,0.0,-2.3380176271088784,1.3383922984825256
99,-0.5761101854856089,-1.3607109144704934,-1.5771230254734498,-0.40005661254326036,-0.2884553476298089,0.0,-1.4720213521754208,-0.3236352819454762
99,1.2639869084262987,-0.32038092546396646,-0.7037012467157406,-0.5023982219393236,-0.2909005033430407,1.0,1.8801494007984945,1.0807982552481383
99,-0.7275780759036669,-0.5542602777689768,0.17323856803597043,0.41774609368235033,1.1434133956002952,0.0,1.2125495478893793,2.6145791690302307
99,-0.36834236277062243,0.41133295385067115,-0.6353970593665508,1.0203419552465025,1.1997263742718574,1.0,2.2308546221483794,2.4671556848384553
99,-0.021950103380398787,-0.49604964083442327,-0.9495779042757783,0.288190787116348,1.0073312753879016,0.0,2.10596949879484,1.5068869247475005
99,-1.053449742271924,1.5178155179224233,-1.3514321980600734,-0.3947480483819668,-1.573040886135826,0.0,-3.102414704157237,-1.8087610107771266
99,-0.8372828024341171,1.1099372535267755,0.2133850042612538,-2.6718825457165756,1.0896107565162616,1.0,4.75759608328133,0.4998721340824077
99,-2.2945006404655426,0.3306144096735911,0.27126300714728124,0.7089166070801176,-0.34604849639845064,0.0,-0.29963238146714255,0.5399607128224932
99,0.439144739336605,0.8317951603759206,0.12193998792124505,0.6344127038934426,-1.1855047393301592,0.0,2.634360909414328,2.778746922503194
99,-0.33099297332685834,1.7637499190004182,0.2767144134311043,0.759165681276467,-0.9850108711611039,1.0,2.7470782463803314,2.1199824944692818
99,-1.0386398645769757,-1.8141777041012386,-1.1931814251487813,1.370784439688597,-0.2823295130163574,1.0,4.221441293975631,1.7742097113222401
99,-0.652679418152814,0.9320614110345967,0.16218894129976377,0.1346921038312659,0.42615099518257044,0.0,0.3631982177630092,1.8797458974817425
99,2.2756943021499474,0.4288305445499537,-0.7227637659133663,-0.22412822160454954,1.2400607198779332,0.0,3.2673452186245564,4.2247144916354955
99,-0.046549540708135016,-1.1328333071237886,1.7628038634396228,0.06360359775873044,1.4444312256232497,1.0,0.7063267416336284,1.9076308670705022
99,-0.0023521217768184377,1.149383685059097,-0.6764907696997148,-0.7057571024863706,0.4175549156531539,0.0,0.5124881377871497,1.8682403189522407
99,-1.2573815561872135,0.49347912355139945,-0.7688385441675497,-0.8027080549024476,-0.7684057531413157,0.0,-1.7854590947276525,-0.4537002252016724
99,0.8029606491718149,0.8112107965667634,0.5126300881841406,0.38282004072469944,1.3595165634116104,0.0,2.053464382563911,4.457396958229246
99,1.1993222812022284,-0.03411456148081288,1.0284633910748109,-1.5834995405891688,-0.6627340307824003,1.0,3.7394620937736676,1.4489399859583258
99,-2.016442834314351,-1.1653041172396252,-0.3751457346226154,-1.6550870593063063,0.8974053173045535,0.0,0.5404211710659317,2.1229361563580524
99,0.24077114456952062,0.8205720185329533,-1.4713986690093044,0.03707074830713931,1.7777173399758486,1.0,2.6177718548118563,1.9991704208522034
99,0.5827824096501766,-0.8425172586689443,-1.625143473979678,0.37695211977248244,0.9280780233633528,0.0,3.4966119286172455,0.16475127415565327
99,0.20597470090322115,-1.3161807982381144,1.0024147344207137,0.09957435814065345,0.6940219137246998,0.0,-1.5895758523829013,1.610071311880671
99,-2.0332145206150534,1.0531958255343428,1.3901088941265052,-1.7140784366476047,-1.3632701424053715,0.0,1.4625771780322903,-2.29529637816504
99,-0.7742027844956295,-0.29872116782645847,0.020137158262552034,1.2965452608557966,-0.7702769987336291,0.0,-0.7138823874298634,1.9678087482302422
99,0.1532061408270641,0.009990545337746458,-0.6451650661194392,-2.0788181086829103,-0.3976364272166403,1.0,3.994571570198719,0.3213196735325423
99,0.5647850071559248,0.2699928237161923,0.5388785314433351,-0.6506390740913262,0.5230185002499383,1.0,2.923240322745783,2.633790522336583
99,-0.8661842293910589,-0.2583327729205115,-1.1257037824631018,-0.6716261165857991,0.19319173772945292,0.0,-2.4458170404013435,0.2899776019814708
99,0.956019281684791,-0.046138762935637775,1.2454122777504537,-1.009764058414286,0.8104048121849201,0.0,3.859185013824126,2.2535299347915547
99,-0.8860971469496375,-0.4869276426798155,-0.8686154591988146,-1.077598711710226,-1.9411907270175754,0.0,-3.6002324420462513,-0.5528654753788662
99,0.7620505576180631,-0.6120266952831369,-0.2196849783614501,0.5002525865561456,0.5896536753310933,1.0,3.5283187160581493,2.01969343647225
99,-0.6140379539457264,-0.4226422509739878,0.07537008944132947,0.01921535423082085,0.5529179523563936,1.0,0.2380275222572099,2.0620909977222572
99,0.4247910014602535,-0.2708918164548667,-0.7668395953922815,0.14673254129604427,0.36671554952488966,0.0,0.304793446910478,1.5552885838826707
99,0.31259677437253425,-0.044144914134201886,1.2164941688649686,1.679368461231553,0.43111966239574595,1.0,8.109432432037115,3.1308534700887423
99,-2.3476776289027663,0.6707831708117187,1.4750868909578574,0.41995400472502176,-0.32227221096422454,1.0,0.07450758084458986,-0.5312821490260167
99,-1.133018889271094,1.0418825961586262,1.100567125663798,1.9842645087052952,0.3039741487779731,1.0,9.54897733061307,1.9214527051083805
99,-0.8045141238785207,0.5940357112332908,1.9115963642945757,-1.1282814582029084,0.23250356827294025,1.0,3.5855799493348735,0.5905186866643778
