rep,X1,X2,X3,X4,X5,Tr,Y,ite
0,1.8889435374807084,0.743270582646955,0.8370513425844857,0.8015782263311549,1.1678941440740318,0.0,4.035385349989387,5.7930206987137485
0,0.4566279351663477,-0.2728096841511034,-0.49062074837667446,-0.8949238425866715,0.552341701668784,1.0,1.8192745708685771,1.4327757064718056
0,1.1815493681256894,2.3488272946382165,0.6574717953852299,-0.11299580203202297,0.8115702358173048,0.0,5.248987703348826,7.010006641741809
0,-0.5268693882591773,1.4188634110104603,-0.6702240848715904,0.055935967848806445,-0.8085969932616521,0.0,-1.6523253414390562,0.7706812514884399
0,0.7952100623425986,0.5113359660806482,0.6520182762598976,0.11116536065873994,-0.23192175318419994,0.0,2.565033911866233,3.120384206167762
0,-0.7461230955859228,1.4237344938512684,0.49625763398257017,-0.15669610689566582,0.9604894981468125,0.0,0.44471793327871134,1.8059206220528323
0,1.5098322122010186,-0.1515621986729504,2.019593749270106,2.6964642359103403,1.6440820262720728,1.0,17.600474287287817,4.1964891603791346
0,1.5126089036163533,1.2183694065215107,0.8402317130893715,0.5589131315632099,1.9876592814266796,0.0,5.576371235519568,6.569097894673458
0,-0.016895896366202368,1.3756257054001915,0.8353178032639608,1.4852439029985451,-0.2591676574841725,1.0,8.903899410032768,3.3577615618677457
0,-0.14250978004711023,1.4370435278437803,0.07882001762738883,0.22793864662116176,0.15847841266471213,0.0,1.341121112174025,2.671987965542225
0,0.968345896030421,1.6294428329110275,0.6229316525281781,0.6585786432691384,-0.40177852597532093,1.0,9.6271844120936,5.128796097880564
0,1.680838107088357,-0.25646054121148676,1.0020784856611966,2.1959995766772606,1.193726800272378,1.0,12.9368002175865,4.015574718281995
0,1.2796470574302239,-0.7177752641987991,2.2812770664756004,1.0544288592814512,1.9968736162336933,1.0,3.7386965164757617,2.3765283925521334
0,0.666290288190369,0.05829783871471628,1.187356017109582,0.8771245303735472,0.8093048022264857,0.0,1.650220208739861,3.212143184061072
0,1.6533513715815993,1.2874486814741437,0.9871542064664449,-0.5163462613916701,2.356225974395449,1.0,13.151069663059781,6.563588822521149
0,-0.382912569198804,0.6043615951601032,-0.16427645066170582,-0.29771078081881974,1.1510575193141879,0.0,0.622303722838885,2.2103789475643625
0,1.0848635679853333,1.2858165783007132,1.2366533003049132,1.2440055276752973,0.3629414066007335,0.0,4.371299079723499,5.330035465973902
0,2.0320443306461904,1.7817829592402055,1.0661623393555963,0.1995222559924692,1.4119734751032875,1.0,14.99186219820999,8.349891724008916
0,-0.5537756575598776,0.6777937220876458,1.4909518397977786,0.31673596100403245,0.22412005362764237,0.0,1.9313969522784433,1.7823269727164002
0,-0.17071366090589946,0.18810018453277666,0.08279215775017978,1.6853143221352813,1.4097991886060999,1.0,9.218909158509804,3.5621095114982393
0,1.224456193884003,-0.7346308527370464,-0.09336351218225325,0.007113090068754102,0.3308833897655078,0.0,2.1508503986179655,1.4633506488261845
0,-1.0352592601999187,0.4619348050849922,-0.3846879639452828,0.1682881577630373,1.2642087809421356,0.0,-1.0228985402985646,1.6859355507926665
0,1.2246634645674264,1.9939187239031393,1.1652339932192213,2.9305891923193452,1.5046211107225462,1.0,24.504693927844084,8.245928195029753
0,-0.5582910373180834,-0.917123521190655,-1.6902693409251648,-0.19768959535599595,1.1647228705767012,0.0,-0.6465564179302028,0.29350753531993595
0,0.22571782214030017,0.597379898129082,-0.4055783763778099,-2.0887552913121312,3.1464247894237176,0.0,5.885925386206548,2.791308062904027
0,-0.45522619582486323,-0.3258903912658443,1.3774457822325945,0.061324920232468105,0.7569425603526351,1.0,2.509051513857821,2.0478002586277753
0,0.019479493646353985,-0.8969622445985503,0.09514024902400042,-0.9779111241255998,0.2556738895970609,0.0,0.3263431850100308,1.2257153407663763
0,-0.44411494078587865,0.05935254900471565,0.4498417842445735,1.09210135580369,0.007029477499739534,0.0,1.801023578098124,2.4562616685795557
0,-0.37380159809328184,-1.7884865718516432,-2.1184079228486965,-1.020984025425124,-0.08028703226207523,0.0,1.6494316587305866,-1.5430940036207215
0,-0.5409139830090168,-0.6392544123734998,1.1897087882692148,-0.213557983187188,-1.058479576388979,0.0,-0.5291592685591566,1.0864632754396033
0,0.9780435478615404,0.4777182054347188,0.25333821932376765,0.3635227036691387,0.2315639305734163,0.0,2.2563112594231916,3.5874036478860436
0,0.5084680578332387,0.34764967598470287,0.43504005516136834,0.33974132253804434,1.2957183715674399,1.0,4.191010140568841,3.5469306590069074
0,0.23333356800120825,1.1718901201731469,0.6298229125325949,0.8691675583637769,2.5645415468711468,0.0,5.034637946397774,4.815950981811168
0,-0.16667048534074935,2.333489679780099,2.0333964605661135,1.5409336996783378,1.4508519296014462,0.0,10.415216544073147,3.760800324674334
0,-0.221213852565745,0.944047402836907,-0.7490065419313479,-0.6392246160059367,-0.0005189040059592198,0.0,0.9141920581305502,1.1905710683927984
0,0.7292192234914805,1.5727781365886297,0.7050136174784408,1.601847096387203,0.9806643929855708,0.0,7.281386692325408,5.703264012057945
0,-1.7015909006414414,0.8659128966726508,0.8243421097447503,1.1097092069404826,0.6854396103180038,1.0,3.845932182431857,1.0975170263615353
0,0.4739974831908684,1.0275277084506367,0.19030893459062265,-0.09896206662038953,1.1198842580277604,0.0,1.8935572525500919,3.8253695497454974
0,-1.3761998384132728,0.6576225960091246,-0.37313725307752066,-0.04245581847989466,1.3457513843054136,1.0,0.09003901642827833,1.1319587050019995
0,-0.647361385604966,-0.2697605087664289,0.6601162686083312,0.06077189717680942,1.2685083910130583,1.0,1.9086406910295124,2.500690807864629
0,0.6293224764233386,1.6966214143203926,-0.3417019672146805,0.2932817232585138,1.624227438518086,1.0,6.811996598659606,4.960783248936018
0,0.37029536023094783,-0.674198979703635,0.311121086026402,-0.013964677843752993,-0.9496615308118219,0.0,-0.45144252261574924,1.2241338494126928
0,0.02909955426564037,-0.7178739426163825,-1.8237892493582835,-0.48279258964244,0.13612464740073715,1.0,-0.9445988549633098,-0.7008083284282787
0,-0.33410080158264976,0.4534817737158674,0.07206849068610849,0.7876973149101454,0.4168746287152225,0.0,-0.2606906465011263,2.5439062692620382
0,0.7523072020159991,2.604292814824109,0.7852702633903477,0.7233921285035504,1.1647965399785272,1.0,13.134413952370846,6.681454929472026
0,0.3070201132562421,0.38482412262787097,-0.21632357628162346,0.23611771229351847,0.26266543600175063,1.0,3.5172703887234977,2.581993806595327
0,1.5530529261475186,1.0616983139930483,0.4634854940828398,0.7423856825857422,2.341455749862707,0.0,4.25037287019127,6.624412435810334
0,1.225326685570339,-0.8297087454623973,1.638489943106516,1.1684572477839104,1.8356957949559178,0.0,3.8931616614107103,2.4348242679161105
0,1.9337869102509908,-0.7983518368463065,0.6408243237408848,-0.45768173510262644,1.328666715598248,0.0,2.957229180389925,1.5813830599962737
0,1.5247922353926102,2.386450953269488,1.927247905588758,2.648145753500891,2.4182909483086372,0.0,17.147522843894066,9.74235471540415
1,0.5695806759953174,0.10401973414442806,3.2620392984168007,2.2644256980176993,3.929134699263975,0.0,9.670033073218141,5.131092615420908
1,-0.17947207693060585,0.8697248586677386,1.189103707137126,0.7290793886166353,0.43866828268266794,1.0,4.943525731578754,2.7399525666873106
1,2.146024843261666,0.6570160624439288,-0.3654780613564115,1.4733692261588005,-1.0061132071291048,0.0,4.154192731042424,4.796335234879791
1,0.9380686787123187,0.25074465503581944,2.5152595449094517,0.49151861668753594,0.5404288850592961,1.0,7.203106906980699,2.7930434965760953
1,0.3473479060804787,0.9167501056759286,-0.3972778254532793,-0.5700515821709198,-0.06548350044836093,1.0,3.301502434688768,2.3561914262038774
1,0.4901929220039429,-0.1418161674534475,0.9750586995385147,0.8457817859390608,0.620857573389511,1.0,5.810789910521173,2.8866395920611008
1,-0.21345973476424163,0.8533382679335496,0.3682875356745465,0.8839676791625347,1.7660857126159408,0.0,2.0765364489980422,3.57990160176352
1,1.8060222464879498,1.6608605090562027,1.4465091464784425,1.1730266947182266,1.1595527569774722,1.0,16.94642311828829,7.746504148271546
1,-0.33232221469151124,-0.7404382348995673,-1.6410818725752145,0.8661807567380436,-1.1224940902812242,1.0,-1.1770399685804365,-0.3092414447516315
1,1.3125184919660313,0.6885706006011929,1.2043079888055506,0.3372798795524793,-0.0013946543929006516,1.0,7.56237850601818,4.032741990075482
1,2.254871287377973,0.9571007546575683,1.4047652711210985,1.5525453608635478,0.7979483237728007,1.0,14.648078738164875,6.807023805447602
1,-1.0203670454509468,-0.32565329249680663,-0.3568204714511465,-1.0656789483513363,0.3975816982513314,1.0,-0.20730127669607445,1.0838290152548187
1,1.3741598052199164,1.7821903251449218,-0.2938486661469776,-0.007183885967728454,0.6961882290849895,0.0,1.8326742477533347,6.1819034604585905
1,-0.14732039402332764,-1.5315428231469999,-0.49206720477314736,0.41065314260499913,-0.49479516863253614,0.0,-0.54823026246849,0.9794493621532188
1,0.45305139065406763,-0.9887172703570413,0.6939252124014035,2.7040224240379604,-0.48716140829960586,1.0,11.237238538133479,2.5083619762920932
1,0.5641519759738229,0.26172068425032935,1.116825436067416,2.1061803359607163,1.6629755157677735,1.0,13.341367987943045,4.442114887689099
1,1.5681795211238236,1.6067968995729238,1.9108674700007466,0.9280221152100141,0.5967918246003704,0.0,7.707097540199171,6.491520745883407
1,0.4508995501417566,1.0095505669403453,-0.18480352877616546,0.7937558687786149,2.0308586585755792,0.0,3.1296288648286574,4.488308826168251
1,0.1029157784419556,-1.6760248992639162,-2.0077379177619927,-0.5819813780809442,-0.11460505317666259,1.0,-0.9995957742357219,-1.7343765187483975
1,2.4090148538673866,0.2478065331346085,0.41476973336987216,0.942745169386751,0.37760468727051744,1.0,8.106863862266144,4.708149245140625
1,0.035490447504098244,-0.025519784923946465,-0.055358425985203796,-0.5867535389280427,1.2936168764403035,0.0,-0.0662559289899518,2.328300192075168
1,0.5355058300687214,0.1851692482150437,0.43468070571177253,1.1645373428885133,-0.35516991014444843,0.0,2.7687332955043047,2.9885253703424306
1,2.093549517222062,0.6681082653814666,1.052318972841352,0.5389878621230575,0.7873621532850346,1.0,10.117233510117435,5.464439302783269
1,0.46853197892402243,1.2419795354022845,-0.6132947850726036,-0.32449550551374584,0.2979432305725531,0.0,-0.5650000948489011,2.934995453880691
1,0.8554448163095294,1.5358967332552338,-0.7088882184560037,0.032326747697860814,1.1943576772054842,1.0,4.307390256550079,4.527529880763911
1,-0.10918164657225404,0.4123042450938916,0.43461410982902665,-0.21448224300158414,0.6184218346985008,0.0,-0.8678867356693737,2.43285468656128
1,2.6895724394672134,1.2303112512692622,0.6058495300039111,1.7303540221615987,-0.2870830999272008,0.0,5.977856004331232,8.115531925308883
1,1.3040419766833247,0.5101464850167782,1.8757614469421506,1.2502553745854021,1.6167407644156364,0.0,7.363763541178075,4.643465549555624
1,0.09433404738108114,0.06789981912232795,0.9897675522898844,-0.5096163848491768,0.850541841821373,1.0,4.106994431735608,2.3017528807177694
1,-0.802930531653953,1.7595837671479684,0.80478155651728,0.969843082997611,0.8368911636722973,1.0,5.075750841693089,2.064529668934732
1,-0.31581400690840156,0.9761669199461395,-1.0530010851503497,0.2909459466187595,-1.189531551029249,1.0,-1.0835997489294398,0.5410615254886495
1,-0.20282686087931645,2.1510809686228693,1.5773350675838904,0.36300409892411833,1.952094665223348,1.0,7.872951055069473,3.4775082751794653
1,-0.48244969835298057,1.134708291066426,2.385070538741765,1.7290518614739852,0.9911726063380761,1.0,12.301474258553299,2.6041095150041285
1,1.971200959808818,-0.09678314475618177,0.7145497244960299,-0.49324318770816655,-0.054252638566308575,1.0,4.664104199120836,2.585345201917854
1,0.9291978685299787,0.5835018219160952,-0.1328887757950875,2.4602583937153844,0.7959363465631091,0.0,10.149505130242746,4.851374749632939
1,0.866831719050779,-0.043590265679741114,-0.6538532631154039,0.6321845491273574,1.6920483338078314,1.0,4.663081944020481,3.0027710635527116
1,-1.1736835517072743,2.6815423716907287,-0.6295292835447681,-2.2704208390195952,1.0429040838633414,0.0,2.6765233109037716,-1.513571045303253
1,0.5688364096453403,0.28456263857667985,0.49286319222255315,0.5559362979251621,-0.018686950033462102,1.0,4.811117050930639,2.984607135261337
1,-0.12666966827854298,-2.285669347413039,-0.18057859889056727,-2.588293874813529,-1.7927832920339402,0.0,3.9528987648577467,-1.2137324708861834
1,0.14592602913384567,0.20008897177342894,1.382556527965225,-0.09428256699030058,0.22694354889407742,1.0,1.8522353845877328,2.14694452280622
1,-0.8305008504156914,-1.2985302508695862,-0.7319792046989746,0.27909677552572454,-1.403728349128026,1.0,-0.13191107074677055,0.8294626100185947
1,0.3775945231471737,-0.7060498877327948,-1.4783021135923227,1.3936534828226135,-0.7157018266061215,0.0,3.7772058343662502,0.2613589038493121
1,0.535622277347637,0.45913460901843933,0.7495612865230754,1.4301312332027822,0.5230159661604724,1.0,7.776168809949657,3.826643253578521
1,1.055297254147349,-0.7999236766868212,0.0051120643776522146,-0.7843296515270182,0.9248652270829448,0.0,1.6464117214394174,1.3563402825893545
1,0.4609221648330509,0.8309512853703667,0.32507708517866346,0.5198154239978436,0.37966171617938393,1.0,6.464870776205219,3.588843812727874
1,2.2199601642308404,0.004772876453424446,1.4409825503133067,3.1344296654268153,0.7749085216380667,1.0,19.837251066571348,4.927571972855014
1,0.9801505338060778,1.1737492087881929,0.8611079111846096,1.936226891829216,2.3174348515753254,0.0,9.775492719897947,6.4363830578013825
1,-1.876610486094191,-1.4127352221116138,1.0051965212651675,-0.5919173984943575,0.9124014891394833,0.0,-3.025295325861481,3.205243492322812
1,0.5117245045353708,-0.41397231813702695,-0.19162980617984482,-1.1359250273770887,0.8257952330155223,1.0,2.449916230605994,1.5678516411648098
1,1.217491821098157,0.8352924684525156,1.1574133388728023,0.6640151003187125,1.7245008651422544,1.0,11.435355879722575,5.218028195279709
2,1.3060724775734958,-0.9882017311786329,-0.3840220573304951,1.9128279549922376,0.44546271929839587,0.0,6.576422368882919,1.7825718630320595
2,2.6841898050277275,2.120542370110314,1.7222406916268596,0.6612197299515361,0.736517986287238,0.0,8.147809670294624,10.503427380210532
2,0.45523764061182725,1.037820794371707,0.5637101865159627,1.534826849890823,-0.04012419867209982,1.0,9.612107428165638,4.093469210401062
2,0.5263265460858535,0.5051413987852288,0.6655562032601422,1.1590588440469043,0.16314346824460818,1.0,7.0999302403608775,3.562056011042677
2,0.4832430250906528,0.17572335479260343,0.5939738468806421,-0.768587185133548,0.7464888426818874,0.0,3.2497271907886622,2.5290612582345813
2,1.6050403582017492,-0.8116090416426749,0.37109601098678013,0.01816971230798825,0.4391318271019611,0.0,1.4730049398261373,1.440179617784492
2,-2.1587569304812013,0.2375862975710588,-0.12799465590849457,-0.633268913929204,-1.1370185859347965,0.0,-3.163629707304988,-0.4307975999429714
2,1.3677136072244185,0.19234665006716667,-0.9042016967254289,0.3605847971669177,0.18870854493589534,0.0,-0.26163882326054955,2.4839642707566756
2,0.5211971180618288,2.2354676202914465,0.4212424168510106,2.429930691476292,1.1197455825713212,1.0,15.370518540431396,6.4414926231051854
2,2.005621017320582,0.08962628159652003,1.0894497505064584,0.05786289602146516,0.011757919823717489,0.0,2.4674689156764025,3.2698884495555753
2,0.4862344157578494,0.413132251773874,-0.03303253663055428,1.6169047451169494,-0.37769878396354495,1.0,7.596794974384259,3.2531036404678937
2,-0.7947361275873446,0.6242108044008945,0.22842438806182064,-0.187540634464609,2.3045230009895725,0.0,1.7773418302417576,2.5653822285879335
2,1.2074598697856977,0.0891823551426803,0.39056860481926764,1.2498328171957866,-1.9457033607314727,1.0,5.520765024334413,2.5280469914207995
2,-1.5333377416463776,-0.5470388321620558,-1.6317690236998659,-0.9485718200974453,-0.2587685709910985,0.0,-1.584798711918063,-0.6818826313331046
2,0.4633756783693855,1.888484494580774,0.3977349036715684,-0.4987816085460606,-0.3140457415414798,1.0,6.3048999134815125,3.7654023475145078
2,0.5670856632512508,0.8758102452358452,2.009516257996766,2.024151879335534,0.9654358211339339,1.0,14.29218395581025,4.292878395237407
2,0.8323150614314121,1.4947341539636942,1.807346969320991,1.5565457933873306,0.8824746497481789,1.0,12.902993224960081,5.29644733603726
2,-0.4785051223028317,1.1054919434582948,-0.2824003684722748,1.3989116880123076,0.19212714839998585,0.0,1.7991098020548495,2.3992184018119818
2,1.5158024565090917,2.470098400628083,2.6950823960848447,-0.6583257708779775,1.6352149718782372,1.0,19.14627346393054,7.671157916575476
2,-1.7202364453841192,-0.43260523018353547,-1.59053931847918,-0.4298872018923462,-0.8903210512926101,0.0,-4.154540353939212,-0.807353049310298
2,1.263660481281815,-0.8736780226383494,1.971630703662035,-0.38482433436763774,0.6744528277083107,1.0,2.1754731760124333,0.8314017185980163
2,0.7078226622109647,0.9529249193867326,-0.40528570435072786,1.2860704331357804,-1.008640786486772,0.0,3.8285355015046516,3.3599374020569
2,1.0890230829182461,1.7699833339524222,0.3314915369950969,-0.1955085021126457,0.37062123634832345,1.0,8.433997781720446,5.555916020326464
2,-2.0036302783315016,0.35242922197094917,-0.7479522523423299,0.9530412690046453,-1.0681960086620035,1.0,-1.7176916294319151,-0.23020872630153033
2,0.4196847808114491,0.4440084349942313,0.9015103557672988,-0.13525859998664924,0.3818460935674305,0.0,1.4591045285741715,2.812665272700424
2,1.6938321284699023,2.688154192001643,0.25092397270857014,2.1723583230341874,1.990227084443931,0.0,9.003014851476905,10.919713200666754
2,0.28173184004424967,0.9890950401028076,1.119543649267119,0.6333576439988835,0.3936709776040109,1.0,7.270376391346826,3.42345230352751
2,-2.317593452490688,0.13931741021200778,-1.6922735693756144,-0.8293085666133471,-0.18939313410436365,1.0,-5.5800614246718006,-1.8886854692375001
2,1.2991761278760836,0.8365612887587983,1.0228391490667723,0.7454179667730143,0.24647002829879266,0.0,5.500586808803197,4.68301731968975
2,0.6761524988706492,0.9511417995750732,1.3457814805813357,0.37328457913644,-0.7711266738666129,1.0,8.013369365306442,3.153854580820103
2,1.5794939783527535,1.4027263359696085,2.311318617491876,2.1324075461074976,0.693377744104847,1.0,16.732870990569012,6.6005863970539425
2,0.9748562119307886,0.3249651308323255,0.612753582947211,0.8352829800915238,2.5557286435219013,0.0,4.028731225526212,4.786655025510973
2,1.110703681817757,1.4209798659717312,1.6901635098382028,0.1430732367282187,1.376923155258352,1.0,12.050666679406527,5.330125376509317
2,0.17757663819172292,1.3360798108951304,0.3091736446893324,1.2392115137935829,1.8266829986062774,1.0,9.455362303959202,4.634204195787218
2,0.23232098148233443,0.4841546913250343,-0.35906434212908334,0.783931944010201,-0.41791498983247233,1.0,4.642426758381851,2.4104194576267908
2,0.3333507667108452,0.8937482077541876,0.26382093440044274,0.8767494264569815,1.6263999557619149,1.0,8.81101200440113,4.26036693402791
2,2.4314898496683988,1.4557302361735185,0.6209814756720408,-0.0711740218487813,1.9168296412588786,0.0,5.298833097522435,8.529829676450454
2,0.059655114997241854,-0.6626687544888159,0.015005080303780949,-1.983532102396273,-0.44166378974779086,1.0,1.6872749344370097,0.4537536194747188
2,0.7209917967805893,1.4193891175034898,2.9362134391641295,1.417498985340834,1.1810723104695466,0.0,8.524938140162886,4.881967016267459
2,2.111948749163158,1.5224586935555946,1.4655028006515458,-0.04352225217288075,-0.2782985774916187,1.0,10.38521149824083,6.709498514236472
2,0.5021574782881901,1.0297759658464791,1.1073455890484802,0.36360910383757106,1.081568841217242,0.0,5.405016561937071,4.006375691161661
2,0.8002317185764887,1.4083687376416942,0.23594272598277832,-0.7748243363142187,1.6519537736582237,1.0,6.179715793772855,4.760152047165291
2,1.4907821713773846,1.7415381555995233,2.0477336488741673,1.5696321550302095,0.30288607601632056,1.0,14.71667167822292,6.713479702309149
2,-1.0430695814413222,0.1200288342362128,-0.6872231386788548,1.6914220365151662,0.7438547541518475,0.0,3.1819442783575655,2.060318641188931
2,1.4787633567369127,0.6196313002694305,0.21364608200986396,1.626355701926602,1.750578810968846,1.0,13.00736416175931,5.738040041076838
2,1.635072797951286,1.0214203169080611,2.142764646519436,-0.4564824535789249,1.6466959304757343,1.0,9.870532187993017,5.123544061972664
2,0.38247248455655447,-0.7645060978878282,0.3657943281207023,0.2969708128438411,1.21900918448574,1.0,2.8910103058027303,2.3913077409779087
2,0.5698210196900405,-1.3114961004013204,0.9068611155451936,0.00403139403954178,1.0782169654237364,0.0,-2.188242080456239,1.492620034841496
2,0.03563103647780019,1.2717424387935337,0.10240830518235733,0.8442351782244844,-0.510239652672716,1.0,4.459660610916968,2.9119630049277285
2,-0.1206505139641979,0.7004703137692725,1.2239809979102494,1.6310161006063388,0.6660985428556484,0.0,5.231489010542242,3.305850097727258
3,1.924730906790428,1.619776248565489,2.0171890342874392,2.621689782109385,1.3508176120407513,1.0,24.28731725886727,8.453020664530056
3,2.0300095389364277,1.2828688349240078,1.5400335062355444,1.8471351004707168,1.9408950061468482,0.0,10.087309915859361,7.955464934174045
3,2.9093658120741916,2.4489318118725847,1.0522299499656644,2.302703814010198,2.679367009296964,1.0,25.064359408643003,14.316773190146016
3,1.335328214439758,1.7894978789816978,0.956406437324119,1.8428309379522136,1.1051110563972752,0.0,9.420794439782133,7.480614362886232
3,1.5406914800870921,-0.40830108241531704,0.11600823562916707,0.7633355996270442,-0.23656159550458788,1.0,6.429430909578225,2.2517989074460627
3,1.124323786333994,0.37001141892987544,0.8955336774925753,1.0113275783082756,0.30374163266443477,0.0,6.262521748811599,3.89358403368984
3,1.1295401821993027,-0.23928927471174888,0.4073571548898996,-0.5464367464751547,0.6651298113389743,1.0,5.251396477016147,2.3560347940948883
3,-0.05924163996371312,0.3122919598681684,-1.280317643836973,-0.47990710128224323,0.7694568739856344,0.0,-1.1504170248613481,0.8990514238742549
3,0.18285875530721446,0.9312568892285616,0.5984962705035166,1.6038981688569753,2.4621428731093493,1.0,11.648716672138187,4.885798705145055
3,0.27051173011824026,1.116050624706736,-2.704374235433066,1.0307815130199998,0.9628568876969301,0.0,-2.4864297646147664,0.7338850983877966
3,-0.1851014905444196,1.0299077774364735,0.046175094125087246,1.0703041681516714,0.37041770871385427,0.0,2.580739115822328,2.9741482839597797
3,2.1231400416479422,-0.44605545020530224,2.879512229539577,2.1251618315088154,1.1505299365224642,0.0,7.596413516186759,3.003253056769761
3,1.1839360551176157,0.6517190133853317,1.6124431257081766,2.14354107722534,0.8000409991907755,1.0,14.297217850754507,4.925799012197963
3,0.7551128899931869,0.808869694726851,1.1238732607030146,2.063737051572584,1.9621031177586679,0.0,8.416245040267729,5.399828803430279
3,1.9437042302202006,1.1519755027054097,-0.2750296845557254,2.2934353945605768,0.04026125232879746,1.0,15.348023157787582,6.778690141802202
3,-0.31194548024756974,0.030380858182257275,0.505921411244535,-1.2493112369039274,-1.3741100227249794,0.0,-0.025747763641653293,0.6657189107417748
3,0.5058149509335805,1.7461993036034098,0.979464809263448,1.1258441444319616,1.3870390587707684,1.0,12.3598910608327,5.312901790044673
3,-0.44111252824697866,0.5453276181059254,0.6458650333601151,0.2563515679483608,-0.2517951249491245,0.0,0.5383535437562881,1.9353468500897344
3,-0.8042710756483069,0.5719000776063435,0.24031606340480932,0.9314826588337304,-0.09468364430180942,1.0,1.846683377334126,1.9336721466029938
3,-0.4059149788830133,-1.0614664641687734,-0.4424175827161261,0.7349786200992483,-0.500573852851196,0.0,-0.5067304910422861,1.4968872844598244
3,1.8268599393910199,3.181107790581794,-0.11878812325871235,2.3601598483135398,-0.08191192807631453,0.0,9.135683847309728,11.38810513219049
3,-0.37169816530474153,1.322750391732278,1.8667880066956233,-0.129545111134849,1.6145509686759825,0.0,3.7579265376392064,2.368070603108488
3,1.974943628650158,0.9960130099708746,0.04229727572061853,2.0880859347661502,1.5431022883774164,0.0,10.283636102881307,7.288396220426526
3,-0.24656010959781194,-0.3042066687940902,-0.2305302846539511,0.6073003130399289,0.9945894002476319,1.0,2.95834302699238,2.458846919849599
3,-0.058674838417030695,1.2370038502145593,0.4103277159338519,0.6237871803498967,1.1023268943057,1.0,5.322873213858523,3.5017945431033373
3,0.941069611687251,-0.27127861980901813,-0.3305729354901801,-0.09635591206226779,-1.5015399366625406,1.0,-0.6095499050705744,1.061225570944531
3,0.8963529979781001,1.2244005572885959,-0.9553359383604154,-1.0214894513225288,0.42679048808481945,1.0,5.6672476357203765,2.9601889312612872
3,1.0708219733425124,1.2247031667066297,1.4933012988763572,1.0751402318045273,1.1933173279901879,1.0,14.605387343687081,5.417498546499581
3,0.7164475887390629,-0.8532871381613689,-0.35624549431387764,-0.7480127168280726,-0.4555214230153025,1.0,0.7491303339771884,0.4775677354154533
3,0.5674650471885043,0.22185923897340554,-0.492734959277194,-1.7330804396657538,-0.3918596281423492,1.0,2.907929649202122,1.0927644107035475
3,-0.37252344828892336,-1.3716617789917929,-0.301828253587211,-1.1424897715977218,-0.24661046278398624,1.0,-0.5451921009945822,0.748213925108991
3,1.0736281548584634,0.6594229483976068,-0.8002758564163033,1.1923440027962209,1.0883163609642281,0.0,2.307026660463535,4.011201644220223
3,0.24288680556946096,1.1027459098121781,-0.6256941197080204,0.543517381995954,1.2613486492850317,0.0,1.3484680489113336,3.340801541494057
3,0.08844873778012308,0.6069764594792388,-0.1827044877922962,-0.6407917090129103,0.5964347950628296,1.0,4.089142250412301,2.2712241115050027
3,1.4337564959261972,0.9861997597450012,0.7680713774340815,0.9474277726479443,1.850573310688845,0.0,5.254111823765579,6.126236585780603
3,1.4673947703369914,1.8284396479861775,1.5136370753097972,2.4954982741541434,0.9411663560292485,0.0,13.225289553196939,7.863238970881646
3,0.25719983932965856,-1.2841808976677054,-0.395369524148355,-0.848222542472842,1.4856381775513232,1.0,1.5997352094802508,1.200095711177082
3,0.4436533380087721,0.393986255215243,0.12636573138762103,-0.8772924074473034,1.3517671928534907,0.0,2.286122142911613,2.886059842015939
3,0.8030853157382607,-1.0008629988231734,0.2473401159676134,-0.9375165718039105,0.7111818833312551,1.0,1.5207828811525876,1.0774025540423526
3,-0.07058699009652636,1.3987491316378704,1.709237319939131,1.004540563112795,1.5471572344273017,0.0,5.878237269566728,3.5578159462449386
3,0.11122818621364561,2.094564659851393,0.7829664100336665,0.17166940193407854,0.07139271164395017,0.0,3.0739396554707583,3.557709510936168
3,0.6200999775281266,0.6059929198306411,-0.2172712442268867,0.443546321859649,0.42128272299832603,0.0,0.8152491934471991,3.289090855582862
3,0.3072145598332129,-0.6661499668066624,1.0071754386552816,-0.5532947061223243,1.1737749102921204,1.0,3.42757666545364,1.9639596741479681
3,-0.07857192432887183,1.757649926403219,1.681260163554376,-0.5303528026498561,0.05101253928133159,0.0,5.732277747005369,2.192157691729015
3,0.5103776520644905,0.8802498386816697,1.1854908665012562,0.6393059030546526,2.0659197558254183,0.0,4.126444273186469,4.465774073303771
3,0.4939870367843135,1.9652495104967889,1.569156639701689,1.4005919937077707,0.8205113433579942,1.0,11.904835305740942,5.097195730614881
3,-0.10697279107637603,-0.2882747433743469,-0.6261894455571531,-0.4982278548251968,0.3272091947639726,1.0,0.8736168291840561,1.2448763385111161
3,-0.15346926322262433,1.0902740041111643,-0.7027350709539946,0.6359431346731319,2.428563196975357,1.0,4.886290232371712,3.245041800324185
3,1.2617914352296853,2.1923208481276326,1.8609684010907592,1.8023573912492226,0.8467997835933538,1.0,19.388896842582817,7.462253489077547
3,1.3898984665768337,-0.6391435778075647,0.20184837868351985,-0.7976088306411822,-0.470249926893339,0.0,1.7931931356176953,0.9337252639361023
4,1.3957587380983993,0.5735723975695555,-0.6370051523640767,1.6302566189041408,0.9000370718968529,1.0,9.176569560040724,4.535759190417877
4,0.5758031543836795,-1.3686529489222887,0.12326935020016427,0.4588398086865944,1.2620353213390052,0.0,-0.2939167361747368,1.7299846071321752
4,1.2614961381781074,0.8515648251731756,2.2232800712991367,-0.17215843235368866,0.9967771914294619,0.0,6.414943003618023,4.047563829457232
4,0.98712790060254,0.5520160446401498,0.3242329906674525,1.6440608848967746,-0.10134564859536166,0.0,4.971193309364878,4.195851885806826
4,-0.05376972241363942,-0.42784734380632816,-0.9132649544704166,-1.0383697101319262,0.6253759921276965,1.0,1.627216537289367,0.7302321526289914
4,2.1705848775832006,-0.03687911247953424,1.8407221206782394,0.3879223642789712,2.2448184186130087,1.0,6.538567014965686,3.9568751722312303
4,0.6997692837875477,-1.938900720667721,-1.0707845000003726,0.5142120289679807,-1.1385829992818717,1.0,0.9069101519990936,-1.344490704674719
4,0.7969594460944902,1.3530675466937132,0.882217515397234,1.0065146822875346,-0.10824499264019916,1.0,9.926037235049447,4.679037515171184
4,0.5316743617189535,-0.7652187546621823,-0.9104204915572489,0.793931249642748,1.9685604492399276,0.0,1.3004233904008964,2.0158299298131905
4,2.1852974152406532,0.3014986451411886,0.6809560873827114,1.1300693393980878,-0.33850913181710796,0.0,3.7169666791035274,4.415491569973499
4,0.8657253884047784,1.3754677492991836,2.704400799879338,0.340712888451814,0.3712267425964907,0.0,7.9695660610497985,4.113599941130966
4,0.0889909818155184,1.2334914336314324,-0.4133542668210357,0.7787934248562429,0.08654412602385192,0.0,2.0069589914890638,2.9127810874663718
4,-0.17876839510244535,0.17118490751007193,-0.003560251741925091,0.34922607603017586,-0.46052058304037347,1.0,1.9536226184688157,1.9081720879568773
4,0.642503607528317,1.1981980090192166,2.37240549165889,0.055909712325829086,0.6302190513061474,0.0,6.24853278582521,3.500988201639296
4,1.5540167817726287,-0.24506725222425652,0.2023638558175278,-1.6022585784268522,1.7310752075443365,1.0,6.140404511616165,2.4188205990337757
4,-0.7366552629836152,0.18786887498468674,-1.1299791827258794,-0.6400337500229609,-0.3131827823718728,0.0,-2.5424074917650206,-0.027707011833929207
4,0.7918766506811623,2.3202003734168812,0.11926841342868794,2.5333847895176165,2.0486693420491853,1.0,18.819438308284365,7.736908235161671
4,1.398739183907155,1.4805444009452593,0.9086544369481693,1.1624744259134712,2.8383397966604704,1.0,15.914931948113631,7.58007910992789
4,0.20336411847959196,-0.11175114111825879,0.8904006996374472,1.5341493329704912,1.2021543453258954,0.0,4.136019036609485,3.465533109030245
4,0.9633432095790437,-0.3428846643665917,0.7185263585315805,0.7494828280609696,-0.5939891157536206,0.0,3.4510119236832413,2.1697003040070832
4,0.2692455287961527,1.9418435306313657,0.900571206754625,0.9779619672351167,0.12795388967528953,1.0,11.583557707400322,4.252783175055079
4,1.2686460596974531,2.0024285208547816,1.0890470587255408,2.480143414689072,0.889353883310263,0.0,14.451676150806312,7.868512581585236
4,0.053130765956987736,-0.09792715162887866,-1.3912000757000926,-0.6733720942052344,0.4569193130876834,0.0,0.1092896057217691,0.34720476721188376
4,0.963944349748922,3.1836481378833628,1.2584765455933544,0.7601747513076095,1.2132139409367069,1.0,17.64200282918113,8.065855515992764
4,1.134574900230356,1.0762484929926197,1.3859347288216803,0.0007693782432371399,0.7365099631984464,0.0,4.585681461881991,4.571913749700772
4,1.5067785317063236,1.4741805138342854,1.1661072160629065,1.7203916484346828,2.1448946326019245,0.0,9.190109591798036,7.621172823687885
4,-0.3969603429204738,0.5515426063435801,0.20086360973027584,1.1466897059586971,0.6936677189861724,1.0,5.269946422243924,2.858855746517643
4,-0.49184736966662623,-0.822723284094,0.14068006713815145,-1.8615484584429018,-0.17116204690008985,1.0,1.6658826490624499,0.7914746058125772
4,1.8354976708251112,1.0467724348290326,-0.32398068726724516,-0.4058880484323574,0.6038505636502346,1.0,6.646025946874369,5.247450042380793
4,-1.5776669431053585,-0.9862957082946842,-1.21680062033045,-1.7825792997450889,-0.39574753880853586,0.0,0.6097645304328299,-0.07685040224288842
4,1.8977134404698544,1.524513482513517,0.641137506357706,0.9136233376037932,1.099126479072797,1.0,15.265965257312303,7.732562774447583
4,0.9826028931728299,0.8382466124011645,0.9579521196394488,0.5845743380173811,0.28815315274718234,0.0,3.6202902557026118,4.224624493133181
4,2.324744592136481,0.4918644922035866,3.1970162948133365,-0.20093634447954067,0.6832839331318392,0.0,5.41342552649084,4.392981299100905
4,0.7626010774401362,-0.7618238439161664,0.1367927577810496,0.16308668279821248,0.3575929679903045,1.0,1.9568304510291965,1.738815587994866
4,0.7460623466078389,1.121290043865747,-0.017385043573092007,-0.15473357403872556,0.2103841195402295,1.0,4.8240938339296555,3.78921011149163
4,0.17420669452769488,0.5188083060389379,0.16005252886217203,-0.5856396626927014,2.305932178295598,0.0,0.30156481301499327,3.3642788158139023
4,0.4283838134003689,1.022389723508577,0.30255981179363284,-0.4529424145540344,0.4505628439234328,1.0,4.338936712629881,3.268028981430805
4,1.1177532938269736,1.1648635873811495,1.1428439026210357,0.5164143558562063,1.7402143215100943,1.0,10.368364180688697,5.558083595806989
4,2.3370674927787385,1.2988474785755395,1.8820710886070453,1.438695116857073,2.138029413357046,0.0,9.94475622652269,8.276577128625082
4,0.597487095249167,0.36991853787925755,1.1603042942326307,1.0238977261804467,0.16988440624374634,1.0,5.760940547711819,3.280828115592624
4,-0.22829599345445784,-1.3029700655507643,0.3394092669638714,-0.9737730748351618,-0.029704034826272485,0.0,-1.6368120443211798,1.1427473975698466
4,0.25280126792928,0.4961760256915373,-0.6629716222504596,1.2950212813281423,-0.5627615239552839,1.0,2.245980473264589,2.322733437255958
4,0.8284023266965304,1.2858439246456372,-0.6243411113134769,-0.387464204999757,-0.11698610375964102,1.0,4.189412718784151,3.3692719719972226
4,0.20490012260474627,-1.5348506828565522,0.8189013204499156,-1.472490410402256,0.996499213635188,0.0,0.6926070233104468,0.8750127789620288
4,1.7392722493446695,1.4695573001620428,-0.05171789607179933,1.6460529660246732,1.4594127428071584,1.0,14.27722239004814,7.6859118398067245
4,1.2706965276401494,1.7846467367267478,1.1189861147934748,1.9439439071371758,1.4916901090004653,1.0,17.953454936422304,7.509320929782334
4,0.9329686041369756,-1.7694387667491576,1.4819394630091476,0.6805651258792789,-1.1585429546682975,1.0,-1.8134111908219572,-0.4783450994315155
4,-0.012464160693510973,0.0711023675794944,-0.6238676245037011,-0.33507563463706214,-0.19005724966278947,0.0,-1.4580982672166114,1.265557766945954
4,1.324742743766358,-0.4199479224891397,-0.2488475964336535,-0.04438393372584126,0.7932984285924236,1.0,3.5072249850223827,2.1153047842561024
4,2.5170576834574563,-0.2998559535674066,0.08780736697106573,0.4248169165254953,0.4449505277153877,0.0,3.0213636809122573,2.8287809481334074
5,0.01982377262341084,-0.7053240926414586,-0.845174242710445,-0.8746920662810518,-0.5511552137390532,1.0,0.8738368657135515,0.1713578380853804
5,0.7906066880466744,0.657846664544907,2.5234964057573595,1.257578337504531,0.8893922359157344,1.0,10.718479167098826,3.7645750105004616
5,-0.8251984351135317,0.2726490206812907,-0.7837902013139304,-0.4402587617055679,0.7716123795848377,0.0,-0.040292301006615405,0.980760323327879
5,1.2100500910555785,-0.34036324958533115,-0.06272475865806582,0.1959022555348422,0.9623477221140023,0.0,2.4524503741386123,2.5687828962966552
5,-0.6015244094306402,0.22293626914290432,1.0076998559262424,-0.07188656869507837,-1.1493749070604462,0.0,0.2972808716794504,1.103630660263066
5,1.1934023678303673,2.480169355556004,1.885190504852549,0.4536636840717408,0.45157600804069187,1.0,16.52974330327924,6.8826005406171955
5,-0.09680772270916993,-0.5828448492811189,-0.2817592791484401,-0.37449526144637335,-0.396595068654362,1.0,0.9219870903395586,1.1507405565001982
5,0.4101992071619511,0.9053989252294012,0.3435038292038687,1.0404803266410263,0.47418804070016296,1.0,9.233675503799928,3.899859484860933
5,0.3490032320847415,0.32302005551302504,-0.04801911327807429,1.4150315488794762,0.5477107554502524,0.0,2.5081704453818987,3.4049555866264223
5,2.0662466889235365,1.5352422649570154,0.7440820805091946,1.470099610852003,1.358686800386133,0.0,6.962990167362115,8.495077885626067
5,1.4179170451395877,1.4441907034824009,-0.5515330623418617,0.1272500635073176,2.3000684324396907,0.0,2.7046181567026264,6.268411414444008
5,-0.8706220291469131,-0.05383605501211575,0.43313924862090253,0.631742394227675,0.9561794742620435,0.0,0.7565945265636116,2.502824983793042
5,0.6801301042496328,-0.950255927368157,0.5739174079628339,0.32955940896265656,0.5780676628724304,0.0,2.8551100307195094,1.799192227145584
5,-0.006363936252774094,2.0277473126309973,0.2813223069255604,1.144263126903754,0.8953984916606135,1.0,9.982210765694067,4.118968367528523
5,-0.6128032581849343,-0.013233434227345797,-0.28150980739834863,-0.24867062103101878,-0.8331304432996354,0.0,-2.171467482175671,0.9740728088358047
5,1.5206246636861855,-1.551847832400294,-0.0969858706769472,1.1854628617505167,-0.6315307369590526,0.0,1.735444190587057,-0.15161598967554335
5,0.811584455433875,-0.11182186018770368,0.06646697801790807,-0.12879326248138734,0.9675044041800424,1.0,5.681823281209666,2.7095093575004796
5,1.186978246181401,-1.131899646742137,-0.8506127404317729,-0.7997899686627836,-1.0114947388803472,0.0,1.5680586962734926,-0.9874269996727971
5,-1.5175797315069417,-0.5156071054977047,-0.25380665451790096,0.4936852236770647,1.6092612029077347,1.0,1.6890669359153496,2.6584149827795915
5,-0.22600242278693627,-0.37399060580821575,-0.3269502943431444,0.4736792803441437,-0.4010968310742754,1.0,0.13998291874018487,1.604368524604488
5,-1.4799011481747257,1.3362954040940327,0.8258240084201665,-0.03579245118976715,0.8206276392109475,0.0,-0.5288176417906784,0.43389308512906655
5,1.898329876205163,0.6218098841823093,2.023478275919416,1.8103191059000927,1.7041025065531048,0.0,10.663389480803664,5.772041184629221
5,-0.05404056157624759,-1.0983900331258634,1.0921694264413349,-0.3880200461847193,-0.31439750752958107,1.0,0.3193972395502027,1.1385790614219045
5,0.5567148771156756,-1.7049510542414676,2.414757845835988,-0.1208488417903758,0.8233578598175754,0.0,-3.706319438487297,0.2880622900401799
5,-0.6322642005585661,-2.198141866997087,-0.029184902778580324,-0.14706702681326633,-0.8204980854332131,1.0,-1.2657774774897725,1.4758025199137748
5,-0.29535168914594456,0.6184877856797459,0.5492498688910471,0.6060766801054155,0.40738936910226725,1.0,5.841892274476871,2.613170961216678
5,0.14149666049285603,-0.31075846748247404,-0.14148798362486448,0.6501671802144272,-1.0192558868699524,1.0,1.2392896472429453,1.6061167281999804
5,0.2879282554414833,-0.914901740202342,1.1772028516871542,0.4162852637201693,0.40670735159373156,1.0,1.0379154855571227,1.8066945201209887
5,-0.5218328472005347,-1.1187244843564568,-1.061489633096539,-1.4056229179186264,0.5286835352355367,1.0,1.2006892976001506,0.2818660595739173
5,-0.3734260261017147,0.5155002102636136,0.6201408971080236,2.2435003291960296,0.8945078251483276,0.0,6.413197954976011,3.5714070052442697
5,0.11804364368026343,2.507418887647212,0.352130157471903,1.9190455744301627,1.314685141245015,1.0,14.366673143937016,5.340286719806674
5,0.7389536287290793,1.3689148939552118,1.0000845153955162,1.171540515185124,0.6661635090280235,1.0,10.23520389451389,5.024624346141442
5,0.4383436027379455,0.8663600777206333,-0.02393140316874498,-0.4964413988334052,0.3366640478553685,0.0,0.8646644765416629,2.9399745185298434
5,-0.4091486682240595,-0.7856319311972726,-0.2364367245838399,-1.3499825476775953,-1.0246340798168057,0.0,-0.9318140595570095,0.3907020890991919
5,-0.31669413275481095,-1.0943308040436206,-1.44590052675216,-2.6078657635558,-0.43813504675227377,1.0,3.415185431909122,-1.480323646241807
5,0.6225312106172852,-0.8200608709998671,1.6635271412507147,-0.5510654409238374,-0.4635262789767517,1.0,-0.5326768697333883,0.6225914208696777
5,0.7615239982914117,0.7733949842380898,-0.7080963046699624,-1.102305652894796,-0.3010516424587717,0.0,0.5177019101076702,2.060292925882847
5,-2.183565595802098,-1.010479743596525,-1.1010114015434271,0.8668508929855765,-0.6844115120377616,0.0,-1.020942833564227,1.6028346444557307
5,-0.6192389590421077,-0.7043196237473213,0.5593924999307174,0.7794281648300226,-0.7196514924699127,0.0,1.0544277752339863,1.9315250956960976
5,-0.015263284429115398,1.1544844426004084,0.9529620765808321,0.8610759190676968,2.6718643146262346,1.0,10.359112472259271,4.374211651964506
5,-0.2632830127059349,1.7469046023039252,1.722547498381045,-0.5550593415858518,0.78545767395883,0.0,5.767533299581121,2.1071839932996284
5,-2.7509285698005477,-0.1922122150673755,-1.6592671610379628,0.12032170688956745,-0.9859586256600152,1.0,-4.059204952123424,-1.293615826337744
5,0.019916113628553056,-0.2264730258647235,0.7181737878600976,-0.444163651988038,-0.7431748286609845,0.0,-1.2130435965632458,1.4106373860801185
5,1.3748682054841976,-0.14771358157920544,1.2110036253913106,0.8316642116675428,3.231881501128831,1.0,10.124161847123949,4.399845489824346
5,3.1578043375868994,1.4760783462167568,2.0797324724389243,2.3282927828701325,0.9201646567514742,0.0,12.824058763829713,10.15495440447761
5,1.0794330926226667,2.2349933853247963,1.2037130871461224,3.6056737575280224,0.6181946851140592,0.0,21.650296630421757,8.142424347946042
5,-0.4532663821007481,-0.10044621726446945,-0.27832756957822,0.8922315440900781,2.0775065444798844,0.0,-0.25550964677411847,3.07589413295062
5,-0.004517609768620923,2.0005133771142996,0.495180067623185,2.065066985675224,1.2040488726223404,0.0,9.796678678262332,4.750991465608584
5,-1.3399071746769977,-1.4266773096897476,0.8681539020959457,1.025815104424285,-0.5023343388708421,1.0,-0.7639166020447492,2.8703767285215602
5,0.914793691053122,0.09935617250108808,-0.22719317796032856,-0.6490219242589776,0.831086699441264,1.0,3.3069753808641167,2.549703581270941
6,0.3717773489140943,1.2946672760910358,1.4625191262207196,-0.4271159859735634,-0.6202726436465626,0.0,4.348353537065794,2.630181280210176
6,0.7712448906350825,0.8492353486690096,-0.1051177965737854,0.5907774114793582,1.6332054573068635,0.0,2.286363710907665,4.519121289289265
6,0.8072851135206214,0.5736270908548755,-0.6980331727558964,-0.46889135209926547,0.19190274531875368,1.0,3.158575638806456,2.432133595583907
6,0.866098660827483,1.8654746241228335,0.3091309829772993,0.8863035856430332,0.3443811813008169,0.0,2.9995748438868524,5.703977902599858
6,-0.3735055028515575,1.1836344949503852,2.632746762821216,0.3328031780963347,1.7357099538623535,1.0,8.218216969376018,2.440293110056463
6,-0.34380929435589425,1.4911046124022211,2.048914976161206,1.3723094586644216,0.7753650614624747,0.0,7.293566801984615,2.6991771717294246
6,0.20572060232489675,0.35026420860389695,-0.12172815365344714,0.3024921967355667,0.46841417268348623,1.0,2.809960186274324,2.6672383496639025
6,0.9659732207302408,1.0821106285810629,1.2380086198222338,0.4832732382426157,0.5176370613664565,0.0,3.7858198149610245,4.515470328146048
6,-0.05546069875375903,0.3160574733073087,1.1708768569303858,1.0028831145661576,-0.11735456999718785,1.0,6.971395143742051,2.5303164875898627
6,1.1445864229439668,0.17296129314092012,0.13827962119226556,1.8252643731214975,1.3468279172758977,0.0,6.514222960241513,4.502383559400232
6,-1.0065776883431066,1.93871844597204,0.47250922782463056,-0.9032175797076407,0.9999458407876916,0.0,1.8345011694752404,0.6896474793358158
6,2.063850690085413,0.9011274553961997,-0.11790868470700311,1.523134404161892,-0.5898807295140258,0.0,7.207784340555651,5.74301090895387
6,1.1730441934178577,-2.0399780878315315,0.5783067520451691,-0.8504215234790746,0.2098018127899644,1.0,-0.040939432901135,-1.020218486383299
6,-1.036986486466308,0.7496623304173083,0.1433861957828939,-0.04944585875392671,0.18815687689810456,0.0,-0.5802981461217109,1.209734622630508
6,0.8408382430924721,0.9019229828903554,1.4698544453755304,0.8824708147384461,0.06317734713126505,1.0,8.26135668847773,3.9382738011128744
6,0.39859394557363004,0.8859108246427811,2.6538872082921072,1.0600696436238277,0.9383742770829078,1.0,9.287206787480057,3.4381262288530876
6,0.217375004626214,0.5756051915360707,0.03808573530401704,-0.24965851626879265,-0.05543424047224277,1.0,3.372836639584193,2.387383594581999
6,0.2821772545263632,-0.9592002642300734,-0.13564004174541,-0.6737925765645436,0.09864081128524316,0.0,-0.5155036972878022,1.026243079364182
6,0.9310212406886516,1.2735906011043774,2.2458801919526916,1.5990273984795553,-0.17233990868183868,0.0,7.931552644329551,4.499366874699616
6,-0.294421708358542,0.623803218409422,2.0468989912354503,0.04659698750249197,0.6770710583415691,0.0,2.627524005719808,1.9079943039116785
6,-0.6398037410687407,0.21682022532261175,-0.4092661750719896,0.16751788778549143,1.288366427408861,1.0,-0.5636552208225853,2.090508006204784
6,1.7055881013421572,1.1362669000291448,0.2627529717105296,0.14525580895412932,0.49123727708450304,1.0,11.020602336099119,5.774232415679082
6,0.5530028060985482,0.8398055908384279,-0.49148079199574646,-2.0645249532374055,0.23570618674054206,0.0,5.427803322448717,1.8823042599844202
6,2.111338275204349,0.525406020322852,0.6554924840027276,1.638870652084417,0.9589078424507895,1.0,12.911118873481792,5.847065308521216
6,0.7425039907293092,0.16206490602895718,0.9161469318639117,1.1323232408106665,0.6853617572058956,1.0,7.6990103239128835,3.548415412074469
6,0.36965375441590687,-0.28074646520218327,0.593005345262342,2.3643815731018774,2.2803831822154184,0.0,9.04571412896944,4.388824582081639
6,0.6936142922942935,-0.8516186452968271,-0.2701220662796955,1.6479144108842714,-0.13665164894033277,1.0,6.8540002582186945,1.91461163764031
6,0.28623602830339,0.021922982228343935,1.5090417007750054,-1.4822284048833942,-0.621089013698138,1.0,2.7565572384640866,0.9249321756394401
6,0.49448895011532146,1.7608678272123064,2.9613647150643314,2.09920853995164,0.005529922042050328,1.0,17.11906405067134,4.547656800869668
6,0.9145427879176327,-0.17848254823884835,-0.7778032143712672,-0.5003894383921679,0.4705269128982965,1.0,2.9090511679252757,1.5134240981501232
6,0.4801411240745421,-0.4856843953568629,1.1377446407790373,1.0608348223676307,1.0123006282565767,1.0,6.130608743250971,2.7891140936062206
6,0.29237027577469166,0.8000033631514447,0.15464891008717985,-0.6139143789130403,-0.34822910138958474,0.0,1.0802241857887707,2.364402409436153
6,0.698367251965728,-0.5874505137191739,0.4685705052355127,1.0236078005880056,1.0445209117733616,1.0,6.584468795662549,2.805766552598692
6,1.0829463215746813,1.3128511138984682,2.812826814037502,2.8211962978422447,2.4522571295518154,1.0,23.850231428208765,6.7163445789911185
6,0.5996250852660708,0.27634659848098464,1.0056121777687117,0.2394658305692911,-0.044506702450885505,1.0,4.657462006055683,2.7395471845946284
6,0.05658725734414771,0.04339361350885901,-0.15297972528129278,-0.10758561789899668,-1.359155817373766,1.0,0.5257306432888195,1.230906785209184
6,-0.17690278379711333,-0.6131559728554032,0.4811551537096101,1.5049950947620627,-0.11087192348176367,0.0,2.6769972973137293,2.5375396878447956
6,0.45544864684832687,1.5008976213293415,-1.180882201449467,0.8538409026735579,1.8164259544451722,1.0,7.4227111986066765,3.78655624009118
6,1.1479507219291896,0.3091168675500616,2.2433526460343702,0.03157594697508148,-0.12933613234434982,0.0,2.8585227555236554,2.5331933020762656
6,1.9865460897946432,1.244847600080024,1.8383490345328928,0.74126101345967,2.8614905057935673,0.0,7.563426364122938,7.544822242932225
6,1.438485641692644,2.438733695133143,1.7476870336480756,1.2097481852886571,0.8557749070496784,1.0,17.83548849442044,8.177328481265619
6,-0.8597939895732492,-0.16701453747684036,-1.4300126311132364,-0.2624867820948459,-0.8611202282845623,0.0,-2.4408313747033383,-0.5062968890646986
6,1.1856082198256084,1.1960038357168024,-1.117748185848259,-0.17969977184310093,-0.6928066591399324,1.0,1.4132984867193565,3.0513788968020004
6,-1.2606590067703403,-0.24281759705077444,-0.5464540238820876,0.9560078036683395,-0.33562256495685994,1.0,0.8690136577334798,1.4457100910414902
6,0.906841181263029,1.4579046102038051,0.992380269339031,0.4211374501434713,2.728504617194764,0.0,7.800826562013343,6.122170344064827
6,-0.36446002893013274,0.9308525526852613,0.42843762352558323,0.807452249015923,-0.07559138919019803,1.0,5.6936729156520585,2.4337029044146816
6,1.6336184933647944,2.5726474757229627,1.691975320124218,0.591003322766104,-0.28159360742715334,0.0,7.8161544448161955,8.185667356949526
6,0.9401647446733445,-0.11976785833800252,0.7036859414868231,1.3615095284085905,-0.039558965065373375,0.0,3.8768359119740072,3.072877625959596
6,1.386076088191974,-0.9853156884733685,-0.7724796771634606,-0.2826189398452156,-0.7182792606023436,0.0,0.48158308336004907,-0.33584898047653067
6,0.7276171771743694,-0.5846738083837135,0.08378863743068637,-0.6357602219708123,-0.17826896824024374,0.0,0.8716010786445598,1.2774244872828513
7,-0.3747850840375987,0.39296855578521206,1.5089671144863555,-0.24803310720158123,0.6766896147105462,1.0,3.429240969356693,1.892414619522314
7,1.4989630417263418,1.0399699858462754,1.2907024703406078,1.6115651441027643,0.42566296760366507,1.0,15.141542364733635,5.7687542267006435
7,2.658342022448194,-0.40642574574138546,0.39874321631950105,1.7789885972229593,0.5045014180469644,0.0,7.756529890759363,3.308205796320266
7,0.019484048633448214,-0.11064133443081159,0.8026602235575899,1.3954295191753876,0.3993816308321161,1.0,5.076336797410159,2.9457972215468584
7,2.8128128929277385,1.273598032008386,0.37007342280946565,1.344022188963252,1.5407346768800299,0.0,7.489173752261378,9.185314363907072
7,-0.7622739495793955,0.7790815734724142,1.5038008666702758,-0.422165799248709,0.06691587978947039,0.0,-0.417299765904372,1.055751051889724
7,-0.49239935637054344,1.2061558477453895,1.8225021397821701,0.5570642533636248,1.4681911472276443,0.0,4.0557218263124515,2.4377902708639616
7,0.12173552639656621,0.20886122194690482,0.7956649132820451,0.7233201536187877,-0.3754559420683107,1.0,4.573343074881733,2.462298721267729
7,-0.16837836566902042,-1.0259983225465652,1.168602761230433,0.05882606536933338,0.33893495359145615,0.0,-1.3749583341533789,1.7501872781973937
7,1.5473343811274543,1.6454439763260231,-0.939560943980875,-1.1716337330711908,0.24294110260234586,0.0,0.990113733688287,4.798456959707913
7,-0.30487507437664674,-0.7798239100594992,-0.07779258520248444,1.25553172745876,-0.04661019102321762,1.0,2.8371872778655143,2.2579395384689716
7,-0.7621895152875857,1.3447400122674242,-1.210396636259884,1.0613565836972607,-0.8491810692716188,1.0,-2.5578020277754856,0.11986622366382227
7,-0.011228071823814023,1.3012147713481588,1.1233118060172804,0.8264859853133003,1.5480661565831295,1.0,8.913898713404103,3.812014295180271
7,-0.2864887282941192,0.3338627705334743,0.21616498895267844,1.0056528044328141,-0.08234629103515212,1.0,2.990047584505832,2.474502035630248
7,-0.27622025046064425,1.1165913469218922,1.183437283427952,1.5669548454274727,2.1334909531773,1.0,9.594057126391263,3.93144639514386
7,0.16192966984026935,1.1035759358485406,-0.21355456620995117,0.8065211842463865,-0.2595813132307925,1.0,4.460225177777832,2.9554308952763364
7,0.6943846252191452,1.7636446909775019,0.9544544191629243,3.167992186853401,1.3140321521577893,0.0,16.850774687776525,6.749955831958803
7,1.5065908555441694,1.3511876752716514,0.4335218753730153,0.7908413154826481,-0.5961516073903481,0.0,5.309485900673603,5.686174001305244
7,1.2212316541509258,-0.8596713301197731,-0.5429447020129059,-0.05505487641023543,-0.5566241949897439,0.0,1.7868007812343913,0.4098014223540811
7,-1.0590008396162829,-0.42760481274566886,1.1813682390191598,1.331277593647859,0.46267723134427924,0.0,-0.3076562100137885,2.5768519477239384
7,0.1958471828117221,-2.46452631241687,-0.34295514743531486,0.20505660412608573,0.06630934756034318,0.0,-1.3513171096886494,0.2889603490220556
7,-0.36700635873717546,2.522699619343207,0.10187492842536039,0.09725770457810978,1.2474819805208641,0.0,-0.024497389895541843,2.870122371562678
7,1.3875309085880874,1.1214151496291982,2.6376647655929815,2.4889434953791483,-0.4272180601751021,1.0,19.106714958259985,5.284473643859055
7,2.320667340475416,2.3772859993019724,1.7737987668995228,0.7364581405515129,0.7958113354455776,1.0,19.630732834016257,10.317289746780272
7,1.6335797895822575,1.0795539395706812,-0.17678330403001208,1.3734415395341657,1.2510219013672996,0.0,2.770928931460986,6.328358915984748
7,1.0215146596740263,0.4831630433195651,0.3435417085610847,2.2214827197558735,0.4627445359321373,1.0,12.904922401756545,4.701349106483903
7,0.1300265356286352,0.1882546786166044,-0.9156485952753346,-0.01622447202752475,0.3604492278600723,0.0,-0.34965212635126586,1.507183185934789
7,2.043554542248038,-0.25375361497806515,1.0246369581267403,0.0973865747660303,1.687949347403697,0.0,2.778194755104082,3.300736700941476
7,-0.45531397374380234,-0.5004446252872727,0.5880455417629985,-0.4292945315964469,-0.38466651847947575,0.0,-1.2257017050503782,1.469048853040581
7,1.0031028057051459,0.5124537975007675,0.757935119665508,0.9654513673680788,0.7694687675219823,0.0,4.529516387275993,4.244506775769793
7,-1.1612771122180863,-1.915984823785652,-0.05480071374059059,-1.235655568643665,-1.4197071591755848,0.0,-3.0003315246244115,1.3297754510667992
7,2.490223627454775,0.033988107563751424,2.633105583152226,0.3626691942719022,0.538801860294584,1.0,7.116595580602214,3.24055008856048
7,1.4887646214857337,-0.1761413122874782,0.20424701989476363,-0.6147348682710845,1.4435156720715199,1.0,4.911662409005046,2.889806601304053
7,0.4813973738882388,-0.31145049927093615,0.6755295951908716,0.37267219423447195,0.44513456304824234,1.0,4.744400091226943,2.462086060151571
7,1.4606611075449112,-0.4942287883618852,0.3058814344084321,-0.8972267600748836,1.3167633639706908,0.0,2.3041254319515025,2.077606302684617
7,1.2011660431303735,0.40296627863992507,0.11442995973638148,-0.31379235987473253,-0.266519912521307,1.0,4.114209221257705,3.0466144481276074
7,-0.20341980022265838,0.04237731805250511,1.6549387562284505,0.08400329522515604,-0.45685807301384873,1.0,1.7319014719919021,1.4678571853310374
7,0.0369007395397406,-1.060576556466044,-0.9067105757246436,-0.3030220158678534,-0.6048615069572114,1.0,-1.348315182190838,0.15806842010483124
7,1.0592896223451027,0.11326633592179014,0.053925066388682275,0.9869512601036263,0.6876780087604255,0.0,2.723936815768372,3.56908339686769
7,0.04714699228993913,0.9146364240339454,-0.20333630412429327,-0.3972098190697666,-0.7877633926244545,1.0,1.5388019272924767,1.8092576099290558
7,0.010772702804406287,0.2963643166560369,0.4933111714235033,1.433312791053265,0.1622161645723863,1.0,6.781055451504975,3.0819509195446804
7,1.078361360688761,-0.5076371122796317,0.3027982221496748,0.4627129768311658,0.8636257055870167,1.0,3.5439392031319956,2.5070201482088574
7,-0.7528641496381687,0.3195813411169849,0.41089977511032705,-0.4834370738950926,-1.0810813224026552,1.0,0.44175488800504126,0.8827097433900631
7,1.2524879696487385,1.712672369360991,3.3846369021666978,0.11658953336642641,2.0988790752442106,1.0,18.34621946372189,6.457124614289768
7,0.014476684440948073,1.2945929126766127,2.415062784693729,0.7317294605183997,2.847143141902794,0.0,8.076358927004843,3.9227598690490924
7,-0.35284378143874495,-0.3808839847415689,-1.5424212408593725,-0.6901726237799395,0.04081151392275767,0.0,-0.21451282429277263,-0.29999123457275445
7,0.1374228416489367,1.7320319436198361,-0.1681033982494352,0.7847180705936183,0.9681249506628173,1.0,7.590962039341129,3.9510218212913895
7,2.1816430148057053,1.355267491877025,0.9990885076974152,1.268193382583768,0.02485292919201254,0.0,6.753154333871585,7.412301595565674
7,1.7696150738872105,0.6825308231630147,2.116793285330087,1.9469014296591807,1.9255862161937292,0.0,10.696429207850151,5.909259887998689
7,1.3969276140521667,-0.1730412876607086,2.975653413165856,0.46827955180302194,0.611861769492755,0.0,1.7207673953777836,2.411850729477697
8,-0.053981696619400776,0.899415498357393,1.3318908331847354,-0.32412894648004587,-0.48145945452442007,0.0,-0.5368083565387349,1.8739554910340122
8,0.6330198784663867,-0.06396802756518727,1.0432930264971638,1.5422188946676676,1.0802404687259464,1.0,9.571521619003168,3.5802866850251243
8,0.07267873400793673,-0.053295807959285124,-1.2932494092490827,-2.0368380751408184,0.26254026703050176,1.0,3.883764383311904,-0.2539583463107507
8,-0.7714424744723385,0.8712297853383946,1.5647586665584017,2.374036326349715,0.5283726510387586,1.0,10.878095802323143,2.617411439525424
8,0.9914716331058908,1.9416752472226868,1.677338540394329,1.6208974750646787,1.7817013307958218,0.0,10.170552737390322,6.825317278079004
8,-1.3949691214858788,-0.6018474970359566,0.793647281518914,0.3520537816914222,0.222557186479655,0.0,-3.642147704698896,2.226529271323718
8,1.6080072734120647,1.922597956726811,0.5688027215784927,1.7334015938443395,0.5642131654251487,1.0,17.23585268196737,8.132609315150539
8,2.4140235356568933,0.19531367438181785,1.603013950856997,0.34697470974705286,-0.186790640271412,1.0,6.71701434341817,3.625547371143993
8,-0.5093714554599864,2.470153839616626,0.8337703616342391,1.0977580372311815,2.108285459527375,0.0,6.693108552652474,3.4141609664266923
8,2.5615927813795274,1.8829149358413242,0.7657531179266348,1.0709086847485039,0.8944830108435471,1.0,17.51475354707616,10.131948163850836
8,-0.06411977022326831,-0.3040340651806488,-1.2892182477689387,-1.4417209881811657,-0.22418002242740442,0.0,0.21498088516500413,-0.364270027235452
8,2.315002852691573,0.7907789494669186,1.3191777200910342,1.8897591332480983,1.340573976043733,1.0,16.105882678928353,6.907273762260791
8,-0.7713056000692105,0.6465983736373613,-0.8097229202287641,-0.39383935634688505,-0.5126659381354599,0.0,-1.7549489124966295,0.27050642465264274
8,-0.05286268475777911,1.7123630644846273,2.048944914674043,0.6583608835917483,0.7618405062854863,1.0,10.861744578757332,3.0136670413680804
8,3.75201627361061,2.1997598024929697,0.9580030819278547,2.2684781911540153,1.7571170375439764,1.0,26.65356248784585,15.296376470278108
8,0.9506589101317174,0.22540857132195447,0.8478543284966877,1.377909398238686,-0.28331268865350956,0.0,4.761802016779203,3.4351395528697513
8,0.44757210943249287,1.5642894537875363,1.7585960102248552,-0.19808278202585838,1.7501340758838617,1.0,10.959106174911463,4.174689044886413
8,0.5315620399859877,-0.5998047394055039,0.7020811097105435,-2.0103740480448256,-0.5608415648657568,0.0,4.043506334240823,0.4759778121143003
8,0.7779232235471416,1.189548060351935,0.4823074001149493,-0.8569004370886306,0.12675179750313625,0.0,2.3925920478795484,3.671119137067832
8,0.6021086847237445,0.4259003340071294,0.796278174833515,2.018601223844115,0.12536506690126592,0.0,7.817955221166931,3.9399367838440638
8,0.48819714482165527,0.49190277583252867,0.4097915490854679,-0.18082375996181133,-0.12903627763918057,1.0,3.6269029331207334,2.6973651401303123
8,0.26753626015865384,-0.1313362843871596,-1.6063849758085342,-0.22271026410464634,0.39040688251140515,1.0,-0.4611675662608118,0.2780374538261483
8,-0.3216536391792916,-0.6239159777361181,-0.772822591446545,-1.6553687084290818,-1.1437114902261767,0.0,0.41971819430501367,-0.34210845168117054
8,0.4767199923454233,0.8902487581877967,0.45985505733897264,0.905095668971026,0.6847399148056611,0.0,2.5337127751822135,4.0288459121462274
8,1.1576560663275934,-0.19228299673628524,0.8588740865410885,0.754901328210551,-0.36842160416806446,0.0,2.851272524484646,2.5360561820478202
8,0.6715295643497254,2.241592432179929,2.1996281238747013,1.378288886658505,0.6603378994399584,0.0,11.694612820364476,5.4927836266229875
8,0.36726338948751236,1.7056557687408336,0.9475067768016705,1.5967854330287297,1.432087621493427,0.0,7.558829846427783,5.234783719554792
8,0.24649324988549698,1.487321679237375,1.0280960272078978,-0.6611744436681191,0.5082173274849385,1.0,5.1947922126201025,3.187541859210235
8,-0.7612743972259912,-0.5754564045121671,-0.05346987684224824,-0.17444807262573803,-0.42948843576029383,0.0,-3.114796139723312,1.4395824606793797
8,1.2752401804488191,0.2111801775604309,-0.08751987694256569,0.3072622901031449,0.4095516506370442,0.0,2.2225926343914457,3.3233352382322936
8,-1.7604971834533933,0.4190754535651206,0.031890705892928806,-0.5504728926227895,-0.6665691396979367,1.0,-3.857490089244024,-0.001576149279692629
8,-0.6312810863428402,1.96434278895399,0.7313214412384629,-0.07357953224418845,-0.4031869141036625,0.0,1.9480271558117903,1.2980484219409834
8,2.801927148236996,0.7818993092844904,-0.022784299849010314,1.8537456847220672,0.4107403755952517,1.0,12.238508413339442,7.103329459935621
8,-0.04876806821313884,0.40408322186929,-2.153949259720507,0.7760525416013833,-2.6945878962397347,1.0,-0.9294744285004617,-1.4289496075846249
8,0.039034700885737794,-0.8701433380433081,0.04172886787807617,0.43464322308106695,1.0832740165487005,1.0,4.318858393919424,2.329432427370713
8,0.2467794549967885,-0.055331435249442174,0.6244207994925909,-0.24422713644941607,1.096181888309321,0.0,1.325591233340689,2.6315589962103108
8,2.6374934326099178,-0.03331046373063251,1.0062919206925187,1.9748229640737596,0.2890005070116072,0.0,6.229758106755277,4.384290228321174
8,1.4414975255149085,-1.01176184808947,0.13950726157751125,-0.3610944371188515,-0.364764574242728,1.0,0.9819357005387389,0.453524397645518
8,1.1130996638819872,1.8435407342243608,0.8758099506360664,0.9050136015393795,0.13129973595089423,0.0,3.762468157095713,6.126801390364306
8,0.7814114381130179,-0.30507014306414226,0.8372057096170118,0.3034113785797353,-0.3042397699289243,0.0,0.6695861638933532,2.087514973890906
8,0.07282912755814991,0.35700968912890374,1.553814326207504,1.4698963512738632,0.1403577869198443,0.0,4.903974477160283,2.8399355290971884
8,0.12013947468278069,0.14550098594673377,1.257721782222545,-0.07750809132552006,1.4856483086644618,0.0,2.1896128964172994,2.7912168241200943
8,-0.12006553492797623,0.34841676951607947,-0.1860593088620125,-0.2972902798774891,-0.4035954026430829,1.0,2.9049068894446917,1.6116111187728417
8,-1.3491616064897596,-0.5088958081344257,-0.2473293788459342,1.3237609561702905,-2.057248931079406,1.0,0.1817066661818001,1.2367149897764182
8,0.8608525376943398,0.7005311498334301,-0.14976923838244438,2.012656127398208,0.6977699169033139,1.0,11.2796346717259,4.65287980098589
8,1.4018735699973912,0.8297020617696795,1.4044002324540517,2.4678029145978453,1.1533129638089075,0.0,12.474556272585566,5.957312566237531
8,1.779748029627651,-0.47052630832544373,-0.8753330074140642,1.1541027871830298,-0.33971872677443116,0.0,4.865179523345265,1.4274593419680452
8,1.9749917806968975,0.45211266252737764,0.8145362668708073,0.7136482552447935,0.6143200082107539,0.0,1.1304594996269204,4.863929069382096
8,1.2834038850768539,-0.699091962266694,0.33895059201303024,-0.1598469621829537,-0.2604747753708392,1.0,3.8658003311621787,1.297357158610181
8,-0.8497386522731407,-0.4332474316560041,-0.7230171870918962,-1.616853205464853,0.7037877514241702,1.0,-0.19055151488451028,0.6584255493855717
9,0.25295451781783795,0.008562711780454535,0.5775490159859785,0.917005225881981,0.47980066829115003,1.0,6.568682337956628,2.9579053805378193
9,0.3995386440182792,-0.18134963295495732,-0.314282474195797,-0.14804353217012567,0.27288033803226064,0.0,0.15347967871174345,1.8929339203728923
9,-0.298987979448499,-0.10509292057854547,2.072565444049781,1.9889694939634825,-0.61930090042822,1.0,6.884983216071223,2.0695207547569887
9,2.2281399936095627,0.7645668568553721,0.7510003919835788,0.09392043489351443,1.0672316745899346,1.0,10.379573942023418,5.88699826441886
9,-1.472517940139401,-0.33460606622229416,0.4300340523317917,1.6388404370453462,0.7181268134284204,1.0,6.13194345502977,2.891603637338741
9,1.506819148101342,0.6537149020874348,0.6269101616437175,1.6247336254661808,1.337322826107239,0.0,7.79240733081307,5.669624473896539
9,-0.1563041124209552,-0.0848674876472133,-0.11121139156532045,0.5095396000717543,0.4729164582193702,1.0,3.442372959135604,2.3221240548403923
9,-0.12233150913337709,-0.2832903144852097,1.093737825869335,-1.300733645761643,-1.7348891674850937,1.0,0.711118684463529,0.32007001300393195
9,0.6905559091355976,1.0403542052978043,-1.0757842281505576,-1.1434274036280658,0.06172377805502388,0.0,1.299448472887958,1.9801761720820021
9,2.5484934487511794,1.660787901258718,0.447220679325552,1.2440600801823805,0.8758063550686999,1.0,16.824112976573417,9.522343850109094
9,-0.26040129887538355,0.16593875019052767,-0.5430395001658443,1.4319758652471937,-1.0024576470265905,0.0,2.221991987067332,1.7089394239456688
9,0.11837768365740908,-0.19580311857538102,0.9204975726551772,-0.6468862822202359,0.854868410624353,0.0,2.577194445486193,2.107772625496028
9,0.5591048863761708,0.21579557570466917,1.9624673346951478,1.6850780434448005,2.45642367306021,1.0,11.159186196805393,4.178353703519133
9,0.06992718084264027,-1.4300326772030392,0.0904216275061574,-0.5210257556658469,-0.9543086313490603,0.0,-1.4339421342734862,0.5234074676551904
9,0.5883910778218138,1.0448580801952807,0.3279652265763959,1.0827267288099591,1.5409785191231196,1.0,8.343207988865254,4.853944727005652
9,-0.7549642598431894,0.697146901484841,0.3772583961587663,2.119527426977812,0.4580232584754891,0.0,5.4448597430685,2.8518529283303478
9,0.6633526083507738,0.5502748214590524,-0.09479758540539951,0.5059994734077574,0.6751331249238115,0.0,2.1033435646031835,3.510517532329604
9,2.3302368031586838,1.162904674501271,1.438242009865939,1.0905786135778874,0.20161265516824672,0.0,7.209135507431921,6.953797129519864
9,0.18263107446033616,0.2993794253936213,-1.2277343854029688,-0.6042585608362558,0.23293016583309323,1.0,-0.5857232663454863,0.8325220297174518
9,0.49686275087564763,0.8803933235879331,1.1349966442580266,-0.32038412694935514,0.14648591398206973,0.0,2.676565756276892,3.02874737616869
9,0.9033252404821817,0.04547735640927919,0.13611459514090074,-1.6909670726570019,-0.9116564305393813,0.0,3.0880427849292063,1.2729783903524825
9,-0.42470577340778437,-0.7841592542533236,-0.24897767445538155,-0.22551508015349975,0.7630642546266779,1.0,0.8589464386127695,1.8420550414557144
9,1.277540613363238,1.548136490985452,1.7970568669373335,1.781103814511557,1.7964745379489293,0.0,10.36206682742065,6.853628452481596
9,-0.7887843953242635,0.40777496535936664,0.1383209783328947,-0.6060170872654298,0.07668391054668688,0.0,-0.8483825742236104,1.282791552595361
9,0.3819682590990134,0.9761072092165598,-1.1518809407620767,0.09169963385345226,-0.6043389124249459,0.0,-0.7060416504664719,1.6263894602831315
9,0.23139361311668238,-0.11350273860049254,0.44095300680905525,1.2415231128865747,0.60252511722793,1.0,5.5732544427257045,3.079527576149782
9,1.5097901181982105,1.0646415991702414,0.7711360756234641,0.9403198697000611,1.0641327540875296,0.0,4.748155292709513,5.999514918453501
9,0.19601182735880368,0.4087451126853436,-1.075894697115353,0.23006487638603057,0.33756437222006835,1.0,1.6887369393301617,1.603309708397619
9,1.8486552022240392,-2.1664963990818022,0.7054011440911441,0.2202386469525644,-0.20360769472198859,1.0,-3.365079006215412,-2.0416578534807526
9,1.807321512980128,0.7781326043072179,0.8289655289217012,0.8272829644219601,0.7007915646789858,0.0,3.7119279674111523,5.553221650864479
9,0.07753605989155649,0.20192422320757664,1.300723249453565,-1.0929738989300088,-0.459231265452951,0.0,0.5353315507531036,1.2964474585403627
9,1.1934986147843487,2.549102825234201,0.5524519508835251,1.7158303657316112,1.2078013748737702,0.0,8.599058513708762,8.502933613830177
9,0.1128623716213712,-0.36149258405482776,1.0142713009172328,1.786335422706465,0.47049397162345086,1.0,7.670698252697751,2.9986751381556993
9,1.0421483340338975,0.16817291503392562,0.7846294809082972,-0.12723263535335483,0.46006973724330935,0.0,2.573305516077292,3.046805151993885
9,-0.4925316143313312,0.8937900357934931,1.170494992707274,-0.7829414513822581,2.81500299731099,1.0,7.120736629769701,2.751383502545152
9,-1.421397351460962,0.26723607051218834,0.46471022398398554,-0.2579440983974973,-1.237402731346221,1.0,-1.053785011668792,0.42170388405552195
9,2.032170849668118,1.258059479583273,0.48282081310117164,0.8116181533104847,0.26065365568572085,1.0,10.645030964184299,6.864942080089678
9,-1.488758176674126,0.8776491397150477,-0.0623784572044318,0.837149715897871,-0.010580139174071967,0.0,1.1627041364994086,0.7679888030866315
9,0.4925368683753867,0.6144078196177032,0.8854980496179261,2.7786976748877095,1.5664826487799628,0.0,12.612156487011248,5.104334008915088
9,0.580213236271111,1.4171759844572969,0.49294373983313783,0.5533506978601046,1.6966182830713128,0.0,4.62544263032899,5.073358872520737
9,-0.3732831095991266,-2.5420865884930572,-0.8975047952147626,-0.6687924178239428,0.4463437299003923,0.0,0.8917928083857835,0.5548189882180399
9,1.7390780123515688,2.7033107981579354,1.6877308480232236,2.1618521590634505,0.976069766373199,0.0,12.220991242742935,10.218620945832694
9,0.6268586086609425,-0.2094276180461191,-0.5056373177985372,-0.6574564354292269,0.4678809925992981,1.0,3.017368657005601,1.6046935673473626
9,-0.2570826803030398,-0.07853585835498966,2.501031288260338,-1.0751121842146691,1.994577152067383,0.0,2.831835875413883,1.76086868098973
9,1.537060366272488,0.3754209018300564,0.003963169901961605,0.8766132883184937,-0.7812041219386185,0.0,1.9221972590576968,3.5829635377178883
9,0.79678406951565,-0.6912717007766727,0.8603322405333723,1.7884995285474963,1.3015112988483586,1.0,8.330548790702473,3.129319085590382
9,0.4935116522732099,0.9287636320794629,0.21454460033529993,-0.7018044547267719,0.4654454113555667,1.0,6.41505780238627,3.135659546540998
9,0.871545357028887,0.8241560691513211,0.893604973449023,0.01857660072831857,0.7047155007567705,0.0,2.8735131515688304,4.001195265854091
9,-0.7402751737152278,-0.4048905464742174,-2.302390593121751,-2.0735581379274715,-0.26050439796212155,0.0,3.852561486679823,-2.259135798445139
9,0.09220173999584158,-0.7246218009060907,-1.5747445419346002,1.7135429482484759,0.29853717866963253,1.0,4.315604220420853,0.8316981662721841
10,0.5729863854694242,0.7430023222418598,1.0527346390459489,0.1550912193669498,0.15031818559283933,0.0,3.415457837828116,3.257993691822067
10,-0.498957261806215,-1.1139088982721452,-2.3386153216731826,0.5468904669738593,1.564620595756726,1.0,0.24723518620455254,-0.05876009306677232
10,-1.88144383376836,-0.6987669953397451,-1.1366064973879295,-0.6302564425814452,0.0448966352808296,0.0,-0.8698887418799377,0.5842778314296211
10,0.2306771794686044,0.0796808402559902,0.9938819093444455,0.6629785432041044,0.7955294116144297,0.0,2.1704950623424963,2.9451948509467014
10,-0.5581684638100981,-0.21918480413975205,0.022507432243747405,0.7430559859770383,1.4868149788720175,1.0,3.561983128842918,2.859601328428223
10,0.6966325512130809,1.3618386359952792,0.4279875456993713,0.3397473440303256,-0.07592780662212795,0.0,2.32220297987247,4.233643100397224
10,1.1061441820539732,0.4615742613766236,1.1487804714957228,-0.5690604732031472,0.7291124406580269,1.0,6.9308329465882546,3.3584434034878843
10,-0.40163566975358733,1.7645919448569733,0.5175781527405893,-0.8096425378252687,0.10066126710685419,1.0,3.5276594238496326,1.7460735122219169
10,1.1902825218042374,1.7279431267046903,1.0546682226110922,1.184562611058957,-0.015963480296185772,1.0,13.257074548724677,6.1210033196142
10,0.9528822715300633,0.8500598236059584,1.3912042583937052,1.3923815090896445,1.1438304053863237,0.0,7.001553333099494,4.853814287267324
10,1.5866013847960008,2.214609102096775,1.254858355667509,1.1382710294818414,2.6123687644772478,0.0,10.059529955777675,9.227764340789857
10,0.8847399850160594,1.439966874553281,1.3156949962732045,0.8936376879114103,1.3000732321134043,1.0,11.944794332270318,5.443396120115344
10,0.047436597820194826,0.9347836505595997,0.022643375007520117,0.5247243702925083,1.3244520544128877,1.0,4.816356737129432,3.4711066298643036
10,-0.027535556348414758,0.8261433383679524,-0.2806609030295296,2.0580979294946427,2.306918782552186,1.0,10.03054458109711,4.379606063220577
10,1.299795482831844,1.583402293869566,1.022710625827397,-0.4027192717297422,0.8483463020193988,1.0,10.75919035054628,5.754921150842077
10,1.776192307056816,0.675983434061219,2.600086409223004,1.108708582074252,-0.7052701559249654,1.0,10.4436604502953,4.071593569279663
10,0.7586338583084167,-0.3437079402201648,1.9602004243649171,0.666142462831093,1.6808567841161663,1.0,5.564125017036727,2.7206771217826455
10,0.31824732357499474,-0.2576101442190981,1.0315373023204577,-0.15800663266461346,1.3049699996215782,0.0,2.1173133584331434,2.5510854948216597
10,1.6476024888971386,0.12653918490113397,-0.050386091116847,-0.049076058065191885,0.45992261168255777,0.0,3.619271230982238,3.274518233577655
10,0.8069629963351208,0.7068992108719562,-0.20754514548510228,1.7084261220836698,0.6004873379979446,0.0,5.40035991236932,4.356596472192841
10,-0.5251948934284696,1.2774637583685462,1.6366013835065587,1.982008513168548,1.6729436592878557,1.0,10.921044962855705,3.2852361936893075
10,0.13361631755493264,1.1670141686006932,-1.1882202856559139,0.8486896718960093,2.5245647949593115,0.0,2.5544420124892935,3.2720759837818623
10,0.7124631340010467,1.9372038116984278,1.0048169012631156,0.763145006191144,-0.052302326934718035,0.0,6.804864080626073,5.099092332703664
10,0.922321956186297,0.9690794701905232,-0.39949693323132973,0.38045116112488114,0.32984942248408033,1.0,6.163185833675534,3.916162591895784
10,2.5851754683899566,-0.9642795292186817,1.6635623457981237,-0.4915739202350953,-0.5586350806684164,0.0,-0.5511426035656164,-0.468340167620922
10,1.4108930245286788,3.1092056496001685,1.692964228097944,0.9973017868237972,-0.20466653637184462,0.0,10.935253807715991,8.76774140375842
10,0.5362371142291866,1.7831636684525591,1.7172814013246387,-1.207721318011341,0.11675451987631863,1.0,9.751859516134363,3.2830944728519134
10,-1.3229900219523985,0.8855391616551,0.7631564134081039,-0.4843070672691704,0.47404675721776374,1.0,0.11371046738102752,0.7088210293292332
10,0.692036784324334,1.2381866748412556,0.07378002074039519,-0.5323293553694399,0.8835429283258864,0.0,2.420435061548973,4.031758739977336
10,-1.807139547358986,-0.8214717686651156,1.3587560635452927,-0.7755092378083626,-0.07691728821092059,0.0,-1.6391318451122348,1.6338281360634448
10,-0.5092904469874457,-1.2544661762956646,0.0606324384459504,-0.39574419188760046,-0.9766503870880634,1.0,-1.9438296074006285,1.0992906745151854
10,0.5006356977246057,0.8736716918038208,-0.38553792000427267,0.12272410043973209,1.0839768928152766,0.0,0.6085254724075961,3.461722746220272
10,1.0116437358617552,1.205971021869293,2.235330926444832,0.09904023943363482,1.557764501152401,0.0,4.206570898382939,4.658195407718519
10,1.7132541362702978,1.3413778913133396,0.9551108495878323,0.40146710805217434,0.1535806552972836,1.0,12.044007182515859,6.158034807126968
10,-0.8017461347737891,0.9022850396175766,-0.45183457855425535,0.9471362884138552,2.618970034012745,1.0,4.940973346204091,2.7836493904327497
10,0.04609670775122554,-0.034676558257787815,1.792261209015504,-1.3856430195973153,-0.15002415773013578,1.0,2.2829437245056776,0.9127496521739118
10,1.9582419964088407,0.34079337376479646,0.19781912557295583,1.1116212283439815,0.7826735670308472,1.0,8.987241431612176,4.843428061823638
10,0.4826923279876721,-0.7160647930857063,-0.9334869705386477,1.4561805870883542,-0.6545265645119216,0.0,0.9711467245838357,1.066793439822959
10,-0.5748312267024083,-1.0851545409301302,-1.644455407336657,-0.7021287710979065,1.1893544173392585,0.0,-0.362846639932935,0.14158046114115497
10,0.7270693040140749,1.303410041651858,2.825142789096326,2.7440483063070342,2.27356429089959,0.0,16.609023954018777,5.9339406099806205
10,0.3299640805389935,-0.2406669064752004,0.46692559990250515,0.31406682051026413,0.5864665983006443,0.0,1.488536261824161,2.541923087999334
10,1.3606499964994354,1.9647797926117605,0.4662334319489439,-0.03908650282646475,0.824817654204017,0.0,3.8412487416617256,6.855342590985638
10,0.7407415927603592,0.28962317779723695,0.9441408767034409,1.183990910237966,0.5225166430583216,0.0,3.3293217502943326,3.6414815138643792
10,-1.1926264653881467,-0.7074144100157016,0.9526988061962995,0.3277701857567846,-1.029538822386174,1.0,0.030530479568594227,1.5986115174283926
10,2.6211648454004104,0.6203727816994908,1.7641161435698418,1.734510682889251,1.3050897688376488,0.0,8.793985062694611,6.456608515234594
10,-0.02686034798671344,-1.0295359886028823,1.6301295248214216,-1.4963814675790847,0.47937647149841245,1.0,0.057912049211609196,0.7467193998862234
10,0.7808074514881027,1.6557166776684602,0.8301719398312406,-0.08606565372072561,2.3906678180990286,0.0,6.1747832262950535,5.753193906460409
10,0.9184040510572751,0.3221857882798904,1.7564164301678358,0.8104749046357225,1.1920825593306592,0.0,4.588086575783647,3.6111225796779594
10,0.7044293658376616,-0.3206301915289228,-0.38659475615613226,1.2094334986040651,1.3868300456982492,0.0,2.8842263898533007,2.997070987883559
10,0.5891086133975525,2.3108890898343732,1.7869414895243074,-0.3936444891025198,1.9024741961439025,0.0,7.783161321231457,5.244783032207902
11,0.80280079759615,0.1705783072590069,-0.1665316996351187,-1.744060979085321,0.7032276256576788,0.0,4.1758191881254,2.0061130401059204
11,2.220844234428894,0.68046707654349,2.312841820689327,0.5651808749843272,3.252949044839028,0.0,8.336550771061008,6.351555876525012
11,0.5751580665645128,1.3620214952088725,0.5632423610782035,-0.3440226475032373,0.6270932852993567,1.0,6.947883668322677,4.02065229315272
11,1.232442987857517,0.25331092398584115,0.8770123227696798,0.5360286421656818,0.15353091106804612,0.0,4.455098568017277,3.4778051820372617
11,-0.9057811553863027,0.2741210245823215,0.18208477309649546,1.7663833098852515,1.1954196390176643,0.0,2.395310582556341,2.991288456227444
11,0.2984986572464364,1.0619624069560716,1.6658982659097672,1.71106294120998,0.330857198860083,0.0,6.719812849631653,3.756175440011758
11,-0.03888419085822847,-0.7193239220082048,0.9382779584615852,3.3814031772594038,1.107407948537603,0.0,14.007869990859435,3.9535886128192357
11,1.9477779859117705,2.766449797584318,2.2387230961024587,1.051216097879372,2.0574201102589242,0.0,13.79580291861827,10.799863948254677
11,0.44410454314017983,2.5695000138941557,2.003339580974135,0.5332035693844556,2.1045861373005765,0.0,9.99882863020696,5.549312369426154
11,0.36928852100292864,0.100067091988437,-0.06779539931026757,0.25183866421791506,0.7875907368736788,1.0,3.8703456286650733,2.7551512077859504
11,1.1220126364010659,0.8141663044815506,1.0650581919681033,0.9323240810149378,2.2559375504682184,1.0,9.482526651903434,5.492707569152041
11,0.9816711101314112,-1.4258234540885428,2.4061488892638385,1.5752270082328974,0.6264944761122095,0.0,2.5356102593471346,0.9406362240875925
11,0.8809832074088002,-0.2869851696385637,0.42594918166101425,0.781100578850642,1.0002733813123865,1.0,5.447128352558609,3.0584784298602727
11,-0.7327306266330134,-1.4216050691924758,-1.2948379794790186,0.804842463776251,-0.29393348856595714,0.0,-1.46965796593923,0.8449903728484138
11,1.5064416885999827,1.4399318717800627,-0.48143856384828443,0.5117068937570456,1.0800831448356434,0.0,3.033590860468367,6.083865624333365
11,0.11268858805909276,1.2270508609844382,0.8988237303954607,1.4683008696884605,-0.049392587508068075,1.0,8.437303494591365,3.5895413014702306
11,-0.21506571425441257,-1.1246189186042785,-0.8010829135489488,-0.2514748936841198,-0.837697331903694,1.0,-0.6770109363752483,0.32282655135011873
11,0.9234822802300378,-1.5971823958358367,0.7630093297093407,0.08580611141464656,-0.8154878853566248,0.0,-0.8569254438874052,-0.07239638074972621
11,0.6098021193961746,-0.9753594870083002,0.6506150922126808,0.7375556775716998,-0.6968851755507273,1.0,2.7652857656536893,1.363799233492534
11,1.2399040850535137,1.148605506581768,0.8304023742675695,0.3815620056705892,2.156446859634685,0.0,6.421933846894113,5.977199856181173
11,-0.32677937335782803,0.8959423789723551,0.543886152382917,0.7461492049734776,-0.3462287650431447,1.0,4.96851314645252,2.319413508754905
11,0.642785110009398,-0.34165343772285395,-0.4905174854506815,-0.03499548259725549,-0.6911027329674257,0.0,-1.6240835049078903,1.2047374415144843
11,-0.32970160658980663,0.759985795862284,1.195854037257499,-0.7665821989111459,-0.33803178771869546,1.0,-0.7852514881106472,1.3764124105196665
11,-1.1585948565467206,-1.230904624676965,1.201444796515707,-0.3126936820732771,-0.9841690464947923,1.0,-1.2345037902820937,1.5446718303341163
11,0.06076074773522955,0.004070954754599565,-0.34709247373503604,-0.43308467589631494,-2.36294247743304,1.0,-1.554312146204052,0.4014691172026842
11,0.6419737817437458,0.7513468844211124,1.144094519637264,0.462743050459839,0.15997933152933325,1.0,6.764331198048952,3.476284380849748
11,0.5505767489228306,2.849196567210749,1.5869482938733073,1.712790492400637,0.7015840091776906,0.0,10.670673217793626,6.2530981740258085
11,-0.06282474507509328,0.2501625330446261,-1.2542709519962956,-0.0049927416218839005,-1.4979545448652027,0.0,-2.110849093071857,0.010609808441881474
11,0.6217742110498359,1.2699626119827212,2.004741040082609,1.1997223499429657,0.779970894377412,0.0,7.556907395730386,4.307262395854874
11,0.20730510204357122,-0.677722992637787,0.5080861269974294,1.166213595651287,0.0046718222131980625,0.0,1.4628302913174611,2.3374586109246986
11,0.8729263554540312,1.1090779503779347,2.1003659950689917,-0.7641057468088279,0.5576775010203786,1.0,8.239955316744492,3.4009523995422573
11,-0.08391386460603256,0.4242178414528685,0.5206754598781598,1.3082317026294525,0.16449506810510134,0.0,3.5740011173829447,2.9987387043549107
11,2.6897013590828025,1.7154528602884773,1.2022646008342543,0.8692110038134304,0.6688582223057291,1.0,15.265630706143016,9.547046043551443
11,0.0366155006180815,0.4013597089265967,0.9846127158400289,-1.9257389169226182,0.4281573424401248,0.0,5.044401828962597,1.53038494818162
11,1.9502256841331254,0.026125542421237546,2.5052561626528735,1.244641576466797,1.6041129472948714,0.0,8.198123567554445,3.911853459001362
11,-0.8124807447734848,1.0380105568226008,-0.5368970775551887,1.4568048418574067,0.3903824219912174,0.0,1.6410324657192947,1.7838462827322799
11,-1.0943251322960186,1.5251002631399904,1.211607049053451,0.16859055084430163,1.7587158116026238,0.0,5.042321916219919,1.4674040891486144
11,1.204480198467436,0.7231826475452421,1.303624517955479,2.5879512201670085,-0.04623120100311351,0.0,11.037685810781086,5.0215675156551
11,0.5255523840357369,-0.3523743816978685,0.3527825627657919,1.5620279329330513,2.2020628056648084,1.0,9.644315096052779,3.898249398266138
11,0.7982343817018576,-0.3823640094638737,0.5166425588468265,0.1967062495931972,-0.31579708908787507,0.0,0.5194094279130343,1.9709774782793974
11,0.4503691050105346,1.8017433449209794,1.1802941074465951,0.0006628082844141736,-0.042078679882568304,0.0,5.048521805863716,3.887597754983268
11,0.05916255263394127,-0.001483193615126166,0.540067190485386,0.170514398817867,0.2234731983279808,0.0,1.2774030305406232,2.3534534581856303
11,-0.25600435293420876,0.41366959010833754,0.1525378461757403,1.3531607822266287,-0.7727669965335924,1.0,5.016276905897527,2.3277858619583034
11,0.8081963727554784,-0.09083225221461744,1.7534483703585624,0.6634971526853376,-0.036445804052278596,1.0,4.746993145422666,2.2938834858839177
11,-0.4323700497130123,-0.6520969446076459,1.3424144899669717,-0.13172478743612714,-0.030329479132306658,0.0,-1.6250152525071497,1.5562954775430968
11,-1.6087033789895941,0.33766984804771205,-1.7924555941842089,-1.142721496128518,-0.8293871747381913,1.0,-7.050122177524877,-2.2808581202731237
11,1.0926187041175255,-0.53695081510942,-0.5017611601390566,2.560447138909488,-0.33061129776425946,0.0,8.871369178137666,2.4319256374140563
11,0.15958936489666153,0.7502518680080444,0.040843308150388835,1.6787846261870802,1.0241166841340008,1.0,8.606943717440965,3.945691172849685
11,-0.1960751210728272,0.7199022123671084,-0.3399428286817876,-0.5652734805998074,0.40416908316484224,1.0,1.234475721187182,1.8130087490225628
11,0.056532669334083074,0.9791883335957872,0.34374888781830903,1.3013092168412173,0.4898063809913954,0.0,3.1805815170949154,3.5821467125242075
12,0.9825308746374536,-1.294159137013938,-0.3270206462577492,-1.6099668510045326,-0.745041983738443,1.0,2.37996361857781,-0.8213765983819409
12,1.0492232308619842,0.5932128568241865,0.28109706911176424,0.23358647387019488,-0.34491328051972914,0.0,1.4526353436666595,3.4892675640816373
12,0.06541898807618901,0.8012657749076295,1.4784484988271918,-0.5342612936468556,0.12642044950070563,1.0,2.8225258814640193,2.1132808300193253
12,-0.8756995498152704,-0.8347727070785569,-0.18877600995032506,-0.4114433022596936,-0.9247067307792711,0.0,-1.9282834474383121,1.0955455947174666
12,0.8288022222502001,0.26976590191116034,0.8470787863908649,-0.17079348248428972,1.4722785064949777,0.0,0.9672646728032679,3.5093235236027356
12,-1.315156664923705,-0.6468655259856602,0.4106001450899738,1.5243961492795943,0.17482058275079043,0.0,1.2520590592362937,2.8415082851532816
12,-0.06860689553973909,0.46715272524853707,-1.1867384576948692,0.7820059992348626,0.5903052185349423,0.0,0.33317834477079833,1.6346952014297123
12,-1.210176907529557,-1.1544811581465482,-0.4175867251859895,0.13861249147302052,0.15217825371557442,1.0,-0.6490999396164439,2.065469733452936
12,-0.77309705110134,1.331228536678268,-0.03299810161608996,0.014733893079712013,0.19979162857073923,1.0,-0.11025100804398436,1.3401162088028036
12,-0.7316544995148269,-0.7293262151534576,0.34674224042076857,-1.6825939264993237,-0.7088720898652268,0.0,0.3302891218750271,0.7212473663377961
12,1.2613497796612712,2.5072614675138096,-0.2859686690782478,-0.24181017852362963,1.5614649150250781,1.0,9.787772468983432,7.523071210836962
12,-0.25705298482865,0.4592565954223591,0.33206558648125756,-0.5270457149626482,1.0883974867903707,1.0,3.097612896058661,2.3751281926874563
12,-0.6231021901515212,0.44197279409243634,-0.5322757382903693,-0.6552905066341987,-1.1803596284205282,1.0,-2.577299910564121,0.31173252500631166
12,0.6710032407551395,1.257574813464243,2.0730156071467682,0.09978265173770196,-0.32700004580603315,0.0,6.049912700173828,3.2496529508673406
12,0.380529204735639,1.246285259506429,0.9944324794956887,2.5152375916710783,1.7103300894486468,1.0,16.933881042608427,5.442634065798585
12,0.9899530670200967,-1.0636950365347013,1.1559942443538185,0.819887299252411,0.6998308532650004,1.0,3.884984113070207,1.6509858547885097
12,0.21399717883691005,0.3447055043763386,-0.33012317705890803,-0.2660216058128131,-0.020592020098286756,1.0,2.857916487730572,1.9907513672720463
12,0.5464073483296081,0.8825753249888415,0.5462972994995041,0.5142741021978038,-0.5832687746428502,1.0,5.71884699498704,3.289842321071056
12,2.509841431704137,3.155127662303607,0.9421830768130104,1.7942924250020074,1.5869215170136175,1.0,25.922277691305705,14.501076845238359
12,2.1231846771484033,1.2041561903392544,1.5827184683833115,2.1054070733335717,-0.05048136248537893,1.0,17.90152688208629,7.027216636421347
12,2.0452743379278426,0.5487368932909571,0.10112495710320829,0.9420653023353296,0.5230604025526048,1.0,10.307993516097511,5.197339660114745
12,0.7004055312640993,0.5758577315478155,0.24282602450541507,-0.9521074210850402,-0.4844065198084013,1.0,3.856558338475266,2.415283957156861
12,-0.2670626324109896,-0.2565319616587717,1.149655604871275,0.4715469372708088,1.227275283446355,1.0,3.346208200735994,2.6397534848451905
12,1.3294712961324926,2.184212142278526,1.8921145466563887,-1.8162124754860387,0.03859223499518727,0.0,10.10418832382962,5.4021186321882535
12,1.2823162887628738,0.40592223651991566,2.9631826415215183,0.9948771900555033,2.142378722103429,0.0,7.226990650254033,4.43073213142129
12,2.2787258370324324,1.0051235434988135,1.131585476263055,-0.5668259068473738,-0.024639958798655548,1.0,9.998659937276035,5.627610831772374
12,-0.09079293240432551,0.7482638182753174,-0.024140309079456967,2.074252818034548,0.623951344638217,0.0,6.953024478291319,3.597538940347494
12,1.1737183175242358,1.0110105235364335,1.5292721052027054,0.1993944919584883,0.8771468031553883,0.0,3.6160290305419602,4.623424980894882
12,0.3636414368236885,-1.0976032405729566,-0.20895507224899101,-1.2054035012548292,-0.746028821381179,1.0,1.4195587943276977,0.13193958749419288
12,0.7094513932562923,1.332783893484442,0.9607702297061266,0.09988518097673182,0.9200316689873256,0.0,4.8234038131210974,4.529895423680025
12,-0.04663206923080465,-0.6618365621394484,0.5827725559725527,0.7585637526639066,-1.2050568103310733,1.0,1.907282799789492,1.5797082517055208
12,-0.8557232722114614,0.23471834171566763,0.3466305676189015,-1.4021432929260518,-0.6304040966897193,1.0,0.5444967327750281,0.586207925590564
12,1.3123450615155874,-0.601644851940849,0.28233672831728185,1.1601653003939298,0.9640681604636385,0.0,4.037180153817956,2.7294765961488157
12,0.387033327586015,1.0422579396425826,2.9642817127423893,0.3377732357926767,1.0669226864214747,0.0,6.027038044840443,3.3182014534584243
12,-0.35642033784503724,1.0325139665562837,-0.02046639172815934,0.5202665445202123,0.4078507914039158,0.0,0.39578262559902255,2.423653880379225
12,0.6814093546572162,2.356105789067065,0.07064975020285735,1.268026934935134,0.07533976908721757,0.0,5.366068650245184,5.828743668513594
12,1.430957016357739,1.1767948909173258,1.8575153263531408,1.514002714553156,1.358844525033154,1.0,16.595268867583172,6.070193449543851
12,0.601784625303262,-0.2920498628438294,-0.5005434359639436,1.2999246183139241,0.38618974859597827,1.0,3.3649234127633556,2.4492236246598393
12,1.74602474121716,0.09955377378133023,-0.12747452465650833,1.3068400885393583,0.7220252165736849,0.0,1.785961635570179,4.0391941189269405
12,0.6641415300601894,1.0250730127742336,0.13975947253146737,0.6281406300004956,1.6712133699154375,0.0,3.4532904626351995,4.735207098288917
12,1.0295152360285265,2.541146915446621,0.5893104569509077,2.84629553223566,1.2832611026886345,0.0,13.448895572774454,8.592238204516747
12,-0.27399646868656624,0.6403759777989184,0.37141934906505614,-0.3674356845872102,-0.5412751566135703,1.0,2.8428216006067357,1.6708964000821056
12,1.101290401020762,1.8994466565919674,1.4249262077033789,0.58108063330036,0.8571257380488292,0.0,7.824362703198978,6.169130551371985
12,2.2472205992039416,0.7326137069413848,0.507402123646261,2.4184022998311447,1.7398318235129409,1.0,18.05803072960169,7.3430896753531005
12,0.5999179544615459,-0.254060053829377,0.8140416333018277,1.119081606922626,2.2119562683516545,0.0,4.327064438363061,3.7796190231558846
12,-0.326305643068018,-0.36698337487112054,0.15377004621517848,-1.0555171760852338,-1.036269946053483,1.0,0.47902344778634565,0.7922963629899775
12,2.4226119542681936,0.08963461215019725,0.6043186996312175,0.550529752659403,1.0860785627343286,0.0,4.027661734636376,4.416626078157167
12,0.4891726886565947,0.32806088740720213,0.028497041682272073,0.7018138295217081,0.1719223416440585,0.0,3.1831659431667125,3.0198058075770766
12,0.3480978865731862,1.0305687099720022,0.823185082834871,-0.4923620382868761,0.8313739443801472,1.0,7.293075487332594,3.3090595733596038
12,-0.7945977892915845,-1.5774214637551918,-0.556593958247267,-1.6615015357463419,-1.279953330879407,1.0,-0.6872946803030314,0.16744100425534603
13,0.8179533753156706,1.1112348783782733,1.0715064849199223,0.5915239513629889,0.8661818816806186,0.0,4.928250333535285,4.616940800743592
13,-1.7964715565895255,-0.7111648915306739,-0.551680808208157,-1.8228562029103155,-0.8041345730358469,0.0,0.6536430515340768,0.2860782647910036
13,0.004390621056023336,-0.40047913518846134,-0.37273914677858844,0.38464208075835454,0.453731542186134,0.0,1.6669331309168,1.9643479604034613
13,0.4458179037646861,1.7639096810531614,3.4607250020497755,1.3771399062823015,1.4102421782971333,0.0,13.588375401403344,5.065791857253232
13,-0.03390695527546761,0.10239663944592531,0.23236751496170455,0.8774620429986302,1.2863473213260397,1.0,6.86451746517972,3.201985250005386
13,-2.392894043289281,-0.9391752233233805,0.8209333400817911,-1.5828652381023116,-0.6048311838695883,0.0,-0.906361411522853,1.5794691257726718
13,1.7728112588455696,0.40912025552483744,1.2809492889817224,0.897683188435814,-0.16333911355663555,1.0,9.187944277364693,4.109711081013284
13,1.9795374719547352,1.247412963930932,-0.5915459832787928,1.7902259966443717,0.9723043702517855,0.0,7.3148451487928225,6.998347676458682
13,0.6223107431119813,2.0926012171549857,1.616242957456986,2.605728466448713,0.6394012079395612,0.0,13.548321771388204,6.044959526479954
13,-0.7865771582530006,-1.848136707872972,-0.7124156624328024,-0.24436465712207533,0.5085934331065176,1.0,0.0401167789540946,1.6690367979426062
13,1.0088063175436464,0.8298451551895054,0.32413407682148276,0.15589301606898448,1.7804104118210562,0.0,3.5394293641095915,4.834624391834428
13,0.6571768389707234,1.1490830922309456,0.863351158857212,0.7333808151366825,-0.5909170996477047,0.0,4.169811522650588,3.811082355621862
13,-1.4015852497155838,-0.19554276620900923,-0.17159025803796868,-0.021252120525300455,0.08129770238417483,0.0,-1.1786312369243968,1.4050479879551987
13,2.2314800081449304,1.8116580201961223,0.8770107600322078,1.3683059882815194,0.5278084768093538,0.0,7.813777260769174,9.090262497976504
13,0.9118759262110026,-0.9505663784955267,0.9874340884902308,-0.25839329799892896,0.2110958885124744,0.0,1.362076474765033,1.1347577371934845
13,1.0724458172090845,0.5201804132150003,0.13208820932449444,0.6152538061469105,0.6286394377856759,1.0,6.7043206676512375,4.033458178962613
13,1.9115041747047503,0.5983842252088106,0.5298371034626447,0.8342227093040232,0.5523832732824276,0.0,4.0477335005122095,5.219869096243219
13,0.4240220488753378,2.4858810372878137,-1.0568837646430744,-0.04188209122385944,-0.2666551822774623,0.0,-1.275560237435103,3.317897563461525
13,-0.7688764941219297,-0.4204118121242766,0.23085366623905518,-1.068486255212167,-0.5767409167274804,0.0,-0.9714778031277946,0.994885277756322
13,1.8649623809113434,2.2261499332145602,1.228205565320219,-0.9373267838939778,1.0260804364555742,0.0,9.209662497084565,8.191650068403781
13,0.024676085644739776,0.33477993433075304,2.1075272295137006,-0.131791585339336,-2.2561900962404073,1.0,1.2798201377844172,0.5364325260397966
13,2.3391454135469902,1.1904125055255852,-0.044192144155783875,1.1632970923939998,1.8232857030227698,1.0,14.604202787209122,8.01954592379957
13,-0.4512073150366217,1.4833185423206952,0.9768182950022264,0.7479389371245424,0.22313982581649638,0.0,2.1653068400360516,2.380382086295442
13,-0.1846336502404925,0.15497455620152767,0.7401986674452934,-0.2947992390583358,0.2704730158017293,0.0,-0.7331258410999385,2.0528277421694296
13,1.1197124753919705,0.8836259721932994,2.753924590155916,0.15440386806460227,0.7849517348178735,1.0,10.393522262739657,3.9119232254293594
13,1.530074250615396,2.42295135822508,0.9041985849699736,1.8542315958267506,2.6252811512391934,0.0,11.806499778771453,9.99397958859787
13,-0.030799606863598616,-1.0203007569584883,-0.9460415340063533,-1.748953557454497,0.45354739147308376,1.0,2.6846377068337093,-0.029950768360594515
13,-0.5808856128465514,1.2414526091340137,1.0518305390074514,0.47296244413677624,0.16141097418413847,0.0,2.7502977666060113,1.9482258802107648
13,0.1189399663247806,0.22015595505868202,0.5794470854895774,0.7584361173928238,1.5439890504085667,0.0,4.262647435694698,3.473434961645195
13,0.277104657587444,7.461277263698385e-05,0.6816723255777779,0.32047899991211193,0.8276466149525195,1.0,4.9964075154035905,2.830029366223933
13,1.062344137143639,1.0168860944923936,0.47844477084126164,1.8699640195406873,1.3162902355962216,1.0,13.225963056904071,5.8399596316586315
13,-0.20282155047767936,-1.8270811638757358,-0.4030194992717969,0.006436220662408065,-0.1154058061524268,1.0,-1.1421018952431075,1.0195064835104162
13,2.0307866772164904,0.5693892534415478,1.0481692105523284,1.7454444171541856,1.6415031565398397,0.0,9.448549104304721,6.173112749907601
13,0.973659107570267,0.31481956274403466,0.49921858869247754,-1.4569649079671292,-0.1893102921317048,0.0,1.516417737116498,2.255194886422683
13,-0.6820223357680391,1.2219140493569407,-1.2339217479090399,-0.1392390949368001,0.1687621153234493,1.0,-1.641826016163387,0.16491278179129276
13,-0.03915316710530903,0.6833890139614898,2.245475861012438,1.0733234063106853,0.04333127891099686,1.0,6.937547168867236,2.3517792575035186
13,-0.4508928308681279,1.258048321077613,-0.5700698539310849,0.9774765124789775,-0.6656550508221319,1.0,1.133042348010229,1.5490718577963403
13,0.12065463640407731,0.3254161401314726,1.593400520606162,0.3137284041288241,-0.32515019189599703,0.0,0.7953860262343508,2.030685451828289
13,0.16305569627293737,0.8066217434716558,0.59257389676702,0.014912866473077768,-0.5597034766428592,0.0,1.816921047623378,2.469760545558291
13,0.19822669320446068,1.165789737574932,0.6324266631449023,0.3376043844110249,-0.45902215226669263,1.0,5.358323641052561,2.9751987824174533
13,2.1849704465045403,-1.211172816017016,0.985672332920229,1.9419326046458334,0.39005454726541244,0.0,6.042195261506227,1.051654502329598
13,-1.2886329031377421,0.8619761534510918,-1.5220461805572687,-0.6185681218353125,0.5790390964892643,0.0,-4.712341450273573,-1.0561559720641998
13,-0.28938405431027225,-0.5804499561088647,0.6072381686840695,-0.6439022872308382,-0.24352528084038394,1.0,0.579633510638356,1.4141883098275274
13,-0.6472838098291349,-0.008018363662990025,-0.8752860107678304,-1.0870079781805213,-0.6208392182904268,0.0,-2.3615648377573866,0.0267497728573608
13,1.7868332853412408,0.6323333616282996,1.605942245331909,3.3294382552962825,1.0949298809366437,1.0,22.727920740255744,6.31947412885404
13,3.3073839031435948,0.20348627101279165,1.1115132750215073,-0.5025919106186343,0.34347599570715015,0.0,0.9891222621636306,4.347946554065196
13,1.8632235069757495,-0.5072080806491635,-0.4650970183387595,1.1998340547430395,0.5229378241894648,0.0,2.2492111344117847,2.2555811808315496
13,-1.840443512788449,0.39189515743743913,-0.6681557753006613,0.21161071612980797,-0.12180683373118628,1.0,-1.219591141004883,0.05025454564849874
13,0.116111188324804,0.5263002058692459,1.3465714191530742,0.9739727640841637,-0.5986986109589747,1.0,4.778706477691238,2.4655885652818395
13,1.8050253960725775,0.19632899783399216,1.7077835144587221,1.3879295291561127,0.9676692641484024,1.0,11.02776953305953,4.250188027040673
14,0.7035961126906878,0.7471457772533059,-0.6168345549323553,1.7027031667568135,0.9888632420990667,1.0,7.732074078802143,4.10413934735155
14,-1.5411443102535003,0.7549853498651259,-1.3432094152505223,-0.5219394545235312,0.436173091107698,0.0,-2.7249301442710294,-1.045481426874522
14,-0.4852160792649002,1.7692151263325924,0.3193666717456545,0.29284245021847255,-0.49731144375055836,0.0,-0.35746740623840056,1.790431187253831
14,1.375835650165734,0.15702472021369124,-0.5941933258926904,1.055234766035893,1.2015551294484708,1.0,8.043347264832965,3.642369055254902
14,1.2201907418965996,0.6916088733733841,0.5238292925750375,2.2608774348255576,0.33758058334271857,0.0,9.060350624890726,5.226848329598017
14,-0.6046062954131495,0.9355973085758563,-0.23184411676315442,-0.23976535107595964,-0.7577921332997137,0.0,-2.0617451566568814,0.9583710057406428
14,0.20615440348820108,-0.37851996105880836,-1.6934478355014808,0.25158116331017466,-0.8990196930191132,1.0,-0.14249287183339665,-0.4570037422992706
14,-0.28786873117432543,0.11697716432225164,0.21120855619101603,-0.01693116957685714,0.9762491198084453,0.0,-0.37279113585013895,2.4439216669385537
14,-0.08543383765793144,-2.1948761291742858,0.5350262594255386,0.36149424564184485,0.02210170436264436,1.0,-1.2929967319818356,1.3669280530433938
14,-0.39971645068496653,-0.6944744807562393,-0.30473813498440505,1.955321379926585,0.31448085434910794,0.0,4.830102232897226,2.666955014603838
14,0.49724156730918273,-0.20004238654591877,0.693305870192233,0.1494481735690119,0.1333980437028468,0.0,1.55889415268007,2.3063437394480886
14,0.8970215777095392,0.3922271359669961,-0.8318905245973667,1.2443955468844883,0.26149576944473946,0.0,3.8327473101243106,3.0069404344931256
14,1.9304970418421203,0.25504082223270186,0.008206414293754904,2.45888988344666,1.3173381623703961,0.0,11.868686716559049,5.477308042533223
14,1.4118871810368088,1.1299211785240098,-0.02959850260790131,-1.4502830977827494,1.1609063967678641,1.0,8.521335803868151,4.706299801809029
14,0.3492139646289228,-0.4926264254258097,1.014394396373709,1.2561318941694681,1.6642559221062623,1.0,6.581018638866081,3.2517871320881104
14,-0.5016270233845783,0.5972301667134137,0.33284896098767525,-0.8164829437042618,0.007551640526317793,0.0,0.9630987648298434,1.4552889292853965
14,0.8929608040331218,1.5386052932777363,0.11302012180596593,-0.028194162374163834,0.08423247094377467,1.0,7.840829722691643,4.667846505237858
14,0.42717314658881306,0.6653695167684257,2.186110309579949,0.9906109334921975,-0.4343014619440748,0.0,3.6794266436662895,2.6244942657218866
14,-0.4226899003435599,1.3560005524653593,-0.8548964388173279,0.5100000073565116,1.5298606220814945,1.0,2.22145215048413,2.142266333460044
14,0.32899445327817606,0.14861570561671145,1.6305129487028933,-0.3394489941809078,1.1195643294199766,1.0,5.64636161055903,2.433331828325207
14,1.6801232475521364,0.015245545109745517,2.0584439707972604,-0.8405755763774563,0.41052956256871703,1.0,4.449640768365225,2.218948742614286
14,0.9164314519464463,-1.0047675557672917,-1.4696575935167044,0.6110376992183079,1.9934017423678834,1.0,3.2948532855106283,0.7033886781530558
14,0.7778201654158194,1.341309699309045,-0.15464615166180862,1.2627639391096075,0.8416787603383167,1.0,8.367525729994775,5.0658270345067855
14,1.792311385814325,0.9990715675418382,3.0723444984028068,0.5502150075160467,1.9847981033299673,0.0,7.861686405560916,5.992414322578916
14,-0.876402980014767,0.3395747360010316,1.1481717940134266,-0.6365789374028294,0.20303894905041198,0.0,-0.21958213070608434,1.2014529480579237
14,-0.6439350052773227,-1.2021198171043155,-0.25198915741871064,0.9763941361204084,0.5315694986967192,1.0,3.9157419214116764,2.4474652380235007
14,1.3090816042373041,0.733583390520579,0.13506102293539635,-0.22714967363702487,0.7524768396129422,0.0,2.8293073900363486,4.302740229802859
14,-0.9188537677912556,0.37607010123560397,0.5335244963723269,0.9162663582459956,-0.10323575579954725,1.0,3.926688146648961,1.9173522515126356
14,1.3635644590455998,0.3023601089389552,1.6398354795798216,2.3222717614965065,0.14779136269145637,0.0,9.25023318862028,4.231214763160529
14,1.475259409485047,1.1927120364038388,1.7086395337746954,1.5092686525339296,0.14371955489352323,0.0,7.740188038375087,5.636952147265597
14,2.408991735857949,0.2069149323583,0.07758397058278932,0.948159462963568,1.55762293568069,1.0,9.311645529316424,5.095084753901558
14,0.11332147419149341,0.643501038115509,0.19741725822395417,0.4338742332744252,1.0234676638905778,0.0,4.158231564949899,3.2592897401898053
14,0.4108457174188057,1.6454291694186003,0.23874856986010445,1.565436168068693,0.49199921635371147,1.0,12.895159055488207,4.823881630541878
14,0.5933776468575793,1.0750994875515656,0.46766744132358223,-1.3195327977880937,1.237963274619784,1.0,6.559262205731299,3.5578497759804972
14,0.80933150866243,-0.9213894450132196,0.6324781832649436,0.8126698950974858,-0.21221496737566015,1.0,2.0553888314522,1.6212930976409188
14,1.2867365113508746,0.25956602385011845,1.288094867048169,0.9499302591730892,1.506305461156642,0.0,5.237335672713631,4.2582605308655666
14,1.4609757041616256,1.9275765365659123,1.811742673036839,-0.31977190141031464,1.6575855239804926,1.0,14.789264992573726,6.846575014109808
14,1.0549268973806674,1.549657827048858,1.1421952567232005,0.7986606717354591,0.25164469986359705,1.0,11.1684076010068,5.4489172154101
14,1.2684631369514587,0.270158372080594,0.5691466378309434,-0.1480641309420183,0.5710401990119307,0.0,2.3642975676694142,3.450419213723993
14,-0.2779725468005493,0.8941103349061416,1.1652620158266114,-0.18125769796227742,-0.3272413008603948,1.0,1.6980185205219267,1.782422066235556
14,-0.9410214564938093,1.5643919994595068,1.120889815490552,1.243266647513427,0.38533887457317584,1.0,5.5774197835283665,1.6491878529981965
14,0.4161693319153802,1.0429932863118117,-0.8835869048458833,-0.2952586959452477,-0.5962802571001671,0.0,-1.0313992942622943,1.9104626836788867
14,1.2143699730882576,-0.3319126243949737,1.2504239349703725,0.8477504278676349,0.8660515049584521,1.0,5.477587909748964,2.835196909796521
14,3.2632244686131373,0.4455777359829566,1.7083348442507207,1.0020600996532225,0.5449389367253599,0.0,5.889657710702378,5.798982918364025
14,-0.8960630193379733,-0.5290413678721897,0.16657930745546595,1.221013297663393,-0.8449021810956094,0.0,0.15968904252723787,2.019005144212048
14,-0.05901674609748031,-0.7984174123925953,-0.4626144666227804,-0.11075351523589783,-0.3620298207678593,0.0,-1.839258441553628,1.0455927660357118
14,0.4467209967034566,-1.2867604512489237,1.1029677939776068,0.9923356221343241,0.7549536083549102,1.0,3.000326051583402,1.8812350815416785
14,-1.3531544258877133,-0.0025188770843205255,0.409394254131793,-0.6529237784067288,0.21587641052819562,0.0,-0.8022750323736074,1.2291073318121473
14,-0.21520100721814073,-1.1409581836401976,-0.62620030758222,-0.16302972873771926,-0.689938098975279,0.0,-1.984235412971777,0.6381319260244416
14,0.25085260597485787,1.4034719235475928,1.35822350615324,0.5339821669063961,0.8512262982511191,1.0,8.56272922089739,3.7619183451066966
15,1.219795376444228,2.2962255882378626,0.7978120029077499,1.2390706134511125,-0.6688060455727831,0.0,5.048584459309939,6.94124873699313
15,0.2349694230376302,0.11687293200689591,0.08777381106048465,-0.46431868608388993,-1.0740176871208675,1.0,3.904733145669205,1.474251813402735
15,0.25033438313657963,0.9121623808885937,-0.41613933479282517,0.6400682197789702,0.21191079456019896,0.0,0.9376765636879797,2.9421701870553507
15,-0.23168270475460684,0.7546491740300839,0.6958756714519077,0.5074903241432406,1.3629651410183228,0.0,0.8798341728460028,3.1373022813085147
15,1.1366278180074705,-0.23177747441222252,-0.3215060604219713,1.8396385774255668,-0.6466452595178132,1.0,9.550064764156112,2.573484661014362
15,2.1622415167153584,0.6262830480601899,0.48448826521019744,-0.4584113604525998,0.5986932913605856,0.0,4.128218999059568,4.945735996476575
15,2.404870667444288,0.815555004262231,2.6959128628373827,1.022464659000994,2.2305408292011943,0.0,7.381985344736088,6.643658483233514
15,-0.4377657352457275,-0.09533304875477255,-0.014681441521021577,0.27310108044743375,1.161680832434293,0.0,1.913492635710252,2.4851266154346847
15,0.003671607331148574,-0.48798008288054784,-0.23356222349792177,-0.34660286861871636,0.9837769164740995,1.0,2.8784840425689957,1.93070811535355
15,2.04977419008453,1.7840486073873123,0.2998084209696324,0.8408854526831181,2.5759765964088586,0.0,5.581147198543818,9.387536510113764
15,-0.41109424332990574,-0.9873040534279451,0.19828892552034982,-0.055797903145799244,-1.2845012006798777,1.0,-1.2351580555175448,1.116075856238807
15,1.2281543816964897,-0.952758102475262,0.9211024073001385,0.499405992050105,0.8714372585835607,0.0,1.3161862635941681,1.7184796419857316
15,1.121599347214659,-0.5225062140784302,0.7860344447480276,1.3628455472581313,-0.6470747030655271,0.0,2.985467204888364,2.171063301634145
15,1.0591470362125714,1.3656903748321105,0.5329959875864648,2.3656565098170943,0.8038736347269736,1.0,16.082094669498545,6.371437313390773
15,0.027650253057370067,-1.4280364991762162,0.1406700106992263,-0.01523502708078861,0.5826352318315559,0.0,-1.119485097207746,1.6044786926669374
15,-0.3878423107617007,0.5641628840116087,-1.017233945114667,-0.17946092024409088,-0.5189826643521744,0.0,0.7864425168988884,0.5372362088406989
15,0.3932993982036084,0.9196355037404873,0.3189777314638982,-0.8844173645173097,0.32084526134530056,1.0,5.685524564107256,2.845418848838552
15,-1.0854498670316575,-0.5563998704466762,0.21801755900979758,1.6231786748264412,-0.1412446369512047,1.0,5.21737703693399,2.609323253820299
15,0.3500341054992464,0.7365877509001345,1.3607939951266204,0.23852625270913963,-0.19128151674037186,0.0,1.8018444415380266,2.7136233085446047
15,1.4247344832235362,0.9699636253741083,-1.2462760631342436,0.9784445777561694,1.6649131818733258,1.0,6.582071996093836,4.596684653729454
15,0.5617399065070615,0.531233138558128,0.3358189247674287,-1.550940046652614,-0.6514217584304764,0.0,3.0234254056090792,1.8557706917300227
15,1.3597410901370233,1.1914450831115921,1.3067247077581223,1.1855108033199908,1.3217527367615705,0.0,9.80146166106078,6.063657228596722
15,1.5549471179267016,1.0018562704177012,0.5665673434870944,2.0381266691128572,0.5827650599852315,1.0,16.01816567984393,6.273713133608974
15,1.9629009501651764,1.094710093096726,1.4873606952393537,2.422368144635268,1.597164537492196,0.0,13.969935382772567,7.514398551199488
15,-0.29597113543562215,0.4160713071055552,-0.2535643243186515,0.6132874176670603,0.6117353454721143,1.0,3.066104632504873,2.3906586489655677
15,0.8593599192683312,1.9782217230044632,1.4713370915281305,1.4503205795832874,1.0846379389640877,0.0,10.622158862895372,6.221238425264206
15,-1.1104522704948572,-1.2263806319869168,0.31608741739567414,-0.45903179239825276,0.07766018100342043,1.0,1.2687552316467345,2.111237526053318
15,-0.2220629999131245,0.7375532609630097,-0.2717317226085525,0.5183652147062522,-0.2506028461432065,0.0,-0.00440641470963489,2.0552847104062923
15,1.2643061282953005,1.585219053445632,0.6345529896908947,0.7393346662664663,2.0930572032835553,0.0,5.989219729685439,6.967773956947397
15,0.7049539717246445,-0.669144846635336,2.1184991848116406,1.0138178979847021,0.4503159235477602,1.0,3.6798008729554987,1.8167772667138224
15,1.073230821496138,0.419369088170207,1.595294397331198,2.511441172315171,1.9004273366463866,0.0,10.665892216955905,5.175465618818515
15,1.7354388578104587,-0.3322177908218842,0.5922838109837786,-0.3846290462174754,0.5690272414236792,0.0,0.06117078190662584,2.343075762924489
15,1.1947487088874076,-0.2490121966829707,0.41615669795993,0.12002652163531813,1.1231559238731093,0.0,2.18593033771842,2.919680166790937
15,1.5985167835323852,0.6330055600016946,0.7344738834076464,1.1208008590010676,1.3154299633025088,0.0,3.9623694227678263,5.455166994101049
15,0.03345936117960424,1.4734753052994656,0.20101872369324753,-0.7816224738648765,1.8450976606150762,1.0,5.537404152388554,3.4148795110568413
15,0.6898267436312795,1.1384209807204582,0.9390953720721986,0.22657545564315024,1.374497496864531,1.0,8.932737972061851,4.560039585693141
15,0.19448133423964692,1.161144512564296,0.855910408256801,2.5093945376759246,1.0318963746244103,0.0,10.085769473882365,4.757765788019291
15,0.160665187369263,0.21113040109541453,-0.45633802670091017,0.3884040499492464,0.29315204917895993,1.0,2.977679567181502,2.2301003478562493
15,-1.5840183379632689,1.055079211533331,0.2401025422583805,0.21370544583082357,0.21308207430692733,0.0,-0.8292137871345195,0.36902424409164114
15,1.406616268178583,0.6280228833140745,-0.16926254444712896,-1.2670486159501801,1.4633441514684804,0.0,3.9346091281835016,3.899932539100392
15,0.7834581612571704,0.39766633995854905,1.9699102454635566,1.2649681539987832,0.391887534752962,1.0,8.58160040554884,3.326898102623642
15,1.6480196072272961,0.4967353006520193,1.7978904738480757,1.0205085347305198,0.5507272591526631,1.0,7.786955002783635,4.350422869246218
15,-1.1315657164622048,1.153212431389683,0.35415965526666054,-1.1247244424497944,-0.7093478304339391,1.0,0.24677064879407606,-0.09613034905886664
15,1.1009832680119627,1.0508844012842518,0.6472207490991915,0.08140708419218118,0.8706355530942604,0.0,4.594067237600147,4.830334356949277
15,1.3416809275076877,0.7674280288710345,0.5847164464994918,0.49856616451684094,1.70307447156513,1.0,7.972465061005106,5.311245199487652
15,0.9621628591822634,1.066728625294757,-0.9025944627358979,0.9017769095123354,0.14389390654384693,1.0,5.513579370102398,3.7319261489566258
15,0.39615714203601443,-0.3731586980560121,-1.1343896684552992,1.1445195321251749,-0.347735326850666,1.0,4.335741012117964,1.117552647386031
15,-0.03802919000389482,-0.4494137534618685,0.06330657992565408,0.344547023395126,-0.6290216093939998,0.0,-0.1320569092248893,1.6607821738744395
15,-0.038133694193059564,-0.21150456463085676,0.6105122236034578,-0.7102536919071687,0.8473416389718949,1.0,1.1148817107108393,2.0764008804070375
15,1.5701513533415299,0.6124448865081652,-0.4960252899146117,0.5143418396205441,0.6073762889326785,0.0,4.033178231309523,4.245256908882362
16,2.1154977896162293,0.5283894885293191,1.5730248463040701,1.652627301796085,1.6896868957328244,1.0,14.69274639568283,5.895191438364897
16,-0.42575618963088124,0.5149406417833287,0.6680921625192835,0.3165536909064415,2.184443410101639,0.0,1.2819797509130066,3.1949026713175575
16,1.7239446394956264,0.3490004768219996,0.5293613658964674,0.5846694930654146,0.929592691156776,1.0,7.9128971147977225,4.523071579792383
16,0.0545677435723414,0.4125674723949809,0.7220469310960016,0.0789359413302434,-0.2924594605178702,0.0,1.068274013036243,2.2607966300669524
16,0.712318119474485,-0.4347675549354354,-0.6488257396048154,-0.2028100443310762,1.2974661231224909,0.0,2.098874676908966,1.8487915406814674
16,1.0488437540498494,0.6091965504788253,-0.1320509828632953,0.2845957054527521,-0.8052233491233125,1.0,5.594150324144145,3.1329267669349745
16,-0.2921195270340442,0.24361312370302962,-1.2806737604713443,1.1687606982856111,-2.057807317792511,0.0,-0.5709144789425025,0.10579212925552589
16,0.3618824729729184,-0.10305729373219696,0.3273298957739059,-0.14045913697142298,1.0704377907200364,1.0,1.1487725770705306,2.6676764348458546
16,-0.6518192428389917,1.014696107986864,0.22798092735548992,-0.4237018673470635,0.38841156701145696,0.0,-0.2412003387938267,1.5905100104881715
16,0.9702403946917783,-0.718199924815216,0.028435350251486413,-0.35719486139544543,0.31660546042992865,1.0,2.2658163764731043,1.4227123737292513
16,1.0419806439563737,0.2665816527851742,-0.7821879558213041,-0.3093976022639844,0.7873974483520276,1.0,3.5936385518487484,2.4893331090564947
16,0.6131218194968343,-0.4566454583268976,-0.3178192100453242,1.841026482419659,-0.5255783149797562,1.0,7.459176291742721,2.2469925289347783
16,-0.1431493623227541,-0.18831257387239675,1.2446025194153765,-0.10931988517615598,0.3154440143015439,1.0,0.7372776306835682,1.907029051523088
16,0.7146249652570057,2.17728630138373,1.6530110252958934,0.9712205719406481,2.927652965758789,0.0,10.000259443041367,6.695718950875998
16,-0.8391554024761547,-0.006968877926406103,0.16031963109855768,0.010767017631820697,-0.5121742127993205,0.0,-1.7120852387095997,1.3994183592189198
16,-0.6520562257151961,0.3137058204384967,1.3888797294906206,0.8959842738254735,1.8344266535905684,0.0,3.8173637352943244,2.866831168177174
16,-0.27463706047264835,-0.11776248819879742,-1.843993372803292,1.3675399557806638,-0.6638350376101003,1.0,0.5079163803713188,-0.0038133462527746576
16,-0.12601062809154673,0.4120729972777395,-0.5225131470895568,0.40305364733194676,-1.3379234790963883,0.0,-1.5918636098062562,1.2289818255476774
16,0.1529002471860892,-0.3795419652997061,0.21957202617598648,-0.7198910658069255,1.353808063421417,0.0,1.895648777546675,2.2313823490472036
16,1.359483765476458,-1.506843326509721,1.6121195897137495,-1.0244190678922311,0.009161180852541473,0.0,-0.8685851784465748,-0.8650894719253805
16,0.625519073870197,1.8333275336080503,-0.9308335755918982,0.20576886639182213,0.13946712868225003,1.0,3.4101988939516374,3.6805714182494924
16,1.1939605802904216,-0.16182024905642367,0.14742878963089,1.0755392828380363,0.5421818705994277,1.0,6.106707148484315,3.1945901846317644
16,-2.0971257018363154,-0.8297365120451903,-1.0671473067869073,-1.0473483695864212,-0.16874099481880622,1.0,-1.103388820615056,0.617636978594549
16,1.1092322339993115,0.841172836980484,0.2810546079604392,-0.32606271722574864,0.3994885017921198,1.0,5.419371898022812,4.0462622139527165
16,1.6624379536554295,2.0463082227343126,0.8769370994996407,1.6125458408862392,1.2296299456104995,0.0,10.945661210101349,8.755298833879461
16,1.7089099396699925,0.7806696116740885,-0.2811335711638445,0.023838395373997068,0.25982758361183134,0.0,2.232768396306432,4.540891590684716
16,1.8588445269358498,1.371566624801678,-0.11897565496091778,-0.21660741252172044,1.3210467437769973,0.0,3.158761072256916,6.650397269426048
16,0.02517969082054583,-1.477453592682945,0.6521855697990504,0.7969533460765166,1.0577994120557324,1.0,2.961252943495138,2.2848896095077884
16,0.10819480253006719,1.7597848882754372,0.423657070695611,0.8758568061102436,1.0117379509787423,1.0,8.308071708500732,4.191606966715188
16,2.2382142761061745,0.6434747801722402,1.55706968377023,0.5091767187187659,1.3220562666113382,0.0,3.7536828368908868,5.588956513949879
16,-0.01375850111039234,0.3644348892731032,-1.0389499791913315,-0.9969013519363683,-0.36324327143163926,1.0,-0.3456928736402178,0.47790233535847226
16,3.411047317683328,0.43602773034625864,2.061357874593027,0.8558388451094223,2.3297193881952607,0.0,5.547323610012712,6.563185511980339
16,1.003207069536509,0.18802723003249117,0.8370085632133578,-0.5295607100781556,0.723260891185268,0.0,1.9123499545497478,2.9692891572616453
16,0.7674073782152733,0.6334269081129473,1.4672704184785768,0.8879726003130659,1.7076797236655614,0.0,3.5036594479599157,4.321316079512089
16,-0.6395110370344201,-1.4691999499420274,-0.269244682661256,0.11996930006614287,-0.18568955759288308,0.0,-0.544817562033482,1.681703708324077
16,1.4401710415973685,0.020364525181051307,1.3018295491336422,0.9423906633772994,0.06222964849482654,1.0,6.232110955227228,3.1785566182058265
16,-1.6730751985517736,-1.1716028902283144,0.08869232110709574,-0.0684315513427487,-1.2412526374756547,0.0,-4.295087943340542,1.923414173655619
16,2.0730152685109715,0.45022670045260577,1.4238556804326055,0.6381543828644292,1.1647939138549197,1.0,8.9891004982659,4.95476223484224
16,-0.5082489120130005,0.10616661591820792,-0.12483690881007548,-0.17666594042811223,1.0507513460967304,0.0,1.9388157037993916,2.111842020733602
16,1.7490121108581067,-0.03943296679166297,0.8319974749502814,0.7481711749891728,-0.7013034970945156,0.0,2.062313631555389,2.8986538272476077
16,0.1989811186935539,-0.21342584026924094,0.13787408149182206,-0.6517082353386026,-1.75801071709119,0.0,0.0188502267297449,0.8048979069132134
16,0.30752488359678953,2.007079973689403,2.040456564939647,1.050118021120544,1.825792512343693,0.0,8.290890393735491,4.7801296747742725
16,0.6843236162147864,0.8467223987864156,0.3984604803533496,1.716200034285728,1.6533472700403342,1.0,12.02538838255957,5.150618453150031
16,2.1254183403416698,1.0610773375833298,1.610845564998236,0.6021923197910011,0.7565403815113244,0.0,7.377107595520624,6.293231672977131
16,1.9271769300618256,3.567102207374562,1.2551344968156255,2.2929760035696116,1.905683426803052,0.0,17.245487958168113,13.658919282413883
16,0.5666962368277124,-0.21538751470096484,-0.031038044459782532,2.6851499747517336,0.8636956475119919,0.0,9.532619226315857,3.812017214490736
16,1.8987482261978326,1.1958565965681682,2.069147322251845,0.14254833607855744,1.2395303603072008,0.0,6.313426506454071,6.0655682624246445
16,0.06654513062716166,-0.38675321456826206,-0.4485778542182973,0.2504839381266736,0.31186647253196886,1.0,0.9815419205563446,1.772110469033028
16,0.7685972960764786,-1.9986221830751894,0.4036900913446711,0.8537844022986537,0.2534617031449209,1.0,-1.025492936920336,0.5239377861817318
16,-0.1872228094859848,1.2522474991998604,1.4392626481726352,0.35538008603642335,0.5854994465116494,1.0,5.7597865786138005,2.6192888670871093
17,-0.2099430146704372,1.2638061157206542,0.5390288002113772,1.015237471462826,0.5937225922488988,1.0,5.455340246106572,3.193806322137242
17,-0.39117525018632693,0.30991604485375857,1.353993014687671,-0.3840525508661361,-0.20112736610304904,1.0,3.1369738681715154,1.437654333620746
17,0.22686259268078196,0.0023212186749241304,-0.28908297970872565,0.22678609612024803,1.1059047528793275,1.0,4.088471194984668,2.5954281345725825
17,-0.1118969791878901,-1.1354324052808922,0.009738091357829382,-0.08929075515799967,0.45255878769929636,1.0,0.6915772317026532,1.6898424111011963
17,-0.3908941545204089,0.8803618656403446,1.234283921854723,-0.7286775769636957,-0.04647780650386424,1.0,3.4934270267944605,1.4603669417511966
17,-1.2509061917335957,0.7159864867450431,-0.3931439047198041,-1.257295225527307,0.3161705598282547,1.0,0.40292350764128415,0.09348314754286091
17,0.5280779118984286,0.7883839850086249,0.651811888929416,1.9880827148111728,-0.039404025128240816,0.0,6.726931077644483,4.1697903681895525
17,2.500502580066426,0.45219559934233405,1.8340279579982097,2.303372396502278,2.8993594545252668,0.0,11.919557780903919,6.86524303700474
17,1.600602814704997,1.706314705796729,0.4480312007957126,1.4450651750354697,1.7821487541013155,0.0,6.227328507540304,8.123515162542184
17,0.5993819122844712,0.7023271500470488,0.20801979919784125,1.8250084075443402,0.3812322685508309,1.0,10.528613320643585,4.257388748447592
17,2.0447270149554178,0.51953898178773,0.9854400613880155,0.311671599284871,0.46159940269549254,1.0,8.936634786722136,4.776300291495046
17,-0.2457215347652666,0.5214546455810192,-0.29597181112421034,1.5420351095939844,0.4389554957763339,0.0,2.5522458630995737,2.808762463043167
17,0.5314007804273503,1.3391542955529427,0.2210195831289935,0.10216546703570223,0.20723791350810777,1.0,5.747436376050998,3.8877910964763025
17,0.28198712764207173,0.2354773530575338,-0.41423001050923314,0.8821160209849476,-0.16897197766018468,0.0,1.6211578186324513,2.3900173403653397
17,-0.2783939620922581,0.4842556872615652,0.9994229331577824,2.1842807575896446,1.883586210164499,0.0,6.381936108098482,4.04254975448138
17,0.17102399795023504,-0.0011305619307589998,0.7749053141551581,-0.7865162638884642,0.6417058784830931,1.0,3.818318872493281,2.1142881132243403
17,0.2590975340869052,0.10443404451787425,-0.6587899649335416,0.9526521213459072,0.970758192117279,0.0,2.052120674366725,2.6318681128362975
17,-0.34337427596753456,-1.1643618080814206,-1.0343897102771924,-0.11423422360971824,0.14572687709893134,1.0,-1.0027501557480596,0.6555459251109857
17,0.5927315357869494,1.610345853957003,1.624702417255506,0.03960125099180267,1.640297217836421,1.0,11.523174401977828,4.6544619221422225
17,3.4484841298132816,1.1624882637973841,1.310126659629158,0.5191717967151985,0.5146741390680423,1.0,14.362362112178657,8.744022477148034
17,0.9165692371298373,-0.0786767314289073,1.2164045904558791,1.3127788159937759,0.987280579024879,0.0,7.087756130471216,3.452085538565473
17,1.6663969764074855,2.975431740130673,1.4389456383676364,2.0349056099149436,0.21718849387201578,0.0,14.804305256245557,10.25615367629927
17,-0.5048766967125771,0.6507500587332311,1.7516106166336827,2.304285394385544,0.11355016257919737,1.0,10.753942349504392,2.6492805798658905
17,0.7611859772903113,-1.0573132818975186,1.133479783763974,-0.015300906169405937,0.024321769526681247,1.0,-0.7414066821289427,1.0418846997160705
17,0.49458426976281933,0.8720980031283664,0.0772827548740424,0.5109804934168913,-0.23558560841424103,0.0,2.9464639702711137,3.288021084369781
17,-0.22693169680838876,-1.1680956236169382,0.9469224925726683,0.8691756662917247,-0.34036988029791315,1.0,0.013255415694329642,1.8896120241691245
17,2.5095338911239455,1.1400182530347145,1.6579012233125834,1.0568183846537689,0.9264959841742915,0.0,7.1760968423366265,7.419303520303672
17,2.2178081416220405,0.06088621462097804,0.04550535624015606,0.5719210675854941,1.8037733019611948,1.0,8.868748498662756,4.483945793443012
17,0.053343445039866155,-0.8295576986819508,1.4917446908922296,1.2353425981339141,1.697196176357972,0.0,3.956892971281983,2.858752467587023
17,1.4608645159802869,-0.8978956550832851,1.9074260214610999,0.7632976586198601,-0.396818319218451,1.0,0.7618007088417456,0.7764253762684703
17,-0.33431618601206614,-1.1033703890180355,-1.1006415120405701,-1.0604563932313582,-0.29307315249550236,1.0,-1.5336284197581054,-0.12402992830688819
17,0.013890344055593029,0.4770576347382203,1.472393211617426,-1.3129307963135464,1.9582629113503844,0.0,5.8896099158377675,2.409207530387506
17,0.9289073667534585,0.7927403566048022,0.2790551196772987,0.10194932015094849,0.6867285024656749,1.0,7.011908493055507,4.0923888222708165
17,1.173839928347848,-0.9386193535149088,0.6322788435681903,0.02880521126729685,0.2961924654694643,1.0,1.1057970232196475,1.3011425155306706
17,2.8984187438005438,0.9695922071805411,1.7350820467687469,0.7161639575122614,2.2881701168295683,1.0,13.991517255059113,7.950450052959544
17,0.512126672940006,-0.2046854547470215,-0.9508832311822757,-0.03886401861189359,-1.0375217806795523,0.0,-0.7638554805072183,0.6162256416554471
17,0.18341256294918473,0.44238894619800156,-0.15746554100093624,0.04154704124075281,0.7065200441531744,1.0,1.328187247891131,2.6769691149016124
17,-1.1394488224810801,-1.7516693705249788,0.5280762547892169,-0.24956608125320134,0.2694210986295808,1.0,-0.8253449577664335,2.68812213192375
17,1.5992219145201978,-0.5454346509282797,-0.3480896763940412,-0.08455309249085352,-1.819544041948185,0.0,-1.2377829114170684,0.46855522385827975
17,0.7037138732485919,2.1693456997272076,-0.05924209898557553,-0.16023568105346064,0.11801734613314585,1.0,6.054225101327125,4.910643934327215
17,1.7076652537190498,1.0254669551208342,1.050884439056115,-0.0029732766556425094,1.02870817848565,1.0,13.236664766841557,5.652833733364678
17,-0.7501826441213855,1.6122399754048824,-0.28317750498069416,0.5224865866774676,0.33566611171436134,0.0,0.7952007590004428,1.4692142813163156
17,-0.5443624899955926,0.6003470951972949,1.159045007187381,0.9080906579512168,0.4566809290176909,1.0,3.882629647217088,2.363309047627366
17,-0.952015737108312,1.764207263732338,0.0331743583255843,-0.5804959030705761,0.17117622266406302,0.0,0.353894277143477,0.5379198051165601
17,0.6584142612441339,0.36746231171226273,0.5897929483659505,-0.5063836787038698,0.09536455248346143,1.0,3.6150625960210685,2.675323480798945
17,-0.7134100015990974,1.5521344252235858,-0.3287137041710104,-0.7051202909489196,0.657491153472524,1.0,-0.32297125886731626,1.0703409441766885
17,1.1231856127782078,2.4039933484338363,0.8518263730380209,0.32452925402460625,1.3557501704871662,0.0,6.758061283126693,7.3883830491958875
17,0.21244986284633677,-1.205008142898064,-0.9366381137911228,-0.8172088067759484,-0.8913068969622175,1.0,-0.286001584387807,-0.48236025809155897
17,2.047891631177543,0.49662223305959086,1.1914555430061753,-0.542164087289956,0.5777525461468075,0.0,3.4955802112120016,4.273115646069517
17,0.14290649000836653,0.5171468388683003,-0.27995024727124396,-0.4560960865335364,1.0010517988591707,0.0,0.3954897727249643,2.497502223096042
18,0.7411636581534651,1.1860059460834624,1.9049385467750632,2.8587007810277343,1.8891712253764974,1.0,22.188984582356603,5.841055631571935
18,0.45943059962178767,-3.5159018416570174,0.14418455203276753,-1.860260844078803,-1.3270969102240266,0.0,0.04221281050367026,-2.675511710547676
18,-0.057535950949488934,1.6388670207606895,-1.0996976723420984,0.5744163935209001,1.049192374103217,0.0,0.0031406493403952074,2.4121928473529337
18,0.7183080812526692,1.5620051556930166,1.3638928681128668,2.563409025746789,0.37026734486975665,0.0,13.659588918437763,5.616372556263252
18,1.5453647959222583,0.6938526415983284,2.702017697882248,0.3081741911223729,-0.6954683497145453,1.0,8.324523780540758,3.4442933096633976
18,0.29796663536669077,1.127016574868877,1.155411208129272,-0.3619494118730504,0.07410826452098712,0.0,2.9920019527839194,2.885632301175878
18,1.9770956970066444,1.0067270536437363,0.24696155886474686,-0.5916805339520292,0.10777950848857293,0.0,1.9518422323429514,5.333497038209218
18,0.1874169144669181,-0.5751754981816921,1.1899395554472139,-1.5660095064993826,-0.3673921100244254,1.0,0.447937312435831,0.6983080468867375
18,2.3482732212774606,1.7148792076772392,1.436378432346611,1.0566572591716206,1.6342317733970688,1.0,18.256987346771353,9.256228347120047
18,-0.9198354883496207,0.7097226236502208,0.6594877944701593,1.0056626089618992,1.6833675573380789,0.0,2.0604045687265464,2.7066806616139387
18,0.12074465157366698,-0.6343242020030078,-0.034518439539062196,1.8763242303213479,0.4468119833051746,0.0,4.198687073434683,2.8103321548922677
18,-0.44058395909305403,-0.262525908360729,0.10218416123112584,-0.9018119584583091,-0.09231202317336429,1.0,1.7213176337849503,1.312923599953359
18,1.7683171960444932,2.096522211515815,0.37401584031547463,2.238391486344936,0.9096372512148372,0.0,11.513846794049117,9.331625913110244
18,1.6839635539002245,1.6852924493349066,0.7592363291304167,2.3353444042684277,1.0554725124703153,1.0,20.732122322532735,8.322987595464493
18,-1.0675987226193506,-0.3314664573944339,1.915261037870832,-0.6114093910778255,0.8885190448593479,1.0,1.5011368095973956,1.4128330407718468
18,0.8059413109367526,-0.4205767055405041,-1.017793608563314,-0.35029330157503824,1.7097924474594228,0.0,0.8020433018510902,1.549819689599962
18,2.080044258001843,0.5949975306104583,0.2562172303513272,-0.007404134757683201,0.4866146158884212,0.0,2.9073632609903846,4.910211485246826
18,1.2378477420487743,1.7042243625177311,0.12686712503400593,0.4723662262455826,1.7610477510685354,1.0,10.979506030450098,6.752710037115801
18,2.5453260361404864,-0.5350127709407058,1.163300992346676,0.4424471988578092,0.31759797947203244,1.0,3.926316151191385,2.001358781542365
18,0.08484404555123981,-0.966373535554276,0.06782637233571509,0.45799002475030653,0.9312137414512954,1.0,3.1293784124843818,2.203459957296176
18,0.4344355198137694,-0.13542815422395504,-1.0850596957718543,-0.5483466569013653,-1.8937435042429018,0.0,-0.06449551603395198,-0.2060461343265101
18,-1.996483036991862,-0.6025891477353544,-0.38630956179990106,0.31117742777359786,0.8911100885202841,1.0,0.45886367211593576,2.2378177168197215
18,0.9399682129352422,0.5190321669033997,1.3718181343174662,-0.8049071247159414,-0.21483180990307027,0.0,2.2786973570376117,2.5910813160017305
18,-1.0427558336633695,-1.4359992821129937,-0.3919881844889569,0.9204412867507541,-1.2583016709725057,1.0,0.2540430796106601,1.8172461339361368
18,-0.38389136169277227,-2.2705402908713,-0.6657494743806887,-0.3334221020088963,0.22517657188578138,0.0,-2.8207778853932517,0.9438815696570932
18,0.3810907749734689,1.2450190123236848,0.9302264915259164,1.4186105428665934,1.5569302169680623,0.0,5.168698136699239,4.838056186423267
18,-1.1582375358384278,-0.24123718804200278,1.7611373407574347,-0.38474089356400365,0.5983986067748254,1.0,1.4346912220527632,1.377876370130067
18,0.5640925743599147,0.5456976320716451,-0.7218199588876919,0.22690713393547723,2.1663320658507477,0.0,2.2822181058218365,3.4490331374876098
18,-1.6550707885153186,-0.7077298120090034,0.056685357145189796,-1.3860016640964399,-0.9762917129475266,0.0,-2.1017378594957905,0.8355324431044591
18,-0.7435616281658095,-0.05132540671808683,-0.48483902805664025,0.021289201931029955,-0.58840720183659,0.0,-1.4553028584321857,0.9994915556745261
18,1.0623651324951222,1.4704256769612125,1.231007344760392,-0.11425149184192918,1.6507379892610488,1.0,11.54324833312413,5.545559441493007
18,1.1691887402880443,0.2868596224573003,0.8667734774037561,-0.9279284624983459,0.5040742834171587,1.0,5.599907067709278,2.9321661822379523
18,-0.5297172177400562,0.9711913917607564,0.8723841797951498,1.04782576087685,-0.8029812060834474,0.0,1.5884472159737943,1.9078970710287506
18,-0.28178277814339336,-1.5662983297327453,-0.8208407411344207,-1.5162064715987968,-0.1988818518990425,1.0,0.861826138663874,-0.06904292962756453
18,-0.8278830481762438,0.40604620862156915,-1.1483165920514258,-0.11699600596392357,-0.14279055905559068,0.0,-3.9680806650353393,0.15889464422534738
18,0.9232541856493885,1.337461232510102,-0.2934391872164952,-0.34348261750144304,-0.3701904655863836,1.0,2.881784697482669,3.8188730221477414
18,1.3601285382858141,0.8652153469059369,-0.0899618050649269,-0.10364588962822807,0.23803237097995078,0.0,0.8906082384751541,4.307644531019768
18,0.39639783093889647,0.5179976464848177,-0.042828896544099715,2.3276533746075723,1.6066895846471765,0.0,8.743573494330775,4.607370896563271
18,0.6574353738779896,0.8296799897870464,0.10398684206486114,0.1048579647816057,0.77209390011051,0.0,0.768408814058761,3.7740862481230337
18,-0.993287703754864,0.2676592482606013,-0.6628931515094754,-0.801888540331755,-0.44904911937249625,0.0,-2.9606007832466483,0.20262281433485918
18,1.0156037907736555,0.9915439470213083,0.726821374186895,-0.00858373325703643,0.3045350055379509,1.0,7.46657913833794,4.269266346764068
18,1.344424621120491,1.5729448462563986,1.3766645278764371,1.2241240480772957,0.07192074024547002,0.0,6.877113610848684,6.1026598861534165
18,1.3274805490464279,0.5050683986645937,0.06252614545743801,-1.3988541120318554,0.06398665881415327,0.0,3.257462203686704,2.948618172472192
18,0.025769394928219058,-0.4313618791144168,0.28110853672322555,-0.2603254065703563,-0.07819757382381287,0.0,-0.3776839323337181,1.7181290989417721
18,-0.21445473025841766,0.15138639350424227,-1.6827334888153072,-0.6913041301029601,1.4417712457055079,1.0,0.12200651297138726,0.3581635691737156
18,1.0457981726331735,-0.5142479344149926,0.26626368870822736,-0.4679009494300266,0.3161923568417636,1.0,3.0950964482243726,1.7500138756797468
18,0.24906362660547648,0.07342195738646484,1.2117192642551693,0.5331077845948561,0.7002622398377343,1.0,4.816982919057733,2.7534844844432196
18,1.0653560550851617,1.5679176310666658,0.5443376153169472,-0.6794424242695609,1.4121788153857793,1.0,9.887606390513826,5.481034883787114
18,1.3106936393462207,-0.5526026885176449,0.4110925335596697,1.267159391951092,-0.9616096256371582,1.0,4.662517408238486,1.9297585779093964
18,0.4314347005888408,-0.18499807016322756,-0.6873921851926688,-1.321557358982548,-0.25443549390930387,0.0,0.7009275813527179,0.6846145708608334
19,1.5920091317466956,0.8497941400649578,-0.006163205978602981,2.181783507335089,0.0432256648170084,0.0,7.769599139234981,5.683185657586969
19,0.003937769930066337,0.3323427755135898,-1.1764076958270213,-0.20423373170080772,-0.2941676454521791,1.0,1.3354912607206417,0.716288251031626
19,-0.25174923796495496,1.9158935799785235,1.1479835478021387,0.6066578814571716,1.6760729302456547,0.0,4.035711812353354,3.4754317559971315
19,2.4066922124567007,1.6042427236650458,-0.29406331143126196,2.462010630928476,1.0999546158403537,1.0,16.76041014093448,9.457410960897807
19,1.4746677058671667,0.9841699982671974,0.5936310739259858,0.5084889250306391,0.5027180848979165,0.0,3.4332947815337453,5.312076625213246
19,2.626684803090799,0.717791034543376,0.7114950051064988,1.941220098637294,0.6877903581240262,0.0,8.582008032358079,6.985287986033646
19,1.7184630511212768,0.54808143329173,1.2843244789142338,0.66013361958089,-0.38883219969130867,0.0,3.439636530286708,4.135512505940043
19,0.30415686791333013,0.4997051807400549,-0.7273337656356922,0.7482029927048373,-0.4840688117136541,0.0,-0.05596096969113784,2.0692697769855712
19,1.0612026588591126,-0.3654129721865911,-0.5245301516982648,0.2280710761242732,0.48582896575999274,1.0,2.199266600427465,1.9203619109432286
19,0.5920675869574864,0.8771102992222622,-0.010629111900621657,0.9884708273917496,0.002910184905519142,1.0,7.3444319961395905,3.7442169831662167
19,-0.7095040746487271,-0.19529796340179206,0.9984820342191063,-0.3745177018716702,-0.44838473412421787,0.0,-2.310298179863545,1.3155324879410724
19,-0.4221634942694824,-0.04040934405363705,-1.0039700842732824,-0.7189797456983538,0.702479163406047,0.0,0.815772769109373,0.8124949433627158
19,0.0029965573718299665,-1.2579133353380387,0.8091946245346379,-1.040197038403765,0.19117240831345533,1.0,0.5541879029048636,1.038938731155182
19,0.49156820229100123,-0.022607035907256434,-1.8743614384403973,-1.5777609010979252,-0.33754975117495545,1.0,-0.4339297164371222,-0.9703925648220847
19,0.647071285646817,0.3295790103336529,-0.4642345644633814,-1.7285231910747463,0.4393215658517649,1.0,4.8711350560885815,1.719032709565473
19,0.0074195398158790615,-0.338590939364397,0.4090196822512784,-0.9848827346414246,1.2825735588465075,1.0,2.8925963356611364,2.102768510364041
19,0.7550049621380908,2.676834283693615,1.7110752723137481,1.1694675075960517,-0.5560514267599053,0.0,7.756894843818048,5.759369140974315
19,0.43803585218379504,0.6527532360999482,-0.5665203878064424,2.0929326649461037,0.2334757692529354,1.0,10.424879333028938,3.555041472271391
19,0.12123833011996932,2.288042206504941,0.3923839068255812,0.3453808361983578,1.480975037822962,1.0,8.799123550126264,4.515408673921235
19,1.0286163895458296,3.4156234217246313,2.7996067329109153,1.2811686378844627,2.7781313163812733,0.0,17.673345144608856,9.222848953330338
19,0.55213698151116,1.2555107529463982,0.6355869117884152,0.6209304481608774,2.017328130783132,1.0,11.090165003776173,5.038683944939583
19,-0.03777896162846195,1.4253698656943472,0.9896283015742469,0.8766879877099427,-0.3370699691450294,1.0,6.98333659156919,2.9535701908512384
19,-0.6240283626455727,0.23859510309807558,-1.264286305855622,-0.23025772150032053,-0.5592743882810491,1.0,-2.7435582832513146,-0.06678278793931428
19,-0.27704520241194497,-1.483516572698728,-1.0812919232368225,1.107894001884946,0.04079597249755751,1.0,1.447454231553062,1.0346078365494513
19,-1.1032273184353893,-0.810767940518381,2.084985189188627,-0.18465340997444646,1.0936666183989674,0.0,-2.2470585434978116,1.9426341502933842
19,1.5961516106504683,1.4485429342409395,0.8440014165463487,0.7923704278483277,1.5154295853590902,1.0,13.692149187725791,7.07481998792073
19,2.7377802032598364,-1.3734539751622588,0.5751182833206984,-0.8163811537437797,-0.5660648158796304,1.0,-2.772492236458904,-1.6425878624250214
19,1.1359270435732916,0.3231200021605059,1.1395448735662694,0.31428798309177725,0.30178556533608225,1.0,5.372652292978605,3.392381486454002
19,0.32532254317949205,1.3534874899372165,0.7719705623010986,0.5648768224687498,0.13530103942371913,1.0,6.409605649104517,3.7323367198194988
19,-1.0516394899252604,-1.0502210551082558,1.3372891246825844,0.7948756526934109,0.5142269731437333,0.0,-0.6487663268701511,2.6081104967041404
19,0.8279074074733831,1.362809694567034,2.6324093304551424,1.4616422440843313,1.8215365954673703,1.0,17.975224628924355,5.308289977510367
19,1.5632168552661754,1.0175146990933506,2.7080922890831856,0.36606540862411696,1.3918470144676447,1.0,12.892307832882297,5.20646327704624
19,-0.12417395625222172,-0.5021438144072292,-0.26342734651333033,-1.038518963360529,0.17931422274133302,1.0,2.9980188493991093,1.1533814549298758
19,2.0911474521122457,1.2824773454060348,0.7946908497762161,3.0566502499774804,-0.3020329361045464,0.0,16.82274806568598,7.843821137487502
19,-1.0896782939695557,-0.08141494571344166,0.2256169325126436,0.5978181641585685,0.2293506779678015,1.0,2.7950269489025406,2.00421864662965
19,-1.345662047055741,-1.412260044253961,-0.6359577084105557,-0.1636671216826181,-1.3705236891414632,0.0,-3.878422064518211,1.240892673111476
19,1.3331564030272491,-0.4363106167040096,1.3772399054364057,1.4882193001486355,-0.14395422053649898,0.0,4.593535852590184,2.419855207413536
19,1.8296706380216579,0.20249192101853425,-0.4465503550980422,-0.6068667810093358,0.4458738043348435,1.0,5.369897582115472,2.9847453542946023
19,-0.5100411483218759,0.9196314434304891,2.200666008396126,0.858930214403334,-0.4324886221895826,0.0,5.5088901449626855,1.4602596183302214
19,0.6802988858794987,-0.6430323930517723,0.4075781089044551,1.6952044934006691,1.924844308084834,0.0,4.85202691766479,3.5130760015755116
19,1.6497267706057426,2.0959110812652746,1.3985142408870663,3.937242790182296,2.9167942823952795,1.0,35.329280969037555,10.628206297919101
19,-0.5248341514703168,1.557207403821447,1.523849606785354,2.124562213113796,0.42550920637100875,1.0,11.632319022986767,2.7828009897202945
19,0.9832355597992787,0.01760986245750845,0.45940444539010505,0.4119222963359047,1.1126000868092825,0.0,2.692307311053158,3.4060175023106725
19,1.798734915657944,0.47407950152659634,-0.023459075551106268,1.2547099618101611,0.8143499559582448,1.0,10.889158794834891,5.01167583040065
19,-1.7765580772852125,0.392476038508209,0.39668709160521654,0.6535550711803729,0.4266114220109215,1.0,0.02089205790111015,1.2714753411110884
19,-0.5992649292115981,0.1598262477242322,0.8903653468774995,1.6770070922762637,0.6098039309628407,1.0,6.4273355480868775,2.9022186631230262
19,2.473216819097622,0.948712829716881,0.5466824515055483,1.81659774104108,1.7821809755617124,1.0,16.745695730005007,7.984321803026273
19,0.92520987106446,-0.49701078934590726,-0.19871433609010425,0.19470769175690933,-0.31845348984264665,1.0,0.642547460403897,1.5733513752110249
19,-1.5452659204688426,1.4760959609956021,-1.1998862580216263,-0.6450542672081159,-0.7064791595048487,0.0,-3.9173181403478923,-2.228791841870075
19,0.9997832117509908,0.517815022902347,-0.2939846632944315,1.6912067389775078,1.1304520673676053,0.0,4.347082864597828,4.497435803466378
20,-0.5024202983356263,0.011707665757495378,-0.492429762309295,0.947020806419983,1.5132389104154707,0.0,0.7104198162908211,2.613863238208981
20,1.3427659188085408,0.0013760808051784257,-0.5043600338604921,-0.2892806079322878,1.9859683040389704,1.0,4.589857264072276,3.14556650090483
20,1.989776207985903,0.1352601475079579,0.3243761587442614,0.5514920519682401,0.19367701144519722,0.0,1.8689338478623085,3.814277952219251
20,0.15228224466126933,-0.9507774475348381,0.8289217620371343,1.9552534047403243,-0.1447226980581795,1.0,6.735517284543674,2.451363142270088
20,-0.03081046906432472,1.2261348177629838,0.888763473551937,-0.3960714964013452,0.17081480173279895,0.0,1.566302664392789,2.5220101898316467
20,0.43666040523571875,0.7506261538602375,1.2054236655489752,1.3657385210506399,0.5806879790914612,1.0,8.564842802054912,3.854634464326274
20,1.2987330777255348,0.8320895319616934,1.4361016034765735,1.5408422990843642,-1.0129280675239354,1.0,10.056965360993216,4.262369226820217
20,0.07779108618088415,1.7736192108246842,-0.048363071966501914,2.68362285265895,1.2758613546533146,1.0,16.445775539773322,5.0180682156266645
20,0.5564125479734101,1.4904310721228047,1.210553285977582,0.08404902349364635,1.264085792047084,1.0,8.025033589714544,4.484562095223439
20,1.3865140855819975,1.5976757295913349,1.185870816104865,1.5241127961143386,0.35233974729479245,1.0,15.329459059109388,6.613946589744456
20,-0.06454177251090376,0.013530186792107601,-1.0033921477994787,-0.49063179366663834,0.16262146765323476,0.0,-1.8342249943283022,0.84536451685269
20,1.1643819976223595,1.4552521333485706,1.5010139679134744,1.734196256283237,1.3356839413820496,1.0,17.471502625287844,6.359459271914653
20,0.47454836630594344,-1.871795798039285,0.47013133555004627,0.6230776677940582,-0.14826315643040766,0.0,0.8628657096603326,0.777100370009064
20,0.2430032268121018,0.8776444457280563,2.2655832008140697,0.5316966446925623,0.7379590838429712,1.0,8.758245641644066,2.9009920004606653
20,1.7808503325917566,1.837731872555908,1.9092646494340608,1.3935227803093906,1.3727731091813657,0.0,12.122444260442135,8.087754082950696
20,0.010378813376244855,0.2808264054992113,-0.13459924110248922,0.7358065469618738,0.3011387823671348,0.0,2.6335946777060357,2.590645488299357
20,-0.5478474415706585,-0.5985737617126836,0.11749865673147919,-2.340161532366836,-0.22118123539302914,1.0,4.282187983760603,0.5258994177949448
20,0.3684841029359568,2.0139815679272175,0.6491713582070655,1.3029727732124905,1.6396425106848693,0.0,6.368821848594915,5.5258313557966385
20,-1.944225951225952,-0.8031511965393716,-1.4170955254945246,-0.8799720007895442,0.055621344519462546,1.0,-1.4790312998371635,0.22019208037090987
20,0.32197960651048213,1.2011231923168983,1.1083194369489358,0.9285639346956586,-1.6231666330402885,1.0,5.311903293286032,2.8013131077709703
20,1.979763257388726,1.565634624449722,0.8373536124125295,2.5215580792446044,1.0067057169404108,0.0,12.1136844354915,8.724524649807805
20,0.5965129864441231,-0.4372081715556466,-0.34541012081423694,-0.36307537205634166,-1.8540100414802336,1.0,0.3291270928493437,0.47854096012614233
20,2.1111655314975977,2.1622856732842513,0.36200829380234223,1.7975879538078987,0.05279159278287787,0.0,7.628754211281734,9.743049971920874
20,0.12253572196880702,-1.1721268563475213,-0.004015804742446782,-0.35492343175568575,0.1996460350397659,1.0,0.09799190560717008,1.2519223581668593
20,-0.528607109639756,-0.6087105157754091,-0.9257544816589525,0.7265630066677443,-0.572477078361606,1.0,0.7697856504832632,0.9685074933934326
20,1.6335259660894115,1.6767803964870713,0.3216609781343066,0.290120173772785,-0.1347914030099545,1.0,9.513274150816768,6.5814239935738685
20,0.6107994537909143,0.855065591964163,1.2065426097121186,1.1399517410596482,1.3716903453159512,1.0,10.689317039862985,4.470550541985262
20,2.6423254790097843,1.0777458656669658,2.347248642982932,3.261731087615172,3.5604040560019343,0.0,21.554431909830527,9.59173002410123
20,0.7567152297998976,0.8895984994352375,0.23944794953494908,-0.749016061801711,0.7783771669176462,0.0,3.577569619388758,3.602203175551278
20,-0.5414369455920403,1.7331787902113487,1.9275516000533817,-0.1629420552470574,1.0635924064597548,1.0,6.564721672731054,1.7223292128674357
20,0.13972562420243645,0.06428282625460219,0.6597445745347762,-0.2611230114895402,-0.2764017220974677,1.0,2.5354499072925227,1.9622449151087356
20,2.0867614355826607,0.022437991131565027,1.1422314479281317,1.3029493987737022,-0.47921841825721956,0.0,3.444808513767115,3.4999695597971767
20,0.5439480726539268,-0.7194456060091952,-0.5850849723542766,1.7148259417224263,2.2146091654653515,0.0,5.175861290380549,3.0267504111667995
20,-0.7780688074513116,0.07625327856579794,-1.0268396322789786,-0.131980970605022,2.0455793710495653,1.0,1.5160293099316386,1.5506669716509132
20,1.2346426453884956,0.669815926016669,0.6590845911745066,1.6151096629433412,0.8612369900841843,0.0,8.28840210315166,5.137481367624315
20,1.4625719367191412,0.9635353348315197,1.6617159086607647,0.1971932298195177,1.0633348107982883,0.0,7.533407758953485,4.99262098003704
20,-0.13257032375945466,-0.3157679019275278,-0.15401080705443637,-0.8065440172121952,-0.4096304218439343,0.0,-0.15936081887569617,1.1207634761611636
20,0.5323271504718365,1.3720547114810002,-0.8202382016506276,-0.05798822329791031,0.15212071792330206,0.0,0.5497963079241782,3.001567080109085
20,-0.07339479492284495,-0.7443826660758057,-0.10638689864223516,1.5730528610342644,0.2952529172659155,1.0,5.8460438624736355,2.521050771878328
20,0.29372566008844203,0.811274425582405,-1.0526691551976033,0.7979849351795765,-0.8546356614474688,1.0,2.6225244750017476,1.7313862092556027
20,-0.5226861192826777,1.0430918713597122,0.19286163554654273,-1.1276011332959435,0.6897436429392598,1.0,1.8682173615133646,1.5739550760718957
20,0.2065559215703639,1.095121118183639,-0.3954326992814686,1.2296127924715634,0.7649080695080114,1.0,7.236769944973602,3.5994163247594484
20,1.572645019488328,-1.6873536871982764,0.09989544684325191,-0.7920358755366363,0.0668339976313842,1.0,-0.40907460622067787,-1.028601323935119
20,-0.17316774921209632,1.9441126588658733,1.0095821536464944,2.7203178495462015,2.191254640585244,0.0,13.703914105825785,5.041606683897412
20,-0.33120953294487954,-0.5117912198269239,0.32212074933082013,0.13542691208586816,1.1312370899639395,0.0,0.9832632447734699,2.4909682973189264
20,0.7672523535072119,1.927057986905355,1.4657613143367172,1.3459406043242366,1.7084656629104824,1.0,15.945785728076666,6.190620725183903
20,1.3530660885621075,1.6639919046037315,0.20842660600490553,0.5453284896897219,1.5856443176009956,1.0,11.184162735762051,6.9080774145442785
20,0.41838514370951607,-0.4168240117703149,-0.11027799569203756,-0.17260416285785352,-0.6446131118450997,1.0,0.2898240088927817,1.356565498361122
20,1.4413925163147523,1.1624118446781364,0.6940005109658092,1.2591127210664328,1.7749897397220156,1.0,12.932257080772155,6.610138776443764
20,0.11717440546350716,0.7035236845247095,0.07799189991358002,0.6826384723338782,0.49901064097089315,1.0,3.949919534706006,3.119564694181797
21,0.12295877867181543,-0.25262871588567426,0.18090941066695831,-2.3369418354550877,-0.9705470925578319,1.0,4.210880285062368,0.3244928289311515
21,-0.6988972890412186,-0.2198715407605425,1.7212633813888123,0.6358420197396691,0.7490497591461901,0.0,-0.5706801469183493,2.09746086277944
21,0.9597763203494825,0.10011497079184334,1.2448339730965436,0.5332132584989966,0.6154489880209247,0.0,2.475300008928903,3.1430023466950767
21,-0.3964103777070934,-0.9230021933930102,0.5643635561633825,0.4350983540291283,-0.8975933180814095,0.0,-0.678658250459353,1.6020448500545308
21,0.47590542392483404,0.4013103285598072,0.9774062189838539,0.343414983723741,0.41457696545084266,0.0,1.5236954373468028,3.056467521285348
21,1.0495792458690896,0.12826614911537304,0.17381221490493354,1.301588454615854,0.9700347321508678,0.0,4.778503672008181,3.9311985336516946
21,0.8045414299566515,0.4408970240578928,-0.5618180925632461,0.4030118156497017,0.4160833777892117,0.0,0.4506289347050806,2.952365665229796
21,1.8012731521822978,0.8352349415663545,0.5704017909446102,3.0054406023889415,-0.23385645472243688,1.0,19.342120315089197,6.335417380128861
21,0.5425209622990705,-0.3282305637614372,0.6125287594625127,1.0145636132804814,2.0678026965198573,0.0,2.972738527396709,3.5947175273021097
21,0.05446719472252104,-0.010190608041676374,1.9334104870330537,1.3892878969834497,-0.7428377893936331,1.0,3.8352898832726217,1.9567939257584221
21,1.7641657466625345,0.5332930680703901,0.08626708055576815,1.3962084325666346,0.6338563108824342,0.0,3.616162644008536,5.1439939854709165
21,-0.0303753409990396,-0.8630306153164398,-0.6274150584349412,-1.1139192376005302,1.7196493095892469,1.0,1.2286751178690107,1.3782170896535506
21,-0.6965629312251249,1.0937324361347809,1.3564961525066175,-1.2210590054004047,0.1953670904227663,0.0,1.3072092059118832,0.8147970624413663
21,-0.1389276193907535,-0.31315313991674787,-0.7439868470379081,1.0629966059042588,0.6769320505352686,1.0,4.323189916526321,2.0512105594161514
21,0.31539969245553445,0.08489692061205523,0.5997691171327504,-0.4759408966610106,-0.4918695084617618,1.0,1.922642984921346,1.8683700843739557
21,1.86572415044907,1.4079225209186104,0.9061485741523071,0.8339635144767791,0.9937639271818559,1.0,13.735338284337915,7.247338297922261
21,0.5476823228005607,0.28168230155697904,0.31097759840297035,0.33577556593967195,0.4401170750316131,1.0,4.58323645243789,3.0644247390999366
21,0.15094068076723882,1.1207620200007296,1.4220860080413675,0.18131242205562076,0.6572175711086371,1.0,7.001106463209812,3.0834907422960662
21,0.7189220912517655,0.20797822836656388,1.1969591061975486,1.316855163466505,0.11195927474428025,1.0,9.331043177883073,3.2910473815081054
21,0.33713384656443984,-1.8026524345666086,-0.9538646167292846,1.4340446226406538,-0.3274321211960449,0.0,4.115794087766631,0.31441471340412463
21,1.7543445710045382,-0.5469447853634604,1.1826137064720412,1.8910758354256971,-0.7315165708632558,1.0,8.588348054082424,2.193763640759954
21,-0.3062412162487951,1.126990608062726,1.747301015436831,-0.41070257501104035,1.330331220624775,1.0,5.9449124046742785,2.223118905143199
21,-0.3186744806472043,2.2954606997673164,1.0144431234662634,-1.2121231452879428,0.7130195157470608,1.0,6.758020476255525,2.0426510156769364
21,-0.5944505756421807,0.8034208130855629,-0.08197703885127783,1.8990791409671177,0.8311235480813473,0.0,5.106947293857724,2.947645742859325
21,2.8502974587421575,0.11576983180920764,0.6344485778835288,2.091106494067004,0.7535839350660495,1.0,12.355713794188818,5.357980271448457
21,0.6123090719457014,0.5944088782772448,0.8080700334400122,0.8057117437543346,0.19189200007004537,0.0,2.629018745681835,3.561052810356767
21,0.6118476669619004,0.1388025885508012,0.3813105211207658,1.3917761945684648,0.13094373824319744,1.0,6.775040512788796,3.3404441338273356
21,0.48141250735174923,2.162662138564176,1.7857607785886869,0.710933236607938,1.3491751919613901,1.0,12.33348102952706,5.072791830810181
21,-0.28421237181601045,1.0599071314900232,-0.41970643389778395,1.364799050188893,-0.21479548458359654,0.0,1.3279104981956529,2.364965831557226
21,0.37435108439058923,-0.17409876368073351,1.0203257020067693,0.24903304997148618,0.44309584381620193,0.0,1.7446747971211547,2.4142677874812364
21,-0.6593094663539503,0.8672128682242788,1.327487378486738,1.8793394359522402,0.199342401244971,0.0,7.144834250164093,2.4761900818049516
21,-0.4144742632941498,0.9219983650659739,1.1781570609366931,-0.3378009588555574,-0.4237463099333565,0.0,1.3318162859208147,1.4625505228904092
21,0.1224451113202693,0.17679686823681734,0.9871609006302033,0.8741758078391908,1.7661110680595316,0.0,2.9301416601678247,3.5360539971254563
21,0.10575066874176098,-0.6580899704333076,0.8200129368850393,1.0658939864045769,0.2895506054253316,1.0,3.6602370470456203,2.424177407527111
21,-1.141829624847809,0.4589912330043995,0.761830371806588,1.0735386009176935,0.12682503458761968,0.0,0.41271988763997014,1.839161835204771
21,2.1638045378086126,1.267971414938655,1.1141166863550231,0.5526535976684608,1.8623518863284922,0.0,5.858826948346951,7.6650618117467815
21,0.22909354268206267,0.5098275449308611,0.1957402014552188,-0.8500291619858837,-0.2850213901532662,0.0,2.671618504404901,1.9975075414240173
21,1.5224181350996917,1.5613783244088113,1.6587406811462508,1.8312107086106362,1.6361254292483811,1.0,17.519315408191723,7.394176281249285
21,0.20994803925963446,1.1984978326077995,1.4778996784368406,1.0063348177709621,0.9161099623062453,0.0,4.724050468227213,3.748780528150159
21,0.9221364456861774,0.2547190744919097,0.08492243681077433,1.3350653555450394,-0.7085548180119479,1.0,5.36745224702622,3.1754262457015745
21,2.1365133646027763,2.3665763713701864,2.3986171861689325,1.2992286378473765,0.9205859310125273,0.0,12.047285408773016,9.880523820288435
21,0.8614439983800808,0.7762275337937609,-1.3215806407078359,2.4681589392747503,0.8531392953779433,1.0,10.872931195305904,3.7340150651679633
21,0.6197392272989257,0.7290321407542151,1.2289089605364312,0.3559003640175664,1.097900905632618,1.0,7.319744960638922,3.8028164351715725
21,-0.10741211414517615,-0.6142080638060354,0.5771622086270881,0.5525861450102819,-1.1992564528427125,0.0,-0.5557240040321768,1.5084237054683447
21,1.7949230065630453,1.1215202040316603,1.263514821732401,1.7452803779310695,1.2137116110061097,1.0,16.329148242242944,6.884986025593795
21,1.243170195990913,1.2635393975149491,0.7661896520740424,1.1618351003123486,1.152934414156528,0.0,5.792494225407229,6.0851868695534534
21,-0.3017353517820439,-2.1345781741246497,1.4487703466999846,-0.4235323525449294,1.3176819234256474,1.0,-1.7350279158584008,1.7191042628749902
21,-1.4245739912533584,-1.8502448578662696,1.819754692243121,-0.07535546911688151,0.7971851325317203,0.0,-5.292585590267068,3.0227988826717387
21,1.5946016029068202,1.7225786937530654,3.339458332617791,0.6438298029446335,0.9351088322153667,1.0,17.886700788967865,6.88412700903263
21,0.8241674361958877,0.009110013764013158,0.3446473538995445,1.0890157884669978,-1.307271202396373,0.0,2.090617322127197,2.4285375294803617
22,0.21173784432733378,1.1211978494677322,0.11893352798517554,0.5455794841880706,1.1142141201336284,1.0,6.786539071214423,3.7861671697186505
22,1.7400014737644678,0.22780019727179612,1.3554069939275886,0.3260775825838166,1.2115310140785052,1.0,7.831696021891664,4.040509090932261
22,1.1094231248985074,3.3434480100396464,0.14492821825712332,1.0798594515984352,0.7129465866699897,0.0,5.4034486242297195,8.89411751020728
22,0.39101570736101265,1.3545087548056671,0.9491637937027302,1.1407751810686781,0.05445914411173092,0.0,5.702309407581572,4.056958558595636
22,0.5939376583623941,0.335885169818928,0.3221313907320963,1.5126329354606811,1.211019903039137,0.0,5.81845421990586,4.13586117818061
22,0.6451988137600717,1.945062251923206,2.3697911298742245,1.957718275922497,2.3263247485786254,0.0,12.44019983018611,6.160344066496791
22,0.8909577950574296,1.4073453159477867,1.2437710773227468,0.38710274802255584,1.4126622129299493,1.0,11.144718738006118,5.246032213056044
22,-1.7928343359815337,0.5558351561421032,-0.7853436326371956,-1.4725680888974828,-0.26073803515900007,1.0,-3.106549076722784,-1.1671994821382157
22,1.5672024372293272,3.429818916269559,0.5538023329878439,2.590308596736082,0.41154847279835827,1.0,25.835983771268264,11.502091876019186
22,0.37391244172910243,0.4723098715739435,0.1576922347951097,0.911072845913862,0.5546482030502418,1.0,4.636943890192655,3.3990126590504914
22,-0.14164149970933082,-1.235804103729448,-0.25910201346067596,-0.06844943045803387,0.19926085182496261,0.0,0.3682408156991521,1.3887934921728653
22,-2.0203603758609305,0.05123434591364706,-0.5273927600985635,-0.17655408263527494,0.9822044839223882,0.0,-0.84373924380266,0.9151761464236158
22,0.41078829971172426,1.678013623573072,0.9433803386923628,1.7104059279749972,0.46151487731164853,1.0,12.62951788639868,4.8784147376302
22,-0.18655961794960385,0.9986131871495576,0.8041489522616739,1.759517859938794,0.6381944061491882,0.0,5.665321279357144,3.5143809443329106
22,0.7744167054128692,-0.1988850755131778,0.670186713038833,1.7664872351925287,1.304839943543222,1.0,10.044364293480124,3.7882085419405427
22,0.14415520643528668,-0.12646293834084832,0.7234024531735489,-0.41920976713658087,0.391333193671251,1.0,2.366818939984854,2.0879366392124776
22,-0.48386125237722544,-0.5645039373370546,1.3853861523991302,0.3020869674637114,0.4206489290173622,0.0,-2.791203776344865,1.9873697050002979
22,-0.13322863999648626,0.37306698918268494,0.9651771545128587,1.8964319643284677,1.0914776404670052,1.0,6.990613403862692,3.616030584353622
22,0.9314999163204686,2.192706748117496,0.6821096627776698,-0.4330236553748674,1.1494525574901178,1.0,10.360515473069414,6.080123215187637
22,-0.2907376351111862,0.8829842402299278,0.03908743627166783,0.6448767554014325,0.826495515104746,0.0,-0.20446704532106486,2.7938725895220236
22,-1.1865283116109564,-0.9057321492150963,-0.7467298450331952,-0.7464879452232567,0.3806846296607326,1.0,0.35452726319160244,1.206194044041389
22,1.0285022996934843,-0.8230289565965216,-0.6511068138056748,0.547534785036657,-1.2938368007854053,1.0,0.3266638734851288,0.35295856459843467
22,0.3403016776868785,-1.0592169815968526,0.3033026265259613,-1.2578303295415494,0.6816504331973443,1.0,4.3609578909376685,1.0980056852042706
22,1.1948588265908533,1.235628968702447,0.38949809444194783,0.2582810199952542,1.236472511462701,1.0,7.447474198792275,5.55887165227349
22,1.7703673116746639,-0.3664442375383441,-0.3574055427562217,2.2424852229403287,0.7432434364206282,0.0,9.901591727105203,3.3041898289134974
22,0.8658774134500875,2.701719612297436,1.3527250409043328,3.3096081025925774,0.8893218641057575,1.0,28.868656512486865,8.115330997606296
22,-0.671281971012339,0.7336814816288825,-1.6018360755954304,-0.2517465034112716,-0.1932744014558142,0.0,-1.2164535022970209,-0.5157706507562485
22,-1.2621741387152439,-2.2731594339925985,-0.24900097158296997,-1.2111015497416358,-0.3792600345797148,0.0,-1.914959786123434,2.1509340881960206
22,2.223486812178386,2.199455334156868,1.9053689286503774,1.7585932878028216,1.1231501775345976,0.0,12.082792319929748,10.167121698990531
22,1.8253239553009362,1.52591812533574,0.2847732520353618,1.5597182652102528,1.039055708262279,0.0,5.9368926217163995,7.862414940941857
22,0.5844597640264797,1.8370125872808292,2.0324704839470735,1.11606905951947,1.2162413814612627,1.0,13.728369314198925,5.021338964580382
22,1.2535324712260691,1.0369105348762595,2.417998264839188,0.2698084852500654,0.46332848289253925,1.0,11.677017333074179,4.2711593518896525
22,2.275263195613787,1.2517025740987648,0.0855094139493554,0.21646338980643903,1.6670450209652505,0.0,3.975944069188475,7.592290893076193
22,1.3233829908112045,0.6284849023748149,2.839761791970153,2.086118450383335,1.0284030037968197,1.0,16.49202282778143,4.830007967798389
22,1.401382792418607,0.7331751464967101,1.6417505016978444,0.27755044322731565,0.18110881955424174,0.0,4.15195167737256,4.0740482323446106
22,0.05400847652625784,0.31896232948003134,0.9693368547568721,-0.4506522062050856,1.6020386734190615,0.0,1.7963530153735556,2.8299201593317247
22,0.8255473090946699,0.4658244240064982,0.4018242682356775,-0.11327577148050172,-1.0013872773844315,1.0,5.39148016527892,2.5941756342455893
22,0.5648533428370818,1.2912515954006916,0.22498378167489913,-0.17006803094042344,0.7564715482160451,0.0,2.533788702296965,4.037911624052197
22,0.9950049445268332,-0.007571815047968111,-0.8338113556749287,0.8105270754940205,-0.145439452013994,1.0,2.3142650098842164,2.0738790514292833
22,-0.0376713209339391,0.1534170067949675,1.6076903051296538,-0.1957224520512647,1.5874587641550466,0.0,2.3547972833436885,2.5149211211457505
22,-0.1560094266782175,0.4225948949867528,-0.017019291909136425,-0.05579983163261881,2.7142730941544184,1.0,5.201724999114433,3.387946107523862
22,1.2758458670297492,0.20073269373318642,1.3834295700602304,0.10320048570363483,1.138245395087711,1.0,7.252644009548499,3.493103370640126
22,1.3717780864144666,0.16354177233824374,1.822773320489781,1.07368793833768,1.4177961644104022,1.0,8.599334309540348,3.899812652236478
22,0.37820014692372594,-0.22992602741320844,0.8366714140465328,-0.05604410184170061,0.892470902613433,1.0,3.947363155534404,2.493665842140382
22,-0.21066390658928602,0.41566436459372186,0.31438446411747883,-1.1866885912898486,-0.41954733658146226,1.0,2.152671469128964,1.3199959201861198
22,-0.11268099154669631,1.4987824988178264,0.8843161198547549,0.40152642970863733,0.13194944511246615,0.0,2.556742601758524,2.866881071342604
22,0.9108375505913338,2.6625043009672438,1.0504595352427857,2.0814183943236273,0.3828052555631794,1.0,18.41202969142224,7.4662937981024715
22,1.1366845243369919,-0.08943809046510309,1.4532091241585126,0.9258976881753289,0.5105735439829432,1.0,7.391567103230545,2.9841169168727832
22,1.2595755671205562,1.0071336383648883,1.5503918360297166,1.467241694006051,0.6784587639371463,1.0,14.031594626427172,5.270364748354833
22,0.4392065459997505,0.14721164763848682,0.7543633518166464,1.3404714211112296,0.1946471818315843,1.0,7.219764252970371,3.2313140768364317
23,-0.23886446037791653,-0.025562464799220197,-1.3996524475223089,0.9607879435291276,-0.16929121594745122,1.0,0.45234837643971204,0.7401242699245569
23,-0.6798459712932929,-0.5901201545509549,0.2533202321780894,-0.5609815861139713,0.40972063321377167,1.0,1.309058925199929,1.7853230303885255
23,-0.25338973114890695,0.5440840679126674,0.30398282030988,-0.5341798744874389,0.12571685585346676,0.0,-0.2634389414078294,1.9093936647120096
23,-0.9213077923071189,1.3171051598748496,1.1827187678292765,0.6709206630553184,1.761081073518385,0.0,1.5716850020331252,2.1702093194473338
23,0.9990715398945877,1.2315621668464103,1.4149405386808347,-0.17329828306273953,0.3450355988352771,0.0,4.574422811019032,4.294300062284945
23,-0.3686730664327025,1.2711649023480622,-0.16223145168028963,0.8174927089604513,1.1475966104923752,1.0,5.982474878535662,2.8708999042572776
23,1.82655090669499,1.2080505016228975,1.321516645444136,0.8439615600057839,1.5252616568936739,0.0,4.50119896345945,6.815942343847544
23,0.06959952613495651,-1.3797522200089332,1.0681909744161888,0.41543200916487233,0.5626301179775454,0.0,0.5476321130043164,1.7537304238426936
23,1.1186551206240978,2.5440516922991128,1.539335223113572,2.637753634776253,1.3081594038236277,0.0,16.28029384617304,8.451349903940427
23,1.4794853130900387,-0.7303696229575138,-0.06485301667186882,-0.20385883399454308,0.6300053918632958,0.0,2.0734121131788665,1.4725312654541822
23,0.015863518489560968,-0.7411927960832358,0.18836807360993535,1.3325836319129425,0.6457694825367691,1.0,4.856240509086489,2.691249160774604
23,-2.5417583909621975,-0.07002592349865067,-0.5910082167218116,-1.0310956903800552,0.956503727713383,1.0,-0.37176354198954975,0.3696760560954737
23,-0.5333710100862585,-1.6618627799220085,0.609332656095201,-0.022268661419439728,1.2140938239578476,1.0,2.022954680209256,2.5093815787750398
23,1.46761688807691,1.3906631121387936,0.24485253955540487,0.9424238121370395,0.5701126764656216,1.0,12.585606988357664,6.318968265075755
23,-0.13336551420076503,-0.1253615886033448,0.8769462921131801,0.10450627810202079,0.9523811848381248,0.0,0.37879613322587224,2.493774020026608
23,-0.49883466702093393,-1.518856241389388,0.8957771580857942,1.3186355970082904,1.0759212130692624,0.0,0.9134928316615467,3.0188919590599887
23,0.44185370706486543,-0.42940074746038914,0.6428638507887667,-0.4787182533605826,-0.530375880970684,1.0,2.0239839602137626,1.4337612182869226
23,-0.11913523089243272,0.7129898069778924,-1.4863640243777332,-0.7932974725563269,-0.6303720457798914,1.0,-3.3533342328377476,-0.15869966744992287
23,0.055743800576545155,0.06332837176905531,0.08391845762293554,-0.11858446673802714,0.3289758995412022,1.0,2.6212650354934146,2.206702107683302
23,1.0488480381235208,-0.04501909252188219,0.4270181317695711,0.8155827954775314,1.7358459868916711,0.0,2.92252686811724,3.854124503586439
23,-1.1156378182799094,-0.10361477115858064,0.7295342748306857,-1.4863714195905946,-0.8681648364660499,1.0,-0.24755296485022205,0.4389541713978846
23,1.3871122133517768,-0.26975890199674557,1.8217993918036135,-0.09323917405436788,0.502383061193209,0.0,1.7518809711659986,2.0515867107518417
23,2.0597218239583954,0.03230372968887485,0.4165996408455314,0.23973458142961912,0.9998866921715364,0.0,3.171398641119107,3.855130121948115
23,-0.7904912909473794,-0.9307065404794208,-0.9255428643257717,-0.6133248791315591,-0.01776928583544113,1.0,0.19457340293875325,0.6981989453173769
23,0.5567010919750478,1.4313561818763478,1.0669273285974925,0.8720941638534194,0.9139566553096974,0.0,6.590102656294391,4.7001725674538655
23,0.4650438555230276,-2.2231346259960096,-1.8877340668201175,-1.623117766562737,-2.029992798424928,1.0,1.1970562307224857,-3.994981083579287
23,2.4883688978019047,1.6613536018703297,1.501449232334758,-0.13013095184100032,0.8698915379516164,1.0,14.992782921921934,8.398818316105732
23,1.2562357043216439,-0.5161484104471159,0.7840320657873281,-0.5297997369943332,0.12821566257539907,0.0,2.538672509682409,1.6209356786496496
23,-0.8785171379779098,2.3868086954651373,0.3743179075361359,-2.1257778737667183,0.6216983527717441,0.0,5.7535068876422715,0.0231698651387382
23,1.5648439697432202,1.7678501344731554,0.254434302235174,1.7997805881565776,1.8075054043461516,0.0,8.485446357606378,8.331422657329137
23,-0.9422337208127154,-1.3784128508870719,0.37616116009901224,-0.8601915075641782,0.09066745407789178,0.0,-2.611199075156947,1.8718640304273233
23,0.8793270666717955,2.509704917867785,-0.5751340570265846,1.1029920293821083,1.5126559444245025,0.0,4.979291467036667,6.760743804305459
23,1.2284086124714926,0.3401491175844915,0.2672938167960456,0.8730814997686491,-0.36306708615249206,1.0,6.1196635858178645,3.5552642763672426
23,-0.9182576036645873,1.2963874739351504,1.6947471559886198,-0.6033282256913084,-0.15085674687925033,1.0,3.1600067356554837,0.34529469147657443
23,0.23328723340065932,0.04344557076008149,0.08810729850403576,0.05682591020713629,-0.9051858580612133,0.0,0.5843662271297843,1.7644964366767881
23,0.30621483001496597,0.4544828928749892,-2.164600317943451,0.41468675760254803,1.2114937873489593,0.0,0.48674141686757355,0.6907904958217058
23,2.1800638444245246,2.256494051817781,1.7533158553668013,2.582491906429255,2.4443757727747872,0.0,16.665076108298987,11.346163988077764
23,1.965430069452935,0.12525859056183347,-0.14396587026945973,0.36695617377919454,1.1865516936526703,0.0,2.8981277901974383,3.9859571295984884
23,1.4333832432065727,0.12101407079522919,1.7614844751030798,1.665510620767494,2.1538240718137542,1.0,13.3022318295126,4.551533167353853
23,-0.3637612230875389,1.700037065675787,1.2901739315822316,1.0347917517951761,0.2239415945712095,0.0,6.060996973534223,2.60113774926672
23,0.791043837039767,1.2197669618484392,-0.20228085526255746,2.019768994200282,2.7742412701090657,1.0,14.622855790163474,6.245770134708477
23,-0.3515816257983695,-1.4038363814982282,-0.8832334829135864,-0.6035122856837878,-0.38063422535029,1.0,0.953680128113253,0.31681972344963816
23,1.215163160148569,1.0512463683830813,1.1052510806841263,-0.2503143517400912,0.6431069210285397,1.0,8.804926052115544,4.60857253584851
23,2.8037641779761784,2.3626787852660494,0.6084936499770017,1.8223574085522847,2.2298022287084085,0.0,10.199893255415411,13.358452293936466
23,0.44474972349864106,-1.5810751501650069,-0.30771418601586786,0.15452199057273314,1.1957650455068656,1.0,3.5365699316440553,1.2029693644634172
23,-1.717415531715457,-0.20217164714358304,0.35598388693829686,-1.6520482292559304,-0.38239707804232803,1.0,0.19800997957565974,0.48549247268510465
23,1.104062018783455,1.900152001016277,0.8008582502651339,-0.12580529432483667,-0.26182942860830527,0.0,4.889028374724391,5.5026952095760455
23,0.2779223910150991,2.098666747193202,0.7708631434857756,-0.6136266634581635,0.15456253458924452,0.0,3.258155040902701,3.6447700943978125
23,0.35751806759050664,1.9799821968841085,0.8749836615252709,0.06852060974084401,2.084260479158012,1.0,12.08816295847535,5.031521314910868
23,0.3252918674173667,1.5858184054486348,-0.1345062796345834,0.42145283020676805,0.29703518722052846,0.0,0.7725890207527234,3.7543674962310023
24,-0.10996472288929093,1.6834470041980036,1.8180251575143698,0.37622593255713666,-0.28483001124184926,1.0,7.572765312212933,2.3116139043550388
24,-0.37133487821295685,0.5664687757083017,0.43714203512679534,-0.8039559476071014,-0.7932868481118771,0.0,0.9915580752001092,1.2131322412179215
24,1.9591651189228392,-0.5735847568765846,0.6516820619616535,1.8358412240563617,0.8021466508288206,0.0,6.935616843303924,3.0089426128317927
24,1.3343116388216871,1.1929962534414118,0.6078399114656996,0.6107824106557618,1.9128980069742043,1.0,12.50166891128843,6.242126445801427
24,-0.5898220531042979,0.6516886394256634,2.609895951130995,0.48216736267252747,1.1929706768038075,0.0,4.514675123692515,1.9271218678341477
24,0.7603754165676668,0.9766245072282286,1.3040653982854424,1.000424817652155,1.0462324057357866,1.0,10.622706866882831,4.550041920333037
24,1.9674075963135367,0.043273379849991245,2.413724026615456,1.381627937418438,2.1016804947626273,1.0,11.514376866786247,4.292399037064876
24,0.044431148671321585,-0.5627890579477024,1.3193579397471475,-1.2833286354915487,-0.3107498933635252,0.0,-0.45282341433934614,0.82725276042125
24,-1.3004984590359774,1.3573773752261804,-1.0928914459733454,-1.0062367258515086,-0.39594635441015735,1.0,-5.337760049904938,-1.5244451865023194
24,-0.4918043457651371,-0.6857193136493906,0.78480080787914,-1.8404579076294278,-0.43011187377418414,1.0,1.2842510070438777,0.7131224710978286
24,-0.834348610924879,-0.7516667789041718,-0.04244662637424135,0.4269270891463041,-1.1155609057208822,0.0,-1.7988169388350745,1.467703493672275
24,3.393491835863668,1.835571273055632,1.003246657510807,0.37468289944751376,0.14606388989364066,1.0,15.491915417630521,11.143091902117778
24,-0.07916472313310585,1.3967113531917095,0.4532717901740838,-1.011848479349773,-0.20949782892125934,0.0,-0.06627722679527115,2.0631849578759756
24,0.6140284028611526,2.594175986443992,0.6901465906720943,0.6748209824339733,1.7243487293841713,0.0,5.369564665242378,6.512810779892153
24,2.044007334211015,1.3925580042440275,0.2822983521986788,1.235869691130853,1.6003838734463238,0.0,5.494170756888607,8.084375139512495
24,-0.9498845769618396,-2.306447096636224,-0.8773365215956417,0.5457999086110307,0.6938797171441944,0.0,0.8017466800043141,2.383065968073549
24,-0.1596018987346446,-1.4272358548333317,-0.2206336631777237,0.6336390294943027,0.16262021961885859,1.0,1.8065793640234566,1.6979424378951509
24,2.959154700255144,1.1337361470294343,2.0292600436516257,1.966390123803319,1.2914264566411013,1.0,18.208760981818127,8.602313390757525
24,1.7379752879927601,0.8154440175438255,1.506753053865082,1.7085716948102814,2.231281139827445,0.0,9.95976552335664,6.481233650809916
24,1.1055956938856144,1.8156990064397587,-0.2928156326538458,-0.7052872382328534,0.07607492417455425,0.0,2.9843263636697728,4.964497321498601
24,-1.9139229276722913,0.8516967910463198,0.07670555519219557,-0.9488087555519424,-1.3915682152816429,1.0,-3.9440551816885296,-1.2959712208894274
24,-1.319177053089417,1.0890895814608395,0.8044932122438596,1.6366482911784772,0.12784652545743325,1.0,3.5076430940885492,1.4262247481468249
24,0.7622689842881409,0.9089842067255158,1.688795284684753,0.8636533076540853,1.8056765816538836,1.0,11.04977431610893,4.58985433344464
24,0.8474005256092891,1.5227245671223286,1.1976224561802367,2.3658703491066593,1.5913147070997333,1.0,18.754940073862063,6.417396593102349
24,-0.33522345944475374,2.7005525059018494,0.5648837266006304,0.7961017834572004,0.9218313130052687,1.0,5.594920500202512,3.2634352306504884
24,0.5434527183266197,0.5557786924056412,1.0880651559583754,0.7119741943334641,0.9098475827903312,0.0,2.8525357583273885,3.6707985980057853
24,1.1605177441594021,-1.1352254309757286,-0.7499584571787254,0.05035151925473291,0.3852181524610755,1.0,0.8887532520621471,0.26971969303165844
24,-0.4652544594454825,-0.07017531262524945,0.5322551360877619,0.454991677069603,-0.005497023185718319,1.0,0.5336291635757426,2.117474217130473
24,0.0589344032279146,0.7990051334880643,0.39574302423894125,1.6600868482773918,0.9657247512211068,1.0,8.351661463337335,3.9095463587363906
24,-0.11963997212427357,0.3450374687306492,-0.615470797227619,0.763831764247159,-0.6494192987328293,0.0,0.2749592533017464,1.637391035224965
24,-0.47003069799811104,-1.0747156727423162,-1.7387511839593688,0.32223422237005894,-0.7689895489425231,0.0,0.8800173758981311,-0.5271434178631125
24,-0.05939242415220247,1.3577677611827663,-0.9396359290391907,0.036605596820110164,0.0865700469822891,1.0,0.8512526528232651,1.750398401515148
24,-0.5127924318700254,0.20868948900483925,-0.729508225622705,0.5746355119780574,0.5175156494080384,1.0,0.4834567317544288,1.6677578675004943
24,-0.3850706841671231,-2.1936734104573508,0.15037902433003875,-0.6232599239107615,0.1829419159582113,1.0,1.461195472592796,1.3990921481067506
24,1.2097087333430132,0.6762131864622766,0.381033774280111,-0.06794580124016947,1.1918826067504762,0.0,4.768711296911455,4.4417479384396215
24,-0.34293213846725146,-0.48772947426918933,-1.8940509365681066,0.8155071807317662,-0.2142358635540088,0.0,0.278252885388013,-0.21211678447030657
24,1.1263388749530305,0.3464545626534675,0.5539291369751558,1.316283532721302,1.3268447728682498,0.0,4.3776146648712455,4.575614919354807
24,0.5712257075225079,-0.9534968322528588,0.4309879839832036,1.2686769577882941,-1.2547975347749762,0.0,1.1897459145663645,1.3951896829486883
24,1.5455173890230662,0.7163981178507223,1.8356390504305202,1.3473989645738498,0.05380711808280947,0.0,6.197316468752041,4.5948285899111205
24,-0.7283799881518236,-0.522964190401175,-1.3827077945362822,-0.18337564626617664,0.4342840243760943,0.0,-1.0396930755415743,0.37632633500315804
24,0.22900482574261632,-0.4304717585311022,0.08635652265158789,-0.5879240280429989,0.9574125504042126,0.0,0.8906532628775213,2.0248825382155125
24,0.43784120391174874,0.7985257578337981,0.5204484129402646,0.7786485022753968,1.0239845239037573,0.0,4.26676693655084,3.9969479645505146
24,-0.09700837385951877,-0.03145869480760333,-0.1450321865511549,-0.13876638077195835,-0.942463889100523,1.0,1.6216689182494006,1.3151882489285134
24,0.6971681010373946,-0.22027333651018122,0.3760112549819554,0.4420873173431063,1.6803358108643096,0.0,1.7040519668987852,3.2642337814044184
24,-0.040537650739033704,2.4626505252737765,1.8083713176871212,2.045714314902157,1.9720116929323839,1.0,16.217669660721107,4.788928606767222
24,1.7402059140278157,0.57535505766784,0.6524956624648788,0.026125921241698935,1.0274053307165851,1.0,9.0930995753063,4.806601197063152
24,-0.7378744724496447,0.4957277672760742,0.3174868091727371,1.5875573372991982,1.6483242913871743,0.0,4.222784495480138,3.2398489868855354
24,2.2502031254344077,0.23398105882114273,1.6343423679715865,0.34251915727416926,2.0975239465150715,1.0,8.633464949249253,4.742286455587058
24,1.7669734297983677,0.4358284634299624,2.1428767988353483,1.5284548061897065,1.5527242041426876,1.0,12.775816405869369,4.942143734980085
24,1.5549356442333844,0.731671669054101,-0.6076213008839284,1.1893060067286687,0.1693146143328993,0.0,1.8278151141627357,4.477514051832909
25,0.5372049658453008,-0.4563798065105532,1.916486137971132,-0.2949382200695203,1.1210073207445879,1.0,3.6341382600918872,1.8276749395239487
25,-0.3832721427800726,0.11899590131328386,0.021403184162012867,0.11182027991411891,-0.9779489999850062,1.0,0.8796241582466844,1.3996622578313525
25,-0.8364633004403002,-1.749612329298313,0.6872560948509325,-0.7374815363208245,-0.8082320555846805,0.0,-2.6653863624226086,1.514209647156835
25,1.4089462724490462,2.175730728004172,1.5229037270247747,-0.08465134224241022,1.627741258987376,0.0,7.9610902210023955,7.438697314503968
25,0.039196619630499474,0.8168066048127695,0.8706298779451868,1.4092372209366357,0.7705896798781712,1.0,7.8576534448232875,3.629591044817447
25,2.1423121037514288,1.6735057437359326,0.49644204678502274,1.2011378790306328,2.081552523173345,0.0,7.139861664900048,9.26192953600249
25,0.38784226850804104,2.48770886611078,1.5309542002957937,-0.4077909950690325,1.1366862268488083,0.0,6.7078868703159005,4.572370519837174
25,-0.9469349105159537,1.7841322247987703,-0.28818740194455184,0.6834185884550584,0.8177802504764075,1.0,1.8669535146990912,1.2944079045121568
25,1.3237119788486917,-0.2795807667887831,-1.0055910758428712,-0.33025822083138423,0.06787199839570979,1.0,3.360690305893951,1.0535817041829534
25,1.6053236759874303,1.139356427081247,1.118412462013442,1.3672789478470575,-0.4820348858860277,0.0,5.880458657758874,5.64031500160363
25,0.6557681337412873,-2.322080875582414,-0.290946207882671,-1.2610393003798956,-0.07785877609011838,1.0,2.556948372659038,-1.212852278932632
25,0.49686195395589866,0.9318248239504306,-1.6510322408203995,-0.13581459445638844,0.6926623410386353,0.0,-1.9821691348344208,1.5500895933604004
25,-0.12655192454455344,0.7723956812375059,1.1023277330989063,-0.20252539819986226,0.21166588792033314,0.0,1.823169114296956,2.2324282313458528
25,0.93484056902628,1.0642367135189432,0.773937845648841,1.131472180960246,1.82476425077084,1.0,10.96423246316294,5.574681272202657
25,-0.6642732941855891,-1.600035514764833,-0.4929562965470218,0.7857399473836588,-0.4058026373113949,1.0,2.2744331664352755,1.755134659788062
25,2.214349858950186,1.4197452046739594,1.449977302833093,1.5720573811388443,0.02268275912273454,1.0,17.704293592551583,7.603744148183167
25,0.1450632347816051,1.4138735223451064,0.6020229407961843,1.349858206285393,0.456982247404162,0.0,4.76554146412965,4.013192831168174
25,1.4356178808187448,1.5037065317754565,0.43143154907972514,1.6081706496941297,0.5290753368713562,0.0,6.139613476379955,6.821117006119136
25,1.165991284399876,1.0005865400760756,0.03849725221539352,2.972996091672377,1.205654816465684,1.0,19.18915668227355,6.357797249730892
25,-1.2646549442384882,-1.3347183990276312,-0.2652138691699616,0.20186660302139936,0.3499308900989946,0.0,-1.7927267644028848,2.4965998273308267
25,-0.26458454616878013,-0.482154317406002,0.4312530000276041,-1.4402062115921892,-0.35550197060914834,0.0,-0.35830518912376097,0.9804162555223987
25,-1.1083864019420113,0.21041703334691442,0.3580807403379774,-0.024126087575258692,1.3061705164280728,0.0,-0.5001134690545005,2.074425727073476
25,0.04130009477336555,1.3227356836512798,1.5515886052035084,1.2896728977239882,0.7715043821649901,0.0,6.2455905888963645,3.5622364813948355
25,-0.3605114706349697,0.275616754471563,-0.5822476915876862,-0.46859519949865325,0.42266376133660677,0.0,1.7967821002630955,1.3793288247641537
25,1.195107460381665,1.363726885248804,1.060774075376064,1.99846927706334,0.6980828542298669,0.0,10.287906305688423,6.276077117199391
25,0.7260115092220907,-0.866600566379726,2.8085710089381837,-0.4311501132457808,1.4972370834797055,1.0,1.5318349668548596,1.29281359262158
25,-0.3904335919328882,1.752571291555091,0.35605439405870204,-0.23269273367596865,-1.1071351784757937,1.0,2.6135896075236826,1.4421988567428392
25,-0.3866352558793946,1.131695354458651,1.638698300909927,0.894454770118897,1.4390623577440689,0.0,4.443340472313103,2.8532346336087264
25,1.6041693125578071,0.30112674239165566,2.1608161078484587,0.2621429927022963,1.095701789721326,0.0,7.179020454391895,3.6386592922599523
25,0.9379439411735288,1.2665994744307159,-0.2981661766739979,0.6480091786817784,1.0731722579648304,0.0,1.7521764924883967,4.957655455040529
25,0.7163902662149555,0.39220300441090256,0.3504468246541447,-0.019701408631711104,0.02139530734113454,1.0,4.042612941208409,2.9505568156192528
25,-0.7538712750580057,0.0608521602158576,-1.2629133343639116,-0.7631431099330335,-0.7263277241236401,1.0,-1.376822117272583,-0.4655344802632308
25,0.8014319006449914,0.05258900718952858,0.36606250016292036,0.23103882572561057,0.7518811301418671,1.0,4.95993441009923,3.0773921652007026
25,-0.9417303143415376,0.3683953536906522,0.9937481325237215,0.6423124233621166,0.9655966995835956,0.0,0.5907524451850434,2.2127845528041084
25,1.9562516900698022,2.284504890179272,0.6916437269207412,2.655445286995238,0.22924268675329013,0.0,14.942702696123169,10.147809373120154
25,0.6782017786226344,1.3333598312789308,1.6884153659822851,2.940502748170634,0.8388492056231681,0.0,15.46460830466792,5.52660344221278
25,1.2625095685993626,0.1301008644585216,2.1987502541048167,-1.0706271610202915,2.257521393366433,0.0,4.1920103973107175,2.9658908031394606
25,-0.15933017733883925,0.7960637589437588,0.3102877363416108,-0.6062302438936549,-1.1044081565562058,1.0,2.61989566525635,1.4436002328708037
25,0.4952096938715839,2.2014997632323166,1.0220727098579125,2.163173719172698,1.929837285801187,0.0,12.593766062423462,6.517699265372981
25,-0.875124978368695,-1.3723563258158393,-3.441191022953987,-1.3884796819413459,1.195492767105712,1.0,1.6163302968335627,-1.6953014230829493
25,-0.23205081442117625,1.1743492279998937,1.341209574814303,0.08809444944358508,-0.3682325381298479,0.0,3.677415324557801,1.9567513934521579
25,-0.00564939555727495,-0.6155515738111816,-0.4353799074838486,0.6034855902801016,-0.38572187631665833,1.0,2.765432523775859,1.4907787927757303
25,1.9259483248474805,1.097102154740433,1.9279472783262948,0.49188158551521305,1.4131686913867225,1.0,14.1151855497409,6.191379682764503
25,0.10753113803332953,0.26563467339509506,0.4954412200679492,-0.5137257561832782,0.7098449523760041,1.0,2.1160596082646013,2.4406861432673708
25,0.8521533989482996,1.063498708287656,-0.45202048532283834,-1.618764265403894,0.1999290824863728,1.0,5.172671358884927,2.828228682040858
25,-0.3294390907050079,-1.2932711601404578,0.836576010906072,0.5588628018096599,-0.4375124307396552,1.0,0.9243387097157242,1.7636706988144772
25,1.4788402937226448,0.7342571634523606,0.5089835731035467,0.6159502712273247,0.5994094684023484,1.0,9.893552755867374,4.9278097174397875
25,1.3970682745910965,-0.44766633477329765,-0.4038077821511489,-0.5633872257068613,0.4589542711056377,1.0,3.0178440013006114,1.5147316676734817
25,1.0041913149783481,0.9460391191766311,1.3831211907542889,1.2394603167874219,2.814777739894555,1.0,13.068645232186277,5.8303744682912715
25,-0.2669540554090266,0.5501456473844181,0.9100702234673235,1.343523484581512,0.6549827239928592,1.0,6.818283728497651,3.0627107066591464
26,0.6770618333741657,1.338136009999109,0.5678759717926205,1.7403076858414608,-0.9267152577095539,0.0,5.8646139372826855,4.447379210760779
26,1.2156172462509631,1.1328547039047279,0.1896418233597702,0.4327764506482856,-0.5323362712235329,1.0,7.560963914390366,4.5784665090026175
26,0.8145598892760992,0.5174817361865123,-0.27920198533413354,0.6562011608527737,0.9215188248053445,0.0,3.472366020534123,3.6980753467584946
26,1.3087780509407771,0.3838907953785654,2.1621827731249654,0.3461273437426878,1.6179907788958834,1.0,9.768768060178852,3.8544001755201545
26,1.761876770400391,1.3357403302663078,-0.037922535830216986,0.6444495980623163,0.136780559324916,1.0,8.807028731553066,6.2731532471033775
26,-0.27225179515300635,0.37557827990871423,2.043797159987794,0.6751734483346445,1.216118245544708,1.0,6.01590836500188,2.4613961184281172
26,1.040223598938875,1.1551691496597805,-0.1205333736674048,0.49184762306229945,0.8122400261150637,0.0,1.5551935558932795,4.883852365593619
26,2.029808300091859,1.9377023168820424,1.3936616236928385,1.8675584334227189,-0.2637001459231001,1.0,18.689593602286674,8.591889348090394
26,1.1060237653547809,0.9121810118016481,1.3998449043428645,1.2907770506591325,1.3088624954108665,0.0,6.781245556105482,5.187858470971462
26,-0.4496685120989464,0.27170522230291816,0.7576322706353515,0.3568755522453042,-0.46436997443902195,1.0,1.1033766997364909,1.840375153266685
26,0.050199568023181096,0.8265907608105991,-0.7539939364154113,0.21204754230654527,0.06529879263127764,1.0,2.365928849597504,1.9705264812785257
26,-0.6076486875270108,0.6852731070412286,-0.3327672928289661,-1.2862293855244376,0.3032541733357659,0.0,-0.8884113055733004,0.909677653530205
26,0.21480567110093435,-0.8462521516814432,-0.0746648046518621,-0.558106160198623,0.5615584797169614,1.0,0.8392813516907247,1.46410463396146
26,1.6109778892516533,1.5497708777209145,2.4552045470726247,0.8261122181054681,1.7097234855877015,1.0,17.019216855953392,6.7990010425308185
26,-0.1493384575778055,1.0476531059680139,1.1784105589582352,1.017771250668162,0.6832764390732371,0.0,4.951546239528647,3.1148254989453052
26,-0.4785081603005298,0.174854250305645,-0.5861732081096818,1.1368076012114423,-0.025329674406005753,0.0,0.41604802663502793,1.8602198861903063
26,-0.8618081231325476,-0.333591420963101,-0.3028376642771192,-0.4392462083344899,-1.3720795302490787,1.0,-1.83409723300918,0.5872043796887498
26,-0.059716599759467304,-0.19816007946861136,0.5232942013039183,0.06996839869244809,-0.6390905440435446,1.0,4.0670811697832345,1.7261587852769376
26,1.7420962855645303,0.2554606621756657,0.9876150323332553,0.4829884123022916,2.8248541605313675,0.0,5.019386933720472,5.142226540263871
26,0.24027946609142747,-0.7175139262563015,-0.18205817069653396,0.2044903650455968,-0.2165646498510111,1.0,1.059856769485601,1.4753858148660148
26,1.3271407977829153,-0.09759980331785933,-0.8702675964015851,1.2907874149397407,0.5618838117132651,1.0,6.971673619051392,2.62106562400147
26,-1.6127915867502436,-0.01572802996698508,1.4752345049471738,-0.16012369460970555,-1.4753260899821772,0.0,-1.5766847211122945,0.22641502839329644
26,0.07779123020060746,0.07852180974323009,1.3495879692173507,0.1765728712240487,0.20684305446722523,1.0,1.981229046786822,2.1701754721538626
26,2.626393957760251,0.950778120039973,2.182732823873537,1.4470229713928875,0.43048378073057614,1.0,14.622839694596163,6.741370105573878
26,-0.32686487921719865,0.3106257979147756,0.8247820810030269,0.8041151470258088,1.9742015653089964,0.0,0.7063362767316699,3.3706142135271637
26,-0.05436192142138374,0.22876429613653004,-0.6013218911372278,-2.282632213794761,-0.5255189570382754,1.0,5.088886542898367,0.1946170878335739
26,-0.9075717120421387,-0.16737101411743016,-0.2785152480254065,-0.1891403444799623,-0.9049659958005529,0.0,-2.345197427985716,0.8895837390333481
26,2.0104008071127213,-0.6615364294743864,-0.6250875846127475,-0.2250609673731938,0.11113083954528435,1.0,2.1415678689745112,0.785881831725803
26,1.0125406084280621,2.3952020743097506,1.2664238812684743,2.027105591025206,1.4773221235774214,0.0,9.97534750978885,7.814231030129147
26,2.1289343631645385,1.769907997444937,0.8136595219530456,0.5703216992888809,0.10208200218556285,1.0,12.329284623906691,8.147314024560481
26,0.5419374603158983,1.6577187776924782,0.9014877172112138,0.28149508986010097,0.04397492807198672,1.0,6.847410835607229,4.232130802746244
26,-0.2057079771588276,0.1872599438212012,-1.012209702499014,-1.3389870357780456,-1.0639873006751668,0.0,0.6555720255197004,-0.22534872241767107
26,-0.324730570826136,0.2037429018064581,-0.19662028668983345,1.8220544411264994,1.0462116664759527,0.0,4.226637739830783,3.1898999517043563
26,0.3096316154264091,-0.5459771642458593,0.6418831514222267,-0.2922788817099511,-0.24126969864266712,0.0,-0.12476091934332059,1.5679124466585985
26,0.7811142268964542,-0.2898798836223567,0.3497002641585323,1.0031781802299409,1.3697557552597877,0.0,3.6026670202861673,3.3199804196840015
26,0.7286918860838567,-0.6780823342710116,0.21937260766630268,0.7352520754748464,0.6133112039689967,1.0,2.0888275067372555,2.2911937972286105
26,-0.09602321622745846,1.065055258909553,0.890111382564262,0.034048061297620946,0.8833603117147655,0.0,1.0431316217233457,2.9153313381346617
26,1.4537967730981798,0.38093908275143423,1.7620005977466215,0.3554663912793611,0.334764870835379,1.0,6.77683355884945,3.507250510189067
26,-0.9070090832873652,-0.2769392185609014,-0.01707533153451435,-0.00926703226085468,-0.17984524996928097,0.0,-0.2739032906356933,1.5559726490153798
26,0.7334504310660258,-0.24117571276103067,1.5913396480299218,2.1996997838319663,2.5699658081020473,0.0,9.38654597582761,4.229207672358007
26,-0.5165348099914111,0.6024237525702246,0.56039101274226,0.6710000685758668,0.9586914194218974,0.0,0.3229547176550711,2.6738602287692292
26,0.11822087403210513,1.8154161701891889,1.7234654098243452,1.2996840328640498,-1.4978965366313506,0.0,8.010833926688054,2.7919883523653573
26,2.2765912854040025,0.3708170924143326,-0.29341102661224305,0.0017369260912390994,0.41335116899494684,0.0,2.2270230377433857,4.18600459634248
26,0.352582637937201,1.4230036805319883,1.1226121828687468,-0.5019461132998868,0.3935061367641537,0.0,3.743380500502569,3.3299353894342576
26,0.6127450862062072,2.0880613695462733,1.7081057496507854,0.7304029731949984,1.0074913449279612,1.0,13.948762263152581,5.215974245408318
26,2.0413316469188088,0.41797687099372915,1.3981323712945053,1.3243447780263793,1.9301119936724072,1.0,12.695676919865925,5.580985544500621
26,-0.43932243434782814,0.4253747552800342,0.7960520474393091,-0.6823266207625762,-0.34740591550614597,0.0,-0.5207027146359415,1.388842603314761
26,-0.47294870431662217,0.2571172848732989,-2.377511025677115,-1.0486489416731601,-1.3708355618757266,1.0,-4.212553457441872,-2.3500348208594706
26,-0.2704331247030288,0.21953759484509866,-1.0076179908775957,1.6514523428231627,1.3367392303555423,0.0,4.1730857322521375,2.4393451602241694
26,0.17813853028725624,2.0040797073511776,0.7182122215989801,-0.14122234964213276,-1.6056177176143689,0.0,2.944971121512519,2.6867823703817377
27,1.3369609651017003,0.6113948778539623,0.8133299923394249,1.7838098891146033,0.23122389586527908,0.0,7.9289591966631345,4.892853639889916
27,0.39368844317455576,2.4890056881820932,-0.7240834834942456,0.5699023904034951,-0.9298868535138429,0.0,-0.9719097003726097,3.628312748898205
27,1.4748954069893205,1.3418411455950945,1.4448098008530186,1.6196594108044242,1.5580148830109288,0.0,9.047979161615356,6.824339167469731
27,-0.22525066130169635,0.5670272579753474,-1.7890426328737878,-0.004997899885877621,-0.3455769141091164,0.0,-3.968075689056847,-0.2431615528899559
27,1.2504003231081087,1.00476741770705,1.7976982717552865,-0.11211235998796387,1.9135251596139724,1.0,10.25887911566436,4.958540947626053
27,0.9740946960985656,1.514318681728856,1.3683565866470335,1.225036413332243,0.9164772678198806,0.0,7.012258896839081,5.675291463816215
27,-0.7450721282069939,0.5362050764576198,-0.4380016856978095,0.2361999474554881,0.9471183189145617,0.0,-0.9565262408513511,1.7743143241144133
27,-1.1685113941698895,-0.8234712036128278,0.26452665800758046,-0.7846313568506107,0.4457137272432577,1.0,-0.3370335024809893,1.8942650649168973
27,-1.3202583845420302,-1.063026001139832,-1.724867027762964,0.0541205582046409,0.508052801096764,1.0,-0.4766063069270667,0.47701808931619527
27,1.0282120413708449,0.1467099776762253,0.22575812411115515,1.38439445325907,0.6072641306775781,0.0,3.5939042716424465,3.821643013823541
27,1.061175540175753,-0.825257086338846,1.2230760272935055,1.2527286179597028,1.5543663531887817,1.0,5.589734064547894,2.598057521602988
27,0.8999056896758412,1.5940524185192553,1.396618571444244,-0.058296697105795325,1.5475599737770909,0.0,4.987088885948042,5.297715211923422
27,0.5165781850865628,0.8424109943599163,0.18811664956781143,0.43339401424294793,-0.7854300408567012,0.0,2.786972912762069,3.0150642245638153
27,-0.2120765899953989,1.1568143832796116,1.7590371781846288,0.9956203020603691,0.67866154940223,1.0,9.07232790803966,2.7565640495418045
27,0.6202892568023504,1.7425665855796153,0.822154841957709,1.2085484348333009,0.6049812393687238,1.0,11.509813201198629,5.260809632471204
27,-0.19503726958784728,1.3528920281463122,0.9069134007460153,-0.2870698100640494,0.7799419403085521,0.0,1.9554930675108493,2.631135481226332
27,1.761121026279278,0.8259286596930697,2.960203604724888,0.5199714374733256,2.26173239309381,1.0,13.85004742254536,5.635444826523747
27,0.7827254716955924,-0.15838360718579603,0.7360383312886021,-1.1980807565419092,-0.6760776262798691,0.0,0.9238932475860687,1.360274084851318
27,-0.06021614833979094,-0.4866114451436746,-1.38685574970948,-0.14297483610147133,1.133936511327498,0.0,-1.123729475596518,0.7408461182878365
27,1.7334911516137745,1.8047467103036237,0.6755925828510514,0.4804236646234377,1.326139223003452,0.0,4.840917216883435,7.919045630059276
27,-0.21867880823001606,0.24674680753507722,2.8961733173169053,-0.41680870744780407,0.5044857323366403,0.0,1.968555235233192,1.4819653459345392
27,-0.6034409912658054,0.9761353055118095,0.6784010988683017,-1.4247966081360135,-0.8971398454121466,1.0,1.3919615699085788,0.5541165256895219
27,0.027615842167924398,1.9251098142473733,-0.22604970480633413,1.1914298264355327,-1.265980465690938,1.0,3.753962659887152,2.8537855592011523
27,0.897928617876409,0.49115321193274425,1.075361457384668,0.4524087210732431,0.6127477733046904,1.0,6.861435330991954,3.681234693358011
27,0.8331540482450281,-1.114664147099583,-0.6576453497184613,-1.114553650414836,-0.6504320001568067,1.0,-0.11121178512150609,-0.489323780237247
27,0.12203741028983434,0.4123018929321838,0.6600621960495011,0.23498550172531257,-1.4664262561867287,1.0,2.933949664465559,1.8217507241994235
27,-0.7935154172775505,1.3026561386708435,1.1182911395848651,1.716178623514806,1.6635893759907008,1.0,9.36011245680702,2.907142156198013
27,1.5213191634709118,1.0928717586849974,-0.2320855158232903,0.6115704144838296,0.7044647983028132,0.0,2.570337747241204,5.4848658864606366
27,2.0015579158423114,2.1961125322208996,0.11765011993255137,2.664957387322659,1.4121420545492045,0.0,13.750066511122881,10.584943631693989
27,-0.07949976907008105,0.3654755604025655,-0.45709446290472233,0.09573953537559499,-2.4268744501725834,0.0,-1.8523568924329052,0.6171566052661269
27,1.4424446472587342,1.2345445184542683,0.6608185464194661,0.7717138368257177,-0.528813783130339,0.0,5.096819359860495,5.360606117655818
27,0.6889923049458017,0.6604892567622518,0.5206949414698303,-0.1629534751870454,-0.8099024143895863,0.0,1.910231077330761,2.771205989747439
27,0.3828940750901554,-0.5993270776395498,-1.0927228268847775,0.45294437154233164,1.245678340310503,0.0,1.255424074730863,1.425324178016129
27,-0.6817674007182581,-0.900283083077501,-1.2374706463469758,-0.19890297048019334,-1.1142846711139998,1.0,-1.8162117734141492,-0.12538326326875526
27,1.25577888168086,1.279409071839198,-0.1309519351712619,1.4507438777671222,1.570518090443605,0.0,5.143445799077797,6.310841927892978
27,0.7816988504991238,1.599054608624873,-0.926484193207431,0.8833172544095378,1.911117244708803,0.0,2.417354766512359,4.974979654400705
27,0.722042164271697,1.8847822063744961,2.0875877489121843,0.5221283511684114,1.727879460048943,1.0,11.099642772627979,5.339009069345365
27,-1.0092592419120003,1.0760827462720868,0.11078840263984113,-1.0051911340156996,0.9238853003896282,0.0,0.9145791779765409,0.9559758195022993
27,0.22265146291444748,1.2320877252597429,1.2651932287739143,1.9169239236247761,0.9181173728066767,1.0,11.985881660484576,4.352681374929197
27,1.6036315562010217,1.118440905050433,1.8928297124765814,0.885422879211754,0.477514575566212,0.0,7.485346626701436,5.465990872656447
27,0.8934895450986111,1.7953355663548023,0.08929653293813261,1.315292042805447,0.8260997058784847,1.0,10.017038830891886,6.05988596819364
27,1.2644336777367782,-0.1985085975599089,0.6292856447829822,2.235717919214695,-0.8849984652020033,0.0,6.7111459068899535,3.080412294149424
27,0.9955340057710564,-0.5194786715027955,1.7738951440323558,-0.9654375583532042,-0.7161201226077363,0.0,-0.1561276894197745,0.5653322966534002
27,-0.5265369833164624,-0.8068082401601622,-2.058058692598474,-0.5106095092761547,-0.080019241653016,0.0,-1.313466144593812,-1.0344105796104253
27,0.6448808821128585,-0.6906023612796393,-0.7195969350672182,-0.4817976570047744,-0.08557915321495979,0.0,-0.9536789379399573,0.6403675707443985
27,3.3134358687122023,2.107121152190535,0.6019110843168606,0.8848007193785311,1.2262821781569933,0.0,6.8088817221941795,12.872841335796084
27,1.1277592465598998,1.3453723424096933,-0.029420212606702467,1.9957886477970408,0.46966493077253624,1.0,13.651426207074799,5.971405833444527
27,0.05827507390801334,-0.04226376513432806,-0.035051177728202876,-0.10293493109340868,0.5162899199910889,0.0,-0.6525044033218512,2.194080406294657
27,1.9131671913996948,1.4752165172086324,2.3136102900168685,0.9518906380460121,1.0250299996045003,0.0,8.287799835315525,6.985429896457006
27,-1.5227271836237537,-0.8049123525549646,0.5602851063255513,0.7023988285278159,-0.31821421470110256,1.0,0.011913405342878769,2.381180643692333
28,1.0707662223448529,0.9518042268771438,-0.14561302394253473,-0.7471341416489339,0.31025578278313315,0.0,3.4722554572580426,3.7286164922636087
28,0.19158172837442483,0.058335479990703154,-2.2044716065837644,-1.4652167710137027,-0.8508452784493263,1.0,-1.0845625643907386,-1.7162427111999943
28,1.0393997201837342,0.3382661668953746,-0.5844094219728377,-0.15259032908508996,1.9548845568197128,0.0,1.3831871879574937,3.483407162936971
28,0.36663761632517866,1.4259209458983542,-0.24388571413430515,0.7955207486160427,0.20450722735445914,0.0,1.647873867067668,3.767553668426041
28,-1.044119602415916,-1.1908032895443879,0.24614406230697505,-0.43659113704343533,-0.09887223964088598,0.0,-0.19404786600807,1.9510791446545839
28,0.145617469789394,0.6096583338643836,0.1241725702290365,-0.7074868691652039,0.9215979478140519,0.0,2.7711367061091092,2.627857117433729
28,0.5379959234507985,1.2247223747241476,-0.5556620153998435,1.9663460243797302,0.7045231417218867,1.0,9.828748141308564,4.447409778874124
28,0.7965500442898892,-1.2969626141632233,1.3054047897269507,0.56405306458613,0.42550372495619126,1.0,1.9118636903667454,1.126465994496372
28,-0.10987066719102279,-1.053275581164982,0.7473093950068853,-0.20658775056587786,1.1801430810260332,0.0,-0.8324955154006339,2.1281035682300917
28,1.8757525701810367,1.534600270183681,0.5670096203443502,3.659075817691976,1.590529046464429,0.0,17.89037649249665,9.335524976595162
28,0.34727030603675935,1.5651493367294622,2.4019616763652767,0.7309147487281142,3.0736789550805406,0.0,9.582617107305442,4.8643000645902985
28,-0.31959783586129675,-0.9549414079728875,0.1648297918874992,0.6151898667943092,1.4452975943215045,1.0,1.6631622417458303,2.7670325100838182
28,-0.4093034027021719,0.20535315944286803,0.21672732056946836,0.24308322295335727,0.7882305932027379,0.0,-0.023040908940764826,2.4146001173355134
28,0.33915393533473265,1.0217747904336023,1.2507460646903834,0.4200416190812868,0.6358241079702933,0.0,2.5171945570616954,3.494923470745075
28,0.5011893925975257,-0.31436580978958306,1.9078192407941401,1.192287875149662,1.0259560931213025,0.0,2.773372869952868,2.66820762995861
28,-0.6052431492056545,0.5776949173918879,1.2246216682601376,0.1582054932948987,-1.9664015133790933,1.0,-0.7719201666412007,0.6840947030788553
28,-1.3124211885971895,-0.6554993086830798,0.2676596656030262,0.8134102522220392,0.43625509841314875,0.0,-1.4207843569511787,2.5993859384925897
28,1.981406262818168,2.094345827754239,-0.085911581973388,-0.9633444169628669,-0.3134185896192321,1.0,8.893394331267721,7.502600559952832
28,0.9092753171541907,0.2932305356066497,0.47920215436816177,0.07863997573463183,1.6797000351225797,1.0,7.45282848750753,3.874014366182725
28,0.5114841481770265,-0.006476348718446268,-0.13012264935367235,-1.601314375884126,-0.22694083835597523,1.0,4.84558938663406,1.261548404937908
28,0.9717544464525796,1.1293914195767083,1.0894989323850366,-1.0656789759205134,0.7406156670794317,1.0,9.797239730792112,3.9932114473779636
28,0.459441845901809,-0.11363115192105477,1.6902969138638197,1.2870251668566266,1.089900586289462,1.0,9.325713088239663,3.03509340339498
28,0.08893963037020425,-1.0685050658192625,-0.7735658108250956,0.0917663564605603,0.326037536802201,0.0,-0.29712094529265576,0.9527277020786402
28,1.616131849022997,1.1162780545315183,1.1792730882130031,0.7809722063010285,1.3738940779778595,1.0,12.777866217875433,6.218923984992982
28,0.9484156509952117,0.7123649215833329,1.9479522271929164,0.22702199372571213,0.7827323867375644,1.0,8.398859449792244,3.616583872882412
28,-0.1268285430152849,0.5306260157059507,0.47947855149904917,-0.6239350081438115,-1.145809908454418,0.0,0.21529369565364198,1.3767026255742354
28,-0.3460399044703284,0.8821617469762406,-1.3549848704045109,0.4977578112631007,0.7810558700525502,1.0,-0.6708373291686338,1.1388522917690782
28,-0.45784826517682864,0.7542456581861634,1.2774965599121872,0.22993286684091874,-0.037734774922802194,0.0,1.2265935088690252,1.8268286002862766
28,-1.1337330739838214,0.13083690267219128,-0.7029133888410388,1.1289519818557343,0.13849431113058625,1.0,0.33986766333122587,1.3954463299534532
28,1.7562100656468091,1.5645046295864078,-0.13369790155025962,1.2132509994614753,1.0949595731270323,1.0,12.625137630296111,7.486288202339903
28,1.3795252835686296,-0.9085371563309486,-0.06083757562022807,0.4020296010694158,-0.38036045737650037,0.0,1.239513282873043,0.9607098348510051
28,0.9852801000380567,0.8680287174080912,0.5187918313951972,1.9347356779204672,0.7803841690661522,0.0,8.437917641712145,5.267280530586899
28,1.4844373542583633,0.002059680098808414,1.0973386231080058,0.12636739554282372,0.4683703037045232,1.0,4.952088274225008,3.0483104953392997
28,1.2909034730422895,0.10365171258251255,1.1255061452315545,0.9538531782717364,1.2546421946500477,1.0,6.895354450095659,3.9288024907963983
28,2.265224532063318,-0.20298328458357717,1.3132023496837157,0.24186120727868576,-0.26776811511592924,0.0,2.919059042001373,2.4697202824418274
28,0.7801469515130216,0.9927803171229044,-0.2982744764148676,0.7111995624520956,1.4104352150024848,0.0,1.8220795166683228,4.528503316498229
28,2.231707908073196,0.9633786931258155,0.27985532335677954,0.3117047824589241,0.9536868638935603,1.0,10.17516875512841,6.481242043832356
28,-0.10484448185186601,-0.30088602083288685,1.6157940322192879,-0.09829103295780595,1.9549532312128026,0.0,1.0323091004934095,2.519926581060661
28,-0.5967242866380102,0.6078835093126556,0.06980585654548832,-1.4536513173494032,-1.4807414350742045,1.0,-0.31886277783564665,0.208111870344166
28,1.3580856387415103,0.1782113763872094,0.10576743723100768,1.15417726652634,0.054680552334582466,1.0,6.641163208222215,3.6618992835170014
28,-0.3242606023281678,0.038485463388404584,1.1453461217916945,-0.6026202413533177,1.0510381475998436,1.0,3.1954657722510516,2.054246019149758
28,0.3138122531425377,1.2733519229349985,0.839287201108265,0.41975607488807626,0.5940477975784317,0.0,4.145946316511157,3.7877144978297808
28,2.5523668790177303,0.21451949749523502,1.128237850727486,1.23289106598823,1.0179679522995935,0.0,7.020966863839302,5.048776937035978
28,0.9617428878109089,-0.45163112824517015,0.24090143923235213,-0.3002126509257391,0.059984074825775946,1.0,3.2744295237280054,1.7921625916021677
28,1.766833243540902,1.6477894677057818,1.2123952650033112,0.814854625117986,1.6056556647596771,1.0,16.025582557703537,7.78591068537253
28,-0.9361294837643321,-0.588740070754092,-1.6399265458006025,-0.3006931819440867,-0.6280857520984156,0.0,-2.3764203266203947,-0.5647257487638886
28,0.42005706356712885,-1.392311849721579,1.2311815882080568,-0.0399638511042526,0.35914062497732585,0.0,-0.9571570890640492,1.037325221205534
28,0.647531285582156,-0.25297267637678034,2.598551830275714,1.0106344223314903,-0.1163234736880191,0.0,2.8699087403789125,1.9237616500919632
28,0.012280043061636992,0.9844615795090343,1.2991042984138628,1.881226607524008,0.6764114427463959,1.0,10.653695842662627,3.7071929980159144
28,0.3213746731785073,-0.07907419884216926,-0.1146142616546042,0.8317043556334531,1.7735288751299507,1.0,5.865260211500147,3.3344862495180267
29,-1.4509864729840107,0.7415057952961536,-0.15831886657692296,-0.6498492004397896,0.9521899716121,0.0,-0.2259076203993674,0.6288494581960293
29,3.2290591921851215,0.25943712888247705,0.6785738927505462,1.1631467524502375,2.308298188150884,1.0,13.603151891390766,6.435464077052119
29,1.0354134634665675,0.3363217815350021,1.0530091911786374,0.2914521382029498,-0.2047748727909151,1.0,4.411418844899904,3.098901508158212
29,2.0290629052217106,1.9051629118304974,1.3772164793880104,1.1841173858391547,1.0761028366526346,0.0,7.199275873098871,8.843899754906936
29,1.6101176488346962,1.5587459008800095,1.946389020292089,1.1314913546239076,0.4909504129558011,1.0,16.787910724137024,6.511787483311667
29,1.0310399677237765,0.835346643699463,0.37632577228761044,1.0211470380608276,-0.8381046600082913,1.0,7.257152670709072,4.004174367761993
29,-0.18233762481314375,-1.4446297328373532,-0.05804788932404559,-0.23027795524155625,-0.5962351894284699,1.0,-1.2469061512021438,1.0059618526969978
29,0.21202476089935174,1.7566033329812178,0.8960936865592188,1.3813367793495852,1.8171386747581495,1.0,11.667531252024448,5.028707157212642
29,1.0627063789603204,-0.7975971832455102,-0.024787522206437096,-0.37876635246907964,-1.2157338958980737,0.0,2.591662529295025,0.47499190319566154
29,-1.6663201813116117,0.8262348789198409,0.05284101914595252,-0.6390080066737047,0.15298344076799741,1.0,0.14130606842176685,-0.014802039662883404
29,-0.27514932452208485,-0.11650233314712333,-0.034156179005620735,-0.17766259274700924,0.42002612367139586,0.0,-0.4899896822467549,1.9397501198219338
29,0.16663580105906917,-0.9623588362925639,-0.14100764222158946,0.06907998661967207,0.7725587871552705,0.0,-0.22351421563851187,1.7821654965661065
29,1.7243170276120012,2.122862276983942,0.7377381545388524,0.34785185928026097,1.009118213845198,1.0,15.51153014420482,8.371423141108897
29,-1.372324997071224,0.31964576827048274,1.5195174190091039,-0.20615266672486687,1.1436846821602566,0.0,-0.03345400213639438,1.314783662349734
29,1.5618762827996922,0.40540223468586123,0.376746196300343,-1.1152932856251359,-0.08997980881862788,0.0,3.400109164698401,3.132430564870784
29,-0.11319689758530438,-0.5499467494409667,-1.1475605990786772,0.24954633110272018,1.372163883291623,0.0,1.1931255141795913,1.3784680705034464
29,0.21807762100798894,1.8545086170111293,1.1853637399891235,-0.12280317027639143,2.3659358552482783,0.0,5.371705517418534,4.530928181195807
29,-0.947638781531766,1.8589740906552112,-0.5896904755105026,0.7193382468545997,0.06511970085487578,0.0,-0.9075906976875696,0.6225282951482835
29,-0.31731555522615995,0.12877275709216773,-0.009518890311597361,-0.24704213003872932,0.16091577986601802,0.0,-0.6186907563574269,1.8169990774818467
29,1.6771983053428479,-0.805891274245575,0.9577656094249634,1.7438442771852005,0.4302508825434762,0.0,6.605981891082032,2.2252933674899418
29,3.0413968033701986,0.008067520121840588,-1.0711963033313963,2.089154604711351,0.08077320705268726,0.0,6.917101064959443,3.577708933702453
29,1.2440087003124876,0.5668638015488908,0.727839148356265,0.7948358268303667,0.7061289957925284,0.0,3.7746083630660396,4.471635405296491
29,0.6360503839297891,-0.1925317439002303,1.2694239603231487,-0.28836005088296246,0.2818248217848236,1.0,3.4881560419524815,2.0275747957277632
29,0.6099694771564705,-0.5639627074071774,0.34092236008378296,-0.5012877124879094,-0.5894378207040116,0.0,1.062862658473326,1.246548429914034
29,0.45091047281099167,-0.21862397549076173,-0.27994605397960526,0.3571561328106622,-0.564441036312219,1.0,1.7998341508151146,1.7350182749629743
29,-0.02111889714059134,0.6962369870290824,2.000882008312111,0.06143741766489563,1.6087066922899076,1.0,5.126173439765911,2.7414196642997086
29,2.5803478514960223,2.5573414283982223,1.9366699359664745,2.219522181604024,0.8740743181410197,1.0,26.269005990596597,12.325043100864342
29,-2.520902310703632,-0.41388674021032223,-0.9878269789525986,0.9989520205391929,-1.3050128142459043,0.0,0.1268782363259866,0.4795348937168056
29,1.4698303759886715,0.6186640229591389,0.2717397004863738,0.2528404581127825,0.25210416905153826,1.0,6.466580708157873,4.305225942111985
29,0.9360808004427573,1.4780323441024756,0.6293950944591221,0.5499960591689176,1.4453955100908775,1.0,12.121006443240239,5.711391341265726
29,1.333026791331899,1.0087727633625314,1.4523612059142086,0.621668102753734,0.6488377400754631,1.0,10.177270248727314,4.995212857487994
29,-0.7614840751079646,1.0241199741781228,-1.0120720502603997,-0.36995084063294725,-1.3882510934511028,0.0,-4.523767484430863,-0.5035651912309292
29,0.918240261625076,0.7163585733101376,1.951071973378422,1.9271104568842712,0.20414804166594464,0.0,9.034885887789864,4.145077498653275
29,0.5627404617468348,1.5770946812997184,0.5585627335171712,0.951777092110675,1.007282394000634,1.0,10.875820979182258,5.064241362277484
29,0.026516280737991837,-0.2650074042875906,0.5136992361009544,0.32031438238475995,-0.052063060943785766,1.0,2.0421124346603357,2.135635363672713
29,0.04871675596695324,0.7854510599530968,0.8504964145932912,-0.7904202374016862,1.833073688838789,0.0,2.739065303020956,3.061533586611496
29,-0.3026695541104719,-0.35098422839850074,0.050143394105686356,-0.7788883353364822,-0.3459294129308468,0.0,0.8544954392645259,1.2408112549824988
29,1.4473139333928744,-0.3423365813222654,0.9568470632635895,-0.020180260517353776,0.7137207155039881,1.0,4.504345138534788,2.4583139214039447
29,1.5587587701001793,0.6848224068396446,-0.19239627777566948,-1.0017128817034227,0.3004014391735008,0.0,3.479186458403677,3.7239585187120605
29,0.5443600193949728,0.7562010606644753,-0.858356874811578,1.3372418771921064,-1.200563602762919,0.0,2.2111446944267197,2.3547686809511816
29,-0.9589539204103092,0.19870975522546536,-0.19826144970285586,-1.9025413644221576,-0.7254232078523717,1.0,1.5287080115783782,-0.00337809924025656
29,-0.4029305041912815,0.6171485126847069,0.19467117423339753,0.159305666392337,-0.6687434737263231,1.0,1.5689153266970297,1.6821690582587314
29,0.3032493372700663,2.097292933698209,0.0854988767499043,1.7526294285345585,0.26153971742005927,1.0,9.072648178614152,4.882455036075812
29,0.9496464908172026,-0.0317975623485075,0.7053806900800683,0.2673803958792946,0.32863068287913977,1.0,3.3069160786351777,2.8407887016821127
29,1.4136267120844717,1.4577063705354636,1.2378296921367022,1.2569438127380987,0.3309782119120185,0.0,8.608501406304718,6.236043223813059
29,1.394129663970482,2.1830006903311956,0.4153532086673143,2.5762385133797996,0.9586737400309279,1.0,22.178515003991077,8.722057780284935
29,0.6572983006085071,1.4261677405040634,0.046828027428730434,-0.6534756482455433,0.2689629335781563,0.0,1.2096649009899685,3.8092120774224245
29,1.3830761559578115,0.7320237100412239,1.5265566695324173,1.7246894572123626,1.4964664508428602,0.0,7.484545081280616,5.4880759888342405
29,1.5426938026455068,1.5126839596145278,0.5636570121078808,1.256885659371469,1.417848469483289,1.0,13.904753218502867,7.325799516978446
29,1.33809459119533,-0.20435322492312258,0.8041704665185971,0.42904830001355976,0.07455713965260857,0.0,1.039417335491197,2.6410236408977417
30,-0.2056763751985322,-0.4938665544402815,-0.8908338773637094,0.028595808739995898,-0.3831816162410461,1.0,1.1760788676141753,0.7578592007745588
30,0.2210617611963519,1.7276583228799829,0.2963954640606139,0.670289193318728,2.7567132138042294,0.0,2.222995815190343,5.174373663072396
30,-0.10481731626921598,-0.30706131479942544,0.33550677299431475,-0.3210365425965961,0.4230637454310303,1.0,1.3035071726575111,1.989256592359355
30,-0.26516194101902335,0.905155289817897,0.22863177854936106,0.5911138105286327,0.39198716930443744,1.0,2.9769582172138858,2.659827727298741
30,0.1630701284782713,1.830829790374315,0.6099882335383117,1.3604516497863783,-0.4466096480847954,1.0,10.240104559192826,3.877073484596188
30,0.5619903749582758,3.02047025648707,0.3541710394508446,0.5047458951652245,-0.4994590695906178,0.0,3.0101502498797963,5.6063687655514105
30,1.797419914291484,0.34583830285679534,0.11341233821584717,-0.2534408579002475,0.6854839761093886,0.0,2.085707147693249,3.959549200625985
30,1.339117292088978,-0.19171113586902966,0.2796793625777607,0.9031711643391747,-0.15848354340595816,1.0,6.009183566943922,2.7903068716069903
30,0.9317082055148225,0.2640271345858498,1.0056167566201624,1.3756263096801178,0.8059361340202238,1.0,8.015284974583539,3.973020988283354
30,1.5550088513835523,1.4510476170796767,0.672834726187927,1.9483410733108633,-1.1043292618837512,0.0,8.10457379654296,6.299901585110652
30,1.091898086479714,2.3140036042219574,0.0647572973156656,0.44682755825576753,0.3326568461757876,0.0,3.935697680807178,6.649631782630733
30,2.3054806585708896,1.9160296841712003,1.0979393501483907,0.9360494132004556,1.2983599448801577,1.0,15.563106540474099,9.649730526982857
30,0.3837131684729569,-0.2420452213745261,0.6726375840704826,-0.13519191539806086,0.36866609471716705,1.0,3.1090702304594915,2.213194955006016
30,-0.8784170276584558,-0.3683244481126231,0.8013917058386457,1.0212990826704922,-1.661405565364054,1.0,0.6076723394474903,1.4765220269149875
30,-0.33763171177206486,0.8326624972491475,1.5017578172267396,1.0844533894844481,-0.8322082724022468,0.0,1.948799378937228,1.91236727503186
30,-0.9915784809219834,-0.4170958279101491,-0.9415531410219895,0.5111514582464656,0.8269313691086504,1.0,-0.11741297048662658,1.4960439987534553
30,1.2677960635851697,1.7860863246839096,0.5794151047187264,1.0945327038532149,0.7266933223892399,1.0,12.085506081190438,6.828438014706286
30,0.10928586518233258,0.48416615093238147,-0.19820203014579874,0.30457524583393697,0.8158923564053258,0.0,1.7923043370858656,2.791193505789217
30,1.4809673123547125,1.0031805330612928,0.7801120412233236,1.4673514315636877,1.7693805394328994,0.0,6.737745417316658,6.447008243936153
30,0.7841612489652529,-0.41200294408001137,0.3920762935246852,1.0621021319869448,1.7578360075333914,1.0,5.911572974974199,3.3931273097996337
30,0.3978583237757115,3.3113832294989747,1.9855678375669807,1.8720604945374864,1.8447077003732086,1.0,21.093949240328822,6.620269348302457
30,0.6558930228678557,0.5888790532762129,0.2897796957201988,0.04268729411320693,-0.6144531767895576,0.0,2.5589562461296524,2.8259414557083593
30,-0.7845350790293688,-0.7028616269371948,-0.5789249408243382,0.6634978372200637,-0.2834064549905757,0.0,1.9298541678008685,1.5453557943468659
30,0.004441903031016159,1.446049400061359,-0.398305919973727,-1.8959736636214912,-1.1821480645746596,0.0,3.4931984607331605,0.9151744165178426
30,1.0861601189374754,1.5240790309927128,-0.33758612205536254,-0.6849182971912406,0.7548924626282401,0.0,0.13915048135764652,4.770264373488914
30,1.0640549693231818,0.6393576803441783,1.5466168971316576,0.16578170092568956,-1.1436969944279345,0.0,2.436563546110667,2.8405459172626166
30,-0.7452110049773668,0.0523339928666256,0.43369628528913295,-1.7790136714652371,-1.1703756492872066,1.0,0.8548017083581707,0.2641337791869137
30,-0.30474304336090763,1.4598596543061164,-0.8150548158852622,0.6187174689364535,0.41442715157858623,0.0,0.996823386784954,1.9275496353578447
30,-0.06427771389428705,0.41600086066479336,-0.5648960733401129,0.8707338775050644,-0.6972545315135381,1.0,2.4442320505766464,1.7980578652489374
30,-0.014383362503244568,-0.33661149563302295,-1.2396212735549499,0.3198995662697893,-0.08227049956307131,1.0,-1.7073275574845264,0.6535025272209403
30,-0.18160426123291773,0.14874909803852948,1.7252287113781437,1.7109769414445546,0.3636080494902561,1.0,7.202886192607123,2.7026465356261222
30,-0.8743381882552419,0.6253785468888002,0.26554313804979124,0.0172228595888137,0.14544863072788466,1.0,0.32759146395610916,1.5077852534881446
30,-0.05626093590793613,0.9628049662319179,-1.6448738026716225,-1.2354546303536937,-1.1824454451629716,1.0,-3.4045778177705843,-0.7062929772077388
30,0.7964915866288256,-1.1043232168839445,0.3453878286561282,-1.0657564372242765,-0.5069882141912483,1.0,2.4187256123309906,0.29376584179867715
30,1.4054773801734637,2.824869189695355,-0.3391171981037291,1.7258591797594167,2.805080283417842,0.0,7.0639272478256805,10.124422866701565
30,0.5786671471053692,-0.5121813725443645,-1.340317753375653,-0.6072465112443761,0.2206849319085381,1.0,-0.4090576155706285,0.10186415554012634
30,1.3337349194278691,-0.07509544220431907,0.6654182532192747,1.7336914212352534,0.6349768585277593,0.0,5.833912268627761,3.8328642208824077
30,-0.5026231352048209,0.5637882140752224,0.7786386583271201,1.1152594629250387,1.5135065294343077,0.0,2.1024343779918375,3.16278214757545
30,1.5638861476609056,-1.650685972083917,1.02357166886963,0.33533663598932284,0.2599680417304683,1.0,0.966490880621336,-0.29512749300881747
30,0.174213180123914,0.2230081157327798,-0.30334604638821994,-0.9460696422958288,1.3432950806114743,1.0,2.7076172230169044,2.238743615596617
30,0.6444554530109523,1.628173031910193,1.6684016464607494,0.41704948757214566,0.9702325634961982,0.0,6.100923257192782,4.61599066431482
30,2.847844617910723,1.3740559626824607,1.178678928938744,0.9043049609270825,1.1056262276566042,1.0,15.891888915954501,9.000499188948407
30,1.8882489863384087,2.0440290015280373,2.0087249859874374,1.2494609319756416,1.4867713544281507,1.0,19.157961761489737,8.774188816681267
30,0.2804487028769431,-0.20968352807834756,0.28200620451112335,-0.2271949929954864,0.01896313611475192,1.0,1.1853942372757407,1.9739633664296352
30,1.861327337757691,1.5677964498846304,1.2487728462721415,0.5949170482165979,0.4936421422644483,0.0,7.225499435367439,7.117896979100848
30,-0.6233372292119854,0.2765276917747157,-1.3265973150178825,-0.46165385636768275,-1.1701147486243135,0.0,-1.6805216087970696,-0.5831785554250272
30,0.8728587820114921,0.33314472479497603,2.0113809018455315,0.3264921356761484,1.9454137317871119,1.0,7.015519457693688,3.6089651492682275
30,2.299352380097517,-0.2167523213928051,0.003153562289127998,1.7460105833272002,0.9994756656329036,1.0,8.74783318476808,3.9172249964173287
30,0.44614362774285704,1.462594980250337,-0.8105659666943765,1.4076468881326414,1.356880817894953,0.0,3.3745155846422175,4.272966004196878
30,0.7498145823250792,0.8915150909570595,0.25839049749273835,1.0212106772006946,1.042072795135205,0.0,1.5033958547815236,4.616775335151029
31,2.277866968164366,0.1416076521576124,0.6053554447601963,0.7836571831651185,1.8440785126962214,1.0,9.046342971013283,4.9711461559398655
31,-1.0865487533779048,0.09540632920015674,-0.3546254256069965,0.4533423381218459,-0.8001826826349243,0.0,-1.5037988109922595,0.9878088962819709
31,-0.19430818445104736,1.2325547782630575,2.8553210192648173,1.4966306337987727,2.1171176002565892,0.0,7.07872124331874,3.554859094989552
31,-0.5591820480373013,1.22591466287188,2.004667740847892,0.4250039766539739,1.890970830088408,0.0,6.665215221718098,2.387791456886853
31,-0.2048958427902663,2.0455150751710254,1.5085621177939303,0.8471953379249653,-1.6189787836319298,0.0,3.997921625343012,1.931775460560837
31,1.7971292414661433,1.9831920012641575,0.8280257446660018,1.7638879821172293,1.024744783948,1.0,17.380900427644,8.938873522488908
31,0.4365909939348729,-0.11160171210285341,-1.863447523510449,-0.05355669300046162,0.047325796166391376,0.0,-3.044619772382304,-0.10956058185603507
31,-1.0436891415067826,-0.40616904977133117,0.7731881715674196,0.645196949970041,1.019802461089681,0.0,1.1494132675760445,2.633766548756739
31,-0.3964859898170806,-0.2100137644583724,0.15016830025483408,1.017157999203206,0.7073325404529088,0.0,2.598321889481433,2.706092971551162
31,-1.10403114714439,0.9408556799739058,-0.3330655911012891,0.3202937526214841,-1.6137230337124167,1.0,-1.3436747584483681,0.011475370941819274
31,-0.945817522927388,0.08543007789814944,0.06441096682851222,-1.4078829280740432,-1.409112448536929,0.0,2.0913262240035904,0.1106391386897343
31,-1.3381600452619429,-0.43425775411806244,1.2489292037228692,0.8887700365745861,-0.3439268543509395,1.0,0.6403423052965042,1.9081220198127409
31,2.0675612462568074,1.1645020532404773,0.6881286954266298,1.6276552201172194,1.7817854345180424,1.0,16.91043145821715,7.844931460121353
31,0.5014558480503652,0.1568591761652694,-0.7771529788403082,0.7185302767141195,0.3904644161731622,0.0,-0.10024383782086499,2.2866492258713986
31,0.3666243430694257,-0.009108754461958135,0.5811894545254312,1.271138224779905,2.427993687509815,0.0,4.557224472472019,4.151389195393271
31,-1.206330157880424,-0.9705478008273247,-0.1197733175556358,-0.19377464260214794,0.16370442151412207,1.0,-1.848312689381483,2.000276080128521
31,1.216499522120527,3.1362778358814545,1.6330456816211438,1.0366209453352022,0.3093394044239052,1.0,18.3728723362095,8.41896302318678
31,-0.5234810018477258,1.2289628925825558,-0.6037547780802832,0.7376559641435257,1.9247227655887822,1.0,3.705609894366766,2.5619238897278502
31,2.4299850295537775,1.8619089705919363,0.06340794147457629,1.8293131730195449,0.4408469111068943,1.0,20.476913724696917,9.835132327732342
31,-1.0421046960769647,-0.08286087278604992,-0.43631974627970105,-0.4120060063475237,-0.3814968430284216,0.0,-3.578867313744082,0.8152687202820241
31,0.5458927299745306,-0.4712348548560026,-0.204743229101651,0.35899302407852063,-0.08512823594478192,0.0,1.2942958558127602,1.793759258064888
31,0.3744002056517355,-0.023476655273718006,1.2277322885467357,-0.3794516587934994,-0.11337209738308562,0.0,-0.06449958726779492,1.8705005353440292
31,1.5986902901953686,2.3796849193239353,-0.2546517470432951,0.043131392815136116,0.6110493123101783,1.0,10.927645625437888,7.961082340265197
31,1.2344555332748608,1.0210643210415153,0.9639677177608015,2.012000183372872,2.03055063920889,1.0,15.006466049112873,6.461742857539521
31,-0.6633441325902449,-0.7799989162107601,-1.9681209523438477,0.15950054297418303,-1.275969048584736,1.0,-2.5474291042354738,-1.1335113174245268
31,-0.06969286784812079,0.12939158845678034,1.0226109169663324,1.6397322737206752,-0.32792894176583465,1.0,7.457782462825365,2.709178200515248
31,0.926163111724884,0.7091518683247823,0.03620388034855032,0.5561429816617203,1.8683791053966936,1.0,5.4414140769589,4.7041554858851296
31,-1.0992936892744323,0.74365557876246,-0.4328007855584064,0.06457944572930702,0.3677672422193616,1.0,0.5703746181033874,0.9122526315470255
31,0.8653520609818687,0.8536547829597028,0.13123514694789806,-0.2883092853641399,0.5641396345743414,0.0,1.0368134991239613,3.7931491160335855
31,-0.3113865881424537,-0.6977020569077419,0.0655704266142737,0.16201828153310593,0.1248898746636205,1.0,2.0834149948370886,1.8868010616179571
31,-0.1850355546634871,-1.1241408745450696,-0.34778374215007213,-0.48207546366446774,0.40126020804387286,0.0,-0.02066856439512088,1.2792486719305232
31,-0.2070293286676701,-0.5076422802980671,-1.2275434085650037,0.5781734147164355,-0.356382343134639,1.0,0.4066581465099277,0.5814368936977734
31,1.1244713350705307,1.3657195752921112,-1.2477622273988325,0.5615180129902818,1.1069173460864834,0.0,2.8922722657304094,4.308589718076048
31,-0.004683979134023186,2.846982357380106,-0.9242924877197103,1.4769052172940267,0.2967259838626299,0.0,0.9268302070916117,3.434882815585588
31,-0.6332098576601144,0.4920821353422727,-0.380649049281106,0.46876794072916944,-0.6849728287449686,1.0,0.3340542377753763,1.2478416056379213
31,-0.842368145619393,0.4256177363452907,0.13246416676875955,-0.6553651120302133,-0.15340792491694044,0.0,-1.2665014700539485,1.0861829804187522
31,-1.092749285117267,2.050711403772925,1.7179995545148832,0.8276546231957416,0.08641181167135675,0.0,4.645751253173385,0.40742844947480616
31,0.7464473898994881,-1.234688348043495,-0.5566059681559319,-0.30756763751905836,1.920734408489595,0.0,2.165846563398883,1.2115831180692063
31,0.5846895830151122,3.5622471346719085,0.7403063273925223,1.0094777764019685,0.21480287825119676,1.0,14.284988465883794,6.876832612861849
31,0.6174530892445766,0.20893340894834933,-0.6147283567525221,0.499333915618265,0.5198167110131724,1.0,3.903597950900298,2.5613411064881504
31,-0.2675298785052693,-0.6792646840618666,0.8752071130559124,0.5010502018393809,-0.8031000408002589,0.0,-1.414555880992518,1.635742830300066
31,0.18085305608052749,0.44397382430473026,0.45271729235053815,0.019819303540545674,1.7074677585295566,0.0,1.0843959483145513,3.381971491333246
31,0.8024763642950841,2.143128741568916,2.027921042549811,1.296447255486671,1.2295930047760797,1.0,15.012184457864238,6.0282234953180565
31,0.31436465133787983,0.2811222711433403,1.0827876776077332,1.4952496649208955,1.261740656494123,0.0,4.945330167522347,3.7748752874524856
31,-0.11252339455919314,-0.18536177992374148,-0.176896265273216,-0.6056853271826759,-0.1232200263205917,0.0,1.2288265260709441,1.4034087535063988
31,-0.5594584161497838,0.4686306206299161,1.0072725961553557,0.10614207510022611,0.8454569721402081,1.0,3.864729223231245,2.206010971917326
31,2.422243091467123,0.329613893114872,1.618758976777393,2.2481050758358125,1.0571924523293688,1.0,15.394891913531337,5.588417457120119
31,-0.10317247305180088,0.5580301151833023,-0.9443475356289384,0.904351619444415,0.11712122754324916,1.0,1.330080632687926,1.794689704398902
31,1.1029397223675348,0.6114809773260903,0.5145412011230086,-0.07651310045296433,0.34011106457909773,0.0,1.9863626001320325,3.79122519696546
31,1.0845585120859504,-0.5514898244874531,0.7562020325104829,1.2012099965017158,0.5369294887855188,0.0,4.391028205597427,2.6430293972105012
32,1.8453854652759853,-0.09063016479323571,1.7508495299676183,-0.3679475082017223,2.0405171088388014,1.0,6.93006565137165,3.2427577099403795
32,0.11294227494035686,1.0460778531347774,-0.47684652239708225,0.3243354822947141,-0.16496041548688545,0.0,0.2730165553697217,2.427367469072218
32,-0.07975757607656653,0.8036774002674905,1.606496766067765,3.7211808688948635,1.1701417808304604,0.0,18.423470572237715,4.511077402338462
32,0.5852258177871308,0.14791265645628027,-0.4541025529448205,-0.02893191494852443,0.5388797911778096,0.0,2.3164742766775204,2.3797092646499087
32,0.8080223933797898,-1.6443530297785807,0.11109228399383969,0.5189824858852521,0.8390879199448313,1.0,2.268948448651888,0.9815775519925737
32,0.2718964717590058,0.6447053379692179,0.7269191240764259,1.0317777545737865,1.2618551187589913,1.0,8.308915459271326,3.8910954154649637
32,-0.9221007188213963,0.752261592710076,0.21152387531817107,1.1086050524878954,0.8450970903607744,0.0,1.1294953850392442,2.28174460300945
32,1.001182384542922,2.2309810359163853,-0.161027019155638,0.07815931040116675,0.061827834595599984,1.0,6.618400134169935,5.82624382646538
32,0.5978533316771709,0.9881065954693984,0.2906876542780861,-0.006151539956657959,0.5406973281981317,0.0,1.244338955525801,3.7543865176822857
32,-1.0346451281384361,1.405059162422674,1.3824866642132845,1.755505330075793,0.07521034295613771,1.0,7.4040594622249,1.5252692760735802
32,0.31363333906139446,-0.015029942413502084,0.6350166430500118,0.7473133462301812,0.9821481901656508,0.0,1.572885130718726,3.131888721100748
32,1.124955480626246,0.7616955422976115,-0.2946873193317038,0.20929731176024147,2.517610404654767,0.0,1.43901102651988,4.97320228915714
32,0.09427302270233595,1.2594212132756892,1.464865905541857,0.17281812114684408,0.5978944724780211,0.0,3.5750671536349574,3.0190982325501414
32,0.1496332331921864,-0.38338207622768405,-0.3299645453579855,0.09143504107129286,-0.8752638599695617,0.0,-1.7110585752091887,1.2149160285035934
32,0.9264261246534199,-0.0655095460593087,-1.7947342332200371,0.3871646144695194,1.3106196191883934,1.0,3.8515079018694296,1.0992226207007452
32,0.22835378129202832,-0.9258429201763188,-0.5605080943578362,0.5461097661111015,-0.7879954953169068,1.0,2.0410199510866183,0.8856238960225876
32,-0.08203035568529182,-1.1330788802352878,0.013153077509859668,1.569316952721154,-0.7383166626379891,1.0,2.9358536267699584,1.9073824289245092
32,1.2010458076544135,0.020024779887764188,-1.6542378643028548,1.3430164713725272,0.6195743264271243,1.0,5.679078777310094,1.7054176940570047
32,-0.5442987556857,0.4225899911470549,-1.3048878475507613,-0.9841046146900767,1.14547349472624,0.0,-0.93560059821193,0.40015685408007234
32,-0.3837937447310623,-0.5707884427848031,-0.16601867664628733,-0.1982408227930872,0.1957422429983634,1.0,-0.14914585639262734,1.6437658354846008
32,-0.7318059294963399,-0.5039319995829563,-1.0000937160311567,0.5590771181688297,-0.9851348709679204,1.0,-0.6078898962246542,0.5780591705775528
32,0.15847519027278673,-1.1360396646443727,-0.7093929352654356,0.2937364599372655,0.2419242865350228,0.0,-0.4205482988720768,1.0030750079284387
32,1.232331140253204,-0.14251432931712138,-0.36607756313507434,-0.006484584749663624,2.1543548917638793,1.0,5.245680610164479,3.193918514970855
32,-1.5412676442181912,0.17880418980248297,-1.0692056754459172,-0.6295046770011132,-0.05531658854898858,0.0,-0.986354071948836,-0.35300945071196066
32,1.3255672690329123,1.4635730488195962,0.20787071070144653,1.0383938014976168,2.7208990317989654,0.0,4.078236741514426,7.2966890289687925
32,1.7544147506787189,1.5001923832984636,-0.07545799722097113,0.37167553959277316,0.575604913585892,0.0,5.835433349735766,6.692328837011947
32,-0.25883018377996325,1.5643320854902043,1.4965176313983934,1.3393138732250591,1.3716506254562217,1.0,10.423154782351695,3.4258060656724627
32,-0.4495020444879989,-1.3001727094734425,0.6139622611268568,1.2071002845603327,0.7028795628647427,1.0,4.884629580659526,2.7889357076787586
32,-0.12853809264976623,0.8986497741077613,-0.0635151877179706,-0.669920635062307,-0.1861913721916174,1.0,2.2665920880624375,1.8077151038008559
32,0.7867076691129593,0.4993108873931415,-0.2332457451597063,1.254076352121091,-0.09597900916295687,1.0,7.008760905502173,3.471168092181232
32,0.7047261661922658,0.16837994517851274,0.07319149249982321,0.6716477288708413,-0.3910630214416657,0.0,1.9091382533061132,2.7294256071031535
32,-0.18082385237373988,0.43437239855620724,-0.26074608508440555,-0.03353650718098433,1.4974101549198635,0.0,-0.3444868507356577,2.6159910691666926
32,1.0037260146800158,1.4853705507292034,1.2204165063492414,1.3699969364747213,2.1894046694167812,0.0,7.751948310568748,6.468616977706937
32,0.9307573448156549,1.1835944781005883,-1.505942192925168,0.2544212437551604,0.564146574567633,0.0,-1.3157768275308108,2.8799366579800463
32,-0.12509180907647166,0.35425579801124774,0.023950328121336906,-0.14703104451078897,0.3975332118615488,1.0,1.339236849912399,2.207206948155469
32,0.8913838512698171,1.0884576607543703,-1.3906141299805315,0.4731606130345608,0.20886263551718687,1.0,2.8989151931968116,2.7850677205250562
32,1.252788528662565,-0.6587725539080196,-0.36340905081965913,0.7148991991196455,-0.4988238261860335,0.0,2.153972789806409,1.3327289168240317
32,0.42327426488066233,-1.0788472046570707,-0.1800898784173458,-0.7464463508980228,1.0171304773782983,0.0,-0.46825273714867655,1.2446899945930985
32,2.3261969567947256,0.1837865788391167,1.1949464989953342,0.502856159210637,-0.23973271727476075,0.0,2.0494310641373663,3.7786136866511266
32,-0.224483040870618,0.1598944666734029,0.18145806467211778,0.23404122858460635,1.8081814608836477,0.0,2.0064205161376414,3.0272341042563466
32,0.8674718693189399,0.870799438629952,3.7768794661453584,0.024237063959242244,1.6895531936601929,1.0,15.128619978790178,4.56496300008323
32,0.7208660752125985,1.732141209698222,1.6929171657283115,-0.21517848436413012,1.175238758071035,0.0,6.548313679046632,4.679816674033509
32,1.3556041493548727,1.390252052591317,0.6897069147229469,0.48365213942696444,1.6940943897088896,1.0,11.356338206043743,6.462718815590632
32,0.3178776157987263,1.3315886698532875,0.49186554812818445,-1.1543522077689234,1.8411548423213642,0.0,4.502431325793305,3.7188028142607497
32,1.6913705176512974,0.6658974065658145,0.33005160522106447,1.2702724007644988,0.3841206813559045,1.0,10.720028225982519,5.243161166981746
32,1.7582564208400817,1.7364390573227912,0.7776143794302992,0.4737865100015096,2.49613096892979,1.0,14.978306952541136,8.386808061497646
32,-0.6072721393387523,-1.932602748634607,-2.559310020802449,0.13604573609053444,-1.47861095153436,0.0,2.3399413164679594,-1.882468790892906
32,-0.060226482747509524,-0.11429038590682306,0.049665177507921154,1.3732212077372619,-1.8193931823583274,0.0,-0.8540665255713005,1.7201384136329474
32,1.3833060359990137,2.118334515891978,1.833532532882754,1.3705966117717971,-1.1784618120696733,0.0,10.269627408241043,6.4342350359600715
32,-2.308834313680799,1.2788870196555766,0.9063466791422299,0.3579957853094054,-0.6521613140048357,1.0,-0.9856097271702069,-1.5449953482906902
33,0.06921315305784409,0.29868814086434514,-0.8669003292844197,-0.18818039465715308,0.11123020381608428,1.0,1.8043009395804472,1.3798911486470304
33,-0.40415733562494716,0.6417533516123758,0.02049654789213906,-0.19229347389777574,-0.004891641322967821,0.0,-0.6069501450347318,1.7708743527293211
33,-0.1758013537997397,1.133919461987995,0.8775244839145884,0.2742563250237742,-0.0004435762682799549,0.0,1.2480852463059093,2.4944402603666
33,0.4639459061600292,0.5440444632316913,1.0821109815011014,1.1797045158075044,1.5044392787990812,1.0,8.783236228892962,4.108995293000053
33,-0.5057754517746444,-0.17513057700147594,-0.4179603276924272,-0.5922101698480133,0.43549835137054455,1.0,0.7611131858595689,1.3747063973248603
33,-0.46842740138625094,-0.28445654752873806,-0.29067899851361145,0.10586850643119428,-1.2688927569311337,1.0,-1.1417269545909086,0.988003135899846
33,-1.2496865620791138,-0.03348295082702757,2.3124295837548416,1.2758727121723799,-0.23158392372217407,1.0,2.1215975629539283,1.4031245026924184
33,2.058629488272471,1.1892230619852282,2.0310468528237475,2.769274311185074,1.3602619573067758,1.0,24.905307274213254,7.708214921817923
33,-0.5336104934490806,1.6485296565716012,0.4682547298919812,0.28673054673946563,0.3097845831526413,0.0,0.9007464551300999,2.10252912679118
33,1.7090924891191903,1.833520786980836,2.2780918513815442,3.7468199350313256,1.596232958572162,0.0,25.1277429489586,9.065755197557369
33,-0.37456763260364967,0.9326912380829301,1.0009121610760405,-1.600707384508313,-1.0388450609308313,0.0,3.045473290908341,0.6499202356788549
33,-0.4043745266258837,2.773881626301783,-0.15203474987179455,1.4010670478513414,0.4309855618867489,0.0,1.4230297529028249,2.891540372286263
33,0.2921745078115359,2.301226498192733,-0.7694723849931193,1.4244235319557452,0.7746822549956236,1.0,7.265039855870767,4.402154784521085
33,1.4439879150417787,0.4378753550449153,0.32016225489072697,0.16146041690882473,1.0423644585379677,0.0,3.189252048618867,4.284396286816245
33,-0.0925736807154034,-0.2380547057226412,-0.3590298321761566,-0.014399028627541277,0.3192510266887079,0.0,0.7905599466874883,1.765872638349471
33,-0.43468832903666577,-1.2276205046340265,0.9266534401995361,-0.5913212157451755,-0.32636373591616985,1.0,1.1084661651415568,1.307475431927059
33,-0.29915055408835456,-0.3175964041754744,-1.0953462547495034,-0.05040926479599939,0.44482832690190643,0.0,0.4158206203242383,0.8939107114711213
33,1.5080477546234972,1.29493771690681,0.1364922663463462,1.2717535654457763,0.17850195199234303,1.0,9.418075723960804,6.138393927404914
33,-0.23965880544662232,0.054843430276377614,1.4091651241468681,1.785181037682074,1.07233973636519,0.0,4.808127939109156,3.188719912225602
33,0.7024629567145113,-0.48256344303163834,-1.7737767624367424,-0.48102218574231226,-0.9582013760597734,1.0,-0.18957771017721115,-1.03712281771394
33,-0.37216597395856665,-0.1312575970413068,2.082182649357274,-1.1704417239172298,-1.4217414531331491,0.0,-0.6307721839456438,0.052750879309822585
33,-0.7457657648749374,0.505426949829512,-0.36815828243588455,1.0650027685121501,0.4549706221333194,1.0,3.4070679916556226,2.011799788284997
33,-0.2834664933910953,2.148244756755239,-0.21553027812673486,-0.8137523631044499,-0.851139596327277,1.0,1.305619929833394,1.3600857281367857
33,-0.3041315374647029,0.9515155127286344,1.8696501207543352,1.0930103119012475,0.7654264151899492,1.0,8.158750605282487,2.6039245354260245
33,0.5535582300453908,0.16109717657881029,1.3094494892342274,-0.30413823091411085,-0.8877630004438535,1.0,3.709897443916116,1.7636603888336162
33,-0.7284513100072267,0.9084141433819662,-0.188375682487393,-0.26976746446323374,1.9242596200389916,1.0,3.384684488629122,2.143613886785436
33,-0.013028202803942457,-0.006512805249759501,-1.579679441318024,-1.565499313170386,0.1183933286687443,1.0,-0.2214403301743031,-0.5319613644853036
33,0.20591094587769027,1.2030237029475712,0.8665845797535188,0.803428600775812,-0.2795426087949925,0.0,2.532649027770862,3.2948516445802527
33,-0.42548679650341836,-0.3491279066837608,-0.79727682955325,0.31246117465538503,-1.7159821062077643,0.0,-0.9179106472416612,0.3595006890102256
33,0.8260429255599517,0.8691560253291676,1.944704781074125,1.1721683622167816,-0.011426827041021714,0.0,5.204030599044877,3.7530262000272896
33,2.2483368441051526,2.465911643337506,1.990888583752658,3.266768911014088,2.8507660535254833,0.0,23.11277804640853,12.54769132975909
33,0.7355418835072167,-0.4951427005806188,-0.8854509415339973,-1.3564381450153573,-1.6856529632513153,0.0,0.7702482904141326,-0.5748291813273513
33,0.42509146973477263,1.169295970738075,0.7595201661390327,1.3188467945839233,-0.1411379170858924,1.0,9.898720219460783,3.988032479932769
33,2.071163149720971,-0.3392026457046332,0.24790079891325917,2.4581872002996104,0.2964844257086293,1.0,11.796056836538742,3.634152081561114
33,0.9184663966713398,1.6922469179436475,-0.14417383989171506,0.2318379320263363,1.133378870711381,1.0,9.542185583938007,5.459775009783647
33,0.972445661704081,2.3692887029955774,1.7329575287737777,0.4072507930653094,0.3484346809859722,0.0,8.746505858711284,6.0577417738742625
33,-0.19048100819957248,-1.5155848240434837,-0.1681252889225675,-1.4702808406253698,1.116391474196281,1.0,1.0267040222500696,1.1605500843072611
33,-0.8025102029169784,0.1547288812834383,1.4757186576409658,-0.5973990610013529,0.23935366034053596,1.0,1.2180533489559966,1.205708949041168
33,0.5477834927387706,1.5170025086697132,0.9194327375458331,1.3384312238896388,-0.35906091683918184,1.0,11.690375543575051,4.419054829769309
33,0.9503190778626205,0.05323355561092469,0.06088358506215563,-1.013217261948321,0.06594540288196532,0.0,1.1629898756093322,2.107318210197085
33,-1.4887890356376734,0.10265996247730524,0.2584958351811049,-0.3564481549615247,-1.0737222425490467,1.0,-1.4017737364774505,0.535034731996212
33,1.1879564547516586,-0.1643674187437325,2.245706869389328,0.7801935666874049,0.9100937279531833,0.0,3.9174295517345636,2.6597027897624104
33,1.1502641305051147,1.7600236826133968,1.5248861870086456,1.4414356915551696,0.24067984091769218,1.0,14.223452507518225,6.129030890955382
33,1.7943876860031813,1.5291165610982425,1.3787399400744929,0.7098843281094716,-0.3095864606155424,0.0,4.664554626718168,6.48597682973873
33,-0.08900548076915016,1.397648300855725,0.2073435783468961,-0.4352600282010606,0.7454918786052305,0.0,0.6412909228771748,2.7672919861468923
33,2.1164933609259977,1.0715625414287144,0.9011905370833981,0.4491254148198377,1.4050339937348553,1.0,12.389025409543658,6.8603348769756325
33,-0.5064135236365805,2.5154397039491094,1.1447337026831708,-0.006216830659911188,1.47562046024996,1.0,4.943106558074037,2.451017712816129
33,0.5971163649010064,0.42038466615485376,0.4633680640820502,0.5807139269202888,-0.10885670752252652,1.0,5.641465167177923,3.121933893321186
33,1.5945470809364544,1.0358774960718171,1.0625552124782862,1.0542265829772484,-0.2988017723039066,0.0,4.662792276504844,5.362599172372061
33,2.396451547055265,0.7001622365637659,3.003058270527492,1.692408718871595,1.4654588486437135,0.0,10.901721930010275,6.316255236450178
34,0.5718704531376031,-0.9288814016907652,1.8978631125253036,0.6302536935548094,1.5028516490054549,0.0,0.7968056755330256,1.9845122316888166
34,-0.999741702073571,1.8020932539085488,0.644808132641058,2.203837834953176,-0.7672874622445849,0.0,7.588259206744397,1.4394423542246586
34,1.0808385343932985,-0.31421923862238865,2.4143132015078788,0.5360219360611257,2.076802402643367,0.0,4.623051177510805,2.8102722633949395
34,-0.23765023820714637,0.4141970846841822,0.6157095876216109,-1.4156886833030753,0.4378372662880521,0.0,-0.2778699890848768,1.625132311382827
34,0.9553521229963173,1.4472532849360737,1.1242442849128509,0.7377053005971603,-0.19901509796304062,0.0,6.754765872467431,4.847264696860434
34,0.1225048042781216,-0.07935221035549411,-0.5473944474024468,0.14488779392868223,0.7146520691241409,1.0,3.333082659252608,2.0218114935213882
34,0.9384369564713804,0.20225077146916992,1.088361313107914,0.9580276487361878,0.3610561517707438,0.0,5.052336833501524,3.4278036683725284
34,-0.4402013028342352,1.129266098259758,0.4646240352788651,0.3239293649262165,0.3456221976025472,0.0,1.1558968605140465,2.3085058825017395
34,-0.916961607340242,1.3159338888667609,1.3291845061077343,-0.49024006159344347,0.26594275119658506,1.0,3.4757292262088844,0.7845368243496634
34,1.288421266873007,1.5559420643257589,-0.5059639834660847,1.0919778094516737,1.571344793717483,1.0,9.154112606998133,6.380277506641619
34,0.9861717975396462,-0.9190929054844761,0.5490555338348843,0.45540079408527845,0.5037534537278384,1.0,3.9868448971472175,1.7342786362999278
34,-0.9260801412843209,0.48679551196461274,-0.8000547113397876,0.25168132953736755,0.5755033594155352,1.0,-1.203999885511792,1.0397784784415518
34,0.7335353864963206,-0.47225591888766116,0.21115831648075056,1.4101943481447052,-0.9820767430820596,1.0,6.230466821770356,2.0816500627196355
34,0.307325678693663,0.9715645823145618,-0.06364004841287252,-0.8320961593844818,0.6486138560489374,1.0,4.644213676518635,2.812446354767514
34,0.8590049474662417,-0.24185135035030003,0.1781318831758939,0.3171845475396975,0.649876123000835,0.0,-0.1667358229193907,2.6575979929275
34,-0.1598387745458174,0.28958355094832255,0.2710840992252249,0.5883044880734418,-0.5907943263745083,1.0,3.4482390754026575,2.1163640054838
34,0.6171546016225324,1.0306329831299061,0.505274935969594,0.6995663616935504,0.9523942882464695,1.0,8.063866001165854,4.4136128987366545
34,1.885413845917504,1.58473432624115,-0.017298534537998345,0.7546574449061179,1.0128283701018863,0.0,4.956060500797357,7.597898151192529
34,1.3146992774772746,0.8529578437798975,1.2886208481853805,0.9426887264109256,-0.15431550132202554,0.0,3.736755939511461,4.522154406710371
34,0.9141941552875585,3.563329939573241,0.35620753711045605,-0.2419718584490862,1.1340993692175196,1.0,13.594727132978333,8.057731052532368
34,0.5880597840000892,1.078296663939798,0.21232684249163286,-0.7420651701487067,0.289592972571857,0.0,1.2103867631521896,3.3247516638965404
34,0.3314085480596646,0.6918110737561022,1.1298632594986433,-0.525374078507906,0.6600489809610954,1.0,4.031658576791441,2.7999344690860526
34,-0.2921899524580427,-0.4857925803511426,0.2885784964603587,0.6924942359404749,-0.6561921805557611,1.0,0.24879145770058342,1.8740421098029
34,0.9516822338760149,1.8840535035051598,0.3182836458061449,0.022012727566607326,1.3386867081769718,0.0,3.4054232326286864,6.000153583713547
34,1.7379530848333007,0.12793617707731486,-0.3685965660932319,0.8022120832696789,-1.0994799692506558,0.0,1.4734838381314093,2.7551934091610883
34,1.1218056284123068,1.3996473549748716,1.657132324497004,1.6271969817820047,0.3055417132548125,1.0,13.832578999224243,5.539565501108249
34,0.8610887762868246,1.5502137777061227,0.628147886979201,1.0419758276867959,1.1644269458964844,1.0,11.215810961053215,5.766915576574155
34,2.256842305543673,-0.2520488225718409,0.0839085304662443,0.4360188655053547,1.4862362970408214,1.0,4.824735166868938,3.43312588636537
34,-0.07235444387132983,0.8818807026821456,0.42794918044549596,0.39814166564236503,-0.7560087965139466,1.0,4.954015286437223,2.285814930766808
34,1.5894434999909792,0.5273584899956993,-1.099223805603833,-0.4498629003534813,-0.8769026413082561,1.0,4.042781760593349,2.1379005803233193
34,-0.8564661339798723,-0.6648482244815463,0.37408860198049887,0.5343300252961273,1.5131102585560676,0.0,0.018881510221732734,2.9503683076530836
34,0.6209149978131865,0.5124330277360744,2.223417820393132,1.5081840171375707,1.0534034798134122,1.0,11.936988826436792,3.6700827713040476
34,-0.49520459808352524,-0.145128910274553,-0.5861583255490552,-1.714398829973811,-0.27412660473636297,0.0,0.10754901053336996,0.2974317694482753
34,1.143233844524632,-0.09250373754071206,0.387845862874088,-0.6974216763150793,0.7529121078382469,0.0,1.538437759056141,2.5670056884627583
34,1.9023731426352213,1.1842824233148204,2.196158970841561,0.9559636361406894,1.4177543037957858,0.0,9.49697038636357,6.495821988365018
34,0.19289689371080115,0.5826583456234316,0.6111376773797638,2.1125039994321337,0.04784812675789396,0.0,6.376301524121881,3.7049112556133768
34,0.02214039477522861,0.4380913574851733,-0.9567244363901368,0.2802717449250705,0.15646575092963688,0.0,-2.1499861252634154,1.5560221400934555
34,0.033523447942211904,0.1696487832477655,0.34854120904410835,-0.21731164244285794,1.85700138740814,0.0,-0.5499604972085981,3.0412607341178624
34,1.4789589172054969,1.061343992492898,1.437950902079948,0.9668106352287522,0.4177593050828644,0.0,6.152085676211243,5.38355106670878
34,1.4347860477565968,-0.8523806752429157,-1.5072602211973711,-0.6242225635885932,-0.029495670366555427,0.0,2.52917175670673,-0.9487770747910041
34,2.2324688156982475,0.017051116974029112,0.7187519090791019,1.0912385042687662,0.3143759751596692,0.0,3.997585885585876,3.9776373629015014
34,0.6229887958721119,1.6855745240906332,0.9816611884756163,2.0810605784458103,1.3204646453787638,1.0,17.520177559155155,5.951611075422429
34,1.2035074303134126,0.03131740316259751,0.7785592359082738,1.4479177589350039,-0.07083553921525387,1.0,9.102990254618849,3.444849931494232
34,-0.34037117621708135,1.032033607333302,-0.6690800059646553,-0.7798003688488238,-0.2302103761274763,0.0,-2.198385213872776,0.9394039847593993
34,2.7869295421789024,2.7860248979819273,1.4065254966757448,2.629814154083628,1.857667155328338,0.0,18.612317270486162,14.661468737390098
34,2.159108985936024,0.26807345680084044,0.9433161791365361,1.2812072632082199,0.24053492851905262,0.0,4.625476741179876,4.612026995925838
34,-0.740009798514397,1.436069645602554,2.072327640542289,-0.2990147385441424,-0.8719925975416076,0.0,3.3597112716967388,0.25521563646445555
34,-0.2626265804997976,-0.6872471796102801,-0.1401411248247636,-0.9927728106065135,0.8718483819677348,1.0,2.1771021011157554,1.5652160133067916
34,0.993643271856595,2.5293037881681784,0.8289540093522023,1.5274329707823529,2.116315274936869,0.0,9.96400770261005,8.186697609196674
34,0.9777335880655093,1.7120554036974236,0.46683994070769674,1.277453663271117,0.5806162029958685,0.0,6.687073229906267,6.0742784539352375
35,1.5443404081181429,1.3574885392258205,1.2879292363294215,0.6507904221938187,1.607225069206011,1.0,10.67575809226209,6.599421184043721
35,2.2894159698720866,1.617105041816385,1.9342625399854965,1.5264658057359948,0.07253905572531621,0.0,10.486554716631245,8.06660418578917
35,-0.3398427429325882,0.6780033592791279,-0.040417998443240455,1.0722957470086767,1.4013221242148632,0.0,2.6498793446365223,3.154449027119052
35,1.7854936644521309,0.003189691596705957,0.46699427675325905,1.8428552796506346,1.0208209236012986,1.0,11.390722823876525,4.4582976017693765
35,1.027028133671153,0.39257723210443807,-0.0020933088134985622,0.4567218510071773,-0.12230703975643287,1.0,4.77931005575064,3.279149105146333
35,0.17356417425706766,0.5111759819385099,0.46770377059919366,1.4147693781267434,3.0757061370512506,0.0,4.145255346795039,4.802787425805346
35,-0.45332253014436985,0.667193665039464,0.17848786080408047,0.6187231251228863,0.2514869769678171,1.0,2.2376337329259175,2.3129439140720756
35,0.673802199708875,0.9528313243808493,0.7959474519729894,0.22561009055535858,-0.09125902329691138,0.0,2.546622799266386,3.6200939643305827
35,0.6420354285254299,1.7143167834331223,1.5457056168499492,1.8661139293935571,-0.4187527616273351,0.0,7.839464364569027,4.800449686378494
35,0.9500998389045132,0.3749080971200232,-0.7827250241643715,0.023851751340870808,-0.46936771622084383,0.0,2.357076440903029,2.113578043606481
35,1.080649956265613,-0.020056327034742027,0.7858952668428163,0.803820804663981,1.4358764307313714,0.0,3.864990695068123,3.728174385418205
35,-0.1936914350437957,-0.4983061346442935,-1.4105445712927382,-1.3152705711520054,0.4719731522780556,1.0,1.1141753435719806,-0.21683540815377778
35,0.5441551306399929,1.3403283283441842,0.8256789713794843,1.5487765004689873,1.7742991632393346,1.0,12.410017232060321,5.424023655979656
35,0.9389947314662405,0.725995399601403,1.8221930271742541,0.7671891052092183,0.8320258531428837,1.0,8.286501838231558,3.9761479157442574
35,1.2154293266873082,-0.34092482482369946,-0.1030024405241714,1.8109105863250348,1.3304109103844726,1.0,11.129808033306936,3.536741685767248
35,1.8326773262617757,1.191277068062868,0.7740874850058665,-0.12287807031972775,-0.9972721987703626,1.0,6.976207462809221,5.237231514989021
35,0.9162769507075315,1.8750501778138968,1.7135644812735231,1.6755994924211135,0.7085308648443936,0.0,9.179493134138008,6.020292595529578
35,2.5347041572477287,0.43740785997475806,2.7492890510765084,1.8715486792779847,1.4957387432210578,0.0,10.35281466282569,5.729012962899542
35,1.3830491500084667,0.8433929685095649,0.9540380933800949,0.6431175457940269,0.12247842134750125,1.0,9.268175200484508,4.717885725852091
35,-1.4551579547443785,-0.3170926459210953,-0.8158878865365655,0.30858940689953784,-0.8939987734725707,1.0,-2.7075242157861807,0.5598679446462267
35,-0.4051269472246185,1.0402384430053266,1.6879877383735573,-0.14319703562714214,2.1745250235621936,1.0,7.474288244125681,2.63886163828343
35,-0.37615920974487027,0.3294210495025558,-0.289591482627802,1.4709864588158967,0.42621733099334147,1.0,4.612848364607658,2.6148829238174205
35,2.063126385632237,0.3609025988095542,0.2803219238052937,-2.521945692472375,0.8005205363579558,0.0,7.6045025180232875,3.197016973364418
35,0.03940719576972207,0.14688145661945168,0.4887977324910757,-0.3377717417888333,0.7980618002194488,0.0,-0.531751141659356,2.456374446976709
35,-0.04646540536990362,-0.26317478261363325,2.0892399471768686,0.2640586231800707,1.2903826303396742,0.0,2.886722305389336,2.183720148808787
35,0.09469296430029461,-0.6453859271029971,-0.7927966139467815,-0.9455726667521354,-0.44653796867760387,0.0,0.42696049681261733,0.2729423693255335
35,0.2182874120772847,0.5639508301612075,-0.4558395703472212,0.37288264048018815,0.6556022234767709,1.0,3.7635131661756085,2.69843688729099
35,1.2348450463057685,-0.5262324628540045,0.9368260877919958,1.8069826966920663,1.276235596767871,1.0,9.604503221095616,3.306861100955754
35,1.393991430921822,-0.1949266870672235,0.7168766186243569,2.026999691666071,0.9105791465716397,0.0,6.994836724075111,3.9088955374031347
35,0.5120864632646838,0.7721338982149702,0.17162282086622482,-0.39218571702643845,1.221455432129178,0.0,2.13270607228568,3.5232646824198963
35,-0.31314195877741813,0.7657702055004769,0.7114051143983106,0.32460284044862553,0.9403217813533973,1.0,3.624911398535561,2.7321294359783916
35,-0.03251127031204515,-0.39454990896636744,-0.04029635896459827,1.0126647223848781,0.5529113787416587,1.0,4.56984547122141,2.5611248117680474
35,1.1222649622524337,-0.4284774414845044,-0.23369673086304876,1.7186884994718357,1.359749128040956,0.0,7.245581970561075,3.261215961425956
35,1.6599712723956526,1.1164699954592274,1.896426425440859,1.583720493979439,2.149859025984775,0.0,8.167888658145236,6.736625889713622
35,0.5218045427566909,0.5376703711010707,-0.6682753700318074,-0.6470746966701624,-0.4931661549860106,1.0,-1.03693211682371,1.690929658944999
35,1.3878067753426973,1.0693511170279333,0.2465246030624576,0.9514786763618002,-0.35777819450686776,0.0,4.2095214580066145,5.102510609575551
35,0.6818931881851025,-0.10630308332653304,1.21627168218695,-0.5693831020124478,0.701035061078444,0.0,3.041422736672745,2.236414135319355
35,-0.3315522268299266,-0.44255975615500076,-0.7488361008642108,-1.9174333325973008,0.08950557922006319,1.0,2.635272542693502,0.20377548590851846
35,0.45961021756661596,1.3864791166092232,-0.033298263031610986,-0.08195080716802894,0.43118488962327983,0.0,0.847499503073449,3.7176982092979074
35,-0.8065353882465862,0.17289346945716216,1.4477873779896677,0.3547960421505466,0.36612118551042594,1.0,-0.06121859223866588,1.750785613133372
35,-2.448221535935991,-0.9224957356433936,-0.6906150151863961,-1.609227717881522,-0.07090847301441872,1.0,0.5967243080492324,1.1585940771089627
35,0.26268243351727755,2.1633484456470193,0.932764567325536,1.4718280881220969,0.7939305690831495,0.0,7.761343059150763,4.976166254339033
35,2.3033374366685417,3.0415003376981953,1.122673863256519,0.5562047918378469,1.9706542199706587,0.0,7.843538218966687,12.936061062356563
35,1.5312955795749292,-1.4369415657639895,1.4400825999642501,0.49338789466681754,1.360158017433994,0.0,1.8135336033821008,0.6239508090453239
35,2.1339864135349726,1.6566716494999436,1.845625023754417,0.8386448727590865,1.8417298558250643,1.0,18.929793071645374,8.422261632798099
35,1.6037458238033258,0.515746845325161,-0.28989639187269745,-0.9204547575663196,1.0922558049610056,1.0,6.928980577519817,3.7860990089991864
35,0.027758996260839386,-0.766915597505744,-1.447120641914398,-0.4152467844272708,0.8127411431571645,0.0,0.7677425969271845,0.20768039265090085
35,1.3310977326697455,2.1201215766369823,1.0732185150919724,1.7414356680212906,2.076690966448961,1.0,17.482692607959756,8.470669717158586
35,0.061974946168604994,0.7460680283936914,0.5662790362916867,-0.5227079401137391,1.0947912582817483,0.0,1.0226949538347156,2.8633432839136232
35,-0.14111794692860968,0.39154656849825337,0.6834694318423413,1.1476302058488326,1.1820441143140397,1.0,7.268945105426029,3.351918427701597
36,2.6488638082928504,1.960686374415337,1.4659275670635552,2.3043039974280113,-0.5251699338200095,0.0,12.583970488765196,10.225573733747126
36,0.6295623130245814,-0.6855166513727924,-1.0869015454446882,-1.293595444959777,-1.7736873230872892,1.0,-0.1556513407653369,-1.071414458918785
36,-1.788352809709366,-0.8546945922212044,-1.766295459421662,-0.7759341398068511,-1.3060903450062646,0.0,-2.029916758656162,-0.9114443813460011
36,0.09116471657100073,0.6007283645544578,-0.46404707200745554,-0.21475811075866924,-0.20670722328517255,1.0,1.469060769955617,1.85220404298286
36,1.6143334462296557,1.2435753074489964,-1.2737422550325455,1.7803055428803587,0.7407055914001659,0.0,5.108090441454175,5.352838603841725
36,0.9021536725438968,0.22811454676558718,1.5960285163696284,0.47963667291326534,0.2652428595096674,1.0,4.941708700729443,2.916152997918218
36,1.4332315549949086,0.7071511397572753,0.6020917643603447,0.5939735964608145,0.36689121189509455,0.0,4.122835640167063,4.689333672535454
36,0.4662872358039117,0.38912310452388965,0.5259152563075511,-0.09139732804753653,-0.36714924311919506,0.0,1.5357719440385447,2.5076974904148672
36,0.9041769025514907,1.4610857876856813,-0.17205391451571084,-0.15118629719345067,0.47337597452364033,1.0,5.57053021803846,4.564014450592905
36,-1.0496233130291337,0.40468834714193025,0.5127516910285641,-1.6404870439367314,-1.6668131781290096,0.0,0.686179030603436,-0.27311417986609765
36,0.49952525714516355,1.7643706714204226,0.41522425418669084,-0.3073004333371683,0.8100796104834755,1.0,8.104885274548357,4.38732327374486
36,-0.3203257093460612,0.3514279858564331,0.07743895144602786,-0.011982466662909252,-1.9763424181609959,0.0,-1.6745817598347421,0.9445398552087403
36,1.0685426598889922,-0.37772839038985895,0.9803044800031553,0.6145645635331025,0.5942605310875385,0.0,1.6953724169070774,2.5931226741865907
36,0.774201749075816,-0.09243732098937829,-0.3197451983126012,0.8439953726512817,0.49347985443446984,0.0,1.6940599809513208,2.72749763219792
36,-0.07510974593997843,0.35671941650482375,0.2496203228167972,1.5382670594225218,0.8754530018086819,1.0,7.969359696380001,3.4146882080709697
36,1.1215038889331266,-1.7787432664579317,0.8199510496920271,0.6177845397391819,0.38276596313401073,1.0,0.09146171598254982,0.26902059305781556
36,2.0771708964479614,0.45325226072540314,1.7827343388385692,0.5375576653566188,-0.9160605781409625,1.0,5.065394407693414,3.69845475346661
36,0.10116413120460632,1.895433644337356,1.8605112734407399,0.2831609927629164,-0.35605051720707814,0.0,5.435475039119578,2.7981805972945035
36,1.4402084773506783,1.4347672136012468,1.8653123519082015,1.194866438144318,0.33404875998591577,0.0,9.120863309858425,5.910688776665449
36,-1.151168523530963,-2.1898639898443535,0.583919584369062,-0.1305458731923731,1.737862236081223,0.0,-2.7742256552285496,3.780312416883927
36,0.7440869211417043,2.40278901750806,0.09329607500110831,0.31921043504852364,-0.14113367617906247,1.0,5.972989665310267,5.492659345494765
36,1.7647717028077763,0.5908631946319043,1.2733977758411954,0.20431736341643492,0.2688562496938489,1.0,7.001900661456887,4.3868757396071345
36,-0.2961391255376039,1.9005981311895264,-0.7509590664328729,-0.033981749316846166,1.2333949397660917,1.0,1.7706703426134445,2.1946498918784667
36,-1.2996967209490813,0.3861589538406407,2.1113597132747595,1.3595032152649096,0.3034937953738374,1.0,5.1257382441816155,1.4139008208229242
36,0.13062658644902553,0.24828668030425033,-0.8952321736162792,0.28869199287378355,-0.46692544915058265,1.0,1.4337417267043597,1.3104943155087307
36,-0.39284612728943147,1.257351590928633,0.41779913117403916,-0.2380588951906647,1.0495978660256267,0.0,1.8603914147317042,2.466960235124011
36,-0.09237839492542133,0.4355473650376982,0.2210957061424445,0.37118628528470593,-0.9614385641500258,1.0,2.4908356729358134,1.9224287802210065
36,1.397174053438604,0.06930784945276086,1.771828796715954,3.11182221453451,0.92162354624555,0.0,13.819769153764856,4.53303224516134
36,0.2802849899791505,0.472935216023884,-0.3781058735711985,0.5702570413407276,-0.19931942506143963,1.0,2.92104251905009,2.434948156168619
36,-0.16615862718458008,1.2854222406573923,-0.45237028184337513,1.422297336350923,0.928893409063575,0.0,2.429580891096738,3.1948716266108925
36,1.339891554208081,1.5021916912703794,0.5004173009161861,2.0999351872933163,1.677727387503538,0.0,9.826306614939117,7.450237941299024
36,-0.05962620519692219,-1.3238956485665923,-0.25638508395823334,-2.3450936321678166,-0.003028071433889612,0.0,3.15801685072423,0.052237539459927484
36,-0.8238626644586524,2.2740826600492317,0.5751725469447277,0.21711183664657469,-0.8315442086118603,0.0,2.481212045788602,0.6710467386747769
36,0.9812117533459384,2.4804250222827116,1.8684325901739367,1.6755573085056568,1.4102859887172081,0.0,12.383976469602185,7.348517297322783
36,0.41771979664238423,1.4523445404625328,0.9268536036473957,0.4929581496093972,-0.21554465672786283,1.0,7.760386168038891,3.7441920158785296
36,0.8843092369241505,1.0450851773204866,-1.8974195252773742,0.12594677175456714,0.3588630664793726,1.0,0.7089244838225623,1.8617242495281057
36,0.013974125177950991,0.6900446064235772,0.043282274154029854,-0.25520353588971434,0.3122269096445852,1.0,3.8976525976177494,2.4108684280541404
36,0.24463985023014106,0.2702447897079878,2.0973894456536337,1.436725221207641,1.1138463956952969,1.0,9.609209857917087,3.144944564192123
36,0.05914550693101894,0.924449048585792,0.7439625257556645,1.636343356086188,-0.49371245039580924,0.0,5.1705614167306715,3.2255618860318975
36,1.7397542879841077,0.6219921416783104,2.099212860843429,0.36265839732359084,-0.22094302446404446,0.0,4.657600871701909,3.8792843448810412
36,-1.3128885078133885,0.012188116614832156,0.20769980804348287,1.1026801822777477,0.7311233357073152,1.0,3.6283069370829786,2.3329076539432476
36,1.8461635428279919,-0.05372984535965175,0.7091436254039569,0.7897747265623614,2.0024678708077834,1.0,7.308508898519784,4.306635690178338
36,0.3654868857280026,-0.4106476881094083,-1.0020379785828848,0.15886870336592002,0.02947018795257894,0.0,-0.016213294459648697,0.9590699956949591
36,0.8371189752316829,-0.8360285664013012,0.1655312491385118,1.80332743284712,0.2846412165975136,1.0,5.530383994372483,2.413770734181332
36,-0.46039043551284753,0.987334348309475,2.25804311327355,1.0967657242076498,0.8152728970488095,1.0,8.16094361506504,2.259542165633679
36,1.5335409812541565,1.5114961072004351,0.518853748488318,-0.21588891661633758,0.6637655250119585,1.0,10.548065712081435,6.19221310511881
36,-1.3653996233998533,1.2350742610503476,-0.425205404926837,1.2586418893372482,-0.30481612420656257,0.0,-0.5125815402375812,0.4237315890338953
36,0.5791307635055398,0.6399917838204957,1.0649890643574573,-0.26430312001983836,0.3650015753684174,0.0,3.1580126955529435,3.0475577420018802
36,0.9650305384232328,0.7310662803033536,-0.09672027687382667,0.2734865077204505,-0.32794681913115364,0.0,1.596278783080101,3.4732856405635757
36,0.3875149717256623,1.6033237111360579,1.7123780185877504,-0.25036043131529184,2.1235241780169805,0.0,5.767773052849911,4.268393010708883
37,1.011984329674665,1.633024785963119,1.271258131751174,1.7662788642362186,0.20066239601767905,0.0,9.736375859189133,5.889278743225975
37,0.04460223859211593,-0.620172315122492,-1.8235235402748753,1.2578136534739208,0.5070836582467532,1.0,2.3325613906045395,0.40519530695088235
37,0.11566055353180144,0.8629045462495335,1.5829048074640093,0.5299294204447268,-0.9517547957037298,0.0,3.8423644773116705,2.157518098667647
37,-0.606157933820874,0.51164601134421,2.190044531219698,0.05380096493136133,1.0658533103334153,0.0,2.0924438544933848,1.71703202674687
37,-1.0200589354102116,-0.19774536150388056,0.037508922378183374,-1.615687240399692,0.11860750974482004,0.0,0.5922404365504648,0.8623209931856197
37,-0.29677984075337527,0.17664255312006927,1.146311473940735,0.2986340206938115,-0.03062971145969151,1.0,2.7235580781800715,2.0065167070365453
37,-2.278435202862658,-1.6184169616549227,-2.0815113658287068,-2.7260209909080815,-0.6728158569976843,0.0,6.300485940037497,-0.4899431792028395
37,0.3963450290568306,0.011448558609619797,0.3543102390325153,0.8806435300492588,0.6076772554991207,1.0,5.4380387322389145,3.067635905433296
37,1.402707272831644,-0.6586259757060173,0.3953314975027607,0.9347378489706835,0.5305034906125932,0.0,2.3556837833200266,2.3013365716046654
37,0.9323635002000015,-0.26749988490386467,-0.3227621161616545,-0.7392454779719291,0.7469336561822815,1.0,1.7988488123724427,1.8738506384948141
37,1.7088905845961633,1.3821423294480164,1.8414893319633392,1.1415640132569846,1.6453355714703035,1.0,15.999064359056627,6.954241657934885
37,1.2554803834710677,1.7696114903705171,1.3572223441948454,0.7713147121527321,0.7807122931389479,1.0,14.552872552334435,6.4008371507010295
37,1.574965451423214,-0.7119659120966808,-0.49270545172774316,1.1256528650724804,0.34446334992255045,0.0,4.815393010943756,1.6799398125926719
37,0.15186616684948429,0.8633812230407059,-1.1174682923481079,-0.28342968065183916,-1.3638130329175002,1.0,-0.7887497390870826,0.6943464276166111
37,0.8381209923809023,0.47740115880691214,0.3308249898766086,1.95363383520412,2.0321217653800567,1.0,13.80669573805893,5.161945993205927
37,1.1229837338208124,1.0960634684527155,2.476795463253936,1.7956939799671798,1.0018177779769823,1.0,15.909280831403123,5.190496743544034
37,-0.017262071153593905,0.6121230636486812,0.16385369433106933,0.20322107009838913,0.5685660060994111,0.0,1.8368703714953372,2.7412903602307632
37,2.229026575070089,1.4633440013200074,2.913209940451515,-0.1211074612016475,0.1813285020879617,0.0,7.80664934712143,6.6206996197462455
37,1.0633606849300952,-0.5662969920372827,0.9042101686577625,-0.886806582314638,-1.2088615398372473,1.0,1.9527394514586225,0.6689314428107689
37,2.1387871613230587,2.162841290388811,0.9581525761353276,1.4277642461556308,1.5216258837674326,0.0,8.208463347609515,10.305475163308337
37,1.085025227670824,1.15127893169467,2.341121171690136,-0.11262444821718265,0.2203879561073096,1.0,9.979593186857867,3.8953926929375537
37,0.8832687932925329,0.49747139769608567,0.6792449850457154,-0.545298456307526,-0.28610830249772967,0.0,1.724100964466945,2.8317374149705037
37,-0.28564081361546967,0.9048189544104188,0.8439791023295513,1.5503272927602096,0.8822266362649941,1.0,7.320674737179884,3.3538969022016154
37,-0.5413793454002227,1.3809057802740257,1.333009122609594,1.640528271097009,2.90282068615342,0.0,7.114025138080485,3.8459010636074615
37,1.1917619741040477,0.8216694870910913,0.7429825581984099,1.0535119404028608,0.7131502003904823,1.0,9.427406485755567,4.977226704284796
37,1.2766693261439377,1.4994188612655208,1.1380530096799066,1.3046110534466928,0.4210657017623361,1.0,13.864337985006031,6.153533855328277
37,0.3540631420665674,0.4292858570677658,2.4255058571408465,-0.31661704641688126,1.0259145851835678,0.0,4.870938556343356,2.3566902241778864
37,0.6985660681894277,2.857442714502668,1.9553678366837952,1.9037725121341542,2.016670936713205,0.0,14.757681093586001,7.3368605779390474
37,-0.6127444149186394,1.4324460160210688,-0.285594637938706,-1.7053897534375921,0.6953333349950863,0.0,1.405938457697743,0.8437962724857772
37,-1.8969724372864851,0.13161530319825687,-1.9235734387293446,-0.42555769368913954,0.7436097086538479,1.0,-3.6026124463480174,-1.2806151064193458
37,0.02764619793691614,-0.39793181784793097,-0.5543608464335759,-0.40350950576076605,-1.0786469999339223,1.0,-1.0290229912232012,0.6358342765157654
37,2.152245633886559,1.6145896672430033,1.8484154384009475,1.627821500482855,1.7344322532833998,1.0,21.40590722730594,8.689679106782124
37,2.4669372415736017,1.0070889055042511,0.5662963775647083,1.1642500971284675,-0.9929095301289843,1.0,8.257786035250732,6.4341504622456585
37,0.14720292090353881,2.0850718496780614,-1.1788361662100113,0.3023646303164942,-0.09664991026377967,0.0,-0.1461379320205749,2.3185059826390875
37,-0.40715192967958047,-0.8644929333940021,-0.5410514048586468,-1.5773102588440495,0.4002568237952462,0.0,1.7404825826400603,0.7142727568410818
37,0.06903762217165998,1.4586777391874888,0.6202583310056455,0.13232048201560626,0.0969117258338269,0.0,2.8113055408376315,3.103034922845165
37,-0.1932068054842584,1.6186247365473716,0.6817732951625806,-1.0534371958240998,-0.4664860896628499,0.0,2.2058497300072903,1.7573611168829812
37,-0.14179293220361555,0.023830440110476248,-0.002810603559636804,0.05665563832654086,-0.036742610556877664,0.0,2.3678147248849184,1.946187028335892
37,2.1501318468909183,1.9810946273132386,2.54909809000108,2.2196350483434113,2.437725425622367,1.0,27.885467309147764,10.098906951793767
37,0.711817751305776,1.025675072990684,0.4582942508306424,0.4404822947476846,1.068818809935489,0.0,2.810641582818801,4.479446271636754
37,-0.07748254228165663,2.023584568957248,1.7686799569256315,2.1064713259542245,1.422056620205301,0.0,12.390615845939568,4.2682677839093355
37,1.7530705594739577,0.8709875034706732,1.2787954501344236,0.3635921881221143,1.3676072137102389,1.0,12.651996829046846,5.631797986685179
37,0.2716657889760219,-0.16385492174320704,-0.447307725577638,0.8620027860359403,-1.0273797593303429,0.0,1.5922152222762047,1.6046641917353892
37,-0.25487722949983627,0.7731254684463151,-0.01274998609267497,-0.4857220767754117,0.733440461049478,1.0,1.9327710173898804,2.1794749611389896
37,0.3862072679422143,0.7077373707497966,0.2646132878470464,0.31111490176455514,1.4119734796911998,1.0,6.493105183574244,3.7793501825880615
37,1.5205608459711233,0.937554101359346,0.9261857746854978,-0.26404533768351823,2.0074901675305874,1.0,11.124902204071324,5.590368018649693
37,-0.6575255583668416,0.002189664708103667,0.2158516828106523,1.5023741310262841,-1.108810203122774,1.0,4.4131347448519795,1.9523944335777883
37,0.7517365423961977,1.3153526809808205,1.0349129658023164,0.8791696477083676,0.8256750536098292,1.0,9.790326391151574,4.902822889839701
37,1.451684075490269,1.0396509832730558,0.7114704612962518,1.0179921042500997,2.413214312047583,0.0,5.2964328985353415,6.583653304781704
37,-0.06071731879984654,-0.1971294610678599,0.17792097785625915,-0.750304106609786,-0.3017546636048156,0.0,0.20253500994964946,1.430190658937699
38,0.38009006751237334,0.3827716684947592,0.7351384400813195,0.1305941420971456,-0.47554015875123534,0.0,2.7439850506902994,2.463752699190608
38,0.6374959764156274,-0.38087470988258354,1.0778057403708017,-2.404241809483354,-0.5608892264132022,0.0,5.752681957669263,0.41510436279647905
38,1.0841470068036776,0.8715557598659203,1.061665945797637,0.12058153558132062,0.7813643568248665,0.0,2.8785676487924787,4.391969977939145
38,1.0989990321119731,0.23585949644621168,-0.04116914536081606,-0.20336707504777152,0.3595111886895137,1.0,6.261072728583193,2.98327877715177
38,0.2412403507970053,0.24864275949506115,0.6029704136161604,-0.5433262180268827,-0.06484539169540582,0.0,1.4802557301157102,2.125978378188858
38,0.6855431110282566,2.314835396820008,2.1980191437880956,1.5969745698957205,1.1004320296292072,0.0,13.26326796547428,5.947923136433502
38,0.4012977714823961,0.14887599860324197,-0.25750670012022603,-1.0835502979701035,0.10401046973654077,0.0,2.025268287918392,1.6833351799106537
38,0.5435859394026658,1.475510214071269,0.15655118191921075,0.4442528442058581,-0.41745436872367736,1.0,6.556982796617722,3.891060381844075
38,1.285267812350829,0.9042942282396212,1.2172311038061832,1.8474781449351614,1.2505140034280262,1.0,15.783607886528662,5.760897605129309
38,1.076910287090949,-0.05493452102980656,0.7525898836613661,0.6832483796113497,0.2032035341316369,1.0,4.92510846535253,3.0012702827799336
38,-0.289569427714099,0.2744187222901158,0.05232217119817861,1.3770239236418558,0.6690459675221868,1.0,6.273272705573195,2.9607889135446923
38,1.179907010850402,1.11951904246805,-0.43952842216376775,0.10730651644565598,-0.4230685015997384,0.0,0.934235707393795,3.9979486162108078
38,-0.8374974221443474,0.16960145039096325,-1.4268038293400518,-1.286608721353444,1.113280751121426,0.0,-1.0470561838249435,-0.13255923633086608
38,0.7810586284445348,2.1940604536646484,1.0618215522497625,2.1574709130421876,2.8070616581252086,0.0,12.22418555349892,7.7017086820232805
38,0.09180188111121212,1.6886372125654476,-0.2653588303640432,0.6127005775128879,0.5519088736769263,1.0,4.708593526640828,3.4598633876321445
38,-0.7579635892774683,-0.690643617432501,-1.0540872475864007,-0.4298723767922772,-0.3207181650486589,1.0,-1.8409914525989146,0.39086174528596285
38,1.5719694497101697,-0.1649042173503268,-0.3840647574742372,-1.0118791959395341,1.5230740062982884,1.0,4.908792879057994,2.435022516991367
38,-0.9264004632475205,-0.4320993586978855,1.570828716437482,1.031987801757396,0.3474434597719164,1.0,1.2160103207416881,2.196144734434792
38,0.13597135454362924,0.8405130576687714,0.23875003416013157,1.0935075104901686,-1.3059197447901731,1.0,4.060090928119279,2.5873311411206155
38,1.6199224166263022,1.4132878700916367,1.8382196908231925,0.46207142004348667,0.6760590371111097,1.0,12.163472717922058,6.029949652000369
38,1.1029492183079144,1.0206180940218679,1.1511467562749318,-0.6588648910923067,0.28354616543270517,0.0,4.486189390646099,3.9828280552117694
38,0.7955379600538183,-0.5588590478408697,-0.32065676371198515,-0.9880848981642127,1.0425720327851113,0.0,1.1751194755653764,1.4896896721583444
38,0.29507341249734487,0.1569332339547705,1.7017200418899907,0.4724832839562865,0.02866395168968572,0.0,1.719705869318276,2.2431937789980645
38,0.9659160653131782,2.3556156759457134,1.50037354772846,-0.679240923695702,-0.22756165550215934,1.0,12.705369047564965,5.303242964748984
38,1.4018011071952405,1.3894739586855867,2.4993517617345455,1.4840344504500622,1.0028796416662127,1.0,17.687531073960443,6.0357810988661615
38,1.3592622048629235,0.35000158323381914,1.0168731642607818,-0.16930673272712582,-0.7863933638527141,1.0,5.050960254788395,2.886990141848435
38,1.724221848876014,0.33864585926049434,1.4570516232731372,-0.6727688135289964,0.9173848698363978,1.0,6.654353335990286,3.5796678767666297
38,1.5866636268758199,1.393949726260671,-1.888024730529955,-0.7219185655072102,0.9468541576523056,1.0,1.780383833508983,3.5585569772914183
38,-0.615511989414512,0.6296902821493462,0.1693078655110007,1.4300039875509685,-0.3842582535983302,1.0,5.95705560318179,2.2127356555851816
38,0.07129601723077877,1.8679526359835328,0.2865446509981904,0.34990272329835315,0.1397792239454007,1.0,6.218268728059655,3.4501414268912445
38,0.8730049711848058,-0.3588586953748305,-0.32164896447701463,1.6694817811761566,0.7319174512990797,0.0,4.936286675989628,2.9323782655973214
38,-0.03360423622530684,-0.0743573270952298,-1.2894776335944893,1.44652139369316,1.910401520741907,1.0,3.6318500161158136,2.259863325128798
38,1.6465503664425067,-0.13797659517893968,-0.17846172233244895,1.6039841646168262,-0.6612964695451753,0.0,4.914060677011333,2.8933323844896117
38,1.9399033631976426,0.9066811134179318,-0.11951109661128012,1.5923308922994193,0.7491920320152134,1.0,12.844623334870885,6.286038938328246
38,0.41105283018935757,0.2976676153519425,0.8077295834239504,-0.977360014430297,-1.1558942759615272,1.0,2.622203408348759,1.5050960730687757
38,-0.25302253016273346,1.3240878092728883,0.9510684835664803,0.0388419264802351,0.905748311951811,0.0,3.2128407476875793,2.72915158938286
38,0.8385810679520109,2.234249367543092,0.31629667156986374,1.8955995340102845,1.7764786143617113,1.0,16.843435004906013,7.354595697926348
38,3.5083193489475466,2.2266743991693474,-0.04902391665851946,1.800957545977626,1.5111747831639915,0.0,5.330720417654635,14.309734527159767
38,2.416045383660384,0.2681554075014122,-0.5751929264765132,1.356463533644129,1.576253701797667,0.0,4.444938457624147,5.007825551134598
38,-1.830330868391274,-1.4886024952771235,-0.5249357319645889,-1.6009143412413795,-0.15040459036074583,1.0,0.779172240832008,1.7923972360634322
38,0.9075944433003496,1.7192595646711513,0.24167529710490798,1.3681080604351468,0.8938457888683455,1.0,10.515880122260288,6.096570394104726
38,0.43768392146124496,1.5721464551521434,2.53782263803843,1.5595990181662764,0.9034403730479315,0.0,10.662646218526097,4.370248384736538
38,0.9659240583454354,0.8706413961432713,-1.2969016904108668,-0.7966964716525473,-0.732743835796404,1.0,1.3538973642413226,1.61656814052498
38,-0.5807901608550694,1.1979217211173756,-0.2821667903917594,1.3596185653519484,-0.33767164879441824,1.0,4.8454815102409725,1.9431690720623755
38,0.9153836460139415,0.22648138168316162,-0.244553258342186,2.42623897502355,2.6508869358980593,1.0,14.703596287685357,5.164781781232266
38,0.21126459644511614,1.7990568996604852,-1.2822096675800971,0.8231045476616785,1.3425094435001361,0.0,-1.458968325703348,3.1115375545371853
38,-0.4570649042392081,0.4584174658908737,0.8775727761442247,-0.03301856901738787,1.1041771923657815,0.0,0.057123590729950324,2.404535466718079
38,-2.997691636537447,-0.1011303492242075,-1.3977676904845238,-1.1037014427119884,-0.9820531595267727,0.0,-2.7552507472707877,-1.815847990780915
38,1.9236980814388873,0.9777223172334791,-0.29749894042767755,0.4450684712371555,0.8079976128088332,0.0,4.2618457186256276,5.765408931027967
38,0.9581235358358096,0.47055864591357244,2.8490074166066615,0.8400140780085834,0.007907674454838476,1.0,8.799912563358198,3.0561575691680023
39,0.34969831953660674,-0.9527760285725677,0.16626761718337735,-0.499703326046931,-0.835287089294213,1.0,0.22457093245756682,0.7671249241267815
39,0.26156364854535774,1.1381158438312082,2.5442356705411657,1.4244092286473404,0.717515634986543,1.0,12.003954742604162,3.5137846557599612
39,-1.4968027504386054,-0.23126738261898916,-0.5472239079845831,-0.16403852584514123,-0.1280750836544695,1.0,-0.20966293852562523,0.9164300920908139
39,2.14301635119162,1.0575429120461397,1.2703852490065652,0.9865317874349762,0.5431247470696994,0.0,5.5852340319468405,6.562545175268287
39,1.5703069707610084,1.937194314079451,0.9085347715790356,1.4805671851036288,1.2837171617621572,1.0,16.35400309883459,8.247051830329418
39,0.04253263790688416,2.5528670102349666,1.725971840645034,-0.9675697453158365,0.5190873899382737,1.0,9.234941948529965,2.8904712282552634
39,0.39693943444770463,1.5633555416267677,0.6822631741708165,1.2116453948359784,-0.6105232696191063,0.0,3.0795701777596727,4.018545262753797
39,1.5837795645467325,0.4806066541022273,-0.3143752382090549,0.8148857025932827,0.2954299741964009,0.0,5.126327822092611,4.142328080801088
39,0.23918190675325607,0.6113007889288156,1.216414790467741,0.46085168122487047,-0.05337109089546155,1.0,3.8552926595774517,2.730411525040634
39,-0.0391679748733601,-0.44368735183914776,-0.7358231426924842,-0.10002006819795084,0.3079239128424692,1.0,0.17750857567249934,1.2532695358972004
39,-0.2991554812520223,-0.5717417966063236,0.12695228181564228,0.951360984253695,-0.6680385893174743,1.0,2.5206241146848116,1.9326807680988853
39,1.0916113759632773,0.08611635428771902,-0.0046452818855708955,-1.2919123320209283,1.0740867001553132,0.0,3.594675773855226,2.5716232109443666
39,0.27451863967416756,-1.270413409814707,-0.9464870919891399,-1.1935155918883857,-0.644740867161238,0.0,2.580358592763778,-0.6545343733790571
39,-0.6231698767518374,0.7516976272519891,1.751150988666228,1.4956310582900691,1.4449057647790595,1.0,7.183926300283185,2.762293969384414
39,0.3524839210908961,2.5608844291732353,2.4367131149220516,1.010758314914825,1.166687061320486,0.0,13.21543585329243,4.9047443965118696
39,0.30802343708998203,-0.03597836396939513,0.14674743668069368,-0.02426102859178314,-0.3053243075281227,0.0,1.4751647541955641,2.022773311394044
39,-1.486048246866444,-0.13002018327282372,1.2198159139428646,-0.2697795410150817,0.531161173950721,0.0,-1.2511694037329077,1.4695994393696075
39,0.4873519162237906,1.7118350467890167,2.368266646512711,-0.31220899856568163,1.4136562394031906,1.0,10.641532313433054,3.9531251632198865
39,0.44063860967676705,-0.26453804240446455,-1.2894644706343728,0.5909566796403269,0.6366336510400619,0.0,2.2736929186788313,1.2181829291338289
39,1.1892449699455336,0.3926666346536534,1.718468907430857,0.4721744065478634,0.7033279617023581,1.0,7.795392231058667,3.5577818154136915
39,-0.8575463583646739,1.1595597691624149,0.32658019373274144,0.3878714365720034,1.1305161912393094,0.0,1.8056111303474007,2.0262593325545866
39,1.209415860341485,0.5751455475927363,-0.15901417076516766,0.5314516069348498,-0.2589586552341947,1.0,5.853730496304891,3.6319941058712466
39,-0.37659637346739505,-0.35336856443452747,-0.26992339951651423,0.9401838684054518,0.8143951894068867,0.0,1.4738897159395912,2.4742140053557278
39,1.364449040911322,0.8975551726460447,1.8290892759767818,0.510589521006595,2.264429885016706,1.0,12.400163380664493,5.402294240939219
39,0.7617911656203875,-0.11542900240410814,1.1598754246120988,0.11134232241481212,0.1264374698167901,0.0,0.24701617671633969,2.3335296331523674
39,0.19355226814880433,0.31999713153763676,1.0616241387623297,0.4349003934499075,0.8190604435897741,1.0,4.139498961235866,2.9639579697046794
39,0.6447115424889022,-1.4637789334372728,-0.7319292357406231,0.20579539322389745,-0.19873777203627463,0.0,1.7407569728463477,0.028201790868268017
39,0.15115783195251042,-0.020634826383662763,1.4738969323466706,1.8187339825588476,1.8622335849587093,1.0,12.196661754471256,3.736322463362241
39,2.497902397485263,0.9083211938283265,0.5190049531571266,1.007163635892541,0.5377501152223274,0.0,3.740855366343623,6.87228200453
39,0.37709421958229394,0.1864572286246291,1.5406322089238838,1.547181257212946,0.7144454953620855,0.0,4.735323115130746,3.28337669178791
39,0.9845005523002441,1.3223873358028033,0.4360032120732661,0.8288275255879207,1.3061987335467802,0.0,4.420321332784792,5.647296564123421
39,2.1529897553145507,-0.530697667207799,-1.3870967302424069,-0.3861228155396518,0.7401437993935307,1.0,2.1582255095677767,0.33468969485939193
39,0.5635183228062802,-0.4321465861383884,0.2872557654449809,-0.9797312869364048,-2.1198328841294374,0.0,0.8780273024543535,0.37503413242094985
39,0.731207478544923,0.8596876898618263,-0.18578132562796434,0.7790566076855823,1.4727325237762403,1.0,5.637580397335087,4.439853783637911
39,-0.7852798984860272,0.020447643031552887,-1.7690116621099818,-0.8107379097840868,0.17517134980985133,0.0,-2.573665600211544,-0.7976822869430377
39,0.5820925912955603,2.0335620831175616,2.2470902531519044,2.5323012757232086,2.022221841851512,1.0,24.296693465859995,6.266448474460845
39,-0.09401805590660339,0.2554719019814876,1.209806606069495,1.0700937526827596,1.0775535849956908,0.0,1.7328490407226103,3.0886352604208627
39,0.7115277362456834,-0.3610395691450137,0.38974720329671486,0.623022280704393,0.434373267654701,1.0,4.789159524105674,2.5669309327299317
39,0.8744075893991412,1.0073308888918453,1.4908002399623204,0.27538699979494075,0.7245986170399596,0.0,5.2870003814115725,4.146990735143912
39,2.0775466236608477,-1.0010389833092819,1.2450182892218407,1.7166206600621876,-0.09790735982777066,0.0,2.647340939544733,1.2104604519851447
39,-0.8830997743841875,-0.02240235966575166,0.45118119928464795,-0.7457847506305029,-0.22727766509386627,1.0,-0.439656410501267,1.2060245368499607
39,0.101864451498409,1.2654078114070013,0.6699168845784077,1.4281791652326614,2.823038931475928,1.0,11.857336722188007,5.056976971412497
39,1.2724890426082982,2.481141855771005,1.9976828797630186,1.182716426567242,1.5073472326750514,0.0,11.108988788886439,7.963875773509629
39,2.6073807512468097,0.9372358975207902,-0.7590059724046041,2.7153897699347715,1.063872135185853,0.0,9.302142038859309,7.451687588768786
39,1.0481835570155322,0.9202613602802594,0.004147882248680512,0.6189687457329812,0.01730720522943302,1.0,6.5406678305786,4.2690285988047165
39,-0.014686296594862536,0.3240152594435739,0.07826009603010975,1.2814111543515165,1.0374365760522708,0.0,3.0037515465124662,3.3453990517741206
39,-0.6253286798140116,-0.14667101762150925,1.2799732716709131,-0.41248894861898844,0.5581624384879632,0.0,-0.8656880440457867,1.705281941561141
39,3.0647517543646035,1.1440249644962226,0.43856186126924507,1.8992554743019472,1.2050535321997815,0.0,8.542250865872754,9.28733959772009
39,1.0066666161444175,0.6143091421280072,2.8023854140262263,-0.5653363908983726,1.1784635375837065,0.0,5.3389647781349705,3.193629920237286
39,0.6177506598752505,2.2845289211763333,0.835922118681679,1.9756938725392181,1.1850639671768137,0.0,10.163124736442775,6.5312428523278765
40,-0.15574732372343147,1.1906163272972936,-0.21346423869726527,-0.17261379794122955,0.5271383762563903,0.0,-0.29142643845449034,2.379832257710538
40,0.38185489721559274,0.06896769508560147,0.24109880827250035,-0.1310278591816647,1.7610249591884772,1.0,4.586853743191813,3.1583711013138593
40,-0.6243285657621962,-1.8003614266369863,-0.4176035670069166,-0.5102032484404864,-0.6139078112099199,0.0,-2.2403421430747734,1.0548782459136812
40,2.0810508291849703,0.2661172978780759,1.9449199560750712,0.804420506569121,0.5923018592528286,0.0,7.012763564499759,4.0327519289869915
40,1.9750191600649027,-0.25743251833427283,1.690255255484321,1.0203489635281278,-0.06638448504248118,1.0,6.839976667035575,2.5532940221943354
40,-0.6591656337286733,1.4858794538219153,0.22109521440871172,0.5897280857901167,0.3841161509772643,0.0,1.2197089357611939,2.0070438196707086
40,2.2274172416829625,1.035433022799244,0.6851023656012238,0.9810175662020663,2.804209818158251,0.0,5.2810073086620815,7.947285653894209
40,0.9524825456919855,0.13343569761122764,1.4309279690184424,0.50770456507118,-0.7091896873481984,0.0,1.8046172910415987,2.4241884771692095
40,-0.4304808673012054,1.3724928470802458,0.8092053809579649,0.5323974670216594,0.9799084093191341,0.0,1.956487192664178,2.731003454953591
40,0.7390020761764746,1.0212170799203775,0.7738546084032638,0.7856066650669056,1.4491419478227328,0.0,5.495727182645093,4.854314745144155
40,-0.6361459565294121,0.25322378482135116,1.2784185190425512,0.27390673232511165,1.1345936047037068,1.0,3.5495816940477254,2.279140989661804
40,0.4256191012756793,1.4620469188949992,-0.2825286340728824,-0.405248262115655,2.1869681403920387,0.0,-0.44897013396706753,4.276057292088397
40,0.9227238174517545,-0.3065666039801327,-0.6924634529922837,-1.10739567249944,-1.357450688537849,1.0,2.1061254560543747,0.2162229895592771
40,-1.765158619106022,-1.322402284827866,-0.9007741710893651,0.36376083407270976,-0.43335002491229846,0.0,-0.7054002553737408,1.926291011064147
40,0.9373443365675944,0.5073879664598487,2.099438287199148,-0.8678256595136515,0.7972789035441827,0.0,3.8867539969936677,2.7080480047027957
40,-2.166281291999575,-0.8314258347436494,0.7930031036012963,0.7086267861111754,-0.13533442663931472,1.0,-1.761573788934264,2.6871052801851394
40,1.6226194173550637,-0.9899510211724227,-0.5546492590636214,0.3941386563029418,-0.11984661408671593,1.0,2.3311348600265855,0.41992704905831224
40,0.9523218596506318,2.2846248946573926,-0.4625124043883655,1.3880406634816613,1.6063514214115537,1.0,12.141489487411576,6.955045739198519
40,-0.45078894834583927,-0.24737021636990308,0.25667423746572415,0.617090749371743,-0.12110181778751739,1.0,1.3526204345684345,2.106003382814568
40,2.1109721555850554,-0.31206034874688215,-0.1937896443831194,-0.11912628929722302,0.16508897935543249,1.0,4.137253265469209,2.14807319649801
40,-0.3651101101067794,-0.8448975358044426,1.4048482422468838,-1.1967465696774182,-0.4494513461243488,0.0,-0.4923220044791719,0.7479894376241374
40,0.1798968429503684,0.45193369951548135,-0.15855489936003508,0.007117788599487251,0.5567162952005112,1.0,4.29461570517624,2.587312792535436
40,0.48104670068321825,-0.24877939298411822,-0.6943922769642039,-1.8266559355857996,-0.5636263997453956,1.0,2.800033833134612,0.22256457842878008
40,0.35020786297027495,0.8752454811015103,1.2597020960884138,1.5310901461096498,1.1839651331828973,1.0,12.671083422686728,4.212723735478233
40,0.13301909809080692,0.2188372483919621,0.024060467746711722,0.03922574902473258,1.3461764043781912,1.0,3.6858883657041748,2.909479578135455
40,-0.08708483411831736,1.7992296844731288,-0.34297503863061074,-0.8125719068553741,1.5091665783233916,0.0,1.198886624992935,2.817954980903698
40,0.8621209059127793,-1.0752433492365634,-0.8276491082727833,1.012132052948489,-1.371647699661208,1.0,2.713830851093552,0.04947532083941175
40,0.3500431627251622,0.15313430401932265,0.20322224885821905,0.4202146467492421,1.3581457801948136,1.0,4.6034029710679105,3.275405016342524
40,1.2024127685682295,-0.20882263432529158,-0.9133013862808912,0.6766859441210951,0.7045477666214275,0.0,2.0901918957799372,2.0908061802312017
40,1.4523760785673407,0.12744248166989963,1.2898300331393857,0.9168131471384066,1.2181508245048538,1.0,7.865138660339261,3.9646848754529294
40,1.246727850525533,0.3855879651387713,0.7015502734741526,1.7429267105577355,0.5366073301373926,1.0,9.098267044998503,4.551265874884466
40,-2.22880245841433,0.20126486738153565,1.4855754750843042,0.5473233170144953,0.6614984343874825,0.0,0.8424983728983879,0.9699679216085382
40,-0.5182767253228353,1.180821969015187,0.9273496916552852,2.2122738441518717,1.9807939003905248,0.0,6.992805520058027,3.8794452168414324
40,0.8577598860773556,1.7556809302741707,1.9124028173022403,0.9252688680822712,0.7606978146453601,1.0,13.754079186254165,5.276856645354179
40,-1.2435780977047186,0.9030965854464583,-1.535139453547858,-0.12526680739333196,1.167901218709879,0.0,-2.1278313243795735,-0.5039150930569486
40,0.9482471630258611,-0.7177568304636859,1.9392403693033224,0.8822649611420028,0.46471862052530744,0.0,1.7169635964423966,1.7175819304405344
40,-0.1876036063207539,-0.19705819169119243,-0.02936825855066072,0.9313834342792167,2.0396022315037046,0.0,1.3343197940965883,3.315015415716137
40,0.06649984985226193,0.6468080487473948,1.0886955699223044,-0.5550304916640516,0.5451608032844996,1.0,2.548592219420606,2.402721044090243
40,0.7691126732020003,0.06597231964645439,0.8800233664593269,0.08616236432613178,-0.8873808172053019,1.0,2.5274806657273885,2.144818234920904
40,0.5041709957230779,-0.42298765378507097,0.046853736292423176,-1.6364360963372309,0.714572154427716,1.0,4.899226517248545,1.3887310260570054
40,0.2775671670266712,0.9848761297250628,0.01785829480071688,0.5844597861218406,2.3240660146515033,1.0,5.833758087985004,4.367623518254116
40,1.5279454566462913,1.3687164827319962,-0.34267672003492866,0.6310642044825518,-0.9737787019119584,1.0,7.764810165204609,5.138818129861086
40,1.0067814738638405,0.9000079144362092,0.8953682225351756,-0.07336508105725337,0.035492018610633835,1.0,8.552608954154728,3.9134850522048925
40,0.18964364595631839,1.066639839519879,1.3248993568393481,-0.48854709129117757,0.48634968407340634,1.0,5.654587780700722,2.735200596767885
40,0.12016247545354802,-0.597725421038205,1.2270546757236067,-0.77432303282957,1.9142394372831324,1.0,3.082149108908555,2.2098921095780977
40,1.2290586244958936,1.9342429050801786,-0.43678271647085076,1.0735087925092501,1.1594538046382112,0.0,0.9635458855159675,6.763155975867393
40,-0.006446632648518635,-0.26708530808862563,3.041764001573881,0.777619163721825,0.33624027547080737,1.0,3.139807640811349,1.9477462939558459
40,1.3186556049255844,-0.7379454409951269,0.364332720584263,1.057988472946056,-0.0648318586007135,0.0,3.3276783754060535,1.930365595631374
40,0.29665786029071906,1.3637565958444395,2.3033617158907744,0.18956772794944127,0.499819141075419,1.0,10.073996729415223,3.0623715334198978
40,-0.33446203023327825,0.7379892503465979,0.44461531568240387,-1.578610334000723,0.5811687328038863,0.0,3.5277462415359295,1.581297273341095
41,-0.11666574113898176,0.595673563652712,0.47042557570211313,-0.727109411724266,-0.22368769537752364,1.0,1.4486000148451597,1.8211989178408035
41,0.1990223919706789,-0.9135651014868718,-0.4047830701299018,0.054951361746363725,0.46185106294093703,1.0,2.4228707479866527,1.436106260779536
41,1.8651246214703237,-0.27525713322232137,0.7167912467138892,1.0250952217023366,0.5590046659389439,1.0,5.824638123433392,3.1859081128071622
41,-0.6199276622115308,-0.2513491835347057,1.1027226641802146,-0.8157799847627809,2.3594097481279133,1.0,3.694877128897019,2.494524087483685
41,0.2948172319048361,0.8858928743345398,0.9345643265986142,0.38705682032016353,-0.5296644526659793,1.0,5.879087046967903,2.8416787976449758
41,0.5696290914801068,1.8521401339652401,0.3230483743828252,0.9331174643392723,0.4699467392063696,1.0,10.743222106417877,5.077245895991227
41,1.9332637238802683,0.21536979360900382,2.607266016698836,-0.12861857523304776,1.198672797228933,0.0,4.382337977597788,3.468731744930205
41,-0.3780452818304718,-0.27597762549117766,0.15349746762254896,0.4199751664484698,-0.7517774891445526,0.0,-1.957772057098533,1.6764105345257472
41,0.1099944042443744,-0.10329932269139375,1.0577434035458642,-0.4321643354475109,-1.2492023131996692,0.0,0.029028694579003866,1.1710129605221424
41,0.39827018343698306,0.5511511662732831,0.19852476956142723,2.7015348676744946,1.079366255633992,1.0,15.03583627793312,4.664289291700564
41,0.30629961430337643,0.3754117118415479,-0.8054978940125646,1.4769852815255446,0.7589480416396097,0.0,5.19424125218402,2.8638140920556463
41,-0.6013437428443416,2.6166646911639586,1.0287989728672813,0.9210123817624885,0.23002258928104397,0.0,2.430179801123846,2.039910619726994
41,0.19671111945578224,0.2149340828459988,-0.5593443445973574,-0.15739513772603508,-0.20743658941067777,0.0,-0.6846926451015798,1.6336176933079283
41,1.9660232923330394,0.7269094280996963,1.6645454124972345,1.5602912117293304,0.22762680632836624,0.0,5.853182181686639,5.408207121601546
41,0.9445845569323758,0.5709288375550357,-0.38218871208070126,1.91695051682532,-0.4160943701997585,1.0,9.261046500876096,3.7842315513255085
41,0.08864936733393541,-0.9539894064055983,-0.4453340047555535,-0.015248139119940274,-0.7098691468970313,1.0,0.036565988282835526,0.8000006178292416
41,0.12078215852673546,0.5425563610311416,1.5524629248546173,0.951728657750512,0.4513183375914604,1.0,5.4837494759252,2.8932877232248213
41,2.637790059162107,1.3119332645033748,2.0413751530797297,0.36543427313401877,3.056419000987616,0.0,7.4433660576477445,8.713678126181811
41,0.1605726322932537,1.1612299435319224,0.2537896801005318,1.0815543528870237,2.080583830847349,0.0,5.219748950027225,4.523294853059926
41,0.4739561833001129,-0.4400302550371227,3.0167144521405267,0.5067360920630047,-0.20082482718342776,1.0,2.2496690382649644,1.4775079173560164
41,1.048078460770582,-0.6630702095801844,0.8276789394345925,2.3030545668472704,1.2623596523009826,0.0,8.054713507279704,3.3706878243000875
41,0.05158705718580575,0.7598014224253558,1.533512218823269,0.5329661000243511,0.9494533311172972,0.0,5.003174821254412,2.9901314546528903
41,0.08056977239919172,1.5488284626921145,1.150510793754048,0.29953294945343834,0.24858257432049424,1.0,7.143228733749467,3.1968221865296824
41,0.7932424367274231,-0.5392732470736554,-0.6725496829776432,0.8241193229954604,0.27685373383127104,0.0,0.8821303950068069,1.6956576596114488
41,0.6928990325648834,-1.573869328395595,0.17264954916713232,-0.7274377800641327,0.3268824459532865,0.0,2.0552938127055818,0.34016247561079815
41,2.228050160472578,1.700974826992484,1.062450340334936,0.6656977444335699,0.4928215029529891,0.0,5.963563406771162,8.351587572374225
41,-1.1135699811019564,-1.7136679494332676,0.7758455562649638,-0.40929107685989985,0.0748034559500717,0.0,-4.581893580866874,2.4291783178974713
41,1.058465405221947,1.216267289626657,0.3713255542029471,0.26171330122274983,1.0725932764414958,1.0,9.370543810916951,5.209406448728247
41,0.6004726123724241,1.2082560041078056,-0.6257136464610282,-0.14729926031471474,-1.1341074535281066,1.0,2.479374401450748,2.4868741277237296
41,-0.32277183263826337,0.2971353857886928,0.7072619827125572,0.21419312744098795,-0.15430664706816188,1.0,1.861872405412275,2.0349928383807487
41,-0.09988674339451187,-0.038483557361456144,1.1821757826276027,1.4415786243064181,1.277481447503258,0.0,3.5107673884126847,3.2641889566602833
41,-0.16532975051530618,-0.5233757497204083,-0.8122523447641392,-0.4920599018985201,1.1306710506112898,0.0,-2.22488521009439,1.343221574957968
41,-0.4733810222787155,1.190750651523926,1.0670044070145979,1.11564236759401,0.2586125128710914,1.0,7.102606040999713,2.498385504226574
41,0.7905276221275959,0.18926121353735548,0.7440360199521698,0.1443961757174153,1.3867072187634706,1.0,6.169580931992686,3.512821454183106
41,1.4522126366502004,2.8940157074097783,2.044961062357604,1.8879749715115786,1.8383850081113626,1.0,26.413433879784844,9.804905380839188
41,-1.231124069034647,-1.3241217355201207,0.1675806437667886,-1.1103760204358597,-0.2825280168192993,1.0,-0.09734922645796103,1.7258647343375482
41,1.3500768331668032,0.8775333691803857,0.7114208905032869,0.9249050400435563,1.6480660313502289,0.0,6.015381172438426,5.698173480530999
41,1.5458248092334697,-0.7132449098740128,-0.8793145167505909,0.40261361560298853,0.1100320336426483,0.0,1.8027678920157137,0.7680831622382654
41,-0.7470794599866506,-1.9692500392292396,-0.5299002358481839,-2.300409077905901,-0.8463988631973434,0.0,3.4756886245816876,0.13752491812837864
41,1.8408011503807677,0.869049880322522,1.1675457439998789,2.346859597092901,0.18677258636623395,0.0,10.34023611061672,6.197672763222023
41,-0.06848207912318438,-0.5767314864911159,-0.16687315501551692,-1.6799896515921304,-1.34976039127494,1.0,0.4681958854153837,0.10468634446360991
41,-0.1693024445601795,-0.7601428599151017,-1.161143841430622,-0.1727743038998364,0.8253676332062678,0.0,-0.28981223172105597,0.8079867271117266
41,0.753660169754822,0.6558435741511685,1.176452968403332,2.715082307757917,1.1206488221418955,1.0,19.223885945125456,5.089329128474693
41,0.5153012744814037,0.657495422080865,0.7216796256008245,0.9705671227474506,1.9012240889841328,1.0,8.64561739362325,4.472639145721932
41,0.004015821956691645,0.8932326606588505,-1.576311773456701,-0.30794546420505486,-0.8278415956158556,1.0,0.05960709643748263,0.09064646930168076
41,0.5657423688429886,0.7281117912282462,-0.8015654945358655,1.9856873168266358,0.2933073103524301,0.0,4.487026219994929,3.4931481749396287
41,0.7767868001560271,0.13547544308198733,0.024734116016303598,-0.4168679114742607,1.4485743806398192,1.0,3.775356569516883,3.089281077488047
41,1.3923405959357695,2.068856579226149,1.5954957807416934,0.13815034255393288,0.4411104581609575,1.0,15.284046571216852,6.673832938081825
41,0.060977927384458175,1.2574856369656695,-0.1383587246920549,2.012982576085874,1.2872682668024233,0.0,5.805896686578259,4.307300400195329
41,2.2350434814622115,1.2474051942726838,0.8832953736356781,2.293699520015719,-0.6882904581101168,0.0,8.495979808502074,7.408189220489088
42,2.3801927326236205,0.5730594703111292,1.3981889181986469,1.0429104563992668,0.9330516915649874,0.0,7.721103438413025,5.699445214393723
42,-1.2095782295830355,1.226438042742704,0.8428889858080004,2.5440922250238636,0.40844814894456777,1.0,10.8127717838134,2.0879806100620293
42,1.7264979153812645,0.7850485674212142,0.3090325190411798,0.18218858124446352,1.3031239842289728,0.0,1.7426733426005931,5.460958761344759
42,1.379248954730624,0.9490953916261927,0.652961635518061,1.142554586781838,0.8160091970960408,1.0,10.82712663980282,5.57326167799506
42,0.7202445216393951,2.441846357312603,2.2515442358901385,2.3522666400933825,1.7744334007608984,1.0,23.05456315071915,6.899519637578251
42,-1.8512246807503776,0.14068008906872503,0.42932503797551597,-1.6141253284875474,0.0420590141031128,1.0,0.3819803998742268,0.22217352754435327
42,-0.9749979177447028,-1.1546651739250609,-0.3439543820192462,0.500048632416991,0.43263572285104923,0.0,-1.820998982955874,2.296758143680781
42,0.5732934369899273,0.6456794552283119,0.44162085746982227,0.869063047057826,0.24765501698633863,0.0,2.379980482100396,3.6628797888343536
42,-0.3139564803778251,0.5777976315326266,1.745412385603089,0.24544327134573535,0.7589060405352439,1.0,3.000799674715415,2.1516680658635883
42,-0.09520640317691598,0.21758447238793832,0.43079251666375895,0.6101241074929875,0.476245762853575,0.0,0.517111949880565,2.7076898803065794
42,0.3048752321681769,1.0381087194733416,1.0262087284112869,2.412621803697503,0.03083428218137607,1.0,14.738806657207471,4.24088341038366
42,0.7937430637477514,-0.7141705938659431,1.075962549546547,0.5649904357894413,0.41883634917624846,0.0,1.951579934618274,1.9776983208720642
42,1.2664308546009089,-0.737529994027494,-0.5808619707859131,-0.46901564917468475,0.933051021060096,1.0,2.3910276389339917,1.107996348813408
42,0.7766906142452015,0.06707688421148023,1.5583535064412608,1.5033142795588583,0.8326148801568627,1.0,9.438322096979054,3.433565567988745
42,-1.4516856878718802,-0.6563917603150238,0.1645941345779527,-1.4040985342103873,-0.4137238837789948,0.0,-2.4309541827902317,1.0587065967286011
42,0.6838948137667266,1.505311945181655,1.9333259743186137,0.8250864521137848,0.8372845549758658,1.0,12.090686473820218,4.5672863098779155
42,0.358958824151685,0.15330151151822435,1.3461346319524814,1.9044991360710506,0.06969518810910846,0.0,7.788737682664047,3.1941001477132605
42,0.032431419561724184,-0.04708432366469528,0.8161590410493775,0.07109828450229372,0.1461493700212112,0.0,0.10791371347974416,2.192874353393961
42,2.6103494255930384,0.8491143604189706,1.4829539214368461,2.1169025776277657,0.740039677651012,1.0,17.552132767404967,7.203894643729253
42,-0.04191240017696796,1.3748033964835416,1.4564436879801845,1.1517321274273677,1.6820007017439387,0.0,4.893511689763398,3.8680160257806877
42,1.2316514294436902,1.3752506856737963,1.4690019076578156,-0.3003220370918389,0.953446037787816,1.0,12.61320565844922,5.159962194064724
42,-0.16469173922662173,0.9298299982823248,-2.0821072399000555,-1.5030576077716362,-0.661122820188599,0.0,-0.5110119207223034,-1.3830309433076744
42,1.3887914495969396,0.7939396274951376,0.85864559689835,1.0784101938961796,1.7650543052917422,0.0,4.623640649643417,5.698500446500501
42,-0.14436188524141347,0.3297753529246824,0.25848429361526964,0.47657887199119214,1.3969114141367716,1.0,3.621714651253002,3.0778655586026478
42,1.5391357698378911,0.11613146118356787,-0.15018791328844117,0.35377144661666904,0.5324730450773643,1.0,5.284615794517653,3.363146969692564
42,0.43240075327380684,-0.5862877314591728,-1.3301777235462042,-0.8552014252095668,0.024689800397829587,1.0,-0.5501633438692876,-0.17249596625498573
42,0.429125671934161,0.9118539629041921,-0.17192383150328083,0.22344131809781387,0.8354127067624608,0.0,-0.5082029540540849,3.490512323525207
42,-2.1495486246440043,0.7266611564037561,-2.5688750125921724,0.5305050486355095,0.9127147225983152,0.0,-3.5031085813284655,-2.6766961859589307
42,0.040133952513868365,0.5191138582670397,0.4972199815672295,0.8025075695496753,-0.9759743867869297,0.0,1.9819654081036162,2.3412465593031606
42,1.3473078116220376,0.4648111794227295,-0.3367273483316032,0.7300093574521913,0.9055922621875818,0.0,0.38266604348649835,4.12558136624655
42,0.1650033298008896,0.91241280592669,0.23746313806980518,-1.055286304791814,0.11455137537981913,1.0,3.1539586471338783,2.3095611906695823
42,0.998409285452775,0.28175611104210724,-0.6027292084240039,-1.1793243795449122,0.9628817065608073,0.0,3.3969736933094614,2.3355961910820033
42,-1.0120498496360597,-0.26461036200919397,-0.2547364986264866,0.27312602994631063,-0.6513921223884627,1.0,0.9850377454457004,1.280697204832176
42,1.8832649656876528,2.6566587892210554,0.5885529523347949,1.2564887485471483,3.0244923915680553,0.0,9.910747308837433,11.539666236971263
42,0.21633894264899856,-0.04782525694176831,0.5049262086254797,-1.3231043259915483,-0.7596366508232717,0.0,1.1970962317778229,1.160213166099704
42,1.337889214159694,0.17478249385360517,2.29948076042705,1.8185672403658897,0.6956886592762028,0.0,7.891483085033648,3.731155065567836
42,1.3212973115104858,0.41270223352331126,2.1046058825898752,1.0949698757303763,-1.4783524807621509,1.0,5.456262589107816,2.764097186301033
42,1.8837279033107577,0.36959847603304813,0.16968042862852917,0.9865889159601048,-1.2180188410321817,1.0,5.919169668774209,3.7776501861918286
42,1.245279871430412,-0.5088974709470837,1.8033752177878863,0.6314270028002231,2.2795914629234986,0.0,4.092987703431127,2.8611805226592786
42,1.8460418954237723,-1.0081261623751583,0.49765901137436613,1.005989760541655,1.4877359766876779,0.0,3.526955794566044,1.932309595131752
42,0.01894438148542077,0.24981696842162926,1.182051517247137,-0.8093681391213408,1.6246380904466975,0.0,3.5276989605626734,2.516801216103995
42,0.6378702500132931,-0.778547115445485,-0.6256510851394643,0.8473292336118139,-0.08285377138519956,0.0,2.1337397938023157,1.3130437121552836
42,-1.291813367619746,1.991452629704027,1.6388919099548527,-1.1053351294193905,-0.3969490601671908,0.0,5.24577702368677,-1.2225046055346245
42,0.5539717337396987,-0.4377062235817527,-0.1947572969619732,0.43126862182271963,2.717645353463732,1.0,5.5368016357849985,3.2738288870766006
42,2.91429002403666,1.8526977035546817,0.5760619953415492,1.068758361084175,0.6096805752790603,0.0,5.834163681613303,10.748657043953234
42,-1.0618962273534196,4.146626906671532,1.0279392297999776,-0.24544976877012714,0.4497565714936464,0.0,5.033446502565677,-0.7282146657461595
42,0.26322478636463453,-0.11990678781563824,0.3112550459693613,1.4119570940376067,0.9470212569543319,0.0,3.346979758613621,3.327163216493409
42,0.25981552729964685,1.0991999375075951,2.103953406097249,0.7343192158388059,0.2552426718649933,1.0,8.128484411436647,3.003599823012486
42,1.8343644845323626,0.9614508106574251,1.2852326121526445,1.0476856661583618,-0.5703190925119965,1.0,11.954996918412284,5.324556843108791
42,-0.12861952665725385,0.5238529077231957,1.8146924349221965,2.6337076248203473,1.5135723622343749,1.0,14.44064979481663,3.86973993798121
43,0.5068813066018064,0.6265359690002036,1.146884492549301,0.12611560956253826,-0.08429568935353493,1.0,5.4516509870448635,2.8899693914534783
43,-0.6348857113069777,-0.4131423679174011,-1.6122002835860703,-1.5831235223056948,-1.5577941796032975,1.0,-2.4408796749536648,-1.6796669743233263
43,-0.7964675005799311,-0.38102997616403644,-0.011699278498692123,-0.5002454488225101,-0.9255404196019974,0.0,-1.8089241524223743,0.9959182451497124
43,1.089952336600753,1.7388009887776466,0.22985400647916004,0.18180470580438596,0.10450261456917148,1.0,8.899597405854559,5.541367194587629
43,2.1129047907478684,2.4582580546821013,2.1424878082815244,2.1217342940026587,2.3388249607670426,0.0,16.672253437463695,11.240114838878018
43,1.551864120080943,3.2913931435733623,2.0017193088848826,1.3461934736380006,1.6074639792846934,0.0,14.361253662604094,10.589402353470671
43,0.8908052096538408,-1.6088456837033474,0.49315109354757114,1.263970266749607,0.496869907222826,1.0,2.377494925491642,1.21565277451784
43,1.6575835880967884,1.4480291158359773,2.026250158700573,0.5323542695831301,0.5941422706388102,1.0,14.407284123234135,6.089539070874161
43,0.9019649744544689,0.917451038384107,1.0464784086842176,0.820830874667148,-0.442231208233289,1.0,8.870456404722503,3.950378412717172
43,0.27018551862700624,-0.8229678349722238,-1.1327038306540365,-0.9174367615552312,-0.8350423012768269,0.0,0.18781755220272156,-0.517123722302794
43,-0.6321597544658191,-0.7083460319215118,1.0984173774198873,0.15562558942980365,0.46254244960672025,1.0,2.6783816409081744,2.090833666319589
43,-0.8545022696315474,0.9779336900787663,-0.7524615618933839,-0.11717286554749629,1.184986235280665,0.0,-0.9309622513719273,1.1137538142383212
43,1.4116261841691018,1.151777570725176,0.5917846758222751,0.18685523818965666,-0.07459971720788039,1.0,9.66196514669552,5.089547785283861
43,-0.4509257524086393,1.3398062267900719,0.666233481416601,1.357458818769322,1.2314473680254907,1.0,7.402588621123085,3.254011996110017
43,1.1420494524269338,0.13596373487208424,-0.33876446712390884,-0.11551848809286036,0.7607194700644695,0.0,1.1181481942831506,2.8906681401465875
43,1.1500239609724818,0.3241979041181541,1.03908052072326,1.8115977942071504,1.652543983371296,1.0,13.214709183388763,4.868570445475322
43,0.6381123560099486,0.9975628726315626,-0.03816227497317415,-0.42873783646373376,1.6596151743106862,0.0,0.8695069446033898,4.050024249435028
43,-1.2055649766127075,0.960231657798652,-0.4386753404115571,1.3947831730913036,0.8595438038641103,0.0,1.148892078767612,1.5328525968453652
43,-0.7192331043607925,0.1771567387813502,-0.046476439174572115,0.7328582720564725,-0.654017243756831,0.0,-1.0172268397050417,1.6166472852781895
43,-0.6331022433206759,-0.26036988159288754,0.4945007253254674,1.3340110005250798,-0.070600083222783,1.0,5.289289531074116,2.477266286408942
43,1.7946610363502258,0.799528736197027,0.4329019236463403,0.3862484070865283,0.18132645803921243,0.0,2.93298286168095,5.139968547817833
43,0.32171874753619345,0.7755309505187721,-0.8356882116900448,-0.7114114598536421,-1.781698487130023,1.0,-1.2120414389920096,0.8043959705953099
43,1.5438333374191744,-0.3800373657093312,-0.13642187134676453,2.056480676748188,0.7086905431078236,0.0,6.466092968301764,3.300267264963351
43,-0.49212649112670426,1.8262359470451652,0.3394043126787529,0.7420948039733719,0.5561537992405339,1.0,4.452470270670728,2.5300952496008313
43,0.307484090283335,-2.4871220970048062,-0.9278976765897766,0.010165399057890712,-0.42664902045589115,0.0,-0.23181444348420466,-0.9272422035040054
43,0.3010340853409774,-0.15601270378377285,-0.13564699352967213,-0.4522598797306727,0.4101592309008021,0.0,-0.7951313072902599,1.9274857727680026
43,0.9937884886273384,0.38234846155166935,-0.07802656734754743,0.5771839363965601,-0.018815407589385713,0.0,2.683907225983546,3.3051704270306734
43,0.3427460939222347,0.9002273110424742,0.24206900163929274,1.0324086207146697,1.4763983683686224,1.0,7.144887579523074,4.276318181389332
43,-0.012424347649735545,1.630593701475002,1.1980431912462812,-0.1464601872541238,-0.7050953361267331,0.0,3.571341568756533,2.326250329625813
43,1.6764506389407587,2.3463024951731146,0.4464624075028052,-0.11793995051754702,1.0302850738063953,0.0,3.1935993343546265,8.52622084524322
43,-0.4323263791857903,-0.03440253047116959,-0.21704855704277248,-0.25275564714881116,1.2665176604105373,0.0,0.7007722943378024,2.1564026848681834
43,0.6657944202874844,0.9142062175433895,0.52855959532708,0.02140658314563365,0.8608332869073305,0.0,1.9496187839434749,3.9676077980268563
43,0.20218359466303298,1.4678102235834993,0.7160100013074214,0.43543633519077396,1.725557887029842,1.0,6.8704355951022915,4.3246968499143765
43,-0.20639911973534797,2.579408654888209,1.1385513006160375,2.959408879166612,1.7930643043939667,1.0,21.124257493094138,5.018539735933103
43,-1.3778761574971436,-1.1665102246071373,-1.2750848571361724,-0.7972576922595822,-1.369016577394316,1.0,-1.6397491969437192,-0.09414561630915164
43,0.34796613046400066,0.8690446250680748,2.07345224267715,-1.160031666495225,0.6155270513731321,1.0,6.928565685454501,2.1936226565072228
43,0.29366730724252454,-0.45324910901811133,1.4268476742777008,-0.1220595354640771,0.15678964894626157,1.0,1.7704241474975952,1.6613455831395316
43,-0.6786454650725093,-0.09966965404792116,1.0785438831627756,-0.8286361224998469,1.0172352278272374,1.0,3.330503918302777,1.7846663910690022
43,-0.5873643469436898,-1.3076944271659958,0.7403284097133593,-0.46720005224339933,0.43823065060830985,1.0,-0.5239124933186018,1.9144902764093366
43,1.055675016969239,0.3041635888626767,1.7277361582036024,0.15024253093390372,0.21909163381421953,0.0,4.033063751798489,2.893255982799033
43,0.41658319358280704,0.7413861801065336,0.8141168911676966,1.1712306695847712,-0.26612604641805826,0.0,3.625359148755434,3.433955253427715
43,0.05443040256392878,1.3473322160315349,1.7563752749325379,1.8674682241393057,0.5803184964012748,0.0,9.443896311917836,3.69178257015995
43,-1.212030758146133,0.9308996444588231,1.1783386025905795,-0.9629815893352673,-0.1620714969683309,0.0,0.30033127280950245,0.14025863544028327
43,0.11547625157851055,0.6191469878209189,-0.7078091575313248,-0.10783320351741754,-0.08232023798874943,1.0,0.8097071134702495,1.7496152134784109
43,1.2185336408902052,0.2097710204330478,0.4433991563965133,1.9187554852083595,1.1790484961502097,0.0,6.922461070679423,4.643665549106723
43,-1.0976061249364677,0.3244853617363974,0.13525028050352222,-1.4557192479312788,0.5276535924573182,0.0,3.267003607415721,0.8517424252595489
43,-0.948842921817564,0.7073659325133836,1.7157967292462015,0.02474259348121488,-0.06363569513339162,1.0,2.4164858461049805,0.9020413330062598
43,-0.13716465846275028,-1.0693818284441188,1.739673327793732,0.8428511534615173,-0.33890947423383333,0.0,-0.8494540660754766,1.497140221411433
43,-0.2678901559647482,-0.768875229931272,-0.1830027494381432,0.048427470657417815,1.0895773810571048,1.0,1.7388483703508082,2.1483941406867997
43,-0.08181056490109795,0.06345783768519098,-0.012870224568319655,-0.0978637238869271,-1.3866301264430994,0.0,-0.9534304393412204,1.2368672571974493
44,0.7348244768321849,2.7508409524992685,0.5060520507434916,0.8977839126668706,0.8302764086533501,1.0,11.241300429580184,6.75593916468298
44,0.9075198767724326,-0.4671455835353212,0.7497963658668334,2.114345867924997,-0.0100850629275413,1.0,9.136562066349752,2.955099488266411
44,-0.21641283254458987,0.6538327207641708,1.2566322858896388,0.11209082904253648,0.5090003854236057,0.0,1.4507018065559965,2.3250954393626015
44,-0.19254475270002847,1.3823192243441988,0.003973749370563995,1.0638608734082862,0.37998324523701654,1.0,6.314295753935481,3.0526299612945293
44,1.2847818048695263,3.1015074721528957,1.897059856704578,2.830880304904911,1.1709747698196238,0.0,20.08951423094163,9.80685655642899
44,0.07418959310055767,2.1295696504638633,1.2452438567151483,0.9192585217265847,1.4993781224795077,0.0,5.007468214149499,4.411644063862584
44,-1.1395274112727032,-0.2742035023585525,-0.7698042549527229,-0.8897281573439657,0.48619278525405796,1.0,-0.8588251770371802,0.7369740577490997
44,-0.9263829617883899,-0.738558021523454,-1.2972431682643941,-0.17975425501554865,0.1430753462709195,1.0,-1.043436508426418,0.4549102138043828
44,-0.18422148642662706,1.531035534087211,1.0295428691328596,2.1485494456470935,1.3180079955060604,1.0,11.641501494696163,4.154618226107907
44,0.3260857288486787,0.9048829074051552,-0.67374332630824,-0.5062829340793449,1.1621702158602791,1.0,1.1781587128175257,2.6831173247335656
44,1.614073599019958,1.1144348939045678,0.6831230661308195,1.5236628853329182,0.8425859258885651,1.0,12.13223767466326,6.463325292921952
44,0.904653064521953,0.7103095375828495,0.7038018230421954,-0.9768364994263852,2.1739352892506396,1.0,7.1213340912976,4.16290277150245
44,-2.266459306024373,-1.5902286530587233,0.040334622794554076,-1.4702255415109116,-1.1115058662299653,1.0,1.7252778523306578,2.4043328267938837
44,0.9827802604656035,0.16537776814102179,1.2352437139499506,1.22956721266674,1.0213586951897518,1.0,8.71962072110042,3.80898484417081
44,1.5350998201207133,-2.607721476911706,-0.640523653034754,-0.1344419574369512,0.452235732891161,0.0,2.3383238377849827,-2.8990056125968144
44,1.1049115449350364,2.0151050092001173,-0.42458945502048107,-0.08996751212764276,-1.522051361257473,1.0,6.72780699300845,4.679424834186082
44,0.06906306536824341,-0.48905733804947293,0.9525423131712404,0.4426109272551639,-0.7443546931889244,0.0,0.9966841390289864,1.6612395933001118
44,0.5797100513905529,0.892698764554871,0.9041512139989631,0.9960426651620491,-0.6460309141689238,1.0,6.426732685697455,3.499145201158814
44,-0.12283567966744546,0.4694615850436762,1.33739697762342,1.3248662995474565,0.08527071831467176,1.0,6.33623889914294,2.720699349563746
44,0.7474259451469862,-0.7223329545211108,0.5906433600812242,0.3166297928419441,-0.34520694437042887,0.0,1.9868530071046848,1.5842717750292823
44,-0.7771287963014688,0.7767605278269913,0.34089417165089686,-0.7748532483710069,-0.8182154413824116,1.0,1.1587321255048786,0.7125417266847736
44,0.3396750115575585,-1.1406541476802239,1.4147088512860604,0.17464174643351144,-0.061013203301506724,1.0,-1.5049406921389716,1.1316818644876048
44,-0.5393704363188263,-0.5679141037889952,-0.147305334187244,-0.1122788042272509,-0.1606586814662324,0.0,-0.9874098609801776,1.5317225713915297
44,-0.006209769679285326,1.9345894012123013,2.0305977620301983,2.3572468799873243,0.5677172035683187,0.0,14.365455755295184,3.986187210192538
44,0.17450537293704116,-1.5092367203314576,-0.8545438062980582,1.138214151911984,0.314351573131339,1.0,3.3394394452827596,1.0248380408864757
44,1.8481821207865545,0.8622697040599447,0.7325749713925681,2.3779937232748334,1.0754535506405731,0.0,11.478116197584653,6.785323248996759
44,2.536698952956748,1.6509057042426858,1.9963904508282442,1.406875350051973,1.6004818215495051,1.0,18.824433536773526,9.370664932250369
44,-0.23849318339078363,0.8306731156163065,0.2890593528805444,-0.731536830202892,-0.2692639299042088,1.0,2.4196151087398414,1.7006218184736817
44,0.35925022223979297,-1.1655193486570197,-0.11916784618450904,0.1314877497655892,2.4012018675580933,1.0,2.784166795494106,2.377821148393557
44,1.3314568283008388,1.414617792698699,0.898682228191561,1.6853008262298417,-0.7235201977432639,0.0,6.169263326544494,5.809412932733809
44,-0.4004250097067834,0.9027713248941924,0.03986315522107481,0.2136545001886519,0.021763205042219125,1.0,1.3298722252524522,2.0265269409227145
44,-1.0325581062738312,-1.0739680948782158,0.5722094391619632,0.26407101804851824,0.6524757419850742,0.0,-2.3474362545944905,2.640756098298434
44,0.5137579881243225,2.106406890495796,-0.3743551992943909,1.3868385198303756,-0.5078836102512136,1.0,8.122104393537196,4.575309261928307
44,0.5350076640857389,-1.3651786828157262,0.37333043424930923,0.5571476810152953,-0.5148259516643052,0.0,-1.5866787438275187,0.9934773551091296
44,0.9451197651145183,0.4467117568392707,0.06763436850623117,0.4101235549640089,0.19574903742852728,0.0,1.2272623835789749,3.452579019973166
44,0.1706772726914903,1.1254871322342002,-0.49530666742317964,0.16233718491573973,0.7675578974029911,0.0,-0.4525601652883948,2.9372944758174966
44,1.4376060550757046,0.2577109558857596,1.0217193571510363,1.8267921211266118,0.21373201817593507,0.0,6.9645617686914365,4.27116718471659
44,-1.2539708143078694,0.9223881596807948,0.14252461148983048,1.3031207493997568,1.465750112817238,0.0,0.8347773531851086,2.1231191266233846
44,2.021155866583351,1.0295934761330168,1.5692137612308885,-0.3572386188616329,0.47864652790893364,0.0,5.216235938852783,5.453236965882886
44,3.3260384997288943,2.1077458013689636,2.1194916008344546,1.0292457625345084,2.0359695470590067,1.0,23.15540136083036,12.798114815275362
44,0.1707664294515409,0.49124697526685457,-0.23282210801491743,1.435670105366801,0.12839126669357753,0.0,2.573096034188709,3.0535339677101416
44,0.29355873626311413,0.3715476163628713,0.5064204610188585,-0.9021451160987464,-0.05531882654419551,1.0,3.26305999361806,2.0905888463459203
44,0.145973929775998,-1.1239968536377625,0.3620097452612047,-0.9793904822355175,1.251657031276895,0.0,0.9414966858419973,1.5992394000440413
44,0.46051510152959885,-0.9846726505407533,0.5077200795167329,1.143685500910737,1.5891200093975444,0.0,2.1663017972845657,2.7785826384775625
44,0.21094436526882637,-0.33791153193479395,0.4724826515926121,0.7328136145957009,-0.025484672530335373,1.0,2.6008587804354364,2.3455828627522406
44,-1.1451782353117137,0.8837344028677258,1.269663779479055,-0.15072288931562972,-0.36604971053076896,0.0,0.5593089159559631,0.5302922503140866
44,-0.05109567576671048,-0.7426665341935528,-1.1116357659499305,-0.016907137169134057,-0.6500398171569408,0.0,-0.28321094031571115,0.19497035240247096
44,2.071599691559028,2.4622233391865826,2.6174539747824195,1.098901217284727,0.9000895225010996,0.0,14.004221702764532,9.810119656693516
44,-0.7269505650629411,-0.09636232104684961,0.43581233345428705,0.5630215497534029,-0.02465702525793423,1.0,0.5905164507319289,2.0520100470104947
44,-1.2026533954053618,0.20549692983320855,-0.20646488897708082,-0.32757083639695117,-0.13533881713677298,0.0,-2.0959377386515534,0.8983546464035965
45,0.4504099136044071,-0.24376366382730363,1.4178150768765971,0.6523555032862285,0.6112916511485073,0.0,2.5243353497116052,2.4866459074907796
45,0.10032576471373367,-0.8156268290357669,1.2637614549373748,-0.8923516807406513,-0.11935221766300053,1.0,-1.3481289345935323,0.9887833692394484
45,-0.39630224951840465,0.6759452442877519,0.8841475745266347,-0.606669582312154,1.633982311885494,0.0,1.0481463232268315,2.461622004746624
45,1.558637612550101,0.5367913293294795,0.9728592279179997,1.9823272210335952,2.178559956470711,0.0,7.845426647646187,6.014189517035485
45,-0.2270068112524024,0.38258390854541313,-1.238618074849784,-0.21298565808209646,0.6139484197090805,1.0,-1.225481207698353,0.8982147155035538
45,-1.0993683299281598,0.32077839809842656,-0.8085108294876857,-2.419115488348598,-1.0950417679423097,1.0,0.05965058330642259,-1.2127063654687005
45,0.2859928761495906,-0.45398856652928254,-0.20423426568676983,1.3165633069394391,0.1104895703895849,1.0,4.751224167288562,2.3767905405784804
45,-0.10715107080048447,-0.06584979752024434,1.2281508241809247,-0.10482398072330645,0.30574651228943783,1.0,2.160642806469677,1.9710721022083475
45,-0.6015982585046202,-0.2752851024074957,0.9635317029370274,1.3018187384827153,-1.0088784042209942,1.0,2.015457684383321,1.9260286504306001
45,-0.026286286202044873,2.5124395592675617,1.4819077029950634,0.4089354112086332,0.9619277005202935,1.0,10.814116950308486,3.6921909543293623
45,1.7304152538245319,0.5744136779481173,-0.12408819534123128,0.6826952008794858,0.27406717105597483,0.0,3.218775667267602,4.555036678276165
45,0.6581138600635426,2.543709182361083,2.3535163168540345,2.0418283398626573,0.9791282817916181,1.0,21.55998671860105,6.2569877663274305
45,0.5946451768633253,-0.27361268637024716,-0.12425092636052804,-0.967866607070448,-0.17834952775717006,1.0,1.9162828150974422,1.354871029784006
45,-0.7923197334450909,1.1998425956434908,0.9486960627659117,2.3008394297583443,1.1662492327119294,0.0,8.133627127362496,3.043738065583841
45,0.1242058759680032,1.2573338591162768,-0.21023871474953826,2.5486238790916795,0.7311789804222397,1.0,13.458974846498341,4.3597013176855235
45,-0.6209413722754571,0.19305590676051648,0.06606730322208415,0.2743750753507759,1.0120222583986642,1.0,1.7154268091861962,2.3402315355093597
45,-0.938611441874946,1.3910654636150181,1.172602988250481,0.6931138598716922,1.02793113117953,0.0,1.698223329876122,1.7551347022569967
45,-0.38308324288359974,1.6410266403726448,-0.8328058736658572,-0.5047567597666507,0.4244806553523931,0.0,-0.6768063618299457,1.2165834666168003
45,1.0462625475550646,1.4111520640323818,0.9478910813249073,0.5577506766549305,-0.02910310648303671,0.0,3.691324016620499,5.026809406856868
45,0.6136834412966545,-0.051731753177561735,-1.0166771589438182,0.22939668269968327,-0.47747163476463417,1.0,1.2021760913332074,1.1430473444912894
45,1.4520758704643981,1.8286270439378316,1.1594709331682145,2.439860471669288,1.1935057096503319,1.0,20.52595188252303,8.091899744635668
45,0.29276300178598175,2.251161437654816,2.8060667870829397,3.8358371938400477,1.02311426253126,1.0,33.07967132424454,5.819290831076029
45,0.20945483292850997,1.0177727224130642,1.3190769480943403,1.8232108722988336,1.4655184463012303,0.0,6.762067178102026,4.379763846668999
45,0.5487758828418967,0.14706370618408465,0.2063112327172491,1.1509016812639556,0.1631261617939087,1.0,5.6082530391511884,3.167587566606542
45,0.7405126906754145,0.033232494502754506,1.1386364540706095,0.5855313830886644,0.6322712599276824,1.0,6.1703629542272305,3.0085343039262256
45,0.2296454312561107,0.010769677227535468,-1.0490526172284926,-1.236516517564679,-0.23959673933870007,1.0,1.831852369075652,0.3584904306421458
45,0.05755850366742049,-0.4071414432641606,0.30524150043361337,0.2654871722837029,0.21329960275697118,0.0,0.2843362782176261,2.1475626195045523
45,0.937359117580357,0.5937386923212532,0.8844388887404628,1.0629910684725559,0.902825195058113,0.0,5.763379362769318,4.380946511978486
45,2.7818610455016093,0.8730920221286086,0.2918250933696041,-0.21851581893169036,0.06116229026882697,1.0,8.848849454766542,6.281253392020303
45,-0.5684281490640224,1.1327285230555018,-1.1514133015420525,0.44322254685565676,-0.7353253652626828,0.0,-1.8233683452875797,0.3237143719373648
45,0.23319696462445405,1.5722755757172253,-1.710125092947664,-0.3141024701057826,-0.26856739822273323,1.0,-0.8241706757359444,0.9841102645776683
45,0.6375944964302905,0.9983853295913445,-1.087961430570425,0.2315227027877047,-0.31590985325012466,1.0,3.3675553397593565,2.3326724691152325
45,-0.18922139253361014,1.1753552133225589,0.20888477835415092,-0.690254850646316,-1.2791168562276518,1.0,2.33521443861434,1.3686838814186826
45,-0.9809802798981544,-0.4146359763458264,-0.63974702334718,-0.5993421809738546,0.7256339396585908,1.0,-1.46145914085515,1.2544607643989412
45,0.9039167322657625,-0.7586723196433494,1.569602614635169,0.1926751191519116,0.778809759102258,1.0,1.8797829098785184,1.6585830605996048
45,1.0930986865672399,1.1782673244536752,-0.33657018653570636,1.8872137047294528,1.854141301549454,1.0,12.391470807235518,6.069930796873499
45,1.406701912179857,3.561712444380475,2.2630374133922038,2.804409019571294,2.1926748481978073,1.0,34.755286997788396,11.486271513616558
45,0.16692760683342606,0.9778944154515891,0.6815837701930675,-0.7526771687370835,-0.599075127036675,0.0,0.6005410120068284,2.1771402031739555
45,0.17827552773490163,0.6577311766931113,0.4509695789738044,2.5668984781835698,0.9875491107631427,0.0,9.521972304240157,4.43799425454183
45,0.22736164113097546,0.9147790981292254,1.2166823142497625,1.1832142239320254,0.4376673316245613,0.0,6.7031316803489345,3.544597467449875
45,-1.4385373962913819,-1.7749961839341752,-1.65002229513426,-2.097392674916856,-1.584743846400635,1.0,1.2119994161456413,-0.7985909235015631
45,2.5035704301799337,2.3430936410719325,2.759605624196207,2.325785828630559,2.5835973971448323,0.0,18.97935628305353,12.19600064267205
45,1.5725601515224283,0.4238367279173423,-0.34824150775703255,1.840945649070473,2.1914384538296305,1.0,12.51159038631315,5.446752729628658
45,1.982804255091668,1.3241382378454798,0.4383108124719265,-0.24203757695824846,1.7473140270571128,0.0,4.282230317144312,7.156241673805166
45,1.7240727697422087,1.2299547105271489,0.7866050189085869,1.3292431035703023,1.431613029929537,0.0,6.9943736236843375,7.077528631502245
45,2.258852178850364,0.787821816901904,0.6564046841552715,1.0609260809724015,1.0180678554930198,1.0,14.307424585815756,6.462800805490906
45,-0.22042614883690126,1.7680186099803061,-0.32180513615415585,1.1705630455606042,0.07092253830038187,1.0,2.153436259848539,2.7925849575253228
45,2.4231248684300204,1.1758472200042456,-0.18953122879926287,1.4612780307398083,0.8156234747477715,1.0,13.606433768197359,7.674488481656915
45,-1.1851999985387414,-0.6838684205508487,-1.2769345692207825,0.40909462589532397,0.7934519914759057,1.0,-0.20936372050014412,1.12844325479458
45,-0.11536119912996246,-0.39864947700447506,0.21696579799970178,0.04173653388907628,0.5473814217642803,1.0,1.4777723235003482,2.168580329293755
46,-0.25281344917031445,1.538778111102028,-1.628343703692384,0.8344730705489667,-0.5481199316808034,1.0,-0.048778115681425316,0.525447627901981
46,0.17843532798820144,1.918570710352549,-0.549095875147539,-0.7838676923898895,-0.8905753965105432,0.0,-0.7194889148189636,2.132071079181021
46,0.1597035901291441,0.2458467581708899,-0.5512563616626998,-0.7868890920450804,1.5403163723895863,0.0,2.1739056043749856,2.1949904085973864
46,-1.0539618835469797,1.3008765139776814,-0.5415868546698064,-0.6312771855536332,0.6112573498392191,0.0,-2.1292215278056883,0.32847145179504245
46,0.6166282281857074,1.1945342921072015,1.5969199512915233,1.2114172313558087,0.7055423636624215,1.0,10.484050907539743,4.3729839440698575
46,2.5195891223192413,1.70331164877939,0.604941874737395,1.9356869466396298,0.2320158176247451,1.0,19.342229351204406,9.611953362922376
46,0.622374714605172,-0.7651665195872555,2.253373459345929,0.8052397757138421,0.9040054446445926,1.0,2.9847516783218717,1.8028983014415783
46,-0.004089325008022837,0.07386953203390273,-1.162173421047676,-0.6608399755729022,-0.8150656165472647,0.0,-0.7332567544302432,0.11289450901470771
46,-1.6293913766329569,-1.5858513419002351,-0.8727669054331546,-0.2577440665058812,-0.46469548871202726,1.0,-0.7283173348449505,1.8214571672528814
46,-0.23918729241057313,0.040746903203071505,-1.1379402402969767,0.18424526719025014,0.757788244288374,0.0,0.15745853914146457,1.2125454829858984
46,1.0213222268022846,-0.06796842309917461,-0.056401668127117444,1.1193459990351224,0.40256296011287324,0.0,2.6456697480457763,3.138422733655955
46,0.9509993101339,1.0175570484525018,0.9736728618463497,0.7693852593830597,1.4142669481890513,0.0,4.631461774432489,5.092902798893807
46,0.09730445636842261,-0.6199888725538576,-0.32617918411559554,1.274658730074277,1.4244050455740032,0.0,1.2272701416024347,2.812045951286791
46,1.3810399089164074,-0.8901880620218889,0.7105180222905878,0.5535682767010421,0.3457148235078918,0.0,3.172167476194411,1.5789653544342
46,-0.5446689933937974,-0.3016708317237551,0.35186497978848374,0.6429229132803856,-0.0177097573540137,1.0,2.4020238920541686,2.1684114856486247
46,0.36923182525394066,-0.38185215422065244,0.9334435130061911,1.3740041615979464,-1.1043689335343336,1.0,4.905791511317892,2.0493072927327303
46,-0.47333881110907805,0.2132255159189947,0.5429212581162606,-0.2717574057555664,-0.12741783783573024,1.0,1.5204853792398771,1.6970915472930517
46,0.0060212813279877375,0.7076989499646772,0.13352387587267828,0.18884885483409808,-0.19458213963048698,1.0,3.6896871230735955,2.4161155892372306
46,0.7831702681402566,0.5570586398552826,0.9920287940991301,0.4076881912708047,-0.7262611484799408,1.0,4.5754217421348695,2.9901067447562473
46,-1.8325358190014898,0.6989569296509142,-0.7473642630576338,-1.4855420848838152,-1.6443411516509836,0.0,-0.9088534768474027,-2.05279385830114
46,0.5679253314407062,-0.0632372221001356,0.8915641385546769,0.06600937320935685,0.1175653642198059,0.0,1.6130040265195764,2.382195281593478
46,1.4740660807546964,1.3040486141379655,1.7767704303733163,0.23499168561815603,-0.17025514382909712,1.0,11.95372302823591,5.027543893301168
46,1.9414867955155701,0.3569702951798589,0.7066508432672793,0.7624311779030912,0.5177376484212436,1.0,9.753613966160476,4.596232206786576
46,0.9555700519061641,0.705542296841461,1.673216677126674,0.9219372458394555,1.4434684165695146,1.0,10.685711866291511,4.4218210528160595
46,0.26088577183381334,-1.424730151160111,0.9922940836218699,0.5649443865894463,1.0395029816111554,0.0,0.5458229085180718,1.8915272160394094
46,0.9912019859061146,0.9319062430963463,0.37646384560162977,0.30134684711793297,0.5696887095118902,0.0,3.819612825897798,4.438981593159328
46,1.976749916296027,-0.3458745297181046,1.7713674804965782,1.2298450525299336,0.1343235625663063,0.0,3.386398061001408,2.500269226402335
46,-1.006452899387725,-0.38611682709914874,0.4673001160363232,0.8972989792806296,0.1377266466883716,1.0,1.8192714596625756,2.336274185539528
46,1.6724610232891715,1.6528705312472045,1.2304758774900997,2.37735074367294,0.28522305181842295,0.0,11.563939319817687,7.707341333903422
46,0.09753544632834016,-0.14424661684751772,0.02678361207416119,0.4162432309882658,0.9163971848535158,1.0,4.133142753727085,2.6419286110464273
46,1.0728309029808258,1.6587652832507065,2.6720580143707306,2.169360872228455,0.46970277476615246,1.0,17.851942045896866,5.909154633297679
46,-0.5859171866742297,0.6363464146138582,0.7960491854672711,0.081601580274345,1.1701917603252026,0.0,-1.153231854271127,2.3758249814277286
46,1.8757032299780596,1.426964194727915,-0.41630312139051273,-0.46991261242407345,0.5899225188982519,0.0,1.4690915517451357,6.094338592238614
46,0.005600190003284877,1.1059338125143998,1.4884176215381557,1.1596757811868916,0.8329584288761493,0.0,4.608566763412935,3.3847719196443227
46,-1.2656135968396187,-0.9495175449232349,0.3573589774736554,-0.7311539443725563,0.16649540585046557,1.0,-0.05244887399674769,1.9273308867306238
46,-1.0532063181749551,-2.6770538159867496,-0.16418423930831505,-1.1457869936754834,-0.05571852121757925,0.0,-1.7074893063373489,2.2580670666230267
46,-0.00806114833305005,0.35359467414041634,-0.9366664295039786,1.3219155339458557,-0.6868239203983073,0.0,2.0230502120237785,1.6116057706465163
46,0.7538189012305723,3.438085471287801,2.1462131843491266,2.793739489507031,0.672305486702031,1.0,28.58427942682477,7.949590511768164
46,1.790329822966094,-0.7593590378063022,0.6317799695593966,0.7479704148013785,-0.1420747535944865,0.0,4.371072264962454,1.5817976453372005
46,0.3820713589128164,1.2190955342226877,1.537591472145307,-0.09429055347636395,1.6879278109102946,1.0,8.8468108067718,3.8651780520111183
46,-1.756392237534353,0.4472127563685496,-0.009997917574395165,-0.14884894954922467,-0.598075491377525,0.0,-1.58369812006783,0.1814180875928697
46,0.22804459932735638,1.4836418145110941,1.4611142057510627,1.4750156751568668,1.4861892841523519,1.0,12.101024083737238,4.514801630154078
46,-1.3160583188958466,-0.3280440218762898,-0.44241992572388344,1.3300495681340283,1.0607278412176515,0.0,3.5803299387256926,2.4875709086099134
46,0.09469500058654218,-1.7268666945396713,-0.14943578864372253,0.42194406988879407,-0.026717829818351246,0.0,0.49414585863273774,1.1321389713275058
46,0.6162333631832992,0.31267846355274764,1.515046198579761,0.8455756363039497,0.29455801336105775,1.0,5.920479292945353,3.0404499921032784
46,0.7249466836015018,0.11012688384428088,1.1560092637864736,0.7633254949917397,0.4880856128903813,1.0,6.175583582762017,3.1040781479055863
46,0.07842233386238223,-0.02944559221966847,-0.6106725048751747,0.7548835366092543,-0.07663198718104469,1.0,1.7976952493291438,1.8752312774006707
46,1.4840206635120703,1.1491786524293603,-2.5528129932345056,-1.4904815274506793,0.23022539582466894,1.0,0.6026729280194791,1.283850952198244
46,-0.5679929764519887,0.17941209997040442,-0.2706637453672115,0.296286506957689,0.8506024145238941,1.0,1.7319277119953806,2.105510979467761
46,1.727750001746685,0.7073273450791286,-0.9566915761526895,0.4010889146926828,-0.6078335684024789,1.0,5.300711239624348,3.4341324554490122
47,1.9622616973685072,-1.408857227666866,0.32456501140944993,1.4287947851494516,0.39043394192181013,0.0,3.8410429729120654,0.5318420616139485
47,0.23007282780417615,-0.2218586213758459,1.8613931201721112,1.4089473511724973,-1.3270095692385402,0.0,2.847437845595131,1.6382048661276754
47,0.4747981094120978,-0.4953415145787864,0.41075300762682304,0.02830677642286633,-0.37201060309388423,1.0,1.5440700562846603,1.704886080226966
47,-0.2988201420579788,1.4632170578619719,-0.8079164919373278,0.975153645615561,0.8779780182416153,1.0,3.208104406731463,2.3585733082395577
47,0.09590710745625552,1.1160883335487914,-0.4646821038405947,2.0658429466559163,0.16765125422667893,1.0,6.482343867384008,3.491408645086654
47,-0.9083786931708155,-0.6163306571887075,1.0217800184475743,-0.40527178252408425,-0.33507038707514625,1.0,-2.0924814971047705,1.4600742411035164
47,-0.19999282809458385,0.23047171004227734,-0.4624339585818491,0.9200494824549459,1.1148102197542302,0.0,2.1037495383709377,2.65032891681258
47,3.950181022181338,1.6531638368893111,0.8340882242918173,1.4066592631581933,0.8763400481764454,0.0,7.107396445425474,12.56236591211663
47,-0.20277477867168925,0.6236774316983781,-0.2904398818400442,-1.826929361869475,-0.4727375371163989,1.0,3.4521233982407473,0.7470498805428362
47,-0.22576527281097059,-1.3489699107577784,0.40367480882817847,-0.8377426070811631,-0.6348656828529331,0.0,-0.7689854436033322,0.9023399677421273
47,-1.9095804049052272,-1.3654655890692158,-0.04245854042045771,0.42986172483433377,0.7222809008035591,0.0,-0.5315680911186353,3.5238841496544477
47,0.47056761420665555,-0.0861630565389212,0.5233439539089505,0.16180387799460771,-0.29812975511092743,0.0,-1.0710879053025404,2.2113185597923564
47,0.44474989118686337,0.37587693729306204,0.3192851454133208,0.21393585803620313,-0.20413185549833024,0.0,1.2843323472141823,2.691489260050516
47,0.8309798272964799,-1.0857743569363052,-0.1147915342409237,-1.0033283993405067,-0.18683217392041795,1.0,0.8286666838965567,0.31128877730336424
47,0.4382344229561872,1.1479029134041392,0.9656035384784132,1.4691362509666908,1.7437615756319658,0.0,5.289514892723704,4.9542905560670265
47,-1.0902157844075917,0.5238086127336484,-1.9445105343955698,-0.26161605719804093,0.09233897128409008,0.0,-3.453733680389552,-1.2762376006183447
47,2.8348138090098463,2.750756580434758,1.7318770129635892,1.3182187783830934,1.7401935898073972,0.0,12.88900500436101,13.825427628495888
47,0.7331654020245814,-0.1594081109562936,0.40602625313605495,-0.8485185032014628,-0.8931477845586453,1.0,3.0672526266038354,1.420883666717914
47,0.6796080794204766,-0.38489296808022155,-0.662231466013955,0.3826344783297866,0.23840872456825568,1.0,4.137614582176661,1.6538091696488961
47,1.6998285199603698,1.7518995217457762,1.9514589860232125,0.0397228416560399,1.834585057446617,0.0,7.581299004162342,7.245140458464475
47,-0.3462546049729248,-0.9007110943189967,-0.6349727673857308,-0.17467065255487124,-1.183519051321846,0.0,-1.0898407571729618,0.49689912883034615
47,0.6264144738697146,1.0621545362476672,1.5127058404956466,0.6816955864059154,0.9349634772949,0.0,4.662201269807981,4.132373752857891
47,-0.33481883498599996,0.49937110036571897,0.2925082702102732,0.7196769300105657,0.851844210858932,0.0,1.4555964915718351,2.804615604641109
47,1.428655858917102,0.5980287448441581,-0.5734160003829276,0.7140339261647781,0.38387082242765846,0.0,0.4543198597571345,3.9700166294789367
47,1.7071181468674346,0.24556166424423775,1.6848891498693486,-1.323772332817986,0.11186440971406791,1.0,5.755946533130049,2.5181878356704117
47,-0.47097498261268955,0.23209867512339422,0.3149678665385739,2.1679607625583177,1.5511184119353971,0.0,6.1891599056620885,3.7390790311896303
47,0.8483700006340658,1.3408108766336004,1.7011274805548735,2.253138781762079,1.9897450028249208,1.0,18.319339384072055,6.074137300509555
47,2.1136239961601424,1.5835622443704012,1.3985635610154046,1.1005094696453406,2.7128923118577655,0.0,7.956253690564618,8.973013456110568
47,0.13860919475078998,1.5752534559289297,0.3562282416559538,-0.5006680700161301,1.1051738854431858,1.0,6.414172415631015,3.4928618236408333
47,1.23169698423389,2.4381936613669994,0.18821087905155953,0.6064891938863649,0.9765093996401502,1.0,13.563479629841556,7.7060063934410525
47,1.6661409433704666,2.156559922179464,0.1505602507704683,2.0140345508377795,1.8452003564780244,1.0,18.430710214941723,9.498067994926513
47,0.46477893318195046,1.2335409406189137,1.146590001681782,1.84524021265892,1.4060725852730571,0.0,7.487041771302193,5.033032762515931
47,-0.1149577651750644,0.10543984731293604,-1.9369945427486694,0.9311796880197593,-0.9780381914138947,0.0,1.3804387204947477,-0.36687493117261677
47,1.1233015210179687,1.416626121477509,0.6030696350865917,2.4998571130784444,0.2684517380837277,1.0,17.441763238392546,6.370549824200312
47,1.2842645709910898,1.6221643163605648,0.5045925983143423,-0.011413671557909733,0.4686641067874323,1.0,9.256883141104733,5.892795626034049
47,-0.6890799089725241,-0.08762260860930082,1.3875451573707043,0.5155934518590471,0.3913712026790048,0.0,0.4081987000859948,2.0015098904712567
47,-0.09549597712345281,-0.732658000261575,-0.8435927989649938,-0.25073016951018157,0.5323272464055897,0.0,0.14954847849962577,1.0396742126025782
47,-0.12959864335633053,1.2410019548203428,2.9677504532255754,-0.04911552865466484,0.7734922877275325,1.0,7.427074902311561,2.256005630948655
47,-0.662559806057335,1.5947267300041879,0.7968268250574169,1.5145348955214406,0.4563807581745853,1.0,6.974921703045097,2.492332362723179
47,-0.5786625409457913,1.3073468162523079,1.8874974240026943,1.31123331671109,1.24532064338425,1.0,7.420614528683068,2.5184217798621846
47,1.0157533519388493,1.2108059357258116,-0.2545271447579708,0.8315839784080228,0.016032829455630393,1.0,6.639568627361581,4.607487126213078
47,-0.5979124651475833,-0.1623476630388604,1.0557719462185817,0.8946929988691309,0.617586471623842,1.0,5.114161621058242,2.493521402808924
47,-0.39032206283339,1.1687145768764364,1.4864939815190465,-0.07361663404039642,-0.10562296075200217,0.0,0.9489759563842679,1.6708508921094898
47,0.41995971253938424,-1.5889927181892123,0.26330007849504317,-0.8109253793193463,0.009364884762222858,1.0,1.0538845075971763,0.44457669542075673
47,2.3079048523017036,2.035910157628252,-0.5759131965618194,0.9735010298122565,1.5889671601527628,0.0,2.6301113076931926,9.702567257822839
47,1.7469693374097253,0.9846454144665038,2.156379559327901,2.742643037855397,1.7684944964845155,1.0,22.05374756176003,6.867025733669905
47,0.8955165652251058,1.922883636034074,-0.04538017926672677,1.0729327412631182,0.590319962270591,1.0,9.347608517779094,5.93908100819154
47,1.6261040224235628,0.7328887294744599,1.2800846193674424,2.016639180771069,1.5620818869126512,1.0,15.194250229095381,6.0872866723713575
47,1.0810707892144837,2.15326825661829,2.8065069721412885,2.4288762802862824,0.9502689562154272,0.0,18.10826627026685,7.093448904063342
47,1.7323665592432238,1.2514027917939206,0.5452159724923427,1.566597294091646,2.2857295782145135,0.0,8.676318817787877,7.713559753356213
48,0.4908780795758783,1.9624366056550036,1.0091046732559636,-0.30436900872395434,0.5299618435385144,0.0,4.750815000235739,4.339941908222867
48,0.8054766446493059,-0.7747098926899556,1.395483865837399,0.7299874686859484,2.5473333594358163,1.0,6.727667050606689,2.902190815705287
48,1.1204826988702048,-0.38852286497183364,0.1869642132173599,1.9944325995781165,-0.09519796867901409,0.0,5.614883582496159,2.9563192351920513
48,-0.21483086460044176,0.9014337988865622,-0.31523420484015763,0.5921146859281778,0.8822710143278878,1.0,3.8297544275061357,2.6799452047772507
48,0.9443861382557193,0.03402546424553177,1.9187811482748547,1.9457905239603683,-0.2456690128582335,1.0,11.267265877585078,2.9897861989411196
48,-0.9714434975395223,-0.4487527506253829,-0.3836902981445566,-0.33536487002400717,-1.205659306308376,0.0,0.09894619387182058,0.6907720884305295
48,2.368226999754114,1.8619271717246544,2.164205232569672,1.5864266037196326,0.8026082211925534,1.0,18.560848485494464,9.241972930860342
48,0.3211648757667484,0.3142713729727384,-0.6829659745033754,0.30965281881613616,1.2514630742443198,1.0,3.4688242420269373,2.6334303273613404
48,1.4840893867117264,1.74872069913449,0.8825727938592807,2.0168580081349425,0.5977429214359398,0.0,10.34204602394376,7.595415819942247
48,-1.0895700157942252,0.7002418943692772,1.3265352231995906,-1.0761271914338824,-0.6428468819518731,1.0,-0.6305208508567154,0.0879933699450699
48,0.4228430759807659,-0.23318168872261624,2.946953767093667,-0.15323649606430312,0.3915281243339621,1.0,3.8226989953489703,1.6077365514942075
48,1.739779304166662,-0.37291005306610603,0.28716022316405376,0.4893702825964835,0.01903615371468076,0.0,0.8907352969933311,2.391488813778087
48,0.9537167729794329,-1.0211611024290266,-0.16096018565696713,0.5495634220898116,-0.2607998866528294,0.0,-0.6711639769331335,1.0433548921164593
48,-0.82106876300971,-0.27979843140581184,-1.9737816949747935,0.24847923910179803,0.4259235049222023,0.0,-2.6175385376276936,-0.3625556297949595
48,-1.8925495159081454,0.0009872673063094917,0.2055454758552857,-0.8462309625222295,-0.5380707082424883,0.0,0.38343747124989447,0.44192212387928
48,2.5567163255798593,0.01829648978891646,1.099650231408729,0.8980891378485019,0.16325104494397907,1.0,8.405334597096706,3.868688358945165
48,2.0517183816926083,-0.3311007110757056,2.141140866156638,-0.6257268423384375,0.44130020712813856,1.0,4.130169399325888,1.6194184509523912
48,1.5853409070597777,0.0032655500113396574,1.6469536053277487,0.23550781269082832,0.36042238336253996,0.0,2.4092303550977996,2.8448384571920293
48,-0.3880570183200275,0.8984810057198442,0.3241595792521659,-0.5200696432995571,0.09479887302119677,0.0,-0.541939156706737,1.8039132835356475
48,2.5115913831213517,2.536387899757623,0.4949064270051306,1.1261385277022964,0.49066861854579324,0.0,6.326746728420322,11.830229577468552
48,-0.4340064745250747,-1.4915118030784908,-0.3597187444921365,0.1310988017606068,-1.7870691496628024,0.0,-1.2811399560060748,0.6127179600958002
48,1.882040925365468,1.5651993643013358,0.8965092181096417,1.158229608825739,-0.10640896835504676,1.0,11.334660151975608,7.267894932873931
48,1.2392084462518738,1.276676311810148,0.09350566247925385,-0.6535912319785226,1.1899449301979277,1.0,9.700187651654614,5.150571657946272
48,0.11389390405296007,1.364580665937483,-0.7504504332360291,0.15037946407042968,0.5533578915013758,0.0,-0.1650892640741369,2.6026799275074284
48,-0.5718386027646476,-1.311062364078443,0.8052829166677241,-0.6436787675712834,0.0352481468280037,1.0,0.774205296518095,1.5995990072347142
48,0.5043836438275114,1.3315287788586523,1.437013801311911,-0.2658941417881744,-0.5380457845054765,0.0,4.704190152945511,3.0394783006320543
48,1.0991866735517375,0.13519789844320929,0.023649603159221433,1.5894422551499072,0.3555715260758315,1.0,8.771819831909637,3.749852067620087
48,1.227594021578549,1.1439158618721676,2.3420247554784535,2.8246067674148687,2.487921143749608,1.0,23.978640362234117,6.720278933052496
48,-0.09977630689275596,0.6568794633488653,-0.28062357489255807,0.9869538876715346,-0.8008979403590719,0.0,-1.0333051913104527,2.1266096805383343
48,0.3863776383152192,0.7288790809703767,1.1834000611484845,0.3364445897039133,-2.255940074950873,0.0,0.9671514956773882,1.8489821371372486
48,-0.16947846995260685,1.4197649088373985,0.3967064455197519,-0.4813612889617491,0.2637657133128593,0.0,0.6423493224771145,2.3964176365452055
48,0.7313710582816654,-0.3568904875060851,0.07130981146744608,1.1354244127137485,-0.46058704780480486,1.0,3.9799070026071375,2.2967530326718077
48,-1.292198593379752,-0.1835331738581254,-0.016860289632336656,-0.7600499808845265,-0.97323629840414,0.0,-3.011840070882787,0.6240800097023205
48,-0.9056097037743418,-2.003132869692783,-1.2411591561231266,-1.6037429429349457,-0.6243834972068592,1.0,2.207004565109677,-0.051257764957821195
48,1.9193730278107872,0.7709890375436521,0.19092027815531043,1.5615445312756473,0.25049701641693073,1.0,11.895004910112839,5.80830752559107
48,0.35621457553258895,-0.1803998433860955,-0.6755894928171702,-0.8162859671133686,0.8062420829527741,0.0,2.1921605651924354,1.4611680669720186
48,1.3394051650582752,0.7684531159016302,0.4121919554084226,0.6187468575130468,-0.414025215283641,0.0,3.16252543889212,4.307900898256697
48,2.238013803871115,1.2231429424452256,-0.36363289655514197,1.4530147737049819,1.6704305727762123,1.0,14.751428319014266,7.78250626211857
48,1.4988281013105662,0.4984623700034273,1.0833950742381893,1.407196171647887,1.6765191574328366,0.0,6.880548412724956,5.297641186232766
48,1.0723037690799393,1.2170406303785688,0.491358561851163,0.8109193541441666,-1.3288066475211628,1.0,7.758029397769675,4.318137759217191
48,0.4880654944740194,0.043362921108835384,0.8367027753972632,-0.7565360361232023,-0.24549384886095738,1.0,2.6646888699717683,1.8741290473175372
48,0.5254676623200603,-0.4500214927793589,1.103180523580648,1.7372906593039827,0.04383082526326093,0.0,3.481114201500332,2.6941616729941766
48,0.16088491407385608,1.4980047968619112,1.4172819750542833,-1.1166479935756142,0.1691034542090481,0.0,5.559791513224689,2.4582320381872016
48,0.29506457028703637,-0.5041904877041297,0.5270607395498141,0.19234853266513635,0.033887920710771735,1.0,4.181930174583146,1.9876061236872284
48,1.497286794143295,2.1339079924759745,0.7414503920765814,1.388541266415678,1.039240288775738,0.0,7.0362206876097995,8.332775424488034
48,0.6160101828593675,-0.022562323997598055,1.5973395131053605,-1.3608453622042636,-0.5922291302621301,0.0,2.04457793537764,1.0784177487913036
48,0.8410738839952039,1.7033061205419715,2.0066685034684273,0.464373286263788,-0.27524055286874527,0.0,6.8966083717808315,4.380495723255956
48,-2.4639473170676456,-0.23841112594190916,-0.09332680270143068,0.540707808716929,0.2975653770225297,0.0,-2.2314482053383378,1.604374638094928
48,1.0495358364900338,0.8165248234754201,0.15424521496885418,1.0997513251116515,0.33610241894981324,0.0,3.670104850372095,4.573179646234976
48,-0.29897696208932323,-0.2722714966034748,-2.161627460034241,-1.3193189904089346,-3.042787339086115,0.0,-3.6245642258198294,-3.023139672282412
49,-0.2801450442872011,2.1204060632389146,-0.6499264811236134,0.4698186477787203,0.9268364322819928,1.0,1.3720060783736023,2.4956018474736346
49,0.4824526686061806,1.0631561743981213,-0.023835040587604994,0.5696357049196555,-0.44781200459367343,1.0,4.936849635964345,3.3344372437225243
49,0.6808113796726437,1.7340874989146098,0.42023781197666593,-0.08044208961959187,-0.23038515554546135,1.0,7.210317528875851,4.355733169482786
49,0.9172526533706084,1.580875302594043,2.154796777454509,1.1802596856541916,0.4323813367984863,1.0,14.246086753272992,5.031479173635768
49,2.1116929848371635,1.7346644847880504,1.2137509689442174,1.1943870342093668,0.8708991706281766,1.0,14.962768347278004,8.575283604712304
49,0.1810470126584549,0.10370486172125198,-0.012031656246281885,0.36582435095160226,-1.742700329178311,1.0,3.4065806834089805,1.4666251958632834
49,0.7281154790411998,0.19181209967636342,1.973411148554051,1.4041114045021752,0.401508314843674,1.0,9.330832180907331,3.09731516354057
49,0.47917870837297655,0.5017041291067016,2.209896783146099,1.3918007468979638,2.3135004267346826,1.0,11.239955731616238,4.091972654003905
49,-0.31429495159580834,-0.9042880977938601,1.5291629684184807,0.2947497125405365,1.3719369080919495,0.0,-2.2858457295657435,2.3144677857373672
49,-0.4416742365896178,0.22200394790692268,-0.11627835773013573,0.3325921482903903,-0.43857021892819537,1.0,0.8322766049230448,1.674230502599048
49,0.47909252547758296,0.2977572324681035,1.471297162656451,1.5770172836006118,1.3392687277472315,1.0,9.12285798169528,3.824204800835709
49,1.057009348024713,0.8084361677569707,1.709011899180515,1.0072459027406349,1.1810836437717822,0.0,6.17449918371039,4.598142142688856
49,0.29816866490019267,-1.508986608225293,0.7336567985497019,1.9856975491514202,-1.590703015578557,1.0,6.889837109438366,1.2517149896416464
49,2.332861987693091,1.360853251913533,1.7168412771314354,0.1893708839951146,-0.18730819603978133,1.0,14.042112541764364,6.735466089399772
49,-0.09747646856506353,0.3795224070213417,0.8916796756283172,1.091232041741609,-0.02461961396019008,1.0,5.9117999579796345,2.711280427783837
49,-0.10089418369133674,0.4567477571326082,-0.13226551852451252,0.011485755780318352,1.099729998926707,1.0,3.1910472512576114,2.6125843734862513
49,0.05839567027097187,-1.9315161510331817,-2.1042297544800608,-1.4503792179683879,-1.4409002862822888,0.0,3.3729901482803606,-3.0555997913744837
49,-1.2375098173468484,0.021708367312371857,-0.027721772328955785,0.9521349352339512,0.19472945623538046,0.0,-1.1520234420325004,1.9244220431619552
49,1.4055588569071997,1.9750346690983671,-1.3066681696466407,-0.8908445626109367,0.4221631604088101,1.0,5.670666544350636,4.839717208646428
49,0.6123337757324155,-0.9027272630645076,0.2539205808934555,-1.4715859743676758,0.17411288925761892,1.0,3.0243607543877955,0.748191621191829
49,-1.1995197337033543,0.5907669380813715,0.9207128817401972,-0.5757772759041009,-1.9222656436627008,0.0,-0.23994598158388536,-0.19642518408730847
49,0.9744651159382868,0.6809893551800892,1.0778653871153483,-0.4556356198733692,0.9049930373958883,0.0,3.463740616782794,3.728148936248288
49,1.7020025337813014,0.15541895429990343,2.2886145990286932,1.1343244093432059,1.3575507795819182,1.0,9.589853018275136,3.9257362235087467
49,0.21391873562889702,1.564724588217079,-0.5881907988994861,0.4802510391879473,0.04478226239768707,1.0,3.662849598009914,3.024412706390162
49,-1.959840175644294,1.1650718529875723,-0.6665376109229451,1.2334606332342706,-0.11446921934893795,0.0,0.5336047677173834,-0.6685448264376248
49,-0.8773746493778429,-0.5155274936091623,-0.49791695530027313,0.3276580034200288,-0.7077018466419409,1.0,0.22202645215886385,1.195458605242958
49,-0.0674832317182924,0.20403696202932242,1.3819555366284988,1.9282625409805,0.35636495768210963,0.0,4.820373727590131,3.0755197285876053
49,0.5112234885830451,0.4767523757762914,-0.4662140393314671,0.10644085452601604,0.22787391244695993,1.0,1.8821859762047228,2.565041812859482
49,0.5898731430250946,1.5560765681226905,1.6446538627787461,-1.0313185989156155,1.09331423104484,1.0,10.917592863993082,3.770396972775562
49,-0.3615847987651176,0.0010238803236183869,0.14463279807168195,-0.1763912597166888,0.06094148030593005,0.0,0.29302441603979856,1.8234997276078264
49,1.333369567399386,1.7195769192896804,1.4951902531683345,1.0622811098516745,-0.6728455880819737,1.0,13.049791513204065,5.837151727114118
49,0.5008647975178866,0.1293919750355531,1.2093098214801632,-0.5508380830317279,0.7825205677368402,1.0,5.387916245210661,2.454097483901376
49,-0.555739227693985,0.6706628603915036,0.530652128673154,2.16050645747692,0.38866564851084606,1.0,9.381058208898098,3.087137487889545
49,0.9116672889809263,-1.7095871970120706,-1.5240935981895656,-0.7604446751411567,1.4924782142689974,0.0,3.9277918088332644,-1.3068789558355693
49,0.33701430768777096,1.3497327182178729,0.8916594722294807,0.7071650457120884,0.37524581323847733,1.0,6.125804607344154,3.9134095476644464
49,0.9704378191020981,-0.39096469457931293,0.27765518557334756,-0.9160714761508766,0.6600790642478576,0.0,1.144704850180031,1.8828618219571736
49,-0.017672486368709883,0.0439804658002973,2.074193119996981,-0.7448643952615195,0.010609987156575684,1.0,2.7974504811184664,1.1999423679794516
49,2.35102145068283,0.34486577049863837,-0.8606962458153931,0.23082389015573568,1.2199251199114223,0.0,2.4783966715486474,4.105666482121505
49,0.17270486635807242,1.2358844440727368,-0.4034707692727293,0.6617160596350101,0.17399927200921717,0.0,0.6720520003787598,3.0535640619934727
49,1.013444262687628,1.423889083833818,0.8344216642954405,0.652557727521467,2.582528678478589,1.0,10.435549312296423,6.368059219754608
49,1.141250641500104,1.1631286166636665,1.3773899395850204,0.8479557762946159,-0.09307718939925891,0.0,3.7852567380258355,4.737948051701997
49,0.17025061230340244,-0.041099070110210634,-0.2053343830220502,0.032434720232887515,-1.3484682404246724,0.0,-0.35884023739393767,1.2758875380215833
49,2.876355038715795,1.0845406114604872,1.582979668870298,1.0256690881116572,2.1676404278499213,0.0,7.5557752260613364,8.475933229296064
49,-0.2803795403933794,0.5919544871732051,1.0753422954806862,-0.8034850219121938,-0.2735334852612117,0.0,0.5803758151220663,1.4644085761405816
49,0.06830166496575629,-0.8359521470466149,0.17415237163315378,0.7076838015163309,-1.2146493325731706,0.0,0.08039098264197628,1.377545019906218
49,0.48479065749653183,0.05524202791014149,0.7211096993552577,0.09794658749309465,0.34018012993365954,1.0,3.4466317395431187,2.627488917773044
49,-0.19150194352268357,1.9024966565087578,-0.036951676625195606,0.560959482713181,0.03711324842343039,1.0,4.470961529692155,2.7710434409585547
49,0.8462270293146206,1.2918695062756258,1.4774850022710153,0.27415024644496977,-0.09593877802169481,0.0,4.159650305063268,4.08328737082776
49,0.349934630590259,1.1756080258039785,1.5112448615277023,-0.028487778212916814,1.7848052272073403,0.0,4.4024898388411415,3.86745471653695
49,-0.7064667780471872,0.8325244186762166,-0.9328321139570914,-0.830862730605741,-1.1239430910090418,0.0,-2.7743853026608036,-0.3733796824524086
50,1.391505582721976,0.6168869627813077,1.4057489665492915,1.3251867800790005,1.314509564431331,0.0,7.840295562767144,5.049619628721881
50,0.3373858585738864,1.2734376380131778,2.170075569064884,1.1242559667431098,0.7955835999486515,1.0,9.23426904431087,3.715961707254528
50,2.520280071796645,0.07097027480214069,0.6261189594316982,2.7060223114117092,1.4038530031977463,1.0,17.06405434709837,5.65279519143223
50,1.1193584130451226,1.1463214351691342,-0.6529649562683952,0.3059817174446825,0.1921504475835133,1.0,5.261028900688336,4.132854021778281
50,1.0134526355299927,2.3445714799951487,1.4200178626253437,1.299660594095603,-0.8939864432942921,0.0,9.097671911604138,6.1181780200371225
50,0.6882263353735104,-0.10563739219620172,-0.21292245765994622,-0.15739591114771967,-0.47199714884161525,0.0,-0.4065931842954319,1.7748518012545664
50,-0.5957870087903345,-0.27074559167009304,-0.6819737555440291,0.17064736599807068,-0.4982695938611973,0.0,-1.087836648525827,0.9995725355112595
50,1.846926618488763,0.9038614207214257,-0.43908211158815225,1.2742026152566104,1.3278063673841762,0.0,4.623352378305264,6.0313654194158115
50,2.4927379866461976,1.5850218452137839,1.8966326501386839,0.827512177249488,2.0660878942560164,0.0,9.512606000736769,9.064939223459804
50,-0.6765942663706992,1.7130356589981048,2.324871433030828,1.2480035044410172,2.1488862325899576,1.0,9.94155229898987,2.5354563745409844
50,-0.2151452258461597,-0.3150036342081153,0.5033214654469892,-0.14919946673956097,-0.6502730146047866,0.0,1.2497625954414828,1.5306069187064666
50,0.8116179070771069,2.0276767456700675,1.1430727346672591,0.5846008590869851,1.8103562483936202,1.0,12.752303466239619,6.249161551306592
50,1.2706168233180661,1.1643021992656817,0.9669073338117513,0.8184312090689518,0.09706068862896472,1.0,7.417407926940776,5.205889008683064
50,1.7141139254411413,0.9429730520046584,0.6989812358045526,2.9283327345111947,0.7905316171375347,1.0,21.85236680831773,6.919327618383896
50,-0.6204999290515789,0.06526034463351582,0.41954715781245816,-0.22298153441974167,0.20712424709358518,0.0,-1.818207183888804,1.797004601638927
50,-0.6962509160470691,0.6549813121929003,0.3856448411804372,-1.0826059732944442,1.3847575363660471,1.0,3.259255595431836,1.7937881255930974
50,1.00354229142158,-0.2854267896168826,0.6897033371429696,0.7775379166529657,0.851471011765838,1.0,6.327589807292705,3.003410847193187
50,1.712521095725499,0.3410630274566886,1.0617600022555953,1.5527823551982667,0.1895741761926179,1.0,11.573116772037588,4.5002639357756635
50,1.8437440356775938,-0.47798074922315914,0.8296399763154058,-0.793615394211179,-0.04513969172533194,1.0,4.314730669097623,1.4721913219667866
50,0.12444480670248104,1.4237553778778596,0.6193261630630928,1.8780539681685227,0.3995469889246366,0.0,5.105164525683093,4.214012409972361
50,0.006574896591928336,-0.5831040777753198,1.1467316003804915,0.6631709382364632,-1.6047933892273503,0.0,0.29932288152326864,1.2219246661586212
50,-0.5373907247184724,-1.3392552110213516,1.9175820581234764,1.3834164109730356,0.04204180801068175,0.0,0.7757267553834877,2.1130238540713058
50,0.5926852557146386,0.6438258191676253,-0.4095845183653013,-0.25067755316198115,0.6459283025728495,0.0,-0.2628264473604861,2.909961081741019
50,0.5767253161789672,1.2904910675217258,-0.422553545991426,-0.218009761282145,-0.34404056290404494,1.0,3.48182871559242,3.0976098551367093
50,-0.6435226189112464,0.09457831994840155,-1.2075055507293342,1.025686773812639,-0.04737441174544843,0.0,-0.42245180622124917,0.9054201152020972
50,1.525586883813453,1.0334560202756622,1.4922092709536858,-0.3214177971998775,1.0707905691440698,0.0,5.437180633996825,5.055445612542229
50,0.2895065770343467,-0.6941027110059632,0.11537041301920359,-0.6696634239906334,2.1924149707482172,1.0,1.224066944550775,2.4091678254271205
50,-0.1965395212560742,0.3358130219688609,0.7195386187990964,1.973527409463421,0.8554422233216867,0.0,5.642018938461546,3.5300002223816698
50,1.164743189377965,0.3824684751172749,1.3261483966739702,1.1222149207448244,-0.09457031580157171,1.0,8.084383594678156,3.6381946382329775
50,0.21535923463558004,0.1865562330048426,-0.40580237427828103,0.44639400375461996,-0.7577361955769448,0.0,0.7430732259942472,1.8013480091464387
50,-0.9099001251935159,2.30094125535981,0.8778480103325063,1.3900585594138426,0.3729822282339246,0.0,5.240587488068377,1.5611465174387078
50,1.034435063279253,0.908889332279079,2.1557403692828743,0.8911880214498668,2.004347029836528,1.0,11.824992889890664,4.8853341730021
50,-0.21779086888700716,-1.2562724063029493,-0.592880792253913,0.9050921023509868,0.037991413660415974,1.0,4.22166176656114,1.5410088560320983
50,1.2074528722203832,2.0839529193042905,1.6251062404782652,1.7005069850809522,-0.7685785525525752,1.0,16.90150833078561,6.3862119510835065
50,1.046500751158252,0.2936713469503446,-0.5857415714300875,-0.8722106492266639,0.7006987156391281,0.0,1.2635020188023862,2.432088943120722
50,1.970515066646093,1.2508337035540082,-0.33718260584688764,-0.5009168990713304,0.7429101929582483,0.0,1.3332056581090952,5.971556875056851
50,0.9022281743688281,0.870407755982437,-0.04815081059580795,0.4168081376607452,0.12485504038943268,0.0,1.4748496201610681,3.9172215232183634
50,0.06293537703252722,-1.0921370745079666,0.7591931435785434,-0.4491423153920011,-0.5874531792603146,1.0,-2.28991354969103,1.0033555526021203
50,0.5167974707183555,1.2294142594281803,1.9900786978796445,-0.03180626632719463,0.9526225355545974,1.0,7.3084596166578715,3.5568064392708383
50,-0.6283989592298826,1.3042874730844856,0.5046201742870824,-1.0578088636578553,0.8251337073522811,0.0,4.061034821961098,1.5296620490932624
50,0.8954382971464641,-0.36767363074016723,-1.832770918151899,0.004437622416228526,1.3228941241550158,0.0,3.041169381102417,0.4229454228265369
50,0.30261133350132247,0.6360080032688711,-0.2045473291133042,0.9742280719870038,-0.08122432238788968,0.0,3.4646799100496564,2.985154141747695
50,0.6122399510561775,-0.08652229508222109,0.41728859393596257,-0.48616873008876527,-0.7072784523685154,1.0,1.4910833612704089,1.735998314756284
50,0.4021707416137611,1.0498605386429982,-0.5369951375048587,-1.1066675931283125,-0.4376552496507202,1.0,3.3971413067236877,1.9668295561930718
50,0.5119920563617988,0.4235887814313677,-1.1804095484686008,-1.6428999664050838,-0.3866444892725768,0.0,1.0094014132946767,0.46023362953506364
50,-0.4956479926678138,0.8886290726886232,1.0249278453130546,1.5295610836428564,0.2350963778168545,0.0,5.2315478119856005,2.669996534409204
50,0.6143992252833512,-0.3949015895324862,-0.22937747522153995,0.3574680047628951,0.7425083681790514,0.0,1.7088066974981815,2.2762291640513337
50,2.2533737404018117,1.8589616843367462,-0.9549634238165432,1.6396959322089129,0.0735243395157335,1.0,11.211429731990004,8.201870195338234
50,0.5647098539719423,-0.3789271197131002,-0.28674294111203424,-0.16854161877163298,0.43985491335050997,1.0,3.919379389446305,1.8303628197976505
50,0.8577021681423616,0.95326895925768,0.25199246823116994,0.9497072924402086,1.1416581378838666,0.0,2.8435359566740415,4.863202920407051
51,1.61902784558321,0.7104110152590895,0.3225200250358291,1.2966811964476197,-0.1670599560469428,1.0,9.87065996435842,4.989404967895595
51,-0.17786782001103452,1.5215586540733725,-0.6056101995343715,-0.6216209255020833,-0.23559667652303995,0.0,-2.6226209945505032,1.4919500816056448
51,1.1106971901841298,0.6525929843017346,-0.27279169991012897,0.2163090359225988,1.047091561168378,0.0,3.135289769865006,4.0648052374220605
51,-0.3705569372889712,2.415552077638515,1.2540848367917177,0.3516306614315833,1.5306696496089653,0.0,6.960407287110003,3.007033859513114
51,-1.5493799979915641,-1.3486111763111506,0.33929436077620084,0.45643951436041424,0.09192831929238654,0.0,-1.7158592735813107,3.0273364440778208
51,1.1837052437699216,1.2756377869550972,0.24682207591464084,0.7230931311921843,-0.747928624778466,0.0,4.102532205269316,4.820337702867915
51,0.5629669515599772,0.8124354324518147,1.0943167888207412,1.4810499278638476,0.14312448480188095,0.0,4.847559988873479,3.9629747799822463
51,0.21347253987344206,0.39374036009003827,-0.3525309166730517,-0.5366044974384989,0.28419992972946717,1.0,2.8146804297186856,2.0236933219128783
51,1.0798057551505407,-1.3356863521640754,-1.2759242314878212,0.1605623700790006,0.6798538842225698,0.0,3.490108175252571,-0.49735862898111494
51,0.6176115519730837,2.5786867635288218,1.2570600913072352,-0.246557984606241,3.0511832999240527,0.0,6.326908594337791,6.530233236560247
51,-0.8637664676891077,0.8204281072539887,0.6614786413894269,2.2240112212238072,0.9422423903766299,1.0,8.872656037999011,2.972623446343979
51,1.8037718029844343,-0.049599510691817006,0.7230686227513721,2.305930792870616,0.4531444935097141,0.0,8.441835353376595,4.278470691728461
51,1.1889771097737003,1.7842505125933397,1.7724527350927333,2.048688968444347,1.0552663277452443,0.0,12.797621774737493,6.845958396478783
51,1.8455113875028357,-0.40085755318403726,2.8762074930441917,-0.029714096755392827,2.2833719635669114,1.0,4.920851467120909,2.5824808657374665
51,0.5502598842337465,0.8591791223122914,3.0599501303136254,0.8375388647407843,-0.6004092865151913,0.0,7.060515540732313,2.8293620619322963
51,1.243740142974191,0.9274330505547306,2.9932109472524453,2.6435860365144115,2.4008670262729357,0.0,17.600210951529863,6.268892698800399
51,-0.8069001973851724,-0.19302855837455768,0.28577232266273633,-1.5290034820466922,-0.3572434682364033,1.0,2.419156632974232,0.8149973123603385
51,1.6870830456465793,0.09678814451427908,0.9883402258753271,1.4570850605916426,1.4963020741834123,0.0,6.817089992279758,4.576165631487566
51,0.09822136439811485,1.2092989431581815,0.5369250977361192,-2.09634105926635,-1.1434404606084698,0.0,3.9908716928609747,1.2803964768433658
51,1.153116646914584,0.7873435074178795,-0.08585256890961568,0.3020558599789824,-1.2543025660351241,1.0,5.762608607638446,3.355396276188504
51,0.2728607988434357,0.4728991433666399,0.2527930963775761,-0.6357575720450279,0.5369919291347304,0.0,2.8839203286730166,2.5471469559487074
51,-0.1254878089257948,-0.0910312657340645,1.1287929990044243,0.7878987225664351,0.9581352195679058,0.0,-0.024415570165097655,2.7683283706083226
51,0.5818195477938635,0.6719508002960493,0.48767376693362324,-0.4950009895655466,0.9587801758096095,0.0,2.713326659332197,3.376991017218055
51,0.019428787555704596,0.8323112782155038,-1.1900839244862962,-0.7751835772037623,0.3437848083450512,0.0,-0.267129596826136,1.0028814432808617
51,0.6600577796464692,0.5710810711482504,2.0838961246027736,0.7210927869967768,0.8541130837295565,1.0,10.184803698895896,3.331186698203898
51,-0.8425624179980842,1.538163886712156,-0.1193646044375003,2.7742131985387797,0.3534546968738928,1.0,11.19936118766951,2.548837796221055
51,1.5145410822685894,1.973011939055901,0.30395453712297305,1.1132087265022146,0.8849273053194473,1.0,11.922710480820534,7.837189809244783
51,0.5979134623422592,1.9849005395824182,0.9707801605118604,0.1582685347588072,1.333293604815204,1.0,10.753304424565862,5.274032720962417
51,1.7093560697932848,-0.10265301751043743,0.36970187887779177,0.45725356056905486,0.2465172930635524,1.0,4.3959282585645,3.097052443204526
51,0.5808731027728576,1.477840974430383,1.602542772231042,-0.36484365011200737,-0.8898813688663947,0.0,3.575985717923727,3.0299628742846436
51,1.1660581362526121,-0.7924522374194845,1.199698417912121,-0.5630062410807926,-0.5373403001662456,0.0,0.4456958903246036,0.6750723330019355
51,-0.24127025053954165,0.8725785876468913,1.4985103460796874,0.5213520798544906,-0.05114884169535072,0.0,2.8540619534829332,2.161706751166168
51,0.8827555115919047,-0.056156236561394346,0.5256394272389954,-0.7912321977837085,-1.0022659270003025,1.0,1.9872624122638012,1.5948013369036915
51,0.11896555636441569,1.5355103982877738,1.1216658143811822,-0.1559448716144396,-0.7608578549573051,0.0,1.3291428960535152,2.5465248122798965
51,1.7469146867257794,0.14333395674863042,0.20650161997214272,-0.21999605869047745,-0.02126546199635082,0.0,2.5322015425641475,3.156890765828198
51,0.8033934259027417,1.3861567741083156,0.15887520408587974,1.5378124798118717,0.9932426978865244,1.0,11.206995627170034,5.540775389789468
51,0.8982183496013141,-0.19814333957458852,-0.4864581996943078,-1.64979084848687,-0.6913621835637942,0.0,2.3679468370785703,0.6422500895834102
51,1.36993010971279,2.8584625985809056,-0.2069830898147088,1.9268779777685676,1.7243296515359041,1.0,19.025690370385437,9.730857972849144
51,2.140274338535229,1.2623532085928257,1.8861992216713184,0.7656382309910874,0.20766391775189325,0.0,4.965679691214879,6.522647120228555
51,-0.13994300737132392,1.513837487685111,1.0170310530802755,0.3917994302473532,0.1268517462298429,0.0,2.481161138448838,2.7688308886185227
51,0.7627136401199557,1.6153298903207336,0.9370646751757818,1.479595297086953,1.3504536313799438,0.0,7.9056503221854735,5.896768633805124
51,0.11764267588154986,0.6085114546836596,2.039672023935684,-0.5483356607590235,0.4031229751729864,1.0,4.2129322618052605,1.9300100437133325
51,-0.03371980315457923,0.9886293502171337,0.5718546905802512,1.531933507583262,1.2474174619278633,0.0,3.680148866866679,3.9606198937357373
51,1.138150744768376,0.8111323323740527,-0.7185989472652385,1.1856335358121135,1.1867246245182046,1.0,7.002425582482836,4.47744083695963
51,0.014656408954359268,-0.5045932362086176,-0.09599177312176177,0.7168134282364194,0.9847343129719489,1.0,3.875584367139911,2.5458103719817946
51,0.5318835702955322,-0.5259192643568837,0.5989227611488199,1.295885690774373,0.5956530740504347,0.0,1.9436303568060387,2.794428490666558
51,2.353330376015153,1.0510296476219394,0.13279676252633238,-0.3052103486845005,0.6139166021955876,1.0,8.330661467742797,6.387546976016832
51,-0.13065004020453186,2.448016069954546,0.11084720528085013,-0.509421833336881,-0.3538811862398382,0.0,2.9838896110121436,2.4564844462684547
51,0.25408763553079317,1.050420744812428,-0.21761833707138167,1.318836309900815,0.05630621221114096,1.0,5.919237076354332,3.4743296364970675
51,1.4545289637949739,2.406119873253215,1.7979236981026014,1.0614444162590426,2.505401220396232,0.0,10.56286803712962,8.887300527187689
52,0.8213332478965087,1.374354413228263,-0.5391292710616846,0.9224625787895355,1.7724748919683273,0.0,4.177658132683234,5.1627069336375655
52,-0.32523885339308,-1.1574289166169514,0.2969936490607056,-0.11996648567578261,1.2230295742225494,1.0,2.135126642305738,2.2913559455293235
52,1.8448356265332926,1.3389611562256765,0.24643536418169443,-0.07934144238900542,0.6290820265725979,1.0,9.701248222762974,6.4299377781706015
52,2.244632962784875,1.4472735668812828,0.4098269938635991,1.1503953091837293,1.3073906997507212,0.0,6.682550384314517,8.445547491571872
52,1.779391504081526,0.6582617995508517,1.2533224115590813,0.5172506938592655,3.29404724158712,0.0,4.076374390643503,6.234609989299679
52,-1.8958586775733233,1.7894011544563106,-0.7294344642733115,0.009627918070705122,-1.047873490357272,0.0,-1.891151736390666,-2.5839690644105664
52,1.260052735299407,-0.3263846473400146,0.42937058079008816,0.33634780796689545,-0.1444595326295125,1.0,3.3569890297409724,2.2754295604997625
52,0.07852508456717677,0.5012030975380318,-0.8051333264344787,-0.5550161807593195,0.15113939980314972,0.0,2.360413334826941,1.4177311760590687
52,0.6877543571431743,0.4078822105295052,1.1257647329761555,1.182629672282244,0.4579153463687965,1.0,6.108819799044173,3.6419823241466203
52,0.33850960732909885,0.9652025657510079,2.032701078616042,0.4094306786055143,0.06493150667358444,1.0,6.978899539761765,2.786464001792324
52,0.2096629055685545,0.06865661944894286,1.2404516243062702,2.2555300506052935,1.8940008288053463,1.0,11.779053116453287,4.17291487297459
52,-1.518770003820027,-0.7359742939208169,-0.9124725295491851,-0.6456174183506334,-0.7633084994509634,1.0,-1.98528616181624,0.44149611275954515
52,0.3337471132591343,-0.8517541980345806,0.46622249161273677,1.92368910448909,0.9840139147847207,1.0,7.911873291561057,3.036961412982988
52,-1.0373491100654215,0.883612918489584,1.3680376338607918,-0.9448174051384701,-0.5461140773998445,0.0,0.8456537857379482,0.14644217937003745
52,0.7328189223977772,-0.8866631558131866,-0.10314998829168909,0.4542604943367639,-1.5579162176230579,1.0,1.7895080762181326,0.6645962444113619
52,1.1217548960833637,-0.508429451519111,-0.16909358201881663,-0.1154915309077309,-0.6385926383227714,1.0,2.278511003579932,1.260478332039761
52,2.267012987033402,1.1363878396863554,0.7721382832764538,0.2101630050172819,0.41955706976802476,0.0,1.7880185404613522,6.695256078438089
52,-1.6262165468270822,-0.1999241091528312,0.022442691633549727,0.13421609133213463,-0.7672705001095736,0.0,-3.0001255040790737,1.1064918812183695
52,0.2857290691784122,1.7221472666440345,0.22987417813099792,0.19264967636250407,2.312180427028091,1.0,7.4776751398013435,4.837052916014642
52,0.6439786248670984,-0.565848696405181,0.6163568598336263,1.3041129937815126,-0.16712265474401056,0.0,2.1174262309142393,2.3673339417012924
52,0.5986146945523999,1.7602732664733072,0.9277201761545317,0.6062994950983769,1.4483309677718446,1.0,10.152873225433261,5.324004723074973
52,-0.8039948379673985,0.3463051394294657,0.4119004745276308,-0.369560704445855,1.3545304669935594,1.0,1.7873442569318438,2.1075243449745753
52,-0.6504217786842494,-0.2284769190912812,0.6407269088459383,-0.9945362176849224,0.9088072225362178,1.0,1.8288113543816535,1.788317411425668
52,-0.008955882474916521,-0.5624177541777433,1.2301429199355916,1.6443295075213327,0.04624066926639869,0.0,4.007762897888755,2.513809700616059
52,0.7735369166936249,-0.7892410314734561,1.0815205924630302,0.03561056847564231,-1.9602261479106122,1.0,-0.31008748286229426,0.43008009650378015
52,1.147279284088787,0.23312450157122044,-1.250473930974217,0.8236645929359487,0.9666053091771918,0.0,2.4909261734997195,2.5424313634602207
52,0.48776015157674474,-0.3992514188319596,-0.5646283500808178,-0.08748293837900267,-0.12866893034269233,1.0,2.000052046494684,1.3039128537391163
52,0.8302677524939741,0.8392942372886659,1.9315874439401848,1.0061779120898275,-0.09343653615028746,0.0,6.614739441742472,3.600769817922984
52,2.22007035060163,-0.14283129516406212,0.8805179852284006,0.4642569861880957,0.3356434991554742,1.0,6.993035569665507,3.1984850668586193
52,0.07101575117347003,1.2640658748102283,0.43582789516462017,1.662173754822644,0.06644545166824939,1.0,6.772892438878084,3.74605379936852
52,0.3299332934176392,0.5241754566098544,0.688387450093493,1.1394046214442892,0.24602715470753628,0.0,2.9838085340691833,3.4091783826484066
52,-0.6554736539713366,-0.44617432841242033,1.4768953197273778,0.8019577174842869,0.29644146670505456,0.0,0.5078531905102228,2.1230418522349255
52,1.2572768801648628,1.220767580626874,0.5091462150361574,1.8296084879689254,1.1200301171367584,0.0,7.581470243260144,6.3764184835389495
52,1.5457586489760113,1.628493727683869,1.716230057072549,2.587084420199356,1.4595893749394504,0.0,14.626160513863187,7.840914784028879
52,0.9379952794294786,0.8935221876330582,2.098329854265528,0.8015004686008567,1.6890464296695415,1.0,10.519105624021492,4.544912988141473
52,-0.059069127917074526,-0.4830934947299206,-0.4791370625285595,1.753000429712295,-0.010670597111465674,1.0,7.880485206504911,2.2764440641774013
52,1.5749905049629105,1.6015543050689,-0.08368091653424758,0.6212886316152448,1.4168105643014166,0.0,3.9656806647422744,7.0844151631230625
52,0.3386740033066599,0.5783782849117507,0.3575289136977452,1.199652778611319,0.30754367177303465,1.0,7.193989317910793,3.523534980734727
52,1.154424252134586,-0.8487862548541185,-0.9034961128275494,-1.224173936820723,0.5253509427761457,1.0,1.1512202564522251,-0.009332416590084214
52,1.1912945054354882,0.5135086591979673,2.0944104781619135,-0.6174241293458183,-0.4144103152107417,0.0,5.299367221691359,2.495416327568279
52,-1.5700231404254175,0.05052728096484915,-0.1411466658233691,-0.028209088837944707,1.004761137438906,0.0,-0.8521361501471199,1.568681097259203
52,0.7423895510610977,0.9833577185438416,0.3465769082390576,1.0556334932441809,0.3184355838124981,0.0,4.193921402474486,4.393772100295829
52,0.47902495018120805,1.6015057638489818,0.9375742112866055,1.4832052042811967,0.8421860240752965,1.0,12.441959167356561,5.030654548726072
52,-1.093825963996326,-1.2961556107725594,-1.2598528397005633,-0.9809209149876004,-1.9245473277412168,1.0,-1.3230556215392908,-0.5539256531904575
52,0.6225290844492348,0.17822049763103365,1.1764887019866843,0.7804377019635134,0.7513723253656608,1.0,5.791683635459195,3.249640635619105
52,1.7291164463752962,1.6869735276265285,0.8611650779223563,0.6220014275291623,1.531307679591187,1.0,14.521805065697775,7.783809830654797
52,1.9350045286470519,1.8142979186197563,0.6643491101424538,2.282521668098819,1.5111324020301569,0.0,11.450954909970473,9.4016457585527
52,0.8293581095694275,1.1436215857719167,1.1868711487001145,1.7999624440573918,-0.09304298800539201,1.0,13.496282000061703,4.75641976323661
52,-0.19421426655535368,1.03205559345813,-0.5212662525519207,1.4749127437786502,0.11548433807049902,1.0,5.064930642859031,2.6202354663468226
52,-0.8330063964341796,1.7358179855940272,0.9319578101640771,0.7244316173923846,0.42162932528927805,1.0,4.007135708458733,1.640731103824758
53,1.3180240299280146,0.5811917854201986,0.1030318771435047,0.5962830390953756,0.345696926046251,0.0,4.4275835061866164,4.23283547791047
53,1.9096063934664913,-0.4142905650889056,-0.6502536651341491,0.7504896679821993,0.00792776849443294,0.0,0.8625332227089026,1.8065381462609167
53,1.1890370890771824,1.9705624945818427,1.3169377224752346,1.6230920759370733,0.6979101446959511,1.0,16.044608703893488,6.992982413643747
53,2.420486921787351,1.1108054899549726,0.6487077634275633,0.8357829161027468,2.0494787403049237,1.0,13.342793448988854,8.01818625453215
53,0.13440432888282505,-1.0926225279748243,1.3685639999459656,0.09298578866620966,1.0560636635231964,1.0,3.918157195560073,1.8337010918278358
53,1.4299922968814756,1.9978354389191253,0.9152051493015783,2.8240884821620624,1.4908276570141328,0.0,14.465630784134738,8.7954917691709
53,-0.5154051079422179,0.6162592132782184,-0.14847435494347827,0.7484531123935724,1.3311963807156495,0.0,0.06957457165268854,2.687389392078471
53,-0.34814928067435646,1.517003674683141,0.014598697669045535,0.8267326365743173,-0.8672661212067299,0.0,0.8041137699561063,2.0432095063071287
53,1.5677035615805404,0.06996173762237318,0.2242797361325895,1.3019656943740316,-0.07048547288082985,0.0,5.229730582102082,3.6313464433137406
53,0.9172542852750944,0.6559324031231397,0.325253253644314,0.4181396607607488,1.770534576061448,0.0,3.3031054678837735,4.592783726959933
53,0.8789552825282028,0.9613560505501616,1.3607696766962687,0.7318832106136759,-1.2332366213744177,0.0,4.114977499676759,3.403338742920868
53,1.228614459359968,0.7504249667319591,1.632272176339972,0.4833453779783297,0.5829588897543312,1.0,7.584914444228924,4.1993537654212325
53,-0.7447488852909376,0.9313579115661195,1.049631956044236,1.3470853720091713,1.0310718819697184,1.0,5.903757386670142,2.6114616157636
53,2.5843147669406457,1.9563273163551855,1.2795128807635774,1.4033481277410094,-0.04774458204881915,1.0,17.696322795156778,9.930826671053085
53,-0.6853600026206206,1.3067062549439048,-0.29935827908103163,1.575668965301049,0.9248978327937065,0.0,1.203196094108801,2.4712391172604335
53,1.4247432705418697,0.8252877536113796,0.885280313306994,0.9714763728945548,1.0474338285379723,0.0,5.686335506879537,5.386006480606161
53,0.5769677094679233,-0.33932780979830535,0.6327132688162508,0.790934837686645,-0.7081838165271623,0.0,1.1616530611230178,2.0871969335402634
53,0.17751343162034028,-0.33503676151399897,-0.2651424449390253,1.1896853872282271,1.308353671399063,1.0,5.227985335168786,2.9432683000825786
53,0.7537190510589984,0.34039125023398714,-0.17347444267611,1.4698883206298026,0.312526840925385,0.0,5.294623828149209,3.5930758850583424
53,3.4326027670757284,2.298806281187674,1.9199555099078482,0.782408123267135,2.7285855694986894,1.0,23.43615138325418,14.129960081345835
53,2.15205377624209,1.5904259677767185,0.5453772433801609,1.0883883602513849,0.6852309280729931,0.0,5.334302622248108,8.308352007793733
53,-0.8384180253769442,0.43899998710998733,1.5242837369571929,1.3310935709403853,1.4894682740529113,1.0,5.5670361771047485,2.6511440901078855
53,1.2272603207734063,1.4198862326356418,1.017563213734447,-1.9925433326592281,-0.13137358166484803,0.0,6.031430582106546,4.038407260203534
53,1.0544658711425008,1.0144559441822896,0.994350191003555,0.4341086043658127,1.4619783814038751,0.0,3.1626279707024674,5.094436474588754
53,0.7368690196528251,0.09479243550091665,1.3253514222731044,-0.9440132469405556,1.1068444599705551,0.0,3.440078996835892,2.4727595734976564
53,-1.343995158239645,-1.0810893896786196,-1.1995813186430244,0.5602509797188852,-1.2566354732255207,0.0,-1.4787405316635749,0.6552016754133112
53,1.4263594781646898,1.5090640892850806,1.2997004843725364,1.50450485929435,1.6344623352069647,1.0,14.419059831929296,7.107300907427719
53,1.6532800151773925,0.6394187824532913,0.424555708302903,0.4264255520152485,0.9623801394540064,0.0,2.4457705605044198,5.021390226791089
53,-0.008428048570455537,0.6762278082873514,0.5605200394940609,1.6881000712780312,1.679586419001241,1.0,10.44064260565088,4.139282622590136
53,0.875203039906198,-0.7099548512393075,1.0895260374527314,-0.21096984291163579,0.2363755710560289,0.0,0.6900865076817143,1.4816408759951598
53,-0.7617568558788694,0.6209719152196039,1.7894593918028332,1.3357289956957765,1.330887431103125,0.0,4.682843804753963,2.467691108254862
53,-1.0611592007545954,0.02640151529741952,0.7179567242693182,1.3441983563964,0.6239751226907533,1.0,3.0708928667324744,2.5508215115939685
53,0.4691873777026864,-1.6026164653401276,0.321977640379818,0.48595318982183355,-0.2840402812522118,0.0,-0.10527902770404562,0.8919147765170234
53,0.2950373834667702,0.8220447460425839,0.5848892958076584,-0.3209323684393016,0.1300972877058083,0.0,1.5450144445093397,2.831875314821569
53,0.5749162502383278,0.12078292570148191,0.5584107171810916,0.44350000852128874,1.8352680046481282,0.0,2.571883320358334,3.683977265631622
53,-0.5690880166839849,-0.364077168736169,0.9908762502278714,0.3406828313106667,1.2577120353313953,1.0,2.0839476222587514,2.583202001675964
53,1.2379522217359262,0.2853296747775196,-0.1900968986779028,-0.20438432237564663,1.6293226375827428,0.0,2.468580961384035,3.714272091669212
53,1.3707948135751507,0.49060315174811975,2.768853382727774,1.6472536885403375,0.8731870908631716,1.0,13.875191307836799,4.316529033344239
53,1.27194750084072,0.4982119585361003,0.062435574132899685,2.0245434688733113,2.163882234105432,1.0,13.523948648179116,5.6422613564176975
53,-1.1215407963199726,0.4257961597440306,-0.05254690564944431,0.09380089980672518,-0.2999219629376464,0.0,-0.8159188424061441,1.0438656622474727
53,-0.17623548022428415,1.8855903057338925,0.800589590543048,0.23737463352670107,0.40678355298960706,0.0,4.073164520341384,2.941027030158144
53,1.186925428913177,0.16138196347839873,1.5232999836617462,1.9089135635358059,0.8189716716652327,1.0,12.57582750320507,4.038773149140869
53,-0.3161080052813332,1.1485714341241815,1.0812189895926974,1.0608086749689636,-0.23474786076187248,1.0,7.809903115144539,2.4770519082276454
53,0.10494305175360674,-2.164440679332722,-2.2076172507465732,-0.7172733634425283,-0.2712153173548951,1.0,-1.0740459941398897,-2.449587294252919
53,3.031581154967618,1.2410534921394742,1.0329467317822312,1.1099780029216615,-0.08142886226195478,0.0,5.7615188755884414,8.44171002215577
53,-0.6443428074866981,-0.06045248256787028,-0.045061176950555115,0.9038251146492899,0.6204048468837465,1.0,1.9460345837008666,2.4251237865459636
53,0.0493478152778738,0.3068847879115293,1.0631399849426009,1.8627179198489832,-0.7940819152553966,1.0,8.823330729721869,2.7452788834542794
53,-0.7072254970955176,-1.6797524181427614,-1.5142389781239962,-0.47763862576685256,-0.2605389819097962,1.0,1.5239939367185407,-0.07520631009086465
53,-1.6944166840687331,-0.9832659866819009,-0.6616016384640901,0.33354862730600576,-0.6586614652011982,1.0,0.13880521034790028,1.622872946278365
53,-0.08754315774034127,0.9423123021270408,0.7105866338828388,0.43661485066394473,1.2406235858967547,0.0,2.313110997750846,3.296783470654664
54,1.1023137986777716,-0.2805311564858528,-0.5065980404890384,-0.8905715177832689,-0.12712183197576132,0.0,2.8697808817809967,1.2139124746143617
54,1.4850844113285722,-0.03473839339395024,2.2273449793541005,0.3238209742750943,0.6558809007720878,0.0,3.807042000052241,2.666720321602775
54,2.0936567228902505,1.1637008375542197,-1.166365185352947,1.4651912227359443,1.1393176699583365,0.0,4.727204296295195,6.177636573253691
54,1.4869829300301551,0.4786429756870359,-0.4537420777913975,0.2214918790936637,-0.7105704756211284,1.0,3.2051252246104376,3.1219496768719885
54,2.6860532424348,1.58714148515482,2.165661295536182,2.0898587683263297,2.7966918705442088,0.0,13.313995949190478,10.365452939946177
54,1.5237596444204076,0.522700738533365,0.6354671565447025,1.4736564704314548,0.8913790796187113,0.0,6.502715961353091,5.124746338138241
54,2.723535778129515,0.26497622826611755,1.52205617327531,1.787694283619683,1.4577133429463522,1.0,14.41197479247075,5.648380999094447
54,-1.0715811212993496,-0.7718664459436488,-0.15039061253431196,-0.020293490122748503,-0.7683291410894884,1.0,0.5670130101773772,1.4245997362403129
54,-1.40037724682212,-0.4318478450912363,-0.6767610769664623,-0.7766328055096046,-0.22256039947220263,0.0,-2.5507099113427993,0.6302654582156493
54,-0.16679082966013403,0.48741399643557176,0.8463369272714982,-0.7834007780509753,1.114221456415439,0.0,1.6171408965534835,2.3303249079907657
54,2.9413365508930656,1.7653669077561769,1.3414163460106727,1.830435231861686,1.0902724339518879,0.0,11.097904789671748,10.904325734636267
54,1.5710950067084555,0.18787420502321356,0.8167433035706918,-0.013823453408546071,0.8954945743470565,1.0,7.866247486143955,3.708458748772964
54,0.23007012257578718,0.7419925742792735,-0.07224165640408386,-0.7943324590756669,0.8470495011616961,0.0,2.7861827743974024,2.6443710699786687
54,0.583546763598965,-1.128315418773662,0.18364819216157346,0.7445727880658821,1.044982403052605,1.0,2.4145584295140683,2.0389765659278094
54,-0.37858673203701454,0.48426434250547373,1.0150078654222345,1.3819386184324112,2.0410081255205874,0.0,4.449311431084639,3.616093305059512
54,-0.9047357558117668,1.2653023418005747,2.442269038771369,0.016624916884744212,0.6751737332100379,1.0,4.235405213157995,0.8372751152959819
54,1.966780435896246,0.5300907690655875,1.697785601278802,0.5094505841187829,1.1747381575331821,1.0,9.757725621582896,4.855346688889971
54,0.9580326199020988,0.7813190802178236,-0.14251961812490432,0.41836762813892125,-0.07901165210564398,0.0,3.477379049562821,3.7064844524591862
54,1.6271371840999986,0.6302272146288582,0.49302864790037637,2.106343119137749,-1.1892890821109534,1.0,11.720980018786793,4.740093131175729
54,-0.6501446738990455,-1.0317664549159717,-0.5245633197639112,-1.8347581583603692,-0.9935770900917775,0.0,1.3787101668016324,0.018935345780828783
54,0.3172258448074392,0.8046144266960322,0.9593527918069908,0.7680767622443114,0.5076940755684352,1.0,6.831956355843938,3.507776495227022
54,1.4903829567221756,1.7452270632830462,0.5814956388053385,2.0881121120538024,1.792316649837693,1.0,16.348988289071933,8.285465949876727
54,1.2694824716957838,1.8638532775793784,2.348619207708035,1.2910932904485755,1.2325539468624174,0.0,11.876928197738215,6.667200152574425
54,0.26874170733092906,-0.7158024681838719,-1.8760149175851004,0.2400298713819261,0.7359443840004355,0.0,3.159275015686701,-0.1664183591316698
54,0.21150800740970183,0.5663012580160961,2.4232262324717584,-0.3720757205434595,-0.41978802209020527,0.0,4.4152822098377245,1.5714812458981278
54,-0.2924089911864657,0.48419539702651687,0.1893618573359906,-0.6956464379540548,-0.6237100263306354,1.0,1.6978261633076537,1.3714373659426236
54,0.9715501745254521,1.5182458694917789,1.261898174584683,0.8396500532657654,-0.2101213466068519,1.0,9.896413475181749,4.9696726269433205
54,-0.7873006772178124,0.10242939033494425,0.6444016441783993,-0.07303831531020455,-1.4280858744708103,0.0,0.6654513617055593,0.9480197098359402
54,-0.007875034474547515,1.2983691797144836,0.8518472792589613,-0.31891628922511384,-0.10382626464466516,0.0,1.779317534221442,2.508168929151491
54,0.9730233710930749,0.571517124308155,0.6645167143704042,1.4984978128010198,1.1669808884229655,1.0,10.750308411000182,4.780582383459722
54,0.5040374248399603,0.22128913237898468,0.02480758944460748,0.6304081295229995,-0.9027431014454392,0.0,0.9622651106351744,2.3501298993333064
54,0.29781786962023993,-0.2713438611422406,-0.5630258727862296,-0.0645590545111232,-0.15861190451410478,1.0,2.444147257363969,1.3849714705876135
54,-0.28681757863882296,1.1164619444455137,0.5088997800009643,0.61645818863957,1.361431573872617,1.0,4.3760652267184135,3.2112771242975557
54,1.632590988096647,1.7303815508113776,2.136142547567875,0.9146719103436938,1.1724525001137498,0.0,9.952136346475754,7.0824168762564295
54,0.26576050038115545,-1.1911980045605606,1.288418299981082,-0.3785911977846944,0.43467805440715834,0.0,-1.0067369242878896,1.1716007290821722
54,0.2945196044617179,-0.19546164899203688,0.4349670455927969,1.0741955585532033,-0.8178455254635824,0.0,2.4851831790883945,2.244504158664353
54,1.2219715140056127,-0.8056303138620913,1.5372761866578915,0.007531806918555539,0.13228398228728072,0.0,-0.8649919981275584,1.0957731569306335
54,-0.23296471964170917,-0.5896310892287913,0.5205243126406166,-0.26222692724816066,0.8522152551143563,0.0,-1.574200760480469,2.1488801970814517
54,0.7593808630002659,1.1742928133099357,0.16511167383353348,1.0035308202773803,0.6089929388292734,0.0,2.7698024573093423,4.733790051119588
54,0.16758792735389771,0.45616176293110733,-1.3445868372911618,-0.9015621860093941,0.4034975036766797,1.0,0.21787010839578902,0.6912814916161742
54,-0.7341963693379352,0.10318130261967484,0.6673867960011548,-0.5198749128210982,1.0595240786529363,1.0,2.0339131256539,1.9976968605959682
54,0.15749686433650867,0.4626979615503646,-0.6492557595422159,0.42647243515006106,0.3079667209095384,1.0,1.4978545396360239,2.222096571523378
54,2.6752736463520335,-0.3825962456428059,2.2868392991224002,-0.37554392776666656,1.1357585962588312,1.0,6.2329572179416095,1.989911429678261
54,0.9250015974213572,1.1799170987558287,1.6664247226224314,0.3288606941808292,2.159781673367168,1.0,11.85320280287289,5.125935382159639
54,1.2928956573252575,1.3403155159354319,2.268102931278023,0.8374714218289687,0.3889816659792157,0.0,9.427961603635158,5.154616375660341
54,-0.11572380755908829,0.7784574679552712,0.5364305608661636,-1.6223922085507674,-0.006301441013182529,0.0,3.484568734830238,1.554687614247551
54,0.7915259076319112,-0.08367808864438209,0.8720459763324272,2.315223018419609,0.8042467563413627,1.0,10.603217483707343,3.9267098097653212
54,1.285142343759907,3.032663632643119,0.5800802114320939,1.6724990029181142,0.17490740973361085,1.0,18.774117000910373,9.106469438373429
54,1.3815218720023126,0.980812367002551,0.7420307213268167,0.6231241033890543,1.767350815720669,1.0,9.53437545564497,5.839531423234689
54,2.0548415662208344,1.2848500739598032,1.914903733109008,2.6137618732661116,0.6636124979642802,0.0,15.027006012421523,7.568791665966754
55,-0.18825249411769662,1.7279111513100476,0.3209436300539809,1.304055015702258,-1.191757530607729,1.0,4.361380443175008,2.6101044633709916
55,3.493832696623395,1.4978946654374328,0.7967367499306222,1.446326856329991,1.4327127311269787,0.0,8.287869812976982,11.26618911589092
55,-0.029230353760709482,-0.6493442497690793,0.853153088617059,-0.40161747662697667,0.11651797453695206,0.0,-0.34361408851025843,1.6213310689854632
55,1.3574965751137702,0.959355450350165,-0.145220245337069,1.5783240754753949,0.45798088067958964,0.0,7.007525012308486,5.3957641643972885
55,-1.0880843722019473,-0.25239376950112025,-0.889404071473995,-0.465370737484351,0.7153315038451424,1.0,0.45558952718119994,0.914539986832768
55,-0.13082424715805452,1.3253630913732488,1.4661685413925651,-0.09483079613855472,0.025009280993199434,1.0,6.6054201577805856,2.2264903035193404
55,1.9596676008489158,1.541529303411282,-0.6650121250960281,1.8949468035011166,0.9661355185311207,1.0,15.363674090768813,7.656427885421834
55,0.9854412280088887,0.8822859481090832,0.2932069446283776,2.4636823478494723,2.348495592012851,0.0,10.763877249204437,6.313318895073833
55,1.6672383116566403,1.252943349477528,2.1342447968324985,1.160225108821316,-1.43004964111303,1.0,13.36161095520175,4.947151349842789
55,1.3516244578512826,1.3606859531506088,1.0119624620138847,1.6089197616424222,1.373312530586627,1.0,15.683813762177866,6.722586819303447
55,1.9979794229786787,2.3427863185152074,2.2990931712620224,-0.36712417122117236,3.353707021089252,0.0,12.562426590925973,9.828460217637453
55,0.025524013899316023,0.8288938668435617,-0.23407077754016448,1.2459883229661897,1.1074709357081336,1.0,6.113814664009158,3.4807901638892975
55,0.3664871076019053,-0.2768869343592356,1.1458604136167458,1.3055311846671365,0.7087519836294749,1.0,4.953766679437598,2.935658781191701
55,1.3167576004913495,1.9581558209266972,1.1510161222151045,-0.02725331731285352,1.1117245915665364,0.0,5.530687463546368,6.741176719539427
55,-0.4237305904354216,-0.7121856042834049,0.13194940443446063,-0.6498157603418997,1.4596611380976043,0.0,1.182006485377867,2.196021420785572
55,0.3562925612028631,1.0852530501117714,1.0302581548091343,-0.6675652684084921,0.054523419053181865,0.0,5.082157814744348,2.830646059122491
55,1.4909008335024294,0.8389025667633794,2.3418577727449335,-0.11280446275694034,2.720443865502087,1.0,13.862598149915563,5.193473954192221
55,1.6373730233968522,0.17324345859503787,1.2303320550482524,-0.13723105976071914,0.925135835195001,0.0,3.1576664091832995,3.5320155723597293
55,-0.006446371274203444,1.2910967617302904,-0.0037525787798469157,0.35327441939422766,-0.43259052865576386,1.0,3.185427633765117,2.5924609212148297
55,0.39398562124616904,1.495902705121552,1.901412167925676,1.2539821804055942,2.4905654563261006,1.0,15.372727738306574,5.032662643417367
55,-0.1894722279967338,1.5146652956540216,-1.3916973830151003,1.1556672705162612,0.8425340975404025,1.0,2.3480346975185187,1.857004520501957
55,0.011155001071973258,1.562114856733129,1.0569349444193308,2.7841543612302613,1.1568376739086474,1.0,16.6732485991283,4.794567410927882
55,0.5222691029692936,0.3283977810319264,0.37774347054809354,1.0693417199521167,-0.3967792228027045,0.0,2.392251008675723,3.0514977038513402
55,1.4652562191359417,0.9424402719425176,0.8526616716453995,2.0648155758673443,-0.6372540637904966,0.0,7.251079655526047,5.382857455699689
55,1.1524665268871757,0.8059807500293861,0.756025498548456,0.5311798419573791,-0.08096749323015007,0.0,3.5881317844741236,4.238776795648936
55,0.9501482043683387,0.7011489736770962,-0.3250760981815466,0.5643582547879978,2.013127178580438,1.0,7.816425613194621,4.565675119803151
55,0.37702749876384617,-0.5339475212947562,0.37975675799033454,-0.11890564767714706,-0.33054691339999365,1.0,2.535114111460209,1.6141340203092518
55,0.6764499181060922,0.5041181651883074,1.2240019836798246,1.290811121376049,0.7991569628695014,0.0,4.466142395972913,3.928164511327892
55,2.971756036995224,1.413570679395962,1.962594510454498,2.1833461154638396,2.1600027294464734,1.0,22.809633534680685,10.164571280170168
55,-0.9812635167947408,0.24602320980371556,-0.39497071874649115,0.7785378052749421,1.6204940546632458,0.0,0.4615864122638983,2.316004648668771
55,1.1408575891112633,1.684557820408386,-0.8921365926292495,-1.2109097186791065,0.39658498068478426,1.0,4.716558920315815,4.10906791858518
55,-0.5016306451804802,-0.19117240053444096,-1.0202554278977038,-0.3647423490838584,0.606200248798166,0.0,-2.06705780201501,0.8832459296918975
55,1.0365675988934573,0.6514692467945444,1.6140461145719307,0.6805173397966624,0.5052299222632057,0.0,2.791607775798313,3.8759707184641377
55,-1.0934034830385113,0.2863191772157019,-0.5880433380082919,0.5056916767220174,-0.4259293079919966,0.0,-0.4114517017493944,0.8612826750552746
55,-0.5239738586537692,-0.9493255414564936,-1.3967735401730619,-0.6131344384532602,-0.7570836675760391,0.0,-0.3643477634898634,-0.44957798941360205
55,0.6238455729236084,1.0479393192172954,-0.408347282234118,-0.6784791104755334,1.1538836129898957,1.0,5.0611393096347514,3.440951719885085
55,1.2830534529332989,1.1479356869320432,0.5985627178336556,0.49103204210565105,0.9899620699925686,0.0,2.681966682555375,5.554282144468994
55,0.2664894087302626,-0.07674834296421618,1.115531400868515,0.946399207308513,-1.3315911845707349,1.0,3.549490184777076,1.8792878951647054
55,0.9048523200194745,1.2288924801284549,1.8528611328327793,-0.6738804545072876,0.5365452243411266,1.0,8.771596385248625,3.758262111990605
55,0.548808438140727,1.4774884490077707,1.5093156756794546,1.3869839121969454,0.8567292664016659,1.0,11.861312398555208,4.761962925736133
55,1.2193566641713702,0.8728755731990028,-0.9415232349967504,0.37294241965341224,0.8662889551162192,1.0,4.1044746185013885,3.847874076264394
55,3.4208990024221806,-0.14856933054868982,4.048133838927459,0.5318143385052861,1.4866986805156586,1.0,8.43558793990945,4.544774770330559
55,0.1408444942520164,-1.250239758071912,0.09977194260209876,0.1302166049119024,1.3828786460686173,0.0,-0.1617682928792884,2.070673485613841
55,0.87631646184625,0.23589548368053959,1.0207596645573607,1.0412924929513618,-0.43577568444307135,0.0,3.563661933927123,3.0986817889565685
55,-0.896370325874897,0.11788627625974796,1.1549054845559517,-0.4385896499835026,1.3958580667869325,0.0,0.054558385768301465,1.9651801605688994
55,0.46698570108293563,0.21807671430770142,0.2298491809982136,0.20757738399538428,1.7295477107479509,1.0,6.956371137209875,3.5015578201610236
55,1.2148236257723068,1.6502806975990276,0.09702251625049685,0.792054214646605,0.8351187606388343,0.0,3.0486881801993757,6.294746894711055
55,0.09928002185278495,0.8988771786657125,0.1663859060550733,2.2448135361668085,1.8944512037242942,1.0,11.719138699057078,4.7273342389681074
55,0.1866620551299636,0.567675423747849,0.7632563497374774,1.4044539289803146,2.090379188145647,0.0,5.351411474968281,4.334765736643275
55,-0.6407221912869976,0.4830818663796477,-0.38893422816994627,-0.2737279250276654,-0.7488756458636985,0.0,-1.4993578163112753,0.8312033946134563
56,0.48368510989596414,-0.6724362978350562,0.36045155964392606,0.8424290623436765,0.014691405840799476,1.0,4.718221038627626,2.1249006507667296
56,2.701968841917765,-0.03773672105634718,0.4377032913372279,1.19757050319809,-0.37840799824709326,1.0,8.76463613051039,3.7643130490806325
56,-0.21615832281523328,-0.9040276457431464,-0.22643047628514523,-1.043122526377445,0.9703243311926836,0.0,-0.6318715087056497,1.4601797411438961
56,0.20722836602715566,-0.398710582915361,-1.2033150930199474,1.1646739508424337,0.28135243756260037,0.0,0.2565769156023352,1.3022563693756508
56,-0.34742511711074897,0.8102792891116022,-0.4231076987769935,0.3302411938200389,-0.04357172985363933,0.0,-1.367669513379195,1.7935139281660242
56,2.420010204314533,1.2605515002314793,0.27524550576185447,0.07688792779636,-0.7070123332414218,1.0,8.725210913842057,6.675747398342681
56,0.8512776389556396,-0.8184024343420626,-0.6524246128185502,0.5142456765096018,-0.04887616309029763,0.0,0.6349700847138607,1.0208364778680892
56,0.04333809462282229,-0.6829247865997266,0.8171447103148873,-0.1476676104375334,0.3464425052961364,0.0,-0.8732443528907825,1.8428758542098476
56,1.4743932905917152,-0.33584141727870875,2.201089195913713,0.9926005576852381,1.2552680099246514,0.0,4.9911671283737205,2.709211107102695
56,1.547756580627634,0.49796330256224486,1.313999485425474,0.2671217778039974,0.36079632822911917,0.0,5.164147139677233,4.018528453711576
56,0.738340933002555,1.3669072932846924,-0.13541961260129964,1.0590948691900326,-0.3468781246999244,1.0,7.216894431359192,4.341111053519195
56,0.7704492169262485,0.9139098506385999,0.23777709873342046,0.6306912324782779,1.833241452564389,0.0,5.238734520928977,4.869019518492049
56,-0.11261772253454139,-1.1786365032985318,0.3999989329568612,-1.893621768789865,0.4602784300054719,1.0,1.370358340318839,0.8914974523957846
56,-0.22631222436155674,0.25043856830939915,-0.4833738805732649,0.7435114430212056,0.6709429374352511,1.0,3.1191359652195825,2.3063580020431456
56,0.5870379198795235,0.8245072123583659,1.3373691851165184,0.4012468907786984,0.05863546112365048,0.0,3.4848659370541406,3.319728404352212
56,1.6685621316642434,1.7002530691394357,1.2115320109566832,1.7319654126169557,2.3382048825241286,1.0,18.142079967220027,8.51382225239875
56,2.470843354071227,1.1821003060133801,0.3446466814504812,1.0338555616838314,2.0005316268191686,1.0,14.740428914453325,8.377968335002148
56,1.8359370059999627,0.29409212801376056,-0.5517152177946716,0.5979979176338917,0.2209237147973646,1.0,6.57279697843092,3.5901791413305175
56,2.519551311949826,0.10405053194547104,0.8586289413859098,0.7250012948874482,2.423944677443102,1.0,9.64097147044244,5.231224934264225
56,-1.4749307860514766,-1.76818965999822,0.8225053788648928,-0.5354870317872278,0.6906642460792336,0.0,-4.385653420994768,3.15562570943391
56,-1.4883616903822279,-0.20005799037426486,1.1622350555903638,-0.013479860594540427,-0.26600138645360616,1.0,-1.2182351867243495,1.2922151403749649
56,1.6687367536489257,0.40106603581041317,1.3516275871141468,1.175656315619205,1.7003567227458227,0.0,6.199759177639563,5.035413665017733
56,1.9047622471323677,-0.2466709054469941,0.8472297720780018,1.7314059272619933,2.3613642086661697,0.0,6.303186284419505,4.491258025455582
56,-0.5730205653056784,-0.741830518744125,1.0570814170959675,1.1736488204716315,1.4163629388269938,1.0,5.1997084202499275,3.0826212272915554
56,0.16318628867099105,0.7967422462352884,0.9583692064242413,1.7700122659509412,-0.9567584928679485,1.0,9.418930377646465,3.0706483225899897
56,0.018766868964488537,-0.06717629122352098,-0.3543069989368943,1.2924735871220903,-0.44524947821969896,1.0,4.471581321136191,2.1588802993384464
56,0.5194111433787707,1.4627090014763013,0.47211916630133965,0.1734315389959124,1.679521534111869,1.0,7.577035155468331,4.803950092622658
56,2.538802293301519,1.2307859324748505,-0.18745713960533528,1.0179956091979534,0.2818858213427473,1.0,12.52449781236308,7.548209707803977
56,2.1351699644351734,0.9162640229338236,0.7837971046024852,1.8561293269007875,1.6782564365784736,1.0,15.089464291647394,7.349425842925307
56,-1.76949875587938,-0.04217825767197447,-2.2125301669635538,-0.09726098603011357,0.17907202991708182,1.0,-4.628301272663249,-1.4951489427032225
56,-0.9131792380490975,0.3014606225004406,-0.7534398993872353,-1.3652396451922342,-0.021683579932180952,1.0,0.33633578404509296,0.07801132415903317
56,-0.3687873341084119,-2.198947339980695,-2.914739189356528,0.7845673018566832,-0.32732912426917704,1.0,4.027742151311431,-1.6760528288470042
56,1.6933152060359478,-0.20048762426953104,-0.6026736659796741,0.9166503522024316,0.575711971574012,0.0,2.353989614690435,2.6755923783706517
56,1.0449884770717326,3.0768731470437203,0.365146365558915,-0.10443763536182793,0.3544143936924385,1.0,11.459034567351226,7.517860864150675
56,1.4822244147969643,0.910643820254696,1.6199911441269779,1.5327554249074995,1.6047466604867262,1.0,14.387907780421864,5.875784259094823
56,0.10568111490339516,1.114848011266671,0.1011057889890144,0.5752815470943938,-0.6028624731634651,0.0,2.947009899016766,2.7597385376009536
56,-0.03101509268664282,1.7607394862817913,0.2808005772156016,0.7036560790713896,1.2589698292088984,0.0,2.977790615167021,3.8927998274985463
56,-0.16452035626638295,-2.287891137016651,0.6596987185334956,-0.5437318948434846,0.9065716480385388,0.0,-3.3428532238461957,1.4516450705683055
56,0.1269029327941827,0.34488776313824787,1.8041150656657323,0.8651254650126456,1.758378727479344,0.0,3.3811212324745905,3.262264639030535
56,-2.027354822997696,-2.0560330931123456,-0.23871164571611458,0.7940180159538219,-0.47396779566440694,0.0,-2.2803642733016107,4.138927350619331
56,1.7831131375157228,1.4992294524176473,-0.03289435471012858,1.9808237590623614,0.5751734488924206,0.0,8.266116689675732,7.575477483841409
56,1.0266482350481296,0.9984976746423222,-0.5036930141202445,0.6139708515988416,0.799036414166527,0.0,3.8745053965836824,4.368142012286487
56,0.8643723125192633,2.2347337829983323,0.06738957306393129,0.6874459126608874,1.3307537202775364,1.0,10.742327018543168,6.5217198405554395
56,1.7378735203897453,0.0924299190634999,-0.014282401608393225,0.32822151728467064,-0.7695997850417025,0.0,1.9360138994553686,2.8478509021120493
56,0.7398102837025806,1.8070207796178859,0.5622827404861797,0.8263117389945365,0.3828254761185604,1.0,9.62157778183759,5.342018409430631
56,-0.10390105450956455,0.5214953048576613,0.5994936219546132,1.5174824414537218,-0.4578242987684267,1.0,5.825419408543796,2.8098105270312326
56,-2.0899959183010166,1.3742372805185195,-0.6384723443681688,0.1789700807759393,0.8068210299180391,0.0,-1.3113115288469195,-1.2533631122183704
56,0.6559303312263725,1.542352766014812,0.7528720398687969,1.4845149616194613,1.4894342277717916,0.0,6.839301948202064,5.70395628409383
56,0.8452856480033197,0.8569808550745661,0.509092619413509,0.044606016171757634,-0.775581503509065,1.0,4.986262522767156,3.337772545844241
56,1.157378202623494,0.3509387637908131,1.6373184298893657,0.5952224324846068,-0.28855400795307273,0.0,2.1102881437505285,3.0658477342957147
57,0.1890900999989955,-0.08685236506154248,0.4160102524075348,-1.0443778038875289,-0.3885280339135623,0.0,0.5424781450570202,1.4409566823550035
57,-2.4211112289748318,1.9856642753080282,1.212588991573472,-0.6414130219729246,-0.7637711922544701,1.0,-2.0120827233069956,-3.7709392432236513
57,1.3662029178614112,1.7308178324734633,1.110594051804405,1.5252130479971973,0.6026906176176164,1.0,14.649157065341345,6.97653695378145
57,0.3772607881024476,-0.24937259136055823,-0.5708824537741617,-1.3832724096057845,0.5893494830555592,0.0,2.8835999828307797,1.1288873549424214
57,1.4851504920107192,-0.2839473670350209,0.5996585842075883,-0.6099626343829343,-1.0384176522913737,1.0,3.2636930071495267,1.4800644840581798
57,1.476482845632923,0.6487542315398152,1.200072775121742,1.9160290659460317,-0.634277281398834,1.0,13.25280738154437,4.6236952365803665
57,-0.5391911535387004,0.8431301295512774,0.1457802170365181,-0.2774719866420624,0.24812662597616497,1.0,3.4242539140880957,1.7449714783089196
57,1.0335299734201189,0.8566603636064927,0.179510510155733,-0.7844351361169264,-0.7426142001575409,0.0,2.8892560964493508,3.14064112636024
57,-0.9853367683379919,2.266619423096916e-06,1.4999834914511108,1.4049775359563306,0.8856059385917845,1.0,6.64039958645094,2.473367667609687
57,1.041670541135941,1.3336819689363906,1.114684612279833,-0.777210901915659,1.1843255002630602,1.0,8.641716293046313,4.778293730490774
57,0.6676339653349285,0.9516984483675739,-0.3589453300945812,1.6465003948845138,0.2449620344237337,0.0,5.744738008057366,4.147578801473815
57,-1.7003508794247266,-0.12344870489962867,-0.9864501228652898,-0.6128171969340532,1.7283023956378718,0.0,-3.648411039092248,0.9141780463618656
57,-0.5596455238678553,-0.3142362712721024,-1.274646572896866,-0.10425492970628292,-1.071910114185444,0.0,-2.604195605961013,-0.1946460386053005
57,1.0889593205537709,1.290185455184444,0.2383423983400494,0.4030955599468967,1.1302225782500277,1.0,9.534137722027745,5.452092789298522
57,0.41265488699821584,1.3772056067744463,0.18627361203751902,0.760803186384686,0.44382063745290984,0.0,4.251155735253286,4.141390765830659
57,0.05636425822138652,-0.2711391627373435,-0.6172164455162259,-0.5388427237872133,0.45304755241010386,1.0,0.20775566835021486,1.341316826078649
57,0.2083363061865341,1.0219810915353225,1.3348310442924367,0.8672100862625207,1.0043428679408974,1.0,7.926004205749109,3.665048091677438
57,-0.946947020607799,-0.18122487313382762,-0.11959365564104041,-0.2684384400678993,0.38518246045909843,0.0,-1.1821794418638643,1.5989567874468642
57,0.2021497042240758,-0.5517067497933945,0.15642429368397653,1.6546955884578276,0.6061220599534223,0.0,4.623090313295945,2.9101057380759228
57,2.237321814659537,0.44763353693777513,0.9471079768163597,0.9716675187369725,0.06104778432947244,1.0,8.612733851979321,4.9179226630483655
57,0.5749628121889446,2.429107959126447,-0.5115502922200803,1.1728127366832415,-0.5633170573838562,1.0,6.425781069341665,4.819641464268814
57,0.20174520767528303,-0.3771222065436547,3.0243286017009194,0.9711090656467227,0.8749886577186676,0.0,0.367415270875624,2.2783096191767465
57,0.5380369431563815,0.5936631028773812,0.7156430114795262,0.058165542845116214,0.3060915083817595,1.0,4.854316063870852,3.1798842511206096
57,0.8063442652419207,0.7640577822635274,-0.35714508389480837,0.17703670131224597,-0.40209922497135786,1.0,3.980240669301031,3.0470895526787394
57,-2.2299255367782678,0.025490780475469377,0.09742845819068963,-0.504479911850009,-0.6680272618998155,1.0,-2.413596236325642,0.29865832264079817
57,2.4877231060519893,-0.24761444810239996,0.9739725524441594,-0.03700661863766552,1.0764833708240156,0.0,4.187853336954388,3.072800974837002
57,0.40949008385433583,-0.10526664779121575,2.252836408206506,-0.39847364766747406,-0.44503679610686875,0.0,2.3814081760459445,1.1832910257452405
57,0.03518851999151884,1.5285935362784708,0.9427897868801066,-0.6744844826216028,0.3152062149802052,0.0,3.2584710595377517,2.7149685497923097
57,0.8408846495824449,-0.8404305762830306,-0.4140459948558125,1.1947244536259152,-0.09913436980995671,0.0,2.3344285722178233,1.5497944597621478
57,0.32769453302154716,1.3346334519423413,1.0337386917035087,-0.07658144189687133,-0.7099330474728764,0.0,2.279879763048703,2.9037382572392803
57,0.6627507297250079,0.4062371602488172,0.2670486939645244,0.10440491318395922,0.39546534742312467,1.0,4.0562839958667665,3.1517413006719797
57,1.7670342772776235,0.9204014697759744,1.812424027473838,0.10568592610750671,1.3546884888406732,0.0,5.498662481163798,5.367214682364246
57,1.2532808918621363,1.323257123401409,0.2744795356720723,-0.1869089901539439,2.213008354628215,0.0,4.410018656942807,6.059537723247923
57,2.4251261693544075,0.43057081169267925,1.9331618174444705,0.9169815171000111,1.5380361902017794,0.0,5.002677704388662,5.311639695279796
57,1.8235318200313861,1.6297538545083572,-0.6846331391645215,0.28144858920365845,0.6898541814293198,1.0,6.463404007408673,6.6165367634418955
57,0.30468941203427025,0.2814880454240386,0.3640568141014351,-0.039005810407498065,0.882975471681448,1.0,4.423269352683887,2.9173284086295332
57,0.012794321008479659,0.24766933923021883,0.796356769188467,0.8673728235969509,1.446365784061387,1.0,5.5916799630371505,3.3877638532171477
57,1.8651327413712564,1.6415962059388436,0.15093039299079392,0.9515218043861997,0.7074922793354121,0.0,3.540700708068,7.708763157628237
57,0.17331431586347612,0.47591388733443135,0.8961598794171777,0.44441221291493876,0.972829551949953,1.0,4.130211543279287,3.1884110609114202
57,0.6985688941701671,0.930412617307452,1.258733271318318,1.752206152912405,0.6943679230980455,1.0,12.859464760012495,4.62412444543952
57,0.6206870886276947,0.15174453353244588,-0.2741724186927914,1.8551061932038362,0.037556868000839905,1.0,9.64648533500432,3.2522966002630014
57,0.3333391933729982,0.3442231660052779,1.1272798206425043,1.5538213151686304,-0.2744247297769371,1.0,8.638356480889964,3.0859808449600226
57,1.4960084623782897,2.2524413701693016,-0.5444377012520605,-0.009102204162066196,2.2710275133010116,1.0,9.776426977279021,7.958058732422813
57,1.2593204275750858,1.314911690167106,2.4827074106797005,1.0601458647211042,-1.2567423959652064,0.0,7.551950746055386,4.295391433615181
57,0.42080947112443007,0.438294129246551,0.57458424976541,0.3070828994023582,0.6998819195815003,1.0,5.552960295240227,3.244182984614791
57,0.7632622026338839,0.003722057902511733,0.037928194165235796,-0.9544516759709498,-0.7881899964074892,1.0,3.193893480697199,1.533257109539983
57,0.6124352641154338,0.9244804393515746,0.8468249780101385,0.4544612784481897,1.5727363964450736,1.0,9.066584024342722,4.4340187473486505
57,1.0425993499556023,1.4604950327669397,0.11955018471481244,0.2897450668390008,0.780541532547496,1.0,9.376198819816315,5.362039138981469
57,1.3108831600737123,0.5183716606847625,1.5222599252005993,-0.25321152321841767,0.784608236967498,0.0,4.745975924965913,3.66949775747824
57,0.2200905637326232,-0.38503079562334264,-1.1694502017529997,-1.5989745597781448,-1.012021423753468,0.0,0.8192921137033568,-0.6667770010706972
58,0.14914148236188052,-1.0125259010168979,1.3189545966266747,-0.9454557944115298,0.6460914366143842,0.0,-1.226916606421911,1.1762813101696483
58,-0.09696748275233569,-0.16001325711449543,-0.4661299414854382,2.1296370119631334,0.2632100043930349,0.0,4.178016916607075,2.7436985538382976
58,0.6382452214854458,2.662985011216635,-0.7463482475662189,1.597223673248506,0.445774589694298,0.0,4.725926730928435,5.732750743039757
58,0.7180959685141617,1.2390702420243822,1.7811818929443308,1.904080529042961,1.4298246799149295,0.0,8.407071440977022,5.217061021768338
58,-1.3252589821894005,0.4169094744165154,-0.4152196096657631,-0.0709166012256528,-0.32907827403601064,1.0,-2.575588303923886,0.5007327319416872
58,1.8343840359729773,1.2676588174991728,0.19593910310629042,0.19309494312178288,-0.3319288957174432,1.0,7.708232827702844,5.8858123700935785
58,1.1996989145149248,-0.5970518484466671,0.7422496338694413,1.6285912733219625,0.8094969578100633,0.0,6.717987895712145,2.912159801490114
58,0.05037860853741155,2.8185263031920513,0.21080505630412916,-0.26739371048728056,1.2210962316270697,0.0,4.203668633729767,4.1365624537147925
58,-0.13783168079220143,-0.5798264168297307,-0.18104952793250662,-1.1948447792539947,-1.042360418029874,0.0,2.729228480694916,0.49561729260853626
58,0.41339202480278403,-0.9799535759726383,0.01888101670533493,-1.069467086569486,0.9070136795138836,1.0,2.328733296057805,1.239649795155201
58,-0.5470797843636164,1.052654679664768,1.0287113211098105,-0.7846407526388306,-0.6850129813620198,0.0,0.9136438262572874,0.9723533463407825
58,-0.45077225360505824,1.2422553073286893,1.204708854094175,0.895481061521002,0.2926517768523389,0.0,5.0057433260644855,2.39015306596069
58,-0.20433607082434646,-0.40999212091493165,-0.08565003194080689,0.5454454918491833,-1.896986686734083,0.0,0.33237746366945453,1.0543507475668614
58,1.3187705399031628,1.0568071174878217,2.1562748316723024,0.7270146212379361,1.9434471223429117,0.0,6.9048987785318126,5.442244954828229
58,-0.46711053246002276,-1.9385415476466217,-0.10472442812362226,0.5787835298132767,1.2077862729669033,0.0,0.46690038023271113,2.538131228687538
58,0.4900548081711556,2.393295040060915,2.4554326667160473,1.2725253987308096,0.7366336675815083,1.0,15.745614190141056,5.073131898533743
58,-0.44547510142679636,-0.4868422734073735,-0.37480076895897196,-0.8023084661747559,-1.8265500864300246,0.0,-1.754118096494228,0.1794683392278189
58,1.4658164468798067,0.7840707418102519,-0.3807260350009455,1.1787434235941234,0.19123339204192358,0.0,4.668723787441605,4.697267863120098
58,0.21944819026982748,1.1300894423581866,-0.7019834923036352,0.0424931153479835,0.06977541160223544,0.0,0.19270533145993363,2.391470299367164
58,-0.1919804886249683,-0.7514938869776426,-0.918521193537827,0.03567221050352354,-1.0881604191454823,1.0,0.47000242711675955,0.29402630933670715
58,1.874032267917454,-0.9011662879481737,0.2697303532420927,-0.33239402261833606,1.65572186091162,1.0,3.8541921196217293,1.557990167972624
58,1.8377793083478355,0.7797540965309147,2.2085825532849137,0.6155042235861878,1.8800150093557368,1.0,13.287669510275247,5.498415218650364
58,0.28910223360079934,1.958755438079589,2.5041274011924886,1.6505605978455775,2.4928153162530435,0.0,13.8362326636498,5.210354146444942
58,-0.6921725886548606,0.17294349969353795,-0.3687883389256953,-0.34806152665403534,-0.5993400776974638,0.0,-1.8230495679115153,0.895348550463117
58,2.5426143246749113,2.2898106384935897,-0.0892968754514214,1.1894457883405516,0.8698523940260457,0.0,3.966180462690699,11.21933414789816
58,0.7165127720642761,-0.8841951833466362,-0.6365116158300048,-0.44563744078451306,0.4613393918848823,1.0,1.9065245208674035,0.7763909406354963
58,-1.377465992710807,0.40904164860714504,0.03813880683409604,0.5365092547728831,-0.8720392839892206,0.0,0.3475249992734166,0.8029240600577775
58,0.8355348852975446,0.4876226372958653,0.5786476134052699,1.5426619795201264,-0.272114518244569,0.0,5.817247040241962,3.8308050479497266
58,0.39076951817920735,0.28744076403658736,0.6806401054279503,-1.5594474625460748,1.3527966828911935,0.0,4.603975395685489,2.465592958513397
58,0.5544140748574776,2.213037070422363,1.3168316272019354,0.6387417612778833,1.2628482798642906,0.0,6.738431435120844,5.471118758260712
58,-1.0361734570313734,1.4316558638328813,-0.07839697891526609,-1.6552036121625604,-1.8214650953510407,1.0,-3.1530470796317696,-1.0663069150622007
58,-0.7777930750727176,-1.9805140180289813,0.444130443723902,-1.3660829484484287,-0.21830088480915977,0.0,-2.688891949893349,1.4941344784454353
58,0.8840082180917095,-0.7043006236813356,-0.29425696419922864,1.409730080747956,-0.3900966377264121,0.0,3.171611834893608,1.7869524055671433
58,0.6514659274026751,-1.0361370015159845,-0.7940792392415756,-1.0218015914157943,-1.6819907159712577,0.0,0.8340477931560043,-0.9153374962881738
58,0.0545220507503289,-1.6937007951503746,-0.40815799333963576,-0.16751542579521184,-0.13360592245634895,1.0,-0.5638451820409525,0.6512804238439623
58,0.19563555356155393,0.2885301182951442,-1.0252613481691066,0.28294117149120074,0.6064677096821773,1.0,1.9247071214474298,1.7494788429617494
58,1.118619191105553,0.0944423820957686,0.3410526252850715,0.8988522860590811,2.590980692089252,0.0,4.250087865903382,4.570021755735693
58,0.7961349070299734,0.2806063547355422,0.6305781363706717,0.6940645619351795,1.7191580978059438,0.0,4.916343489467655,4.0913583103588
58,-0.4095257997595798,-1.857996409450121,-0.7374995973037888,-0.7022144154024255,-0.49366733399565665,1.0,-0.28724665844893693,0.4005979274031928
58,1.058524629270255,-0.3773285943637352,0.9715373988382989,1.2522075198866602,1.1613926435716067,0.0,3.117519484752383,3.197785873392624
58,-0.3837422456166053,0.3152511347421538,-0.4732535792377066,-0.4379239083795621,-1.4696367859682131,0.0,-2.2928175055160827,0.5444621998030073
58,-0.9537700348873197,-0.42238841190020104,-0.32865744324958013,-1.2027086717910114,0.6433768350871386,1.0,-0.5037758768535128,1.217264083935496
58,0.09780251191276057,0.15171383918553943,-0.1833417215398987,0.038028299962704626,0.273301186700252,1.0,2.8191944993138547,2.1868299862580223
58,2.1785386553482127,0.36592915738482124,0.27197489783199236,-0.16259141426242296,-2.527774379528819,1.0,3.9681567571466703,2.823471522781644
58,1.5034439584579256,1.414821519821594,1.9287836660890545,-0.05665492182000598,0.46569479618248993,1.0,13.879927738076775,5.404759497349043
58,0.32373362204723494,-0.2648505881737281,0.8360095171140505,0.027569270565582726,0.09888271785861585,1.0,4.874883275757096,2.0953602187599514
58,0.9577980834317159,1.2044074042842086,2.7989200580092866,2.238540514144701,2.042534245319897,0.0,13.292450452505719,5.832819232565042
58,0.8473274845714149,-0.6014670738169423,0.503857431455562,1.2979753825953906,0.33754886946508,0.0,2.959400131339021,2.5587081506403884
58,2.4172105239049797,0.7339503915539978,-0.33457043776670425,1.7853667091680787,-0.05424074222377184,1.0,10.81234638122696,5.9925222821208965
58,-0.20163855060130875,0.47953401116575317,1.212675487264514,-0.3442692456735136,-0.1296118616592199,0.0,1.9620091762476184,1.762167289285113
59,1.6024346094816737,1.847738608970235,0.7913789362265777,-0.19227407182579426,3.004789084771956,0.0,6.237107802656332,8.190778995034858
59,0.9768899013331527,2.0330382068564816,1.0617129725870613,0.2436129571267125,2.164027753713069,1.0,13.12793820610332,6.713072433432277
59,2.004612190761527,1.458651650809191,1.6335343703802723,0.3880844184669291,-0.49485479424245904,0.0,7.718498759659934,6.356347904495922
59,2.0130478921861306,1.804667525044675,0.8818042662799486,2.903864021803072,0.2836631346527171,0.0,14.865313183301751,9.212165067071204
59,1.4444627853059546,0.9668391003311636,1.6606204885809355,0.8545326129373483,0.4720381581022718,0.0,6.81529395266927,5.006106251176223
59,0.14132860633001493,-1.830975912020755,1.3542006316219992,-0.6805771156459921,0.1159643839774464,1.0,-4.466069536325071,0.5061071357999586
59,0.2954357887703408,-0.17831868847131926,-1.608311106176814,1.0933912873506548,0.5230261188785059,1.0,2.657845767905439,0.9724239972519197
59,-0.20862918779220818,0.42704408656276205,-1.8197262996441737,-0.3566025564558385,1.056641268998881,1.0,-0.4125973273526655,0.2139027396827658
59,0.7482979750363545,0.9184341230950865,0.9624588529403881,-0.06341432268463021,0.9651773667678889,1.0,6.994282944588423,4.024243374861647
59,-0.07977844469243778,1.4393445439706778,2.118634536355176,-0.2497995066670684,0.3627972328335025,0.0,4.420660954601953,2.1599274821472214
59,-0.6949548312899216,-1.4381773755916565,-0.37766791605864325,-1.5601132589313416,-1.0350011640542287,0.0,-0.16166120401628425,0.37603816959525127
59,0.4148883954158749,1.037215250200124,0.11867013471328458,1.4948181640617708,2.739929774355165,1.0,9.814652390995683,5.326056389233727
59,-1.3961810462396222,-2.9790061234641945,-0.7753149140245794,-1.5764572371921908,-1.5377330739699535,1.0,1.1205948408042485,1.741086336996566
59,0.9278378437537866,2.4748595342567077,1.1909282830177985,2.287010424323122,0.6793387716013856,1.0,21.62513899557648,7.447053685441014
59,0.6645955899922789,1.214468972190768,0.6272764037714683,-0.04034737135528532,0.6044736378581107,0.0,2.7264180604832577,4.151993441135602
59,1.0624632082382401,1.2725366362935215,-1.1161492436143496,-0.052504055969006314,-1.0881187956235931,0.0,0.13880449115618643,2.830282506879273
59,0.5329912936495573,0.8396360707407234,0.47978849225161163,-0.6153050018862414,2.175015098717673,1.0,7.6925061725272315,4.040674265087726
59,-0.5543467041845447,0.3824150218102844,0.3461875427027685,0.3242253390153256,0.45934032197982966,1.0,1.8603161767256067,2.207593419816025
59,0.2775533512609579,0.9713319437962218,-0.35380530341266303,-0.013374429783513109,1.8383699042104138,1.0,4.849063991291017,3.5676952538155664
59,-1.6918343283927344,0.5162960656509349,-0.07849633602627226,0.821339751711366,-1.0254667184293749,0.0,-0.9867104418226542,0.3943525539914482
59,1.7433642609371587,0.7717606290047865,0.5495318249240175,0.7612439825921626,0.12041341005097361,0.0,4.988959710804616,5.171386090112033
59,-1.8459179227030065,1.218994220212571,0.1859828160075584,-0.022799181658373135,0.22103806706767937,1.0,-1.538195456210756,-0.3887592889593392
59,0.9783088455148238,-0.9599535078688362,-0.4963189045254388,0.2371796516332087,1.4337730516686138,0.0,0.6974853989686929,1.5367049834466764
59,1.402125531451265,1.2535536823163453,1.991955161865308,-0.0740181243330692,0.4541403381955564,0.0,6.905015177252426,4.862699619249479
59,-0.7745806538961488,0.7986423178045527,1.6246100358723565,-0.3193453237900131,0.039202189722965686,0.0,1.6226718062577625,1.011863654588416
59,0.5338863222994152,1.1617525758426634,0.34063758492759466,0.8876515303315891,0.08793658737602938,1.0,4.1482151574137465,4.068717958104681
59,-0.3444645676256921,0.58657714410005,0.5241860331186774,0.29254075204819086,1.0672577813065391,0.0,1.7570898708468423,2.726725154859782
59,-1.5045621305787344,0.12697402979469102,0.06476696451279601,-0.5454213686619553,0.6581467473508835,0.0,-1.5994489917801111,1.2068151576312003
59,-1.1619278767601569,-1.2115965559568602,-1.3389807973322019,-1.4370012760731858,-1.9262305041895345,1.0,-0.8398194687436338,-0.9003358245356892
59,-1.4480241425396534,-0.35922012115120716,1.1126196111551505,-0.037065873251826864,-0.38672759089262565,0.0,-1.0189975468922245,1.4032639610161421
59,1.603011021147455,0.6599915956942854,2.0203412050454936,2.7623814848022685,0.9626026400372566,1.0,18.861646482583645,5.6275820991095715
59,0.7140613447580885,1.32203472498486,0.7494203871191879,1.2798340952838563,0.06260232291062007,1.0,11.059968737544043,4.740074163619122
59,0.6351349348277735,0.48573794844790946,1.3102224324591183,-0.32922490450360764,0.961701183585161,1.0,6.263273162133436,3.0979300528999882
59,1.989689161466054,0.5707888571537103,2.6733709186857975,0.4510788421518401,0.45325598729549277,0.0,7.207673152489297,4.312412055966329
59,1.2571855162632741,0.6186199515321716,-0.019353936635978286,0.8190327337012178,1.6575794218908304,1.0,8.375948244348114,4.944064604927862
59,-0.1744280900908326,0.827532413054139,0.3131635436288978,1.010997887285246,0.397900906492024,0.0,4.777720197495359,2.994602171599972
59,0.6379871117082317,1.7961414222021197,0.4269500736521509,2.1560136671663037,2.312802027590079,0.0,11.038447321347316,6.721095174657929
59,0.08115109851357483,1.0183539649154794,-0.04331902971912405,0.5303019468675031,0.637455289649585,0.0,0.9083096363403347,3.1936740555898124
59,1.777226113156181,1.1757300563160171,0.6206653478693926,0.9714133644282374,0.6859621149922064,1.0,10.883934199804596,6.518528342526361
59,1.3845920145934398,2.6358500093209707,0.33416509641739894,3.206886872165143,1.7519703140671399,0.0,15.851221061019212,10.250993498855244
59,-1.3897737646432466,-0.7408074020390272,1.141505963387306,-0.8152158888298686,-0.876301770227097,0.0,-1.732994169049647,1.10548392299278
59,2.512770321553186,1.9811527529978985,1.3295639630546683,1.2830684455569434,0.4271430610289402,0.0,9.534821009737474,9.983930599614292
59,-0.7082060695481087,1.7431381785587257,-0.12010714083614238,1.8570165367415608,0.1210666501426555,1.0,6.973724589264405,2.204748843502623
59,-0.2390856790759306,1.2661221097457205,0.428518527633295,-1.436836940384647,0.27761703476647026,0.0,1.6721435322610092,1.7550381964832895
59,0.42570711272925826,0.28411156171391494,1.2348792246488154,0.6960728888819385,0.32051887780749866,1.0,6.404778112645778,2.9312282977352035
59,-0.1730937912607763,-0.1776103883402501,-0.14844199393839486,-0.728357923213204,-0.4802802365975386,0.0,-0.9422357326430767,1.1658537921053544
59,-0.18012554894184352,0.3875655310326439,-0.09050302367452867,0.8936915399837657,0.006816313959203402,1.0,3.259045756073664,2.43481934812289
59,-0.47844362343018587,-0.0482427312076813,-2.037007919848886,-1.6470236682843313,-1.094142154601198,1.0,-1.319150533102159,-2.0788540416112276
59,2.66791749982853,0.5504820593563986,1.8436808666470348,1.7604521514473321,0.838468320860582,1.0,13.048199789933719,6.029630809854085
59,0.0936783531341493,-0.4552739402693634,-0.3216455691505863,-0.43364644058693624,0.13057376897859918,1.0,0.668072751980301,1.4129102651757328
60,2.3731440288480155,-0.1842372790239878,1.9264689380762716,0.8338467082280959,0.4680426630766013,0.0,4.4672999643334395,2.9231899728269326
60,0.9402830047776268,1.5787852902012758,0.20263343784797577,0.9573836788115921,1.0566733032730058,1.0,9.757151259506186,5.831924330759522
60,0.46191879800878677,1.3201335232642308,2.1077520403215333,-0.2537268686340204,0.5907844706868561,1.0,8.19421727566657,3.211702969773623
60,0.05960710991632434,-3.086568429803385,0.4659304587613063,-0.6824904577069233,-0.7183043675315666,1.0,-5.089606861925372,-0.27149032701366793
60,0.42534671992930284,-0.35523156159544966,0.2587034599771025,-0.37133956580833194,-0.9477421852493177,0.0,0.1726665423787233,1.3204943350940206
60,0.019761064956166197,-0.16518993455437259,-0.07303838171119215,0.744506425988488,-1.3334756173420421,0.0,0.04946589212118263,1.5903513325798926
60,0.9580468939581097,-0.5370887696978184,0.03608107453076509,-0.33882335985009304,0.13144302527200719,1.0,1.1955412095232394,1.6096223531615648
60,-0.3361400948934766,2.088305143003299,0.33254171267254595,0.7789933600863546,0.5573244483724191,0.0,2.70760790241505,2.9537648599697865
60,0.7151337649277598,-0.31200072162032644,1.0529912461277986,0.8333468407467141,2.0539141400174206,0.0,2.890839904754412,3.4435445337634
60,-0.15326162730674298,-1.0847898513786887,0.6889269288138491,-0.5807522341488582,0.31576366193787964,1.0,0.5677664486685784,1.5311287174042123
60,0.3046692834832151,-1.3553449449029704,0.42995334029396437,0.20571795759436967,-0.7345191465157497,1.0,0.030245429594107198,0.9212914714947356
60,-0.20096689644574484,0.42080488213013945,1.8780751732167893,0.45526682877752045,-0.612019387721328,0.0,2.7675835201777117,1.5835463844970503
60,-0.5503188601852023,0.5350732392786581,0.20591848614287345,-0.637220970178435,0.5794615211352474,1.0,0.9899785899576553,1.7508694108952974
60,-0.000563373263112732,0.8077683653803626,0.9397038424535312,1.175325334412518,1.2345389910013305,1.0,5.636296421454794,3.6679586684807752
60,0.5131457786141608,0.7562769598433633,1.1095915194447095,1.3752638646871085,1.3962107406885365,0.0,5.113294231802616,4.4083521161764425
60,1.719598356898652,1.0605117452250759,0.40528907589780605,2.2349224992144565,1.2948320313631134,1.0,16.491667263006907,7.10021956629843
60,-0.9987126919894036,0.38589617452030767,1.5834014393344826,0.11481868271396678,-0.7649388258592096,0.0,0.20534352508676723,0.7622282033362429
60,0.9182430668266639,-0.5437987754330955,-0.25340244677920787,0.8528749551962567,0.20039879423239243,0.0,4.400254736573703,2.0558833778899945
60,0.845052892208976,1.357161430952046,0.583767477064506,0.9605104292187626,1.175955686627945,0.0,5.817570830601836,5.44248920132376
60,0.7839684884074305,0.49829114783875916,0.04685576840049943,-0.344296561169944,1.8212745213558428,0.0,1.4759376953403742,3.7925937096790987
60,0.472832968146198,0.5142427512875208,-0.6783315078583692,-0.2743410099569923,1.3756431506590134,0.0,0.634504618555868,2.726794874732184
60,0.2774823089081192,0.8264961945942055,1.2766359255077515,1.9382756052685965,0.7508948321729807,1.0,10.600169921087598,4.054166923501442
60,-0.3232209391872698,0.23614636505192915,0.3462537071329693,-0.3911742600577347,-0.5276887425506704,1.0,2.0825227589427637,1.5344813288454089
60,-1.144973723382378,-0.39291330687454606,1.0307100218021943,0.6800794831829241,0.5527133017131339,0.0,0.673274161098033,2.326893314439019
60,-0.5238540528857176,0.8050260225795784,2.040491340601605,-0.32194569552319263,-0.33569159983925945,0.0,1.3588568236220286,0.957682514557684
60,0.808292832652528,1.2449587089899479,1.1723874690741012,1.998073281044081,1.149957911690044,0.0,7.8872983952740725,5.581078614036352
60,0.3799210003664463,1.6242038904410294,0.6257769394016528,1.4606005318287605,1.088736900637071,0.0,6.022648246634119,5.0171970878559335
60,-0.8935479254969196,-0.9847282118495686,1.4426764299972512,0.33276093741277946,-0.20855836862431132,1.0,-0.5117971000177132,1.8519729575078172
60,-0.11945903838413807,1.019256555537993,1.265918334525366,0.5451982124503804,-0.8991936616526965,0.0,3.3770304765453707,2.084277589519742
60,2.0446413600403908,1.6019810751515113,0.25068987343149507,0.4609700572602337,1.916190752364187,0.0,4.64373442470907,8.381454837121527
60,1.1287413017598715,0.6828412511930066,0.3289258257381177,0.27211828070154,1.813413600149144,0.0,4.542332357387473,4.830161128884477
60,-1.426984995642657,1.4230402243245333,0.3393031807125454,0.16191593001708637,1.4222080967452169,0.0,0.33961480520572507,0.8720709866381435
60,-0.12332032632588297,-0.23736577024992678,0.019718338123480617,1.4436594552205277,0.46658803315032193,0.0,2.227496958978686,2.813717489074795
60,-0.8009851943192652,0.5713254524719019,-0.2767025877006436,0.2064574319756486,0.2565592322558793,0.0,-0.3323966421937764,1.4826654092095175
60,-0.39690112948053125,-0.43928679011386673,-0.536015042363102,-0.4155287300548348,-0.5532972195088424,0.0,0.9190676742516206,0.8635896433395585
60,1.0305625786972932,-0.5732453796110906,0.028631595140317045,0.5298207506583804,0.8487647157372333,0.0,1.5248803698454814,2.34109203755268
60,2.385356291846618,2.7249319445139895,1.8225663806792958,1.9229553964986372,1.8161836163558895,1.0,25.442855108266542,12.586811775662268
60,1.3583640915797395,1.4187351201041403,0.9740920466941919,1.0731593268940474,-0.6317062063009671,1.0,11.455944762293955,5.585400368902159
60,0.5596350170076096,1.3784768094480278,0.6772054860793626,0.04084684336747707,0.3203318795299983,0.0,3.5084467261422834,4.039018761588509
60,1.4119768891968187,2.2201110978624836,0.10296110014925752,-0.0922457944799604,1.1571461811379145,1.0,10.531057788462617,7.529424485377717
60,0.1675403748002005,0.3123340322031374,0.05354892180349807,0.30960899605705744,0.37686005034110426,0.0,2.605469881640271,2.6608413474781765
60,0.1552432355274539,-0.022411056926742723,0.20519690456366546,2.1853994052971326,0.771087047169948,1.0,9.216664762469653,3.6227994850640117
60,0.6040936224056439,2.039714303890954,0.7724166812399911,-0.379107932720698,0.21501459763072267,1.0,8.543206715357105,4.574470276587099
60,0.022808223901004954,1.2498302163827149,0.5440254311328854,0.6753123169826608,-0.22975957706822536,1.0,6.335740512762321,3.0152468318174463
60,1.159375011564773,1.3701517050936967,1.414426334203048,3.185104448040141,1.5231526087715983,0.0,18.587502168348667,7.070358225244263
60,3.652760948396773,1.2722234422152265,1.5227476924726153,0.8992344255379616,1.3114938813007297,1.0,16.174032742593642,10.024388450693134
60,-0.22261115098131667,0.6386717123968662,-0.40364895421711133,0.8933074768048948,0.13114740573716166,1.0,3.119471877253888,2.2958916954327475
60,0.7148406522248645,0.5451933552770459,2.051768482397281,0.2553313572666178,-0.7335497218277784,1.0,5.800781751508266,2.343877182065415
60,0.42488624248040757,1.4064062264694934,1.2935536544221957,1.0212341442081083,0.2791468447005523,0.0,6.554066471542065,4.083880869771215
60,-0.8926060450643007,0.5484295816905772,-1.1129165537974275,-0.3591605532180263,1.1246709503488976,0.0,0.4493130406626382,0.6067244059052819
61,0.5936085531317187,0.8445619014855974,-0.09260722856951364,-0.26640248299725866,2.5482625898851126,0.0,3.1234022062969604,4.310765849132536
61,-0.36398567907101975,-0.9189922391821574,-0.032590200600078,0.29611478721680873,-0.3854388492160441,0.0,-0.2137263418993106,1.6315229102284532
61,1.1679331563532505,1.293359278343201,1.0137068302013335,0.575162728626376,1.0531585421597414,0.0,4.845383458147139,5.5909354647662095
61,-0.4569214341441814,-0.7851898925274023,-0.8418646718846616,-0.5703434289212561,-0.20156700321857712,0.0,-1.0052662323155885,0.5969000275929339
61,0.3476765021541804,1.1377809314461267,-0.6221186802548078,-0.6951747693122703,0.4234378393458457,1.0,2.9551328542757944,2.504026209343405
61,1.849993274848427,0.6285682123510931,0.7090790418838713,0.8278543286406159,1.2886176448128077,1.0,8.327331255785857,5.573865082801323
61,-0.8783231159088465,1.5413995786270378,0.3762215710765179,1.229273231568821,0.9862483379102858,1.0,5.684789893688224,2.203622420704212
61,-0.36164966694784073,-0.8624213356261106,-0.4456322900912473,0.7814261387375753,0.4161581243306861,0.0,1.0448677270966948,1.9781731847335846
61,0.8311909122034563,-0.6609678176484688,1.0950880169930657,1.5137597032950063,-0.7382309636844411,0.0,4.478047417968687,1.9289977094446793
61,0.6105640606667178,1.6381739698281004,0.3376657666321641,0.6433714826169817,0.5127019465639235,1.0,7.551886782634734,4.814979297403589
61,1.651342797361398,-0.05618618297107636,-0.13461003823428286,2.225729139728366,-0.6548272710755338,1.0,10.834912924623739,3.413895314779195
61,-0.15437771527039268,0.6326511019825672,-0.2141214767873325,1.38166408636377,-0.44895465264846235,1.0,5.804177451125913,2.4779268879669383
61,0.06399994863948899,0.1271074488374077,-0.7422893609414278,0.9748384346905183,0.6922082835130882,1.0,2.842920825851881,2.3029901840166316
61,1.3653441998041866,0.7715617004818938,1.466750282223042,1.5288754753688056,1.6627645374843492,0.0,7.049921817255161,5.554953809930557
61,-0.5722596241734395,-0.6002807108225987,-0.8953699005824935,-0.20933072483111348,-0.0945592648716963,1.0,-0.3277987822834695,0.7828464751435642
61,-0.9692849889695172,-1.2857293378815167,0.16220192618357,0.7166291898894468,-0.22200258595214106,0.0,0.43427000572858065,2.4340193321752666
61,0.495330511798487,-0.40930889345082155,-0.4786080265057121,0.5203584617053927,1.3029611174051223,0.0,0.8160391350071006,2.400260249427643
61,1.1859672744382004,0.668514564196232,0.6685133467738026,-0.16424622363888297,0.47117284298972295,0.0,2.591490217025343,3.9925412881866293
61,1.0063875856400857,0.6697886865364916,0.9600054302955949,2.899068566140469,1.859852065919981,0.0,13.022631939807853,5.94513372401045
61,0.24257017284897336,2.1576741307989886,0.9134894916479048,1.4222351362755308,-0.010313606403232867,0.0,6.5317939397415845,4.497202101168208
61,1.6780867548171465,1.5048993905717096,1.2871428847300694,0.2599587270871493,-0.09113601369987634,0.0,5.721273054098025,6.124692563176351
61,2.669905606639981,1.8027549271714898,1.9151976483816335,2.350146527563422,1.1977319349997084,1.0,23.706834586445364,10.443420594715931
61,-0.18824101806237736,1.1232666650337688,0.5632655687604826,0.5683984243262251,1.7391465704612359,0.0,3.2356885177575077,3.5369892161861176
61,-0.03388574006733047,1.038930189194518,0.28611437309556864,0.589521463874795,1.758520042820712,1.0,6.855406312816729,3.7437429886758857
61,0.8822116693369938,0.8298515237703279,2.074337246284249,1.7355981545554944,0.8242169242558408,0.0,9.191623429514776,4.42268248142332
61,0.4829867340288135,0.31969616878286755,0.17717071122094147,-0.6249230185671146,0.9419785709585182,1.0,4.76856896309372,2.787209872359268
61,0.9718096342165465,-0.058633726917664775,-0.06404666199777087,-0.12421437477966946,1.4086880109999442,0.0,1.316433039016252,3.0077703335912918
61,-0.22878202879949805,0.873782049379698,1.1012085122507802,0.4849169223430552,1.37374920803249,1.0,5.869519114833207,3.055050457053769
61,1.2401312001488907,0.18176584509996013,1.493621311723635,0.708802561932171,0.2613424697047927,0.0,2.849297306791222,3.2453436189710203
61,2.3050928868325915,1.5639897336528745,0.56063985853906,1.923828706357337,1.6947925583286783,1.0,18.237939807233737,9.476228535548607
61,1.9988960316899778,-0.32453057255212503,0.05753991506136369,-0.4383768749860574,-1.2584735864770986,0.0,2.503136387614686,1.3671696185048732
61,-0.5144231397390797,0.6276916648766895,-0.0029315159706140292,-0.11829719642764436,1.6150960608352611,0.0,-0.22157808817877334,2.4806645228635236
61,0.6348676956244359,0.9033034556721545,1.250003552627442,-0.38215784619303006,0.5551481482614951,1.0,7.401230428797743,3.3693796773528972
61,-1.3228659700038987,0.8374679662445095,-0.7898731397902761,-2.4529355486297737,-1.1959306866953594,1.0,-0.561908847636859,-1.865991137397195
61,0.30527934567139103,-0.7996592546544645,-0.08364385024217325,0.027259942601387643,2.286684175609185,0.0,1.536119178189721,2.620344617659656
61,-0.5248862417513969,-0.05377331870507507,0.5657185376343588,1.0576020057843953,-0.2881579302178907,1.0,4.350288999211646,2.250680067547437
61,0.8541757628204816,-0.02257726270651439,1.5896877331091144,-0.6543599398873581,2.163008203029726,1.0,6.161497432074582,2.9267920149310434
61,2.0059622382017,1.038972527102604,0.2151389611804269,0.9954219817864403,0.5256544674683601,1.0,12.177862303155996,6.451661481530252
61,1.9545942474518785,1.4095189400081956,2.489522379345122,2.0350000086391167,0.9535928779078491,0.0,14.629477880455152,7.381322646896618
61,0.9634293340716231,0.5354991225727975,0.34705154088367074,1.7755293262894454,0.6156457483998345,0.0,5.127877893161219,4.574872747540152
61,-0.35953797435981805,-0.9532976310269212,-0.6852024267790988,-0.7195480036303257,-1.5592422992457466,1.0,-3.1670892354465856,-0.0213765070331835
61,-1.954245762390162,0.09048327088763713,-0.2910629858114162,-1.4090599161871138,-0.12497949152127674,1.0,-2.9144971120128065,-0.06331962017705395
61,2.2974202177890413,0.6778217789351382,1.8907160325703172,1.7509308186260004,1.1338722486410715,1.0,15.648515923818593,6.118131665783775
61,2.498087276624073,1.6455464457453373,0.35721048982928044,2.037038482575408,0.5814971499865264,1.0,19.674301442023072,9.607284415274854
61,2.2773140729924286,1.8994932159744133,1.471275336081808,-0.14565762388438797,2.344745588065442,1.0,15.989481621561673,9.348684715883017
61,0.44494964190463937,1.3576650566751673,0.49864553049134863,0.9146282625490704,1.0247806099702927,1.0,8.41474919867377,4.6026582555539015
61,1.7944752074643469,0.5364908850311105,0.8391975357373137,1.5235503114591986,2.071105836918437,0.0,5.354277144626655,6.013189640887582
61,0.6517431542614219,0.7873981775915309,1.5327392009710583,-0.5013642902215403,-1.9205090264781992,0.0,0.26041672567572105,1.8262329198342089
61,0.16792700352767148,0.00012237656047736634,0.057068472447509955,0.3210387608433032,-0.39624228889750035,0.0,-0.7188139505017913,2.0733497491987345
61,0.4902087548101083,-0.6256357419915826,0.02933988645683877,-0.2913660229905709,-0.9747969506300889,1.0,1.836161512574444,1.006752461187527
62,1.2362569630458937,2.495063284311189,2.601107386700503,1.0064395613024903,-0.29941643803768314,1.0,19.523476414429208,6.746805649919098
62,0.4307173278029236,0.7492270935805716,0.41521719467513,1.4045194437322959,0.219976896368843,1.0,8.53637382322487,3.847562797949199
62,1.1214431664222602,1.8835239020124712,2.01685376791445,0.03527929417912623,2.1948605262659227,0.0,9.194881967565552,6.306833240011466
62,0.9894864624883923,0.7749946590975701,0.8406247411198038,1.5244599700273056,2.7517399622457073,0.0,8.415831410901536,5.874497107606331
62,1.2078497403302688,0.18085103995780544,0.19714094060684406,0.37269781923123446,-0.9965963273687997,1.0,2.163809149417296,2.680043066876435
62,0.02070190697847918,0.6569074801773394,0.6711093135104882,2.6549671704321156,1.1372569889228836,0.0,11.51159796628648,4.367202983159443
62,0.7874418460377945,-0.23314880954997974,-0.3707176944367361,-0.28051845825058497,0.3986193467291863,0.0,1.2103097136767467,1.899314562401798
62,1.9347197864903578,0.5102960569982151,0.09900125825792988,1.4175938029808723,-0.8980832137560983,1.0,8.890480846710652,4.514147100739148
62,-0.7422143643948829,0.4784934442668066,-0.2786339330115619,-1.7653579710410874,0.5133444050752366,1.0,2.198978778886808,0.7091031446341887
62,1.4075364679623785,1.0041504928310356,-0.9132325009326132,-0.6812972236892636,0.5565755036004313,0.0,0.5369849898878385,3.7114352836954927
62,0.13749570787218335,0.19514096112187446,0.9929958914631308,0.21335660492415554,0.8364162348880366,1.0,5.0588691810230415,2.760716503610799
62,0.3163731316907945,0.8307259703938055,2.751737426060734,1.2399910252362376,0.7436027071004981,1.0,9.976959849662215,3.2790704160906126
62,0.9036170332888093,1.5535995334386594,0.6000543446118276,-0.5681506765534547,0.11276352214637525,1.0,7.4020361462714215,4.530105808205736
62,3.4188655984941523,2.3998152576215075,2.3387356327852578,-0.359009581419126,2.581769719112983,0.0,8.42632893912755,13.700079772917507
62,0.5376114541999307,0.5703521224955828,1.2339708188944285,-0.3081861654394026,0.3244292205165149,1.0,3.7127547445957862,2.816209208904227
62,1.7403550900315763,1.1188195738936573,1.4336578975841565,1.0056425017172224,2.3843461139711244,1.0,13.719883650448658,6.925262902863125
62,-0.06015005497247228,0.9679590672041407,1.5790084511770675,-0.0806963976713021,1.1784719235751517,0.0,3.6216891867381693,2.72586167147327
62,-1.0911681940020028,1.6608986829916048,0.8814301827784492,0.7643762639158007,0.003708969689328989,1.0,1.6711850911677757,0.9333513318277902
62,1.4817222450286516,1.8781963428574342,1.0331963347198303,1.8937717062217814,1.827408297376074,1.0,18.511925739595252,8.352188770121217
62,2.1504671646907334,1.0511527769212605,0.31778839307014306,1.7068939023254566,0.4744987388166926,1.0,14.445473830205477,7.060798813403799
62,1.3120746878658567,2.7815846012564203,2.821437126315774,0.8593327085297839,0.7972337230852662,0.0,14.291864982482597,7.986291688069975
62,1.1761967905761876,0.9988219445180407,1.1306244091255242,0.14968109729380685,0.33471634434550707,0.0,4.1662653987294815,4.495926459996788
62,0.5007665207830947,-0.9052552449599991,1.7118140789826053,1.0399013785821931,1.0598189365114927,1.0,2.2515498055710568,2.1096504788144577
62,1.1256937916175593,1.6682562351583379,1.3170399562672963,1.174668384891105,0.9366662655660927,0.0,8.266467459419541,6.240149802782775
62,0.3982762003759591,0.2787114158773547,1.6776274456066802,1.6696596357998097,-0.2837804592045141,1.0,8.79250954061778,2.8746232168025894
62,-0.1120084203865861,0.3783866942874437,0.6441637335045064,0.190682545206663,-0.41904847422802827,0.0,0.9786694186574938,2.098307792843325
62,1.6413903799730098,0.6589198327836464,0.25253350586938306,-0.1584239001422808,0.38046367307806045,1.0,4.951444890320918,4.437268933929552
62,1.1028952112798582,0.8060900850863583,0.9943062329029562,-0.4753847356972555,1.9842466589970105,1.0,9.060941442186003,4.640194282771487
62,-0.9389920193418226,0.6458984936109299,1.0370420643103753,-0.20053691499717885,1.1675538048449696,0.0,0.424272061634664,1.7577581586076618
62,0.18868196027426137,-0.5526747423871927,-0.8299443864846785,0.1026697874652785,1.0220747199341922,0.0,0.46622971642846767,1.5360407135984526
62,-0.16284643523238784,-0.21303994569819384,0.49699302281070407,0.6754131971501294,0.5314726087419169,1.0,3.8174432824579765,2.577709233472478
62,1.314087300635319,-0.3304379877700765,-0.5414569866485781,-0.2521995311157518,1.6183444332583834,0.0,2.549083137847611,2.3269029327808006
62,-1.0363259792114703,0.14205228462354735,-0.26130123210907197,-0.7358535449887413,0.4636088186575848,0.0,-1.8415541792193593,1.1049323391363188
62,0.7418974135205444,-0.19298998153320202,-0.31186324781404995,0.26946629222007734,0.4236051470289209,1.0,2.70700255138229,2.273642560849235
62,-0.4396871837500361,0.248230651591288,-0.03232145271142195,-1.0146573080088204,0.48769055430997327,0.0,-0.5097865513145984,1.5149615019154674
62,1.6142376247197814,1.419570983441643,1.4037773923578771,0.8901785504000506,1.434320872994724,0.0,5.828837792422318,6.838811113259422
62,-0.3420254890003115,0.7795165632225816,1.8316879412273477,1.4964195690935254,0.4949555773587377,1.0,7.12062959945516,2.60572045038749
62,0.7474091264786077,-1.0464260652926025,-1.222559467094734,0.5251218676376951,0.02577169196980822,0.0,0.0023437860307067293,0.07379121491472951
62,0.5617498523342414,2.4328833062322586,0.6481379843767505,0.6792081382073226,-1.182300422563005,1.0,7.950667704182259,4.733720551705012
62,0.310830914983091,-0.8580355914116196,-0.18855788267990836,0.09294221122235458,0.2295930952697493,0.0,0.8077910706885887,1.50895795629358
62,0.002193689153787537,0.9782210452679145,0.22153409870795426,0.7843688353642289,0.4298454033287283,1.0,5.306829791949389,3.185788964120418
62,-0.5698016608241314,-1.3547443073065246,-1.316682169466453,-0.7134222475137713,-0.7777113472963373,1.0,-1.5672946452069667,-0.3428571975714996
62,-0.34305172164934417,1.0260277940170082,2.05498207015936,0.9207504571839948,-0.1616587694574415,1.0,5.913018677341053,1.9310564613998018
62,2.559936051252336,1.689240110084428,1.728056454825049,1.475378401404229,2.8907717703126266,0.0,11.426641946795268,10.339425315321488
62,-0.02474259056092809,-0.597553121141269,-0.422875383861689,1.0679698197092407,1.968835664667634,1.0,7.10587457952632,2.9225149060925304
62,2.0430856564672775,-0.3781319977009838,0.013156841254660323,-3.0102011380153333,1.212584557550596,1.0,9.835098099362117,1.1676043490365227
62,1.2583648688020854,-0.43577366052212463,1.4483455446882498,1.0850407163753446,1.453929717561083,0.0,2.2074161881356327,2.978736331279754
62,0.8955463704605024,0.36598689923709926,1.158726299763953,0.11877263990839149,2.1505806888782635,0.0,2.673223187018835,4.073071625871901
62,2.531744912771526,1.8118991616733746,1.7768345981877276,0.8798171490028981,-0.253296205248968,1.0,17.415409836136412,8.756182712204087
62,0.7170857951327572,1.056859277052083,-0.1577984897715955,0.4931756431848101,-0.45630546390581306,1.0,4.038546268730904,3.5719427872579343
63,1.0932582588137327,1.0128430029937638,1.7562622876435066,-0.17176518155379805,1.0125053387858667,0.0,5.8924288337500546,4.27444630789442
63,1.6286476778182664,1.1359779119913807,2.0575808790295373,2.050583856932635,-0.05194325656894694,0.0,10.545080077962888,5.7927449581005535
63,1.0623810257985467,-0.023327647913580773,0.36399615408835656,0.2893330115236378,0.31349415419109555,1.0,4.743214697779105,2.912637110857241
63,1.9323400929938446,0.04729946661536494,0.06012856979156023,-0.13277045230592543,-0.47133344923438525,0.0,1.7636311977215793,2.8074235917735115
63,-0.8059000470363744,-0.2687734198916848,0.17425877867555273,0.9801021462699042,-2.0661855058070473,1.0,-0.14792476701173385,1.208210808886647
63,-0.5879137773364531,-0.1964658365117774,0.568276248665601,0.8461192666169557,0.5538832939462437,1.0,3.4273662440397854,2.550284485139469
63,-0.5866927372365331,0.4422789564340577,1.9894521009137989,-0.0857969784483158,0.020544915579793044,0.0,0.3297610412533425,1.223878589805025
63,-0.05109498199887064,0.6962905298975722,0.40706678096250676,-0.07901313828630885,-0.899217245520797,1.0,2.178959603249633,1.9197251046980413
63,0.6336458703061368,-1.694721467109257,1.8832066491460187,1.6876641158412526,0.08069975428784115,0.0,1.720599364609236,0.9140410233151142
63,-1.081373616363612,-0.7828856520823428,-0.5715091566262052,0.6720638926984813,-1.89574531887666,1.0,-1.7687758299152945,0.8579525906184753
63,1.6846607722417928,1.0155754764944995,0.04031151916556602,-0.12670802155437177,1.1014382568247556,0.0,2.310798708537436,5.567726768821052
63,-0.10711613949952714,2.1278934190293564,0.13378018887174076,0.16078001573605522,1.0757196939562146,1.0,2.9292653070257924,3.458661629456633
63,0.06905750357453277,0.03739968869864896,0.9368765535739872,0.16181075175762083,1.9040406943211685,0.0,-1.1797630216827213,3.1494828335319096
63,0.2792386065262066,0.3310118623480432,0.05447114044634627,0.4379446810039197,0.7801748455335757,1.0,5.277490944156981,3.0323686733290884
63,1.6417325773127818,0.5346983505815556,1.7716626472488348,1.4725479739615994,2.627221793507779,1.0,15.676861088643506,5.702245064631731
63,0.33670378512320154,-0.7329802731634576,0.9035933143907675,1.264656217089314,1.8949885432170543,0.0,3.313387576713609,3.205474782323424
63,1.4572849413941946,-0.7545126299930311,0.6098723363478478,0.5450759268248764,1.8419125857244993,1.0,6.4306030087883315,2.569997831886741
63,2.69226909218146,2.859311009927228,0.9050377712290577,-0.21749101832286244,1.2774457383073632,0.0,5.481713614083279,13.073976828870482
63,0.943849408161471,0.7557968671897934,1.0872556460354854,0.2722542568217424,1.1065794571183734,1.0,9.42689809256093,4.261143083761294
63,0.2624957877479404,0.5927158967254185,0.8486265630840186,2.054153574747927,0.16590402140071892,1.0,10.154862006966061,3.778547707405372
63,0.5647732373038347,-1.740869378663537,-0.007840394024976938,-0.034738257352727064,-0.23141405943670568,1.0,0.06909450586657889,0.2917284034702383
63,1.0950169009240467,1.2212649835645442,0.5577351230439547,0.04658892095819406,2.2307339891040403,1.0,9.014155305362987,5.761431764603563
63,0.6765171724473051,-0.11724260267538555,1.138588624795279,1.3352674879001905,1.2773530805561073,1.0,8.538317782521675,3.4948017578587542
63,1.8534595197756958,1.739810940439086,2.7309439131325144,1.5944092129034122,1.2523222532260938,0.0,11.783312624446301,7.893280034059745
63,0.21923205284791114,0.4598686922934324,-0.3542800689521347,-0.28534524805407346,0.4768067207611297,1.0,3.8698843523601,2.2968555188022988
63,-1.1926714016201627,1.0658855775526557,0.6201011285056567,0.41601441287216423,1.302893581573889,0.0,2.1540290026343323,1.6486800969790165
63,0.748525496316375,-0.10394074068371384,1.2408581711915687,1.1655505699755708,0.1989473814694654,0.0,3.985149670246708,2.8711526649841197
63,-0.7720562754678182,0.13441937934749743,1.7769803941578508,1.0850500588279655,1.2321157340055362,1.0,5.995349161496497,2.419749028975931
63,1.3703780184230676,1.4624637684812676,-0.027203385218745435,1.4606239019541167,0.6599855961341883,1.0,14.144849926696095,6.466882161687753
63,0.06890082450199558,0.5985678072573842,-0.34067981948319404,-0.5222030740883243,0.568877560299509,0.0,-0.883163691316636,2.1705012013580873
63,0.7829310354912362,0.8752052569371511,1.643905916032633,-0.9983986155147011,-0.011135921987750153,0.0,4.291906940647979,2.758434715525049
63,0.013445325728326296,-0.2709639293398459,1.228366894258862,0.2202814558509285,0.9264910988398907,1.0,2.5437839278067855,2.3909436889805464
63,1.9803190872420415,1.1414685609574882,0.9662399856619188,0.4902009533503441,-0.21221171683358409,1.0,9.713154772453453,6.01187752388641
63,0.22117734769696729,-0.9083453814922069,-0.08918333543681756,0.13487120638137706,-1.0743350180931843,0.0,0.6430687002968034,0.9372127887659454
63,0.867605326002296,-0.1855978608754848,2.209378818769955,0.38188535161503073,0.7070141666646482,0.0,2.4742278682364165,2.233059343909398
63,0.22203460295145971,-0.8383457001689334,0.11810748603413268,1.737085737158712,0.07571405122114516,1.0,7.519063463170674,2.4641897487422937
63,-0.35524602933686356,2.2543572690820146,1.117785215451364,1.6197215471858788,-0.8984749914214485,1.0,8.945421117693902,2.505894941561148
63,0.060281117952843244,-0.24196341480875916,0.028711389331261272,1.8779656702907224,0.4683725313974989,1.0,7.593855252389162,3.0816856783082645
63,-0.5766134696690577,0.18462321384977082,-0.13590706448257672,0.018465779255954162,-0.22953348773419258,1.0,2.130454963684705,1.5148400951811332
63,1.669758254912646,-0.48471680075335355,-0.45422554600524034,0.22421898443445654,0.7301717342012749,0.0,3.0907937240034906,1.9318445361521115
63,1.7125883857505746,1.5235125581618845,0.47004103292147253,-1.3487281228643264,-0.7589298349762206,1.0,9.453374893006702,5.299941626347266
63,-0.07914593862965225,-1.4441345018425282,0.26626606028004074,0.1128948330288378,0.9166619139517014,0.0,0.342613057081655,1.9653286986210818
63,0.673661783588412,0.009855368573370271,0.19372715979708416,1.4007261409456984,0.30473378988573224,1.0,7.825758151949216,3.279284815176429
63,-0.7116870892594156,-1.030244333225713,-0.1468040080585421,-0.04062845481111821,-1.4382557659681987,0.0,-3.0304408902984954,1.0386453954382322
63,1.756737778189024,-0.09060288354508517,0.5017658573987299,0.6983575816539749,-0.00794076805834576,0.0,3.0257970581033318,3.146727871416921
63,-0.3234925998822503,-0.3091729063661539,-0.0431369956924349,-1.4924473855379619,1.4824288470845848,1.0,2.945729436937886,1.7561743711628857
63,-1.2253593173564892,-2.0722415528776956,-1.3032355814136352,0.3315135535448289,0.459378883406075,1.0,1.7026632310702516,1.898648250172539
63,1.5752463254087505,-1.6392488292446648,0.2793096798109521,1.0842752643646958,-0.5180348603557443,1.0,3.797519668786923,-0.2302009215186931
63,0.07406553064286375,0.7011678401199195,0.20409736705943038,1.008035503514631,0.7177852648609954,1.0,7.729254643610133,3.383752453322721
63,0.07837347201386835,0.7095924320437279,0.04613410763858,1.5902542906153043,0.9492369716544556,0.0,4.138633735120054,3.7413448703855883
64,1.2000433401880697,1.188606533507354,-0.20128680513905572,0.24417352090427996,1.0775824080424252,0.0,1.6759018281731408,5.160748971156951
64,1.4028981708355377,1.7942966902635187,-0.39273434736975865,-1.5540945879580677,-0.4169065738094391,0.0,1.7352250984927626,4.857811257036599
64,-0.47797824961715485,0.3647404657239762,-1.1367650700033376,0.2907251551096919,-0.4537408554899076,0.0,-1.4083645297910823,0.5396843930608799
64,2.2551607308441017,1.657728457408112,2.829265579891571,0.7217568386287965,0.06467346060196094,1.0,18.42538032780149,7.551115555211165
64,-0.1644210079019609,-0.9745009138313829,-1.0079417716327417,0.524112957299229,-0.7657810447898605,0.0,-0.2850606032219529,0.4995650989323418
64,-0.46706204320214917,0.782174213620015,-0.18797867576738414,-0.004262669779129036,-0.004127697816048603,0.0,0.24249389247903408,1.676431650980502
64,0.2235619341815514,-0.7876504288688664,-1.9022918384033916,-0.3568793372384105,-1.4422004298770392,1.0,-2.621254050001211,-1.6342761862443318
64,-2.6024451692112858,-0.62364703284046,-1.254481905919214,-0.6975869334183278,-0.8276976449496367,1.0,-3.280339818948714,-0.06885618541941607
64,-2.217987345823959,-0.44727046471274623,-0.42161615950137166,-0.9879613616343006,-1.9933952745053425,0.0,-1.9775059198072302,-0.12964633000739134
64,2.2480693701513372,-0.6883387382151502,-0.429495806007511,0.34267109191266987,0.9113317720820552,0.0,1.7511207521863545,1.5538614291770019
64,2.2696574872565334,0.8231151290442452,1.035212612576526,0.0016544514590982606,0.895837120287618,1.0,10.828238690959745,5.891270919395016
64,2.886902550174391,-0.014117188712852613,1.864717744728671,2.6121801798112587,2.291626485172018,0.0,13.738078437490046,5.490192245912741
64,1.5205167356599425,0.25973889533455746,0.5984257518553361,-0.2870136967003676,-0.7267185421774822,1.0,5.133776849556604,2.903635388455922
64,0.8073158911573524,-0.37456928195118466,1.334567868816308,-0.11559956861498588,0.46833344049329845,0.0,0.3471341993753255,1.9916659438129345
64,0.9188274132458832,1.702137509778632,1.653552713408475,0.4055544632584404,1.9214182478327655,0.0,7.139579323663298,5.782053821073588
64,0.2187963215411649,1.4067684823789484,1.495036302421397,0.44432083365254493,-0.7430882717707221,0.0,4.84312549103589,2.794400176681666
64,0.631979414681657,1.1156680882857175,-1.0148818825390875,-0.027787107008725886,0.16154200783305211,1.0,1.322234396177784,2.6660597923935536
64,1.083374945502314,1.1011819008470307,-0.42823330181245567,0.24432372465850227,1.5102412925996698,1.0,7.466491653940215,4.858137978356872
64,-1.0056636301524935,0.6565987029623127,-0.9470043179252465,0.3107660191198577,-2.2050745420002986,1.0,-2.666658267888324,-0.6713891091484915
64,1.870534968110529,-0.9572348350712321,-0.29180556043465966,-0.16447168235534404,1.00503981688812,0.0,2.4306792929172802,0.8982161316835041
64,2.892429828724914,0.8588162437082754,-0.047364971344036944,2.6690423160267778,2.2039646196261207,0.0,12.146625865161077,8.771388228504822
64,-0.4405894205454337,0.1843961176599827,0.3202283240480752,0.5044530040142893,0.871830446547202,1.0,3.801148381033143,2.5880798274612653
64,0.9612534348126289,1.9615812908801684,1.3554994445316972,1.4332930986924113,1.7862295180397991,1.0,17.99650358071568,6.848142612858509
64,0.5231492218127627,0.9924768444284793,1.7611959886101005,0.8121527468032939,0.27451445196280877,0.0,3.805163954332787,3.511706766160645
64,1.3183106812681726,1.1757395247880407,0.46083652113959045,0.0186551919457712,0.664154559035813,0.0,4.660417317736933,5.264519025084171
64,0.47463784642806683,-0.07898605852152607,-0.7936842260587804,-1.260900359364698,1.4931325601085357,0.0,3.1326920351457854,1.5808335512924878
64,0.0559094274043474,2.2693829817874427,1.6899890071189894,0.24167152009302556,1.2156811808872152,0.0,6.088636485269401,3.744286307300681
64,1.2674279247282838,1.011432034890647,0.999684472960078,-0.9098228622797428,0.2842958179294967,0.0,5.7052175097372775,4.148993684916768
64,0.7771303200146402,2.883819173314184,0.8136730132296243,1.1412848821446961,0.5879895982875837,0.0,7.482992388467132,7.02988528206186
64,2.329203884388133,1.751755520860416,-0.29876296086540866,-0.511251685725155,0.6955751426057848,0.0,1.4839077401249043,8.0191570424521
64,1.3380488087580855,0.942767242273499,0.4339304800729566,1.0582642874765913,1.010566316450229,0.0,4.40545337521361,5.560577383339046
64,-0.9289475212159093,0.3086904329961167,1.1368302752265247,-1.109187094487559,0.6531693906137856,1.0,0.3332804810374901,1.1639930484332202
64,2.942441894199829,-0.15889986401552236,-0.0055298375871414285,1.1053406011231286,-0.43513061591684,0.0,3.394815738046167,3.256542182526889
64,1.2274270644150507,1.1618091948923839,2.883452027419726,1.9382066799913842,2.3073259901992764,1.0,18.978540689946463,6.218280211782192
64,-0.9499429123747645,-1.0726890487891951,1.5875140507649603,1.166564037217843,0.24553790789671898,1.0,0.31753731948049624,2.490768431174136
64,0.20108304384433884,1.058403112794789,1.1174136127174148,2.933994345072449,-0.030497763848743586,0.0,12.760028376165927,4.291034089617049
64,-0.45355730424473306,1.6934858667602017,1.0108989872559435,1.4782206707971897,0.6607383878022135,0.0,4.65732003895873,2.9578996352026796
64,-0.25189008761243625,-1.856401554495219,0.010221713396072307,0.7651678306121148,-0.6351395066402128,0.0,-1.3157166134405687,1.483536106578312
64,1.3959443009415495,2.298629603438104,1.5455250751293481,1.1037844529518175,1.0059369567247123,0.0,5.784312472521181,7.908937651383303
64,0.24187109666451895,-0.8533440684172293,-0.2257743953943958,1.5916459364574629,-0.09540627202221774,0.0,4.120148519147449,2.0977179252444884
64,1.236932396289981,0.29526270960709705,-0.8456920176557148,0.14592357991075994,-0.21994284148138699,1.0,3.5639943707033863,2.3346754386507507
64,0.7592940635726637,0.7318541288182769,1.90541426815357,0.6873388299065744,0.8947192877320024,1.0,6.36359790484301,3.7165944587364974
64,0.921937390553715,-0.22480738089614183,0.7166316627050876,0.8518884425866493,-0.6921469322341482,0.0,1.4212559743392317,2.33351575128467
64,-1.2441329039769957,-0.9359097994695162,-1.3856836531805545,-0.4034076312047097,-0.24015177287733747,1.0,-1.252040352334553,0.24381057966018105
64,-0.5602210349949917,0.018412719272818512,1.4395736007470292,1.3301807395830234,-0.016237205638490293,0.0,2.4017468273793425,2.2263856708043797
64,1.0439120880563673,-0.6742833146514482,1.3685208224861936,0.34211307926470613,0.6646166832613482,0.0,1.808481808695083,1.8694461365136763
64,1.4204565667864828,-0.10528355144816015,0.697681923230688,-0.8318429514757884,1.1389494180784991,0.0,2.871245189485868,2.7767634676278194
64,-0.15131249388629808,1.4586812622532483,-0.5033914658403866,0.92449957894104,-1.0939991037487702,1.0,2.6646223202184958,1.9724737519625504
64,-0.4442394805211247,0.7451102580040896,-0.5272785988656647,0.12543703963702935,1.62915197731901,0.0,-1.3499346876586409,2.2972628366817602
64,0.2599803698382198,0.936626761510216,-0.12057368002555013,0.22048191366194775,-1.0189500374247304,1.0,3.5272234267594107,2.375027031622338
65,0.4268548259515209,1.1253308095252186,0.3212898439255089,1.134071878872802,0.550974585770794,0.0,4.343370570279429,4.208442745668144
65,-0.83790517745853,0.03725962623794071,0.41533932782322447,0.3044676764621974,0.7137877879646253,0.0,-1.0980365825058056,2.2002340410308334
65,0.20543590776690923,0.9304744193002046,0.41950288323085,1.3743872445108265,1.2533652952582333,1.0,10.03565721750282,4.196027264055721
65,0.17005712252348237,0.14383042361059006,-1.6597194336752605,1.4513751204514254,-1.757077360626793,0.0,1.5511738548813572,0.10988636146863943
65,2.219785962062198,1.1721838746563003,0.46668155621635277,-0.05265760841843503,0.8765191005682027,0.0,3.033016057593457,6.836320006574172
65,-0.7217514546061132,0.49532527275242877,0.918036879741831,-0.4274995109363785,-1.6535379716196363,1.0,-1.9608446063957925,0.5551657214848755
65,0.0802370195806078,0.7169660288989461,0.8909403319554399,0.3019905870962222,0.5933476729697214,1.0,5.8168598581128235,2.9779490805647284
65,-0.3152674287686402,0.27615427128762277,1.1656690383073631,1.2810906823518038,0.5797602201786339,1.0,6.0718292676772485,2.800776692958537
65,-0.42969013035682113,-1.727338792209384,0.6625110968257251,-0.4794723594649145,1.2728013776093756,1.0,2.131737338314903,2.1800761736423553
65,-0.6956988744723995,-0.8700258182809002,0.3097275386896601,-0.4557959135513655,0.6056338126509919,0.0,0.05477333138581053,2.004613006270125
65,-0.7992595378590948,0.10192966601200493,0.5050739050378508,0.31585569244154343,0.8715370967781779,0.0,-0.46100077277546003,2.291238869683317
65,-0.7591898883321151,0.26228643417303976,-0.4943527284757634,-0.2789435905230384,-2.7682996083168105,1.0,-3.7630081564724525,-0.338098899468516
65,2.5481690057885684,2.011187285240081,3.032320404033469,0.9327803728610548,2.188884451805789,0.0,13.668004205998349,10.487480139002377
65,-0.4671537894715141,1.359830736628485,0.0035636250882634113,-0.1663109476864012,-0.5127674257697246,1.0,0.5714217372329979,1.4733246680335523
65,1.1891577996597795,0.7522054659069939,2.2227669414039086,0.7889698546841493,1.5596685502803174,0.0,7.096175403947676,4.544121298679921
65,-0.7420079830162456,-1.05386231295078,-0.5834432166747687,-0.4951716600039967,0.3661098292018079,0.0,-1.453583405769402,1.3623573075364674
65,-0.12314546898599599,1.5765808375089478,2.9022996605111793,0.9652937193920013,2.615385206356966,0.0,8.411131815897582,3.802552401287932
65,2.668181950090195,1.6751801863714402,1.2388769308023546,0.8740943354526833,0.054674016570630146,1.0,14.70511922490114,9.05104750633133
65,0.3961938124631584,0.8691052269287827,1.4099362504880322,1.6456289854771249,-0.958708299109267,0.0,7.682790571318394,3.1855793397916483
65,2.412571316672871,0.47727422330772584,0.6017180711871708,2.2777454026745523,0.8319372191849352,0.0,9.67665763906007,6.276445519175926
65,0.4289339256665746,1.1452563164184055,0.5962324736152108,0.9193780260369484,1.7116611558300137,1.0,8.476176384648445,4.719427294267763
65,-0.5725894538262537,-0.8665646548319828,1.3277736500905126,0.00620844991080155,0.21926386206340476,1.0,0.21091536452488663,1.7938692858504894
65,0.9024638513669275,0.979737865465708,0.955485730129952,0.13132311443486994,-0.9410095346035194,1.0,6.198180445480475,3.4753907023554276
65,0.7712543417278086,2.135932058297316,-0.26058614307009953,1.1520678791164263,-0.6742457545186857,0.0,2.4745070275138112,5.175797190524742
65,-0.5278594760383224,0.36184459003561475,1.1821663968015144,0.9353371795819396,-0.6916848520538108,1.0,3.207262175429322,1.8178196919935805
65,2.047532770934379,0.022999721520540473,0.682072265593606,1.1837428422301204,2.099415953087875,0.0,5.292982531418185,4.841242484194567
65,-0.9174065856729567,-0.15408125060217492,-0.20815275053655502,0.3524951484909398,0.3165998010255179,1.0,2.2081568802996445,1.814496658644908
65,-0.012777107341330751,-0.9084194971180519,-1.6876278169136438,-1.041057368903759,-1.1595489002232222,0.0,0.5319188633402736,-1.5096742594818002
65,-0.5527263844014452,1.178854623645825,-0.13866582110085723,1.9283374766532275,-0.5678061165678745,0.0,4.072667602016918,2.2628141255796272
65,0.20703061039111786,0.36275149665843937,0.7602608090997975,1.3423805279605618,0.14558284022000711,0.0,3.1422631721723793,3.2087601150472866
65,0.9678949471862002,2.410274172955668,-0.47315597296226075,1.2490139792204507,1.6351061945606642,1.0,9.418773766701817,7.117593407433819
65,0.1004168525174644,-0.4374783006587277,-0.7519717423839296,0.9527524030015064,0.6267342490503777,1.0,3.288536263546693,1.931639968159696
65,1.048568280538697,0.7604443187749161,1.4789188601154364,1.0654008779890045,1.36998260088065,1.0,11.737055596937635,4.75078351869708
65,0.709603200667222,0.66865394217273,1.8065399669678515,-0.1120842907995403,0.8498501449074528,0.0,4.288819426070306,3.2021943376647966
65,0.20006264976631932,2.264233752045914,0.8542330835355463,-1.6515517453504724,-0.212726977175543,1.0,8.33418117772165,2.8369109950957636
65,0.9960179049482982,-1.7531624756415618,0.2150358653258495,1.3945711137000067,-0.0517035817945779,1.0,3.012607153571007,0.6311669390500031
65,0.5598576758340119,0.33014076455394936,1.5782590776817054,1.108805157441395,0.16010113238927304,0.0,2.9920225151668833,3.0459510634744666
65,1.7163279512327065,1.0620154228372023,0.5035161755930054,1.2744199086421033,0.7234125994633263,0.0,6.068311467622814,6.338504179739989
65,-1.5680092618379269,-0.5350403787592539,1.9587549178937917,-0.503793914948089,0.3866052923507685,1.0,-0.8697807801356687,1.3299070900432421
65,0.2878195144095712,1.4713012708124906,0.42473350830474876,-0.9768464059588275,-0.3573847289094799,0.0,3.5744406691542077,2.759429377311541
65,-0.00895943148251055,-0.7406024522465742,0.7191666521749119,0.9857761652405028,0.17283350400551317,0.0,1.2147771389878017,2.3230975605794617
65,2.578908706878549,1.0376306200925862,3.264029035067926,0.7671889095497787,0.7421107224968785,0.0,8.507318538957847,6.878374612817635
65,2.717316806446419,-0.33516685106771793,1.5189988652012432,-0.42939680877487396,-0.08671790561337778,0.0,2.9913588339206867,1.8335368385264865
65,0.6387453298753074,-0.15764462049934336,-0.2979673267419499,0.917378191774701,-0.18726504780847253,1.0,4.813403969401914,2.3118637092993044
65,-0.4070989269265848,1.3831630438181692,1.350978560548365,1.7922853373265184,1.6144561299350355,0.0,8.28935721766551,3.5218596594509193
65,0.6308811202238548,1.06912354187447,0.9307423228357604,2.1995428784714246,0.21693867803278705,0.0,7.807883191471295,4.795342885312674
65,-0.34568653985338416,-0.6343782507547708,-0.3192056127637056,-0.43473693832723104,1.4259684399601817,0.0,0.2989321769484272,2.014761577801079
65,0.45799818791935026,0.09533581855780932,1.604541206851393,0.038791973933190727,0.15091882285364638,1.0,4.2298665192928935,2.1837181610908956
65,1.5785154909557735,1.088856045780955,0.8911044114682791,1.1650692798555395,0.977935551569745,0.0,5.2466004419055805,6.198069961445092
65,1.5623680201107597,-0.022070138442981113,1.0982754012763718,0.9501683559138638,-0.9876702747636166,1.0,7.216569757662025,2.721186424731938
66,1.6335203336414406,1.8383381368182767,0.7610817795806439,1.791557908817748,2.4165116902446364,0.0,9.555183381642175,8.947557976768257
66,2.468200111318245,1.9412561992968003,0.6774752500720461,1.416609159840804,1.7769671322926934,1.0,18.41563288378797,10.710820477554552
66,1.4601418412933111,0.7948244019588623,-0.029068407559805998,0.5635473656866742,1.115453575745407,1.0,10.396547164960872,5.112583297932515
66,-0.4992064669051267,-0.2252261802370541,0.6485554961040121,0.5496156331876374,-0.11507619754378684,0.0,-0.02387634255309573,2.0887226698087424
66,-1.21213795817806,-0.6393051409996879,-1.7213404809802149,-1.4975365690716715,-1.61675006906572,0.0,-0.8709139973772257,-1.7185852351264086
66,-1.4837827273985975,0.09367850081213797,0.21627265453033956,-0.636461570492582,-0.06317857553676609,1.0,-1.4674037956172692,0.9009696850530294
66,0.25532065967957307,1.1749409275050964,1.2196720624363653,1.4386764299446688,0.7045272169221413,1.0,10.74440644245004,4.040509034726147
66,0.895500600258044,1.3238640013810032,0.17768285383992893,1.14906136211998,0.07804390807425199,0.0,5.048595912931795,4.981853259629779
66,2.2445287277840427,1.4968042268443575,-0.05899313744986967,0.4136084483884218,1.223812891351212,1.0,11.494310678309855,8.017761074943376
66,1.4314802907243482,0.4229964521273159,1.9746543274868367,1.0202864181910765,1.9151411219228447,1.0,10.154232006405776,4.594821500127666
66,1.2315778704691906,-0.6487007606193289,-0.15042617040651574,-0.22752226667684583,0.6471879366562121,0.0,1.2166098441127695,1.6158401054134628
66,0.8934608562303609,2.402273122587331,2.5095695622623118,-0.5797877093129011,1.6597882128566754,1.0,15.481482296966096,5.782155061429903
66,-0.31628392990013243,0.31460561947498944,0.17857110321427555,0.27214677205409377,-0.5568400627087462,0.0,-0.9751389772266924,1.8306935524748094
66,1.2274792259108662,1.4978507900652462,0.15641272664816364,0.48922838873690205,0.022265966940858473,1.0,8.946699700862407,5.522991725502003
66,-0.002600993933452589,3.214122832757228,-1.047212300820203,1.013878105603201,-0.43676178163391455,0.0,-0.5454462817336261,2.8623402433939305
66,1.9763393997883985,-0.320126866469727,1.113578304504577,-1.1068738502367181,1.0986076510119638,0.0,5.304434377723792,2.189536574325609
66,0.6928499602489456,1.0310811515608722,-0.1484372325179235,-0.3149564711897488,0.8059999141310609,0.0,1.2567519427850042,3.7366566034750037
66,0.8924299792165931,-0.3715113559847921,0.030032982255883245,-0.11106106894617296,0.47032714174751494,1.0,3.5566105735357305,2.1231100113303314
66,1.1936441098907706,2.228291329644062,1.5100514634378606,3.1269756590144713,2.884360998820152,1.0,30.320484918659037,9.192156113935173
66,0.12156731327934295,-0.4081498381137846,-1.3141958966364313,0.30053265942214796,-0.14599489901312834,0.0,-0.38180111565377617,0.4810557526814091
66,-0.3832106837425887,0.38515813713851493,-1.924410371397753,-0.7647644278992769,-1.5376851212676717,0.0,-2.043537377177776,-1.606343442267983
66,-0.49106141387309366,0.9497539184544599,0.07309954186008244,1.5198144929547879,-0.0195917990712986,0.0,1.4558540037622134,2.5469492861399092
66,1.9921345796321777,1.942110276724407,2.013372211878904,1.2806963379032066,0.5372206920192998,0.0,11.606954604975058,8.323443503090516
66,0.09121046157045376,2.1546101011673944,0.4061737932284052,1.5888340176277647,1.2312290718936336,1.0,9.891488807130234,4.8511909721296345
66,0.48044005801730566,1.29851219396226,0.08995092904361829,1.3164757786927241,-0.7573718194683405,0.0,4.741090695398672,3.833817986166444
66,2.083566011661942,2.1034147607180587,2.4368930842642675,0.5450975855953856,0.6488001548167641,1.0,20.52029147204902,8.529683095759761
66,0.750558661984874,-0.22403966207250114,-0.6730054676341044,-0.01610580798618344,-0.9173815228594171,0.0,-0.5746809669147979,1.0738099670614771
66,0.6510285610558384,-0.7189193400118008,0.9155492282731253,0.9995295732660021,-0.894889799534764,0.0,1.1735108958868856,1.6174672737823284
66,0.9019929051056087,-0.3464082137404777,0.9826443923568708,1.1080266938575356,1.6831551132184734,0.0,2.0282173900336034,3.4070721351860858
66,-0.4529574410354703,-0.17641437001808502,0.33888748809336317,2.2250419114389075,1.5083123383814094,0.0,5.257710903202074,3.7444682554323396
66,1.2954684568398016,1.3019344816977583,1.2749192474159137,0.6650973994127438,0.35819818096735423,1.0,11.20178434444742,5.426002866694695
66,0.1672040576962811,1.3865039488113293,1.6360412328144787,1.8119913294226464,0.8737850328693371,1.0,12.672924500995686,4.104393261338067
66,1.2555248246504949,0.169882139104155,0.1581035346246239,-0.13093099091148785,0.9346605188606787,1.0,4.852927231536542,3.3944389054103796
66,0.3606282006646293,1.5707418295834448,0.6456403041455642,0.2631047035386474,1.329913656765624,1.0,9.255144794171116,4.450182800365858
66,-0.41237681438700635,1.692801826901504,1.6419695877696032,1.1063655193264894,-1.0901719094766376,1.0,7.634025304107098,1.7001086937125383
66,-0.2269017231010756,-1.3558276687801347,-0.3739887400596731,-0.43816351163646783,-0.24536726813874166,0.0,-0.3337330770932778,0.9183927212111522
66,-0.26140284437316996,-1.338761321300975,1.4185758464549623,0.5153547971848368,-0.7678225021843372,0.0,-2.750572870562662,1.2845613142195005
66,2.274328076550799,0.34619723354084275,2.5164275426839358,0.8653929054156921,0.04443803329379631,0.0,4.160435136518258,3.9998914814978592
66,0.5391902581250189,-0.6029667193134494,1.095616697338194,-0.6316242206622062,0.11618932829494205,0.0,-0.4894782944840632,1.3905870738319555
66,0.5436093154225562,2.6070216240547186,2.700929631445615,1.5570016657416,2.5786216458423854,0.0,15.055881623370357,6.506324124518056
66,-0.0839823985857232,0.6670537046294958,0.6843872605441064,0.668145829635853,1.0708305525549422,0.0,2.5388135351777383,3.2220032696959033
66,0.8187018274841436,0.4051549625630776,1.176215911688959,1.2977298979483045,-0.6460616204391771,1.0,7.85224196566291,3.2419924774182194
66,0.04304113923414393,-1.4379575630281252,0.06975133900864011,1.9776332461583006,0.6995271305985414,1.0,8.584579833434608,2.6116746757730938
66,0.042577565833041064,1.4938233704303017,0.551718017929666,0.9780140711934823,-0.14951133517217985,1.0,5.579766283545673,3.3735394863256847
66,0.4676152820866845,-0.3675194930056531,0.6279977447429159,0.873929630363286,0.40981762089504836,0.0,2.8134728115176264,2.643268167158536
66,0.11627880004664692,-0.2505584069624244,0.900416205495537,0.4814216620835053,0.6012085075737654,1.0,0.4622640925555137,2.5165326426909944
66,1.5135998915343551,1.8035111952863578,2.8816857859980067,0.3464800777704228,1.1177958630088125,0.0,10.611700154626744,6.594916839891084
66,0.11296941294729956,1.1029709578694848,0.11759101054768234,0.3502025273567626,0.6644863206343536,0.0,-0.06692953291103065,3.2918062365587124
66,1.1021148838857857,0.6974847006097721,0.9686241221590784,0.5585822379406544,1.0688403413727672,1.0,8.37068699618307,4.532965350518047
66,-0.10977749085992472,0.24959062779153102,1.2039090210263463,0.9021941993066449,-1.6765713026190001,0.0,0.38447826823056697,1.615984729342217
67,-0.507503375905975,1.300375514169104,0.5505407100430298,1.1240642662688545,-0.08257283673848959,1.0,4.603823093333599,2.3847489507460398
67,1.545052982809106,-1.592327439268911,0.08686675423179263,0.8341684250151679,-0.46005501343965427,1.0,1.3876566710726628,-0.25714794958636755
67,-0.863043336270596,0.6641502995146198,1.5124116205393303,1.645307136676497,0.04481405220315199,1.0,6.269869844632173,1.9869809379178092
67,-0.12964615010524227,0.01976664745601725,-0.3790684952953248,1.0209109409263948,1.3035021372065974,1.0,4.393943588777022,2.8441796171383285
67,-0.33121542742215415,1.939025990455963,2.088563056794997,0.4180552946973031,1.9197165211426264,1.0,10.81654795287453,2.879896569800443
67,-0.8085257580636522,-1.6730339541469035,-0.06020411305999285,1.1607928937033747,0.9412076985199751,0.0,1.3523826246210409,3.130997709224107
67,1.354695998284909,1.5807123732025197,-0.016584376304261572,-0.34140219032466157,0.9096223568949584,1.0,8.933706862933578,5.884769289676891
67,-0.7319734759693921,-0.037221472505520214,0.5447850988649295,-0.6761825575946598,-0.3266582354889922,0.0,-0.3215566116541939,1.268858488933554
67,0.9517425802063675,-1.5080748521248846,0.10311720632242033,1.281157677737147,1.270864382339334,0.0,2.7655766209875026,1.6087925765474602
67,1.054440528810367,1.0009901343169267,-1.961287359225285,0.6269741850518977,0.14043513107292666,1.0,2.6619973321210195,2.105618346962211
67,2.4210232745034586,2.589577217673354,2.341169094868996,2.2894646629584967,1.870805775244319,0.0,16.207736710601864,12.329043923302663
67,-1.8830990536799792,0.47221887542855306,-0.9189714617654041,1.1104098770586806,-0.4107296550526114,0.0,-1.2160851788470437,-0.09768248371560317
67,1.774012276903591,-0.11578210828842839,1.139810434760518,0.22054349350183938,1.8232339696253386,1.0,5.902706253616479,3.63327689348247
67,-0.5088999778484584,0.3114711486295351,1.3014993248629247,1.1670384999788705,-0.144137871446409,0.0,1.8297000777294326,2.1710317432065245
67,1.4909326532871958,-0.8251902678724021,0.5279921904804942,-0.353811865283682,0.26387514782953775,0.0,1.1768417109889648,1.1854161590464034
67,0.4348549775847706,0.43274636707188696,1.279473768730627,0.07434422176463851,1.167717297584791,1.0,4.978753452400045,3.169969535933727
67,1.572939100186254,2.0395940270893718,2.0260906601620645,1.4255846957346172,1.8332424836323737,0.0,12.043575977001952,8.21715599415828
67,-0.09775335816781738,1.3923804537575104,0.6162902950493974,-0.12006509051060976,1.6234920910492403,1.0,4.962551272284228,3.387090650862049
67,1.623026877691655,0.5992309664204679,0.9948879089407018,0.921054243841198,0.4665039182938271,1.0,8.562249786778676,4.819516825496432
67,-0.9497755518211703,1.0003838433409962,-0.19250491988866547,0.30024445051074156,-0.39882747873205504,1.0,-1.4376842825907998,0.9111481332206797
67,0.05150913178599781,-0.8606523825753136,0.5765479145715814,1.9093070295672685,-0.03102055564755224,1.0,4.9006770276766884,2.616863599446016
67,0.4531030032135469,2.4175274298501352,1.22052233950198,1.3147212178417043,1.456481340165272,1.0,14.387841016831372,5.869721774870903
67,-1.139290335423688,0.28562893956547364,-0.8826976326080755,-0.0392376223005132,0.8416378684866275,1.0,-0.6428849625051498,0.8426759765403087
67,0.7682605015612137,-0.23351038003270008,-0.697678850181183,2.107700977782563,1.719691664762548,0.0,6.649809933073468,3.4191706065891587
67,2.5208458636929287,1.2829625206703215,0.8073642057641612,0.1781156156505721,0.17382328409483772,1.0,12.624330444334243,7.407111616028571
67,0.1292740149210614,0.6794582835880574,-0.5133768850537397,0.1280868341009116,0.43194296201706034,1.0,1.8865869215396118,2.3866199213057824
67,1.1637207479115455,1.4260832007872528,1.7996309660133072,0.6632545585012999,0.7381439996854936,0.0,5.880926191245063,5.328136649096974
67,1.2239551209493054,-0.4486272701301679,0.49431365097859864,-1.188866072629119,-0.5750325285547555,1.0,2.3847522520137234,1.0840663456875825
67,-0.48759286432701154,-0.001027835336656735,0.5223040962508297,1.561501366968489,0.9179443878404958,1.0,5.965455784671178,3.123737758337802
67,0.622745280247119,-0.8060364220758689,-1.08604028068515,-0.6056972715393107,1.1972925072355949,0.0,0.8411140534348043,0.6251690547186932
67,-1.1371837026366078,0.5290713415481341,0.4091318022460782,1.8670202271012073,0.15494015290916796,0.0,2.247392293569229,2.227305152291903
67,-1.0283324876425846,-0.46577763228831803,-0.19354866884599087,0.6522532288144447,0.2768870837000138,1.0,2.222629980504723,2.081042888807107
67,0.8578196794398382,2.7149199514740077,2.1687920630192563,1.2275950356371175,0.46716884325299696,0.0,12.34505446211295,6.484072398767754
67,0.9955381669388872,0.5118524188388603,-0.16981799113368945,0.856850317182148,2.4251798092275765,1.0,9.042035930576487,4.804985522593064
67,3.5852847584024192,2.9262681825085206,2.00070636005744,1.7380439339678546,1.9950378592229914,0.0,15.765768859088947,17.197386236766075
67,2.3856531645334123,2.672460707687841,1.2666963698309612,2.3675421266087033,1.9216032993857952,1.0,28.434937605149123,12.981976728797736
67,-0.47134336690919676,0.8627970006177592,1.8534622201255626,0.9080849933019011,1.9089033591094942,1.0,7.569735100080098,2.8453617251071432
67,0.5863271334662014,0.0793989222832957,1.632603330215654,0.7432345882993079,0.20520867515373037,1.0,4.142169045533743,2.608172407822726
67,0.22855978211451078,1.1105937443153469,0.7074181133864097,0.2640049279818113,1.1796416565582748,1.0,6.7337403252903325,3.758988483733779
67,0.2377508024272505,1.2485791920572988,-0.5010385386235829,0.9884661499004457,0.5731260062276473,1.0,6.41824946535366,3.4473766975772575
67,1.3801645812962913,-0.016566990003677118,0.06525695588654595,0.5083749012008246,-0.15069296753278594,0.0,2.331199123272857,2.8682745879558462
67,0.4652108428209756,0.46091930657123964,0.38776497955712963,0.47013625011272053,0.14524705671085253,1.0,3.8172318223315385,3.1048203548930102
67,0.9448284193017971,-0.5925456251344212,-1.3353082155225744,0.21684424113984802,-0.4009508530085124,1.0,1.8005186350688756,0.08989768999646053
67,1.4180484847002817,1.494397592684928,0.5321154887071795,0.2598905993651318,0.28281117569797976,1.0,7.49978774141275,5.974495603006112
67,1.4552225705443793,-0.03749807548151385,-0.4096235044353411,1.4111717626460134,-0.7382744049974632,1.0,7.197580601859584,2.7032019608020015
67,0.8693774241914765,1.3298288312264823,-0.7115844121619297,0.739641373262848,1.6603606641511337,1.0,7.798366120723019,4.8572632554293165
67,0.7963940642744208,-0.21545810977474755,1.9603225218852478,0.8243478193579277,0.18717786013316623,1.0,5.10995453729053,2.225052372202049
67,1.2305953438728428,0.1217952464181436,1.3343491187565615,0.7650698644417993,0.5563913499424111,1.0,8.982164275354096,3.388231296622767
67,-0.18699609765086156,1.4011598976603379,0.7048654087417641,1.4102669744475802,1.414430892086336,0.0,6.425540427354288,3.8715508691472866
67,0.20359483832843595,2.1198876335405465,0.026703251672407002,-0.5828160171391168,0.34822835179364253,1.0,5.133905422378141,3.4890406984834756
68,1.7050318239108475,0.8390861406232527,1.4235034397895232,0.39028871803634424,0.27910195362009016,0.0,4.314893478010079,4.8959354838889695
68,0.5622727016822823,-0.2318703214540434,-0.8547857426740149,-0.31364221534389447,0.5917343768567687,1.0,0.30931567035063545,1.4028602144717153
68,1.6817785410627306,-0.7812939798301182,-0.6170026547801535,-1.557997251608053,-0.661540002998074,0.0,3.81224843180448,-0.4663747625719942
68,-0.14145103404534842,0.8218310323184714,0.2549986599786993,1.302710889570166,0.5962328141978961,0.0,2.7061894431723115,3.2685759653798656
68,-1.8344339902214126,0.5465814612280401,2.162880997920718,-1.0478469801725303,-0.7901335043130189,0.0,0.7213707659924565,-1.0422356694484367
68,-0.8501605145253504,0.76983176504363,0.08555735732777942,0.9514577457909372,0.4401088840822203,0.0,1.8239713680781664,2.0402592507884534
68,1.0532879943797724,0.39219987106092125,1.8658234680597872,1.1020686985564707,0.4748517116648099,0.0,5.425919852552647,3.5664494686096977
68,0.9163440375740284,-0.7513089433952289,4.363340239256601,1.4272896654703495,0.8683807179536256,1.0,7.169168715822888,3.3815613219533125
68,-0.14376040290896308,0.426637210167788,1.9347546328938596,1.409215485200781,2.632917585685912,1.0,9.502279634495517,3.712572688329431
68,1.1687116458296902,-1.0455708096054446,-1.7493901230178692,-0.49025064282488673,-0.5455593716551139,1.0,-0.0367314111591531,-1.730646344519925
68,0.04557510093038308,0.05034332070504827,-0.9564929513803682,-1.4593050378132957,-0.3592900882116137,0.0,0.7819734998938662,0.23909897191003826
68,-1.4924145243918998,0.08626926740960483,-0.1949110054202141,-0.5233531614959144,1.7676218725515898,0.0,-0.9335422598060568,1.6739216264717842
68,-0.0023459232622471404,0.3364056736235941,-1.8820801123157032,-1.0598631437725619,-0.2763125578282517,0.0,-1.4006991375190834,-0.749168190444167
68,-1.7215088623415822,0.07055987450682305,-0.5497417404711207,0.7864203699867618,-1.5514543872624977,1.0,-0.6628888918707296,0.24832766050465294
68,-0.4080214690780857,-0.10916607327006234,-1.9195594981406576,-0.2072219905525977,0.49928448462378183,1.0,-1.184764628678515,-0.36953587400999577
68,1.4207604416971389,0.9331680800080264,-0.30338081288153407,0.0674283259433151,-0.5380018525722003,0.0,1.4453939089665266,4.07012731744165
68,0.17234654287314383,0.7740076960726889,1.7854874595432666,1.2099410939289603,-0.11760092212378792,1.0,5.980926257958321,2.83244282360724
68,-1.2869690758794046,-0.9065786722361677,0.15545239745254497,0.3587462604754308,0.5664017944839589,0.0,-1.6058042944713355,2.598206656675994
68,-0.7754915473057944,-0.5128659493780334,-0.2150980197031892,0.776522130573003,0.8502781457364106,0.0,-1.0829923737748899,2.436351065866795
68,0.31768794110446374,-1.9913189577401034,-1.513647047737579,1.3069257821412044,0.8643092332452713,0.0,3.8820517328387747,-0.08352136876256944
68,-0.2141734825358933,-0.7157344265005228,-0.4666904063349674,0.4208788834482653,-0.6031356911018599,1.0,1.8457858802933163,1.2569260453699242
68,-0.7969875850822505,-0.6825005147940777,0.20947349687615857,0.9726582598134452,0.3074804499336684,0.0,-0.17474776813498438,2.5271470244263483
68,1.9107775408458791,1.9721956326085894,2.6637798306277216,2.08029059260749,3.0478265701245864,0.0,15.946167285233987,9.717859411143799
68,0.4078076860055675,0.7932035128795418,0.794952031224084,-1.1255306282164876,-0.2798623677106049,1.0,5.853805087866134,2.3190786146085913
68,1.6280704437892828,0.45864741589685487,-0.7040615160750991,0.809402417759452,1.7980100167103303,1.0,6.287582380656985,4.503964076591556
68,0.0760165262041183,-0.07666867707554614,1.5468722466585398,0.16338949216840554,0.7463975382398127,0.0,1.3234582031974917,2.2460972745952126
68,0.0663864893681479,0.5220615527230511,-0.18108275263816587,-1.0956312022133854,-1.3884918596002458,0.0,-0.9833470772940811,0.9799282189159977
68,1.00885539211882,-0.8073016632804759,-0.03609436596279103,0.30111999877295237,1.015888726698339,0.0,0.06215010543740562,1.926132077196903
68,0.7692895578001332,-0.5681281331383878,0.3333292403734731,0.3980373089676607,0.05698346503403351,1.0,5.10249355541377,2.002658964704194
68,0.4446157820176783,1.240314873401702,2.0137436845623626,1.8404028044360778,3.2662495203010233,0.0,8.854000477961128,5.525522661746875
68,0.802245745911466,0.6625208125985922,-0.14894822950928654,1.7363781208287001,1.4758591660244316,0.0,6.34034800491078,4.78446001703727
68,1.8377981406960604,0.6948226878576682,0.5504498138147751,0.31920516275099775,-0.27402973841913847,0.0,3.967661071507939,4.693356201092804
68,-0.2728287318521335,0.799156396080908,1.9776876428751007,1.0180461694591845,0.10130899205622651,1.0,6.6814176697956595,2.1978960404552366
68,-1.4911633588520328,0.5413805987187352,-0.11857981733276746,1.3589738489418806,-0.7466224927480114,1.0,1.6716748207191905,0.957685125152675
68,2.8771240165290615,1.1061146870025345,1.0354174280781379,0.25940016725568116,1.2820678684033309,1.0,13.682926091332288,7.972658172148018
68,-0.5340033838599123,-0.06915527629781837,0.3524743398674547,-1.231937914775931,-1.2709100275971108,0.0,-0.014206987658925918,0.5986844126343691
68,2.022151054839828,1.422784631400987,1.8743260348552357,1.249509022879839,1.5765738626816195,1.0,15.880281731032877,7.650867328878225
68,0.6852704539690851,1.1796073708382182,0.7286582146579786,2.254791765816584,2.1154481071896547,0.0,10.978298763264055,6.0363065619316165
68,1.2264685425979316,0.3992741656042281,0.12444004825651328,1.4489480698355988,2.2980104850999377,0.0,4.397021976103302,5.230535183192957
68,-0.9662118876585999,-0.711655072866006,-0.6843085312138117,0.6771941373837953,-0.859638485331438,1.0,0.0068438711673667885,1.1901560070329298
68,1.0741671185369026,-0.5599028573698395,0.5572816016002613,-0.6097181658034208,0.25466351723195396,0.0,0.3327316532790233,1.6055123226074528
68,-2.164863918848884,0.1934004161831579,0.3824183224819465,-0.40539807982231923,0.22956340968619582,0.0,-2.5221411397496416,0.626639407549642
68,0.07814654174164132,0.8504411005274015,2.1721482162230896,-1.1331711812241785,-0.24940012117210286,0.0,5.036631184873893,1.3597835894330492
68,2.402895831029645,1.0318442890717803,2.1252318710134053,0.5266192730601102,0.9373834626969684,0.0,7.755965765463745,6.464938218851497
68,-0.673902402613767,-0.6739278385753253,0.9501434264677541,-0.3334182306542123,-0.38503683164499225,0.0,-1.1692213371708802,1.4776570692626128
68,-0.13569512527388772,-1.1559554905937193,-0.5555666319963795,-0.6828665409424484,1.1063074776758168,0.0,1.3147822679292385,1.2945710904539438
68,1.160279560969631,1.5149505693999457,1.0781126135883952,0.7046264398709241,1.0321087825258455,0.0,7.586495521781354,5.9757972836080455
68,1.2741914399414966,1.624631773691113,-0.06054169951298549,2.766588187239427,1.1008008138987082,1.0,18.951828818575418,7.42109506773159
68,1.3544367961086006,0.25633462999403245,0.3518660959071792,-0.807885316419515,2.69322661051401,0.0,2.8887066091627833,4.2099096604617685
68,2.798432633962322,1.6868886641496519,0.010581617771885765,-0.427847922720601,1.2623292658171845,0.0,3.711830134113698,9.38578043231277
69,1.069073637754553,2.057996676841984,1.9794087268028866,0.5421319418777543,2.0397664070536194,1.0,14.985345323364399,6.647002341165109
69,0.945186540989747,0.6694097738653776,1.571509613552302,0.22357027163551402,1.296827538790411,0.0,3.4644787976103495,3.9852556913842996
69,0.201657029236341,2.0683491098692457,0.8252474435284495,0.6608232015658975,0.9426035048205217,1.0,8.722165004679477,4.444812467187286
69,0.5300575832977662,0.4947562048472614,-0.22158733394816454,0.5467345065913277,-0.07832145087277564,1.0,3.742678370418759,2.873618849957954
69,0.4733202710159769,1.9589977492117256,1.4990231532838423,2.0229409579204454,2.5980659255146348,1.0,17.286772490914487,6.2751189415149184
69,0.830750564982107,1.468597524684194,0.02909454521905591,0.7613691920873805,-0.6986747326410399,0.0,2.6338959324611375,4.4151835541032085
69,0.4120359029827674,-0.04947805315755627,1.351250435676086,0.7244142906925077,1.463246597463576,0.0,3.991162175186033,3.14813428941422
69,0.8323862269007285,0.7137998580652534,-0.21511189326470492,0.6386061351422736,0.0031353174662260286,1.0,4.524677537604475,3.557517508722821
69,-0.01799497947212192,1.2433528527967126,1.922593335992721,1.8807221035359516,1.6437363789663504,1.0,12.774434149765641,3.96924542254489
69,1.748037896933125,0.08668173941499191,0.7531157217980096,0.9708245986825028,0.5417076549238793,1.0,9.411216769364461,3.9312682953994833
69,1.1820735327735763,-0.04766101469764206,0.636245386125078,-0.45014456218991694,1.5963271849179488,1.0,6.936150196741989,3.206413776736018
69,0.2959085360570033,2.4256701965380776,-0.18469263762988275,0.45678652171993434,-1.027706232158081,0.0,1.9526664517247099,3.68375245152028
69,0.5673102136601251,1.3379541454265762,0.3527152385729806,-0.9295281589439974,-0.4305317344564541,1.0,5.4933903145036895,3.1464331061068638
69,-0.17882540797771174,0.3573148337972496,-0.6835132270821149,-0.24763397925395925,0.7290609018169059,0.0,0.6763013384871477,1.6996634216406363
69,1.2480793451175811,1.4022240452755776,1.053913823703954,1.0070007629584017,-0.32556425866379124,0.0,6.583953188522881,5.437086031413086
69,1.6380298097257804,1.5342986036632356,1.8152513330703164,0.6677585702833109,1.312693701746253,0.0,8.19180067930071,6.75521528902663
69,1.215952016011976,1.225330858835135,1.4777921035598052,1.4088658875759097,1.9258257745773941,1.0,16.420251520161287,6.209697051808514
69,0.5671237523185385,1.3714069245132352,1.317240749652921,1.7888012942447375,2.3977237891770966,0.0,9.76116191281841,5.7497531269390825
69,-0.37692209590650394,-1.4117110423289787,-0.002145733757963786,-0.24801307985560772,-0.18224449800563058,0.0,0.3317918066287251,1.4215845578758548
69,0.941588467774916,-0.041615390194454704,0.24507059457343539,1.2359792521140291,0.03439285743575776,1.0,8.327564080019688,3.1386435187577724
69,-0.07930548309137175,0.8784119734550128,-0.9674030104754596,2.4789594003948774,-0.2699761137282034,0.0,4.423770183313415,2.5181203393890166
69,0.9540242294349194,0.34389336161244044,-0.0692236903685508,-0.473513509855759,0.405795693771294,0.0,1.3137632504425483,2.9061756385807755
69,0.022313434094367646,-0.4418667101883287,-0.8574370696061215,-0.05076528167037686,-1.9555338820084618,0.0,-0.9773621580882126,0.002873302566977043
69,1.019556898833325,1.4670550429188594,1.1987561442061725,1.3683513468686834,0.1704793712119786,1.0,12.631304457195293,5.471362288074735
69,-0.7283180911991274,0.7681647470586438,-0.16791213831839302,1.3191683208809546,0.22240016804370188,1.0,3.878068573217517,2.133219068762209
69,-0.3824472950415181,0.41115163794506643,1.1962266969245816,-0.554614246664271,1.3021171603054111,1.0,2.3782124129630207,2.194845177442935
69,1.6921743647670273,1.0054764995325969,1.4816117172758139,1.2518445638273685,1.5045270495392726,0.0,7.833752864634162,6.2583250833874455
69,-0.03751509105960371,-0.3109157295332178,-0.7146761021234891,0.4629054205890757,-1.4822275271482748,1.0,0.8137465007711973,0.7257550719561056
69,2.6733393351493304,0.9640674926024659,0.04655361704856503,1.9770060334933448,1.840510403305292,0.0,6.8698974908040285,8.326934566573417
69,1.2112192128077712,1.4480139427187302,1.6355646335338336,0.8904024818635449,1.9838986301305872,1.0,13.836521573111801,6.273688725249622
69,-0.637775682756544,-0.08739735552868988,-0.005950746770524318,-0.8757519922425607,-1.3323425779909603,1.0,-1.004244221157151,0.5861130248074722
69,-1.7220886008301322,-0.8521084139516719,0.6512267564102096,-0.528104199369678,-1.3412970668936808,0.0,-2.390418804530653,1.3665612074271687
69,1.8830993573416441,0.5136176399335305,0.6208165818034971,0.026381989219954993,1.4857184845675309,0.0,2.654972760821935,5.045413796737779
69,-0.22670704532253483,1.50063033365788,0.8111329975717636,2.4295076232439436,0.9518016607949202,1.0,12.8037558104273,4.0816566908767005
69,0.6909661563269921,0.11474381748454338,-0.6258848569207955,-1.0002241267471117,0.6304829817033812,1.0,3.693808155059509,1.7947711551739707
69,-0.6601505222508663,-0.004552740161898883,1.1841742341625963,0.9855834067589757,-1.0798712703171276,1.0,1.977436497122651,1.5926590428063083
69,0.1632118426828547,0.15557738852952724,1.6234511874512514,-0.5903857444282099,-0.8417308614774701,0.0,0.720827461373762,1.2278234458465598
69,-0.6285795519138122,-0.5176260378884645,-0.595563960876051,0.26137647490025684,-0.6959438583668272,1.0,0.6629120438310973,1.0650329380334431
69,1.4289917785765203,1.2804718280280332,1.8352128111108348,1.7564385990634723,0.7639562328369762,0.0,10.336190707009923,6.100973262776993
69,0.846965777544155,-0.39777742578520014,0.08082829458625079,-0.5732589699267288,-0.7107317561369999,0.0,-0.37924622807726793,1.2828442648840643
69,0.31630523518099374,0.10708119952425565,-0.2509433083718644,0.9725797513355019,0.7773235434476315,1.0,5.277897667482478,2.963722166992531
69,1.6091974525420398,0.7748790956133828,1.2212644659682592,0.41704899108167715,0.49034996846596673,0.0,3.252093343794435,4.845761466257279
69,2.329725674016896,0.6962513399128982,3.166273149939057,0.9949511701852289,2.3495686754644054,1.0,17.35178243012773,6.390764174913507
69,0.7058832058763838,0.3919631692910601,-0.7272607889876292,0.039866028986305535,0.6803343914410933,1.0,2.94955037445057,2.569071522913551
69,1.790123035732053,0.03068256472126868,1.3523854781694713,-0.6170394578057672,0.4282341144943448,0.0,2.8008870156076737,2.7637969329604273
69,0.16142667965194357,0.32576698675042587,0.56853450376559,0.7343468480814245,0.14027931961195972,0.0,-0.9629630143474084,2.8604555514901424
69,-0.13014660243846388,1.0068130162938038,0.7535192451256025,2.266225668443249,0.8173964420031579,1.0,11.363230591473554,3.9551560802838672
69,-0.19545981252212474,-1.2330921534455364,-1.5475374055062008,0.1533387196183364,-0.0869782767299001,1.0,-1.331780726542113,-0.19058767890419587
69,1.649553526163648,1.1784487915826358,1.0592438473880654,0.9984490374239471,1.6218028467046002,0.0,6.646161040605901,6.687194960103654
69,-1.1716989529376969,0.7198879770926744,0.9162509460432022,1.2726550672745849,0.4772719693597236,1.0,4.102383902896704,1.8724901599631032
70,1.3251842429155487,-0.49815307070948167,0.47014335728752693,-0.6126175652291221,1.2406970055393631,1.0,4.972026679466314,2.1939857395223896
70,2.033459591289409,1.1345555670484684,-0.14625632897561658,0.7669098135523231,-0.4220608287952812,1.0,8.546436981852354,5.979700401719697
70,0.4062720658842459,-0.27126906967422093,1.4706956410472336,0.37858582265637414,0.8488410464588871,1.0,4.5628147385411175,2.4062873067181476
70,-1.2206724020518314,-0.6018624797087535,0.33182894168497046,1.325711220305303,-0.1567332502148696,0.0,1.2614076628106525,2.51926103960633
70,0.06658769332237874,0.9909227452238754,0.9706475486371129,0.6101822122041943,1.7095180187619725,1.0,8.466040675494106,3.804677627997662
70,-0.4298185100080336,0.6081495505696045,-0.9343170782749921,0.6473716718219722,-0.30068279507973383,1.0,0.5327548212734311,1.1283252518751108
70,-0.6363790953302819,-0.6758149039890118,0.1890214811224627,0.11499850881115797,-0.10422535651669296,1.0,1.4349819291943784,1.8560633612076758
70,1.042078744199764,0.8568968719639731,0.05125363585532339,2.9464155003790147,-0.1066409403964047,0.0,11.152148044780931,5.28664274215924
70,0.04484434640152596,-0.5753138980281385,1.4366682652962384,0.6583783343291283,0.7414028737067064,1.0,2.8088395697675166,2.2609166400521263
70,0.7838927600796883,1.278127535786119,2.095075049204639,1.757072336627632,-1.3192002598448709,1.0,10.956961011833808,3.7988098971031885
70,1.235375928248041,0.045752381108880746,2.2544619512788264,1.368386981245047,3.2585023886069475,0.0,7.19259364732097,4.506122122773801
70,-0.9962847691940604,0.8846854458941169,1.319932116960361,-0.07127568603292267,0.07023634331757611,0.0,-0.2422055410274806,0.9704893006066239
70,2.219441242936168,-0.49670034128937723,1.1680530908203335,0.1584154320749983,-0.46604362078200934,1.0,4.097513545622979,1.5811292405825792
70,0.9236358319448006,0.6257440310455655,1.9136040066799405,-0.7333339099179386,-0.48970553798355165,1.0,7.078033177617245,2.3617990920591776
70,0.5643644325216078,0.6862889654219397,1.9185550896322956,0.01782892934786362,0.5505053442951031,0.0,4.073571557360137,2.915296872153305
70,0.10784171322632102,2.090872595748591,-0.33929302631970004,0.44404701115625045,-0.6603652091546843,1.0,3.160822733900667,2.990025021697516
70,1.2192461893785316,2.0127575481014417,-0.2319691555759673,1.5046516655700939,2.0446423366435518,0.0,6.356387610100163,7.7019268470772335
70,0.748865871070146,0.1336663666237899,1.0632789566745102,-2.356408312915052,1.5872846702981493,0.0,7.625983554654705,2.1744509990394345
70,2.0327238645205328,1.0348903213870224,2.33928030635423,1.9536384853246564,0.9704748110798302,1.0,17.767361263618895,6.574104075953217
70,0.06475988233063218,0.21555507041468347,0.6373916927325922,-1.1045380654147114,-1.8382740983264227,0.0,-0.4861441869290306,0.8050572587578942
70,2.1866307412145467,-0.3004801413231143,0.10374616445299334,-0.5591365563203885,0.15657106482320732,0.0,2.078205715557569,2.131249714227377
70,-0.13274521157488184,-0.8140357648392464,-1.0562037745951038,1.307334725319754,-1.7149104035262006,1.0,1.3460913629910067,0.3949593445321825
70,-0.011364494436705619,0.6317758133576046,0.2691891713442301,0.4870331664362697,2.2163360179661,1.0,7.867584879027654,3.7532918776398065
70,0.562433621563272,2.0572234420519626,0.9989966220894582,1.2269128900990764,0.7731998277249137,0.0,9.389009750877626,5.5075811797881675
70,0.22776955070549376,0.6183993683074617,1.0376441169346835,1.7390732441072836,0.9521646000205893,1.0,10.274440296667608,3.936628560374106
70,0.10255940183203405,-0.3094630306473469,-1.5129944085779492,-0.048811417136040425,-0.4816151166991717,0.0,-0.7959461148890041,-0.09913089196282951
70,1.1257511837186231,-0.8036661775975862,0.0730900494114815,2.995172685062677,2.7945293946757594,1.0,18.907576688054185,4.185040528126473
70,1.272448973674718,-1.5215101511251077,2.415401215128661,1.3522827652569562,0.42983643306353414,0.0,-0.787086548470407,0.2904767819397973
70,2.414395861497651,1.150303887074947,0.8144314603963789,2.8268893947805314,0.3531795050164158,1.0,21.389362081598765,8.243171022210081
70,-0.43974507864793067,-0.39099871393127517,0.5237607596103165,0.936260956517103,-0.020349613310782666,0.0,1.6253995426323953,2.3423483157447054
70,0.36839055715813296,1.946497655793206,1.1760825052381727,1.0857080297181396,1.4089996380991772,0.0,7.884022366095723,5.094454580262455
70,0.39044675147047914,2.0092570135407994,-0.24917962811948347,0.006272752809116822,-0.11042501147223072,1.0,3.9068173108051303,3.776808871815935
70,0.6247479414906332,0.6077095539201238,1.1323824173307022,0.9969438792742487,1.943623980860813,0.0,5.976518902785016,4.456873091127172
70,0.13726278144909587,0.10517379559260676,-1.0002611803977355,1.3275774155454245,-1.825819518444514,0.0,1.0415910214143114,0.9264856063067671
70,0.9578547374612677,1.0693552275694662,0.564166431037473,0.7182420589920498,0.5539844966072082,1.0,8.131820450314603,4.801123059542281
70,0.4625396304858385,0.14876972730620047,0.35122478907253524,-0.7688652015296336,0.016107205512278233,1.0,2.5581007567732965,2.112652001003811
70,3.191857068817715,0.6854581610381479,0.7669922110905036,1.090061628262383,0.6840586364139789,0.0,3.804230858285438,7.117099576411328
70,2.3267256159738814,1.4571982333570563,0.39598634710916086,1.901828485015599,2.5578528698858687,0.0,10.372027782308054,9.632912793771883
70,2.2879225548707636,-0.7500584389222191,1.0228275011888086,1.2192943219401766,1.0684549518285142,0.0,2.0757454443790953,2.2290993514966906
70,-0.7211869388055188,0.5961045636874229,-0.5669827584267078,1.6371503092215767,0.6633448896388342,0.0,1.9933935840385195,2.217837547883899
70,1.42992565889605,2.5349502173477463,1.7825487849160537,1.3918052757008157,1.7082753097121486,1.0,20.919826371989277,8.838369446009514
70,2.8509056854993062,0.5248222234020142,0.8854884491772353,0.5107731286501385,1.1990673516366175,1.0,10.400393735952017,6.114658487574653
70,-0.019134043815979496,2.2106158889827188,0.09200721939686934,-1.111624587254854,-0.8642148495916071,1.0,5.45299159884931,2.107297113433197
70,0.5893792937820118,1.67510535101057,2.155142658841636,1.0353998122185728,0.5701803325494099,1.0,14.092184108087622,4.4482218394662985
70,-0.46212840450813697,-1.0478363288518475,-0.3022255958452986,0.805831889099178,-1.6689388854196605,1.0,1.1709222634479617,1.1012626831774233
70,-0.12587519337979036,1.3325866016686634,-0.6305187916860651,0.8376401668499578,0.05872778801957862,1.0,2.0153734650270976,2.3762624457411605
70,-0.9212318086843112,-0.06453267902676985,-1.1402777620876028,-0.010172909172164624,-0.40648962828067525,1.0,-1.2961460976324966,0.20543926690909076
70,2.8307412655498774,1.6968090235255913,2.463043955314954,2.5219634999241536,0.6226440096148597,0.0,16.500070739812116,10.092343731676406
70,0.761810260809414,0.7134188141574619,0.050513705253658614,1.0488889769625098,1.5331676828490344,0.0,2.202983282489697,4.596113946948304
70,1.4874772971894221,1.1893208636081358,2.4474496696663515,0.7165333201380993,0.2644194094460459,1.0,11.373731413185258,5.05308582343179
71,-0.07252559869173503,0.8125675079962718,0.6717831994045751,-0.11129013704563695,0.4669153159319186,1.0,4.72997026283486,2.6075062772304043
71,-0.2929400176354806,1.0686318388943739,-1.1844226915241083,-0.27110112623984306,-0.08623084904000933,1.0,-1.0194123529487786,0.6807554125427842
71,-0.14869153754736708,0.4431155126758889,0.07887572500183848,-0.6572444314401849,0.5353020709851635,0.0,2.4633082038774443,2.056682065347152
71,0.22598718084110292,2.783019018867425,-0.8141694459456981,2.160240546975631,1.4689208554965831,0.0,4.148788095781433,5.2273982726892605
71,-0.25156012947815765,1.7762553186121908,0.9475545363869765,-0.787595188882745,-0.39932684072486135,0.0,3.0597300865053914,1.7794993562042454
71,1.859892490477887,1.1583887522342755,1.7964383365815604,0.9988880974217229,0.8347745638687809,1.0,13.715530932025349,6.254937518160823
71,-0.9886077764026417,-1.1204820823728354,-0.11688711459402013,-0.2543150537719816,-0.6057709652837595,1.0,-1.397445740800857,1.5578622791944796
71,0.5981520377976879,0.15616187070060356,-0.3147096550564865,1.0721387360379693,0.6363135126872705,1.0,5.149217917749134,3.118323084751859
71,-1.5592633390330302,0.690757101777767,1.132094842968979,-0.019661901441831775,1.8356378491552165,1.0,2.098840199830176,1.3874743233650677
71,0.9095092829763449,1.2343037832373445,1.9448966458263488,-1.945841392763009,-1.503045988316841,0.0,8.650425853223817,2.0770866933820358
71,-0.23781703915210894,1.5378932482734664,1.6343279570458324,-1.0257761603455304,0.8910499184722643,1.0,6.798646224092555,1.9706128428833918
71,-0.29888339398642516,0.958613648104397,0.8489368903450081,-0.9933609996779258,1.4072092685449324,1.0,3.0701864727783095,2.3355254722275416
71,1.241729613104096,1.546670995414344,0.6967723067814895,1.1847308679329003,0.13505371879384315,0.0,6.613445804310495,6.089943464422087
71,0.6921173493180255,0.826520775356618,0.421366034182563,0.502705723379285,2.1296273397469916,1.0,6.985320179968723,4.770749053021815
71,-0.6125149888162891,0.6883620133948832,-1.1314046186449103,-1.822776957781337,-0.19425337968685819,0.0,0.8572274335018701,-0.5325369834693039
71,-0.6561488804190405,1.3230156985002322,0.2718372456258917,2.595084673489662,-1.8604678660906937,1.0,8.83738898262015,1.931844385091388
71,0.7421939770237338,-0.386411847137615,1.276189497415333,0.193371435841723,-0.37228389436432796,1.0,3.351865537819509,1.7301006799629348
71,0.2674879225836943,0.2866922350095439,0.784385977343117,0.7888861037321082,1.6457075976843933,0.0,1.7545787263733956,3.671088771004479
71,0.7790173517197657,-0.11836145308766644,0.017828031018719992,0.9308554469487985,0.36499690802587853,1.0,6.315895204397867,2.8948036014468705
71,-1.2638387898012562,-0.3486751910525411,-0.6305851267978442,-2.17405829765586,-0.6075849326101106,1.0,-1.2044542003034757,-0.26401929184264583
71,0.00029626519243514116,0.08388589071109459,-1.136571879679169,-0.3979978421632795,-0.1739718966057181,0.0,-3.008391878824823,0.6085520702219871
71,1.2880094614233872,1.6254684946176206,2.5649710445183436,1.5408415171275271,1.5062915682518543,1.0,17.16827533953193,6.518100531281778
71,1.186409569476265,1.751449593238421,1.8980649949044317,3.3096398963142444,2.7008223007121885,1.0,29.506016494583168,8.17967186791902
71,0.5771490467460735,-0.14322605270302757,0.004526147181487472,-1.317877253505909,-0.26185625633526866,1.0,3.0977821738881923,1.3466847929182548
71,1.212397583919022,-0.23660927206850635,0.7291168451959604,1.9596906809585661,0.6284137053693566,1.0,10.207864227345246,3.6054033226846443
71,0.6651723710470517,1.3971264127210499,0.5458490947062734,-0.006186794027084885,1.2310001626451847,1.0,9.132447723659254,4.700497308668455
71,1.4544090234224036,1.4045044368978328,0.13531044247176366,1.6065967118288762,2.3237461713465866,1.0,14.725428957096597,7.495866820352313
71,0.8354261808359704,-0.04894813393588138,1.5314177208709552,1.1641995444581072,-0.07512517785560135,0.0,4.022807196317476,2.7019609440726375
71,-0.11494142219790315,-1.1132932181062196,-0.3226954379508924,-1.7022089790317976,-0.15727239131185056,1.0,1.2571885981210826,0.37114185769801433
71,1.0746524549879595,0.7984432086159057,-0.08776238911332235,-0.5347498958200836,2.211428009189152,1.0,7.761767594967673,4.585206000983621
71,0.33876956165798044,-0.08632186187116286,0.19072358515548182,0.7104784107938436,-0.4892582236556027,0.0,0.6924140690304348,2.2848198392923282
71,-0.33950016860872934,0.2954441041306378,-0.8287317502422733,0.587421313852949,-0.23007724895900739,0.0,0.706672066643567,1.3177859002685919
71,1.3148107960666384,1.3917412741510007,2.5732208340857188,-0.21872152061823513,0.003314338203180889,0.0,6.4591708477792125,4.519280836306226
71,0.6210864015570452,-1.109422611605094,-1.0341518762888386,-0.38481073467042826,-0.706016638118804,0.0,-0.40289371725767065,-0.48445000859739684
71,0.6709322184866817,-1.2193014407103249,0.009334778306558045,-0.06142346498793816,-0.5633154468961019,1.0,0.030362796607624087,0.6000011327530117
71,2.7098160282321357,0.17794198592210408,0.433601986404818,0.36093169168454076,0.06341229993532876,1.0,8.83324418273235,4.26250033500202
71,2.2191179040448397,-0.03891416138973125,0.5990952273070659,1.4756701212684793,-0.1329465196082079,1.0,8.088750097149166,3.8005023236660884
71,0.8353277053913939,-0.17530203602727956,0.25886286168155304,1.1272573318343384,1.4225285499230687,1.0,9.049653533742797,3.554584248302998
71,0.8745799608178393,0.296214700611975,-0.6038478276480197,-0.33691658502259725,0.20306476357945924,0.0,2.4127603072323236,2.298767810914559
71,0.16425587209508807,0.24609583937191343,-1.3888639729253625,0.21946425759222493,-0.37463040493828614,0.0,-2.0016360955436596,0.6545138544749125
71,-0.716029278876221,0.4400507231180915,-0.5063768856485238,0.185228942284544,1.6408002343797252,0.0,-0.029644330561064858,2.081255163217135
71,1.2205863923953109,-0.31031264033002237,1.0091602579224848,0.27852343344836994,0.21134441323670072,0.0,1.130036233626707,2.358459196259382
71,0.7135782319115864,1.0983617464869284,1.7803650925128538,1.9022351455830986,1.3348036213388554,1.0,15.14053545107583,4.990400831957196
71,-0.5050135014128414,-0.6522829370939462,-0.935606352330608,-0.11703083342045273,0.7612103276184488,1.0,0.9322854295902542,1.1983804883691342
71,0.2255601395691868,1.063022081222514,-0.9809923068892432,-0.14271699629098855,-0.04689532312559885,0.0,-0.4760100878074121,1.8549623706453404
71,1.0456982008359987,-0.04542900951722517,1.2780635977830817,-0.1831459104098484,0.014964809788405142,0.0,0.6647995594317027,2.296140585689429
71,0.1260392259629376,-0.7134832741102066,1.1313051141470818,0.6133030547392317,-0.44329762068499123,0.0,0.38801272578839957,1.692485454173102
71,-0.311181127752744,-0.18494422583007952,0.3252267824083577,0.1687054704985339,-0.18122341555431676,1.0,1.4510565408725986,1.9134211830810461
71,0.3916138623390661,-0.47544236234651005,1.401639389227135,0.14044485890020275,0.3212056161591368,1.0,2.8886455241671127,1.871892241852511
71,1.2869361549422336,1.2626519076046905,1.4527956917221216,1.140953975218923,-0.7289249276781011,1.0,10.496538781138765,4.949885774481315
72,0.514992268667733,0.1319379216759648,1.573730664982225,3.571868551399322,1.7361323538278373,1.0,23.189295536606405,4.829343555907363
72,2.6385298404580424,1.3156433782924366,0.9810725968819658,-0.9730617953754215,1.650409939869433,1.0,10.551237864225993,7.833792730718619
72,-0.4113166018399981,-0.1847275029237111,0.37444545515309113,0.5035933125826099,1.9525398821204412,1.0,5.201515144064311,3.1239593546858164
72,1.0969601788035113,0.7007052646908293,0.6354419526818686,0.916145253287553,2.599340900341972,0.0,4.399316199880479,5.547752008811209
72,0.9193439129087642,0.6346634188697565,2.3290313004951293,0.8829896305253988,1.0789570164464344,1.0,11.412244519794516,3.8183255724580314
72,-0.15212017468665562,-0.3947153119554435,-0.9767446798845285,0.5244180653857351,-0.009184432321617253,0.0,1.4619954666867283,1.1155940208504607
72,1.0600007384565373,1.5649905351742432,-0.6248909619228609,-0.029130844578911574,0.07588469652858743,0.0,3.565300539071097,4.493345117356767
72,0.6151049034717708,1.1618356228932618,2.341590478272062,0.5005961569502662,0.3571958290448539,0.0,5.92456508494432,3.5061071351178392
72,0.140126925741889,-0.18987604199587704,-0.9395093790611466,0.8677689374672315,1.5214214698269548,1.0,5.341571781031319,2.263543368897595
72,0.9433004549333805,-0.005641514874992759,0.6325834173990662,1.3015378370903634,0.4114067010124381,0.0,4.975252073262942,3.442774611014278
72,1.4030614049262633,0.8189629855028155,-0.15199608638906603,0.8872467130687725,-0.5610358963741982,0.0,3.7891918783005076,4.335645734291625
72,0.6082323121876015,1.1374962468394405,-0.3847525372373425,0.3549260239360314,3.051078860835565,1.0,6.112243368862433,5.0022437667967194
72,2.1891715502847875,2.090263063493942,0.13068634432388648,3.0358034586792604,1.6721724759959904,0.0,14.589046976951034,11.126465564118007
72,-0.5518801233346597,-0.18196898773090797,1.9522913533983832,-0.2541354294396504,0.10369946823778087,0.0,-1.0288979031451122,1.2621197752487343
72,-2.2402428466969306,-1.1898757004663574,0.13649867904609003,-0.6217216627934881,-1.4322599573359,1.0,-2.654811561778787,1.9825082931048548
72,-0.5124782783773651,0.42710625946171543,1.349729885342996,0.8818107497432676,0.8713090366608431,1.0,5.175372071870705,2.509126382162984
72,-0.4351069831402966,0.5619093620470912,0.28288479232078984,-0.7311113330865895,2.0694272880475997,1.0,4.496482324283231,2.5897650875776925
72,0.19996865715250517,0.5669738609316141,-0.8294584149345796,-0.3856122382792715,1.1131546305575328,1.0,4.14543914008614,2.1211655630112136
72,-1.4059956673084382,0.17812545871523255,-0.743616351283344,1.4359056895305375,-0.5397630106910818,0.0,0.19369569656975497,0.9479097095411764
72,1.2557745752929375,-0.6424998422453392,0.8925901068471775,1.3212409079295777,1.1393706644875885,1.0,6.382374023437431,2.803800458352235
72,-0.06971748559678148,1.082641053024484,0.09233594613301271,0.4193371136342097,0.05052762349356871,1.0,4.853155105700029,2.7078231777983364
72,-0.6015180980612125,-0.7816295053254119,0.3556476332588158,-1.0086716475641562,-0.593618371725072,0.0,-1.1921072928458258,1.092690479839483
72,-0.1999737455508992,1.7505224649118531,0.024424238226953998,-0.8138368585535636,0.6184062721648378,0.0,1.4149876037755296,2.3394143947410653
72,-0.1940150567825747,-0.20447181465579378,2.2695426148884428,-0.32404062328804406,1.0369093719696398,1.0,1.7286535016142934,1.6883745673531187
72,-0.145826788892086,-0.7749250089403976,-0.8721616134013306,0.11145672129140272,0.870382884291999,1.0,1.2572329360399788,1.3506407812152945
72,0.05408193391920124,-0.11177391619325061,1.2553241591172664,0.8543993756702224,0.07531885926344334,0.0,4.0057517261091995,2.36789562833244
72,1.1806352720525548,0.687560820923936,1.1584956667809907,0.5061718960767041,0.07461372774890351,1.0,8.742483882538341,4.016215503057387
72,0.6187559577056737,1.3826698237554629,0.6596822105053248,0.49864189712800777,-0.10203335722501383,1.0,7.685706695488678,4.174580490621203
72,1.673463320837971,0.039158382430217575,1.3373409847468072,0.9533197250905014,-0.1391710143359126,1.0,5.45580350357826,3.228926322406282
72,-0.24335771456334998,1.1529367055278206,-1.1653361315886426,2.391434769264113,1.1155438133736701,0.0,4.6959030088136355,2.739476364463868
72,-0.670124720074271,1.3293973985893612,0.48528522441672894,-1.3464124125399235,0.7812795310209124,0.0,1.2037217758012964,1.2833923902267115
72,0.17370011051087003,1.5509097429709804,2.1351136005631957,1.3149559916441775,1.1034472462301859,0.0,9.451283261354378,3.87361747122537
72,0.3422850949678419,0.681620734180721,-0.9510334229554884,-0.40144989755498584,0.6644554820624593,1.0,1.3622370805611466,1.9820897898318957
72,1.471123975883238,1.5685105741901562,0.5116673519991369,0.428873166088471,0.9011565265442266,1.0,10.466483531798204,6.62006864104257
72,-0.7678737722326319,0.6485620406132416,-1.1855538069265,0.7435750647284564,0.33811531804211403,1.0,0.568928373410429,0.7661825341945553
72,-0.5496611584127895,0.031979477114295995,0.6922945844648787,-3.4130856998172705,1.061541946154358,0.0,9.46164428253963,0.6637400959151184
72,-0.051753786682975034,1.3572551638218426,2.012843321081672,0.9962368973663251,1.2606113950393785,0.0,7.728795195508681,3.2895628082145407
72,1.2813362464418696,3.322058218703919,2.522636532768144,1.5833743220521,1.633949494080238,0.0,14.52552364080405,9.613866471815244
72,1.2330383487719656,0.07830139268168995,-1.0102978081788256,-0.0018886948759864186,-0.4584423751497264,0.0,0.7922234878793185,1.548512555906714
72,1.0751792380096434,0.7942830230608913,1.1159904896644444,1.5036159920540766,2.17059089576005,0.0,7.596785555830387,5.623114331357579
72,0.6369168067580323,1.8703057136844994,1.5841579701292672,-0.18467077748172078,2.071655541230604,0.0,7.312879431307309,5.167050524227175
72,0.35521647331970896,0.22749249478151395,-0.20841279107457789,0.6255183867658589,1.4177140384363667,0.0,1.005000120255371,3.2679339348730663
72,1.2101100873924067,-0.6724038559215453,1.3179782731504865,-0.4377689533110516,0.3358111056412212,0.0,1.8823880875816652,1.3133140600757363
72,-0.07860594285760258,0.460569306314907,0.8671803131838819,-0.35371842332002756,2.233887288431845,1.0,3.8397049156140812,3.1754319355252782
72,1.5086543410748467,2.4670537526023897,2.0376338685099844,2.362537225939221,1.776886544023965,0.0,15.466659870263205,9.348249741732738
72,-0.24850154695537774,0.7440652946915327,0.40004452927775347,0.040533992653579876,1.6930799895811934,0.0,-0.0057106797732231485,3.0507534054298837
72,0.8436087096950812,1.2023958472632703,0.44837938482694845,1.233728532106511,0.8519859313019464,0.0,4.900877675043219,5.205551643173852
72,-1.0381211512643296,-2.272593813494432,0.20955715363992722,-0.2841480881234938,0.6298869060774304,0.0,-1.2909462441105244,2.9596413439653455
72,1.0333032195251763,0.2507942561899079,-0.6954480932529001,0.23752368400593254,0.8411469408202423,0.0,2.199080585035365,2.860573188302781
72,1.2654327505995018,1.2119496661863947,1.1370710953466985,-1.0822961439864662,-0.23165094838009992,1.0,9.598304557560812,4.104148019419418
73,-0.6673442663282951,-0.6617286590266624,0.3290873206304742,-0.24572603649418112,0.41973801855224424,1.0,0.6614782200279409,1.9749517119886613
73,-0.7009812384190965,0.3654554825829606,-0.6612654564420786,0.5460558231409735,-1.3266442875795212,1.0,-0.5837021428185729,0.6443484513691345
73,1.2314831215934587,0.6160945177090124,-0.8335554337367448,2.0355636060923357,0.35052873804275114,0.0,5.2447501643508465,4.131015108637461
73,1.7767033661955756,1.8738342191267918,-0.2918190616239865,0.6767846287978515,0.5646149998898177,1.0,10.102148375924468,7.587028766681679
73,0.49899625959042243,-0.08413521416240077,0.7986512874930181,0.8621800889512609,0.6493134762264229,0.0,1.7337192993297479,3.0181933744045724
73,-1.0114362822823793,-1.6956377332200958,-0.10435732901337291,-0.41248865727542916,0.5347976600647188,1.0,0.9399826663149098,2.365028068017399
73,2.1696636235009965,1.4104133420158358,1.5409876251727062,1.7389112684526193,4.311925035399602,0.0,10.090709392718765,9.67587725689793
73,-0.04056273914450448,0.9068062960799255,2.33917703096497,1.241796454825552,0.8944586889175357,0.0,4.147406782169975,2.9390835018719326
73,-0.11525046501729463,-0.1052519123463258,-0.8255404356546661,-1.622699737491021,-0.2901739554745596,1.0,3.355340245496655,0.2108319695882217
73,0.8886990263421092,3.09396168484404,0.3506266525355636,1.409794132990707,1.8407100024204088,0.0,7.214017592747797,8.48065413706534
73,-0.45685583705479504,-0.8596991485300831,-2.018626789824221,-0.5377818135416561,-0.04854772930046858,1.0,-1.1899667856770655,-1.0010080437064661
73,1.2860217428213376,0.6757846709182076,0.8159762033625808,1.5418610412929175,2.4239140977697735,0.0,7.404038805168304,5.926010316934762
73,-2.0256988833196496,-0.9686940962530892,-1.6095145221668505,-0.6568333093562806,0.5467990501943975,1.0,-0.7756239755380511,0.5666031462428822
73,1.336144297105719,1.7971982140293763,1.4311310588725905,1.370096631061192,0.32873688026748893,1.0,16.49560013058949,6.672181334887172
73,-1.4362469309134376,0.15514350546722494,-0.9325134594275792,1.0297105536703568,0.6386912541633577,0.0,-1.617257169455869,1.1003853347118966
73,-0.23696041861293726,-0.5489425715510277,-0.29790901336752607,-0.6322149470751044,-0.041536202325734184,0.0,-0.1763089305851963,1.2072484140877766
73,0.5778009024492514,0.3231866722836939,-0.01853165409967894,0.37545823975634984,-0.018415815405177227,1.0,5.075713001486553,2.806315017209534
73,0.9104864445152435,1.9909498063830833,0.9441045822924063,0.35249727206976356,-0.45116030493476034,1.0,10.26548797654588,5.2726400879962645
73,1.185506772579343,0.4704978071767697,1.2847770057340089,-0.7370219783464107,0.07016795235225598,1.0,7.186476313101293,2.976877625036101
73,-0.40841673444299775,2.1022230514823503,1.0018675496260485,3.2109290688937806,0.6749890744220549,1.0,19.182193429878733,3.9709428069748824
73,2.017143486272781,1.0074660739590247,0.5257852627459247,1.5366718291310426,0.21895503099566882,1.0,11.10344601646688,6.55014456124691
73,0.7793352734410213,-0.23580603392428479,-1.6036469885424856,-1.4469984900161783,0.9626827120970363,1.0,1.6240075845939266,0.011166523086481
73,1.1034810920388574,1.279581153805484,0.9721527263737245,1.7603115811988086,1.3884775692774847,0.0,9.250727318398246,6.227518139738525
73,0.1395964744686431,0.46002838021563025,0.6969270144985302,1.9888002255111148,0.6742052436861915,0.0,6.41756894181116,3.810815253713802
73,-1.140124512971047,-1.2377898300440024,-1.7911784322103226,-0.11992733588437965,-0.35815785257226407,1.0,-1.0807781221449828,-0.13095695754240033
73,-1.5485335971855694,-0.06462461003726705,-0.2758444492497022,-0.4726764825247075,0.4966210117624663,0.0,-1.4823450238339457,1.129739863128599
73,0.32453176670128847,1.5705911988463788,-0.3398116031882791,0.0725832852512085,0.9259775909672218,0.0,1.3693007301344657,3.729460332518139
73,1.2651326576078166,-0.699131571463744,1.2571576343958935,-0.747745716791689,1.020295080438087,1.0,3.424608578094067,1.4718817172900271
73,0.2723125675889283,0.30456149292070733,1.2834458673332263,0.09437629339566805,1.505025034185383,0.0,1.5837418406005952,3.096208868218491
73,-0.11416734248045612,-0.5820888008564646,-0.08758109962628591,-0.30497615148755497,-0.3198914559339515,0.0,0.5073032293044067,1.3582703326476397
73,0.4149198025225693,0.8635649887681474,-0.7797137188304659,0.3385236586524056,-0.9201794839113469,1.0,1.828960706390575,2.027982682737767
73,1.3652932019441602,1.5126128157185044,1.0474817990094594,0.44160881621314685,-2.347235655429235,1.0,8.50545368951079,4.5747942971793085
73,1.1752505415881225,0.4501455326498388,1.737394920463739,-0.19843475560300805,0.6862356948500387,1.0,6.7657198120750826,3.288500745431528
73,0.761086880642003,1.5138011606317674,-0.21391582275008514,1.9878324534261897,1.3669246684189198,1.0,13.28435834137931,5.837205999842851
73,0.4479434240725516,0.1643723798924609,-0.15633870282817386,1.0721918254381397,1.3496364375694119,0.0,3.7355871429593686,3.500336185184533
73,1.4928605785174391,1.2355945827653052,0.40618542462054713,1.1994074879861079,-0.24352458742758587,1.0,11.047924040613182,5.808466858830842
73,1.7101286074842001,2.9978082421069447,0.6600108235134524,0.3861544728294512,0.5021041357302045,1.0,18.25543756635493,10.044726370783732
73,0.13720870451432055,-0.28406991175493623,-0.43495774441584834,0.852971438625646,0.16484439237330545,1.0,2.2441714675166025,2.0859094235202367
73,1.2999105985978532,2.358616514399078,1.3665056534718945,1.9358802496425498,1.2577870112307874,0.0,11.788037062144259,8.378213253442826
73,1.8992977705496048,1.905001650791345,-0.5761806678937265,0.6621618458913611,3.3410690425278062,0.0,4.855750826232539,9.072389838560312
73,-0.37258976770734575,-0.1620648698525301,-0.9367174870393586,-0.3591425860139271,-0.13461830340694247,1.0,-0.25057487467510586,0.6702528679555045
73,-0.31720976249914823,0.06066536432076136,0.34042328706507985,0.5903603764943663,1.2726550455717718,0.0,1.7294144487353682,2.8968169299708
73,1.5743346011184574,0.05083107802904613,1.7269185248282246,1.0481724461422228,0.09584613260141267,1.0,9.932870518986014,3.1725877698654035
73,0.5057889996368998,0.7226613859766617,-0.6114389712811792,1.6029909105705626,2.0534096011992444,0.0,3.0355508570175394,4.3210429722502415
73,2.309150706653347,2.18462140800691,3.422703096122348,1.9873964150010008,1.7848127976948813,1.0,28.77983150023259,10.928214311031187
73,1.4007090343288504,0.06830194210118395,2.496209249953563,1.7847243993018502,3.3740044587818123,1.0,12.446386084399002,4.85877648304896
73,0.6422692367851698,0.02747488624768346,1.3896997055695741,1.8147834507799898,2.4529701732538314,0.0,7.3715737986444445,4.361353369976162
73,-0.5938000895792255,-1.0720170024019144,-0.22151198003573713,0.2582796046784,-0.9475105829682124,0.0,-1.5082690927458404,1.3238501420350062
73,1.3215876564072395,0.28866577441977237,1.5094181087063994,0.2215053962380546,0.5412840591526402,1.0,5.169741985145617,3.3840673088961
73,0.6274789826627482,0.22933167585516878,-0.368597724489665,-0.21128238709256708,-0.5756876340618837,1.0,2.358317697578933,1.9273557763459057
74,-0.8628702204708949,0.822780722969401,1.755418720431101,0.6975022740648553,2.6038070985444186,0.0,2.733489250933957,2.614790956502365
74,-1.3281698010044736,1.1319049745075596,0.19582523473841568,0.1003537405799993,0.33004578673188606,0.0,0.4164355146432991,0.6925053956681656
74,-0.36101148223505153,-0.6456953773977605,0.4834566203791784,0.1453844082242653,1.0577348726196893,0.0,1.209246721510651,2.4584313977089556
74,1.9504624563197832,0.2753379119742435,1.1659138481938085,2.3153035891301794,0.30230340097236874,1.0,14.253476464208944,4.935607606853054
74,0.4226544133215635,0.2804137033754993,-0.4516921311580213,-0.23362870546186087,-0.9508801105045086,1.0,1.3499139243255878,1.5516614689164945
74,0.7664226706638071,0.33915439406122044,0.8808893420482682,0.19541062543994864,-0.11333345183150212,0.0,2.1078652652584395,2.9306728484796034
74,1.2085591242943496,0.8046481502315439,0.24798063610493515,1.9321547539419421,0.28032027086376776,0.0,7.8715991943137205,5.178706375991425
74,1.4113925638324196,1.9394482751533775,0.9477668406337175,2.104602083731085,2.888335151446908,1.0,20.852956216880184,8.966593454868722
74,0.5456731543842193,0.7754473423192829,0.4806104604090451,-0.39803255194703613,-0.3106899485333352,1.0,3.4678604993852256,2.8563578852761076
74,0.5896786077551371,0.6522444422033942,-0.7698454972546154,1.003809612535759,0.25727845524124415,0.0,1.3645288077045628,2.969215620682367
74,2.2732622033506367,1.347019886289531,1.710995659806816,1.315757948471797,0.7856105278235893,0.0,7.696970063759304,7.638712012927222
74,-0.363923317459409,1.9074316132313676,-0.6929843130869102,-0.21650132080078144,0.0063763535041163055,1.0,0.8042239135004943,1.3953836243496887
74,0.441567529884953,0.4377699265494727,0.19907594937539014,-0.6411537308860498,0.5678578558599392,1.0,3.1201254489557164,2.6761134904260713
74,0.10302497444598996,0.6917297364062411,1.4091906452755212,1.6614624399895577,0.5565837476331331,1.0,10.516427179979067,3.4431643834513364
74,0.8864609027987443,0.6285972800964374,1.3326405646378348,-0.09490307623041738,-0.09394823362579152,1.0,5.837955961281852,3.1225614762020895
74,-0.11702470306871249,0.050688541894961914,-1.6350943497204868,-0.6500811041099575,-0.6776135314428948,0.0,0.2651851117592301,-0.5847481130064134
74,-0.51414552702221,-0.06441567625649747,1.0577984697840308,0.4076710444192273,-0.013033370716634685,0.0,1.1509702721386843,1.9608479144676432
74,1.2936292370577953,1.4927874965550079,2.062953150063283,1.715963138248701,1.387591916648406,1.0,20.293678153286407,6.435048191457558
74,0.863544760884297,1.2948820640583216,1.708112860454904,0.5438446190807739,1.4883026878424492,1.0,11.563379456706228,4.930646714426909
74,1.5898838874489136,0.35191538065390404,1.1624954760415684,2.259549418861063,0.5346539058915215,0.0,9.179585595100301,4.9058040560606635
74,-1.1033038150348968,0.8499177786993657,-0.41861561873094244,-0.8651740618129127,0.42167369209414585,0.0,-0.12120969289048189,0.41818402099527363
74,1.4517310250755444,1.7807562984711334,-0.40650714945033384,0.22084898134015113,0.4173453513077789,1.0,8.057999538977656,6.235773928323743
74,0.05748623891101756,0.7382178095928033,0.5465694875478079,-1.3817571852932413,0.6860854237506182,0.0,3.132889642804078,2.2200508397885583
74,0.6410136891493785,1.497075384651241,2.1330359321673384,1.6568139303351794,2.6481162682489194,0.0,8.927838628580789,5.714591036262846
74,-1.1589584856474606,1.3637558261793727,0.8432086311122211,1.0037221706462318,0.7835876637809319,1.0,2.6620939844624707,1.5021916249260956
74,1.3540862922356158,1.2935968593579816,0.13871805243090368,0.9109018216266318,0.6124586818996999,0.0,2.211931240675802,5.896916698176137
74,1.8170309171703212,-0.1016982635428455,0.7210151268202153,1.0781861285394456,-0.06454676476283405,1.0,5.808758828858187,3.2913406658614885
74,1.3247876676237875,-0.520730832243812,1.9405948989945039,0.46188960561099646,0.02517109524026423,1.0,2.5818500921640846,1.564570804920976
74,1.2232446539520947,1.556429464803176,1.2019214732277699,0.6633445691261636,2.0284854784758775,1.0,12.542761070349943,6.601173040371345
74,-0.07138779141955198,0.6805701456944704,0.6165724776316307,1.5555750838589617,1.5818121405712464,1.0,9.474442582962666,3.948851811653325
74,-0.38325063087086153,0.1121443752546134,-1.033956695124899,-2.4347017780082454,-2.0038149246171884,0.0,3.2247772886378248,-1.4033464760102323
74,1.407172458593618,0.8202413221684807,0.7588904161856025,2.55186288801082,-0.3852483877143239,0.0,7.704918302072452,5.456280327046544
74,0.7287063175177037,2.2079938815840556,1.130736484961382,1.9779133586506297,0.6102553798948807,1.0,16.929412784925436,6.362775408156779
74,0.8515608491827317,0.7362495465372902,-0.6824037108738876,1.0162127155811502,-0.7978425939052398,0.0,1.618880018510783,2.964908729559017
74,0.16250422807857712,1.5413720512200868,0.4782118494464066,0.02126621330387929,1.198612597628669,1.0,6.242324472654345,3.839282180156896
74,0.7111321397564032,0.7700170401877526,0.07889275790492156,-0.08195420444512813,-1.2719667779524058,0.0,-1.2083461876554622,2.6475339233291617
74,-0.2921763449042851,-1.1291616960849538,-0.25979460897279905,-0.29493382536737556,0.7172419001171935,1.0,2.3982132012882635,1.6669448093508739
74,0.12451004015276967,2.2552071443553983,0.5716375189675997,2.9824148323844972,0.06827287454194902,0.0,11.017203388698263,5.122833326374304
74,0.78280160277227,1.855151739328751,0.6574487096795172,0.2530837542008101,-1.5171481135774423,1.0,6.491295359892581,4.259438498963604
74,-0.7521584694001482,-1.2330250472068036,-1.5545846208301537,-0.8072778551195974,-0.842618926837877,0.0,-2.4289329518145615,-0.6511912316092676
74,-0.8524281953460717,0.4530844020487621,-0.3710025300346912,-0.48865534744052186,0.20526006218332432,1.0,1.390471270693275,1.0188716233372919
74,0.5335911011393252,0.022933611379439223,-0.39155241742033486,-0.31896059144240263,-0.47133112540650524,1.0,1.220500311988349,1.623895194534429
74,1.7287116011863661,1.1272099319502533,1.0944020920411663,1.5059194874002026,1.685393233291287,1.0,15.964225844209908,6.978016944357647
74,1.5256300818280486,0.7490904572388912,1.2810848649792281,0.11356259478070962,1.3166969263795298,1.0,10.62300882680753,4.921543121434494
74,-0.6344431532600645,2.182891485275114,1.3148859602237242,1.3929406985771942,0.9413140407206751,0.0,7.1798677259073465,2.46700019092871
74,0.6348924298829126,1.2232817473532909,2.0625394279355342,-0.3496767930817287,-0.608174465918401,0.0,5.82934638145565,2.7859203262648093
74,3.2872984731205657,0.11785875677888435,0.24379891425464584,2.5411158591092704,1.2920634925670205,1.0,16.656488440202274,6.098932615201699
74,-1.1748663892235411,1.0488940595198328,0.7434158228336466,0.1182631907151977,-0.7181692061586606,0.0,0.005059366974845991,0.5126193694563496
74,0.44966831395498386,1.1187727757323254,-0.08998653676595669,0.7334211172394948,0.6986593548932192,0.0,1.4662990327409724,3.9542981232670003
74,0.45781207013146913,1.9733242840816492,-0.5316797172824681,0.8981223770631661,-0.6072960371441152,0.0,0.8300382362456268,3.86050986460167
75,0.14880690754773485,0.32156980872023155,1.4611733733175867,-0.18389404124451791,-0.2712022466660887,1.0,3.626797949812563,1.8954822349861953
75,0.4368261953448316,0.1391157930978253,-0.38705427806377757,-0.41674069860704077,0.803136849450343,0.0,0.6376818456499924,2.2744363279708857
75,-0.7282016029083207,0.2018967585638924,1.0954115968356763,1.849390989441238,1.3741491573065066,1.0,10.035570761442196,3.206982457287351
75,-0.8345149242327492,-0.29863444999861344,0.8372456737982479,0.9580243392475292,0.2810314343234035,0.0,0.9896697572085738,2.39030222349785
75,1.5616786584613402,0.56084049395565,0.7096714642926211,1.4957203957542502,2.8428152027856677,0.0,6.278074146589942,6.219791723564767
75,0.1890525178992657,1.712739645431436,0.04148395545980693,1.0388782335219666,-0.6549862287941308,1.0,5.394311364940587,3.486521468344869
75,1.213786488990019,-0.5747235775494122,1.6102223482905245,0.9781366619116816,-0.6489658579809563,0.0,1.6207949246269349,1.5522205102493785
75,0.025652804847542898,-0.31155615765823585,0.9508050972307011,-1.0397804529144825,-0.13361710736008225,1.0,1.7743435189588324,1.3187878252074663
75,1.0536615550520865,-0.31078782846751996,-0.2714001021890673,0.24556234150226042,-0.6259288448573135,0.0,1.4138605845777528,1.6814848744721655
75,1.3781786069127167,0.17322530933723995,-0.1960294819572016,0.4781357220201034,0.8177753233869236,1.0,6.039580523978531,3.545225825914122
75,1.2558998708207394,0.276321347061839,1.2453870106357738,2.20430728110661,0.3338855986144802,1.0,11.954506102318271,4.324629146052942
75,1.2137803270557732,2.1026306585336965,-0.12389362708703544,-0.8474693226128893,1.8723457950378497,0.0,3.3449237508985283,6.6531636405501775
75,0.6969113389110647,1.5849867569435692,-0.5292282928402836,0.18131038921927511,1.0195198506954362,1.0,6.524776785957087,4.44454220166273
75,2.1629188420110306,0.8139550020238082,1.7561602317934053,0.845433595018537,1.4126318437139507,1.0,13.50368737041058,6.07176415095155
75,2.078465276297165,0.9741382071133677,2.1606756671593286,0.7387600926567542,0.8595809942859958,1.0,14.261412287775036,5.874261798692269
75,0.9251895332797342,0.6947164989415375,0.6761191332948956,-0.29710922512534754,2.4374688291413897,0.0,3.350046601941482,4.640943937167144
75,0.614076391682739,1.083383235735731,0.15419584315885476,2.174705425838214,2.111692343892055,1.0,15.154962007223821,5.722442045479991
75,1.1803001025986508,3.592207584055124,1.1879055663772857,3.0884730616935623,2.3944742262458965,1.0,31.889313592962928,11.335166713348425
75,0.9106772345599811,1.9850045314592555,1.7753679810838667,1.3234396911438395,2.0454224060407915,0.0,9.921221908379145,6.624506594773422
75,0.06567692107780876,-0.3599520266868662,0.009981663040383504,-0.14011733496388645,0.63399303524171,1.0,1.7929503591257898,2.081100771621156
75,-0.16794302566637365,0.6709520077525554,1.1517689883126767,0.7452538780146138,1.4416186074793087,0.0,3.3691434845376143,3.215015651527516
75,-0.3116373515077253,1.0406981288527573,-0.047753429538455294,1.725391366246428,0.7305794881794108,0.0,4.00598966299876,3.2431787141627906
75,0.38366223767639085,0.16694709583032646,0.29896524993657103,1.245354343043256,-0.0065010904981875894,1.0,7.4048006227403524,3.0639069815346227
75,-0.7892335547225053,0.7236262779499937,1.0196244710554514,0.5752533764028032,1.3618649300736738,0.0,1.8896354926292511,2.3981435163098186
75,3.4010800569869213,2.4350556823522878,1.5834319227598503,1.4518049373838608,0.7383335790523389,1.0,23.321979589360126,14.074037148430634
75,0.2195571160966806,-0.4419807663245874,0.38191122372066105,0.3316755522112547,0.4618598838566519,1.0,3.738033102318596,2.3074255102628936
75,0.8350732171697703,1.821584514065133,1.3506387458961848,-0.8323623906708477,0.6806393977131209,1.0,11.090644378984527,4.667326585761523
75,-0.08907389493662543,0.3804945222809675,1.1150195688136273,-1.5474690938148283,-0.17452858524661774,0.0,3.0194403708547126,1.2484890420297987
75,1.8087916968627595,2.1907172634440486,0.33851920172838756,0.8689843486479244,2.110192301171007,0.0,5.999019460147058,9.564401061057254
75,0.6680654060573624,2.965520131760103,-0.3910451296848264,-1.4100665722308505,1.7707735682049779,0.0,1.205953746376546,5.707296321642943
75,0.47583715002485755,-0.6901547253555431,-2.3049669282245406,-1.3630129315304447,-1.2670282311305474,0.0,1.680743218945188,-2.5730357423905
75,1.8179415685742544,0.8193793874643929,0.3118265805033247,0.16673589340865325,-0.3980216708428491,1.0,8.354032457742766,4.800289495815507
75,-0.11582513283931062,-1.7079703253199612,0.6484779130891556,-0.04222827568504928,1.70466273203194,1.0,1.9844469135197007,2.238388367791522
75,0.37020052984564367,1.118187912988505,2.3787565520278457,2.0548732734990662,2.143324647412074,1.0,14.282756859857628,4.723745968665398
75,-0.08913469077985858,-0.3355511004082854,0.21551768476419636,0.4584623428629785,-1.900082360697096,1.0,1.9621716667922555,1.181380998031765
75,-0.15118231913207747,0.21081321499861527,0.6587623597724702,-0.20865068351734473,-1.0083636908493396,1.0,1.8911002713794673,1.5095686542362658
75,0.6805736219072249,2.2211987953496926,0.7251812906810621,0.9785136619256241,-0.03699508484204539,0.0,5.635287762034959,5.5443046410284635
75,-0.03281595305954432,1.131619954313353,-0.07406665929769463,-1.0533124276045256,0.42826128366094796,0.0,0.9312299280091345,2.159966230413984
75,0.9125655711534725,-0.04017693958920643,0.8017162319288963,1.7258820762024432,-0.18351044905494618,0.0,5.516220359644891,3.267048687963019
75,-0.1551187491635636,0.6006977131847978,0.6220781996245967,-0.7132301232484262,0.47126058492505424,1.0,3.531866455824111,2.132333527711037
75,1.242451462336748,0.26866736994117835,2.1765805977067205,-0.09207411905331242,1.8156797787976864,0.0,3.768848991578158,3.4700517457845614
75,1.098951576048232,0.7392032400789007,1.2357987767971856,-0.12689422206844703,0.8664778470451833,0.0,3.5845310938118287,4.047884030720691
75,-0.6250572291102294,-0.4184508525685552,1.8627128926418455,-0.8467394585982382,1.0853781689865718,0.0,1.1849137522725028,1.5026892548188755
75,-0.18371236763500853,-0.21577930403591306,-0.2792998126089862,0.15897707550071843,-0.3876850906161997,1.0,1.2625228937206037,1.5471402805842425
75,1.7784979393402423,1.1128610150934688,0.46012878421632886,1.5411142254610317,1.1357745803750623,0.0,5.328177157839537,6.889404610944846
75,-0.5490415904009487,1.674903779228953,-0.05652285254443523,0.9585605684769885,2.886281310826163,0.0,2.1929244370352468,3.5359017818916434
75,-1.8580811168533629,-2.3601875597310333,-1.557602991728141,1.1355856528738602,-1.4594920493152663,0.0,2.093434679781444,2.348723856913922
75,-0.3426461479819066,0.19353916818545902,-0.04300254326401687,-0.20763955902638465,0.5687115937742508,1.0,0.910274493260545,2.0172413384927075
75,-0.9053670617718212,-1.424531095522828,0.3154004494048688,-1.1586581954266502,0.05545920464645204,0.0,-0.9028996562091431,1.6815474198822324
75,1.7199544076575626,1.2719739906074516,-0.13630897329677838,-0.027461560225678583,-0.39700833259524726,0.0,1.4258421961968821,5.3940363448659205
76,0.8253541421176107,1.60846865252514,1.4840873326097892,0.5667755471581595,0.9536545913987824,1.0,10.608048848029918,5.133326779887392
76,-0.02155562115649845,-0.17966208461492938,0.24242821301318407,-0.859213847914212,-0.3347636427229965,0.0,-0.5081790596725281,1.398247155333869
76,-0.020463357698006113,2.113402970158954,2.493896064972031,1.6750153917690964,0.2566300126681714,1.0,13.748656603701152,3.4185175413165756
76,-0.5024614531649962,0.3033651626642214,1.5446169947159412,0.6364882120466515,0.7504905873437431,1.0,3.3230460117725844,2.2399967931456906
76,1.350798150190778,-0.12756934069883774,1.469460122191352,0.3164258025435426,0.931346177096152,1.0,6.5024593862323785,2.899072882498421
76,0.007264970575296237,0.94243215468401,0.09520053589390509,1.7715870017597672,0.4600700692810262,1.0,8.020776869580272,3.640595958441606
76,2.1677935443476697,1.644900333449277,1.4053945843203732,1.0651973085064963,1.0943481172573883,0.0,8.446792429854645,8.41926987176317
76,0.7783719626717129,0.002428156602659659,-0.08947344127703138,-1.4210256727137274,0.1604073536225452,1.0,3.4804588772449705,1.7132441097465012
76,2.105921913840822,0.9175566067499362,1.3079832889151088,0.11254781103423983,0.973782225819728,1.0,8.804054242836173,5.9009965112840685
76,0.7993774960723855,0.33532546272875624,0.7005088092214351,0.9213612874045667,-0.36978852096999204,1.0,6.484861552928921,3.225958200388976
76,0.7047974198816883,0.8844312533792037,-1.3865707662071254,0.03303981778497489,0.4308296676696171,0.0,-3.1171551645588305,2.1397938155689533
76,1.4668958910489174,3.2483835385241977,2.335600867739443,1.9111670968539112,1.3949695316594113,0.0,18.385291438162763,10.251152943503861
76,1.7671740194276908,0.09063717127209886,1.524647170491386,-0.015744142969537633,-1.1029234697075765,0.0,1.236359086513055,2.338199805585006
76,-0.36763016481858923,0.5077122332358526,-0.7700435035892155,1.0982167556363223,0.6317559105377732,0.0,1.4552231008937686,2.0812356680663093
76,0.004152229973750476,-0.1636794898583429,1.0863786920082554,0.21380652180552234,1.6757178410580102,0.0,-0.007220524257680161,2.8732013391149196
76,0.9375126448982012,0.5572571303321551,0.8779370271321514,0.278625523890219,0.8867030856827076,1.0,6.879609131736459,3.930193112768316
76,-0.8810828944432461,0.24548056041841476,0.36099560019512633,-1.6759345859718122,1.0104165696226532,0.0,1.240266237639077,1.249194537808381
76,3.053672706147162,0.3768554009547903,2.9241209656804275,1.7611283415323882,2.018985692771275,0.0,10.77539720480919,6.241728523408704
76,0.6739310304762104,0.13775406283379443,1.1948514901729368,-0.9342354743414387,1.255598756364784,1.0,5.088473926938968,2.6239382134157347
76,0.007911404475338779,-0.08505868590495613,0.6180070454747347,0.10663338200056866,-0.4333418283317446,1.0,3.0074260825102535,1.921437541428888
76,1.617368859900586,-0.9229545251499478,0.8866527044482835,0.23897632627515875,0.9555804166142521,0.0,1.085458954801981,1.5270635673977693
76,1.4227919717091955,2.680274328557611,1.5843295688100327,1.7016503939695304,2.1899350737967387,1.0,23.879259401331165,9.589430636151803
76,1.7147980139988221,1.8685683764204766,0.8173447973831385,1.3972630765235188,0.6463456524223565,0.0,8.287770530672894,8.110537439745125
76,1.2889327064869094,3.135212033682244,-0.5395603710998791,0.8933148194889455,0.6521258162800844,0.0,2.650566512124593,8.614024461914394
76,0.3243276089728827,1.0102557969412922,0.7643670550288622,0.8126291117525526,0.3596296560131121,0.0,4.753832316485324,3.6850790121453647
76,-0.45750528922750444,-0.012546217002505244,-0.5159481818101828,-0.4517665681697076,0.12882700423951532,0.0,-0.6316155679106513,1.2210956532187953
76,1.5965918526208955,2.6433793028561428,2.6393857602030275,2.2986858993025954,3.6451024588993306,1.0,29.484403417308254,10.755448110647912
76,0.5432161151296624,0.44450171360703067,-0.6018135426930142,1.6607485033797051,0.2809047655789231,1.0,9.185739030190964,3.229549526536354
76,-0.7698168110451238,-0.30571577930111626,-1.5325312512837352,1.067457752884918,0.2628721762084487,0.0,0.07704072037127768,0.634733928178248
76,0.176287099297382,0.8940402562755243,1.232916745687651,0.10120188850573408,0.7321528053765685,0.0,2.201721982511812,3.057394470132032
76,0.35506413889910404,1.4726672543428476,2.4211496549882288,-0.3888191617734358,0.5194124088360078,0.0,5.180063583796747,2.961114929301749
76,1.0827524596551794,1.7578365825749558,1.6764102013059914,-0.3587187865420439,1.0357452891441197,1.0,10.81425330417239,5.394897113845572
76,1.6670756618518472,1.605075623922272,1.1983196827642448,2.2966897603927032,0.691761866917125,0.0,13.109605473065512,7.769167169524543
76,1.1769170367831308,-0.16851820274668672,1.0112832068138884,0.9102426160665498,0.9255064992261108,1.0,6.028100753419423,3.2601572576440727
76,-0.31511575112630075,1.7375237586847936,0.6225109201879724,-0.10392045135416927,-0.5774082000613625,0.0,2.659280279113075,1.9466909934921395
76,0.29842774091271773,-0.029063134497631316,0.3157634279699485,0.24330287416809038,-0.021813826501676736,1.0,3.5930360570138173,2.3451948747584597
76,-0.27594562816761947,0.6884672389525707,0.3705034011381234,1.1932459009795662,0.23991366780137519,0.0,1.9982451453077843,2.850257955488328
76,1.9536968304915265,0.6731473959348483,3.5041622286316585,2.673242090733109,2.148555106227692,0.0,14.288401389912266,6.856539220033329
76,1.1725922624715923,1.6156650961958816,0.684453104647716,1.9749186439051516,2.607863698155968,1.0,17.669630728957234,7.697027730424825
76,0.34799727345589687,1.1418066641145321,1.5699712726168302,1.8232587754717546,3.4481280360864517,1.0,13.608589734178128,5.563751670882825
76,-1.0887399939328277,0.2846551250109416,-0.2569972441284466,0.8779538472280941,-0.763489193021955,0.0,-1.4381162674678223,1.1839334218666209
76,1.1424000300821986,0.8255303146826014,0.6291971079500378,0.9378328301910128,0.9220152934898963,1.0,10.288110096804362,4.9800739119871515
76,0.9546251105128329,0.3976291034047386,-0.39987950867677824,0.6103093467490474,1.232423710782303,1.0,6.832635596171365,3.6982485170150072
76,1.6461066063382657,1.4541728575076722,0.34104797366368644,0.9188158375226512,0.9784336093704434,1.0,10.733469589109532,7.005416651915564
76,0.25244588576146954,0.20026318479797672,0.7516968730432422,-0.4594417537120592,0.6197865389666167,0.0,1.2303929282922996,2.4634621430879347
76,0.12123301108169815,-0.774884289473764,-0.35437117549499497,-0.6366155501538222,-0.3728697650849976,0.0,0.8650324409516132,0.8351694365463594
76,0.17547811880312086,-0.20181097459925001,-0.018477214156219945,1.0705315470213619,-0.24876856675475367,0.0,1.5017053655610968,2.3528923461157127
76,0.22893145482505134,1.163407841682964,-0.29588466515957157,1.848482560793905,1.2107759100586755,1.0,7.688248576383555,4.300741761378351
76,0.41449397988076353,1.301721540004342,0.5558795399622335,-0.14472551571665204,0.43049000962526324,1.0,6.74959021119195,3.6679221625926672
76,1.0662029480161066,1.451139121581663,0.6246793457289463,3.0566226481365817,0.2811100577593733,0.0,14.121879276344357,6.598236561773488
77,0.3135954117027102,0.3678313175413894,2.389365725097622,1.8518130282589675,0.8599735723826566,0.0,6.980855426739593,3.276470645899625
77,0.3072019511293075,-0.28936638291784833,0.8275676934861211,0.6066825087383015,1.1639238094603075,0.0,2.0181592978784755,2.895779509786422
77,0.7180881424876925,-1.2125368299449988,-0.3361624497614851,-0.3936205359330276,0.6413878252969027,0.0,0.4764459147410138,0.781897250149263
77,0.4916783576965837,0.8727510688752949,-0.15626099531910453,0.3488230338890226,1.69714041307849,1.0,7.521187129186203,4.043994824052943
77,-1.1430686753845185,0.4760949034145094,-0.5660919222906382,2.266223984892467,-0.1932535240337313,1.0,5.849101626420866,1.7197466772719343
77,0.7586424956612059,0.5909606137696559,0.9829823785364948,0.2600002748384216,1.1338626596903651,1.0,5.652679333593808,3.866095261781926
77,-1.2206141167010165,-0.6987626425777806,0.44172830028528615,-1.5151456465280413,-0.8861963317936397,0.0,-1.4214622724495642,0.8174384881274395
77,0.3628914828416451,1.6031941746306855,-0.21864730242396024,-1.2611044505124158,0.16999960398996933,1.0,6.336368517321377,2.8861440206566025
77,-0.17558550228072545,1.846943330833233,2.097199219919104,1.2682068537356925,1.2655450131100596,1.0,11.55210996092584,3.324431517167641
77,0.5121750564279007,-0.3678609355781468,0.36207061678160113,1.3445556084397057,0.7878887280317481,1.0,6.418038093730601,3.0661707345675597
77,-1.638389765654924,0.6577799188336326,-0.07590383990732796,0.03540165970077369,-0.36431083753551985,1.0,-0.253461724013321,0.22670936699472122
77,0.4291825989088293,1.384621508697843,0.8432169295275951,-1.7543216708528653,0.3730668943157701,0.0,5.635384945858859,2.897202499777576
77,1.818658843797637,2.4739565651735607,1.386275552280218,0.4513992938860306,1.1824497423323086,1.0,16.93887772433997,9.339128449481011
77,0.47741759453141536,-1.5105236984339014,0.48398335825703254,-1.074384080330883,-0.24419878956612606,0.0,0.9517705162389862,0.2301450603633044
77,0.3050511483997018,0.4292309773916833,1.2311985960139413,1.547004293025102,3.9117659046266318,1.0,11.655455063149407,5.176170686296052
77,0.24794498047080454,0.6110526182572888,0.037304870260278455,0.8408276625961475,0.706784906431785,0.0,2.7355176946492232,3.3727692025280716
77,0.9975382933928068,-0.03958644359255825,-0.2472847158327901,0.6096816815518005,-0.15803089870157416,1.0,3.2851193384019206,2.5112505861835683
77,0.45750781425979886,-0.14435198808007776,0.8675431514103802,2.0097227001616997,2.330729708227797,0.0,4.81870599650733,4.341235970141633
77,-0.25433414968065804,0.11281244331095447,-0.5128242335366981,-0.8124050581573525,0.9885500019988034,0.0,0.6128869982798806,1.6035697474191983
77,2.275927685131431,1.849219418904057,0.7149363567064508,1.5919777476618457,1.4879435827826535,0.0,9.179813955244427,9.923827032293609
77,-1.3562968851873787,-1.0550062974080359,-0.7282136041754574,-0.758172200620195,0.32926400575539577,0.0,-1.286961882754011,1.3930537700487953
77,0.8199862089295662,-0.15475700861685981,-0.36870590585134433,-0.01014788271969902,1.1166309455672871,1.0,1.730791124960127,2.50739909506873
77,0.6446247090480779,1.4434281900900987,1.175418373971925,1.3449481964683336,-0.7139524454444266,0.0,6.516675789806287,4.262859999608057
77,0.4094346131247277,-1.930438757643631,-0.9482595956084432,0.7231422433296899,-0.9134425265696269,0.0,1.1758778743619147,-0.5370725778755249
77,-0.05423641685874869,1.4214677349736367,-0.650151136154165,-0.903421322339012,-0.2645411205727649,1.0,2.347706531613323,1.4934558768105421
77,0.9069794587746822,0.7248356822679579,1.0862585750726685,0.23648643244475204,1.1518665525652785,1.0,7.07236199782535,4.176423795550084
77,-0.047173980117744096,1.0266996718063572,1.0025672938056973,0.2065457433192296,1.6862795284670693,0.0,3.111040980505685,3.4271658431652856
77,-0.021239297421131398,-1.0152789350533342,1.1402423821309742,-0.29150874363222734,0.46692389992895866,0.0,-0.7419466265921906,1.5785077194144288
77,0.09604381794445732,-0.7831735723452253,-0.7475217112496753,-1.0969187127850628,-0.38001621655803286,0.0,0.8292449790756486,0.20236374033299742
77,0.09336277629417333,0.2804496669270564,-0.2232163869402103,-0.040441122257498296,-0.6447448048589446,1.0,1.449170995646523,1.7340791158326307
77,-0.25126631765114504,0.8902792241282935,2.038587362975829,0.3741484320580633,0.37737748649732006,0.0,3.9206255033410797,2.039950171719929
77,0.5662535311785225,0.7631126163911826,-1.1198221208883388,-0.5315408774323833,-0.5758402269996996,1.0,0.3708773286724274,1.4190392232932487
77,0.7410149314764474,1.4148631301283685,-0.03798567698173638,1.2318829656861314,0.16909397452251396,0.0,4.746221138386603,4.8071479987541865
77,1.2921670330887371,2.549463067852161,0.569310881353221,0.9388133387179904,1.0523196999517068,0.0,6.840318413657494,8.337641784574906
77,0.22563344955165948,-1.0417176946165825,0.7302344404506689,2.215191593598345,0.07154839933076412,0.0,4.701928225190872,2.610416777912362
77,0.4360498674355449,0.668981809194866,1.2847667532862346,-0.027792577580009636,0.018557590207887997,1.0,5.1462822737279925,2.764136494807592
77,-0.08480365858128491,-0.7492081349697894,1.4460274474691102,1.8643932977283657,2.8708139088464995,1.0,8.57906454816205,3.861592433794355
77,-0.6271274920492893,1.2506004659581542,-0.1359513452763048,-0.06873939776441607,0.671637325809781,1.0,1.6431321927941924,1.7516966855227287
77,-0.5482017037841567,1.7027352947277645,-0.14739371601902873,1.2381377969818466,-0.5394983393183235,0.0,1.6944752386222672,1.908604474118038
77,-0.030374201331730744,1.1631276119621219,0.22314588997082757,0.10068881622934683,-1.245546037979175,0.0,1.302768936523379,2.045398062204928
77,0.7443036321416883,1.0257292469478974,0.655394220066889,1.771895445390858,0.4127647883038016,1.0,11.842410658477846,4.8613053942094995
77,0.35388940545228464,0.2608456881330744,0.5004287352146524,0.9159264527105897,0.8384763677848723,0.0,3.3217890772413785,3.40447078476548
77,-1.3400181383243728,-0.3979963736476154,-0.4081417040714297,-0.3715385591521161,-2.164845301015441,0.0,-1.882947036563557,0.10991229452161155
77,0.8147323950982844,-0.21959563584029917,0.7951965790252467,1.9887294043726735,-0.37102370316164357,1.0,9.197266344138939,3.0252522633054983
77,0.5490363267792939,-0.8971558934037329,-1.624401204891027,-0.08820204892524708,-0.44947258342523977,1.0,-1.4086197122837092,-0.8012480878627967
77,0.869667021328671,0.5528516629995258,1.3681599390823291,-0.1572098053555664,0.7659052035649275,0.0,1.8743127941766193,3.3817363426633666
77,0.2570190939873609,0.5598496114954684,0.6025501613474541,0.09558652447900179,1.0608226792094455,0.0,3.9261444927957516,3.2556990785241755
77,0.9574501795727481,1.514088872352228,-0.31458748518161606,1.2316186908346625,-0.5010836626243518,1.0,7.935107537996679,4.844332062097582
77,-0.27523480967721736,-1.1125393620968698,1.1835119444824105,-0.2194481190325911,0.7220755205962761,0.0,-1.0100755834289965,1.8330674636651696
77,0.9112026565861648,2.2420024222900405,0.7352146588295082,0.6569574685810404,-0.7143029194141959,1.0,10.221288131283869,5.700142495557911
78,-0.6641705903419111,-0.632025148146713,1.181565057783979,0.16071775921863307,-0.44738408436730615,0.0,-1.6448509667728417,1.5986013094300113
78,0.9789052837646219,2.08497413332591,2.1461384746060492,1.5228657623220958,0.4035619021091124,1.0,16.694954583824327,6.065093087033786
78,0.3009933331396234,-0.7464468480610791,0.318128930250564,-0.6777881538773898,0.5065518800226854,1.0,2.9505455528489883,1.5758663780528956
78,-1.694797601121123,1.532305168563999,1.2162644871629809,0.6519972296674081,1.1689037436732774,1.0,2.70630278438568,0.18754074834058088
78,1.0793354783848175,1.0339091929270552,0.07692005353490294,-0.2926259569473262,1.0007763806097447,0.0,3.3436100030377256,4.562135558639904
78,-0.5397940109667654,1.312091767486907,-0.659292361350224,-0.9658624870240902,0.6695469635617028,1.0,0.8656542891630031,0.990511556772708
78,-0.5614592553293565,0.34966979939003573,0.6145343641789284,-0.40845218279919093,-1.2351278523541265,0.0,-0.5896732075088695,1.000299102267746
78,0.2772679319129385,0.9365628319753082,1.6991851418546384,0.8738430265249915,2.5037974639328437,0.0,4.582406015542388,4.2769706521679645
78,1.9051509640672535,0.17544584528383728,0.8100828727189817,0.6141386853043034,1.714606714663525,0.0,4.381241996540608,4.6334017692397005
78,1.047251043639068,0.2970453524266804,0.5180359012915433,0.1798665263892043,-0.3849442407164846,1.0,6.9946141199308975,3.0085017736537325
78,-1.0044045117803657,1.3820856909549417,0.16515820557495198,0.7110423620622327,1.2995853361382559,0.0,1.8714181557652005,1.8749527951802407
78,0.2846980478511355,-1.951746978330719,-1.241962276634558,-1.0988178651903089,-0.6291657670137263,1.0,-0.21160972619062307,-1.5512162038215043
78,1.1932648314355396,2.050393046060062,0.8175495077967243,-1.2898078573629712,1.8472731988772306,0.0,7.208045932417168,6.440009100198294
78,-0.14119146181820696,1.3752929244791194,-0.05090745305273259,-0.5418921356237905,0.26378881466536086,1.0,3.4110051869457116,2.2570702213199634
78,-0.8860493431909955,0.7350379951459856,0.8255742642336574,-1.2879746941291061,1.139341785727719,1.0,1.4261632721886905,1.2898201003148169
78,0.6254617025880129,-0.21123414556554,0.8124283557993162,-0.5802497297700084,-0.5601278286636877,1.0,2.0427625107277407,1.5987578836292482
78,1.998492588211007,0.657473315374671,2.5894746190753986,-0.76384212540785,0.9815511876858571,1.0,10.16085251997049,4.194114799137924
78,-0.004588615795116047,0.16544204400575357,0.6821791140787563,-0.9138151813022548,1.2991743450659425,0.0,0.7063088480521544,2.389637364988186
78,-0.07797782256999664,0.4345563636763119,0.4321425066203378,1.9698428473607001,1.233657025430829,1.0,10.803737176648452,3.8702952169121643
78,-0.6743455688709197,0.5903815714571636,0.25702479395246536,0.5112366807130359,0.3893808723952206,1.0,0.8078994742422558,2.105868545620181
78,-1.1138458238353914,1.9907340228002133,2.228158651430798,1.8287738413103451,-0.3930737754014473,0.0,8.53944432196204,0.44197170197371793
78,0.9185140291787729,0.3012227831737117,0.19375779095638868,1.0612323353152888,1.1114793343690985,0.0,4.196595223694328,4.05106809986067
78,0.058592222855362086,1.947170044029219,0.44409913540851575,1.4326692810347073,-0.23841256590539284,1.0,10.064583553632575,3.839146163214437
78,0.4096842793691492,1.0604242084107072,1.96848378172617,0.35781559536293717,0.5581027450810613,0.0,4.232627424653717,3.224407124753732
78,-2.1736763490072954,-0.9103202902689869,0.023360956745441308,1.0940643771886394,0.23755183044321676,0.0,-0.5812388048925685,3.113959092788817
78,-0.7534578320990764,1.2930632956890304,1.0972494401684445,-0.28941552330438713,1.0562726481877023,0.0,3.393187882579849,1.6836330684272702
78,0.44319142909722076,1.220839908623395,1.1174160257280503,0.13900409413885428,-0.7683550421409426,1.0,7.76608667764973,3.0551208170899686
78,0.8387216433626994,1.7651635002517059,0.5718094380850443,1.0541182698243143,0.6028183342695191,0.0,5.9371429662533295,5.737719591326422
78,0.16450616696786274,0.3715891470039424,0.8970648829561506,-1.3298654476335423,0.1264302524476495,0.0,0.6957288036067941,1.7998976507086715
78,-0.17813500813094107,-0.42486130212415896,-1.5923700032551533,-0.5942383902710573,0.40788565945958194,1.0,0.01129778840821355,-0.1367488536689299
78,1.2591402155065046,0.641935300668882,0.8164824014099402,-1.0516771089986765,0.330325793803244,1.0,8.10999612024714,3.491178712816286
78,0.17760346682851413,-1.0582421800599497,-0.20086165678684897,1.6211929965227592,0.5702503434022879,1.0,6.415110943494702,2.3469190342893977
78,-0.9147509384126022,0.22254319143839763,-0.25600387259949087,0.8894760591649788,0.4514586513241888,1.0,2.2123365308803047,1.9601995381429225
78,0.3364339544216442,1.1083266402053256,1.5777188629948309,0.9549171091553992,-0.23405092868843258,0.0,5.5282189225257925,3.2376290524891775
78,2.095685879114602,1.588883712081488,1.8612872356559835,0.9659095030000775,1.3614109072419422,0.0,8.123121768282648,7.979967176471928
78,0.9001253874445454,-0.7330689247142788,-0.05150902648197808,0.18843179384675957,-1.1754255682681312,0.0,0.011119223924497768,0.9030965844077586
78,0.22614071426419435,0.6545486187553741,0.812242317557424,0.707167038398874,0.6611663371974533,1.0,8.592853927423551,3.366525224323452
78,-0.36438875190315523,0.18027014622906695,-0.1105502207176785,-0.9682357889540927,-0.896527158574552,0.0,-1.2020127366635849,0.8484912446577164
78,2.5425244322559992,1.5187895648496723,0.9763470615351209,0.7647237581237878,1.4831267115494788,0.0,5.044042117745241,9.0643679196126
78,0.9072313131549596,0.9441408788270487,1.663058725215476,0.7436825746439927,1.0657910352193616,1.0,10.130805982247539,4.426374873685174
78,-0.3403174815668928,1.5533683570953525,-0.7629707426286021,0.8862414366178356,2.6157736524405353,1.0,4.291749401142367,3.1701954107436694
78,0.3752732549352719,0.03955698072879288,-1.8825508180778971,0.40537737219589653,0.13378082600277275,1.0,-0.7781266900987469,0.2438344577945024
78,0.8729547495322745,1.511874267061338,0.4235724237875199,0.631027234089949,1.3841557923847558,1.0,10.71305162259591,5.643216479312374
78,-0.3642358184329517,0.04813512703690115,0.9044076445215241,-0.8580857871850394,-0.6088717570883497,1.0,0.6371426624800022,1.1612934818211853
78,-2.06318252991762,0.7411844684128309,-0.32457274751932796,0.3403376067339404,0.47335856952860456,1.0,-1.2609452318155836,0.0021509023308070585
78,0.8263771085964046,0.9806950513686663,-1.7057647447198065,-0.9228354628079545,-0.012906586346435822,0.0,-1.9860900452901475,1.2586476077902955
78,0.7096981130969189,0.1907018366425116,0.4864896027414039,1.975901191788933,-0.23662198196768724,0.0,5.373467144651879,3.5824046173857393
78,2.047323261290022,1.6153262270428697,-0.030114298032736242,1.1435330026876303,0.29530680756096167,1.0,13.476262248786922,7.842329058264338
78,0.5382684028435182,-0.28247678017714606,0.38894931469300864,0.17905797003550605,0.9441408879930637,0.0,4.065127552229566,2.6572295800312897
78,0.7794737823029458,1.0292291979503916,-0.4992800511439973,-0.38936821345882855,-0.08894710200640588,0.0,-1.1003700185208216,3.0957384788966076
79,-0.9677648723489212,0.43015507837947464,1.75079675260988,-0.26818441672182436,-1.2660331151527513,1.0,0.37825112583952264,0.2441657465035828
79,-0.0509024547641469,-0.20384548142463488,0.10656593114012247,1.1037608142377824,0.1843448027010049,1.0,4.0600707405043135,2.574665264030938
79,-1.2922726693391542,-0.4486923949546707,-0.6296834858941909,0.39367928776352806,-0.057430677340958525,1.0,-1.0799569126496071,1.3708468895182437
79,0.4940947688063044,0.46378341661249334,1.3132151993601333,0.9258140266247883,-0.621511835239899,0.0,4.185712751254907,2.7715929759738342
79,2.3594257099300444,0.986369980735124,1.9286462224402234,-0.5998907768636073,-0.3259521455433543,1.0,9.87383593398524,5.151305042682
79,2.1748183345796104,2.265860575925421,2.6577714852581695,2.2275246386827554,2.5307964428808583,0.0,20.126674228332163,10.9709969473193
79,0.6668259250614463,1.6009078797430158,1.4189593237693015,0.22352968711366378,0.10189659626772374,1.0,10.355659324793566,4.224840838593772
79,0.44604729144279714,0.3959331429063877,2.7925653119496094,-0.011901164411820764,1.1840592105409482,0.0,2.682087003002049,2.6402510113394664
79,0.6779992427896132,1.4552627632981348,0.893597981596169,1.2013982953880662,0.0549630789636279,0.0,6.47895633577142,4.75488980134005
79,0.9998596943320639,1.4114864383314425,-0.7568277937727677,-0.048681934558140405,0.027938370394230583,0.0,-0.1423314875642241,3.955193547150948
79,1.0102955205792217,2.157268932219855,1.8170180625134114,0.26889195618318085,0.7893236427965747,1.0,12.793532161456659,5.957136801161456
79,0.4371968882936545,0.038087950236691204,0.19645099759095913,-0.27860508834523623,0.8220907440225571,0.0,0.561583844013021,2.605028161351311
79,0.39984248915198195,0.7275798964253726,1.3448337424867596,0.8943593612022005,1.7859246498442856,1.0,7.310085534506464,4.0912320065352725
79,0.7618468844029512,0.5105668928170901,0.8867115888951632,1.3266113967720585,1.5520788713183338,0.0,3.838810481688161,4.53984556389005
79,0.020846705426976142,1.3305558173250414,1.1082636894915665,-0.44330424215419795,-1.052994058155673,0.0,3.161920436295135,1.9556377178685278
79,1.7925944130991975,0.38657302676031025,1.6276132014917422,0.34886420380974575,0.5562364769633161,1.0,9.061700154033048,3.9921229984246622
79,-0.6488491147404227,0.5410013754118161,0.27529673441875857,2.0421868437631607,1.8750827342583285,1.0,9.682672793173818,3.653675600982028
79,0.09865334414367444,-0.4743476084673469,-0.16960972831565957,-0.30455245971457423,-0.31143419600640454,1.0,0.7308154709372698,1.3582094168880157
79,1.6082360000989773,0.877146207910249,0.3886395866960125,1.6421014606664657,0.9400303538602242,0.0,5.953818097980541,6.06416033072753
79,-0.5830979741218005,1.747781762878286,-0.015207915194380806,-0.6606413874446535,-0.6314436968055055,0.0,-0.9745639526141621,0.9094517514010998
79,1.2245737950055209,0.8987399907006788,0.17626220470981308,-0.10465839290248813,-0.08729463947994054,1.0,7.125393027380921,4.138890914590625
79,0.7696063675785096,-0.09080923012058384,-1.3603443038917207,0.793195006506596,0.1176133752714219,1.0,1.2105928157271983,1.2536452168441685
79,2.5971687585559824,2.36063709478031,1.9204538954356158,-0.4905271819341892,0.9617442961848968,0.0,10.353575835497477,10.463135227680247
79,0.4218002797259016,1.923130441921275,1.133873421904529,2.4160525973620794,-0.266721187410086,1.0,15.448774906596457,5.048398181139344
79,2.0404503137114673,0.7679012867307142,0.11953713231911106,1.3543723609430647,1.6868945448102945,0.0,5.691350509899556,6.54430618107722
79,-0.006749026823146043,0.421422880121538,-0.2891691095994252,0.8829559420743995,0.6301177416266394,0.0,0.6727686687624422,2.7749261590467595
79,0.6936760328037275,0.10797201004723678,2.2863055562631267,1.672438490424738,0.42188855607924364,1.0,8.722458163872894,3.010036070987839
79,0.779675749289451,0.6155168084727486,1.4046704941559813,0.4839894784600052,1.2009264966652373,1.0,9.49393080147035,3.887655811009074
79,1.4575971098164853,1.4725785287421778,0.04478491301634213,1.826767381655459,1.5843312983033617,0.0,7.8065557118847835,7.3384531466272644
79,1.9534081666890792,0.2328161779680265,1.6595377432314193,-1.175444976471599,0.6328993130639227,0.0,3.682041693014429,3.017768247016601
79,-0.5536855732420283,-0.6934822650721004,-0.5160415956803319,-1.6080101365073705,1.377855482449995,1.0,2.4006692567950068,1.2570683095637427
79,-1.8960099865202853,-0.7102840981457668,-1.383106539270847,-0.1361819203938388,-2.406548905234956,0.0,-2.7824783047069443,-0.7327702268502889
79,2.6704149652351266,0.850999988307391,2.3218739083461157,1.808886352560905,1.100748660351396,0.0,10.210173284691964,6.966558223047658
79,0.39308472226014174,-0.825464061295756,1.177372993562356,1.8769423653576447,-0.29312396023664244,1.0,5.250015272129209,2.223281171662343
79,-0.4145577108301929,0.05576106434676048,-1.780068851789561,-0.634624819445754,-0.6812659863152857,0.0,-0.8509062493870923,-0.9582426829094534
79,1.5905312939478928,1.7307883029260087,2.488425997087578,1.1954949851405268,2.1615487807308655,0.0,9.280551626816411,7.542104246080813
79,1.0397937429454727,0.4659257711476957,0.7900295086020307,-0.5773136976570996,-0.1884065519022955,1.0,6.153162831598532,2.9533054418981033
79,-0.9456910601055799,-0.942447301527537,-0.34674502477525926,0.3926189734544402,-0.38946501943478895,1.0,0.2778861954037455,1.7158831299667183
79,-0.061171936695325835,0.5238681113973718,-0.8533882490395144,0.11004375912931702,-0.5790405144313402,0.0,-1.3122704107022702,1.1955433955015036
79,-1.5954059315007965,-1.0245193016421135,-1.0989858960344563,-1.212043080318184,-1.7336571702137373,1.0,-4.695019878505911,-0.24328185412979275
79,0.09655889050641314,-0.36805646861750296,0.6460911933425298,2.7379683275014566,1.2746433070586476,1.0,13.556511443153811,3.9565067682366886
79,2.4833136750345854,1.1502578780870152,0.1348093199536809,1.1884560575567225,-1.0596016051387454,0.0,3.3279559007492865,6.795995758093477
79,-0.6935584619916602,-1.4796066487770696,-1.4006575993696282,-1.8839888725502525,-1.744475577253192,1.0,-0.3152161024276405,-1.40563079321677
79,0.7924994280727742,0.6692742886151821,1.2270595272004385,0.4442030198368287,0.25480629279068734,0.0,3.325976155923982,3.5613284100538607
79,-0.3507984851367669,0.16481592592280042,-0.4132268090075215,1.3098938657350876,1.295462495200215,1.0,6.477231146533169,2.8610861334327042
79,-1.1254246699484454,-0.7516895019534215,0.2740618376827259,1.2520895445786866,1.2889813127099825,0.0,2.3579900837343457,3.2776587003303637
79,0.8563280956353341,0.6490791486168607,0.4964064819685096,-0.5029507613024746,0.24111519110755786,0.0,2.1853236733695045,3.305113505495894
79,0.5917849870682663,-1.5410049975771014,-0.08523456839749821,0.8135456319005656,-0.007940901873505823,1.0,1.3786250393822432,0.9700011857742892
79,-1.2937615132324183,-0.7331301738915121,0.4533673407702074,-0.006084102668386104,0.5483954889658863,0.0,-0.5140701659516835,2.331866446013379
79,0.6456137618266184,-1.0793050768423882,0.9354597126023106,-0.2050452488507768,-1.6681235279485924,1.0,-1.9530193466944996,0.21093407887837234
80,0.20988950184594912,0.4460305363537851,1.7313330534636737,0.03005449608060945,0.45117061356227,0.0,1.342515798940771,2.3680081728844207
80,0.3524090308821287,0.6174378940321523,0.21497441624331148,0.06068282229039246,1.8905916657437167,0.0,0.9546125124710623,3.762620456577452
80,0.4059452698254712,2.7066416501553636,-0.43846590697804166,1.534336518051967,0.7227131137686347,1.0,7.856619039694245,5.4697377264898694
80,1.253179526118086,0.6616429021552449,0.6159410650361032,0.48103867571800635,3.3000476084203516,1.0,10.91101687352495,5.801312357125915
80,-0.37765594955389103,2.0573090330296226,0.38111674513801197,0.6334101355902173,-1.1706378248278722,1.0,2.9748369481937926,1.9130659062473243
80,-1.3777067737866637,1.177749099045522,1.737005706904318,1.1725697647755486,0.8366013886624251,1.0,6.2316874432893385,0.9850715159039518
80,1.5095536873412396,1.1387981886085274,2.0530583893039536,1.2026872028416287,1.7868334425106198,1.0,17.412863147286025,6.100758029708233
80,0.11740547533886919,-0.865858497216816,0.9525902921690232,0.5305172822645211,-0.6095257194876731,0.0,1.104486629702123,1.5404820446665923
80,-1.3717319188309305,0.5820298610976826,-0.3801360186177847,0.5503759037418449,0.28679571728798603,1.0,-1.8824023096320937,0.9638920090554413
80,-0.6046322285497354,-1.303610015767703,-0.8184999088963654,-0.7528047623243581,-0.5443172095166415,0.0,-1.9726562857502414,0.45958979110493603
80,0.036660405376549354,1.4757467896212322,1.2977108719274861,0.9396120188084505,-0.856181030336522,0.0,4.487457313883012,2.7705798371682424
80,0.5546402461383302,1.0174900426049591,0.40831339157917745,0.6469302836320527,0.04235687970556051,1.0,6.891156334127901,3.816998165408183
80,0.741721378923087,1.0287833893420106,2.0523105590213118,0.9301393723387685,-0.2922665043301328,0.0,5.43901012773519,3.530292969884954
80,-0.2588003504645249,-0.018473614036302766,-0.009498640092391097,-1.0321095493806005,0.9929126809211504,1.0,2.25624164520416,1.841751129517987
80,0.3030709094696812,1.420867885777159,1.042916699871846,0.5643496530689658,0.8797021687926805,0.0,2.6274081828260885,4.039780114127746
80,0.4772996337312774,-0.6058931747477305,-0.05272884120252008,-0.7025129399793222,0.555532195662665,1.0,3.5095818456351036,1.5452660030609646
80,-0.48366459160712694,0.4629467660697096,0.5433904712578327,1.1487086017939618,-0.8348828741129186,1.0,2.862465610343622,2.0502988197523986
80,0.7973647667474273,0.002270440139587937,-1.1200536324862105,2.0926079522520773,-0.171848854343022,0.0,5.181906048636227,2.2376148761528207
80,1.0588755492371882,1.1562418657087115,-0.9353302350742783,0.7817347121037941,0.9407110177601143,1.0,6.63452049661936,4.318985382634182
80,2.0236515189791433,1.7086870278241526,2.6294201007002185,0.07547362967626992,0.23961684613457013,0.0,9.030157405406326,6.924529803051886
80,1.6463669970691508,0.6293173626040072,1.121152108280353,1.6780339243247882,0.6511787599559173,0.0,7.1079810461018615,5.333757056772215
80,1.560161799740899,0.9488217579658242,0.338053913828697,0.945036819466065,1.7642167478347264,0.0,2.582246287408281,6.201862855472514
80,-0.33418338689531457,0.9784964698701277,-0.6529239492773253,-0.7033656614117525,-0.09901881207387386,1.0,0.8714495747389656,1.0618159294078267
80,1.20749727924085,0.5177631853552235,-0.49581430636046053,1.3170950193208664,0.36246183823425504,0.0,2.662615516885291,3.9592807423354364
80,-0.3435684761793233,-0.2229149338080606,-0.263380175460197,-0.1811311827903458,-0.5894739438320766,1.0,-1.5713120872271118,1.2418676697268092
80,-0.15843333570906126,-0.5235155058875092,1.2186157795309915,1.9481812950343427,0.3404335278746172,1.0,8.272821217106408,2.8405285255432746
80,1.6978764437687055,0.49521553452227735,1.0330437674614505,0.5824548165012147,0.07069949782474572,1.0,8.752096532211738,4.292666866151001
80,-0.6203023762438724,-0.5435366684426364,0.7733397729875331,0.06169547880578624,0.5911234928095387,0.0,0.04002484862781541,2.183898673422113
80,0.6144859640410456,0.07088839680178638,0.9945753427124738,1.3101706946791172,1.073400986836844,0.0,5.638677589403481,3.6201796428811224
80,0.5829975385682857,0.044375432009351845,0.42950516969817043,0.7188135582557038,0.9869760760642785,0.0,1.8728073155913538,3.316376573620385
80,0.1795241811990757,0.6574244849668067,0.8526263533574576,-0.0841376884407149,1.5736408909495703,0.0,1.9185116085604248,3.365570447526778
80,0.5863929818355803,1.3105045591841313,-0.15725452754453295,-0.15846984779767392,-0.3890240357190051,1.0,4.5646578086297005,3.35220620705317
80,1.8318324978932066,2.1397764094453096,0.5598909673623056,0.4181549950330148,-1.0554763282441508,1.0,11.898663590487825,7.714114258401436
80,1.249070732834443,-1.5714443178174937,-1.1854147290193366,0.8702372112630353,-0.5337203075604442,1.0,1.0233557340436361,-1.172568037199369
80,0.9571590743358804,-0.28527069425975216,0.7543765115482047,1.2753760309959445,-0.558595363255604,0.0,1.334778643066137,2.527172017202225
80,-0.8475303242383314,-1.0457729228202597,0.10467076982546192,-0.7795501172371067,0.002330936737235556,1.0,1.5003792013344888,1.5979254500236115
80,-0.6651492423756196,-0.3893417867109149,0.6850527328224693,-0.5544842166265027,0.4682606243318007,0.0,0.01607056845928556,1.8055251335581752
80,0.5151526029414172,0.26333723187837443,-0.7668551877510821,1.5883013225793754,1.1701644935087705,1.0,5.022548358752573,3.2408054226503777
80,-1.1925463069151179,-0.6310570267307951,-2.7578888525443204,-3.1114053552990266,-0.7512451215970644,1.0,1.9991856698955093,-3.3967910581881853
80,2.4071771044418506,0.9241135301388639,0.9012456520704322,-0.15310226866237908,0.4126572780416917,1.0,9.081803122029974,6.091184313146431
80,-1.3413180414897856,0.005131537729049895,0.3631106954078236,0.09451801072271626,-0.07719554393819617,0.0,-0.43880174329383914,1.4500367846202107
80,-2.3846727383129758,-0.9495451427261565,0.6672027270354944,0.5311967400941758,-1.9200890817566476,1.0,-0.19764936378404074,2.0219563321550713
80,0.5254905642286837,-1.1609934812943037,-0.22555839351179685,1.956076078581718,0.2385678950435,1.0,8.336520354135613,2.031369585931083
80,2.7080843952954896,1.1847366533857908,1.705879019894165,0.5488868373355442,-0.37054329217177717,1.0,11.577323529739518,6.962216399189041
80,1.0893984463845863,1.9484240768822394,0.4284719812773924,2.144144558970277,3.038041857608194,0.0,9.273704703718222,8.356452297488064
80,1.6320727680148313,1.4457191162680942,-1.206630558657407,1.384602898410463,0.8602504214809491,1.0,10.008285194516624,5.773696017172159
80,1.260693309979282,1.587387085756395,0.7988955088470113,0.6540401698763855,0.27418454828553096,1.0,11.050114968110961,5.986307188418454
80,-0.395108206149662,4.093596736579329,1.011005510269292,-0.45362818296304097,2.068352298189882,0.0,5.721138796265307,3.075704369205536
80,0.9637764178036343,0.8819430806596544,-0.651640432253767,2.2377927179035257,0.4877724354959107,1.0,12.753773244483785,4.6049080133464795
80,1.5496635452462355,2.4512523006619036,1.7633684896173933,1.90379134293754,1.7865142053768064,1.0,21.089362305630914,9.334527130227176
81,0.8300730358069117,2.1502056350523806,-0.03269580593923427,1.624501090120561,0.9362606015078654,0.0,5.458753862241727,6.538465537123038
81,1.3429611647238668,0.9682281228034524,0.08790182370150407,-0.17525613350039737,1.1953577307958212,1.0,7.2076626237655805,5.006028243433594
81,1.3759217704670945,-0.13674073373485696,0.16208628387000645,1.1140629827955086,0.4211532319366295,1.0,7.360657450738742,3.266989967331571
81,1.1309494292524631,0.8331205354184994,1.0555753677511093,1.5199144112945844,1.3807820231931056,1.0,13.531405901342044,5.395115213543728
81,0.6453526154845186,0.11538535944135941,0.5399215680129947,1.6751505371258153,0.5954186463463175,0.0,4.718823665713425,3.717827610142674
81,2.1476103084557603,1.2828108781399377,2.273326704818131,1.0131952055240327,2.551712855695269,1.0,16.882986728029397,7.743154879376284
81,0.07208220132226378,-1.1756673897617476,-0.9000646888502286,-0.6848622647217639,1.070131763682613,1.0,1.7486723781751403,0.7276244118116952
81,0.04328749673727028,0.06973676180003019,-1.2637270060432433,2.272280326069798,0.5943748504529798,1.0,8.59238252355073,2.163261290510013
81,1.1776165080163998,0.18526622507941093,-0.035201761487023364,-0.027031507684391887,0.973308798277704,0.0,-0.023070782262801792,3.354532178104219
81,0.20267643536123336,0.948008641345641,-0.3320064845860402,-0.841248350939864,0.6623543212805365,0.0,0.3672070068655182,2.4574215455999813
81,1.6530018817470344,1.1262531251333106,-0.5245728266976206,-0.793667687014662,0.4063159329042739,0.0,3.099737528508056,4.66090171568497
81,1.3470573729739697,1.7623851212572827,3.5357237257352727,2.6437537088125462,2.2464509875040806,0.0,21.347093467835034,8.218388743323498
81,0.4854824536342182,-0.06962466548519186,1.0042595132379364,0.8421745436575887,-0.2974878373500669,1.0,4.089743061242199,2.485313608854155
81,1.5583069290242595,1.258622705959668,1.4487158640687636,-0.4656613221611736,0.7800372350008093,0.0,4.613867193354749,5.373108637753761
81,1.0941607156826847,-0.0241072126737929,-0.39599721961097156,0.6220094422212157,-0.8971671560854275,1.0,2.9865711207248617,2.095684486913436
81,-0.7045866021877345,1.0171325194087981,1.4202483876469478,0.49127854482402095,-0.8564354125152898,0.0,1.6078973621096266,1.1171406691584747
81,2.23866795134827,1.2437885135030755,1.8198589336510498,2.0257611944573455,0.6369729745881965,1.0,17.23716473705033,7.520458668379623
81,0.7212832577089704,0.4868990294538558,1.0567943062007867,0.4029257366166589,0.4005329006085011,1.0,7.484235915262361,3.377075803127334
81,-0.4706003131106029,-0.1125979347273316,1.9723090416553948,-1.8051132469249898,-0.028812677955458388,0.0,1.3726599838591331,0.43976985893060366
81,0.4425739518045524,1.0760563345886194,-1.2824717396522798,-0.40482390171262017,0.858466550378844,0.0,0.7730979171171581,2.1054814724781123
81,-0.4475435495969039,-0.02900948109962065,-0.5366424715886795,0.8579099098973748,0.4206726894603087,0.0,1.3078498369395921,2.005106624530153
81,2.278138169581018,1.8605150173515528,2.8004312567827583,0.9511416546749716,2.3726337956736847,0.0,9.46880672062338,9.427573504181566
81,-0.3706438893943699,0.514473869203204,1.6179003699044936,1.046512339430921,0.7190610714246816,1.0,6.094604950911505,2.5258786583727906
81,3.0424744334590894,3.0744575439083417,1.656477840316002,2.0330763878675597,3.76492803596505,0.0,17.587692522156765,17.05408887878508
81,0.8086126769519779,1.5677925973310347,0.8856325573226007,1.2296002187526685,0.2091255026908962,0.0,6.1011031177851685,5.250918574788145
81,-0.8554721325224628,0.432897978976139,1.0246455264524723,0.5022653700748966,-1.1564765916897426,0.0,-1.3566450355033606,1.1229997461913839
81,-1.5135923916988596,0.6898321701899675,1.3648869800199728,-0.2682853557029037,-1.7187702732990342,0.0,-0.7839532280023538,-0.5626317780292851
81,-0.9368971505072627,-0.42860348710933327,-0.14171589281154406,-1.7818471674406893,-0.5752517364444847,1.0,1.8540155127653772,0.45937476617612005
81,1.5008763762783404,0.6449783080921603,1.8129443773644685,0.5044120487787341,2.056361555649435,1.0,11.564458896567238,4.98803047939051
81,-1.3234030402707753,-0.23053803318437294,-0.4267597701136673,-0.8584408536113097,-2.3225836893165472,1.0,-5.6405656242590725,-0.3654562263423582
81,1.2707751061964152,1.6237613994408893,1.2272036047483157,1.5986433116383703,0.9662798546177743,1.0,16.244742131572455,6.743639191193408
81,-0.25483726413865615,-2.397169649785407,-2.336332838228929,-0.3714197792477707,-1.4063550725979,1.0,-1.047020085675503,-2.4650930755282183
81,-0.5112985989737753,0.0682727670224183,-1.1579340765014654,0.7983378550965756,-0.1634818176748467,0.0,-0.0793552094669367,0.8832730153045126
81,0.44172819933988106,-0.7642200711477534,0.2069703270222158,1.3622753769911766,0.3298783377834323,1.0,4.290104170212231,2.4293965195209433
81,-0.2904095235959123,-0.5285501626225539,2.390366313103619,0.5970627165381428,0.52564307225983,0.0,-0.7572990525823051,1.7696998110877324
81,0.9399457597531626,-0.6756002418868758,0.6325478373510802,-1.5497084593225101,-0.2158899303728058,0.0,2.666702448704346,0.7371437423840842
81,0.9205016447471082,0.4641393848740764,0.37082158329261194,0.8202093321980323,-1.0515843420672975,0.0,0.9699436938273238,3.1213148024729236
81,1.3239354208567846,0.4929973504398402,0.5902282418458968,2.3729845298542163,0.8238794144094992,1.0,15.9027195971725,5.285522805929727
81,2.807775315912493,0.6085296984604927,1.3374803831990825,0.7367267567428287,1.1058646496054942,1.0,12.106478711983101,6.238007955402476
81,1.2133055181915888,1.0442101804664201,0.5752739125619819,0.35240578140242984,1.2520964848857465,1.0,10.124071926632096,5.324635220626034
81,0.9691496489590644,-0.30319562447138027,0.9948093587360944,1.252115839601016,-0.547564874943393,0.0,3.4661493889226946,2.4334780225888637
81,0.7956121312646189,1.5671611282656306,0.7863937323389156,0.20655882111848267,1.5160937737246436,0.0,4.8595696391072005,5.389164655976746
81,1.4446877827343845,1.4847749373235475,0.03578810902786195,0.9073985761026961,1.3494133145703535,1.0,10.39398326576187,6.755427245914975
81,1.6700983358180506,-0.2625460365612122,-0.015195285222434296,0.9950994780375484,0.7022206033316793,0.0,3.5243283285100366,3.1062454028401842
81,0.3000294005960261,1.8693383065636924,0.6415425234104095,0.9686865451269027,0.3478506895213327,1.0,8.79584986251758,4.425753800294887
81,1.808203233423212,1.4927042739365295,2.1591359795425125,1.2609773662204722,0.7356008260909584,0.0,8.536880598678627,6.872442927685067
81,0.13127703083275116,0.5481344214927228,0.4806713101240504,-0.36552404512310444,1.0040771920861156,0.0,1.9528215823600519,2.8579601399586583
81,-0.1004586434904764,1.2186048587140708,0.578531560429832,0.25847864083540895,0.19099123933118978,0.0,2.2348201213193417,2.787920924674631
81,0.6841394074930363,-0.5983944591926431,-1.3343299368452204,0.5118316025135677,0.9628563568516297,1.0,2.28888103701191,0.9379350745673614
81,0.3732031360123811,1.0932683535299343,-1.1973291050817456,0.7013402595243259,-1.2900410989154862,1.0,-0.6660166316323537,1.6130777880791256
82,1.064768065974295,-0.4014615660137607,0.31404114639724934,0.3600668627427679,1.1719056444483118,0.0,1.192592503361975,2.7782896319939363
82,-3.277471838227815,-0.8466891013318418,-0.10229845808612803,0.26646238487657037,-0.3561536344042212,1.0,1.31393368886995,2.611696436061759
82,0.06691757035816126,0.973712190902801,1.0993275912248954,-0.6481592962119556,0.8044822663679984,0.0,2.382769235864981,2.66749388985104
82,0.40201046428310777,1.3365139484231354,1.9648409530429511,-0.15339575752393153,-1.6732953912648294,1.0,7.206517276839815,2.0917034947696997
82,1.2527018741396123,0.9666099722837498,0.4340071874685416,1.7619178573376018,0.8085235168977123,1.0,10.787046769995307,5.7300423047231615
82,0.6740804727251151,-1.0838521741798663,-0.24396283226830806,1.2247396186419661,0.13359549140528704,0.0,2.1908969915126724,1.5920850769509967
82,-0.5021279993219125,1.045370018726119,0.47096030247352805,0.6192788609967372,0.8399234032239764,0.0,0.2147609332426199,2.602925706343699
82,1.8997009048338547,1.984360427534084,0.8953254969171153,1.6453091366458454,1.656746715756634,1.0,17.795653206816397,9.435677468155406
82,-0.20374120753471736,0.4601226252455385,1.6183996385302335,0.7378082622277643,1.8180149882986245,1.0,5.086971630143599,3.073970879111254
82,1.2599480361406368,0.7754947122149587,-1.1333313990947254,-0.06793098467604086,-0.6882424605265896,0.0,-0.7781585753009528,2.473696479696081
82,0.8812789909103371,0.5744741802464955,0.03880580133792161,0.46735776169268084,0.2564854642957287,1.0,5.2153103724424446,3.6147202744874973
82,0.4878576781150221,-0.023316922670308604,0.2820839542503861,1.124044589851035,-0.4491993686691419,1.0,4.034959379930134,2.6598370650165406
82,-0.28692790489259756,0.31201427860990905,-0.1362514583845582,1.1540858853085452,-0.08447736445691112,0.0,0.7763159764551149,2.3804282359603888
82,0.615929032678665,-0.6397687498383848,0.8887401124476678,-1.0140496915392727,1.3183988330942662,0.0,0.9115502060694952,1.8209631709941203
82,-0.11248282121319797,2.6059911897045342,-1.304210692332918,0.012830226545823276,2.9548428237550293,0.0,-2.5825311759041236,3.04879534434073
82,0.5636688410485937,0.9024523268196594,0.7647090679192987,2.286726877260894,0.5328479000203367,0.0,7.9459141254027035,4.755470571828721
82,1.2213638004459795,0.5957863381969326,-0.229353735372387,0.11321405206345553,0.2716216116752343,1.0,7.655330010029093,3.68780142525332
82,1.2879510732801807,1.0642608549756745,0.8107172639975144,1.4039764058497264,0.7175982056805679,1.0,11.127278446447047,5.70194656282778
82,2.1246440185121607,1.0744160132923144,1.0691018894847142,0.833914718099704,1.1673405445135605,0.0,5.7536165401775285,6.898372006271265
82,0.9776500606183551,0.6716232258216516,2.415724508143594,0.34776271737162445,0.28966223688469983,0.0,2.8720023198784075,3.2599004198966774
82,-0.9077527219081518,1.089891321767039,0.27527240548335885,-1.4218823751237004,0.43166297774169127,1.0,0.8096173852298365,0.7065951811082931
82,1.5352588882843168,1.5004145473748507,1.120625938541909,2.999851435756431,2.645434309275176,1.0,23.618347339844675,8.639436282989843
82,0.7313281052701575,-0.386581994572612,0.41118701223299947,-0.4555445895450445,-0.27438280724014485,1.0,1.7946471920224119,1.6469316081188976
82,-0.3380788623295895,-0.7262186187433988,-0.43903848527170586,-1.7456024385542621,0.9422951097775384,1.0,0.46363594523808205,0.9973583088662992
82,0.8992507444759417,1.3056612721656613,1.022830147025676,-0.09535089235797878,-0.624172475920417,1.0,6.577316753289785,3.949178536200804
82,0.6863683536237083,2.1944729325186416,0.4215572213393935,1.3607597564943887,-0.05954098776588568,1.0,12.250694700595092,5.720478272067859
82,0.5958606702051487,-0.173252113805071,-0.20036395736113266,-1.7376711713274777,-1.1709657722006401,1.0,3.90337186427543,0.5335639128742895
82,-0.5806709384104596,0.4462496267364806,-1.3324103079402931,-1.7011880533340222,1.2171126689544343,1.0,2.9371522587128185,0.0015569048113366069
82,3.115350915639015,0.8052621745822732,0.5839337711147067,1.0165862003241886,0.8699262291463894,0.0,5.370299273292042,7.538504281124737
82,0.5514338625324156,-0.8274482190959349,0.5294734386529514,0.9563691823389852,-0.7788373030135955,0.0,1.426532772067331,1.6222856584114564
82,2.3090658250345633,-0.07273677201799245,1.4480986481878153,1.4536229354683359,2.1743409360329506,1.0,10.335387179494695,4.610631838920306
82,1.2983909664029643,0.7691423973610985,1.0070074824899864,1.6935291564957466,0.3117426918578007,0.0,7.439196602774272,5.072946383182651
82,1.0899082045460138,-0.24179611530484157,1.007815443143902,0.6828817659464124,1.7328305062077378,1.0,7.731085469860991,3.4059937354906324
82,0.9964562338747407,0.5228446264177227,1.2304400963352906,2.207133775739332,0.12057770959009234,0.0,9.129956509175917,4.393540917222168
82,-0.3190610419163883,-0.16141659233271144,0.7631317585676065,1.305970954545267,-0.028834593093375993,1.0,7.163632948915094,2.5540719130861578
82,0.6869668708795605,2.1370721664168744,2.0601458243897355,0.7078416406807075,0.8653819201456623,0.0,9.055822352133967,5.226750161271979
82,-0.4338520276569786,-0.37314694446799224,0.9341627765432254,0.6702772234869023,0.7826304531894381,0.0,-0.4119721959603865,2.546418146419147
82,0.05585236552130929,-0.5048049186657839,1.5085803652321013,0.29153029536189295,0.41659166506847983,1.0,3.0497374751297484,1.917856168896179
82,-0.07028371398057487,1.4776901047182307,0.5757733956955576,0.8984352281172134,1.2152229576665587,0.0,4.693302243142516,3.7833328894353175
82,-0.2618419395246523,0.0472513354228033,1.4711595223679588,-0.12509006696210867,-0.007084449356720479,1.0,3.3500433096251787,1.6492968486236053
82,1.6299674753294757,0.6675669689830085,1.8876320711073158,0.9833459400399847,1.6592185363989056,0.0,6.749933781121757,5.190416575717772
82,0.7497613578171407,0.7051643235281282,1.1635516144516087,0.4398038343433599,0.5948761327498324,0.0,2.7568278247190454,3.751364478594201
82,0.6372686103275017,-0.8236655556219219,0.3158426736046454,1.308078270345776,1.2288454247844927,1.0,6.263873559936678,2.7588234749171328
82,1.3630052296408919,0.4896622530780626,0.03985015126320951,1.4001315764982343,-0.17071084168049266,1.0,8.934093711691334,4.227587483896921
82,1.895800422648812,1.0868652031266637,2.6592125612158055,0.5624097734727418,1.1275369190997955,1.0,14.809678422836239,5.840498616849775
82,0.37988980523907645,-1.942843014420371,0.34162076389900964,-0.8941562963004104,0.6672008195856878,0.0,-1.4634630813745155,0.48000270831914915
82,1.3530141573883459,1.0508156463850824,-0.275348682836552,0.5349120563855814,-0.057562271500543605,1.0,6.170066174396508,4.687014354643388
82,2.0253342168507524,0.33432195281001437,1.5752001548062486,-0.42775461923102254,1.5521932976297474,0.0,4.2962141609577,4.202357378126409
82,0.6451160288308356,-0.756375640038883,1.0882862311065713,1.319336656087545,1.4291956204369949,1.0,5.812223496229582,2.8388335596023655
82,-0.6419932456642468,0.5047558761986248,1.428979736928213,-0.5128041841150397,2.5950640594059204,1.0,4.579826173468118,2.5042929579013276
83,1.0789387714785754,-1.1249529222503194,-1.1889061223535284,1.2001120145488922,0.004983368092504603,0.0,3.2222158568513155,0.1440074026148408
83,0.6709495761200517,-0.4368338309707316,0.27937728119715094,1.3553857951394988,0.00966859904389017,0.0,2.4785824630140123,2.607407580360091
83,-0.03696467154136884,0.5884341543816269,0.07134477916870358,0.26286255888115717,-0.26254471530155365,0.0,-0.07278683478895409,2.2872708181504255
83,-0.16339288633811455,0.4056741847134997,-0.9491364907895086,0.9032279872426742,-0.5071939357558142,1.0,1.2218481922481783,1.3606904178746562
83,1.0348429583324656,0.19818628443393016,0.596139237969961,0.08899264836034809,0.8194187018579253,1.0,6.250265590008535,3.4013910050722855
83,1.4303670071439707,-0.05111891688336179,-0.9222760452207603,1.4831640319761228,2.0751218059556917,1.0,8.974566260356964,3.5385178930877528
83,2.5407488766402584,-0.6977351864021104,1.2467017753158491,-0.6833441172389452,0.27849463983788303,0.0,3.5064788778320564,0.8881137091679832
83,0.027974625632737504,-0.24817924723650697,0.02800887587060863,0.6545687257402221,-0.6682963528650443,1.0,1.6308312282025659,1.8897033691184704
83,0.3313832875217849,2.5852628755791263,2.606382714008108,0.5941898620328692,0.3113534850686557,1.0,15.22087410877132,4.210837448419718
83,-0.29128338232187767,1.8447613597192807,-0.6899776036934884,0.7439400623997472,0.6536407178430738,0.0,-0.21702685123866294,2.3644525194231476
83,0.2887457440903515,0.884822013045087,-0.07081621714077824,1.3945413958513722,1.8452983222728836,1.0,9.476424785043966,4.424277799023013
83,-0.6222909636314184,1.2343309282870605,-0.027569565619907865,-0.07003351558888726,-0.8063765686405084,1.0,1.6331742977234684,1.0855371581962996
83,-0.3394304330071026,1.423563109112665,0.8537982096882264,0.41580129101682783,3.325433060862476,1.0,9.66693310039032,4.013506847946439
83,-0.6016532440186269,-0.07755564221020195,2.0232442471093526,-0.016022395064404615,0.8224565133587665,0.0,-0.1124088257883969,1.6847278918757347
83,0.48844886902752965,-0.6252017290001506,0.829377915364887,0.5093745668803247,1.1370927947420504,0.0,2.857290369321441,2.5395018162876926
83,-0.08605553064451799,0.6287050383565597,1.7014856356548467,0.806250421301712,1.506587707524213,1.0,6.4538220592320545,3.0940654862352726
83,-0.21005736646687723,1.994728394736413,0.28993318909805854,0.5720776074497934,0.9008657299448836,1.0,5.156565460660573,3.313029362066203
83,0.12228630345911246,0.47098677695115554,0.5364821564566343,-0.034672444298367244,0.62737592096519,0.0,2.207960908658591,2.778336609147697
83,-0.8380656896320475,-0.25746087095388825,-0.12485322486382644,-1.1506361339015752,-0.9250682701121125,0.0,0.31084709184716,0.5599429833303189
83,0.699414616654668,1.6474460007721416,1.3198419605489133,0.44153512093350256,2.8606361881914775,1.0,13.302889954201033,5.885013300394809
83,0.2984531651008553,0.039356046080864016,1.265014222681574,0.28971310967511016,1.433901480872555,0.0,0.9922002651071014,2.9760040396397716
83,1.4403880698035636,-0.3051046651726874,-0.13757582878110408,1.5213952005866656,0.8486761649085238,0.0,4.94042280530732,3.2349717136467087
83,1.5575612840408535,1.7412785508418684,0.6219204123285678,1.3675306349006808,1.477643084384245,0.0,6.237496185641539,7.907876168248228
83,1.8824164923236864,0.38949314174188854,0.36316642090399787,1.0012782315493864,0.21992781894733165,1.0,8.792115777408982,4.596106051690318
83,1.2428896935943246,0.30460096162763006,1.8882643962878334,-0.02870357536853274,1.0218088301798793,0.0,3.186364169339654,3.2808533922468777
83,-1.3013962907852872,-0.4392581409751951,0.8257495135322008,-0.6310636449184175,0.026520257901708255,1.0,0.5872998103899003,1.4899309843157638
83,1.6632921716477962,1.0337790678178302,1.0735853021282284,2.2902836655476078,2.474192642481869,1.0,18.661673459131094,7.464019176608932
83,1.6414674975414814,1.5024779587887809,2.2702478337822942,-0.5511885346433274,1.2535192481840696,1.0,14.417303807313791,5.880732657192344
83,-0.15005537842200545,0.8100292308823271,0.10242010536650159,-0.10839426414527487,-0.814065051717461,1.0,2.848559321703704,1.7931777225121048
83,-0.3168358504850569,2.1194283607138256,0.5858251643250222,0.3172338273311398,2.1257609330204046,0.0,3.9795637192555757,3.5774514771162367
83,0.9187082831159353,1.5262250020737262,1.3945436967285905,0.9266228124612526,1.1064667377514836,1.0,11.161943039468705,5.513780316115042
83,-0.2331606092990629,0.48421402414024145,1.5171280034744972,1.123422585292007,0.4663328249404495,1.0,5.234461724057038,2.619711341025246
83,-0.5180690937127781,0.5606891895908594,0.14657711186599903,-0.05364824026478987,-0.045674345715445264,1.0,1.8923328973727962,1.7437383652276737
83,-0.7579303454252537,1.724679394840137,-1.2918982263654184,-0.3182849974099977,0.7238389006999898,1.0,-1.7107180220963685,0.00831200812131594
83,-0.20279161658209988,-0.5719756993937901,-0.4587458057713907,-1.090161428829254,-0.22420379799018875,0.0,1.2657492770221184,0.7386612922288776
83,-0.6593186257567307,0.42242883352503374,-0.3712523774915417,0.7710839567057507,0.1260203743960714,0.0,0.7898121965719358,1.7978396182323528
83,1.3188025839570723,-0.20480182559778648,1.5351703898890832,-0.40457038756682073,0.13783263114701377,0.0,3.53271282732257,1.9567419203838288
83,1.0503951613097366,2.000009524115812,0.5672971848951124,-0.1299516272011697,0.781567086556283,1.0,10.902645545836338,6.078815415451763
83,0.9818308293561446,0.433792123276022,-0.9499856561753484,0.1494205614415411,-0.5068412363745913,0.0,0.5056571320747678,2.061713547819557
83,-0.9226343912758024,-0.46593599946430897,0.6446364676848134,-1.3129625558632936,1.2934561914789997,0.0,0.4776701102093084,1.8474867027150046
83,-0.08207623309040812,-0.6941777414854007,-0.7047914236624531,-1.1397737205418768,0.6375028638227122,1.0,3.12411108927233,0.8270640663548602
83,2.142994115272981,0.7301225608764724,1.5437801297175182,1.454514686849405,-0.4975507370711314,1.0,11.48507944055509,5.278591639998874
83,-1.1357046471094745,1.2859506207858975,1.1034744564781576,0.27583851268770393,0.5502840808761231,1.0,2.4194503712554822,1.0299583444804536
83,0.05717791338338346,2.6889896294918865,-0.04117269962023806,0.9920452755087148,1.4699069796192212,1.0,7.417760782989004,4.736376889447995
83,0.7515229858975874,-0.99872807756334,0.04807172707825741,0.5476824850565445,-2.1771935913502545,0.0,-0.868450018569632,0.33395543462899635
83,-1.2707189144955238,-1.7161228102577963,1.085145324448555,1.355324432406346,-0.10992702969944157,0.0,-1.4279373840504714,3.3193444018779834
83,0.3624935615031135,-0.2680111815143088,-0.07656133512234675,0.10833783218216131,0.2992028935730807,0.0,0.8719103812807327,2.112649169920207
83,-1.5508337800046328,-0.1807403575547949,-0.18582247138632058,2.232494576741165,0.9032279175645985,0.0,4.731209273803011,2.872245822014841
83,0.34968949570756913,1.3373917258880634,0.6725924593436338,2.017634751835206,-0.02971980620070991,1.0,11.554356029925302,4.4236753042652746
83,-0.7001865136927734,-0.5111918163959321,-1.1673897015223922,-0.23496101602221708,0.1754278530779731,0.0,-0.1939045978622227,0.5313328047559231
84,0.5203145220087724,-1.2051521561298317,-0.6346351647335522,-0.7065209975144495,0.40895352172280286,1.0,0.5968418589136593,0.36970974957805713
84,1.1232425669888484,0.812975250107925,-1.4463685985223962,0.558100053835882,0.4589148613877933,0.0,0.6636504715603684,2.7907073800566558
84,0.35936118040434817,-0.5982105554824722,-0.21455826854925897,0.7839903978187016,-0.5145387916904125,0.0,0.5691265027917134,1.6701188710576678
84,0.13184666719530447,-0.4010334118132789,1.2126142601612946,-0.509860714262788,0.5307887589934375,0.0,0.20190559322947457,1.7798751153922376
84,0.5359237100562075,0.8063722010574805,0.3239612006578109,-0.4844970567780684,-1.4777950073587085,1.0,2.2598297643438885,2.2321184182993057
84,0.3767540235693319,2.019045909030446,-0.18034757663315748,0.5338592410864617,-0.0683584596283735,1.0,6.298719990383941,4.084941645574942
84,1.0753049647027415,0.1551379540219514,1.3783958407686672,1.1951032180615677,1.2127856320113157,1.0,9.596193375021983,3.866400052979762
84,1.4890484849232453,0.6767289914275146,0.7132848895577769,-0.7062889502497749,0.008242546858968192,1.0,7.443282450390524,3.8544068469930783
84,1.1427170220590612,0.5314090928227853,0.05635428341130455,1.5252271795040164,1.0671550131206233,1.0,12.050086881909271,4.767094029069698
84,-0.7708907559988196,0.5464272654647693,-0.24202690539212324,-0.601776389684157,0.8954559843090353,1.0,2.3282835934139103,1.4632130507282513
84,1.612009015617341,-0.14915288593208753,0.1739848757810935,0.7714000463857213,1.1348671544187465,0.0,3.5039345301000697,3.516021079200226
84,0.9946338490319344,0.9363334603056699,-0.45427559738657775,-1.52842563043066,-0.786407144624574,0.0,0.7380888743118217,2.41081756216312
84,0.8901091397172254,1.0953085194401664,0.1759457516237768,0.8877494250796326,1.753104868519094,1.0,9.199064797724397,5.36061441163703
84,-0.15107962624028726,1.1372634227445197,-0.6356655830974745,1.3966466133512225,0.3807248155760927,1.0,3.9704069114672724,2.696804197573581
84,1.4745186878767427,0.966862337679122,1.3052951161719566,1.4292944494418887,0.9967638032757384,0.0,7.186063898701685,5.774416732580231
84,0.9173024049099235,0.48292052564656207,1.6899345144112625,2.013859970709027,2.213245178129332,1.0,11.922923424816897,4.982758908297492
84,0.8665259783370467,-1.5531850268630616,0.3382118974052596,0.4251061544050818,1.1873134743822173,0.0,0.6587228391502381,1.2294605310981794
84,0.7750251406995387,-0.19022863472375184,-1.0862768637530318,0.26617852012469256,1.0775125000606613,1.0,3.433056437234248,1.7394565434408187
84,-0.5936584228014161,-0.05871093661245885,-0.26609283231660463,1.7184207155818993,0.5211052587178151,0.0,2.2617270551506694,2.660191835044742
84,0.8404512063182797,0.28890034033703815,1.3924739317768915,-0.05798211003554743,-0.6209862810287081,0.0,1.9980549576681468,2.3416140044188447
84,-0.9273567091014843,3.7520202404856273,-0.708035532423728,-0.7167461120048169,0.4164001090914893,0.0,-2.969530687867975,-0.8116792265093218
84,-0.3922884521380908,1.651708629500469,1.0987688182500057,1.468345085822652,0.6088884153138308,1.0,8.315972827726982,3.024458042327727
84,-1.788573085821589,-0.16236545028421112,0.5860942826281703,-0.8999612285846372,0.9296038139040532,1.0,1.5257935109661653,1.4559089650167174
84,1.6585307758539725,-1.4412654230929114,-0.8822597502096272,0.22267833820841826,1.363935452204403,0.0,3.6698044868057824,-0.2941655223501696
84,1.3008321366451807,0.9778897512017282,0.6237183674552049,1.7494812414232233,0.2005154980286838,1.0,13.452490970404547,5.510001244806366
84,-0.5264343012032526,0.4269155354399643,-0.3155231176087451,1.1000889922361776,1.1499860590045117,1.0,2.9258913667809594,2.6434077807383667
84,-0.286200638561512,-0.6591552548983286,0.21751793088234672,0.3225925692013421,-0.5428495155773663,1.0,0.28777788666819226,1.6910393040806515
84,2.127923396340199,1.9246964669305928,1.2133878193870804,1.0665814971366812,1.3032915284965387,0.0,8.861471424344629,9.263394680377735
84,1.300523347748935,0.4577400355313319,-0.1113956279729873,0.45740542528443545,0.7354958122515693,0.0,0.46620862644711103,4.00898802016605
84,-0.7950476093263277,0.3597690837085656,-0.611657179344768,0.9099390666892333,-0.6615963690375886,1.0,1.3555777943170488,1.1333674951141575
84,-1.009071125571721,-0.030115933328092148,1.5349663869877364,1.0694504601770203,-0.8959238564382899,0.0,1.8557005200283228,1.4008643586328444
84,0.8797961453787525,-0.984921707932024,-0.8767046036984287,-0.8138300431883354,-0.338522762134043,1.0,0.40391038770623133,-0.293934237884826
84,1.4118960563839105,0.647485408363525,1.37069498885567,1.95362422894387,0.6871084062051547,1.0,13.44825216338244,5.148355286712741
84,-0.09129699046031425,0.33387669239941287,-0.06332579136933791,-0.1694882093055735,1.3606823951753202,0.0,1.7378997550891753,2.652737703059254
84,1.8581184245332794,2.418836676186311,2.4804044520276998,2.2089162006683507,1.5808377816586192,1.0,27.18139073273801,9.978778593892745
84,1.8011482716711755,0.07259591595798143,1.3194657025243939,1.1180153045897812,1.9179693099659854,0.0,6.2488953526684705,4.494046259149291
84,0.4210378855848022,1.830941506273964,1.8472020011950572,0.3781414083714122,2.511713133787329,1.0,12.905133941879079,4.992514183341898
84,1.0608479245673674,-0.7318674340893447,0.11888127756606864,0.38690505866601077,-1.2120573232737688,0.0,2.607676822912796,1.0278966424941434
84,-0.13814760772435364,-3.1852425231770076,-2.7804338179792274,0.48812916106780235,-0.3837108738553253,1.0,2.8066182915126925,-2.4951571636705285
84,-0.6155621393409876,0.5334688525922829,1.063103845077388,1.193264759089253,0.7599865021576929,0.0,2.287132375645894,2.6249097566934663
84,0.601921960072727,1.439654016351444,1.8222457391610907,0.4613221225425532,0.7314456367660378,0.0,5.833811008408746,4.146046052259766
84,3.2412622279556005,0.8844080903559601,1.9625074831258722,3.238791209615149,1.5048093115868697,0.0,17.289441576116808,8.900717176951032
84,-1.788713026162394,0.2581101282183148,-1.4728086713965596,-2.3166567794954207,-1.549700923650291,1.0,-2.2541700208849553,-2.7987386601733117
84,0.6147154876514903,1.474597635785869,1.691653983883624,0.5000400431198659,1.021705247982678,0.0,5.206155244662214,4.43725055146348
84,0.45573614455949557,0.1900258587537187,-0.45529160743082,0.711074802910992,-0.4582395668768713,1.0,3.177247750622439,2.2063873077056257
84,0.5764872406542585,0.6061146211990668,1.4712812410561895,1.4453579022487562,0.4666107679764332,1.0,9.274034376796045,3.731694145281045
84,-0.3243993636533832,0.1535781248666674,0.455857098094321,1.14256359515243,-0.06691613783624961,0.0,2.1241850030957217,2.5284050483081004
84,1.158769519709093,0.6736749492843732,0.5044124815421547,0.8114821178967131,0.5309208127852157,0.0,2.9284083561028442,4.495722507196701
84,0.11463753861415926,-0.6625704328439408,0.43694778869098216,0.5979946354541694,0.6982933321992679,1.0,2.9840735593876495,2.4227434916040083
84,1.7908104526712374,1.1088045009407361,1.6422966820488254,1.7165964219490883,-0.13219073753182986,0.0,10.397438186103061,5.9773779013552755
85,1.3413279971889294,0.5914006566590072,0.6601627331985777,0.44169702550949697,0.7070966135817798,0.0,3.321920933549502,4.4539972179725975
85,-0.1796902735317647,0.48341473063696216,1.7762268882660914,-0.2794930418317446,1.8112833553677674,1.0,5.892792772372411,2.5150172173155414
85,-0.9346992220843284,-1.664804543195542,-0.0541095669541557,-0.70171358103796,-1.5470855209845835,0.0,-5.0239087690001245,1.1034217288444426
85,1.8618589620296242,0.49308214990044325,-1.1745601204958984,0.03162781544172755,-1.1052381266207667,0.0,1.0975286641955795,2.35738366858793
85,0.5806023453872549,0.3577959002015822,0.5573525624157522,0.9572572162908677,0.46699503598454284,1.0,7.087658765389205,3.5163970914699005
85,0.7751967361071501,0.20918708008117565,-1.1520048662672817,-0.7451901825951706,-0.6821928200108314,1.0,-0.8958392852168373,0.7713157668934333
85,0.7518396094970106,-0.2452650794223471,-1.2942596156540938,-1.8775055293469052,-0.7196227904397479,1.0,3.254868758161418,-0.6037811189482085
85,-0.9580364705260302,0.9183176600173387,1.0255473851952797,-0.9760813488136335,1.1337279248228103,0.0,1.0298890975210702,1.2105867167174273
85,0.3390861405454947,1.190237978967573,0.358178032087793,-2.1035586012682184,-0.20349862873105495,0.0,4.784967914603619,2.130352765706026
85,0.9242948904311324,1.0082875690597042,0.2866486580335575,0.4590904605274454,0.5307190398387303,0.0,2.745826378402046,4.4956721732739435
85,-0.43970903117610316,0.03893345946475968,0.4382994563393317,0.15731232837306747,0.030583427760366544,0.0,0.5924759827709455,2.001065109964965
85,1.5133630733942243,0.16855488357745713,1.2154648368713252,0.04452909743496508,0.5171582903965862,1.0,7.874479480869425,3.3325209939790903
85,0.9045938861676532,1.6602590003566755,1.769201962611907,0.33568016121514826,1.8601374877606094,0.0,6.993487899127123,5.569689894333429
85,0.29099937911348916,0.7138404817543516,1.1098388964290553,-0.44118106088716724,1.011809721422822,0.0,2.521084622416681,2.9951866571202492
85,-0.3121911980020665,0.23247749513230542,-0.5538838140851974,0.3252293583057747,-0.6285301960001344,0.0,-0.323548102543084,1.3094614723656557
85,3.329592544109894,1.9344161886957836,1.533226030710095,1.441330300621047,1.5581137853377125,1.0,21.54393756841846,12.376718601950653
85,0.25730717413627857,-0.3606226307168372,0.6600957220191134,1.164121410220869,0.5245803699016183,1.0,6.181490366519423,2.8198837718363796
85,1.0607596773424968,0.40490486121590163,0.621950784226266,0.5357508826053311,0.25845775379753455,1.0,6.186682207217088,3.6831621640561307
85,0.3342775267448148,1.8690096618492533,0.24801609206193032,0.44652451178277736,1.4977723997015921,0.0,3.1532461473710214,4.791969364596588
85,1.4186955305759699,0.8006889605320716,-0.12476528298035439,1.5258053311180602,-0.8371957609628256,1.0,10.245871128069796,4.519775142009619
85,-0.014199463259319867,0.23159430442854279,0.7615633416097005,0.8368714857215633,0.7855865662662805,1.0,5.869103410883356,3.0211777084224143
85,2.8558735748907695,0.5906368912736422,2.6695373194511913,1.9388033543926093,1.8840147259197866,0.0,11.712671434154224,6.765581650069746
85,0.12725389852223684,-0.32244580197640116,1.1155280681961774,0.16550262253271247,1.324662300584572,1.0,5.301710572373381,2.6039213228012468
85,-1.3088577234658696,-0.7088744658971904,1.3272963800482867,0.3718904304190709,0.16053787679540749,1.0,0.5917208319526291,2.0899128633957154
85,0.8704842299110797,1.0432354481860096,0.8459267468859359,-0.8041241874121399,0.7975828343728008,0.0,5.196770057830647,3.9477103593630845
85,-0.20825173809865383,0.5037616312270561,0.8708495453198036,0.28954147312916545,0.4318161915008152,1.0,3.0122889998926947,2.4831262988010816
85,0.32703674109715836,0.2938959545336964,1.3636004848259655,1.4783094492798683,-0.10069731444493812,0.0,3.9456443979703346,2.982903963443345
85,0.7136282088681669,1.617304482211944,1.8198342214470842,-0.40446221301866536,1.0959957382973038,0.0,5.662265666385059,4.328832670666758
85,-0.7143824619542114,1.491701499765763,-0.7938255234214731,1.2288843980415853,2.104661851500391,1.0,5.431804149869778,2.293997191010441
85,-1.4880345702945823,1.9241724218770775,-0.17369732650144853,0.09424999209933471,-1.6994959043041198,0.0,-2.8710539198512297,-1.5496852671446908
85,0.3615518491268476,-0.022775098117325587,-0.40174017404609363,-0.9093972681972025,1.2133179501405669,0.0,2.439232730605905,2.032626194686843
85,2.1557690634254927,1.184340903210763,1.3019893228083423,0.7994130336328704,0.6664355777409281,1.0,11.122130371380006,6.8727209024133575
85,-0.8435891562701199,-1.254219538668261,-0.5260293520641102,-0.02608859601399749,-1.7615842143748024,0.0,-3.2059974066439816,0.7170981323464114
85,-0.026885562575049815,-1.8236703966109942,-0.9163159212408929,-1.2377124360854839,-0.9477479699392903,1.0,-0.7204408236304143,-0.8183886408423128
85,0.31832027032898846,1.482107992180605,0.3515520289571194,0.9184256086103519,0.19421076827313793,1.0,7.2555392713902815,4.04293274525992
85,1.6939554893813284,1.768926815331655,2.7116471097445385,-1.6505514030220922,0.8617537321878452,1.0,16.506602720077847,5.780360711448482
85,0.05021993935612956,-0.26311723341751436,0.3503257942186494,0.4884674457830899,-0.2062604624637837,1.0,3.305011838670281,2.1358649591052146
85,-1.0705530631140951,0.42305466200871733,0.3911212054154649,0.4344176442788453,-1.2594980938563745,1.0,-1.3960721326755694,0.9308509223725778
85,0.5567389229260326,-1.4781900852814904,1.3713363704288224,-1.415643777761383,-0.46488476361557296,1.0,-0.3613965648650731,-0.34014759947742035
85,1.3681752541275085,1.9397190208808237,1.2380507734176707,-0.07733130273150346,0.8778585603157759,1.0,11.570486939253485,6.653750930889952
85,0.432282580518461,-1.0205437155645918,0.9257286304322128,0.3768177512686137,0.9434222877785097,0.0,-0.5770143727188146,1.9889430296045005
85,2.3001047887933384,0.4696183075972208,0.25596117798435947,-0.42318147041917786,0.581461018228426,1.0,7.291341844325205,4.639573625299766
85,0.167150592889575,0.8654646187082593,0.9877842368731998,2.9898708588151788,0.45350928288260983,0.0,11.56919575829374,4.427093666903648
85,1.5195958405655345,0.1404852335900975,0.16258151894840356,-0.9876855006202958,1.1654023820181494,1.0,7.08201813072111,3.200483225180587
85,1.0242424258733944,1.3055066963322393,0.023151919847604896,0.27421845766922226,0.6173259032524085,0.0,2.6152220448048893,4.959110053407375
85,-0.5513343547720466,0.3509347605323343,-0.047586439612281595,2.77669535195477,2.574749807741183,1.0,15.410027135028251,4.357115152182393
85,1.2141442739788486,1.1928377733894908,1.58654414027303,0.4584906474012291,0.2729838047065752,0.0,5.266580697459193,4.7950303096278155
85,2.0924726926171218,0.5544277263584179,1.072722638913374,0.28612138210007904,1.8953002099010205,0.0,3.658105963868926,5.588381354608831
85,-0.09634406682170749,1.6156843138759542,0.626188981380656,0.008543816788367686,-0.3750215142353025,0.0,-2.8401609020689134,2.544131044681087
85,-0.5255229997781541,2.4798676989196218,0.7563402094884368,-0.476118908679947,1.3485642279057044,0.0,2.9333213420705544,2.215690060773673
86,1.615102995002446,1.6541610538452667,1.6649576703244884,-0.07758287802760444,1.0335431788657554,1.0,13.0650372241482,6.522709221791725
86,0.2847882597370568,-0.5238584529451689,0.5730632015969702,-1.1527397341849452,0.15599688602494288,1.0,2.75748887303528,1.359680369084291
86,0.6289363612368681,0.410459935782726,0.2173008908346073,1.0785050785641386,1.5191935819127356,0.0,2.7270934890054352,4.161834022004323
86,1.425611906233688,2.451356730906366,1.8626713505820685,2.4029797538233275,2.1507993380918062,1.0,25.68507082786638,9.3536444303753
86,-0.8105126555014399,-0.5750006100828224,0.5222693663514318,0.7063644422273443,0.9134814443847143,1.0,2.4952055193665874,2.7110356080191016
86,1.925609540992317,2.6950820026483124,1.1330326493717564,2.0849544417346104,3.343079028725932,0.0,13.33981654145558,12.204469534883586
86,0.0004592586312030522,0.9450069187927377,-1.3258832595392278,1.1868950806795076,-0.6523101214614004,0.0,-0.8248590480199374,1.319989928307517
86,1.7955407029576915,-1.0108333991315808,2.1583964095755803,1.1048670957116318,0.3956289269626359,1.0,2.208027139823631,0.8524421222135232
86,0.4667819520081436,2.075985827962312,-0.16564849111667435,0.8816207053908038,1.6005162654638283,0.0,2.4142945978802053,5.38497247873343
86,-0.17696704335867464,0.40653177211275315,-1.720524116802165,-0.41858910543348093,-0.037487690884675406,1.0,-1.8785955325492072,-0.1946297914977086
86,0.34916998659079396,-0.801818627096647,0.22224514888928354,-0.02350468191781485,-0.6488344385808378,1.0,2.74425997919486,1.2440627268182132
86,0.8882215889463636,3.02503178634167,-0.17029616101246092,1.5983460572562747,0.0686076820748549,0.0,5.365769093731914,7.377388635152027
86,1.588611325377687,-0.06483996996813401,-1.1893313680917903,-0.22101671572378934,-0.79005381084596,1.0,1.8862841410093236,0.9309597459951237
86,1.2412662826350633,0.33137355809966496,0.020870896405249417,-1.1507437438145849,0.9396861272198935,0.0,2.164854699263796,3.102331595646008
86,0.44586000213109395,0.7602559997859397,2.278478223080817,2.0374456177597473,0.617537292843367,1.0,11.469477043513603,3.7586822497183667
86,0.9510091692033662,1.2794093942581948,0.9813571525458323,0.2783674765473674,0.16341741890483064,1.0,9.013396362456664,4.599405293346268
86,-0.008161980797549928,1.2713886785857933,0.32833634736665906,-0.8193686276766066,1.6040366079594015,1.0,5.551778532911391,3.124318591855866
86,0.7396963155364484,-0.15693399502541883,-0.15373572196109875,0.19094945739545965,0.35639609209178325,0.0,2.8686916363810733,2.360308496589094
86,0.3718337277069396,0.8472874689693712,1.8609192410837543,0.8325879974930598,2.2667654016751064,1.0,9.695594301319758,4.1186769716813965
86,2.1182044373014244,1.09414092910593,1.899644492055018,1.0947616778738796,0.6508640703338151,0.0,6.981053745703954,6.42346884515886
86,0.02673032010111437,3.2062601453464783,0.6115554003543153,0.5901352040129622,-0.004269496834400144,0.0,4.778667271656183,4.119666134982294
86,1.2181216069359617,-0.6958681003083367,0.5352908896537983,-0.31982205737739167,0.4421871327312549,1.0,1.8177483982752696,1.6024230526513878
86,2.265516174731318,1.180336870564891,0.5210334366973037,0.7273251972594877,1.468651876481696,0.0,2.667892231121662,7.622809271952625
86,0.06296227922268871,-0.37748101119944144,0.16250800307232566,1.143951877926578,1.310240460363148,0.0,3.056548580931478,3.11414834823972
86,1.616949916733023,-0.11003375362961543,0.7066592621843285,-0.790228902451281,-0.2818261568500404,0.0,2.188173492420576,2.153376360036357
86,-0.35837274779130357,0.5382039443439197,2.8605406673893503,1.446512445332467,-0.286170790964386,0.0,4.4175517122092,1.946714948500634
86,1.3567876384753288,-0.06093089705038168,0.7441842083266738,2.269423317507739,-0.7043071432223718,0.0,9.388067706560452,3.45554901557065
86,-0.4586587299156729,-0.6813100766240467,-0.7073897734184136,1.134540805904984,0.8443320375354464,0.0,0.3856453735694889,2.1383066705931313
86,-0.7291503951697442,0.9142158090946557,0.24134768266671192,-1.6545172930501444,0.36685422194743716,0.0,2.993916234575659,0.8737909394167256
86,1.1819294110405134,-1.608440353530479,1.7865846432594772,-0.3607906219004806,-1.1661858593770065,1.0,-3.6801842333599573,-1.1986318785025218
86,1.4251178901627357,0.9191119699078607,0.16688852520338832,-0.5612592297692078,1.6015841830380635,0.0,3.8069534413052617,5.071670982470225
86,-0.5519896569024996,-0.08427722961494943,-0.45977671592658087,-2.848203709820258,-1.5873824638909975,1.0,3.6922338775850423,-0.823143127288079
86,1.2978272705369887,1.4187660566757223,0.2948482736671231,0.45204900711273555,0.7167945625984746,0.0,5.669100430449513,5.8883021083604135
86,0.7887150057381682,-2.170162477810086,-0.8917150544008801,-0.7717271079817054,-1.5524019367024389,0.0,0.6146063222740454,-2.382207115490253
86,1.0706353539874254,-1.7173701832442863,-0.342224736845803,1.6099188233715114,-1.0125477362202597,0.0,3.2782016386080057,-0.09246106148150257
86,1.0337292725881648,-0.31668521412358586,1.9899762181733152,0.7378793218473586,-0.1630901695297282,0.0,2.476432596157725,1.906526454536448
86,-1.0166742171796763,0.0016293614277585466,-1.5220144899973787,-0.641128959523457,-0.9622763271818302,0.0,-3.782761080888585,-1.023126354308045
86,-0.6396948117300394,2.3548629870041524,0.838231045272503,0.3324191731748365,0.47834080950961,0.0,2.9836400676390005,1.8444649873032242
86,1.1954356747641126,1.2057851497138352,0.39334893998981957,0.5053499981710305,0.897608063208826,1.0,7.658420388457558,5.463833144435466
86,1.1649159634891606,-0.2759570313843318,-0.11870286259181118,1.6575636926957689,0.896139751648652,0.0,4.769258055494639,3.3334760895920033
86,1.9249374466752733,0.29571940036974975,1.1376949803696563,0.4470295875503875,0.45635509031265203,1.0,7.276551475034353,4.119797410904571
86,-0.1775346241128034,0.27142378218506835,0.39359639620829073,2.635285484605773,0.6894543485092713,1.0,11.043403262996984,3.7814613477716796
86,2.5487857497268576,0.4968855983265342,1.3343134617464654,0.5837062344010897,-1.1569352245555888,0.0,4.3345003399514015,4.40411767859376
86,1.054237635443318,0.5740402824370745,0.8538833155367165,0.4562829070045291,0.2642265599510202,1.0,5.883794940747123,3.8635709382271655
86,0.9775159888338388,1.0403117639202057,0.7401871958077191,0.4599267672823547,-0.05465506554371946,1.0,6.044950929314256,4.3369070296754
86,1.4794491596510229,0.7229392434059734,0.972769120382565,1.107349754089312,1.796821853656944,1.0,11.693520266533673,5.672229580601266
86,0.46166583133855843,-0.29459144333424814,1.0696795701460802,0.06746224948594604,0.7864197232469747,1.0,4.234093730547726,2.389720447454244
86,1.5328847600173139,1.476440329855103,-0.921920261892593,0.010202368805945383,0.11459678600029205,1.0,3.4720178947829696,4.973606149260572
86,0.337513957512723,-1.2949965270133645,-0.3439746296100593,0.6358215945347688,-0.9191064915456144,0.0,0.11960329346765508,0.7119712838302886
86,-0.23658986701447304,-0.08887793307443193,-0.276424158843084,-0.5040221633315449,-0.46923400429520223,0.0,-0.054156416387547535,1.1954910508657215
87,0.5756596917628434,-1.017810801432409,0.598834658752922,0.9331512953375263,0.41937936588173735,0.0,0.44680362735102963,1.9946875084395206
87,1.2428609015423926,-0.3050337486280902,0.4115666266546204,0.29406582710226803,0.11574091822642923,0.0,1.83549716000182,2.416980968248758
87,0.8885743278432587,-1.3186859890444287,0.9510057072203673,1.9346510754042168,0.9332020731132449,0.0,6.087189472583205,2.103487818501528
87,0.8723727397345811,-0.6713702829842763,-0.05926217440313841,0.46347305071330147,1.3323486024227083,1.0,4.22793799575474,2.3813403458047824
87,0.10347789615481218,-0.3879887973192092,-0.18862356113447487,0.5118518812354704,-1.123188204981797,0.0,0.8616850633105689,1.399879600012921
87,2.045850761982256,0.5731015796346168,1.1436775950188958,0.43178527991466603,0.4590516087198778,1.0,10.337358351666792,4.913463817577154
87,-0.9881551927192407,0.048333306271247156,-1.5206650633328644,-0.4759294477994287,-1.588101645466116,0.0,-1.475529170159835,-1.2599095608398097
87,-1.0620856674793333,-0.6493013630634563,-0.8907065022224709,-0.7466630806161589,0.6924461177697888,0.0,-2.1161319131586502,0.9903212903973493
87,1.2834341726323282,0.7917241897495932,4.019889076819419,0.5005071401413541,1.5680987051022153,1.0,15.397766610600465,5.459489290794586
87,0.9120016854046842,0.44846877571625204,0.14702378617315376,-0.5555261571059755,1.9684918948990944,0.0,3.759108507598744,3.8584457297746755
87,-0.6980757246518674,-0.6600637565914464,-0.7726288890976813,0.6792766827943371,0.9182858234372148,1.0,2.0012767277613563,1.9102496817641648
87,0.4272136572439326,-0.7794138387403151,-0.7744232450007937,0.5083669492318583,-0.1564891441439744,0.0,1.0745185239676576,0.9944754326938456
87,1.603677977068199,0.409580050224687,-0.571338883989438,0.08788495854674122,0.8737264447676802,0.0,0.5501148736632813,3.699777495768562
87,1.7253410000534375,0.43454004870520135,-0.16271866132716328,-0.007435786362344321,-0.4406150054463288,0.0,2.9543298406918748,3.5110760633147278
87,-0.5507956643346372,-1.1214370768843278,0.1176991102177064,-0.7751481117962384,-0.16904105401428426,0.0,-0.23175470709819002,1.3614027335616437
87,0.7749679795153765,1.6717972166153436,0.25839652408477337,-0.23459610707624745,1.2613772933555818,1.0,7.713832109927228,5.128361722439049
87,0.506009571904394,1.4373377255530455,0.7860612736058226,0.546960609549895,0.9433830556181513,0.0,1.9980932814761228,4.543820501337905
87,1.1981634192279473,-0.528834190448964,1.4357157858271363,-1.2801247744601427,0.560566179944711,1.0,3.592650311269039,1.1937835469352684
87,-1.1358741466534827,-1.4126063869669025,-0.7200322652985296,-0.20785884983682978,-1.2052705389973337,0.0,-2.913785022072557,1.0155064339830289
87,-0.09769430999355844,-0.03797183413102456,-0.4368934357700268,1.3975251498815955,1.1044114929177904,1.0,5.692339522207958,2.87446866722634
87,-0.7505181733552981,-0.7918331645258481,-0.41844480723599364,0.311245186714176,-0.23666580232728085,0.0,-1.7463708724241807,1.5648987818302567
87,-0.023190983438812207,1.5191197031232726,-0.3248030688736092,2.267622943497668,1.1557707410472284,1.0,10.401626062287942,4.20974337767861
87,-0.6161348823918131,-0.45825801327673965,0.9839333676463059,-0.8494313887053675,0.29578099382347695,0.0,-1.5433473280358379,1.5140453804168659
87,1.897639479568039,1.2425576900969997,1.2134350772907148,0.2588422137481673,0.5594623734988797,1.0,11.231836164593897,6.293698356961112
87,-0.15144560451650568,0.22521159741688046,0.7279531466227824,0.9420687586675849,-0.6275053399140138,0.0,3.582122075339511,2.270571797385701
87,-0.3613348943548518,0.04898767951506444,-0.9580461687210342,-0.32848802385192954,-1.4300851433789492,1.0,-3.0932265079352974,0.04293521907210818
87,1.085188040511677,2.455844626196792,3.0860513652186334,2.16127376815807,1.2101749890261493,1.0,24.997801957544926,7.665861633148474
87,1.9528820656447545,2.183635561463319,3.3551821661151933,1.2145558278685633,0.8701450752917945,1.0,22.723774749841134,9.075306727930059
87,-0.2439403117607959,-2.132658163217878,-0.5547603563011114,-0.5714695713561018,-0.7241955533652886,1.0,-1.229836051189802,0.25675601371966605
87,-1.838373370155399,-1.3314623090002267,-0.9884574148604233,-0.30824468532671667,0.22736673098462057,0.0,-1.796420531399068,1.8781181765510375
87,-0.4589468216342629,-0.46391445288360733,0.08059237155644006,-0.9819518823107654,0.8535229984184427,1.0,1.6083625779139885,1.7243173624571138
87,1.7930018477462544,-1.0527506525414054,0.05919915096992512,0.5385580275961332,-0.5248762108067557,0.0,0.9033811007240982,0.5172304582032429
87,0.36547689865715505,0.7412578356626573,0.4560970018981102,0.6424077644069521,1.2685847712035525,1.0,5.792774903649969,3.905603147590858
87,0.29266404792597267,1.2291121869950299,3.095662062711522,1.4437818180764594,2.3926535565686002,1.0,14.375512954268887,4.587708408304945
87,0.8695502436220592,1.70393027680518,2.9437008064758343,3.9156799260249415,3.398243694084965,0.0,27.97932344328916,7.916722235821693
87,-0.6813381717365463,-0.2685884714535608,0.36395823830351604,-0.013699748588077432,1.7360778450208423,1.0,1.5759949533858906,2.685699534175753
87,-0.502152135887834,-0.9969008529342309,-0.08845759690884747,-0.37111663084569013,0.30506033760893736,0.0,-1.4918922984713894,1.6699026303054598
87,0.31284393734816396,0.11123775429016658,0.4024760269057174,-0.0057968714082516914,0.9848020176124574,1.0,4.4690255455289165,2.8576754507258646
87,-0.33591040737575717,1.1806661873035509,-0.36667245425288286,0.0926418293832943,0.883059753421191,1.0,3.4526740761144623,2.2638198679451556
87,3.0830647969281326,0.5207820581212379,1.6718047420759603,2.038544158529707,2.493568621688456,1.0,18.430728521838823,7.408650275815721
87,-0.8909234329947087,-0.04199110845416443,-0.14922829229302836,1.2060293362936827,1.2702289855653097,1.0,3.5729116948454944,2.723354712618142
87,-1.4668231233224538,0.7469141588579584,-1.0266371375863115,-0.47961335776182257,-2.07049063059944,0.0,-4.094176740312628,-1.7262170974718543
87,-0.17417986367318394,-0.5223191445762629,0.10590953124615116,1.572319936278575,1.3166692905288377,1.0,5.145203034072024,3.234574178319506
87,0.7801707062590407,0.41605210363285694,-0.041699360270495145,1.048271706000992,0.9460870263542474,0.0,3.070196058046297,3.898163462170711
87,-1.8946029943367715,-1.9624250013124351,1.3007096120016648,0.742221079690189,-0.5037281831514853,0.0,-4.370332090257489,3.8259185489733536
87,0.6460188720046562,1.3851846179312783,0.09699040135954756,0.565290032815146,0.1762288105387575,0.0,1.9481815972917649,4.325011888845078
87,0.9890124984510686,1.9804584690573352,0.6944122432408457,1.0451202162331392,0.6369415824059977,0.0,3.715912996925604,6.4001006432309655
87,1.3558068945364985,-0.24403158778636125,0.500688083447366,-0.1349969940677026,0.7381426829933783,1.0,6.326458099697389,2.6541972997455994
87,0.35902610580962924,1.6624670811006106,0.5963246573175423,-1.6927763737584782,0.23270794254243526,0.0,4.189075282581973,3.0031490791206386
87,1.6679753216424857,1.372530577607814,1.0335747783504416,2.1634062879221925,2.4523844867971833,1.0,18.44109080080008,8.146033765998496
88,2.8211228329224376,1.3565688180164277,2.572435029408126,0.3181501681368091,0.581456228276245,1.0,15.55377231491007,7.809558555924805
88,0.8784913311663235,-0.29107135695754305,0.8804686179728294,1.6167855202884618,0.20410054829321866,1.0,7.3662514118815094,3.0254735587043267
88,1.2080023464671517,0.27742397276924935,0.781068098383036,1.2137820231257317,1.3976562568134887,0.0,5.60971780647027,4.48425711987827
88,-0.2427514719705065,0.5123285612731985,0.6941283740538147,1.1690131845184137,0.6380611682557283,1.0,4.668286045893085,3.029632982212381
88,0.44175182099123445,1.5385980853904884,1.2249739864517903,1.523242553994673,0.07705784974690294,1.0,10.722897636875215,4.4214611014019045
88,0.5961567567983341,0.3294774762223824,0.15859490528162495,1.202918605721583,0.21778377757887213,1.0,5.543312367425546,3.436336150399963
88,2.230306343884346,2.732264993761421,2.2652207802469855,-0.4434827959407901,2.2412291851449204,0.0,11.860255598156733,10.966613919473847
88,-0.14399717571220916,-0.1261246396958876,-0.8407825437844538,0.9508289523785185,-0.627416903456409,0.0,1.1806690534415154,1.2912953424556308
88,0.8018627817735959,0.4190348025064734,0.8425928895878982,1.4689406575955415,0.6866829802287029,0.0,5.351808544363754,4.111095275155658
88,-0.07911609746648074,-0.5383778288206875,-0.8780572902332284,-1.4284573403019023,-0.11386263545480313,0.0,0.7615014027480428,0.1623060195021665
88,0.6449826506114549,2.071577948016089,0.0011214737626899507,-0.40165381067997896,0.7525020584420599,0.0,2.8504104048535086,4.870396367084179
88,1.0129922047433308,-0.08833956627680584,1.131897437182839,-0.40305153852351594,1.1636993119574752,0.0,2.0690829447245864,2.744054608131416
88,-0.17738068292096643,-0.13356476806857442,0.3679139000697612,-1.1654392540748488,0.08042686351646988,1.0,1.0412910368250354,1.4427495213650339
88,0.2913276626509647,-0.5474769737455032,0.06728279247352331,1.0629985658416463,1.2853159810911983,0.0,2.905028583174369,2.9179661937246824
88,0.11689677475860616,0.3470932005759042,1.2576353296994385,0.3592482390069025,1.4537061362123676,1.0,6.8363291314588475,3.115931346836365
88,1.4060535774452094,0.1099506915556892,0.3532895037326934,1.5269635544144498,0.2123623257013016,1.0,10.182504392995586,3.8971460584993043
88,0.21329241110262565,-0.7390856982140137,-0.9721622935619518,0.22554999984542784,0.46847219672607016,0.0,1.0349623653875748,1.0039065033162449
88,-0.10700782151509691,1.8563585832992968,1.5708816706228346,2.2217152112239953,2.182052985713768,0.0,11.451780431183103,4.663270082894854
88,-0.1361900728891131,0.9451219292620937,1.9166794865424899,-0.02106599013411281,1.0508256338100508,0.0,2.748591613586654,2.409941603653276
88,-0.7123748113197941,0.27816016344284755,-0.3406700740961087,1.3960030055233767,0.15363780775757335,0.0,2.4318117374466803,2.131754744539822
88,-0.530799984262116,1.4165618939309046,0.4736501538313984,0.8930162317368999,1.1547204162738565,1.0,5.756964570866407,2.841572572553809
88,-0.08632208740253422,-0.3007591151624808,0.7094775378684504,0.9832723499626184,-0.5665806519351164,0.0,1.6065568393897582,2.1542085022243125
88,2.157356038300417,1.404946415418575,1.9207549715532377,1.2400330990157107,1.9319091265571533,0.0,10.727462310145246,8.015610499037642
88,-0.4865443194872945,0.9217494531182656,-0.7249984781838796,1.7021320711903931,0.15225825132298998,1.0,5.641750860689303,2.08232695971053
88,1.909276813050431,2.2786132989913788,1.8543942311469934,1.7779593542491958,1.6663386986730555,0.0,13.084943330813681,9.813983097778376
88,-0.21182332142724536,1.2909381605983166,0.19001935548534177,0.1656920978944323,-0.37975588974623387,1.0,3.4945012548788013,2.2360849719449423
88,-0.5865083595003664,-1.8438098174162696,-0.6097735165214972,-0.9391024244244888,-1.0590344226229487,1.0,0.8919275262635735,0.38207334283832894
88,1.4857418615562532,1.611571311438157,2.6255992720835444,0.9549224927481346,1.952455860103128,0.0,8.519602881619758,6.839721341288428
88,-1.0621046554911644,-0.0299889770398728,0.9925797916698831,-0.7443747174454081,-1.6114862065415871,1.0,-1.5559764114680716,0.3506953139682396
88,2.4130982005808628,0.7128935369871537,0.4609428631820472,0.7237200889656422,1.725519833139115,1.0,9.723333047126118,6.634002889708321
88,-1.4597257403235906,0.916138085514565,0.9076130590197122,0.776097816952354,0.802329086240885,1.0,2.8921369697127983,1.2495443067118024
88,1.2474580085408977,0.7603360699732409,0.6590171973215161,0.8915685978662282,-0.005604444845147438,0.0,3.074421208566499,4.515469456856549
88,-0.1717115330229093,0.35173877378213697,-0.9704316476339059,-0.054490923186624296,0.13426008520058746,1.0,-1.454338946935659,1.1492281920417065
88,-0.0016264260248279871,1.662867852930684,-0.6085947424833036,0.8484897630139905,0.027106954855462384,1.0,3.952679480705159,2.7818694041797576
88,1.2870201609741148,-0.03474264100930735,-0.7419238605583027,0.10436181483867546,0.675081044035053,0.0,0.47189266109042727,2.3373537367032893
88,0.8619631736504059,-0.017663103283991788,-0.19061645647886372,-0.6344514462812085,-0.02330317619572142,0.0,2.047690048816684,1.9646271763874439
88,1.2075052993918103,0.2306299513788131,-0.37376775559643216,0.17253362424536806,1.7083155860937342,1.0,3.936243029635408,3.6820534938637604
88,0.6778575701120364,1.8049118634555652,1.181779496255142,1.6072704685618195,1.0730734883255906,1.0,13.746374145456013,5.775198502562693
88,0.02896555270503004,0.6646950809952932,0.7770231519740332,1.4802216808709396,-0.3334621818792811,0.0,4.804438323737829,3.040978843683359
88,0.022681630624969473,1.5428852428084792,1.5889455714581524,0.18041100006939037,1.8905710803823994,1.0,9.485676613110419,3.6295941675447834
88,0.5183827813097401,1.070375320819644,1.7541908855168526,0.7122179144865368,1.1141663920243385,1.0,7.4548747888118765,3.9571625322105497
88,0.12861153021165767,0.8526187373268601,-0.3944622541540994,0.12975774032563747,0.22763911379072854,0.0,2.574391371525161,2.504942394151546
88,0.6346953925861971,-0.9196352942378645,0.5146830409915945,0.8089606815759672,0.756740934689886,0.0,3.1793350389133233,2.1844828856271588
88,-0.017315080328416554,2.024097474296977,1.2126942761789388,0.5485979541408551,1.2727497862471555,0.0,5.9524125313496015,3.835862109966226
88,0.7326782856129359,1.6204575112431623,1.062042803385879,0.2511141709901047,0.9517907097166697,1.0,9.503377868710317,4.983404784045145
88,0.2860627986089992,-1.5586055308588915,2.1002471112911105,0.15196097712454731,0.6987366627206061,0.0,-1.6166394072837598,0.8882825513934074
88,2.2651630998910814,0.8814004032151217,1.0474058454039121,-0.14375287153735694,2.0003963645701948,0.0,4.425700542668304,6.521641691443181
88,2.2935486191329866,0.334590744095175,0.8406394910623725,-1.8079337639291762,2.5669913630909025,1.0,11.38729055411449,4.548304862595121
88,1.9800915756781856,0.2830287372990059,1.0341655036922561,1.7264561018060633,1.235482592535884,1.0,13.095557609120279,5.201278380685828
88,0.3812302062693662,1.8119471452340747,-0.3616023735781144,-0.15087060234030525,0.6760549541022934,0.0,2.554474307886247,3.804479796261682
89,-0.025602929949570807,-1.1871575468918203,-0.32960947525644857,-0.8864094367949178,-1.0797730634051892,0.0,-1.1865078587294484,0.2222873035686791
89,0.2040321518971353,-1.3197680226839248,0.38959738952868317,-0.15415892172537105,-0.5999765155967478,1.0,-0.870300026373184,0.915649983765184
89,-0.001754015437985923,-0.38681851089778574,1.8196332255742569,1.302172275091868,0.5006577148811187,1.0,3.375107011736419,2.371346981301892
89,-0.5731562805679702,-0.29706107496822287,-0.7613893206044331,-1.3934344650194936,-1.5350219766892752,0.0,-2.3609358620933882,-0.3858909593474764
89,1.3241418056625338,0.6184371493345946,0.9896493795639316,2.4474767762540406,1.3801961935338687,0.0,10.460060860740377,5.7478320904254385
89,-1.141517386539575,-0.318634798610671,-0.47247587307964456,-0.07720523954487768,-0.7808105552050333,0.0,-2.111506655305867,0.8588495038275017
89,0.8726510221393928,0.392445894264596,-0.5840031130634267,-0.6740339515229692,-0.2390528344206827,0.0,1.3232752125563914,2.0607339713447033
89,-0.7227459394678102,-0.19918355316892644,1.4943474429742856,-0.8466356368165131,-0.3747325312412122,1.0,-0.9431750301402614,0.8958584342647999
89,-0.838946007005744,1.212876376274241,1.257313339874611,1.2616680006047898,1.2041633275095622,0.0,4.240723781243102,2.339373470505035
89,0.7085434961637644,0.7175248865365431,1.803867714711261,1.2746014333204667,-0.2068110010727119,0.0,4.918772212140181,3.4262939057906245
89,1.5228340321576115,0.6274308773380133,1.1525699795575526,-1.2221581419388206,-0.9246186208636886,0.0,3.3053484869592746,2.9396424657740763
89,1.3581332993490411,-0.0015813346421957863,1.5884887819987377,1.6327935394817297,1.3218108498499772,1.0,11.225820445718556,3.929983372589527
89,0.6561214112972167,0.6277506039380821,0.7781577486686153,-0.7020512800521814,2.5033897616174783,1.0,6.3654635036406395,4.055772683278089
89,0.5378392386591234,0.08973425240115701,0.46553787596322466,0.09485701027964671,0.3888805749441832,0.0,1.8679557486616942,2.7302673185928406
89,1.8810155602156717,-0.47978271000473693,-0.7638016714294134,0.6895955848015014,-0.10464472325804475,1.0,3.574469942939517,1.4309240032813348
89,0.3973083643206502,-0.8681801640124411,0.3061311681978025,-0.21765892860940772,2.682321485422826,0.0,0.08423787363801538,2.7585323820673393
89,-1.1267651812914408,0.16243451889426175,-0.5776720970956499,0.9286670276561315,0.2910738024635682,1.0,1.698070248690727,1.4935796040109086
89,1.963857737548705,1.1176553221194374,1.2869242923168565,0.14012070033062574,1.6875953231118295,1.0,14.06071522433205,6.5730675473791935
89,1.006845419507345,0.8327734468382189,0.39129036463644273,-0.45356248131077814,0.7511328809875164,0.0,2.4691272434593765,4.0271316540675715
89,0.272092498876171,-0.02901444297293254,1.1753536149301786,-0.14488189602492973,0.17788385132884255,0.0,0.19999788883726832,2.103038973391686
89,1.0762813733513932,0.029133092424493134,0.32994696454564953,0.06881240766233321,1.6899302676444636,0.0,3.4523315000201165,3.5744669855058975
89,2.2849372662508545,0.8123340700573419,3.0207501317308467,1.5876654209482979,0.9870117047545961,0.0,9.27463223724081,6.209774262844997
89,1.005924493958497,0.2310196578073277,0.21037156873900553,-1.1810540996949532,0.17818948789585065,0.0,2.6289498816715695,2.432567276755876
89,1.775186851223956,1.0587077627238566,2.0010173711567956,1.5008986733263852,1.703680072708668,0.0,8.774394201944835,6.482077751248534
89,-0.2619657158344195,-0.9972904259690094,0.7043530213863246,0.7456019047763462,-0.957953125370498,1.0,0.1381826104290218,1.6396593861914355
89,0.5541369695515874,-1.4023338365283509,-0.45289912060683346,-0.10825291723428632,2.2483357895697207,0.0,1.1718169529515599,1.541590722396967
89,0.6534007314372119,1.1324387024645979,1.9954507604745155,1.3840924993953345,-0.17037135769750578,1.0,10.530104359713354,3.825436011707099
89,1.6114986317940623,1.0084394457422947,1.2351530298778925,0.6215655693274589,0.24251505371445636,1.0,8.653167216759332,5.314061290334104
89,0.6899770747654048,1.0592017028184348,-0.1742120547065109,0.6023356370477745,0.7073815150841248,1.0,6.241765437973294,4.158030250892573
89,-0.10622770969980122,-0.3540775761806967,-0.49863181456260774,0.698686276581933,-0.6964970677088547,1.0,2.3045406544787737,1.437476587527632
89,-0.6990747752203939,-0.43654185936588386,0.029604504385089436,-0.023025702848526453,-0.6029201586975228,0.0,-2.7394906560611374,1.4387582250011561
89,-0.9771658214763046,-0.18255501456020207,-1.18971737543127,-0.12839165634974492,-1.514232424806278,0.0,-3.347687893632266,-0.4457223882520023
89,0.6172702266246688,1.6158296009765702,1.0655996014983076,-0.46099906894663434,1.1747572445440797,1.0,8.870225565974732,4.487611906249173
89,-0.5442197550913963,0.08518611106946655,0.36286945158391304,2.1832835985722143,1.9854423245953992,0.0,6.322552530909705,3.924803039101124
89,0.10824169258597816,0.19936333559869035,0.5055448665985057,0.17361408635855496,-0.17335257098835632,1.0,4.331609636201091,2.3031958639756533
89,-0.46536043558027307,-0.7170669363603832,0.12439248656677032,0.3842164685608089,0.3796642356625821,1.0,1.8506680427789908,2.178890716973152
89,-2.1501291070667397,-1.6534958955420183,0.019574840408185523,-0.4953359025751506,-1.3257398351639305,1.0,0.28540351354416826,2.752475122379479
89,0.551381367515315,-0.048389210771797475,0.20758197197105055,1.1453768978866314,0.29982368544315063,0.0,3.4671710994564062,3.029738563724223
89,0.8666214651957502,0.4649107394048356,1.1498655373459563,1.734552173484604,1.0604574062751495,1.0,12.371265782004615,4.449715456874348
89,0.13175001026578625,0.22160714799921954,-1.1754354036452745,0.78053504553058,0.40036151614743937,1.0,2.1454521220342744,1.5937471967372376
89,0.7283253586420204,0.6982875222667526,2.299510350053845,1.8379583469502063,1.7330971436237133,1.0,13.663531312614735,4.4912590639532155
89,-0.5263020609457187,0.989569117839104,-0.6960202974731617,0.47071890888665524,0.6354636347254032,1.0,0.2426328002282807,1.6833023038342319
89,1.825064755564135,2.6426834956982566,0.9684054047090709,1.918991610819375,1.4043532710511069,1.0,23.082554257786768,10.769431947804792
89,0.8265281988442481,-0.5468859877494296,2.2926623287773022,-1.2047685891097677,0.7310978670881018,1.0,2.105506407854016,0.9365138243355378
89,-0.987904897277277,0.4590140618167109,0.4910856650616099,-0.33602512930301964,-1.095214000851874,1.0,-0.3113037062194105,0.6938370067728503
89,-0.7576955513485817,0.8541402263934427,0.921031220118212,1.0076434341666518,-0.6323052960799178,0.0,2.680115328040361,1.6542281611318606
89,-0.3477028095516622,2.2214530617871326,0.05670580508767886,0.31010740458621705,1.9559905152825925,1.0,4.650403934221754,3.3242641743369163
89,-1.487031922602741,0.5002521150303038,0.4300011000270144,0.48275885626247383,-0.6924963185743174,0.0,-0.6795997830562442,0.7818163417769575
89,-1.0017641320292219,-0.4429112107455232,0.09526261569680328,0.5002246832436614,0.05512250521491402,1.0,1.519990787423851,2.0421257427348998
89,-0.8291330843131288,-0.4031320545193645,0.2977285582362809,-0.35823849518443385,-1.0926655311590545,0.0,-2.4281233832615365,1.09753510126384
90,0.16324259256808238,-0.6820792875835742,-0.01977546853727208,-0.003337529094194047,0.7200224612047122,1.0,0.7723443989472341,1.9774964648310218
90,-0.007058073733276049,0.5458894282228681,0.6002821917432251,-1.3466372323719156,0.29994279510225513,0.0,1.230034825179405,1.8675328712532555
90,0.49891480312715875,-1.2429764290798242,1.13859370429393,-0.27351363743599455,0.42443522152669455,0.0,-0.7186997692916111,1.0714593887995856
90,1.6117324441400813,-0.1673302847377519,-0.5134500739080214,0.07946450769410379,0.5776664073016848,0.0,2.1130828043129952,2.3954049207129375
90,1.514732240031575,1.334740735339628,0.09050527498513883,1.269243346589953,1.5185441473733405,0.0,6.227065585097545,6.881564888558756
90,1.73142596184997,3.3734034472435583,1.4158437629425595,1.434495166464587,2.782040627242691,1.0,24.778256303134057,12.36373602287997
90,-1.2108367478965163,0.4324206311427599,0.07583130337179711,1.0697052297172975,-0.6658827550519832,0.0,-1.2720116449812897,1.3241542241452242
90,0.22995304053420662,0.11323285404887484,0.10351057357469046,-0.5073877364076025,-0.5560579384783975,0.0,-0.5732309993651059,1.7123111978838783
90,0.9776681926216501,0.6854753786377883,0.2721998089151408,1.0149143718797082,0.2750734989695063,0.0,3.9126525505982963,4.246014906758605
90,0.6404239212260197,-0.9944305400345934,-0.3742400531142035,0.02632748867039586,0.41877797049336557,0.0,2.2369982336221543,1.1523579886449555
90,2.299365556382952,-0.0382462804070719,0.47711095875025444,-0.19835220156022515,1.9475300058371956,0.0,3.9682779067072826,4.0440871580083035
90,0.14831369228454178,0.14385410943467147,1.3838578903602992,1.103718709225273,0.9613549216728808,0.0,5.342191150234223,3.0777367417925654
90,0.12676275005404164,-0.9564059941009098,-1.071118064877744,-1.0970545943922982,-0.07605598190886487,0.0,2.4270649126363852,-0.17902943452917897
90,1.1890885922073466,-0.24413367252680718,1.3601389675359072,1.546726514379213,0.4950272263624242,1.0,9.725878251509723,3.0922300214409306
90,-0.6111721667995773,0.2466695506664589,0.009310971431825799,-0.46552795845504225,-0.5674955227391378,1.0,1.0875300702557427,1.1550915265066246
90,1.1181955709356632,0.5187264690338763,1.1120224105998453,0.7735235244954013,-0.32585860989185755,1.0,7.543437603853132,3.6211914608829745
90,1.9328553332869718,0.8481680988902274,1.777448406009353,0.007812052709971817,1.4254813553710153,0.0,4.845292082436109,5.430084488930966
90,-0.089946180968966,-0.31502681558417345,0.13023534133776477,0.05721287846967754,-0.9482175017262569,0.0,-0.2582805224717871,1.4369956777120616
90,-0.03376451512110168,-0.561453385322257,0.16111106147070037,0.9122897860179922,-1.5439514105251022,0.0,0.4814409081137703,1.473122631324674
90,-0.03218305594156601,0.41736076331081523,-0.18578392919477515,0.39446875334354137,1.7675447768485049,1.0,4.699295509186371,3.150063456947649
90,0.5578042211704103,-0.11917429476269881,-0.2942792103081131,-0.6940819252856816,-0.22328371125551238,1.0,2.0447350790417858,1.5040280711480003
90,0.7257389007386048,1.9286954081784944,-0.8104853117706334,-0.2802185336556453,-0.5621812243729511,0.0,0.8782000989336147,3.5896507516265697
90,1.9609129577532898,1.8157603450551085,2.464927459175307,1.737359385036775,2.1147524510265114,1.0,21.028154696289494,8.827738994124886
90,0.06873447467578181,1.0346726384358402,-0.5471695574981901,1.5082517474069113,1.726008516029556,0.0,3.325897470654153,3.8203671310640486
90,-0.37921285578441355,0.015033930669208329,0.6777914014493053,2.4243637669307825,-0.05486860414348771,1.0,9.829328571875157,3.114812332298241
90,-0.19735411340507092,0.07366452704100668,-0.6636594069242872,0.49469813434513926,1.2815051533203385,0.0,0.7518615669314268,2.2676324527269687
90,-0.22500337723493058,0.289299338712651,1.6334196290375909,1.9838536805347207,-0.7605034719430028,0.0,5.40487214659647,2.332857192447681
90,0.7799508696171616,2.3874754732328,1.0424350881996125,0.8141972803099871,-0.2173574217576083,1.0,11.984764865523266,5.7695829444347915
90,0.7549979393088698,-0.6211823004118575,0.21393026434602946,0.6541223142556446,-0.38786381284086713,1.0,3.7079624352576044,1.815214906103105
90,0.490961770734776,0.7244661296529261,-0.280349146783482,1.272509557118394,0.32814796037340466,0.0,2.5917340930885238,3.584512200448719
90,0.6531643632018773,1.9325267382266595,0.4214383702857795,-0.10052703100406157,1.810826392047404,0.0,4.222947705996626,5.533473498169561
90,1.4765871834413704,0.4147149763224925,0.7889223312387545,0.6607895841401863,-0.14532962616031897,1.0,6.618843953464707,3.9148154756330555
90,0.7529226318763899,1.035525634922191,0.9322289468074836,1.4004941062183263,1.617357448852793,1.0,11.542964486676812,5.244980801238495
90,0.7734125609104657,1.3070371780967753,0.4377515521688837,1.2668483912960518,-0.2335083118235669,1.0,9.734884250120588,4.6923567345277135
90,-0.011007697218344936,1.4533377114640824,0.6787523736630818,-0.0701931644695899,0.24101117298421348,1.0,4.73120504127101,2.9083089088388863
90,0.40673045650923884,-0.46584692001902794,-0.5805261227010838,-0.5391068876486471,-0.7920103021213594,1.0,2.4805225239033293,0.6613201878928439
90,1.3159414776247569,3.6509672719732715,0.716627825310812,0.901751446525369,0.5726406554687868,1.0,17.42688660373692,10.137448615720835
90,1.4198668608584133,1.2793723465381328,1.6259287268462719,-0.044385103893401556,-0.7243027455854678,0.0,4.366086703630002,4.539673965538506
90,2.622841991161252,1.7668123871304675,0.519336712331459,2.1112438773799376,0.48568474208862406,0.0,7.539597995549617,10.255178137738422
90,1.6121366815948062,1.6010489372304388,1.419255560894021,0.9376363016661282,2.224618528413484,1.0,15.394313222812322,7.629419144888484
90,0.16516268085640778,-0.4647875961991623,0.3040672287195795,0.9647517500611167,0.76239973523233,1.0,5.524992426724325,2.7431579763416387
90,1.000494186291182,-0.6274735596302727,1.020054165883727,2.11906892670812,0.9142793508361173,1.0,10.810159858192684,3.108747681882785
90,0.12487045891305687,0.4384600693851682,0.6814775914293427,0.11739000869317223,0.6093685352658368,0.0,2.1479445424587724,2.817176813000412
90,-0.02734168485440902,1.2425052415400613,0.206517704324237,-0.20533251710099287,-0.3332044370200765,1.0,3.6187939177087927,2.3863508689822734
90,0.9830716696273667,1.0293328241148338,2.0031503272259332,1.992909266725942,2.274957100661345,1.0,16.345340876075603,5.734609180969234
90,0.17791856876034284,-0.18428535399431245,-0.5161255737480637,-0.7009279156732349,-0.7219850351998067,1.0,0.7610892983515378,0.8642473454714017
90,2.321237889353739,1.889134714396408,0.8386363377135837,0.7871906217353821,1.617414029479926,1.0,15.41789261476148,9.780415520157614
90,1.155200009352472,3.1824282550721734,2.5151711184442997,1.9146686601127532,1.9212152925075372,1.0,28.03965097272743,9.210552253700897
90,-0.19485677775681676,1.6684307311560378,-0.6819109506268675,0.7528675916097987,-0.42179759892084,0.0,2.3666755132085635,2.012631168862693
90,1.2402353748914952,1.9202892497934767,0.7495452409290212,1.244761834656706,0.4042684045277202,0.0,7.382144940353843,6.893159484630564
91,0.8975392834302572,0.5080333996463563,1.767948454876393,0.8673750111031717,-0.017947816681995743,0.0,6.47594203394809,3.2715766748225303
91,-0.31863735160733164,0.148457490665292,0.4089750068870181,-0.10074112272454994,1.9354028543485884,1.0,3.353806180303455,2.9069532499251514
91,-1.023907752761326,1.3332489740992193,-0.9535224863652079,0.6272111930518545,0.593830090121177,1.0,-1.0943666178897513,0.5021202897638417
91,-0.14818309247483497,2.169243918472588,0.8623646014979187,0.29631594536677924,0.43493302330216166,1.0,8.14899442432558,3.1365355760863087
91,-0.2852129404158079,0.7867725210565921,1.4165816612131796,-0.000318637354219109,-1.3946816868110057,1.0,1.6560853682298728,1.1907768869786126
91,1.1107151851288002,-0.334770464233174,0.5876091743867043,0.3738698960024631,1.2126098901736886,1.0,5.244036762220344,2.9354506677427046
91,0.3575605728380812,0.17144857230491195,0.6415891490443717,-0.5041048067187164,-0.24083508214026983,0.0,0.5385017455780977,2.0752781653046313
91,0.33488806177432356,0.3436359506444413,0.14252779794555198,0.8952039899143225,0.43989505703215226,1.0,4.958865393713282,3.1830151022916517
91,-0.1011412605456693,-0.2713202477417822,-0.8227282867549657,0.8081471183207445,-1.7894041686190616,0.0,-0.8871606786066794,0.6194421444051347
91,-0.017543460424304658,0.9742325897308586,-0.11398539995712564,-0.4638697816441204,0.47612249160095643,1.0,1.8423211922958849,2.403897503753495
91,-0.7393881340971244,-0.13581374484567377,1.1321982442468896,0.5469714893644667,1.6871836744600996,1.0,2.9870125042516156,2.770665495720806
91,0.24802552772072078,1.2143452039280094,0.043885258795981374,0.10568818660883839,2.09431474492167,0.0,2.452408498859209,4.153355267595273
91,0.4195867014065315,0.40424860805718343,-1.115846948223756,1.4662207196917683,-0.10486942001061694,0.0,3.6797225069292554,2.1437040124495206
91,-0.9270447221915163,-0.3876288749650718,-0.5862924465896797,-0.190830681718699,-1.0808379863505435,0.0,-2.9579903520220117,0.6060296483510459
91,-0.28080831825634356,0.23022167348279848,0.36746168295661397,0.7525144083956649,0.6129974672227179,0.0,0.7688678664327712,2.7097875316624984
91,1.1647800625633804,1.391880024137983,0.7063653147646334,0.519772367610541,2.7490218089650296,0.0,5.961985496689758,6.647869962644441
91,-1.3773712963447033,-0.1418050450014091,1.3376701691920005,1.5096322147720582,0.32313346940764665,0.0,2.0579872640808725,2.2519681938599407
91,0.9996659006927108,1.5083224178617345,1.4749250624982753,0.2457417465340896,1.7360478202793186,0.0,5.668215949393046,5.58589443051401
91,1.9361328391474988,1.3847713174400273,2.571044724513182,2.661255583288189,0.5592246674477906,0.0,16.84635360617101,7.395710619617028
91,1.784101656199968,1.920869284096711,1.7672079025507184,1.2407965693557583,0.3058833128917526,1.0,17.852211058861716,7.741304269084213
91,-1.033600987154246,0.1288620372826187,0.7159980894344757,0.4433674260278353,-0.7032943256197226,1.0,0.5142789372494776,1.3969126914416798
91,1.412823823395054,-0.005776342132875478,-1.7216022068663466,-1.2501177304345399,-1.2320155538632866,1.0,1.1885370683364997,-0.5567398734969402
91,1.784812430316856,0.2044761436458427,1.4914107856719023,0.0784938337731585,0.8230202833711202,0.0,5.224792444265961,3.6353604865361735
91,-1.3876432674850512,1.2119451113372206,0.5930200827658494,0.30274995595520615,0.785581419949675,1.0,3.82334083499578,0.9003358128099465
91,1.86642935941585,1.217318253490034,0.5267260271848506,0.8385263370267987,-0.6845958177446543,1.0,7.874182647758591,6.018698153560914
91,0.15805016090357138,-0.3991656468702909,-1.6395922522484718,-0.8264579327275181,0.0017432005995448585,0.0,2.26041401194132,-0.48454110104480114
91,0.46418910828507937,-1.3358780512126176,2.072061698333759,1.9389598640301628,0.6491917018633551,0.0,1.4780830194681576,1.7936264967948707
91,-0.35539303856491244,0.4256248738065651,0.7389387928587392,-0.6286149341010503,0.41595705244573045,1.0,3.407020864908987,1.886175957956924
91,0.0065859633382172045,0.38238744238466094,1.9582353317380294,1.9846670678934246,1.3204634870700855,0.0,8.377769603100697,3.4508695524760613
91,-1.3516453167880342,-0.2681592162814024,-0.15851775739010765,-1.4773838278831406,-2.5029180778106173,1.0,-0.568194423121037,-0.5293936022030872
91,0.6506822586778428,-0.15747196783950312,1.6470083207723087,0.5612349168491946,-0.1907367059958225,1.0,3.0003408316962474,2.0767559567342273
91,-0.07343712325692386,-0.21761439545162187,-1.2680604363365673,0.1720459076042264,0.27843776978893586,0.0,-2.07734632053221,0.7597996297431348
91,2.0402697588882495,2.110349576947423,0.675213804174323,1.2666659649664291,0.2964211609231806,1.0,17.491621734245456,9.28071588311294
91,1.6832523628305494,1.0633479795551792,-0.022573457512093498,0.2556619538416615,0.6684195590770834,1.0,8.06836664930065,5.6136824283201765
91,0.41950121657468575,-1.2288601991893309,-1.61488869796927,-0.38729343890655255,0.4178109357022641,0.0,1.128656493325466,-0.7564515260808592
91,0.19375301182661592,0.8345362272017556,0.1065480297334035,-1.299704788089483,1.1368625044766425,0.0,1.476100840385059,2.642020526674116
91,0.163027775431888,0.7147406242382301,1.2202216164316524,-1.1584551888270704,1.650238562715716,1.0,5.482883154383349,2.7548468870061202
91,1.5758055841830478,1.1048592143967855,1.5022123498908375,0.8666507545982631,0.540649359977111,1.0,12.721873421979621,5.604662173737486
91,-0.3831114072668741,-0.33923289457148564,-0.4309458243066794,0.878076874327683,1.2630687168663886,0.0,1.7347698774094895,2.532462780778098
91,1.7126268926497972,0.9358595321383092,1.288843381280041,-0.06991693565591905,2.624104530303147,0.0,4.911439240158776,6.126768912109702
91,-0.5792803448428052,0.4597216362289669,-1.1515619588991721,0.34459331229503676,0.20950426532504524,1.0,0.9564647840502032,0.7822419904951718
91,0.6605580458914474,1.5479009341086165,0.002782588704258515,-0.5890033867114195,0.12934405091583662,0.0,0.6619519093327562,3.898265661325253
91,-0.8659873853660314,0.6911519987811499,-0.5120691196225171,-0.7023204722900493,0.17359141154239338,1.0,-0.2969588111209402,0.6653868472325162
91,-0.48317583486829774,0.8994773070565426,0.2895830262973865,1.0434838202735048,0.7464726502844587,1.0,2.242100254116068,2.7716778125034534
91,1.6812766668560999,1.9460910332940693,1.0062134547286434,1.64130697607622,0.8218418341644229,1.0,17.70732239190032,8.355345896358536
91,-0.9893326973969916,0.4790434842996918,-0.14291076472851194,0.38842684113644543,1.5543325089893962,0.0,1.9115209849328663,2.1606519284423773
91,1.1101145099105212,0.24379386280158555,2.070914508891853,0.2752245947384139,0.34855173434657566,0.0,2.635179212577655,2.815409460064342
91,-0.1770372294603486,-0.9938338180113071,-0.3736033076727209,0.3291621314254848,0.7301304440075893,0.0,0.3267695524732086,1.864372980012657
91,1.2965756492998866,1.1418470947999793,-0.4849389483949075,-0.8913101343882706,0.8091414257003036,0.0,1.871097865219965,4.300852092078406
91,0.09226708099047082,0.39979661485522466,1.3968881243101292,-0.02980918474801386,0.5493795964305022,0.0,1.4676485423985943,2.414182094610212
92,-0.5952781628445496,0.7967785483204339,1.2261736352828014,0.5521040506227797,1.6130465291894467,0.0,1.6365064643209979,2.659949007274384
92,0.9506630332295893,0.8223895453130166,-0.15276255322322774,0.1557853909153818,-1.1685176005285545,1.0,4.306000746148259,3.07394872216341
92,0.8285636663683273,0.534429483888411,0.8481231466326018,0.22127255910530064,-0.13271109910337997,1.0,6.384659352819503,3.2540397568260446
92,-0.08789681594314003,1.1126092911514158,0.7826974710079525,0.3548034307262463,1.3492852425519488,1.0,4.856989152117467,3.366968373709138
92,-0.1370568464477261,1.5311021134701157,0.6751039025248791,0.4187225123769424,-0.015693444304565207,0.0,3.1007595419373435,2.8068831100575737
92,1.553262350356059,0.5849663297067585,1.675736647945777,0.3798322618352407,1.5292662496784004,0.0,4.814813814531947,4.6653902774499185
92,0.6726365391483959,0.5282555805562575,1.8219721526483745,0.7105270747838107,-0.39852704658916327,1.0,6.487077965714147,2.7742130955240047
92,1.0102023398825302,2.065241942156348,2.7927987484813848,0.44767452643762445,1.3141377767847924,1.0,16.237743014592112,5.961554312456369
92,2.4704097925492876,0.20157330710977245,1.402646896069488,1.776141802404913,0.7063629697984011,0.0,7.20470411839441,4.943894223295909
92,0.7121817435281873,1.6426671421754944,2.01692653639098,3.4138410555407117,0.8340784464589277,1.0,26.806614988628994,6.04824726700664
92,0.8935771143263324,0.37415444779020146,1.3005280009778692,0.4845733462196916,-1.4750936568541815,1.0,4.043425028605813,2.3901955096954453
92,-0.6618486148679854,-0.617560340869481,1.227993783400776,-0.40845150202090785,0.12759015984996303,0.0,-0.41495316836992024,1.5787210888458327
92,-0.4216217042689784,-0.850716937419352,0.5904883551696243,1.0768131233766998,-0.07625444004495363,1.0,2.2535503890202517,2.3487038016551596
92,0.6116221051805255,2.063029619289389,1.9237067345995995,0.04169691723389296,-0.04754244934445806,1.0,10.513179413950287,4.212420673260618
92,0.9395888278414409,-0.6913448224151171,2.4143743561792945,-0.28771000494494936,-0.11240506823368968,1.0,-0.07576198790432986,0.7346452229723384
92,0.07347689806673374,-1.2255905911129616,1.1115896763534772,-1.246231023666336,1.2767714252946687,1.0,2.8121759896398104,1.348192682008507
92,0.7336058205293895,1.0886862432837314,1.0341545554039706,0.17919877408424084,-0.11329973653987935,0.0,2.960023947512089,3.771092109286208
92,1.6554560185442062,1.0987809339310055,1.5975994161961788,0.6816149571155443,1.7734505553510664,0.0,6.377926082286653,6.195634570438411
92,1.4566260750601407,-0.3513148820705252,0.2250788424352519,0.44522309036287405,-0.4152612776141279,0.0,1.5357633242915525,2.143218020096529
92,0.6209298334469308,0.42794908040982704,1.3067690438511574,-0.9723192461382213,-1.1516237957166822,1.0,4.459623197353061,1.6425491916037884
92,0.7320532581328738,0.4514892402838409,-0.01752697886093868,-0.9059724542607908,0.02598880000689885,0.0,2.1760371210004603,2.4733765084506594
92,0.36927422192293136,0.3333492338424183,-1.3892517476482584,1.1649491673230412,-0.9966585261628551,0.0,3.272240935071861,1.0444774373098262
92,1.0973849973217042,0.2252029214601859,0.8300315303012747,0.0815555950006947,1.4567979511066738,0.0,1.3497237518703535,3.7674732974960454
92,-0.9780746856466329,1.1497905855248551,0.19728967529157532,-0.026882104209651314,0.40985509528052017,0.0,-0.5432804763901725,1.23200965348797
92,0.77035532763129,-1.0087552381385054,0.559438201744169,-0.04216064513189666,2.5006311860308874,0.0,0.24320031551915045,2.460207840865062
92,2.28212568630462,1.1264506952071098,2.195372839341504,0.4617950059458554,0.48137727336820346,1.0,12.369596638829085,6.259509028193182
92,-1.6002233878483634,-1.8057617508333363,-1.4507617648472488,-0.3974007104160746,-2.140611537388556,0.0,-1.0066876900421804,0.31198913151623353
92,0.0019242710133365315,-0.0783970543768775,0.7456816722633919,0.014347697502169965,0.4009953722081468,1.0,2.7315803503297906,2.276750699175158
92,0.42806847402412734,0.9857191853017726,0.6640015638728161,-1.059087548136264,1.3597171543705793,0.0,3.705493979645284,3.3986972091130587
92,-0.3642254033568182,0.3017240621387157,-1.0814381907873274,0.39300563790517395,0.03253499802433768,1.0,-1.5760969178696151,1.000964437299443
92,0.15487583878984051,1.4941120384235642,0.8413511332348952,-0.11915787208847506,-0.029469895595549134,1.0,6.022073964453201,3.06871358141192
92,1.1884273106299894,0.8114899731218141,-0.5771141666462296,-0.1993991021104069,0.33362244899824495,0.0,0.7454752040839305,3.5809507487902357
92,0.6710576900699046,2.4109770404919546,2.4591663543581994,3.716985892063176,1.2323501374047845,1.0,32.42023026544585,7.087128449337474
92,-0.17840523770998218,0.0334896737513411,0.06433259166190619,0.9345203080057424,-0.24566695876666256,0.0,-0.6043387624288663,2.296091827686798
92,-0.028862961976635515,-0.15902432120823595,-1.0529773690649173,-0.03498111927124792,0.6698664492427866,0.0,-1.2405487997059936,1.1965864590126412
92,0.033484778689156336,1.0349596248912571,-0.12079180153512792,1.3469652813878157,0.027827465237994564,1.0,6.827890836593651,3.188591604661002
92,0.005931838746635887,0.2838659425532206,-1.544001443185564,0.10508945159946231,-0.7185486203887268,0.0,-2.275581614399237,0.09464410908221368
92,0.2862273147878961,0.536070876926965,0.8365260496193567,0.5371384841102174,2.3198395605351942,1.0,7.776499603033131,4.081384916939635
92,2.572999017942916,-0.24176635192381524,0.07445346734350139,0.06156217621701793,0.4742260008631588,0.0,2.786376596006156,2.8459021898627848
92,-0.2458685181103154,0.37421961315377417,0.7434933004294705,0.8049645334890564,0.3956349316072624,1.0,2.714340075192437,2.680321676003795
92,-1.072655725522292,0.9962962878870159,-0.8454462815974539,1.2868820324423231,-1.9518202587728979,0.0,-0.04416893948819611,-0.1986574796418551
92,-0.2271763463281622,0.3679200354457334,1.5910173624700732,0.5770402438043059,0.7649693081326311,0.0,3.2575865433106346,2.4330829146962873
92,1.851029877925188,2.282133525203329,2.7804889883580843,2.0189223477604816,1.091430295524776,1.0,26.48928509890743,9.300792397015568
92,2.1063485254997616,0.7817466962385353,-0.3688961816409343,0.21365394909916735,0.5520541095446121,0.0,1.8306508827339565,5.221810485603882
92,-0.017453421368358812,0.1526186046741852,0.1476930637661512,-2.2702316279938413,0.3649081146255795,1.0,6.581140100680966,1.1752168408122885
92,-0.012116552807123204,-0.7970907759214494,0.25773866567307824,0.8926022073681257,0.13220000542716315,0.0,0.6091285744546407,2.2132936191834887
92,0.31078483060402995,0.9788019710740351,0.41728305556242956,-0.6567048669824471,1.5371775336162348,1.0,5.415970791419049,3.512061498044388
92,0.4665943519338573,-0.16066022782464218,0.10647746200970859,0.6266783286588804,-0.13956830107733997,0.0,2.623615918244628,2.3691342807256697
92,0.1065451068640011,-0.20152693749804929,-2.033984859501172,-2.02100601027699,0.2434563958032404,1.0,1.5739920574261568,-1.4215327994646327
92,0.23059519189091238,-0.25343384726972296,-1.1268711804174845,-0.516391668928871,-0.17397491421933564,1.0,1.19502649993513,0.4510086213729757
93,-0.9399831517822919,-0.4378611168846862,0.43184974624019856,-1.001512154549986,1.6060519405736338,1.0,-0.24987247851371008,2.1490477943652837
93,1.587815921245431,-0.3835939490056983,-0.16225049832778837,0.3524052251695438,-1.3429331971866156,1.0,0.4697395263669648,1.4035114097184476
93,0.5688506117388199,3.1374110315072725,0.12253373708035026,1.583577581898527,0.5325047712861439,0.0,7.1078250300547205,6.749659181397974
93,0.19743125583402754,-0.1733307167391519,0.916220017275889,1.0788874023147512,-0.5974575204797155,1.0,5.802821920444924,2.2854774998276466
93,-0.41118636011197207,0.9840908833007725,0.75364729996211,0.41073713500435427,0.329017058800652,1.0,3.8121462327687974,2.3577061267676
93,-0.4139514571068411,0.20580049288231717,0.23817178104336034,-0.8808181549629954,-0.20146119292521902,0.0,1.4104766550492398,1.3604502443289221
93,1.7803605366150332,0.7404699095102698,2.5914120803921836,2.3498233475883294,0.7097977319823054,0.0,12.604664506714077,5.551805083630306
93,0.34735058269272356,0.7012285024954876,0.5325296267090236,-0.6103779973849766,0.0801135966166227,1.0,5.079432415796812,2.630519785188776
93,0.11864178571511008,1.0842116737694307,0.3775720348534922,0.811801120855156,-0.8319481045533819,0.0,1.6481259722260604,2.838334543808106
93,0.5749644591344769,1.300594718879721,0.8991635488354567,0.7947023852479951,0.351220109276453,1.0,7.33980446246983,4.330383315226058
93,1.4059575129813027,-0.10005510529516781,0.719273717706856,-0.7694363376046105,1.6823593075473136,1.0,3.7583665696163324,3.0806607508929087
93,1.032906923745462,-0.0391463506012556,-0.49748733934920464,0.6773621078890452,1.2993797122320512,1.0,5.972190773211439,3.074857414399988
93,0.2136730173801108,-0.5060679431221047,0.08174541669351465,1.1009569801187342,0.1152699623711565,0.0,2.191005790783171,2.391316355879427
93,0.6511106732514607,0.5235826420027807,0.6917890577886809,-0.34653087216213097,-0.24382666183991408,0.0,2.7719053524762285,2.7490786455846736
93,0.577943237828528,-0.31911441383997385,0.10498720784952137,0.5999516777867057,0.9727414444902245,0.0,2.0610675348806153,2.7783184628612787
93,-0.4620701014731824,-1.4789304689402487,-0.833625238713497,0.6340549988377381,0.04039785385440153,0.0,0.03246464755414158,1.3054792274703084
93,1.0695372211100778,-0.24503955921043785,0.2841605359976984,1.4804903045850109,1.2502030986896506,0.0,6.617868073412402,3.6174942074183787
93,1.5312596094746675,-0.13047498516870393,1.222738149476911,0.4227830332388335,-0.1452462661508236,0.0,1.6155652610247517,2.5918117624829753
93,-1.3392747284335083,0.3080273664881633,-0.4887940886057571,1.902557522257796,-0.03498932720170289,0.0,4.467305138873265,1.644129854688534
93,1.7800764529926996,-0.39740402119771645,0.7950274464030824,0.8840513031482764,1.1452144168406613,1.0,5.241552708233229,3.0963384314238662
93,1.0291601637066767,1.5383922763644342,-0.1592546548867677,0.9613064046619049,1.6411451828998413,1.0,9.911271074463437,6.075972489550951
93,0.6873036745414265,1.776350184986564,-0.6017196377631371,0.4604825266723892,0.2200934860597405,0.0,0.2721530340476316,4.316510541208441
93,0.645701011827492,0.8859524806658166,1.0409956304887449,2.1074949080430416,2.0965925318510346,1.0,14.747753806169877,5.465790065164424
93,0.6230931615762763,-0.5384309333751254,0.2196453355380728,2.7119610798514993,-0.4625590211600318,0.0,9.179093031126321,2.9173369648914558
93,0.07527114946118552,-0.0336254184299446,1.0617117128265616,1.2562279250147297,0.4634678751369215,1.0,6.72843717327636,2.896373742441805
93,1.2762874004628888,0.9821916517914807,0.7021322096381237,-0.22859688502506503,0.730443269500663,0.0,3.7195502783696823,4.748254495761644
93,2.2611417958250692,1.4981132202948597,1.3297153329708689,2.1569242487741187,0.78159636244442,1.0,21.215084191532352,8.639944395132552
93,1.1687567463135562,0.6560224602250165,0.40261563824566243,0.6470524251228581,1.9306183189056412,1.0,9.3867275869194,5.089302737435384
93,1.1553394809975353,-0.16461055167648997,1.5493883018671473,1.0965147474215926,0.851749144964671,1.0,8.334395154279509,3.0754158821829107
93,0.7569753332865602,0.3456048863687944,1.073742228326346,1.2294356576273335,8.467474937368102e-05,1.0,8.666116645896377,3.4413739544477395
93,2.1649292863543934,1.7136155520313079,-0.6812981085403489,0.4348902342856821,1.066352422196347,1.0,10.0941278410257,7.835857009555922
93,-1.5237377092874986,-0.6927598561442225,-0.47966112281675855,-2.2439969782955025,-1.273776602130952,1.0,1.5968604547557452,-0.1642304597776043
93,-0.8941707709604096,0.8745257892403697,0.7653789781428625,1.6615784772549131,0.4466853518957715,0.0,2.4798046255057806,2.366143362850176
93,-0.490495384100498,-0.05566172140462411,0.5097043688464985,0.5150196879354566,-0.06229634627916758,0.0,-0.4014162838199381,2.1083259098271814
93,0.1483880602263682,1.1305645339316197,1.1225363488083384,-0.09535299223454807,0.6389024671028071,0.0,4.318982968208273,3.073679565722636
93,0.2715796598953444,0.9058874238122543,1.513169321472688,3.4897588188251945,0.44136263214338656,1.0,21.239467638244843,4.614494641839043
93,-0.44214044286517196,-0.3925261938489395,-0.5943971485732367,-0.25060294320381693,0.015206235339575658,0.0,-1.2177617625028796,1.169807710443307
93,-0.5619065333273687,0.3768019079638066,2.162392415834974,0.9083021255025239,-1.0254568798994188,1.0,4.240382211800295,1.1606524951863983
93,-0.6239946058928851,-1.0481236498372424,-0.5025183290702813,-1.573409582300326,0.25644535923216305,1.0,-0.3231659322514293,0.7845955289639228
93,0.39366152496846774,-0.17575904759187122,0.878731530112189,1.867509159739764,0.3365384291923792,1.0,10.333890593385942,3.2192795139110153
93,-0.9346299422963869,-0.2681886792160123,0.11321750956756371,0.16160868781851012,0.8019259325375511,1.0,1.452651876912566,2.1812216649235703
93,1.0564463825684163,0.6430287103906718,-0.3818101359332454,0.824556504482514,1.977385559076048,0.0,3.792391717151286,4.667120563317983
93,0.69123184389046,0.5889692955076076,0.7726466371315299,1.2934805486552867,0.336564767667645,0.0,4.658091609573442,3.9646266185769083
93,0.42438119845349986,0.5758864689300801,0.8960430549097733,-0.6381998964266935,2.3710848740866433,0.0,4.792190096217994,3.6836979151894456
93,0.18627940998960696,0.49556538065304206,1.0668602913438572,0.9276374201031392,0.9604631963896917,1.0,6.704562018655494,3.39359248800373
93,0.26189428555997185,1.613456280226054,2.0976963539236655,0.05751131403386589,0.128388151302252,0.0,5.528036403803104,2.99917193438119
93,-0.047457455852114805,0.19783572168813612,0.2654678288771837,0.17934260889331416,0.6171656867779814,1.0,5.133400964424296,2.5617582817192894
93,0.10297516810652219,0.2675067829719573,-0.03768166105791759,-0.0822465947833182,-0.8554178684863352,0.0,-0.6555975657532924,1.7244045995333392
93,1.1677702817012396,1.0205098524864864,0.2682903585389554,-0.11901810567243643,0.8170064565003343,0.0,2.7172582492517394,4.7332260024711275
93,1.47204604024546,0.6354018273351929,0.7945575085579708,1.5226852835673055,0.7408002395335415,1.0,10.524804196268594,5.218686769522513
94,0.7099222332598343,0.6348627904727391,0.008461144532289688,1.301600826860669,-0.10664855231731618,1.0,7.248754703678809,3.7247666361602394
94,2.5715850562567724,2.1541802413406725,1.9094405526504556,2.896832010375114,2.1815514206764277,0.0,20.091208845633474,12.064243734127881
94,1.2338980412969405,1.9974807747732968,1.1624674310340508,2.5365307091604157,0.03961529103663314,0.0,13.359210162286118,7.346759906798697
94,0.7886792058642796,0.7520443343602905,0.9937759089988432,0.6124658548502796,0.5369073994403295,0.0,4.970580441489005,3.9805872787568592
94,-0.19737161418904936,0.9971999361673358,-0.6281625667048767,-0.39501024092752346,0.03863429069345781,1.0,1.495950411382978,1.5199345993308842
94,-0.2087521807626157,0.10395220529999999,-0.22970245189783955,1.0895651743128478,0.44239011586671256,1.0,4.089236319792424,2.5507603680402164
94,-0.7670959927566174,1.1470632824189329,-1.2637167875271342,0.2873316214946459,0.18449029390649163,1.0,-2.2400845212125025,0.21640464805304227
94,1.3731457677757337,0.9881492969702947,1.55470789415619,0.5824416612543939,0.7939982375597816,0.0,4.953394401100016,5.01918219252249
94,1.2311699304866361,0.6331179366796235,-0.6907798668047354,0.8142624188186154,0.7818842485268741,0.0,3.654525969347122,3.9350524662413267
94,-0.7306607517710153,0.1658519330182312,0.4346703826200743,-0.8454411063376934,0.8027586065639026,1.0,1.6227592048490012,1.699416931209532
94,-0.3927466957782624,0.9824780931054857,0.2639747954571593,0.634549893296265,0.38459885227813584,0.0,1.992303244968593,2.5159229486660295
94,0.6442732273483986,0.16188399564718986,2.6426714085424603,1.697851808168279,0.5498333832489828,0.0,6.598561310584091,3.0744552019717943
94,0.42283537713819497,1.9250774054184807,-0.31107832342418884,0.9938343562735555,-1.6672683234173715,1.0,3.9712780431561834,3.447695141132881
94,-2.1440822969644726,-0.18253784867466205,0.8876334513512179,-0.7559874050047504,1.0696796393134274,1.0,1.2240797313988923,1.4599781803042386
94,-0.5068058621044051,-0.3506742313154718,1.4326408809909401,1.5971816291623175,1.2906457961097548,0.0,4.0788999670053165,3.0469342337610863
94,-0.16590541058281494,-2.316537940787319,0.36087635031989995,-1.685449037911448,1.114923015284581,1.0,0.1415983345961167,0.9738674150592419
94,1.6930775790351955,0.17707934468276892,1.323820410527813,-0.037380152233192576,0.30076894870298115,1.0,3.649353576992391,3.272964893713851
94,0.7252196540881585,0.22883907796074332,0.988427574748927,-0.08749765054398284,1.7436231746732562,0.0,3.788513538073057,3.5152682824997536
94,-0.33745313916068853,0.10314067160540491,0.36234815536106746,0.8825448354218101,1.0305069109057439,1.0,3.1487432344299346,2.920805623278466
94,0.5159985909021649,1.6332692199491277,0.12906770681576962,0.4261788871283825,0.3779865384738184,0.0,3.0503100505478664,4.375697407498965
94,1.315181896646759,1.158311755130815,0.11382491322136856,1.6888295004561764,1.0122700006874512,0.0,5.565975527324881,6.161128619838021
94,-0.36353463728318924,-0.1543952391143799,0.18034120423035255,0.35513187168879845,-1.684991679203586,0.0,-2.2235118471838535,1.2061863272804894
94,-0.4017842460075882,-1.8300652529382582,-0.05708706485912329,-0.809919146798481,-0.6279598575028613,1.0,-2.0249717720702085,0.870254579734983
94,-0.42940544456818197,0.11788160127847086,0.9320813765958018,0.6233919510159585,0.4967211896943649,0.0,0.15774531978170092,2.4158805511667447
94,-0.4605072435568677,0.6995994223626382,1.280754409154103,1.3151702477261522,0.2724798523167048,1.0,6.855184968711525,2.5175701345913386
94,0.024311241169716613,-0.07384808560009437,3.0097454608640484,0.9504970901789613,0.2586966866848722,1.0,4.795157920122808,2.091585115088179
94,0.8460323313641123,1.38058507284831,2.0124208068624805,-0.40231081098278343,1.662951776445413,0.0,4.491068236574026,4.4904505426477925
94,-0.17853177442500945,0.8754191110190405,1.1695175268062878,0.085576543290723,2.8419734722401873,0.0,3.813313629425469,3.6312831885724903
94,1.7341701594773782,-0.6515350387312682,-0.5978991931827351,-0.016274118361374712,1.8410139432623434,0.0,1.813472721670472,1.8513852517420335
94,1.406496804291649,0.5295642019040255,1.465132621064979,1.284416062744384,2.1425305563344965,0.0,6.220432655111627,5.26436767692366
94,1.2492242669723086,2.0228069375250515,0.05073170635778396,0.9092931337597232,0.85333115487299,0.0,5.1821580075788765,7.068346536459945
94,0.14426750157656382,2.4075756952214045,0.399486248017212,1.062049275364933,0.4818629465534374,0.0,4.528755978683551,4.516216700659482
94,1.4278799168391523,1.3612066842925183,0.5901084136574486,-0.3826342569939689,-1.0624110526517099,0.0,1.689544716774909,4.741594896823906
94,-1.2058538367927596,-1.7152658636420997,-0.8867721478841575,-0.7368498633541982,-0.7348371359665729,0.0,0.0019191407856826714,1.060487514946745
94,-0.13504600621769947,0.6758571082078211,0.4474314449170872,0.5416479641712368,0.47233050984204694,0.0,0.9858254911609958,2.8114000709435745
94,-0.4211613913120512,0.9428271739691707,-1.0824655187876806,0.48904941391065704,-0.6486827532876316,1.0,0.1225806875134684,0.7118535081738527
94,0.9965405318966161,0.3393134097951078,1.3851164218659782,0.568045017609686,0.8075693561847195,0.0,4.083599218170998,3.571046728714547
94,0.4916253328688816,0.9139555023944927,0.12610151284878512,1.5203658780953764,-0.5022887658634767,0.0,4.60359931170223,3.716263142768613
94,0.5678583144617247,0.34860166970342493,0.0020694364275025134,-0.4881181790351633,0.8364621171000455,1.0,2.7549343615825412,2.8313908946222974
94,1.4802090492551863,0.3986719534767391,-0.06662252051011985,-1.1708043172127265,-0.030709254734353153,1.0,6.902442925580576,2.8932718289842496
94,1.6462954870808073,1.833038786702037,2.054504686932738,2.040517859912576,3.0306764712865113,1.0,22.79437249907223,8.855174838707363
94,-0.4372257099403867,-2.1269580439959395,1.485178401411054,1.7662748676317144,-1.3004236629617794,0.0,-1.7132996922571537,1.7088970278988638
94,0.28572131050699734,0.8254546430259738,-0.21603524296395082,-0.5033333137425622,1.2109248748760923,1.0,3.749866046078161,3.013971122516602
94,-0.7366932752160065,0.7253612291884262,-0.48200239039026693,0.27622546542869275,-0.4950651151886921,0.0,-2.812052979484463,0.9956127002469033
94,0.7322103084694945,0.03520843320177891,-1.8632967970955403,-0.9207799849670009,-0.990245836516829,1.0,1.1155023643108677,-0.7660193497416623
94,1.406681346044043,1.5115971666518637,-0.8585993004768686,0.19145017337024578,-0.595182358979951,0.0,-1.191898628215934,4.607807387872546
94,0.1675498926711631,0.9263922868727399,0.7260380796461164,-0.22105184384818521,-0.8721470401438163,0.0,2.6311954757748324,2.266418247225131
94,0.7778647513865056,-0.19597821214111744,0.48756846447104907,-0.08163447004759317,-0.4138332526228836,1.0,2.4148851390428314,2.0180236899733996
94,-0.844043109148767,0.6584950570120605,0.12809942061903412,1.966667553752346,-1.8045185145080493,0.0,3.558084146624584,1.4883584712683686
94,0.07836962894757338,-0.8348586446607811,1.1289330016368062,1.2656834065008185,-1.6572457560295297,0.0,-0.9433579004030685,1.3526378271914927
95,-1.6223752562888403,0.08070807633019672,-0.14428679110620646,0.16462931550716636,0.4455958129251275,0.0,-1.963622529187311,1.3208055001481003
95,0.8400399353694847,-0.9371811143512156,-0.6173545833689797,1.136844229217422,-1.0756096438564398,0.0,2.0098869598790974,0.70151253587035
95,0.4952292610183583,1.3803605656940054,1.682581824948238,2.0929001722992004,-0.543192356345418,1.0,15.10506740510686,4.125981845009866
95,0.9366757393042072,0.8898103342356984,0.5610030865017954,1.2413323056760772,-0.6762772973865789,1.0,9.39094751174924,4.156457695977432
95,0.8715221622861598,-0.49224042946606084,0.1949928384833769,-1.8500384855097982,0.8940176326612165,1.0,6.244427715650312,1.3611774729611987
95,-1.1188222883139147,0.62138662214835,0.03376573157168433,-0.894361417628657,0.3149891047910984,0.0,-0.9528269249866924,0.7826876656101062
95,0.9892379050955198,-0.008692775016137189,-1.1387786901587964,0.784377504079792,1.272415955740748,0.0,3.858535782004565,2.359384642596
95,1.1796555865133596,-0.6378091830072434,0.2340392096004893,0.14127407963548005,0.35081176164599404,0.0,0.0853777433785119,1.8543281670605154
95,-0.36296628907652817,0.5127970492009426,1.319443679476974,-0.0024772636429407635,1.0249359010748165,1.0,3.992167451764829,2.308452825830285
95,0.19440043895176323,1.3177065202963116,-0.0805136377459712,0.4093111563307111,-0.42188252211590294,0.0,0.7900480229479203,2.962434231424832
95,1.8154161127435398,2.7916407218304617,2.071960109603635,2.4988867255200433,1.4557092341700835,0.0,19.794449910398953,10.904349470128114
95,0.319565881806127,0.4271705811337758,0.3552657060739795,-1.775911789229053,-1.168773137569266,1.0,3.671501541634092,1.1527218633997798
95,2.75160666223874,2.290463083477629,1.4656975388800446,1.2581251078684734,2.833572182789726,0.0,10.146545399356095,12.70709117990016
95,-1.063939271291724,-0.5853350602427179,1.297828995976039,-1.3793195948742862,0.9707180224935038,1.0,1.1347153867117414,1.51232758877041
95,2.416534077323397,1.736291902020846,-0.505442964066851,-0.2504317371366208,-0.22780236054467184,1.0,9.847312772509436,7.655343087471827
95,2.2036381249575214,1.3286317118834876,0.3753377873727375,2.2785423544192005,-0.36222475858487435,1.0,16.459925607531723,7.770169950951825
95,0.5898223564881312,-1.6039707740996971,0.6668992350205574,1.81412715045648,1.3243211193788107,0.0,4.951284105134714,2.235285148182064
95,-2.4421086552578135,1.2234468677854733,0.14661341163132302,1.1044051977258427,-0.5674089140970349,1.0,-0.16769056974277896,-1.2660447388559615
95,-0.002511637057038607,-3.381853640449737,-0.8356598000715869,1.2854347670505741,0.2435867257912725,0.0,5.244449202450839,0.33368062566645784
95,0.6090358712806037,0.27595719615206926,-0.27765959578087784,-0.7141541762173671,-0.8896860360942416,0.0,1.5729488834371461,1.6315140506254187
95,-0.19696822848403395,-0.48360665502817746,-0.6184505887773397,-1.0915207321769256,-0.1835602531335475,0.0,-1.7380443739621307,0.6229796590961095
95,0.027284921056044298,-0.033776204177529245,0.30768156511219535,-0.8119478948065599,0.30881532311555815,0.0,-0.2216575454269868,1.8511455424608227
95,0.5566377490143575,0.40169092583526694,1.0688205250952487,0.7777269018741801,0.5892685253007721,0.0,2.79969438442817,3.4018271771211945
95,0.3874095109803187,0.27105475626439457,-0.31037375562448155,1.493654116697813,-0.3832676615120444,1.0,5.4863246224205735,2.786467159966186
95,-0.13665724678556979,-0.7952711269551813,-0.7695322982371673,-1.0386782287586775,0.14454017347536458,1.0,1.6952776527212747,0.5291163737848246
95,1.4732616935890697,1.01908650780394,0.2742002840620926,0.33515366653989526,-0.653656469657405,0.0,4.108440289282065,4.6880460058308895
95,-1.3065589284236796,0.5265375224545213,0.9220845391364341,1.8804544096124576,0.8518029025175224,1.0,7.936347583605803,2.353368300430443
95,-1.5772345533206482,-0.21729051161986856,-1.0003054089987753,-1.907056346125216,-2.1178313181057713,0.0,-0.3156219519282585,-1.5270956781866505
95,-0.46786853521115157,-0.2831827589643804,-0.5524310301689437,-0.526386706691049,-0.11496968790630513,1.0,-1.411441651517597,1.011324278882074
95,1.8551517350938616,1.1802581685924594,1.4169105828180464,-0.04223400998016813,1.1416919195283928,0.0,3.992696901306365,6.118726293232575
95,0.7031829164921157,-0.2714763485211501,0.19547178528325498,-0.08968984523613477,-0.25071857905800465,1.0,2.9807936253396314,1.933443578140237
95,1.435206241632292,0.44167482359489363,-0.05171909288979848,-0.6786947148096412,-0.34031277428157614,1.0,6.617850760989568,3.035634571027919
95,-1.6361787852432244,1.434502205253911,1.321720250702886,-0.6000961516450731,-0.46839776207488293,1.0,0.1657288923567728,-1.0748185446899226
95,-0.3433444190679781,0.5366862262357923,0.0476004634665404,-0.6139863438397979,0.4760050400390412,0.0,0.3674684154727266,1.8660795746819954
95,-0.6436320265152056,0.9658753257740169,0.9101397888918119,1.8617921100778645,0.6997218583091133,1.0,10.35934209738811,2.888915614619571
95,2.629624365546757,0.8663026961186391,2.1789033426463984,0.8166368659722829,1.322988366455039,1.0,14.4699023069938,6.613963642103142
95,0.04747661046610768,2.3029668765113893,1.9537010173204141,1.2184603083829106,1.3672345252883593,1.0,13.974937828674243,4.180640346077967
95,-1.1806016758608546,-0.3926297861595729,-1.2996664128624613,0.1461031942640813,0.26577964403875565,0.0,1.1480722429265837,0.5008521095947209
95,1.6184442439548932,0.3677337140932044,2.6156881714144475,1.822704984263683,0.7259198045494667,0.0,7.211735513150789,4.305531722519718
95,1.9789869763418673,-0.5737378995342437,-1.0830703523361946,0.3315999002305738,0.9437542616151346,0.0,1.6640758745136837,1.131964837742673
95,1.6407460120158999,0.8528282874285151,0.5958941591173665,1.1107859604524362,0.5910939485369362,0.0,4.728472882250483,5.622595779140598
95,1.9838920139418186,1.2294437973134205,0.1190278149490464,1.3269205725451714,2.1948543198756223,1.0,15.907132237593592,7.859077539473401
95,-0.7608023333914382,0.9811345097549047,1.3034754157524975,-0.07861382465108402,-0.6780991948438686,1.0,2.293705927477593,0.9012463164953632
95,-0.273780588274425,0.6634408114172808,1.1432223941284225,-0.09489433815153725,-0.7978478241405467,1.0,2.153598124039272,1.5530973775253358
95,-0.5815325417193555,1.4208289067253308,2.3010517496998526,2.20353688863327,3.01351150321565,0.0,11.15432899725595,3.6853800599424584
95,0.14156032649393963,-0.29306107837632145,1.052702639712583,0.5194065066859391,-1.8033647114157638,1.0,-0.4547767502634248,1.2623609207077278
95,-1.083183726710203,-0.7432067816500902,0.6823864338784122,-0.8615123686385078,0.3421132883612584,0.0,-1.2316302004365347,1.7493978471215061
95,2.0864083323670117,0.1038536777682521,2.0706969856411925,2.204827538771312,2.426327301605829,0.0,10.182587611173018,5.183399740544906
95,0.09124866812576332,0.15189433013390957,1.2447360151914726,-0.27697693751842833,-1.2854057234503906,0.0,0.15432946756276164,1.29692174279853
95,1.2594397181638617,0.15115361058510518,1.366044395107655,2.3275109865100627,1.7286724281980994,0.0,9.768544477028575,4.810103709634353
96,-1.087606497071889,0.5164154383463077,1.1149057698968066,0.5072053453920492,-0.5628009195487909,1.0,0.6244587179704759,1.1226648745616932
96,-0.2259564042891853,-0.8952795008641881,-0.6949981658471607,-1.446711552721059,0.9394167466093913,0.0,2.162685474437512,0.8085845746485365
96,-0.3595131872795341,-1.2825195725362786,-0.9956098474827371,-2.1665844414318682,-0.2142727506693506,0.0,3.668648490027374,-0.5041759271987214
96,0.2338421034226686,0.37659023104952116,0.6375135812632167,0.5002289564637928,-0.9108493235203166,1.0,3.8605452122579003,2.3103035809974646
96,0.8965899696149853,0.5677403859002441,0.08927035401184863,0.27054494098780835,0.15129260835460667,0.0,2.558251856394395,3.4927675121929913
96,1.2488804702593919,1.0084996450511858,0.49519457452194643,1.1758634008103732,1.227839586054949,0.0,3.901210054452064,5.717510613439734
96,1.660883214904792,0.7855840302086672,1.407780960493324,0.4863324358359448,1.991883446399505,0.0,5.417739922504741,5.63328970328276
96,0.19787491296446685,0.45481670510765854,0.1948810031957564,0.7992739984221942,-0.19137446038842865,1.0,4.88963999477573,2.798803615790805
96,0.7636110666279096,0.9605941539052165,-0.5741351992677508,0.31054923177255983,0.3098062460452753,1.0,5.852011097766538,3.4583953732812605
96,-0.38742861604080436,-0.13669212476831616,-0.3709395796143744,0.38945572299008513,0.3657644999894257,1.0,0.8660300200321642,1.9150255596347294
96,0.4989549393048839,-0.5886656956701017,0.8301874029845373,-0.32562636965864744,0.02378925125575354,0.0,-0.2871632349025955,1.6003395653342394
96,-0.20362312641109315,0.8236205197218349,0.3012950897869441,0.6486246285998697,-0.27389580483290143,1.0,4.209777362126204,2.4352554310887884
96,-0.26077865156020785,0.4770673464558474,0.5552050701108467,1.3189985286555879,0.5245246482051668,1.0,5.649378027517711,3.0328918537003138
96,-1.261403476017072,-1.1774509724516502,0.28884134544397505,-0.08040904381024039,-1.2351041930576117,1.0,-0.658812819884903,1.7110521316191534
96,0.5445247234931706,0.6786021944292249,0.3217277719343258,-0.447332738889338,-0.46051706204686904,0.0,1.6528229781624244,2.636708618995163
96,0.3936609496635697,0.1389864033072573,0.4419144401853755,-1.0169564690176414,0.018050414779415547,0.0,0.436520340422319,1.946475959071197
96,0.237417459925287,-0.2789960218888249,0.5993731850271219,-1.3490553179094558,1.5944025927059864,0.0,0.8852770977452025,2.1610218011911595
96,0.6472734080413961,0.6134058867764277,0.49970659630331354,-1.0995841136318805,-0.4642174834679358,0.0,2.3374377463559832,2.373056655197093
96,1.2571674777916013,0.16475326832213094,1.3757210431941338,0.05674418315378371,0.007631395651897965,1.0,6.967901698458162,2.8319715260655682
96,2.3236720516934524,1.9317286616200724,1.6158161544600715,0.8682824656198643,2.00666840140426,1.0,18.564563600525464,9.816783148238752
96,-1.0462670864533627,-2.026353668607547,-1.1149799618178704,-1.0939439134047582,-0.07154438946099495,0.0,0.9852848315920129,0.8837581152336562
96,1.639616430955128,1.6476260388963184,1.9379495096236579,3.3376740644800678,2.6661897086018156,0.0,22.34259193860156,8.95704279700036
96,1.1352502847298713,0.776453476435593,1.1322798285042626,0.982273614874219,0.12210682248412608,0.0,3.6584204593352494,4.380247839937544
96,1.9109137838037227,-0.3876621402282987,0.6930667714554561,-0.00027001867647813427,-0.48499189484054694,0.0,3.612267433302723,1.894029600716964
96,-0.08480270050667538,0.001252144215140083,0.1269423885254693,0.682350959470567,-0.396983500626373,1.0,3.6724648410798784,2.156227089220862
96,-0.3604961706246873,-0.7599476006389521,-0.8449908320401722,0.6187982415694852,0.17363429537437752,1.0,0.5057837777248687,1.351195306553893
96,1.0232231345354457,1.2886632632474835,1.615621702439527,0.259965180234444,-0.4922306003426913,1.0,8.115892684703773,4.121401037863244
96,0.6960223307248762,1.3461904979658117,0.8535626542372332,0.5688013107314642,1.9182843849605482,1.0,9.838112783180522,5.285711648116763
96,0.605027102805757,-0.857778556033957,0.1600741306113596,-1.0480123686557614,-0.3790216255050982,1.0,0.45059285346988576,0.7083805373120214
96,2.261930566259723,0.9205979529178931,0.8013491143261774,-0.3277840510833031,1.5662699941893652,1.0,9.927225459851755,6.389248717466443
96,0.30738087863806585,1.4714454871823914,0.07582608580434258,-0.07842903598172601,0.7787443430496673,1.0,3.6086968567441007,3.726904665566599
96,1.4971367726895122,-0.1455519570795033,0.2001522559114241,1.873245951579771,0.7239999996334774,1.0,11.552583823885413,3.8366166419881327
96,-0.4677063825653751,-0.6719551691839025,0.5575131804792666,-0.5301453398508513,-1.220326204246349,1.0,0.7928603549677882,0.9965412177731232
96,-0.10309677697791608,0.14689099001772815,0.06280897067669344,-0.34411059163419877,1.4914835624580949,1.0,2.8631043796086093,2.6098722545967403
96,-0.7793330830305885,1.5610841476327657,1.6823474493417017,0.9372312465554866,0.7324675299793707,1.0,5.561750932151685,1.7389742077237678
96,-1.0917951836576565,0.09999740300691956,-0.10642917086375059,0.8044093590316106,1.2652271367902463,1.0,1.3483639000989047,2.370869848979987
96,0.3373479534293839,2.3393763893378123,0.8350356047904111,0.9162683557926301,0.10910976183924226,1.0,9.432968186281421,4.728904158366362
96,1.9051706305051028,-0.7837585881156024,-0.06271943975623906,1.4691078057912303,-0.478651017573528,0.0,4.946523934058616,1.5294146325543243
96,2.1358177315551963,3.251963508411429,1.7462356656319473,2.878829270169243,2.4197887282322634,1.0,35.02311608985788,13.987378026246576
96,-0.04141815087391543,-0.12162613020878354,0.41581835999033134,1.8798584087459027,1.327981497121305,1.0,7.705272588504495,3.650130581389882
96,0.7277477860882027,0.6523488909909563,0.5821499466498701,0.2860074797371043,0.7516872952103684,0.0,3.2472436828275733,3.8099986559323114
96,0.5941274456401157,0.4352832873180359,0.7053771584320179,-0.17732170603762376,0.8749923922912635,0.0,2.4230693555898766,3.236210122621772
96,0.8018319927446205,-1.5997386591547813,-0.9521610371859868,0.5643086471369496,1.5777905907436018,1.0,1.205837558055404,0.49321804162683347
96,-0.5818429579993236,-2.026111442944506,-0.8407405990747812,-2.5858373619451913,-2.5948495257231388,1.0,1.5986694815411848,-1.468901107805662
96,0.5161566093766675,-2.17328320839862,0.820074719113019,-0.36378777394945194,1.2185897039863973,1.0,-0.9829906871281051,0.5692871078171061
96,0.002030719921009727,0.02047562729174468,0.6703860858300517,2.358324395298621,1.022688135276704,1.0,12.688487974897837,3.820575915650735
96,1.061543702895947,-0.054916733225424674,1.077533393783101,0.7161630270528457,-0.0817702709274748,0.0,2.642499925941863,2.774482418213107
96,0.4772360427500336,0.24750589489098274,0.3066488619227201,-1.3691409688798453,1.4760149075116238,1.0,3.998466524513989,2.6406016171093403
96,-0.9475366866814059,0.34817560992240326,0.6140267989814764,-0.535816652907708,-0.13186787899250574,1.0,-0.9133712594761609,1.1609159879944073
96,2.7240477580160696,1.1975575947907777,0.6149731233439506,1.4868099473106826,2.261705334370432,1.0,16.434686136472962,9.22153991342247
97,0.1337276326593867,0.4903249384130619,0.7830600496452559,0.5569996287092679,0.78322845161764,1.0,5.768083306028409,3.147998486743406
97,-0.35126207624202976,0.19248262104311403,-1.0227398306980546,1.0065011642325628,1.6197670045335102,0.0,0.6849994336302104,2.1757919544152746
97,1.1823580039826989,1.7822574475402884,0.33610378105040783,1.2249153433326057,2.128541828008653,1.0,13.952798533174045,7.378401405438147
97,0.7982021010725818,2.69840779609794,-0.5949530373555445,0.7147149940418223,0.9565696152338093,0.0,-0.37350915627491554,6.268520327841011
97,2.11904088402238,1.4337965208677659,0.9864128056745396,-0.14572617586908232,0.36728599191020916,0.0,4.071927747113573,6.970363771930241
97,0.6759838391051739,0.5628866161777443,-0.8156193136085113,-1.0268500464961587,1.0047752682409468,1.0,3.6454122385946026,2.2665080090812397
97,1.97772119797955,0.5776891770329398,2.0279861907268613,1.1324980454658449,0.2867804046910246,0.0,6.3542189708872785,4.702417311269976
97,1.685168540450411,0.7185423892943451,1.395873195780169,0.18497979163134032,1.9891660035619256,1.0,10.476738992919945,5.371762431927464
97,1.3565613068275952,1.6681196803153906,-0.37437426346015,1.3738845106880175,1.111590977150715,1.0,11.510505455164562,6.761534349068247
97,-0.2986817500454493,0.33106948727454144,2.060629392074866,-0.12455622729638027,-0.4518193798070792,1.0,2.5819444895118218,1.1889577576288366
97,-0.2796779711714752,0.5752654966460474,-0.6623769073396313,1.1322077587193717,1.6819018054722954,1.0,5.434852648560153,2.8513036834965173
97,0.15459529890373452,1.4345207101011086,-0.37348770405454756,-0.8643596172496093,-0.9241339937623545,0.0,0.9041700816641203,1.8663979750392694
97,1.213218559260659,0.6103790552291822,0.1920647349587849,-0.4287260125623109,2.235717490072231,0.0,4.157513635575805,4.6334623100935675
97,1.2179205105554884,-0.6092458383999733,-0.06558507471722741,-0.724636549259684,1.2716368252535148,0.0,2.18071458555908,1.8008820039539402
97,1.729253634915598,1.096415969057258,1.8542665038505572,2.3037901428237486,2.9890408818833554,0.0,12.933640665976933,7.602675855688637
97,1.9461313426631053,0.26970125577239734,1.3912296330812715,-0.4183743324887049,0.7355947255609081,0.0,2.862303384607963,3.6656186302842295
97,0.3737388340016722,-0.28993560862216894,-0.30737207320055715,0.7544672322114352,-0.040893060503704226,1.0,2.3626068728679677,2.0897744179648514
97,0.6090541107381674,1.7844444345768455,0.37695403643808245,-0.49058932335179195,1.3536172596198983,1.0,7.410059275585971,4.833353613314438
97,0.19739568406414965,0.8400760423534848,0.3628937392570679,0.9809230364374937,0.3522535266352918,0.0,2.689094860511322,3.467471916273084
97,1.8355734819941012,2.1797131460086794,1.4849116976933574,1.047772042825521,1.933153398403934,1.0,20.604078616026555,9.327364617401125
97,-1.3617760615988872,0.684797403568375,0.7503334135917048,-0.003301640820072005,0.19538415552856714,1.0,1.9135357692745936,0.9316394844922071
97,1.4355915787906257,1.298256204873136,1.348558994075181,1.0465172619622762,0.7985270839637546,1.0,12.297272540154651,6.047903719023648
97,-0.657292345878248,-0.2058453434402835,0.5828639682034016,1.509136929265319,0.054420086489094854,0.0,0.8404443075276278,2.611831914466498
97,1.9550532738504018,2.398721071356475,1.3934105803984016,0.9157324865036539,3.3135989788070765,0.0,10.919882335920754,10.854342626731237
97,0.4166667504400717,0.21596043658662795,0.15489687455472462,0.33449079664053083,-0.37160295207574323,0.0,1.1442480534142012,2.4532169324462867
97,-0.3557746634681772,0.1600359236430935,0.2471682520545026,0.015725950953162426,0.23800329823522776,0.0,0.5119918631198837,2.0652517755064905
97,0.24192622947366954,-0.6839869931418912,0.6659234787331897,0.3991093886448449,-0.1736450815571442,0.0,-1.2973714171259636,1.8455357254933158
97,2.108454011888101,0.41657187323114386,1.1109437706977296,1.1725967733299951,1.9721706512842623,0.0,6.588537052470508,5.712507162232532
97,0.5157221596871506,0.1571293417467462,2.1641663397091726,0.47727471430710977,2.163109025708269,0.0,2.9901554189051422,3.2605777349126575
97,1.8935118928025179,1.3129441471501724,-0.07190628182336711,0.4901895731622779,-0.497373600242609,1.0,8.26802474067376,6.047174079789361
97,0.6152362210637228,0.7984558799236676,0.4266035016114533,1.606603389650069,0.4069425842757273,0.0,5.379782689782039,4.328536171472991
97,-0.2177162942265165,0.36015447436877623,0.10846917542287693,-0.3075300524037151,0.5205365726555088,1.0,2.6309055167047815,2.14766842498181
97,0.41315601137136926,0.42728711875019776,-0.3190696684541112,0.11220635997359091,0.5284437098165147,1.0,3.853322769569102,2.7070756658672606
97,1.8332121579229281,1.2680628329539028,0.8221396278082945,0.9283044156522,2.7543750182069306,1.0,15.017914670390583,7.808330495579259
97,2.664736567839396,-0.3286838152080591,1.3385819462009074,1.3917122380421958,1.8570065379102276,0.0,5.340212049371041,3.8159539865521745
97,2.0257928205989852,1.5065014006442778,-0.024767962501098917,2.464530115750134,1.483803323083866,0.0,10.73688216991581,8.779482860132166
97,1.1593585347751747,2.328450121081987,0.7041403237541018,2.107647358606455,0.9049516115212919,0.0,9.019294717579468,8.063950865095507
97,-1.2289409918299838,-0.8935037630735163,0.9311333440694707,0.1029004876196884,0.8744220877013085,0.0,-1.2828314018104203,2.5879940703651925
97,0.17512139653610687,-1.3845870292091222,-1.585606090336635,0.1874703830619046,-0.5019953162926931,0.0,1.9260886114939222,-0.8120783644801
97,0.9149342789473716,1.368968938767932,0.7345279708001321,0.9961111897823707,0.6634321476517533,1.0,9.321159060677216,5.333651079332623
97,0.057845303120748925,0.2331923576857597,0.04249656968052795,0.567511967442862,-0.25389134910930433,1.0,3.4652418077663776,2.33616366369583
97,1.3028645643189207,0.3685783359808569,0.20462116558461468,1.8916262360684837,-0.14040292867406756,1.0,11.914155932851592,4.272989372272951
97,1.0792100224556904,1.18094826675742,1.941516139277109,1.8827868001036308,1.1673656388899913,1.0,16.228279083144034,5.538118200142221
97,0.026302448023178215,0.8321886629393929,0.4294811154084086,-1.531453895228244,-0.037703600890473976,0.0,3.8370374251000876,1.7904778993142951
97,1.0973140473157423,-0.4806374567830405,1.6753205397372868,1.0534785706094094,2.3760272388172137,1.0,7.4431692619797865,3.2290072465604465
97,1.2255231642918591,1.1321550174992536,1.6805822808613573,-0.9098216980447584,0.9265505760737557,0.0,4.456383412747611,4.3054113237921925
97,-0.427360043621284,-0.1555841009363489,-0.9708059662934361,1.3949375536027424,0.890938596879892,1.0,4.612207638657946,1.997187965526067
97,-0.7263036072015348,0.308406561215625,1.0878685414883984,0.720445144738029,0.9541776663959838,0.0,0.4150725475331627,2.4126744787887096
97,1.8209648603321964,2.131209447755116,1.4336867495360095,0.955506671088043,0.9443869986615241,1.0,16.0678644661217,8.660415270942867
97,0.8747650126772238,0.7297765692359058,-0.27823005601535844,1.2943712629478106,0.07176906821090517,0.0,4.441882610369628,3.946152005091001
98,0.03426940740368278,-0.0314197137495309,0.2357241595581746,1.4684113821270013,1.1549420604250902,1.0,7.434541158954648,3.4022323837884016
98,-0.3566926855199928,-0.7503739534992997,-0.6116212692565344,-1.6314272589500791,-1.067675160674966,0.0,0.7432028210019308,-0.12252409470919501
98,0.3520169590851364,1.419674380632655,1.8938293025491026,-0.060317161687075904,2.1553484342936153,1.0,11.74078394934,4.062581298426524
98,-0.6215186798857666,0.26957818449090687,0.0283832025653612,0.6301788614812108,0.7733075234643967,1.0,2.817111462701438,2.3720138926543273
98,1.3547385906634353,0.6194089231869536,0.32319843006525295,0.06731977496456709,0.17458846952384233,1.0,5.351359811307903,4.056988711183932
98,0.6957730898901218,0.4472116018268173,-0.12931734991101496,0.4315885892411351,0.09524883932139633,0.0,1.7533830739115799,3.0730603406494557
98,2.1093959801345017,-0.2158342129969305,-0.47730564161896516,0.5499419025457186,-0.1974249675315618,1.0,5.870265357321132,2.3173426092632385
98,0.969042417129531,-0.33105628732431314,-2.142352336048076,-0.5149526036286622,1.4004829698681984,1.0,0.2810552032542031,-0.17116690552037306
98,0.06359857228847215,-0.6611965185066129,2.707756230358639,0.34511977739217525,0.3228246959878366,0.0,-0.780389010990199,1.439640452549803
98,-0.7909409484327914,-1.1175887760175922,-1.1942323956353273,-0.29555557926436293,-1.2350805560807303,1.0,-1.3348379101481909,-0.06502507082661868
98,-0.6560014435415631,-1.6373339609049227,-0.050995682289524336,-0.8895796130812808,-1.5218435268818098,1.0,-1.5293979257193318,0.6949163305211203
98,0.8368724249000878,0.6230800476968444,-0.4565595248316563,0.621915683750214,0.689027867805403,0.0,1.8847736313219412,3.5761813438107284
98,2.168838115482737,-0.1783786838111222,0.49964194576832305,1.4410264984724792,1.1891488977502047,0.0,5.955214482792708,4.051018064367398
98,2.0996793959959956,0.8080828673974805,1.3362217984187783,1.7858759205257235,0.9017372633554228,1.0,16.009440267294337,6.394942756972071
98,0.9071294437841697,1.6548401690180945,0.9258785258240526,1.1154877374704912,-0.09293050144319048,0.0,6.931194394586905,5.357489680657915
98,0.6411637229357025,-0.09301895537298677,1.3248713454936278,0.779453990798914,1.3185489375564365,0.0,3.12365312576417,3.1693227207567607
98,0.25451257985383274,-1.6295490624074138,-0.3559309570364776,0.28154931210275796,-0.31470497044959933,1.0,0.006440375445838975,0.640520206009437
98,-0.5912539274021944,0.8436815796868263,-0.2617340314823786,-0.1943531631289841,-1.391963882375014,1.0,0.22416784689354152,0.6693009798680074
98,0.3224073639800805,2.3109331348578612,1.7722899365537759,1.1295599980482705,0.5263310599927257,1.0,12.817395659490431,4.575689661406995
98,0.5308374241789166,1.405874394864044,2.0850942210470187,-1.0015415551743345,-0.43048581554874665,1.0,7.406964169742048,2.549256387006655
98,0.7623729187817114,-0.27234966201549526,-2.0552736421049738,2.4785040082840633,-0.3681862579663715,0.0,8.491150821313342,0.5991557859951251
98,-0.0006763429657908882,-0.6210290630476716,1.1831977200292076,-0.2431852149335677,2.326026973089151,1.0,3.527562572826155,2.7005533154094414
98,-1.2386728664899758,0.9224340313732253,-0.2166814339978652,-0.7803580621525898,-1.6296019210285708,1.0,-4.67705681566571,-0.637417848243687
98,1.660005484742784,0.7766295185939377,2.260578748209287,2.0421920603073995,3.2737378882561656,0.0,12.015112506454255,6.659411749994655
98,-0.48595355002261964,1.0931158789342557,1.6383578769365963,3.088971241299098,0.5396911156305447,0.0,13.206311666109128,3.3383775757231224
98,0.8754626597634705,-0.6106879883734506,-0.3177799480283692,1.2695981501876872,-0.32450070196696257,0.0,3.6040920056467005,1.8613429876115766
98,0.38271768311079674,-0.016694364215671387,0.5304315499193775,0.4227848091345454,-0.28197450415691705,0.0,2.247545897080414,2.3748321858087493
98,2.7208762640002657,0.7628737280121213,0.6002619276722793,1.5528179578373331,0.5632143295311186,1.0,13.91758474342877,7.000894813615247
98,-1.257271172918474,-1.3937386742731774,-0.7482648695370291,0.33633262024060206,0.8422091716623172,1.0,1.6348989419100424,2.374811494350592
98,0.8849629814767764,1.4849912750773364,2.00864572597419,2.502504712220349,1.8384835750285955,1.0,20.74028733707593,6.249963719254136
98,-0.6614179239835418,-0.9365954718995031,-1.5047590820752927,-0.11843812276446763,0.19515416495215188,0.0,-0.9807102231048681,0.17244207277014545
98,0.21867143927507948,0.6664333101640714,-0.6770890196043173,-0.24065117418410453,1.467022814134447,1.0,3.182836444176499,2.6423234418405332
98,1.2011274779287997,1.1626990248787261,1.643245535101597,1.031127726242349,0.7196696921743239,0.0,7.112364221232193,5.203098630194917
98,2.3781176884603243,1.9894047070071816,-0.8399728873053218,0.8708395167696567,1.7086347941913613,1.0,12.341181124405018,9.452033447679145
98,1.2590874862246233,1.2809062660337651,3.212162402609148,1.7139310663302887,3.2974114690363683,0.0,14.098384795519129,6.9970114072296425
98,0.34068166460902105,0.9501906260238087,-0.5558133160101137,0.6016043019681583,1.1390072172915209,1.0,6.042013041141985,3.4110193589081774
98,0.3193155344917131,1.8521711188475851,0.2290553432115437,1.311792629263155,0.004551413265232895,1.0,7.891146543958007,4.4237513513746665
98,-0.2930553004478774,0.27563801618895695,-0.07025264949123344,0.2710658367991873,-1.612371814919073,0.0,0.27897797309263883,1.2022681598068201
98,-0.059901713514354915,-1.7413421762193284,1.171936437811546,-1.1282572220926803,0.0249730604723028,1.0,-1.4091056185857576,0.6263815510556783
98,1.7517235115173466,-1.136595958310232,-0.22922382406662667,1.76522785494729,0.5879586774173349,0.0,4.7944122846895425,1.3523863198474615
98,0.6095304162094692,1.0546703197506417,-0.30226329776225047,1.379153079304356,1.016850232058993,1.0,9.484913385088229,4.476489206353645
98,-0.565090498083241,-1.71277527841574,-0.7517998937606605,-1.3670653753280335,0.3414473802649035,0.0,1.532587917605062,0.6706920095125621
98,-0.3223880021430193,-0.3224006615315351,-0.7341609557186706,0.439169808301514,-0.011831688408654228,0.0,-0.30177958043419856,1.3705254999422696
98,-0.45684042187845,-0.3272086455605686,-0.5956993909789423,-0.3817403116140583,-0.7074288208958179,0.0,-0.2954925834721276,0.7427796217778062
98,-0.2946281869163422,0.6096952792509125,-1.6304114648355532,0.3855410602886582,0.22639018690540702,1.0,-0.3910826011243309,0.40908019001697665
98,0.7641976113286416,0.17034245984006574,0.6277465821721225,-0.2532758105910359,-0.17095415729046493,1.0,4.64534992456293,2.508556688599324
98,0.48730696067683454,0.6317418822073138,0.06624577370173024,1.1437557232007602,-0.5130008000785318,1.0,4.780910245715232,3.213683537477152
98,1.733461301866872,0.7060087838612497,-0.4719962312290926,0.915478294771439,1.5318271628470912,1.0,9.344894785448966,5.321891008287932
98,0.3178884139460991,0.8001965990917713,-1.041330555318387,0.5546240607969571,1.6837911090900604,1.0,3.8724272110644358,2.917030374473395
98,0.564989355380864,0.034530893931912165,0.23378930217305954,1.031252574845052,1.139679395490021,0.0,4.075907343041026,3.4944258794236873
99,1.2810935150195166,-0.41805275363343264,-0.8164402008357439,1.4710467979471984,-0.13879189669106284,0.0,3.990952557390414,1.8386826707845552
99,0.44144656587896836,1.1037437237054042,3.412874393110812,3.8282676996450804,1.483267597334438,0.0,24.738075192602142,5.658615641710357
99,-1.3247073880800566,-0.21553146600898632,-0.5172314316751818,-0.22800393585167944,0.9889712689124519,1.0,-0.981186394653619,1.5064561476631266
99,0.8177527758290867,-0.9286225860582984,-1.3306675572972944,1.3425245941729096,2.4121211862290113,0.0,4.377681642914654,1.6349982121500188
99,1.3608174485919486,-0.31232258977787075,0.9940555044010995,0.107427673132379,-0.08748528550821111,1.0,4.08818542908044,2.1515271963237694
99,0.9932498002538981,-0.5014956866011915,1.3505127710129678,0.9401441659503684,0.20369732646664934,1.0,4.484910977428798,2.213450033664755
99,-0.5721007039077426,1.1308579053664516,-0.2862033510361841,0.825900644392126,-0.9125281748964353,1.0,-0.5671764417951399,1.4053211830873058
99,-1.495756661239162,0.480334182296706,-0.2996608832306784,-0.13621991548474333,0.026786192319399493,0.0,-1.3004662835242224,0.5247150545890992
99,0.5812377211843364,2.1504915739787434,1.7273092800734073,1.2574705867206109,1.6536845522084596,0.0,10.195324236689189,5.779168941652866
99,-0.8623475027916156,-2.598579378697586,-0.11674984629544871,-0.5479477764512213,-0.6520216055487187,1.0,-0.47239135304829605,1.8452478576142584
99,0.9128925419371228,-0.8716228521142759,1.7184012691469577,-0.10138534040570946,1.247606152855134,0.0,1.8590811784189936,1.5101783422379778
99,-0.12095960060630617,0.4715623566815727,0.5246593193040389,1.2250792600566123,1.4082021351953653,1.0,6.620856442338582,3.5627263859891736
99,0.2701580805548953,1.3632310290800111,2.3937414929004017,-0.24323082390305584,0.24540930809603756,0.0,4.869919562026316,2.649790510913342
99,-0.44629280948275396,0.97306752768004,-0.2238482015664346,0.09470964801366666,0.5416654606773725,0.0,-0.20851227332151268,2.0104282058865532
99,1.2450485143144867,1.6666563779141237,1.7133226247340518,1.5849890266152287,1.1449204160310043,1.0,18.27898815582065,6.610492279679817
99,0.3139704845950092,0.3835401822364804,0.5905389454947053,-1.702060837895826,0.661259423729984,1.0,6.797662922974771,2.074685106128128
99,0.8567928868323836,1.4060726688570626,-0.2670877572881847,-1.522890328939936,-1.8344146405537098,0.0,1.6190471992003066,2.4884930705068076
99,1.4867615640414598,0.44260811871335204,0.13163145548774247,1.8228806825784445,2.50145753473712,1.0,12.672404992711202,5.842071498496421
99,-0.4282736735014656,-0.40348276709399533,-1.103473126905946,1.182772306687235,1.5190058257175896,1.0,4.141478780532548,2.00657344492309
99,2.2434554804562223,3.3743151380912724,0.5379092038282708,1.6613070578927778,1.1319763068635473,0.0,10.14972615387003,13.903389142341585
99,0.9417688346916533,1.8486855274732765,0.625576021228055,1.3392452818006033,0.10342706522743461,0.0,8.104306243648242,5.981011736665546
99,0.8958595634260678,2.3609720244979986,2.0755943163478694,1.381595179574552,2.4435342072404334,1.0,19.552356500784985,7.210246376604701
99,0.008112040022053235,1.1019458776443936,0.9423684110946589,-0.5500126843408082,-0.4726402795752167,0.0,3.2113284810623366,2.111699454569571
99,0.8010534448329674,0.5922660425286783,-0.18994880329511388,1.0563119714034452,0.631886285448683,0.0,4.0789048212906724,3.902235126867927
99,1.9942649536816133,-0.00761733289232891,1.7227952895601375,0.13908026232855508,1.33259145513506,0.0,2.479504988712367,3.4239519847196327
99,0.5148287137257244,-0.9547767301783039,0.40251997107956794,1.151391297249392,0.42001127204147287,0.0,0.6345622502262032,2.195517533662805
99,0.8808828987571842,0.6926839633099093,-0.3454977746330876,-0.8678859714576888,-1.6800326763775195,1.0,1.7310600388017672,1.891155667619343
99,1.285389867220186,-0.6463141807709043,0.28452801142783835,1.510032913065332,-0.16321719053081996,0.0,4.219777946128709,2.264238260065191
99,0.5928921715717826,1.688482875805714,0.3357177805276117,1.457233429153575,0.628066228188583,1.0,11.367703119360732,5.296458603782263
99,-0.49026964441714294,-0.898967500815741,0.2780158661514013,-0.3657123282488979,0.46133412806462987,1.0,-0.5398508503837571,1.8945386101474706
99,0.9241617306407066,0.7244894056221189,1.655503402919907,1.2084033771106166,0.5286889332123685,1.0,10.711581686069136,4.105562994843615
99,1.077738882893584,2.1216513629764795,1.3807224016142792,2.364416054397186,0.6197811832827108,1.0,21.291949100793914,7.257672601706872
99,0.9744601932826993,1.2272218476057555,1.8901567123951573,1.7538490984757047,1.7014415921896633,0.0,8.870992680092241,5.655484209123402
99,0.3438981020941793,0.8022829141803494,1.3908225489023414,1.1522734684184832,0.7593196667080537,1.0,9.078094264068813,3.6792056965901683
99,0.8006751370428831,1.5794468007880993,3.072499388220026,1.516224820863923,1.6797342980099532,0.0,10.694488584828155,5.591299996366063
99,0.6177289947351623,0.1787883267377332,-0.45642090908715616,-0.24764510520623773,-0.3999339321787153,0.0,-0.06882178910788017,1.8543371064534515
99,0.869371727215419,-0.6668867755841243,-0.01520260373291038,0.7428584845580505,0.15474860225608594,1.0,4.094857143511901,1.962556652055091
99,1.3296997047331787,0.16902488235754648,0.7745983189007386,-0.42031532445596376,0.6309663046937038,0.0,3.207816550017148,3.1814413184135844
99,-0.01604584514431051,1.2241615607431786,1.956589871652619,0.7365366203489707,1.3836023985464156,1.0,6.749348944320264,3.2464851216847395
99,-0.011435581058412692,0.6427006263497216,1.3818572099382425,-0.32952386718749627,2.5342399128755124,1.0,8.429542734369823,3.2893864925042697
99,2.0092743924419514,1.5218500268721262,1.3070793380484926,0.8430475762601299,1.474808388423199,1.0,14.392599500635779,7.896514977537317
99,0.4640707542865005,0.04679713813021752,1.5752446640544617,0.6946647587205345,-1.0094367107130504,0.0,0.27345502393358134,1.902939162840689
99,1.7840483960913263,-0.3302422059027371,0.2919129491025338,1.1539299844450006,1.1208691075459525,0.0,5.301912292911204,3.378786148386578
99,0.10653507946745944,1.1469701536371,0.07311142697192341,0.5706254309756709,2.2753195358996487,1.0,6.958408264660652,4.205801919852497
99,-0.03152725842757376,0.1603808474039029,1.3724698923088217,2.476457637741671,1.3394159635700134,0.0,8.878055676239613,3.850571020591566
99,0.13082278940953124,0.9481238224122494,0.5131534741173911,0.8151166718122794,-0.2722472978437117,0.0,2.2912552224297977,3.0627216495357517
99,2.2287477694287228,0.7838889628734703,0.9385347901394887,0.01992153465115004,0.3103356247666577,1.0,8.017563821644298,5.478775752023033
99,0.6262307693462932,0.19035671011274008,0.8999049864659312,0.8579029448805928,0.7170169756266677,1.0,8.057007418065842,3.3865978143629962
99,1.5948364820180072,0.6494877748822445,2.025939170256374,1.0837688161426478,1.1522202119730727,1.0,12.862141903722527,4.849362405606533
99,0.10928330861415753,0.5692811944293993,0.17746531285558098,-0.6764909962438845,0.29292538822165093,1.0,3.066507630999913,2.2827393522394237
