rep,X1,X2,X3,X4,X5,Tr,Y,ite
0,-1.1201188764734213,-1.0351010430413163,-0.053504603504529236,-0.4090273028177692,-0.42131801100293453,0.0,-1.6542496816167906,1.638470269087881
0,0.4584194534714502,-0.3955999503481884,-0.4484515723723045,-0.29645795714756185,0.8051950938780191,1.0,0.8016699795639448,1.7813213559739791
0,0.3115801275492318,0.5528691849043239,1.7866185831901737,0.5757894575766747,0.7593902092945306,1.0,6.117190507272243,2.951236151232254
0,3.3609924091143104,-0.2627075837326881,-1.4742983214076082,0.19027161069383025,-1.3609175503458533,0.0,0.6265772831068279,0.44006039978515854
0,-2.245921440101315,-1.5234982534058394,-2.0258855820475254,-1.5133074491606506,-1.5010062008082534,1.0,-1.3526314871807343,-0.4226945580509658
0,0.8923076971215068,0.48859652799054504,-0.06519161102939242,2.0883132715918338,2.0071686670983846,1.0,13.779297580018127,5.13945149850343
0,1.2150198604266318,-0.3978080401206324,0.999534318807576,1.1786902416997773,0.6050485637784985,1.0,5.312603260541884,2.857591907392835
0,-0.4151128184180918,0.5558441038388541,-0.7242054893059418,0.3001807155324264,-1.8619080936285606,1.0,-3.261163158474784,0.4456872503311715
0,1.0400714938046427,0.8557565360508768,-0.7616118878881786,0.5195565603988931,0.03426106900307935,0.0,2.0017087857086073,3.4577894699287297
0,-0.6364969208556996,-2.1252198460037914,-1.604771223232238,-1.318953714138793,-2.3877624728233298,0.0,-0.06783545416190218,-1.717874561051134
0,0.9359505822997234,3.0788761878915256,0.7258018256322557,0.8921432888888284,0.7710015923716891,1.0,14.841176020620118,7.831530161841156
0,-0.7640698894407967,-1.9891077560205996,-0.12114659783468018,-0.42243866052256096,-0.7176544331240606,0.0,-3.7957703788333075,1.5052793962673912
0,1.0668812366169345,0.8155736067422898,-0.0071032786189622055,0.6171822089206366,0.2275227096560145,0.0,1.6246156154358853,4.230123191594313
0,1.2139476178110256,1.2300277377159157,1.8680730306870932,1.441924355869368,0.97645403524522,1.0,13.093719094398272,5.5654851808101045
0,1.5755151172132098,1.3289196940722299,0.6032839886784993,1.9666285140502544,2.1334241347487546,1.0,17.57090892724999,7.721095680261552
0,1.5275675315158084,1.533076064127334,2.2097165060966466,1.607963951595451,-0.007841394296697834,1.0,16.971830295711666,6.18078957466358
0,0.7897504728376237,0.9040585154302816,0.21825358484349933,-0.6283761666200935,0.4045348632710974,0.0,0.7530681632658927,3.534368355346775
0,0.5079795623432484,1.1226832148090868,1.6068242454024166,1.014286535338616,0.17521296763689892,1.0,8.894677997390525,3.7477732658659098
0,1.6294988568618571,1.2418213671355816,0.4577052550704549,0.7615401832013264,0.2728173075740692,1.0,10.45753125791603,6.102306868154664
0,2.0504585809534155,1.5040635711763577,1.1258584246246028,0.00800485632160508,0.009112090778564008,1.0,11.666528087413242,6.863170647052874
0,0.589901915592525,0.1831001979087638,1.051987792534449,0.4304686975595941,1.532054436119465,0.0,2.8605779034854653,3.4976134859336634
0,0.8950215941255182,1.1635170851997838,0.8829432700849933,0.10547730773312258,1.1971574027550482,0.0,2.1698944395767894,4.798311141358426
0,0.7707623632488085,0.8268779329012115,1.2076643867910213,-0.37655649834029437,1.6396682490801946,1.0,7.335803383010522,4.026738279970312
0,-0.49054573553379577,0.4303617077732761,1.213220799552258,1.228690463445648,0.22753864278140012,1.0,5.765766386224103,2.4435249823240284
0,0.6887993742662553,1.4383723022075627,-1.3771125991302169,-0.9065637394688237,0.4843424427066759,0.0,-0.7341924230640617,2.3471438735841628
0,0.03689887859613444,2.1577524655768032,-0.8050926197173349,0.6486295136207116,0.17614232236478627,1.0,2.1403943669644323,2.8798283954070207
0,1.063136734945967,0.5036469110269806,1.6822446457011688,2.6613757056565075,1.559092171760576,1.0,18.14058601695121,5.158975866494854
0,-0.7018806026295283,0.678163668426337,0.3888632519348284,0.7585465641516513,0.06040768084074283,0.0,0.6807399068200908,2.04140099771311
0,0.7051626086704662,-0.15016344779079127,1.6217881665662337,0.5707897718756261,0.4554428619491123,1.0,4.28976084154596,2.444650587309468
0,0.9588654490400541,0.29372894309706477,0.07351637457758625,0.546570275681849,1.0178597453830558,1.0,6.336429969621536,3.724215817020574
0,-0.1005026671413265,0.5941004207082374,-0.6878490572583924,1.8050756122522809,-0.44346997217641715,1.0,7.187260750425361,2.2965818762292134
0,1.310106557308612,1.4399231732556148,0.8126415246262715,0.6662166360073382,-0.23920662714715246,1.0,9.993561544768196,5.568876230558487
0,1.1511375083874222,-0.1336481699333335,0.45016816031874485,0.5195583964459148,-0.3702647632475672,0.0,2.770171047811516,2.5550020903267834
0,0.6962738797708253,-0.2676625735940662,2.368055542965399,0.9329948327628788,-0.42194415018917797,1.0,2.4970618539996643,1.7520484308153037
0,1.3913637641975825,0.4644228378138741,0.7086676148418338,-0.11079092419301817,0.14590261647940128,1.0,6.872271573811551,3.705193758604575
0,1.1886195189377515,2.2092071525095935,0.6258077821309243,1.1638555030517415,1.5233602276458302,1.0,12.676004109813501,7.79182205884084
0,1.77085361499473,0.28758033069174493,0.41666606969127473,0.5330626069679791,1.4395546362925864,0.0,4.467599614356255,4.647564605724316
0,1.056475653101106,0.7732464383418086,0.1895736197416269,-0.1916474692316379,0.37648600131998267,1.0,6.254929213683579,3.901067829146731
0,1.9646985237128562,0.1693565035361132,0.9794238876636449,0.7495094809912023,0.6829883391640106,1.0,5.960378713407121,4.163223754093288
0,-0.16104805473793393,0.4317975742545314,0.8224587683544178,1.485526558674567,-0.04569789041098804,1.0,4.776673084353,2.877399747366045
0,0.6689235131962958,0.462731161644549,-1.7026764673710355,1.490804874158024,1.68548047383945,0.0,3.328428541245015,2.480665343898493
0,-0.6895940596558554,0.23193217729010435,-0.7493240823728631,0.5944832400976257,1.0399329847675505,1.0,-0.2791673928338456,1.785925511711576
0,0.06782300134625774,0.33570570771102437,0.7558827238474147,0.035886829442348,1.990291752094594,1.0,4.57110448664381,3.3432299147628286
0,0.3370122983680929,-0.2861845575865778,1.7999373103731242,-0.34641214441979595,0.6714918770645295,1.0,5.388335160104317,1.7643336322879155
0,1.094694709149266,1.1589502838493881,1.1246626578595011,-1.1763662479323733,0.5905289530123031,1.0,8.182592584325219,4.096412787006514
0,-0.10494284007795873,0.6350219260242039,0.6725765003632392,0.4337090856038883,1.3140233080795967,0.0,-0.29641139217367884,3.1907720809561533
0,-0.8988864742867257,0.4966667772488053,2.08932254465868,2.0312500331659047,0.22689775807311535,1.0,9.185185133736978,2.030577648851228
0,0.3304869186339908,0.11440759810285323,1.6900625633738573,0.3088828236913229,0.29763956383751244,1.0,4.257947813838147,2.289566259918937
0,-0.3038439633776907,-0.23089477364095745,1.427473878479217,-0.6701848861002422,0.25630306236450295,0.0,0.025965872456304356,1.452414921884948
0,0.977210325477454,1.3508817367767505,0.6504617053604899,1.6634475162312032,1.9724509946206623,0.0,8.178681301594606,6.423126016810473
1,0.05883791115493525,-0.4615647425683298,0.6230991669714182,-1.4326533771182102,0.6564604025849566,0.0,3.7360237756052115,1.5070060011818853
1,1.5049406315868166,1.6049100873906932,0.061049082762401397,2.1450368425498465,0.8234727905586778,1.0,15.294283292087007,7.48313620142615
1,0.8753799637357618,0.03662021374604074,0.9794131381451274,0.6898292453873419,-0.5606727301819465,1.0,3.6720078889778596,2.5998513548415385
1,2.1391154622088306,-0.9787625592317091,1.1635706419474534,-0.17958802081007863,0.5520260117487968,0.0,1.5021038993050806,0.6505580586888613
1,1.086905638958637,2.0097204866505924,-0.08458690630444687,0.4872502251178569,-0.8174792650798446,0.0,2.65820672622725,5.521706279526294
1,-0.2655454993901859,1.0785541775429812,2.2324080469610887,2.4806364827373333,2.8301783517163788,1.0,16.715924086450833,4.277321270584781
1,-0.8749595134080626,1.240719810996983,1.1285738449668217,1.645002715406295,1.0988086636544638,1.0,8.44178919683091,2.461442364295963
1,1.9283259869485003,1.1506092769364038,0.5242270076824092,1.008218924309621,0.24526275195353275,1.0,11.71494678262837,6.512782860319249
1,1.4600048562095722,-1.0722112236155346,1.4572683500933392,-1.6100594136833957,-0.5337701903066803,1.0,0.2617922789663958,-0.6015331396772945
1,1.4218015112370028,1.8947091976095496,-0.5384277989952799,0.45483228063017817,0.6273330250205139,1.0,7.1344568290459875,6.482540454371545
1,-0.4613922650926814,0.27693674098356913,-0.6809757090344077,1.685581067003529,0.8064734218043624,0.0,1.7029063992420095,2.4624939873086165
1,-1.317249773273479,-0.9752319428807217,-0.1639971877074179,-0.9564453876946384,-0.33544779566613947,1.0,-1.1476202241092517,1.3970205856256963
1,0.7961516006854281,-0.24535321542925037,1.4426899102947026,-0.3141568423283366,0.7968755661930349,0.0,2.285083102482948,2.170521460599459
1,-0.19968762472054002,-0.5759948899843947,-0.5145830079625329,0.265910533346742,0.28915416540109545,0.0,0.9472375360400959,1.6179166692103992
1,-1.599208674863016,-0.2998414521969375,-0.7435110164243386,0.21016598952777904,0.49272036935922564,1.0,-0.1872345272040914,1.2457682351657913
1,1.860135993757767,0.3856795854427936,-0.5085630705664717,1.1033035443410841,-0.8917098187105066,0.0,3.012033594271523,3.5652846787247023
1,-0.08371888820374851,0.4837196162950668,-0.5278240298612464,-1.4196073309810195,0.3955099905647476,1.0,3.222420078995899,1.2474482629011088
1,-0.2154255272192256,1.967292459350608,0.4806992782135374,0.11476216704608433,-0.10455597156583807,0.0,2.008785014620497,2.5842529814854274
1,-1.5571676466756035,-0.023217963731971936,0.7626450136259473,0.7553946255060644,-0.34818449757694125,0.0,-0.6496673912192318,1.5539002982648924
1,0.7104387187306838,1.5366804674133732,0.15778392300565736,2.0849248092836743,1.5398224245316066,1.0,15.26658820734493,6.094120394214984
1,-0.5281918905916618,1.3276917898376441,-1.6513849889481071,1.8242830810356923,0.43973663951312564,1.0,3.358596399244991,0.9242898192980786
1,-0.12364454325245999,0.5800582498230089,-0.767590842989696,1.3464476127236216,0.5656448624625565,0.0,2.458962517324318,2.44832231571399
1,-1.6041050989395815,1.0326186363955818,0.9507595203484795,2.0344642816626015,0.7198335084225056,1.0,7.277098552247447,1.4914217201601379
1,-0.09478111787020371,-0.03919706312632876,0.1519640455953617,1.1253273243555897,-0.1987675665379659,1.0,4.423613720541028,2.4644636204081505
1,0.10777515936905013,0.524098120794283,0.021412736900605134,0.45620287870167353,0.250948842857544,1.0,3.2848954461753332,2.736474383913743
1,0.9921620528831046,0.3662091801130585,0.4230580386707386,0.5801946152078467,-1.1541953765792363,0.0,2.3443710151301045,2.878890832677138
1,-0.018159601724609842,-0.12756151815525207,1.802047793844978,1.957448072167265,2.5143142143568165,1.0,10.971849696103046,3.837165090507172
1,0.5933750984924168,-0.3266535340255946,-0.4875898827993226,0.4141961400366462,0.6430046297059787,0.0,1.5070159405766022,2.1078027112532016
1,-0.2560469271851389,0.24759169430482553,-0.4848042973709866,-0.9317702119064433,-0.27105403794330774,0.0,-1.3117442959913794,0.9733291877944074
1,-0.7812308143830349,0.07746407161746732,-1.0107806077621782,-0.8942900345182432,-1.0465517299738005,0.0,-3.426867050205958,-0.35701236137896564
1,0.4349977453788906,1.4178322431091979,2.080530283448372,1.6108285603608972,1.4418269168438917,1.0,13.931749980520191,4.621816661908814
1,0.31878457936022897,-0.11980665125341905,0.4115842279156433,0.9922631624868885,0.737858402310868,1.0,6.759130840312248,3.048637531657019
1,1.7703283892832726,1.3750818597030512,1.7917912554998194,0.8497616528001721,1.1059924934448913,1.0,14.441118137381759,6.661623815891173
1,1.8791731178813156,1.7403320315181636,-0.34703246988051417,-0.11573785408115578,-0.4477935454992532,1.0,8.770782031592397,6.56524194454602
1,0.2553164251340587,0.42499546495424756,0.7828138570655563,-1.1938085030815018,0.8871648911608638,1.0,5.221365555752891,2.3956811888571155
1,0.5386811296896734,0.9871821897341443,-0.1438205377145002,0.8030229282788584,-0.09609814401035321,1.0,4.924807582599,3.5659358411024606
1,-0.7746412027944427,-0.06321163321439005,0.6048752548388354,1.0888234209039152,0.2667519991457528,0.0,1.4265563578231357,2.4328382965730713
1,0.2835693232542438,-0.25185705296357486,0.8952528667507402,0.4878897304463713,1.5386228835932576,0.0,0.7665935660142587,3.03064144893444
1,-0.050242638362924974,0.00905646789672826,0.031031903134149275,-0.015625580520096216,1.0071502294409922,0.0,1.3682250177569963,2.4897487190844303
1,-0.6325910238885448,-0.4554972322448998,-1.1242020616391089,0.12740136455449097,-1.4117104747802185,0.0,-1.7333288271342935,-0.02825992009380407
1,1.9196487713131465,1.1080950346659626,0.5470143133513553,-0.2620750950847246,0.9510747752184147,1.0,9.694151309849994,6.11311347171114
1,1.0536230888395837,0.5313249187552885,-0.029275476935030853,1.8760167272677197,0.31928201595733857,0.0,6.12190177587276,4.434873342848943
1,1.3719948875643646,0.7672972085777771,-0.6474654283827406,0.8745241077919284,2.0257496171795433,0.0,2.936800196312371,5.046393171929443
1,0.27293066668421495,0.5773792876060306,0.4286823799907681,-0.3892781365759709,1.0037796187372894,0.0,-1.0718234433429594,3.0138456599058063
1,0.8715666360964154,1.2064207618266356,0.8044944205981022,1.2706137748121842,0.9605901925259747,1.0,11.599981437139315,5.301794561580183
1,0.25078970408430307,0.36273370699850715,-0.7338561465538556,0.8411327251920917,-1.3837213338048755,1.0,1.2219513596472413,1.5021065283557313
1,2.212199147615099,1.422583264621285,0.41373320109987494,1.445270502867864,1.124536704487388,1.0,15.581704526410698,8.371825242391006
1,1.2211643194412385,-0.18940320576308722,0.862549262230824,1.3072803846584,0.45203350707840534,0.0,4.527721919736125,3.2460231077823902
1,1.5533028476853983,-0.42834651816620395,-2.562612249739458,1.3046103858432123,-0.17480518117431942,0.0,1.3138171126314973,-0.6562982023702875
1,1.2211991668579416,0.12957480316736825,0.1977558365257709,3.8084331120421218,2.2707113846623037,1.0,24.649161231779498,5.952583749285385
2,-0.45454925016965486,-0.4879953426375191,1.0116569454389657,-0.6398820952533746,-0.260796394039729,0.0,-1.5003497619047397,1.3364916865022312
2,0.8579860090747229,0.06891545781004521,1.395793065365888,-0.11808424005765583,1.0002208577937932,1.0,4.612359068560427,2.8356554228117643
2,1.603441483698223,0.3656618094464843,0.5244010085015839,-0.43725051711148,0.23592800068361658,1.0,6.22316075301918,3.598032215578409
2,0.5794415235051233,1.9162906299858324,-0.7255536400264226,0.5990844629502269,0.6799753139935862,1.0,4.857525910090137,4.383129676268679
2,1.9844463588796712,0.0813642244503982,0.7264183827091293,-0.2603984309605535,0.5584329084046439,0.0,1.651383960549205,3.454152750212163
2,-0.3455672260445646,0.42635498281764134,-0.326792551806378,0.1621218437963216,-0.9223800745606958,0.0,-0.7512196254385516,1.2966110050439186
2,2.4133332074437615,0.5007067767372909,0.18137319910144195,-0.43041379556315107,1.0851206427014384,1.0,8.455288200954987,5.067029228713688
2,-0.31114410996385966,0.11532781456331453,-0.1871874743051879,1.5613638115725255,-0.3750045103201959,1.0,6.300273171880427,2.3483257164968427
2,1.487353597373831,-0.6549149953277129,0.7793666272578466,-0.037380244875593105,-0.40445742300551146,1.0,2.0475723299075725,1.3222524398380258
2,1.5967292030693672,-1.8098637321530662,0.7512313853197552,-0.5820886983253704,-1.5161432865794526,0.0,-1.606111406508669,-1.9390808846492593
2,1.2425513384748004,-0.021134881318302545,-0.6125385609943736,0.5438548833601686,-0.2863939529208588,0.0,2.1940924196073723,2.2250993576242895
2,0.9141810444061746,1.44143355669599,-0.14181544529841417,1.5608466130134957,2.3291853049979085,1.0,11.747580554542866,6.359607802873308
2,1.9560160013059074,2.143083853419917,1.3841947114735729,1.0783205455454534,2.184168418193402,0.0,10.362005834008496,9.750318657085526
2,-1.0476706992070293,0.8798456450182227,0.4497174508825331,-1.3986872364357652,-0.7772030824526497,0.0,0.7617846326656783,0.031782502327839635
2,1.0041213860973666,0.017335901581525814,-0.35068232048515535,1.1982267324142928,1.1641586274934275,0.0,3.437170727845725,3.4731260410754534
2,-0.10303239578807988,2.965620865221853,0.29345879314649925,0.36846824226960967,2.165279362681946,1.0,8.383582018545738,4.496591507061485
2,-0.4911914222031303,0.12862687553334518,0.8162038286071664,0.9851042614693413,-0.9214549452813809,0.0,1.8175242604592865,1.8804557209291604
2,-0.4501492189584927,-0.1266281891970511,-0.2691687882002707,0.5585411794578684,-0.9887296823167129,0.0,0.24727414304155793,1.3829265045748176
2,-0.025767404988251474,0.4249864734835611,1.6977712809579448,1.5951636317452993,1.478559564856834,1.0,8.984235203703546,3.4477719405693996
2,0.5675033241030975,0.36595102634805654,0.09088101536664284,-1.9814814274205976,0.5240919249853008,0.0,5.825876600917703,1.9870245177186825
2,2.9125855119019426,0.3717996628345178,1.762617378235843,2.1307968067973233,0.7673028793105519,1.0,16.330188469627547,5.864802569775971
2,0.796002158759899,3.096219767949505,1.1048657631409786,1.9874669855198444,-0.5303925094307669,1.0,19.110496701564163,7.140933067284682
2,0.9063909049241032,-0.11091891320334679,-0.8697684523932294,0.634780327350507,-0.26443837640221335,0.0,0.4968080822809555,1.6924903595149443
2,1.211639652191262,1.5395921872069478,0.4674407471515818,1.5169984255931976,0.28269149990294024,1.0,14.155207519939527,6.267336615908405
2,0.32235370549898545,-0.19078877961203133,-0.8126024794469686,0.9843881669286213,-1.1810356428110602,1.0,1.3875152544426044,1.1872671728473057
2,0.31581489157506004,0.5937263218367522,0.8488924025670477,1.8821867614109122,0.9931773528876522,1.0,10.98990720809657,4.165221336233447
2,0.8984718530790817,-0.2145395876363344,1.8326954583528774,-0.10491383004150678,1.3744115127064256,0.0,1.8081627056379823,2.441389533480277
2,0.27885646144921933,0.5931565477097233,-0.1351837826487705,-0.8941250204323912,-1.2783630346694548,0.0,-0.12586619754185507,1.438452700790391
2,-1.0238694236414516,1.981610511551356,1.154159724564908,0.9390963347794596,-0.09508635123323872,1.0,5.450172962289463,0.8537320568291404
2,1.303022082018123,-1.5216957638734496,0.3071286378567851,-0.07372858996883824,-0.7338229753000829,0.0,-0.21681006923465895,-0.3891459104314352
2,0.14201184933146244,0.49984122232770434,-0.5972012751526288,-0.6391418261834996,0.38654687349171396,0.0,-0.7019520556602165,1.7939244576616948
2,0.42998738979138484,0.2830066173373903,1.126877884348785,0.7991243778802402,-0.177808492524256,0.0,2.9643295523706708,2.7817645684395895
2,2.0531997745346726,0.8260104605195225,-0.06773913266015807,1.9614934948649971,1.4846109332611355,0.0,8.28132132864597,6.822458838679394
2,1.615169853612578,0.8151622495383832,2.731072089032405,1.7426932885509248,2.201176395501835,0.0,11.541268818591396,5.952349232702007
2,0.19586627962869357,0.5129949609937737,0.06976765016762809,0.6185424072062774,-0.0074835003387661025,0.0,1.804023903016884,2.792889537841793
2,1.564555058425744,0.41394527388247077,1.0768825513509563,2.5604620496365254,0.08373579340785303,0.0,10.532065994145432,4.971506063112707
2,-0.24949910138034215,0.8005161450081872,0.4563923541978455,1.207412140471033,0.021863891506209432,0.0,1.7244744597555504,2.816262926553487
2,2.162065085375949,0.22517989952859924,1.4445217668767976,3.1403365972151307,1.9495989067249297,1.0,19.59191569060541,6.073643973713041
2,-2.679321115758047,-1.798892401246225,0.4987176862630206,0.29657091433708394,0.836298652127845,1.0,3.4144057377889006,5.27469387765653
2,0.11440567847089173,0.5721509130388156,-0.21570015761808115,0.7189981497241945,-1.0138796363968703,0.0,0.6330177780583229,2.130271564928254
2,1.0696507371775237,0.35038497180128336,1.6853131074789562,0.6164998451395237,0.48830111002298715,1.0,7.9633981822060065,3.3655977817258234
2,-0.19010909824534528,0.8844061926162816,1.7228401545849972,3.2751056612661817,0.33813709866508,1.0,19.222153254678915,3.695597643927699
2,-0.49717243458991967,-0.12639644861098698,-0.2203359237974606,-1.1339867635879954,-1.6171500446161398,1.0,-3.4147096895229456,0.24114410822399868
2,1.4680744503701484,-0.06375416909584575,1.4871109748493896,1.0091971767684003,-1.5174822185151071,1.0,7.319247058124752,2.181564948502634
2,1.2355544716600924,1.2561827923772266,-0.46554464236830373,-0.2483318671340442,0.18740139047456644,1.0,5.1406903700426785,4.428290541841612
2,0.9352230876451106,1.2285321367898265,0.45305388659802526,-0.6018479105731624,0.1210349626645999,1.0,9.44676311462755,4.116064269922069
2,-0.08639779272145398,0.8870081316800196,1.6891111823973526,0.3634240520109072,0.22620390741136565,0.0,4.442165410369786,2.3450001834898
2,-0.760543650993279,-1.353336671338641,0.08032080024124028,-0.26022518067672296,0.218134771761255,0.0,-4.283764311173032,1.9882226658980382
2,1.4990833501632617,0.41963549113583165,1.6167124727338673,1.867930964880649,1.5072572982300685,1.0,14.945854861849945,5.038478352942187
2,0.5777927026506953,2.2674843362159116,1.3699995746681968,0.27644825222162106,1.123118576348121,1.0,12.583524883464655,5.3170077616762
3,2.412742416245308,0.9829941539414307,0.5766030755197511,1.128492060310656,3.141284962841525,0.0,8.36709165988546,8.331089440819909
3,1.3021303857270063,1.3534306930641873,1.0533153999250513,1.0595999164491001,0.8712101861080339,0.0,6.233884483443492,6.076878984696949
3,-0.11089064201641197,0.3383764474754292,-0.8235848297553499,2.210118453326655,1.261332920254846,1.0,9.496436230759306,3.079749189105159
3,1.1320696774795853,1.046668668359109,-1.309734287675785,-0.5214199430724451,0.40342026517355184,1.0,3.266261099257111,2.818510802625557
3,1.7210908786516181,0.6352561086416604,-0.4868448847582496,-0.16978135203232703,1.5383719832019207,1.0,7.179933687658401,4.596193204403813
3,0.16030144595866302,-1.161316139114364,0.6736128603980334,-0.6324686340423988,0.4302930322582507,1.0,2.9680437191903355,1.3306236459826182
3,0.20937186031856647,1.738113540526215,0.38863336481525423,1.209186519137151,0.7570200098497775,0.0,4.362722555945049,4.440502487586498
3,2.3531876012122965,0.395165770043435,0.20075556050851073,0.9938937815345916,0.3185721795090718,0.0,5.502819230092083,5.040602828302482
3,0.08917953659723576,1.0533506456740538,-1.2317909559325126,0.9857769034430308,-0.27671954082242833,1.0,1.8814371399248502,1.7363848530135362
3,0.01267129627975705,1.2317872707953998,-0.263027722132684,1.1194509531333812,-0.5287282458908025,1.0,3.8823545925987806,2.767292298907269
3,-0.7039997844294523,-0.6301151442655499,0.5349972664787119,2.2727026363313048,1.3337768124299922,1.0,9.57589154500064,3.7075518419340607
3,-0.4716168452154039,-0.9879062159710839,-0.9550302219514473,-2.0209911281467194,-0.2052437315834411,1.0,4.695680445231071,-0.2768967714844863
3,1.2031954509156075,1.1957421571433708,1.1717827906255385,3.084201528535628,1.3222972322654254,1.0,23.813810715644916,6.815830663311718
3,1.3336312801109298,-0.2219798559109667,0.853163360793399,0.21431055486181472,0.06095169182651661,1.0,6.474615984386624,2.481602513139724
3,-0.13747565256565986,-0.6467879436888406,-1.6209968276618043,-0.8901622078646698,-0.012491740135964324,1.0,-0.8764919119779704,-0.6152190098860186
3,0.46236086787797803,-0.032332056398607145,0.40887693832201055,-0.03130086846080804,0.7688786134604746,0.0,1.7207754798463668,2.6908605769597362
3,-0.4138337593237388,-0.22299420020625726,1.1561216263005631,0.5474047388889172,0.4885424481176147,0.0,-1.1309500703477529,2.2727951772387556
3,1.4986750292720858,2.447357122894244,0.7384723720517227,0.553624168533715,3.2529791748092656,1.0,17.226446784288708,9.652844699298884
3,-1.0854408258534167,1.6588002527964403,-0.010426487915525029,0.6853180899256983,0.09738260325449855,1.0,1.4687526412507876,0.872232944449921
3,-0.0829173201841703,-0.2551728706489873,1.801188024016341,-0.6618951880958286,0.20649487714304843,1.0,3.8619588380801897,1.296648123275065
3,-1.1341484003282414,0.3402098868341913,0.44668970245759543,-0.2736435038721431,0.10657928615694517,0.0,0.058848643995010885,1.2588770181803075
3,-0.9871951331937205,0.5183932028651458,0.9961306535577367,-1.239733036590619,1.345540518653007,0.0,-0.4579704476682602,1.3483670515461994
3,0.6297691659639646,-0.003313226221687726,0.529881958633418,1.8143912957672241,2.0074235348010294,0.0,5.937829804072139,4.349856535107688
3,0.1554579116819172,-0.8372032578296373,1.321802188486048,1.0977019975441558,-0.7424911228283833,0.0,0.03956500242047167,1.6139132307869175
3,1.8404402470249892,-0.9430289080869376,0.265161680555863,-2.051563514868647,0.5954710482152077,1.0,4.080737875021973,0.08270206250041345
3,1.4876500692031944,1.2798384975016757,1.4742168263385644,0.20598592785963393,1.9085448596852659,1.0,10.259457423186102,6.178499347645749
3,1.061840799263224,-0.32564776592099376,-0.085370118628455,-0.431419921603174,-0.24981945223010182,1.0,1.7776183369280711,1.635363870438895
3,1.0811360554386173,-0.28812139478227705,0.12967718608232226,-0.6597404287861957,-0.42453394533806577,1.0,1.4453154026725532,1.5993139978195723
3,0.0002887608235112582,-1.1872255953600077,0.08067191918895245,0.8536233844526799,-0.03195299677472607,1.0,2.7364233500230117,1.8541076969991837
3,-0.26016175324399615,0.3545698708619647,1.2467100784473102,0.7431553661758308,-0.03396240646909565,1.0,4.01556747055465,2.2513527938932256
3,-0.12503434474087516,-0.3759874188688762,0.002678075587676132,1.3381404854174885,-0.6345278085082353,1.0,3.7889287174890725,2.1496422489503884
3,-0.06576132089914866,0.7419768162345292,0.6157599296382973,-0.21267062413829252,-0.9885116396765667,0.0,0.4322701161458904,1.8129379682886664
3,-1.4756834027378107,0.9331303708195612,2.4524883587470154,-0.05933961267745946,2.371049048427115,1.0,4.146419511371714,0.9620015253030427
3,0.31165767637739883,1.0119621840453248,-0.3259348338622262,0.6324003712792221,0.8791428594117854,0.0,0.9255443257823183,3.5173517231971294
3,-0.24815024242632244,0.6011033170533748,0.7430849782251101,-1.064090100349403,0.0363620430281229,0.0,1.1977272611864407,1.621375948386335
3,1.2905194852158166,0.3337023170946465,1.385568781389237,0.9486886645975247,-0.4205697003763823,0.0,1.931405633668824,3.383774307824636
3,-0.6162111455078374,-0.5295979628194156,-0.016125663003746515,-0.34204108117375875,-0.8572137518530194,0.0,-3.545379940375163,1.1456193494624693
3,-0.9399236387488412,1.2423654008523166,-0.3562449354761349,-0.9979301518804358,-2.5456376224387776,1.0,-1.696240645615765,-1.0292010473287605
3,-0.892189261823293,1.569311080698335,0.7968929321265557,0.5611278182024253,0.7987346321017457,1.0,4.52270231570302,1.7157483228627703
3,0.5227065264731567,-0.3497130243175465,1.3916838235002866,-0.41698849768589674,1.5712737968170534,0.0,1.376293459606184,2.3548403771882063
3,0.14599994547849054,0.20243473628466224,1.1390050283131663,-0.06000312399007557,0.2094300222367439,1.0,2.4676038837327767,2.266487126330825
3,-0.9971658463634563,0.8454637271345279,0.9968292400394758,1.6215435278881905,-0.10939158324498477,1.0,6.878107357616178,1.8785396675717312
3,0.47688262886788196,0.325195631855183,0.11012464225025798,-0.34397999439774196,1.2533819707976788,0.0,2.6153897519916924,3.0598249947234706
3,1.1147088551554367,1.7420037541108064,0.21305694589459473,0.9412804597093765,0.36390323882674674,0.0,4.903188138437683,6.106692732545556
3,-0.9227122469447602,0.6721312761404682,-0.697967541541064,0.31449692779993405,0.8115112693428822,1.0,0.038457882994659395,1.2346960346822322
3,-0.16912560202040416,0.4507934275775775,-0.7141938833663521,0.5855973903290846,0.5902065990382095,0.0,0.6169728343143045,2.051019755873529
3,-0.03246464560737661,-0.34682271735535997,0.6912987422594001,0.696690502719574,1.041837323310563,0.0,-0.0026156063464155554,2.806947746319842
3,1.1996841552566129,1.2329053615622496,0.7802252659923323,0.6050274214409719,-0.6623567090778417,1.0,7.760168806311726,4.767594869824112
3,1.8134777716444492,2.4736501719229396,1.9609385580841103,1.0797194654405478,1.6192191127030502,1.0,20.24901903504652,9.57909217921912
3,1.963939655850442,1.8189853282802024,0.5920763983114719,1.2406191477662711,2.4863964211102756,1.0,17.296351722135885,9.453169556850067
4,0.5787715672418817,1.6173822638894642,0.9564327094881693,1.1630484154789142,1.359349300527526,0.0,6.917030632758807,5.350025621018881
4,0.8615164133480555,0.21086194199801056,1.4543290153041246,0.6508318727780246,0.22047896066034578,1.0,8.004010908290537,2.9968743099535695
4,0.1142363608870845,-0.19081255934339703,-0.48540209643007637,-0.26850326546872083,-1.1591855651300182,1.0,-0.1875884256169194,0.8678561217452665
4,0.8833893829886796,1.9968433747844578,1.002201498751869,1.694631124050241,2.6468874695562055,0.0,9.14660119264824,7.414415162570164
4,1.4873043000370254,0.7660694464393556,0.32214410006180966,-0.3040317566528361,-0.23468757568655263,0.0,2.223765674467534,4.106336413437667
4,0.8314904359607539,2.0531149132564734,2.201727804510906,1.4432733566888438,1.4179007460784518,1.0,16.16763281840107,6.091001880683444
4,0.19833337783023675,1.2344654006085116,0.10673293262687022,1.430426526613564,-0.35874454538783307,0.0,2.175020218485279,3.544751984682125
4,1.9157971144286443,2.2589172170379266,0.7685820711245844,0.36256275858769227,1.0147682422699398,1.0,16.721347586559496,9.206837805707487
4,0.12776815758175797,-0.20137848596878782,-0.38092985757112086,-1.0963201370133218,-1.1589692552632265,1.0,0.02910841274580589,0.5476747836952678
4,1.1985241695164541,1.8333375078360665,0.052705350863852474,1.7420205859076723,1.3803323073437137,1.0,14.460800721073438,7.29937066924156
4,0.21574064169982388,-1.3159435092687772,-0.029217840780677573,-0.8260352045544335,-0.6979838914802854,0.0,-1.0623892198182112,0.3889507899322098
4,1.654908119275385,0.7835388403882776,1.0749628858693456,0.7890176500215252,0.854458728579671,0.0,4.96478844225734,5.350892788931179
4,0.27432358995772227,-0.23426721964087094,-1.0384818004133731,1.2194889802519777,0.5947237796982742,0.0,3.6690282179002103,1.8511576152956641
4,1.3293777812344847,1.2924704592134761,-0.5121996180920245,1.3096006131810545,0.9608850074214188,0.0,5.075219905327389,5.779917226559181
4,1.0697006240247697,1.5429648811124705,-0.30349444083438837,-0.17319686732723205,-0.5337333984954107,0.0,1.6238704933454866,4.4059288759074065
4,-0.447914112174131,-0.10060393776550702,-0.6403698956282355,1.364622442643412,-0.6649438347109409,0.0,-0.30246317252253685,1.6023320576816418
4,-1.2383734545138922,0.9670927757334695,-0.5759275306198814,-1.7087402620957763,0.17402655196181854,0.0,2.4031445105359692,-0.5498954631991703
4,0.1351869244587321,2.6514624100536532,-0.3261112170227175,0.8116295952739996,0.949502244897557,0.0,0.2970066301110157,4.416573347412145
4,1.6046247447680166,-0.8386973648070719,0.08750991605837583,0.7674312491091645,-0.8806059069499157,0.0,3.5111270986194314,1.0205102243510462
4,0.214061138223667,-0.3660805316501239,-0.21627769691690812,0.2674638602540396,-1.3454797009196002,0.0,-0.9694121529717846,1.1751829226771766
4,-0.8548758467856943,-0.12091250262069164,-0.01187968310756593,1.1079113223755033,1.5559371605716104,0.0,1.4829612694819871,2.9413848406759167
4,0.15357363434458027,0.6418481119501273,0.21823047195344902,0.3656071285625346,1.927692052505506,1.0,4.047843720055612,3.728328731596148
4,0.08315863385192462,1.4019319664362286,0.9245636984985548,1.495475083964096,0.6257033054789166,0.0,5.3911501054178075,3.9841820657238514
4,0.48117556057928657,2.4908630064567516,0.24809739920770013,1.0136658266753356,-0.8608195495077062,1.0,8.26134054270513,4.854414903881717
4,2.3021010994250783,0.04853148914490557,1.6427786810652087,2.404642666981406,0.59654163742094,1.0,15.068335760609951,4.53710197343658
4,-0.26223819392077885,0.8351259961140358,1.3352763700076828,0.2685226839565808,0.35288281222554047,0.0,3.6333125595326963,2.279131520721226
4,1.8169930937745686,0.7726920471279499,1.4602530980503832,1.8549109136476682,-0.11333693892105101,1.0,14.183788315814127,5.410050450221942
4,-0.3079360305579093,0.42828957847781357,1.1919234677547477,1.5276200013135335,1.4584188265236735,1.0,9.238679844529932,3.3871456270987217
4,-1.6867018284877675,-1.5176342983943734,-1.158174334414238,-1.3629452027393074,-2.6489345857162667,0.0,-1.2577200786327885,-0.2263859399474457
4,0.8969447650833682,0.9124655545334861,1.5223938067810543,0.9632131915509046,1.2701929832717829,1.0,11.086841722113954,4.649419975693161
4,1.4506338778443033,0.20315041597768713,1.2062743029830916,0.3126791561515526,0.5721249002834081,0.0,3.5823054823121225,3.523630967140128
4,1.0362394499885377,0.46018083612394034,1.0252971293869626,0.35020821244324823,-0.16180553788488605,1.0,6.2206091771552545,3.3507624847686497
4,-0.778864505532606,-0.5089704435038267,0.3174937095113047,1.1441909432247295,0.7480131613536798,0.0,1.177083677646021,2.8073712764671637
4,0.8059404043120422,-0.477933585511355,0.5899339357563604,1.3680971596293898,1.2553294705969185,1.0,7.384935991794547,3.216475138107345
4,-1.6032794308742369,0.7648455567859046,-0.44940194766125297,-0.3394174282841771,-0.8369033472395022,1.0,-2.9418250101138383,-0.5576323741648284
4,-0.1786564620549712,0.3088822528848934,-0.6453516636569641,1.2203245936233007,-0.0823849483168666,0.0,2.5460148677500625,2.055111373642306
4,1.1616218176667934,1.0070796527154544,0.7718487032342881,-0.4837912797626246,1.6383797191620308,1.0,9.094252743942835,4.934037499304791
4,1.1116524540639439,0.8589076621420215,0.6893515939210644,2.802012376513194,0.8071821593017114,1.0,17.50632770138201,5.86101852082443
4,-0.7743068903459926,0.6173944791356879,-1.1037190371818029,-0.10156240181839282,1.320688773850213,1.0,1.3622532705395969,0.9514732214265376
4,0.9970764235258263,-0.10567722970946836,-0.035967002576043905,0.7206083203308172,0.19661671929176378,1.0,5.082733915026053,2.780313598272219
4,0.6592555829915117,1.3004653435757234,0.7051829240232189,-0.07603345883428325,-0.23361892671492868,1.0,4.470191406419478,3.7964577688251158
4,0.2518414754171817,1.02359251000868,0.6924288397434044,0.2710377552507125,0.8398364194205272,1.0,5.472183297585781,3.5668492426874465
4,1.297723423402607,0.894807235916343,1.0483785608237177,1.9273991365566858,1.9213380899910664,1.0,15.44625694111362,6.205012400026657
4,1.8648120484776551,1.8455948256836356,0.6484165417657193,2.507246220635653,2.4582264575381436,1.0,22.79238382489213,9.90087660211314
4,-0.33548730093406365,0.9213234949007744,0.11821327748508748,1.0201201423790147,2.4892452673564,0.0,1.2412785935272685,3.790636051528865
4,1.3549633168898356,1.1241332740802619,2.521884375717855,-0.6246921827209007,-0.0016742090223123007,1.0,9.753901888321186,3.8964187143040125
4,1.130455236590563,-2.267514401591316,0.4751527117860893,1.4819933568330814,0.7034475011502275,1.0,2.2660113114174107,0.08766654334367763
4,1.7017102015921926,2.8597289596192366,1.5521892494726115,2.304487692627606,1.2158040250385271,1.0,26.527203139445955,10.70199601218794
4,0.5289638402821725,3.322683853135107,-0.19133074794436145,0.2385776554300244,0.11525392573858795,0.0,0.8728168050671767,5.746405916413204
4,0.14322188560276827,0.11238238018470614,1.7302415252536194,2.2557260559519756,0.5644953076854136,1.0,11.78409399566419,3.260358726833336
5,0.03506083543046057,1.125946867006307,-1.0606297727391027,0.1986917029377634,-0.6879610223079087,0.0,-1.714441522325524,1.3333535422198861
5,1.5136024489539779,1.339998410377698,-0.19621263867281658,1.2875163508809306,1.2443255036809646,0.0,6.181610832652487,6.603651892654312
5,1.5652193067009625,1.1912336387318165,1.119836328502521,0.8422801843232306,2.073082428561085,1.0,12.292595058378932,6.696197594772185
5,-0.9619270857582596,0.6504518529095937,-0.13567467490389706,0.7941595604776489,-0.25899310504418926,0.0,1.258634324645986,1.4091313195290451
5,1.766882334490674,-0.2991457119541727,0.9669767152379927,1.269258599525528,0.5866338524673003,0.0,3.0392390937199067,3.1845384292742316
5,1.3825521696115612,1.0770690056549839,0.4955202920601113,0.023324210580933036,-0.3833434500590748,0.0,4.995347985063185,4.666386640059374
5,0.7153479215181724,0.3942576246458963,-0.3393972880673387,0.1383949479777083,1.0980890554458096,1.0,5.893031043198203,3.2283329940259433
5,0.8719583299634582,0.2841662866167917,1.4904255237971236,1.1598880391412025,-0.20340425944259333,1.0,7.132870437501487,3.1295824262759413
5,0.7426043365421332,0.345546131280253,0.16393012077052804,1.1879516384217732,0.7011558994312955,0.0,4.163731254791248,3.8137916397095353
5,0.2302182753780445,0.03662983727154656,0.10860201195840918,-1.4178966876019046,-0.6682388606615877,0.0,1.221229770344591,1.1471987415156804
5,-0.11124607710086343,-0.7021771518239803,-1.1064753832551206,-2.039164469815318,-0.03147773731006365,1.0,3.446413500535186,-0.4693402132863661
5,-0.667399352728475,-0.3439548263892982,-1.166995114688038,-0.29195579547381956,-1.2458972186277144,0.0,-2.2770158794763056,-0.23562925676587043
5,2.4495898081268908,2.3472781113965064,-0.28387517088963954,1.8354718017102298,1.966142630165739,0.0,6.702202017442843,11.867149428346261
5,0.05909907258781272,0.061746455566749514,0.7186163529185567,0.34151052122961945,0.46243712405548787,1.0,2.4458875192818383,2.578071286307277
5,-0.4381023546779065,1.3152945707997366,0.8150699995450426,0.5235363515794823,2.0442297887915313,1.0,5.648411018841485,3.2395979807721176
5,2.3274020494541205,2.3673236323194256,0.7483988570712832,2.9415871179393265,1.669322063610965,1.0,27.694012688078292,12.269510065366948
5,0.9477528134875239,2.0373976744354136,1.0181996173566656,1.3586546743221648,1.0084093729078312,1.0,13.504736378889714,6.641055677096615
5,0.5569528718122849,1.1132533526691626,1.6140938894182475,2.047281412587509,2.115867748520211,0.0,8.545452157455848,5.3004702536074975
5,0.3181750779408546,1.0910997130881932,1.3844705315827193,-0.03229826104860489,1.531975125318716,1.0,7.887244013931479,3.679121373350833
5,2.157877528773663,2.239758270450615,1.0247802768953194,2.593486281395331,1.8492302740161726,1.0,25.572091787636598,11.28497703221249
5,0.10380867638710017,0.9363392585932484,0.07001462783163004,0.8154304881709589,0.2735947528565128,0.0,2.3385255058601793,3.1943440180379294
5,1.8928788210037868,1.5212258394119733,0.6429106873797219,0.7089733388293639,1.2499947653852306,0.0,6.888174730353807,7.687842012780251
5,-0.024335739787542776,1.9602825766626173,2.043518593814225,0.5742790277942582,1.1280058473605314,0.0,6.054804027346827,3.337858535008281
5,1.6476741291032468,0.2920387395155405,2.203649561940362,1.061000674545,1.0605194005033733,0.0,4.87911002286831,4.022178079397715
5,1.3084428469597793,0.32549812213436424,0.9733741666073767,1.5251925594560611,0.5286161107782607,1.0,10.050457265739698,4.318970609221678
5,0.8859829755764168,0.5130233206008031,0.930584490618626,0.24314232929718826,1.2683106891994975,0.0,3.0127363981377515,3.972417171632291
5,-0.7235737443582371,1.0967961172836347,-1.240603919019537,-0.8603738713615237,0.21485631239759295,1.0,-1.7388005064580752,-0.22583737761122957
5,-0.23527401945031667,-0.042279876382826376,-1.1019569109889398,1.051579063421547,-0.9757714093077468,0.0,1.2012131087758928,0.8099470206436378
5,2.761737551081727,-0.08995822068398529,1.2148971424162642,1.4006803668875802,0.21103859357368832,0.0,4.555216726431913,3.8491900622247215
5,-0.34883377121544346,0.27070846498744483,-0.360623721565953,-1.2448965505474283,0.3655717614092535,1.0,0.5195197432075849,1.1822077574028746
5,2.6985795592815394,1.3266332857248,2.819629139017653,0.2980778446376242,1.683641593363728,1.0,18.481276556586867,8.044690245914008
5,-0.14489984445125403,2.4172069290082607,2.8264198890909356,1.4436208847833587,0.6772413581194658,1.0,13.517310341209535,3.3087988608181442
5,-0.15726988199689929,1.8396154741079571,1.4878791031571998,0.6679906450799858,1.426509282171252,1.0,8.264970120049686,3.4258684460270366
5,0.08862680119641919,-0.1821124644222375,0.220624560179988,0.19293629202903262,-1.2412316835459103,0.0,-0.9000507803989987,1.499042669008906
5,-0.5375454053949289,1.754281243715465,1.5121001196305615,0.1503287458292747,0.14900395356265006,0.0,0.7778851220115932,1.6297410155117245
5,0.3496897039051142,0.11112769496145081,2.044742626549803,1.144233118221766,1.6284316079014705,0.0,3.9819433286031423,3.2215714410107146
5,-0.2907168837280766,-0.015172131847250747,-1.4013201256452736,0.739237114889578,-0.27717389134053005,0.0,-2.685994900199716,0.5505039137682373
5,-0.6279048810477796,0.8149232274118874,0.773720552738195,-0.356148554585198,-0.6785074104238005,0.0,0.47415739478353064,1.1666628937555568
5,0.36039458904585475,-0.9278885762221403,-0.894548470130708,1.540652910777546,2.0279321694217254,1.0,6.857176296536261,2.34473632965664
5,1.459407055715064,1.9365025409706382,3.8030562106405847,1.521383692181542,1.8961628036179898,1.0,24.565800148991926,8.345307569020791
5,1.2724130844157695,1.6230588988701857,1.608830738450725,1.803993995171654,0.8609174080544589,1.0,17.02036079874872,6.611783200063233
5,1.3263335198687156,0.39470207495169346,1.1972907637512726,-0.4608008194609292,-0.37882346645815124,1.0,6.5165368726856325,2.9277391643159447
5,-0.29432040055873865,1.5302083632339405,0.3536878974948018,0.7731083416321551,0.9459870114141455,1.0,5.5557701919050135,3.142065823948232
5,0.4267020029859485,0.9163658309457319,-0.0769397786840621,0.19388520789501634,-0.08865637654561098,0.0,1.9351502666916542,3.073735173904118
5,0.8337022654975033,0.30926936510148384,0.8900229772701266,0.4133932608701424,1.8102022128429764,1.0,8.506194081245775,4.015527782545295
5,0.4706433959550913,-0.4366736898458191,0.5607190198743992,0.4182740727105742,0.33085465518533685,0.0,0.5145637390755803,2.313264097228506
5,-0.9855301673668073,1.7737097522893606,-0.3065295836280465,-0.2662001180182124,0.9505157378994019,1.0,1.9895370832027217,0.7883248549540132
5,-0.1828867559459728,-0.6406782513005185,-0.9916404437112893,0.7059477029008938,0.8793608015607217,0.0,2.8440703314032074,1.5495407630977482
5,-0.5356169267609394,1.8272474930686,0.6007619939009261,2.4433684805353577,-0.35907593744439026,1.0,11.164010946741168,2.834542986201888
5,-0.40663620165287373,1.5582248623408232,-1.53363861377347,0.4033713247385132,0.09915988437653583,0.0,-1.8411171316334887,0.46375915170107307
6,0.44131801880465293,-0.5843167914828189,1.8161083622538006,-0.2016552878212875,1.1820270154850328,1.0,4.127643651357485,1.8260120996275284
6,1.7078206221994272,0.018390748592457207,2.682518169008416,2.4014443443937608,1.5954148625642093,1.0,13.998633273134198,4.337739478567841
6,1.119392644457592,0.7427889857138618,1.4755851986404889,-0.07266269275332427,1.0704241952027536,0.0,3.1946776324349755,4.094304035296678
6,0.6587658739988618,-0.21631167024205722,-0.9234001016743967,-0.22163663886512275,0.9652929219472548,1.0,2.7125799210855486,1.591967979687755
6,0.3332343998354823,1.894410595435331,1.0677718180609785,-0.5626823598481094,-0.6153658251757461,1.0,7.176303346942987,3.1720446898389323
6,0.9014544047393676,-0.6355464523415328,0.6886063660410999,-0.256936399864345,1.324212383695266,0.0,0.2876660815704557,2.210111367835468
6,-1.4351900492667775,0.47653045015529716,-0.36618863548111436,0.7003112115824595,-0.5346744500205767,0.0,-0.13000779228086912,0.6701813220270388
6,1.1223189696089453,1.4310554816756298,-0.12559160157427796,0.11388059704918257,0.5642082005249884,1.0,7.199911383224394,5.151160273123921
6,1.704559435370752,1.815877893690716,0.3242386303729593,-0.2354932304127343,1.474500961490871,1.0,9.615868533126722,7.585007206161656
6,-0.16298821984900125,1.2295954156844524,0.36125209486308363,0.1441089591734595,0.6553935770276076,0.0,2.0094675394670727,2.848726354926133
6,1.351644465881902,-0.3189084706986052,-1.0357555890326429,2.443767749770669,1.2551919824969722,1.0,12.617834155432316,2.92679528409104
6,0.6800871541133446,-1.1385186649442147,-0.030416824793690345,-0.8914074709365394,-0.06022933442540712,0.0,-0.05617357822511071,0.505002954808713
6,-0.2584075603597433,0.9772069814930668,0.07743122307905098,0.7698559578901603,-1.216526918178602,0.0,0.7928030606005148,1.91926587025273
6,-1.1476661188823565,0.9640391512656616,0.8486469736377595,0.41901663432047176,0.3132080930702229,1.0,1.8103404272304073,1.2532263391816083
6,-1.2055649598486509,-3.407787391054596,-1.150753985244614,-0.5545322656683165,-0.6710362791455062,0.0,-1.4139999157986096,2.021270743083951
6,1.308202418049032,1.072940942834001,1.354771620770657,1.756428712251454,0.8254069299093199,0.0,7.813415111727939,5.776847677458964
6,0.4241103339580811,0.7564478874083155,0.8293391446964078,0.03854541461752836,2.0240280682857072,1.0,7.622518966608342,4.0324160691605515
6,0.40837472888156373,0.294067147147246,0.9228022900673776,0.5265810083064886,-0.7665155006289228,1.0,4.0451816643503555,2.4163327027204624
6,3.534204070473896,1.3934802412547558,0.04135642275229001,1.2280978380930603,1.0233294461402278,0.0,4.155330587752429,10.534222495154145
6,0.3158472415334417,-0.06274411039288119,1.2894084421135141,-0.9637692336612396,-0.9503839812887167,0.0,0.920941438493361,1.0720508410573086
6,0.18066921621441578,0.5282163868959715,-0.9158408493797323,0.6732396054867064,0.5369796365867098,0.0,0.8114632415769062,2.206188372696154
6,-0.20822195608835115,-0.4562714332858463,0.30619511725396475,0.7276840075801398,-0.35311228926341753,1.0,0.7721934500242487,2.0566298393502547
6,0.9426981717000011,1.973065067320812,2.1427219460892886,1.162068779494719,2.3051446498550714,1.0,18.328321614353214,6.581601910824715
6,-0.4343338374778736,-0.12732691693093579,-0.5903519498961918,-0.9177677308595973,-1.5117556680965585,0.0,-1.6848784205002172,0.09527915325042557
6,0.035067243846553464,-0.6431538064886986,0.8579352601642016,0.3567483102404189,0.08135168475836196,1.0,0.47871314134285714,1.9754215389594791
6,0.9266339934642428,1.1485682509469233,1.9204789103459672,0.5078577678014997,0.726821380477602,1.0,10.571235071990179,4.336882918823607
6,-1.7223007437481725,1.1941978976868477,0.10353135137837172,-0.5245327953840278,-2.181944200386884,0.0,-2.921718925108561,-1.6276467575229128
6,2.4546997345275097,1.986469217142443,0.8392281222766127,0.6850111148360474,2.3205269312333625,1.0,16.875528450082083,10.687190420359453
6,-0.4739526662333928,-1.0160986564417793,-1.4560491311337767,1.4108000678774542,0.3633227195452783,0.0,1.7856729912429787,1.0100893844015524
6,-1.0724020522245523,0.8950524221809077,0.7210407114772983,1.0811513823418573,0.3842241898004909,0.0,1.3689945359592126,1.7957963653283522
6,-0.6789624331364976,-1.8259023072712268,-1.268185437983693,-0.12635310118952126,-1.0933103344099555,0.0,-1.5648146292031655,0.041375740155205065
6,0.6396250970131502,0.054735086979434466,0.27787370292162517,1.798209185127776,0.4881424455177403,1.0,9.370988500785383,3.625943573643311
6,1.5294474487336758,1.0507122531704414,0.611064682964146,1.044090692512392,-0.4076451962011305,1.0,11.286055709616106,5.339881746733846
6,1.0680127684258136,-1.0156100350835424,0.20420104211840584,-1.0553591582369803,0.31468106767035636,0.0,1.0088945213086913,0.652501670841664
6,1.5917414218758326,0.680577136749295,-0.5663296463342413,-0.8432692254562268,2.0223708094993573,0.0,3.0672559328611113,4.369724007869529
6,0.6586128048267966,0.04054290821436257,-0.9146110768167357,0.12324248605695748,-1.909219340270825,1.0,1.7140385599550632,0.6360847447702379
6,2.3650486196937233,1.0440635780327137,1.0526291325757255,-0.47583780661505537,0.303598382598651,1.0,10.285752234953472,6.109300837412695
6,0.6267529105425644,-0.14678636993525918,-0.8172236636634249,-1.2083462944304546,0.7703960280063779,1.0,1.6452355962876035,1.2046460027955863
6,1.5028572443271155,1.3418730171497537,0.10402972765744861,0.6281214471757753,0.9534149025283841,1.0,9.544074928052815,6.276385540317843
6,0.29662268450850904,-0.15446527073937422,0.004893168393139413,0.5898507275005139,-0.687714092979405,0.0,1.559503456119291,1.9787637335470691
6,0.04831219277829041,-0.33597539176218705,-0.03647058305707773,1.5927278446673536,1.2291491399855068,1.0,7.855422025783646,3.2319749154084674
6,0.45940590596344,0.6476425044959222,-1.5132790607884448,-0.39340176067692034,0.3007029941724285,0.0,0.9145091790744245,1.1055516409061383
6,1.5955528814103213,1.4484619351196155,1.849741447242852,1.2745509501444752,0.14308037964274917,1.0,14.816766125510217,6.191449713711643
6,1.4176144541050961,1.586491390710045,0.24942159119352852,-0.670812894140848,0.9713168224412043,1.0,8.167124687706925,5.995104169191733
6,-0.45241507808580506,-0.031480036612078655,0.5832236871375058,0.6023185422663737,2.007429623235854,0.0,1.2295772932785407,3.203472061129361
6,0.1271894545893419,-1.0083062319557705,-1.2246122763816212,-1.0430757288879373,-0.3402706556711663,0.0,0.5901388816035942,-0.5334729181607382
6,1.0783632520104098,0.839857280647412,0.9221533433482704,1.1811759934295272,0.920270300076849,0.0,7.301390569707141,4.980686863091433
6,-0.10727971034546657,-0.5607263557623314,0.1800381082799769,0.8559170229618602,-1.0275575864727802,0.0,1.443118358024015,1.714187169924507
6,-2.4612104256183542,-0.20998316595821354,-1.1678421482285888,-1.0994114939948918,-0.2688509629838278,0.0,-1.1125048881278357,-0.6946987233925734
6,0.4527051199754933,2.2078159147869227,0.40842247975640267,0.3087439047108709,0.9047211730015443,1.0,8.406347112577077,5.058442360383513
7,1.3171342355346018,0.5310143530142022,-0.2858533649512093,0.5247973142804565,-0.02584332449538229,1.0,6.309137571443636,3.6894631639503963
7,0.5781354809846204,-1.0677036941951323,-0.24116525293544377,-0.8429133658064729,-0.2903844820068133,0.0,1.565759809706437,0.42176728601105307
7,0.21859915209570968,1.1188693645814496,-0.3817515831538253,0.760417886961271,0.26093216168316097,1.0,5.60555434595143,3.161130898758942
7,2.1996381370253255,0.946909940112138,2.998715601795458,1.0783277840020191,0.9265590895647307,1.0,15.546092713001874,6.168124067068236
7,0.6608930782321097,1.155093172370988,0.7801292835938025,0.6403729093478268,1.1126030168678818,1.0,9.85596409499724,4.648761422120036
7,-1.2044312416267844,0.2914645145296598,-1.397750153710367,0.23905184121556072,-1.2075356153985324,0.0,-3.1839969082019013,-0.8184654733422614
7,0.9580840390952419,-1.3452661977690696,0.12262946886065623,0.8774287536456561,-1.2213068376656397,1.0,1.8358553577684305,0.3993969651714915
7,-0.4163500763375362,-0.43444776576219624,0.9176073832464595,1.9181599457189917,-0.3807024401206982,1.0,5.089220908524863,2.590737874362049
7,0.9155508831168061,0.8281640070903,0.5611235874340067,-1.0115433588841736,1.2823006367558707,1.0,6.063828020220886,3.8926819080073654
7,-0.8944095357964283,-0.5084602845274944,1.91250189178454,1.2658366639762968,0.6759128655806036,0.0,1.483099374561895,2.3453679919001607
7,0.495668223924611,1.4213343362806872,1.4780344360810282,0.6217834748630341,0.3593840246303466,1.0,8.76196031914013,3.985241429464466
7,-0.12947594388584216,-0.06199345097062481,0.9368288720691417,1.62993223666704,1.727284328526531,0.0,5.107857552780314,3.651660607102187
7,0.9160443562402962,-0.3224827846185113,1.1970865097619632,-0.026849458795326075,0.10354816633561914,0.0,0.7171115027898859,2.0033365591186967
7,0.8907393765584829,0.42258799670566843,-1.390686317209649,0.40249747627081567,-0.14537229753362213,0.0,-0.34078923806116335,1.6454366907014335
7,0.3339493897883586,1.0360360917316211,-0.5632295570207411,0.416505858868826,2.177663205622199,0.0,3.018303710273952,3.8919813145604416
7,1.5593026656018412,2.6702560454983493,-0.8680396735427587,0.7181564244266851,1.4704854512285659,1.0,10.091329085540675,8.585141467713918
7,-0.8810558096102121,-0.2434610475788146,-0.08196238785681753,-0.2570254239671139,0.782414518395036,0.0,-2.1011464347232787,1.8706006585282144
7,1.3729965437977476,0.5083996767554183,0.01739465265552992,1.4134087153077388,-0.7295824663350479,1.0,5.6572570965618505,3.9891882769878575
7,-0.4147551481696754,-0.4051102168845928,1.7308741645491699,1.1015333791570838,0.9435648412283447,0.0,1.0440165964695634,2.486680008282952
7,0.7028885425655819,0.15155904060374514,0.36142300531375904,0.6053687838760073,0.5327361587379359,1.0,6.204161185198324,3.2189114668831564
7,0.8923730754344164,2.4194202484886365,1.1307094747165225,1.0826174602129681,1.5729032376617158,1.0,17.17720628044933,7.134055279191006
7,-0.15981048538831777,1.2315268656385139,-0.11496102189889923,0.7957565830378512,0.7916200042293211,1.0,5.102110068773621,3.0686543228103975
7,0.1963254446917574,1.1704015179850713,-1.7394654408380292,-0.1452167426176052,-0.8908370149941642,0.0,-3.1976188340015343,0.3575129819039261
7,1.255237871380237,0.8480117106299931,1.474739429339107,0.8038795001360549,0.29091860765259925,1.0,10.362072094718654,4.496759221376943
7,0.268587415065464,1.1207657019448427,-0.5292204012830217,1.495175959554178,-0.7678442432113572,0.0,2.4506868994336632,2.957956700237573
7,-0.31514146946159716,0.45199428218666876,2.0302534550917413,0.05174738241796123,1.5324869643811803,0.0,2.201747848133442,2.2897665650053676
7,0.8398737863638193,2.222655064598361,1.9245890643396375,2.1984299488483763,2.1939977305879186,1.0,21.015765816365366,7.210064395448929
7,0.7732007260611145,0.3313941622626776,0.27282903919445994,0.20802317843585233,0.353705070405403,1.0,5.52400472685636,3.188822741987665
7,0.13951946754375394,0.24180758905294508,1.202138821277696,0.13839124061376873,0.5709254950775534,1.0,2.559590423822245,2.540491635010709
7,0.8767939264843543,-0.10352231702509107,1.260218335013402,0.4992548902290969,0.6422362665735483,1.0,4.752331378964195,2.8023318382477442
7,-0.6739360508516867,-0.310997167507702,0.7977385127172956,0.4678562199088032,0.13532639220564435,1.0,0.9241424835750269,2.1159133741820457
7,1.6594550588763273,-0.9898366894321431,0.5475631244779741,0.6190131480662246,1.4781840992519206,1.0,4.350173003792618,1.8683955820948173
7,0.39784521644073556,-0.7759732693405559,0.6809142201491903,1.6720162185745744,1.423102789207186,0.0,4.515533814252325,3.1672328728542976
7,1.4737758024946845,-0.2929778820819704,1.1780278892869784,0.8851064227724441,1.0770139236116703,1.0,6.639879835722626,3.1114368726205703
7,-0.4540393056341683,2.0868756423164583,1.1425050375194665,1.1040003460698657,0.049231414579418264,0.0,4.364826663183007,2.432080034936466
7,1.2560459030009719,1.2775732238586057,0.3132428285055231,0.4314185480885986,-0.6321951328994235,1.0,7.484361165841347,4.879072610330512
7,0.9384926271910381,1.264333548992378,1.4475384511025204,0.8252298009389726,0.3589528664701007,0.0,6.460579391315899,4.726787374778979
7,1.361090219517762,0.0719299733538582,0.5271018520440662,1.4456464143514423,1.253178845194885,1.0,9.887248963006101,4.291645390867773
7,-0.16456695862787152,0.3927520268097343,0.8179591463178013,0.06924688533208967,1.006308680621424,0.0,0.6191034228256426,2.679927830836445
7,1.331583610164318,0.46161471995971626,0.8256648987515789,1.2217059397229697,0.7294500718046698,1.0,10.242456149358478,4.577756631275274
7,-0.9912606240835082,-0.3773691276509129,0.4536483542725732,0.10658224485528922,-0.17390156523147848,0.0,-1.638276313687944,1.7817750028854409
7,0.9319155286925864,1.6404724065596274,0.3879604258271644,0.3086874329229514,0.28335581713846486,0.0,3.835176792050505,5.230660073680282
7,0.07573068270981109,-0.9878051099341614,0.311934969136693,1.3034317260435553,0.1479022343499487,1.0,3.252828865151395,2.3025316041828767
7,-0.251186263381303,-0.6570595908059396,-0.07043221293052937,-1.5474859017593245,0.5633614290319754,0.0,-0.3045375469069229,1.181163750386774
7,-0.34606226779517,0.5223920311916999,1.3118576563361366,-0.05599672689106561,-0.6023179563287062,0.0,-0.06402457603943656,1.490210946326304
7,1.7121971748682068,2.6761045688483778,1.1207129808845542,-1.156955476901685,0.4324821743782594,0.0,8.240481794292922,8.409329974656801
7,0.2088042342130661,0.6307712968167832,0.5365044675229661,0.38298630285006036,2.558182155484897,1.0,6.202043013068506,4.1498325627421995
7,2.5499838945146447,1.2709604115982596,0.18166926187021176,-0.9241371871558994,1.4700466647653303,1.0,13.061030594648381,7.498733577915861
7,-0.02588358796443002,0.8972297628370846,-0.6739592180273246,-0.46463110183109313,0.3411214516749344,0.0,-0.4337527982317358,1.7950720378895082
7,-0.07512114090867505,0.6799321181362535,-0.37505636762968664,2.0117628102851413,0.3812884362264482,0.0,4.916536994109284,3.1908126261196794
8,0.8736050773952031,1.9342908450488663,1.4366998897943617,0.7603949362106948,-0.30244101317613237,1.0,9.790141141741332,5.174776085438909
8,1.6020982265529713,0.6829239970013935,0.9653325856674959,0.9538724652344266,1.76752744429885,1.0,11.605995518019968,5.649132126981442
8,0.21624514085406904,0.9514762579259052,0.7274877679460166,0.594606767881374,1.5630809553969627,0.0,4.251146472482804,3.9790479427601015
8,-0.5958109899538286,0.9811303635907818,1.769666102922193,-0.5551668250536121,0.4431507252058855,1.0,2.443969234730709,1.2393549256538352
8,-0.18821900816063053,0.31091368307858874,0.7065682244534249,1.0235656251374912,1.2313133972020416,0.0,0.601481109968713,3.2441454489572377
8,1.0291878971900044,1.548161447386457,1.093366916460155,1.2605764009840477,0.5926582230818785,1.0,13.32309813174913,5.8148220194668685
8,0.3739234313819375,1.322863434589317,0.9601343088391441,0.8081271848708886,0.543646543529173,1.0,9.106410930444945,4.07240704254795
8,-0.11452963941762029,-0.8042061906980569,0.03648842748298908,0.07777522867598474,-0.6998164209349587,0.0,0.3026709297065079,1.3392955187788744
8,2.580519081361043,2.476308701477847,0.9739329804303213,1.3075658287145666,1.4122411308541265,0.0,9.225042186241412,12.327496624963697
8,-0.23550856269039533,-0.018086229312425095,0.8542736993050979,0.2042902606766216,-0.06816468254245578,0.0,1.5754528450425211,2.0294280865776466
8,0.39200692685682303,1.7095107594403094,0.1098100754547589,0.5141615786763339,2.1337388311912995,0.0,2.0953920158891073,5.093731074670407
8,0.9900647198767102,-1.170134665740341,-0.979549538229642,1.7007105020145752,-0.437015197537435,1.0,5.979974837124327,0.450925457692711
8,-0.7255328654663453,-0.30399840478928153,-0.5740885921861067,-2.140572735562766,0.6373742267493969,1.0,2.0973078089607684,0.5068392571826652
8,1.325904440748101,0.07754604757302797,0.363579971483985,1.2832258310375737,-1.2425656398497846,0.0,4.080211091108747,2.9412936716859996
8,-0.20084023823315844,-0.015033329426750619,-1.140021411151798,0.8290349225561742,0.2953453615334519,0.0,1.3342015919733652,1.3048369990753907
8,1.2004734150839882,1.6055936812068703,1.261830122027198,-0.9365095467876714,1.3158643043817686,1.0,12.682978185747826,5.455172473373423
8,-0.2512043706810706,0.4872488556509807,0.5814433214613091,-0.37534160905660363,-1.339792201914444,0.0,-1.2780457639078626,1.264448759812078
8,-1.9018748133996572,-0.44496339179420885,-0.36707404510672736,0.6554086533333798,0.7792885138691183,0.0,0.05622054041942248,2.1400385498049905
8,-1.1858779800147627,-0.8478120386731594,0.9505795292293282,-0.18304810326199428,-0.3498088713262849,0.0,-0.7715095209667937,1.7786294895798134
8,0.1803245478809704,0.42856465492215423,0.7443322241887006,1.2840555454660487,2.9191379668618995,0.0,4.040335435989375,4.591028668923088
8,1.4443182017787657,0.6782004532343286,0.4585640051805361,1.0309701675907774,0.7647152188631137,1.0,9.761714683360863,5.0646103630065396
8,1.0965737571819538,0.8396506375310513,0.7601532600455887,1.919591947090219,1.4614652150868186,1.0,14.67776127374581,5.68418668088199
8,0.6182851654515107,0.7151392753744206,1.1389772414934245,0.5946832775994826,-0.9968062679260441,0.0,2.6641145507556403,2.8958229492167917
8,0.22351913832208375,-0.5501107412091799,-1.505601693895592,-1.226396789184609,1.542230077246554,0.0,1.5124729277092435,0.18400817626813673
8,1.2444612372621853,0.288053669618335,0.34546099572417055,-0.47144409193538983,0.23500513488499836,0.0,3.0135353160033347,3.1201595442608996
8,-0.0831081521982191,-0.8752963590156735,0.11707246455199072,0.21371518524088529,1.4511608816108676,0.0,-1.1966329352025102,2.47767111579001
8,0.8230320424332196,0.0921665980692426,1.678004853978717,0.8156218130816129,1.0278681915213022,1.0,6.619980748808628,3.1871995376959896
8,0.4283613886978158,0.7932339111773163,0.6284833546660425,1.303981632714084,0.3044669816590788,1.0,7.471618596095335,3.8779745165115065
8,0.9954490374102969,0.5774056059340864,2.2414506582731706,0.4775397918704925,0.9363372646098707,1.0,8.797601757391458,3.5673703004195256
8,0.9167688682478163,-1.6112971621824879,0.5559307677556918,1.236279955787324,0.5958175716826901,0.0,2.8898298830255,1.2189725352217917
8,1.4741942575173579,-0.5958341103310711,-0.5484009065062538,0.9757544465438006,-0.870336389573261,1.0,4.033884071101196,1.1926726823975993
8,0.6566429247220181,0.4792480062160089,-0.14989324623008793,0.9563359962863431,-0.24584217513526596,0.0,3.5890238395542866,3.1517275907842075
8,1.7443715442478798,0.6732936552466333,1.588879499559813,0.769919612790032,0.23974445799176097,1.0,8.835199502228878,4.664496490808242
8,1.9014355839053276,0.9914061177893982,0.41742365625504074,1.0802464762696928,1.3488163803108564,0.0,4.175518849234399,6.668895417640444
8,-0.37859379857501707,-0.3458879999339872,-0.8239147235311199,0.044593596345598785,0.06941094455206526,0.0,0.20779195303191378,1.0931088144853378
8,0.364703056749778,0.6695330262289532,0.09437107774556636,0.8476730090789424,1.9464489282526294,1.0,6.759813976892877,4.201095643944401
8,1.288695627838873,1.2985077885672172,0.9716767027591529,1.1263347214047361,1.0646274259423838,0.0,7.227866462230267,6.112218092132161
8,1.4360678716238717,0.8868614577607863,1.5746176868364496,2.9531077699775934,1.503562058630366,1.0,22.205927451757873,6.446880317745173
8,1.1134516760956967,0.7997309341829467,0.26454785507749057,0.18446100234297463,1.7839118255151347,0.0,3.7046935756290487,4.928724218872393
8,0.30618762491112805,0.8358706835564087,0.05321271049565479,1.4878872382508441,0.025433176793294043,1.0,8.458324140373367,3.608813514103815
8,2.0605925392304583,0.2177252025154709,0.3623280891038284,1.24900837438712,0.924848367950245,0.0,4.211317641802035,4.790968376835395
8,0.4887700327850551,-1.662364527426417,1.1109304184871378,0.17721942240524236,-0.7506643633060173,0.0,-0.4917731367627769,0.31325947668050513
8,0.013949077089551343,-0.7734604132597325,1.0174288608140958,-0.7195939049126019,1.648739311525782,0.0,-1.382999072379573,2.108297513940339
8,1.1344480129553274,3.2252736203592045,2.096483684977671,1.2263682408763534,2.452420054326306,1.0,26.162533138944116,9.22459438288404
8,1.0595787132625425,2.2436116102575054,0.7226306159554531,-0.35711301575260523,-0.3465921205043193,0.0,6.493670056542127,5.788409546670396
8,0.6009610057255073,0.3564153831424104,0.1946733618806753,0.0066062748485885,0.31265778654083476,0.0,2.327836952762126,2.9309595619281383
8,0.7451206005369188,-0.03032984409971895,2.2789200852782208,-0.823995174950561,-0.6044774682403729,1.0,1.8667112189946624,1.109609953111597
8,-0.5358818069284876,-1.9327772672637242,-0.09973733526073625,-0.0363883584942466,0.6482804919985692,0.0,-0.41733169312169527,2.05251839006931
8,1.1420379341897549,0.9302062113027101,0.046993087684815915,0.07923215200512662,1.5538373002875365,1.0,7.297013632170473,4.9373801507020225
8,1.2743681673464669,-0.3403107357209044,0.6058497829462199,-0.42755584543698777,1.577206409965695,0.0,2.727783894700778,2.733116197341821
9,-0.42296333603425096,0.17728745550193548,-1.257780558986346,-1.0280561103917465,-0.27942461112220285,0.0,-2.425204956540617,-0.1725254123504023
9,-0.7425291921156165,-0.48967278846544093,-3.433196631534395,0.6343953343087313,-0.622232299598316,0.0,-0.992379892429588,-1.920805430670939
9,0.7592416405992646,0.9763142770241895,0.48791033529484923,0.6910357122372238,1.5445047510464713,0.0,3.46328374067092,4.854076193291435
9,0.08273206281851353,-1.079073151648249,-0.944949398747484,-1.0680839539826836,-0.48651029573065707,0.0,1.9120590944135156,-0.25143242598489
9,0.5986765471445025,-0.6828002017639383,0.19231239766357505,0.3965617503783218,-1.1603179005334194,0.0,0.5440307673570199,1.2450047224249148
9,1.549171955775433,0.03649783247450128,0.9651384020235751,1.0217885106107878,1.3332349992119077,1.0,8.38336298668314,4.07876036618995
9,1.3438941450081632,1.8591750146723343,0.09090786045166599,0.10902868019536899,0.12739535561762622,0.0,2.8539109816380575,6.259605670141757
9,1.4119486686029437,0.5954229898960411,0.4524560154314023,0.9796521944159113,0.6843847334046163,1.0,10.285851975714031,4.802015104325102
9,1.794800437131091,-0.7679208938144286,-0.37355941804845416,-0.23830096645907262,0.8316152294997845,0.0,1.3974759356800366,1.1760867400487187
9,1.4598428006593518,-0.220091788375801,-1.9751069022017163,0.9106997229243348,0.5044810292672328,1.0,2.4732233371398396,0.6252280034071164
9,1.0698818666858758,-0.2808107840425629,1.0738626379387597,-0.4843570785546777,0.7962091413585128,0.0,2.432054513670374,2.2636908736668295
9,1.1618766280623523,-0.23379011203719147,0.23262235739962245,0.16595414044261708,0.9125050346341204,0.0,2.5682629664824943,2.8210139665151233
9,0.199096241585408,-1.1374073779605045,0.43498257932166245,1.1432792269289291,0.4165507173923198,0.0,0.515828622661185,2.2086745429472354
9,1.8038913974138646,1.9082413779092038,0.12369898131411078,0.08146203277824421,-0.11572272154533059,1.0,9.969099873446853,7.335404771354616
9,0.5868516800672615,1.8045827119536193,1.7500357190665778,-0.04427278837820958,-0.3403302174863668,0.0,5.702971095602881,3.759174746346433
9,0.061687903975263414,-1.0384202895103476,-1.1662759900554014,-0.7695526204124914,-0.8017257197755789,0.0,-1.1488038387025017,-0.5276234735867296
9,-0.16590486921238967,0.13309890542781272,-0.9638763410647821,1.9365096800450223,0.5544821734109822,0.0,2.560523289440208,2.295413237058758
9,1.6175113995149217,0.024284724475358288,0.1353515145790603,-1.1011958852898098,-0.4129090238485136,0.0,1.7824906218493881,2.1616561429183605
9,2.404435562264803,-0.2224365066739762,1.4991336639851491,0.8996524988812952,-0.32744379951449076,1.0,4.857776865073466,2.6634378033241823
9,-0.12380651397697817,-0.4771649445470376,-0.0698566626315611,-0.3845938406786443,0.38213322933440386,0.0,-0.516305895659391,1.7199927775557595
9,-0.993175697456413,0.35743009772669965,0.09735228437768823,0.5065578587017388,0.2254624903531937,0.0,-0.9307707914761326,1.7370876380303157
9,0.9210827782845806,0.6512501364215209,0.8070320664130417,-0.6503972018669404,0.6750057004901165,1.0,6.007731320775303,3.4934870541457945
9,-0.11652867698471059,0.21127486599690315,-0.6888652499770418,-0.04078577981443421,-0.9625495718600308,0.0,0.25446000329935603,0.948621041939485
9,0.7000908548355339,0.953123005863916,-0.6540084875757022,0.03041034269475168,-0.2125233529441638,0.0,-1.1792217951650763,2.8694704085152405
9,0.7738515316846026,-0.6945914237841078,0.5253549304085993,1.9129898547578164,1.090304917905472,1.0,9.189060049798648,3.131590259681154
9,0.47702120617465216,1.5046867209678076,0.8571765288447823,0.45360769836342796,0.7665087957157888,0.0,3.818988262041397,4.401842560911302
9,-1.7229004254175853,0.550839807308843,-0.8796300872181724,-0.41672495549425737,-1.1201099388520956,1.0,-4.500358366751192,-1.1058687314235824
9,0.41321304176946316,-0.32709194592732893,1.1657545172082884,0.9437251747877923,0.7601601448032367,1.0,3.9459093826502887,2.7367789957234665
9,0.26772444921212624,0.5896622489943918,-0.4274605376486835,0.5007324460128689,-1.7551555333156288,1.0,3.097467875503009,1.6556399828069739
9,0.26380138891986693,1.330460179692568,0.4326512784834097,0.8000461820312144,0.6812690950106024,1.0,9.268425299738448,4.01294862107077
9,0.9007105257011689,0.26441134369985786,-1.1941659033905518,-0.6364700871488016,0.6032291383274121,0.0,-0.10796063109231735,1.5748047519709243
9,1.8858267061584906,-1.199016892263389,-0.7555280475659774,-0.251235125621892,-1.1405309970004593,0.0,1.8441057078261665,-1.2634706780595581
9,-0.4423930151585823,-1.0080922438867956,-1.0481746989062612,0.24553015506656795,0.053609578948680514,1.0,-0.126557904750757,0.8453663820533206
9,-0.12329948517813105,0.7850299950595725,-0.6873784766875584,2.2620705376923285,2.0277544884668535,0.0,4.939991995813111,3.80820679543646
9,0.9574278181805858,0.07702855443893625,1.2525676794035625,0.6124801720833521,0.8180523731434395,0.0,3.536595755013217,3.245412216794317
9,-0.42318331968252887,0.8171526935798836,1.046426976316406,2.7363674612269726,0.7055515842085706,0.0,8.984269134357351,3.596019497177314
9,0.8087340549581972,1.9065460898253561,1.03963986927625,1.174233270226428,1.4755696743206022,1.0,14.457505641981808,6.250781032150259
9,-0.14522939976475968,-0.651111002460776,1.0256356019881605,0.6824660736827364,1.091412465641409,0.0,-1.212575467573358,2.6147028535874575
9,-0.8428040064173623,-2.3153089707196357,-0.9805833723186221,-1.309626650414861,0.7341668322166384,0.0,1.244639470074362,1.150811555622849
9,0.8601143280499924,0.41957671397430213,-0.5394954388300326,-0.8911604443437273,1.073891530449005,0.0,-0.16846239069930524,2.680315273286906
9,0.4047383971630304,2.3723007706846033,2.1694128738730782,2.19890888424543,1.3646469175155662,1.0,21.058329432317482,5.65166501281141
9,1.4484423718125652,1.3350803769017414,0.12418103259787605,0.7204180556777237,2.334187409562532,0.0,4.55104405035485,6.907241049979375
9,1.1140065458975363,1.0111615928438717,-0.9661453144756365,0.10429848516748513,-0.12817374231391432,0.0,0.7884842743761326,3.262489415477745
9,2.5136487476964513,0.9912880042714304,2.6072775981780425,0.9774806378333734,0.5989677023279477,1.0,14.576527483875104,6.475463555385859
9,-0.7834363710751873,1.6654581314044594,0.7771417901989544,1.2451708453481423,0.6457724565169362,1.0,5.67459075355717,2.183193703102196
9,1.2067997439314997,0.6439979834602053,0.4148844750542557,1.158229003385018,1.3329011872939907,1.0,11.751660679819452,5.070745690977446
9,2.8206866279686165,1.6414642394709993,3.273054425184005,2.449013067034616,2.05112843324463,1.0,27.612894747167015,10.756358288113741
9,0.597043160816642,0.09684315121635878,0.3881173961395968,-0.16395698994422025,0.3345302968174416,0.0,0.4364144366162872,2.609731213211473
9,1.3721493022889821,-0.5752131235724163,-0.7301101040854459,0.08617075914168532,-0.6765588745049373,1.0,3.0890326864234696,0.6940416662134811
9,0.43510548458661885,0.47497132999574254,2.086315148877733,-0.03679582246427704,0.9237383108220831,1.0,7.186914390096231,2.6553435468021527
10,0.3224146935590903,0.2488533621566651,-0.3216996821506062,-0.06241319847972282,0.21410822699585963,0.0,-0.6103422938305467,2.229565065581167
10,1.128851698038186,0.7765719792388954,1.1432995088146964,1.3056527500391266,-0.05435277982493025,1.0,10.109994253305192,4.441240367610933
10,1.5982655398798036,0.19024344431755097,-0.6873276523979868,0.6378829877610648,-0.4899652458185444,0.0,2.102004055988584,2.7015533857940923
10,-0.16116608023666545,2.344588938351322,0.5268233279334101,1.3028141388642416,1.0149655242404243,1.0,9.05663152132097,4.000553343678304
10,-0.0351370239339982,-0.31680677544428015,1.1946818340918983,0.34218753767675125,-1.7839565015402332,1.0,-1.4496249627821802,1.0789255280299472
10,-1.8564309774267622,-2.3424390233136694,0.36855727127742977,1.7984005565303167,0.11675624509843968,1.0,6.18314759733637,5.3238464897871856
10,1.7833370344952457,-1.07135807220169,1.01727553177213,0.6735190929909798,-0.6648850104897313,1.0,1.6772733755265175,0.4840373081327791
10,0.7949356937688555,-0.3363801038184421,0.9300675010040108,0.6990781894864985,0.380415945872168,0.0,3.19421895489192,2.5644379327321056
10,0.4465553925907418,0.9241600253830807,1.240746765435936,0.48315205591987626,2.089167177206882,1.0,9.085711409985155,4.3286692663609205
10,-1.3535449974941698,-1.1147497994105917,0.5945579063465356,0.3051528869243473,0.7256712917299828,0.0,-1.11298577060159,2.9158038737629957
10,-2.0757414423491785,1.0939987039440089,1.0272390264357631,1.5782429993905256,0.4556090248265866,1.0,3.7846992545850506,0.28599956805514726
10,1.9416448316589163,0.3806385802009007,0.3985110484941584,1.0412408075606685,1.8556943545085895,0.0,7.050235639237497,5.469569541019368
10,-0.09254951280803958,-0.7527012844141447,-0.610584842175145,0.5995170662976328,-1.1204706863309806,0.0,-1.7330185886422358,0.9005803480839685
10,0.9279754145370641,0.5269740232584151,-0.3362454510975855,0.8547427523287779,1.2406843072114881,0.0,4.102863657296525,4.040084572157408
10,1.6110213581046608,2.935133469591006,0.9170631554682609,3.0384228426324285,1.1197053172090818,1.0,27.847002721754073,11.147389878839103
10,-0.8806503936309971,1.3436867406802975,-0.41921818277303524,0.6853197404317808,0.2792412629786719,0.0,-0.20981267960095065,1.234278782115617
10,0.7730081896405918,2.8648147664456536,-0.555174859819352,-0.4296529713955709,-0.27111796282922285,1.0,5.98693981618204,5.255272143353599
10,1.1234441407327047,0.8451120002260916,-0.04857147573741105,-0.5135828537373464,0.17143363548876211,0.0,0.998197652010239,3.737174486164459
10,0.36806837424649796,0.9036066541175329,0.5309050290691846,-0.35433444160667327,0.6251146227374116,1.0,4.053764949622271,3.231618346276366
10,1.117290537517194,1.8598739471042265,0.615378044225439,0.689994285613717,1.9082507230274464,1.0,12.432093742321092,6.989968603521087
10,-0.8628945345715762,-0.20151819364193058,-1.8262955528185123,-0.6118784549993859,-1.3572902713560726,0.0,-2.502436328255535,-1.5087780156638626
10,-0.1663226821834799,-0.8158736505903652,0.21541017086524133,-1.689526282385109,0.39054532572964157,1.0,3.0690280054924437,1.0797035377337132
10,0.5012065764510822,-0.16279471468644047,0.7869325980120371,0.1348391860280177,-1.301466449732506,1.0,3.6876557403940895,1.6037857564772189
10,0.9558931576500316,1.0538695360223609,0.38570247244560946,0.5619303573141817,2.0210308345655355,0.0,5.153095713406968,5.423134241615608
10,-0.035690897127001686,-0.382826368677582,-0.28807964741344805,-0.5222634040784151,-1.502154126271324,1.0,0.09924886773261199,0.6069474321450619
10,0.14496097490732412,0.9609184967991975,-0.12917333312520973,1.210073812819511,-0.6175448107869892,1.0,4.123557796431072,2.915581971557704
10,1.7088998808631315,1.447943827775049,1.3060521158281138,1.3839797342064069,1.0994686809241325,0.0,7.598364926579771,7.209225554086052
10,0.0740368536143095,0.3006783850959027,-0.41371391829099546,0.3569162986747447,0.6245319796407081,0.0,0.22346154852472377,2.409120179692167
10,-0.08898583652300995,0.5529857942067155,0.11380768498937249,1.8039501356816854,1.0570770450289675,1.0,8.286533569065483,3.6637404005774097
10,0.9603133848060355,2.443838915722846,0.772913811294644,0.3371029229311747,2.0371061380614486,1.0,13.163732313466475,7.3383680256119375
10,0.7536689361041145,0.9063797937139713,2.4256802153166843,0.7998934010272183,-0.64315664662444,1.0,8.889383288203259,3.049848428056404
10,-1.1435582551807328,-0.4210220736209719,2.1813085167839485,-0.23049716174245138,0.7957910001717793,0.0,-0.8603136033846888,1.499187080659564
10,0.868627212945885,2.188492689851917,2.351918791445061,-0.06784738848945149,1.252445686946448,0.0,8.404599606519477,5.493725850780136
10,1.1177473414419192,1.6718611093046059,0.199389792736617,1.9166760419153628,-0.02879765977949522,0.0,8.110382745261672,6.287344247831935
10,1.2378773964408598,-0.5602332185966492,2.6540907008403853,-0.10728394214453763,0.028976134614422833,0.0,1.9701117998004571,1.0497077474307273
10,-0.2621518312656045,0.23767462569970643,0.7220060124471969,0.9982950488218512,0.1264264365378021,1.0,4.893506817917453,2.599299791251568
10,-0.8749144582265977,-1.2409667641092714,0.39277318566944563,-2.2802094538612203,-0.9704748498758229,0.0,0.47137233536623324,0.522694765508894
10,-0.20987892707528932,0.0780295240855981,0.28597250920815914,1.8629800384718702,0.19761899799934646,1.0,7.932108937370996,3.0503720892281745
10,0.10854685800267577,0.35202231007193374,1.9216041784712545,0.03002716662779209,0.5504458983586307,0.0,1.9130543676552532,2.175877552169309
10,1.6854515613853922,0.1309767611779838,1.062165948883,0.4886713452624118,2.0232871777840753,1.0,7.595572477595846,4.403012843103592
10,-1.3945429390099675,-0.14692468558901184,0.5530444589493504,-0.7051188530293708,-0.45569337200754945,0.0,-1.4927822891681735,0.9812043613101578
10,-0.5280946469870158,-1.4715221369475526,0.16399346030911577,-0.30869144394777526,0.07646775066638911,0.0,-2.12840210137897,1.7297626371192716
10,0.04299662166535889,1.2617446480323422,1.8713812009647772,1.2293126271645876,1.4408588071451733,1.0,12.068705756637723,3.681318802035789
10,1.9080145120681906,0.5171267541533102,1.104659700967142,0.4996465543471335,-0.21759118746329542,0.0,3.207759370340887,4.342051970780457
10,0.1590190937956084,0.11137979234297757,-0.0404888873530288,0.5668972415392135,-0.752429309268146,1.0,2.2795033222857963,2.039080916146024
10,2.0557605842018534,2.4439151524866847,0.6568553976067526,2.0139329232778715,2.7640231703881493,1.0,22.76732564542216,11.783264386710904
10,2.6062884494729035,0.9382277151019415,0.9626344217316481,1.398125567502714,1.664061140379285,1.0,15.209869524095634,7.801320606274389
10,0.48744845795158664,-0.13885888555955717,0.9360612655448386,0.49417209342076235,0.3346223133996298,1.0,3.8789742310217865,2.5820002715908608
10,2.3693086059985244,1.5071065259480094,-1.2311513970237173,-0.0030631710478921104,-0.19416233513055414,0.0,-0.9729297841755165,6.127971903468209
10,1.5740937440535105,1.1059796799264676,1.1584893212916725,1.0765906811650916,1.3287951200481494,1.0,9.98938025113589,6.2636140366043325
11,2.005618614113886,2.71974778242879,-0.24214441720053892,1.988071316611288,1.067060804834215,0.0,7.401428712546229,11.194779836809754
11,-1.2273779813432037,2.006740897108687,0.2665223280337041,-0.024528704131375645,0.8307489911160295,0.0,-0.02380692776171678,0.42771584494160786
11,-0.06199150381664931,3.11220404165299,0.8395362496044173,2.802733971500684,1.9129953649150877,1.0,18.863858420293756,5.777616935798572
11,1.0424191223049306,0.9502490709256922,-0.48447492461275077,-0.3963471723081994,1.0624548080811516,0.0,1.7834422383698363,3.9626278763587237
11,0.8296285461522028,0.9603862394071169,0.0645458697281805,0.86028106047141,0.5212504517424909,0.0,4.4808925737433745,4.412727561751641
11,1.0681079923258512,0.3951341969182317,-0.1481923826349537,0.2816455296275542,1.2485572344483915,1.0,7.851496075357154,3.833711868469666
11,0.3102022905316586,1.2053370269765473,0.814339562423269,1.8139926871144059,0.6996551259874475,1.0,13.783572614962386,4.482010514319796
11,-0.093514491010798,1.5952608671867166,1.3593530662472793,1.387223589060535,-0.615371927210205,1.0,8.579748673509371,2.877166779790927
11,0.41845852389058735,1.0993059278993815,-0.46903123123474666,-0.23754839636297742,-0.695920357460104,0.0,-0.8063358124098663,2.40965278109906
11,1.425157171820532,0.6981271287506907,0.34611142030806175,-0.473275489749714,1.9953200922732226,1.0,9.514368706387732,4.931360038877537
11,0.4463698521712244,1.4106040030163123,-0.6861439037393364,0.9289166489364944,0.8347996490602381,0.0,1.3920715742276522,3.870619048577405
11,-1.3852956060691495,-0.050404652404262396,1.687963321486327,-0.5471617395291442,-0.4639106561806978,0.0,-0.7816804507743915,0.5735215786370507
11,-0.16294600268452086,0.18715071885127382,-0.21646564908249577,1.2290750652157945,0.2785314991060486,1.0,5.667839859298031,2.60384000668836
11,0.3221122957708046,1.6631700522124646,0.8625482982372937,0.9553608797471632,1.0568768014933205,1.0,10.470299716802097,4.616265830487095
11,0.6141830659238843,1.3289646698525588,0.561581410599779,1.271152807950734,-0.1885363252278951,1.0,8.49174442722419,4.456314438431026
11,0.11689017463164258,1.200593300415823,0.1969525821189579,-0.22002296938923105,-0.10764253951903024,0.0,0.021431199644301624,2.714390289235573
11,0.9667747763440334,1.8399865041569035,0.8599468566120068,-0.128369812984106,0.9187110502536409,1.0,9.124322499635882,5.659854969787647
11,0.08459154360725779,-1.970212516442809,-0.21864493893797277,0.4459300283999276,0.7082019095072165,0.0,-0.41571503851062885,1.3344619628048315
11,0.6958787295895219,0.30368523073487974,0.4229795247680932,-0.3706263027611908,0.7868223778909407,0.0,-0.9990968923638437,3.0425678294090774
11,0.35478631870836075,-0.8248553011252886,0.16036051171078874,-0.3247028593097705,1.1129056653881662,0.0,0.36086143650027613,1.9337695750761361
11,-0.03697873481968206,1.2598569105988577,1.3870166696078299,1.434642856341131,0.4246127026087343,0.0,5.658919151928318,3.370734165227461
11,-0.5284582078376892,-1.980539504208942,-1.0038511148715947,-1.2750408630175931,-0.7306459227361202,0.0,-0.2602448859619061,-0.17557774356513267
11,-0.02601855668580444,-0.9298510791741692,0.7185329408283306,0.380115718764962,0.27982419824453686,1.0,2.958571120775657,1.9882672700848092
11,1.560381846215367,0.2188495779671098,0.5356401762142586,0.4599853354599486,1.5346992504825177,0.0,3.725193103854373,4.356209066591887
11,0.7547214926514725,0.37172068707645894,0.38966039833397176,0.45012078881506673,0.682387114666421,1.0,6.148020590603993,3.5298889517109306
11,0.6206783982752178,-0.5234858370559918,1.14619267679389,0.9758322140771283,0.11852709801073696,0.0,1.9336835004301516,2.255915583352385
11,-0.7320082397975589,-0.6521949524909165,-0.21823393547458625,-1.124108815100779,-1.0181824321965713,0.0,-1.027081494937657,0.5813292264696743
11,0.5428867991317413,0.8677479747435257,1.4786567780678905,0.605827066332603,-0.5169940767250785,1.0,6.387161343702099,3.0521604224942047
11,-0.3291969080682291,0.9462948804349365,0.12700685433576314,1.2906582725852833,-0.5388327587974335,1.0,4.412087270949902,2.428393286833524
11,1.7738083457262612,1.005343447353497,0.5960674855990781,1.757126793498988,1.3673652499180227,1.0,15.543652192265357,6.860691950366286
11,0.20087763268971437,0.6377664215881074,1.4308653538848568,0.17781533432957713,-0.37191730847585525,0.0,2.129135384865136,2.305291488569006
11,1.7200978299585257,0.5539619911873228,0.3497758788396592,1.2879840840037975,1.1726603920972647,1.0,10.034768608874899,5.434558446872839
11,-0.4905236042663559,2.7587835653272856,-0.9318696898548131,-0.31766005205521763,-0.47280358243716947,1.0,-2.476355007682183,0.5160490180555494
11,0.3396891593775876,-0.6182497344837896,-0.7516724750919408,-0.8283187511822705,-0.5544865900084044,1.0,0.3383107702424192,0.3140158939409191
11,0.9453909139632801,1.7827754833085447,0.958370459084054,2.5961455282685257,2.7923880835712835,1.0,21.60145218443719,7.797809107851105
11,1.1520809580224278,0.21277082968301247,0.3319216688897988,0.1226721384591804,-0.6874579314374849,1.0,3.518980718306375,2.7565409468365165
11,-0.09280296385004749,0.44419314270353183,1.1411095916751908,0.7362755187274386,1.297776874471368,0.0,2.9674043921292785,3.138639676631307
11,-0.4273613814494156,-0.9819789036397046,0.346182171067286,-0.9472401799574071,0.3197375048790539,0.0,-0.5160315840248438,1.5150044550465203
11,-1.0409300631066838,-0.04999076452544282,-2.3129484281476738,-1.1763730121345584,-0.8332110101726229,0.0,-1.597404711952106,-2.330565357461662
11,-0.6867066058692692,1.2789270337462808,0.020914749365484098,1.5611984786416475,0.021560270589932262,1.0,6.554494636190223,2.2194806153406397
11,0.8177370650993983,0.26053880591441003,-0.2721040167492128,1.4661600784253728,0.7375714655542993,0.0,4.752607007393208,3.6812114937333185
11,0.7279092250073518,1.2781783848691166,-0.9239334306354618,1.5959434387259384,1.122812798117117,0.0,4.2296850243370665,4.433539079939269
11,1.5187863436582119,1.3284668482104336,1.7321536532011546,0.4677777517554455,0.02915630354379778,1.0,11.806840791248863,5.395169708144426
11,-0.3009363332962468,0.5754896344430798,-0.31901631595238167,-0.7722361480874587,-1.4875571637391771,0.0,-1.0246718825289076,0.6242304891283995
11,-0.5312903165795528,1.1021118909903649,1.3064821091377354,0.7635267348000699,-0.8860546639995603,1.0,4.798295354629858,1.5530938649216346
11,0.4088066746696868,-0.8475195338760964,-1.3139456540074366,0.2904950537415858,-2.224190194142988,0.0,0.6478740070630196,-0.9356126653970909
11,0.848981774432392,0.7314272896909346,-0.4043280999288076,-0.40519493722309863,-1.4805325227509354,0.0,0.888934751249847,2.185512121295081
11,0.4806800179745108,1.5096214245647828,1.4668622685284218,1.2560650057526392,0.16184598367991265,1.0,10.998923656263631,4.266929242105344
11,-0.1363256718467435,0.74426240394216,-0.09896651626401154,-0.16317009629358215,-0.21431235899278178,1.0,0.08903833173335074,1.959388618120633
11,0.7825083204853673,-0.5502458836957904,0.43179991523572214,-0.4932718920161705,-0.9431404415358591,0.0,0.6521497286218851,1.091466972517827
12,-0.15159001667772387,0.38164695291738726,1.3874589197741063,-0.4917688691806634,0.6626712609627153,1.0,3.600697197973544,2.0186673130779216
12,1.506134850154661,0.03033430880601884,2.2109261532253823,0.9879712061058643,0.21694294986897306,1.0,7.338017178265721,2.92454272417013
12,-1.5100436395298868,0.11360869250186612,-0.5227341507952905,0.09550141713091709,0.6686825982728823,1.0,-0.047305602731636254,1.1174107677046679
12,0.8869796319228853,0.8266397416941207,2.250762461360436,1.650561770806908,0.7218416647718788,1.0,13.449070153357258,4.2728385582788375
12,-0.30216580553211614,0.41920891941286664,0.5891557079502799,1.2291004282229978,1.4184891719992345,1.0,6.823165230331834,3.381633724279455
12,1.3779675357106782,0.8557819420137733,1.1060239247779629,0.4015281576505201,1.277250088861387,0.0,4.735986760650259,5.136734916097077
12,0.20009738837694058,-0.25105844063747473,-1.0471814428331292,-0.8158793845915142,-0.5175790847407944,1.0,-0.639152666289007,0.23397732967257484
12,-0.09468993556227545,0.25641657609377044,-0.7459802610864561,1.9524636129525763,-0.6578857615772529,0.0,3.08428799083382,2.0653050062697447
12,1.4207848145873019,0.13995409060871294,0.22104478280285783,0.04196801009407919,0.4704695584874105,0.0,2.493820047902604,3.3216241891505525
12,-0.7306949795722957,0.9738543338073078,0.13254526670798866,-0.14472398203205705,2.389060430001025,1.0,4.206623272444641,2.5896587906549495
12,1.9264899019368413,-0.26747035139862374,1.2542699599243226,1.7444539363695675,-0.2101555335967784,1.0,10.284261284074441,3.0197823994337414
12,-0.7736614553221774,-0.4054913348519714,0.06337372616739123,0.8269167378881236,-1.9360862404551749,0.0,-0.09702500624594634,1.1992312903684295
12,-0.7698321310434091,-0.4362155364840483,0.07408186671081302,0.5921957609198395,-0.04015861722112535,0.0,-2.3194873781007965,2.0431056007484623
12,-0.6759952943289211,0.5856382194983772,0.01199733506057582,-0.9302534761554304,-2.1613868169224895,0.0,-1.2503862904001246,0.01903933585493589
12,0.5042216921602269,1.4807532723607464,-0.20063473506333906,-0.1051669755005632,-0.15131865963199276,1.0,4.304699909014522,3.490495495854692
12,-0.2092898731416465,1.1994723817863626,1.0640572636656267,-0.3829481401136352,1.0536931471712343,1.0,5.878999344543578,2.5967836586808914
12,0.247019551700559,0.5820626021196731,0.5360109701773789,2.158744317972479,1.7907385850033424,1.0,10.787694848297674,4.660821612177128
12,1.1223084537591101,0.24618174587914782,0.4918399844044299,1.5831822426751574,0.8683917643837435,1.0,9.705161777291217,4.313709371328997
12,-0.6761982562702431,-0.9384025973585968,-1.4154511677968822,-0.8151988685341998,1.0085171251794245,0.0,-1.2876231308957844,0.37090042878144647
12,0.3870026280009934,1.5740290365049947,-0.533172546374423,0.9034567996885055,-1.0476482048092512,0.0,2.6550352431233497,3.1121861333243936
12,0.30079644734745037,1.1090994260570246,-1.4823479577535106,0.16829456564708023,-0.30166477666098235,0.0,-1.4095179247005916,1.3190351099619042
12,-0.19473914359302957,1.0830064906390797,0.3679701251061458,0.40806811925779396,-0.2956607187787993,1.0,4.255340471425537,2.4064781382349265
12,0.6296999989355925,-1.189861218311384,-1.5431657294398753,1.0552162212701957,-0.04424806956825633,1.0,2.8273686851663427,-0.2678079247346655
12,0.11315436554110658,0.2544156600678291,0.586102147398592,0.8918887406999492,-1.439148503724819,1.0,3.1059311276809405,2.065097422120513
12,0.7137189168400929,1.2152748300165193,1.7698211348715265,1.5314187696679813,0.3407114985908627,1.0,12.113134692557272,4.455123726867626
12,-0.19519637137921175,0.3910783892789317,0.08510052149231345,2.299821371918915,0.04822897602576576,0.0,7.0584993706237364,3.2345604965827732
12,-0.13013811650098406,0.8121415478004225,-0.03899926917937946,-0.7598217280639679,1.4936933447981637,1.0,3.9238667594800845,2.581986942947187
12,0.2277873024449174,3.507137919639106,0.9299863145275075,1.6702882603368843,1.2919093612040808,0.0,8.661991928305866,6.210281017872083
12,1.7578856473832642,1.2461295410249802,1.592191213280947,-0.3985219107021536,1.1020990801712927,1.0,13.454575044572435,5.81905176622392
12,-0.014904721555964562,-0.9432118817723691,-0.10337815502367798,0.5869378586399471,0.2202342204972229,1.0,2.656110276180794,1.8815582065659524
12,0.5127310474300131,-1.045605666797044,1.0821705181115622,0.10648962501688092,-0.3341240284873469,0.0,-0.08608485054989778,1.0941292089361758
12,0.06100465301369118,1.8384524286961548,-0.23828495783986592,0.5156266000341714,-1.8277943001018135,1.0,2.515228885553192,2.2584005805423804
12,0.03662213278696824,0.47118365352222297,3.1447579380629636,0.939285797401334,0.10267947601174032,1.0,7.199131994830637,2.36452525872767
12,-0.17554200635393924,0.7697216929999657,0.5013657609543288,-0.8646454058953128,0.7424277338047883,0.0,0.0841381563584167,2.2284723603657914
12,-0.09563488745360849,0.7790246659362927,2.242382980533718,1.334713372896226,2.3476117834096577,0.0,7.326168694281631,3.6073181629759117
12,0.6303935800468626,2.023393702148992,0.44787691032443727,0.20002339877820607,1.0835868987386879,0.0,2.74529855608252,5.3695401878678926
12,0.03185118794349012,-0.02422454695730092,1.1566634271197298,-0.7496873447466041,0.5808325947810803,0.0,1.2749530471417594,1.8993423597267336
12,0.5997909529382225,1.8494958024406662,0.9552162948924081,2.4876352595325404,0.9320642366196402,1.0,16.67947745862936,6.098844302872911
12,1.552931048986516,0.27541631043210035,0.11431462331307535,0.8096225612704978,0.8298859909171078,0.0,3.8091196380819063,4.212261003020931
12,0.7254093051723918,2.0395469743006815,1.407324943838277,1.3937748978488118,-0.9725889694034597,1.0,13.829775898812697,4.93898421313837
12,-0.4412998007570026,0.11870288654538946,0.5022658569952866,0.7059904291067166,-0.5247242783887769,0.0,1.0691960023198654,2.0045779868777625
12,-0.8841145879305037,1.3396438548594483,0.34968104020957674,0.057160373131237285,-0.6300531445721018,0.0,-0.8464588659331613,0.8712421288107584
12,-0.08661874652325696,-0.6380000899365794,0.14614147210429917,-0.6405621957760601,-0.7645042282963657,0.0,-0.9141565899382623,1.0528312010459375
12,0.4808824791369315,2.4428313146977816,2.039801016868717,0.04027256761477588,0.7604249250323412,1.0,12.70622501741846,4.604822255966033
12,0.9334472778053824,-0.7513683657047894,0.5424615539699855,-2.0255047018459873,1.8383041424471276,0.0,4.128678446656213,1.4237477083567016
12,0.8982038880001929,1.5616165546085474,0.5561829343318786,0.45518634006744957,0.0829463408017943,1.0,8.571879277242886,5.0289945962671725
12,0.35886513077041604,0.7401875406168008,0.6242786686459074,-1.544677545048064,0.3033035062010189,0.0,3.5397466587984314,2.3179911066481855
12,1.1099194740867304,0.4142572453260979,0.10684643391059151,-0.20840277543150887,0.6995168868422772,1.0,5.636388676975944,3.515158164313606
12,1.207862540017767,-0.05483105510144304,0.31488594883972254,-0.1754384140054227,0.9024373876847672,1.0,4.985134559755635,2.9820615338891843
12,1.8102653864731395,-0.8358865022869517,1.797363279934564,0.8599823456121152,0.494510870040219,0.0,2.3147986865789365,1.3253077434842686
13,-0.17425239745441656,-0.15014602931425725,0.5569334142243754,0.008092135157251046,-0.439154371587161,0.0,0.6924797228621735,1.77577973381976
13,-0.16816445384721146,0.19509697794048309,2.020341104694661,2.0888813931310173,1.7841174699443891,1.0,9.893460301464822,3.492772283553099
13,0.3945578236937314,-0.3934733392420372,1.4239098638982877,0.2556721112891829,1.3033368420968285,0.0,-0.08472414793672778,2.4831125041303377
13,0.6788733681904486,1.562568750236588,0.6268642211820106,1.7176053891643301,1.145259480878382,0.0,8.426303209626461,5.736242875557366
13,0.6268884630169629,0.5393898754669058,0.873108661209625,0.36487870060525845,0.03486641066154095,0.0,0.9841781048042917,3.2001507411008303
13,0.18314406556380597,0.24236226634595653,2.1072724452715548,1.7696382463148024,0.1409052564642327,1.0,8.871421048155298,2.754938008844715
13,-1.0955352017250128,-1.0118328915787727,-1.2602225093819543,0.8192625336629384,-0.4316065877019297,0.0,-1.0507212464616633,0.9241362744013912
13,0.3752566441096595,-0.6232680611291246,-0.31092290769969066,1.0488911916370847,-0.4974045804833528,0.0,1.9692359946839209,1.714442285599353
13,-1.0047454982443333,2.112082910125549,1.6399260909633435,-0.6522993297613224,-0.143882690046214,1.0,3.294430187805577,-0.215639770687585
13,0.576566056024862,-0.4166308558422883,0.04274808096364019,1.2081656995327652,1.5158200252848284,1.0,6.074654672158014,3.2222057335301826
13,-0.15260294595284207,0.8733989172827623,0.6908568605542436,1.1595583411538632,-0.0026759821865061095,0.0,2.868335542806262,2.9216846559892273
13,1.3393215921934176,-0.6886429156555789,0.3628788344757449,0.5768210932345623,0.2646971894835271,1.0,4.502414163340542,1.9401023782806357
13,0.5460516147195005,1.1839694785692623,2.0462995554905614,-1.2063048865468962,0.762187433821971,1.0,8.213993114879948,2.854824136710108
13,0.40186522833605565,-0.754824705352815,1.343579253802286,1.609317006701975,0.14778997315784875,0.0,3.900451520833748,2.2957925774720387
13,-0.8273481693966134,-0.7624447330082964,0.7134719180907297,1.243479514929635,0.7295656000282787,0.0,-0.042264683505153555,2.935263515793748
13,1.0393956840125778,-0.033364841146632074,0.7644606934474234,-0.11163686431025255,-0.3012375695842896,0.0,1.9768031314899353,2.3658850215759784
13,0.19573106433425724,0.9325945367075433,-0.9559767201071925,0.24963647934986855,0.7964335264932403,1.0,3.3078058150963425,2.3685583370820344
13,0.6327764336137374,1.3536726248789892,1.0223050208002933,-0.7174380803220006,2.067128643960511,0.0,4.823886820092662,4.557194893240803
13,2.287344501190426,0.8522573777353314,3.0666335307402472,3.7063906683644032,1.9272417383275469,1.0,28.61125616240877,7.872148254548857
13,-1.5310353965141608,-1.5989272589048817,-1.172087727346749,1.0600119649271051,1.7694502517108077,1.0,4.094062573442068,3.09994870601468
13,0.2819947132029801,-0.12175326799676911,0.666096619517021,0.5565447024811362,0.7614608257713825,1.0,2.9481876164530325,2.824077651610621
13,0.7248931023494267,0.9184275197216115,0.2774224336887634,-0.5220686788471105,1.5151330890165855,0.0,2.7759533803542804,4.084430076998992
13,0.09679678231300348,0.09775620161291859,-0.1226843655621851,1.0160772405300076,1.0698960288302104,1.0,6.055741027765756,3.080867137545174
13,-0.4650919789439871,0.5597765829065822,-0.7315788319895675,-1.3197895845214764,-0.9637738354951195,0.0,-0.7111361237114052,0.023544176185547272
13,-0.1909490804855284,0.25887555425860376,-1.2508712763830838,0.4643271578960268,0.15360849555164768,0.0,1.3607103037197577,0.9825587913019479
13,2.126943852661338,1.379547909161523,1.3602128961174438,0.6068670249361602,0.6825953359886632,1.0,11.51085334528787,7.221334931849369
13,0.5121991670584196,0.12190404824010442,0.14350258906934582,-0.2168036056243231,-1.8613683793331597,0.0,-1.184039349101396,1.4018772226556035
13,0.11564755842270041,1.9104658953462996,0.15031171515496045,0.10796567053410988,-0.5355470363689492,0.0,0.9312108748906349,3.0840870655597423
13,0.3092926641679066,-1.1423782966592715,-0.04645188171132886,-0.5231500638117283,0.7001920752635923,0.0,0.536229804870501,1.2943443270921517
13,0.09591506765441932,2.748186559724326,-0.521534902289924,1.7798549071755831,1.644979508717113,0.0,4.133034294370809,5.004348565551135
13,-0.8354697529393078,-0.5630528056029604,0.3243267135985063,-0.1813102003120346,-0.7416306624065006,0.0,-2.640348042908811,1.4197107324277722
13,-0.11053998119436015,-1.7067872217263975,0.4387907678621951,-0.20753807020365378,-1.906256606127649,0.0,-2.5129745363158857,0.34776873299880995
13,-0.33186849248512107,2.234472904451258,1.1776210770676223,1.2068838225058809,1.6302152410212205,1.0,9.281409425140657,3.6002344328413676
13,2.805791876814166,0.021159715912848376,1.3322614898074812,0.5017231066180303,1.0115728913228064,0.0,3.4872326002591127,4.1319035025860975
13,0.21430636142774467,-1.0827492045026783,-0.9137147206735248,-0.4260299447728759,-0.5399598284891507,0.0,-0.2906650638622076,0.004695024929288416
13,0.9892255118172506,0.8102073994461334,1.2288936917894706,-0.03592759780868515,2.017493201313351,0.0,5.196080397321356,4.641704138145963
13,0.7376542048645679,1.337517429949835,0.7579733233560186,1.983251489766425,2.100713622810889,1.0,15.230653917242417,6.171411133841643
13,1.309670100191,0.517940717897162,0.9924028750708175,1.8929928325921985,2.3479429509835352,1.0,14.460294919599141,5.75548562278656
13,0.6286880721297763,0.39998038783499695,1.9700183991639673,1.1408085666916659,1.0561873039380176,0.0,5.64689101988576,3.460602558045418
13,1.0357204306975047,-0.06819872640460978,-0.281790045842634,0.7450970263638091,0.03881007898556482,0.0,2.328891687769872,2.6247437771728523
13,-0.8048512010259694,0.578512677988574,0.0941184601733483,1.8884594737383076,1.263123203806308,0.0,4.857102520916615,3.039638809964674
13,0.5735799670586841,2.383479763793855,-0.5299239148799757,1.2827299800915066,0.28215540665555194,1.0,7.5847272771029886,5.225972377344025
13,0.912088599831942,1.1858566762283147,1.6639509811152895,0.6191167628368324,0.9536559403506164,1.0,9.882908911725634,4.6559208522533595
13,-0.9352859501925859,0.28730212957098433,0.009688079003373873,-1.4467208137410945,0.8523865251581897,0.0,0.8349480237181853,1.1149284105809554
13,-0.7514761335722226,0.40523880043363014,-0.3583377769659286,0.8113994878669546,1.1352116460148944,0.0,-0.24882644755473704,2.2529718137841614
13,2.7508801946557577,0.3935262632742396,2.5492024286414687,1.8086264383873103,1.5130679295249236,1.0,13.937540438592032,5.760586752244419
13,0.20245616067818717,0.919180498895446,0.40942006773360273,0.3119209763114268,1.1588393451665535,1.0,7.251425595800107,3.604354114160183
13,-0.6306469684590927,0.12231973415721259,-0.6264449342210276,0.7143687141029031,-0.039622340526001,0.0,0.5268977709055027,1.502963379146725
13,-2.4066544146263475,-0.038177665834476904,-0.44878764588134057,-0.8075001200085208,-0.7350619560368179,0.0,-3.561405047691089,-0.22523668043245004
13,2.535313331616219,1.2204627371168009,0.760453830411883,1.3118171048545804,1.4798760846829644,1.0,14.620808903431863,8.472740275098365
14,0.23879591658985527,1.1773316223215393,1.1577057825861978,1.0188348841552708,0.3049372660236016,1.0,7.994457546148488,3.6313865419909592
14,-0.10218545077784491,1.357211566575646,0.3942094384039212,0.7483848420371662,0.7438579922251034,0.0,1.780357313196454,3.3553524089772098
14,2.0026249753543155,1.2351703566423282,1.2478113349779796,1.7384566983368508,0.3044030124796668,0.0,8.588268524332438,7.055214808867754
14,1.1177509489507118,1.2163703679679312,0.42780135859689705,2.081190061259256,-0.11445073164508246,1.0,13.840381647107238,5.633810236998704
14,1.7643842470543434,-1.260406444111172,0.15507142265696006,-1.0829334911455653,1.0458975981221308,0.0,3.759072283545807,0.07516589343017199
14,0.29345232346228345,0.7063570383347164,2.744055394376131,-0.08456710703869075,0.9266021282248756,0.0,3.160463335670853,2.578214766463426
14,2.816811337573713,1.7878919799676853,2.617755768051441,1.1620327056886903,0.8917832820023313,1.0,21.40115300683524,9.80838561190672
14,0.4058122156603329,-1.4270539760150276,1.2459634770680719,0.45337002970538487,0.8850128830499857,0.0,-0.5945262468542581,1.5215867601801532
14,0.07681450788345079,-1.0255121895659554,-0.4174830527120681,0.009434920276138625,0.4751326333718057,0.0,0.7724320235504473,1.3945315540333527
14,1.4657557831845267,0.2490355543079561,3.219052053135158,2.2187896559328495,1.501491196842266,1.0,14.68873047895838,4.695085905256466
14,-0.36823310643326335,-0.7711548789666458,1.5500344445934198,1.9660222405828232,-0.5990799949953856,1.0,5.085781022281111,2.1935194996590273
14,-0.09184263017675831,1.4140960224297072,0.8403580129563758,-0.4448378174939891,0.268338625092969,1.0,6.147619294541942,2.530377999568445
14,1.3153310123072839,-0.9231497456929187,-0.9585703844492768,2.1434184715648072,1.0213523502310256,1.0,8.25587769911928,1.6596338910654251
14,0.6778420170791865,1.1525359601156993,-0.22748864043723482,-0.2535374082162928,1.8467340834409924,1.0,8.16409405144331,4.353516163469925
14,-0.03382800725024515,-2.156425136726572,-0.18902103511556534,-0.0504655751358416,0.8793868353500973,0.0,-1.3516540938398056,1.2799597564720038
14,-0.771084654370094,0.6233444163522471,0.4863840352469331,-0.2629792837097795,-0.1565382970190221,0.0,1.615329533888224,1.3629406476052888
14,0.783040302891929,0.316702435170802,1.6349691493266592,-1.2483180658289104,0.13026159763579276,1.0,5.577300867096421,1.9921896943245412
14,1.9132561579733458,1.057207933786263,1.3919224129720114,1.4108409491257867,0.5494149048897065,0.0,7.899658391437857,6.361952336314473
14,0.5380259529715947,0.11042215346777451,-0.963188288499985,-0.01724624897461491,0.07620266714954149,0.0,0.25980503894707146,1.5024233588812255
14,-1.1763475312619387,-0.6586844656166257,-0.3749049568489785,0.451408147784119,1.0532114113745337,0.0,-0.28045487308536243,2.35272557712909
14,1.4329191396630407,2.890769235885172,0.23593143253267768,2.2321953510639734,1.017937762186067,1.0,20.085270477224235,10.01941206908629
14,1.5920697246826343,0.1289998396898951,0.4176664115957701,0.954234279641054,-0.1815236668778093,1.0,7.717701516106126,3.575138031965267
14,0.3178558008029895,0.21080900616451875,0.165185125669777,1.5339887852992153,-0.4723190364550264,0.0,5.9813877927215575,2.931154637332352
14,0.11669122788963932,-0.7077325733445323,-0.6543714565152166,0.12608820454275976,0.3918563934972092,0.0,1.9503726803388335,1.347110369530408
14,1.3337149930344534,-1.2793830672483284,-0.4751642170537538,0.30109518768083593,0.4179402068421666,0.0,2.1091388296940066,0.33198677986444125
14,-0.03424698865616893,0.8999891884082776,0.05481004185669802,0.1737135934393198,-0.28848247803638916,1.0,1.6786049247096047,2.370568064633842
14,-0.0633584107517432,-0.26025687057434055,-0.006626182955444926,-0.16814279962005474,-0.7303401771872937,0.0,-0.34073123509617625,1.4021052880924176
14,-0.19599157430559822,1.8522264591272402,-0.029225512843815915,1.0399000607408522,0.8923984844027446,0.0,4.263634721019293,3.4162061439619844
14,0.3853878298731464,0.3690785668806349,-0.5865611555460115,0.4564831187035371,-0.050948434012430655,0.0,-0.40820106289284064,2.2618073520371302
14,0.7907975475070459,-0.2925770280488347,-0.061049047906310716,0.2205929323527191,-0.9893850530782724,0.0,-0.6916075267636205,1.6009575647459955
14,0.862289184381388,-0.7822753003238441,0.809631981610649,-0.41438146545771015,2.0588022017640975,1.0,4.286387210514511,2.282250707562423
14,0.37536070315263415,1.1020509552971975,1.1793157320628933,1.2450587564341773,0.6880482969118161,0.0,2.980526454385233,4.0901412568071995
14,-1.7186465886647948,0.19089664076867774,-0.13571455467223248,-1.0761136187590323,0.6866791348206602,0.0,0.1511518009136137,0.6362715524078052
14,1.7558104166284103,0.2895439472073469,1.001062756052878,0.4856032951202736,0.23735407845810447,0.0,2.4080584937631437,3.932479247843621
14,1.2048847207621252,0.8903057642807056,0.8623015404597068,2.624725597569887,-0.3102864919793056,1.0,18.12126203897468,5.359372914109418
14,-0.5120600888709479,1.8957412477499853,1.0087095616756225,0.5192580913124495,-0.08232924681087661,0.0,3.857656290105694,1.976879413231164
14,0.6305945849425342,-1.076238845930764,0.8170905628921169,3.438920129714703,0.8096648360452305,1.0,15.827508751241915,3.3156907851386856
14,1.113523482058967,2.072978706874842,2.132731313931096,1.0463866081555577,-0.386216415641786,1.0,16.409282603632246,5.7651876853907735
14,-1.424340793775392,0.6958757151285657,-0.47071034442808524,0.173000896853224,0.5958276915414029,1.0,0.12339283345325636,0.6849087722397682
14,1.70470597820151,0.539328277166082,0.4748638828722007,1.0881910256311185,-0.27387906468392387,0.0,4.105194654624408,4.575356152872121
14,0.144771188767848,0.3101296816077488,-0.31801821945787856,0.8486928432081334,0.6796509147675115,1.0,4.778440952274126,2.8273680026499726
14,-0.9822444390996112,0.07194425500020041,1.2276015990577887,-0.01578237541543448,-0.03408315088808678,0.0,-0.9797178370082036,1.3995483295943367
14,1.961764029543639,0.507750564270357,0.18214737229241945,1.3205140993175695,1.3120909030867316,1.0,11.378281693303133,5.621677258806546
14,1.6850914033275908,-0.15437792801943262,1.668618589145659,3.2444532804141275,2.155780140175332,1.0,20.468077468613362,4.941975499556833
14,1.1843843902975952,1.4104019362180704,0.22122949050725849,-0.4779350189836684,2.1775012964961844,0.0,3.1049428002593897,5.903877485112043
14,0.9582297241076452,2.2428752055913783,2.020721230443856,1.3808847938376487,1.6739119331296481,1.0,17.636723603547424,6.852603220423677
14,0.2705135000317377,0.5391901320721583,1.2900963883634748,-0.4727671717938553,1.9824976718758023,1.0,7.9729708526898175,3.2276517305340406
14,2.0895235135841537,2.084496040216334,0.015649228272903437,-0.9185966917410366,1.315669319922483,0.0,4.259398166755026,8.648851748458686
14,2.249328758059117,-0.17290808974226968,1.4756408005854278,0.4398538543853084,0.10684700963767924,0.0,3.4329490843129182,2.7554660201161
14,-0.5197328148167166,-1.2469618724855902,-0.6687602462348865,-1.0977103879920342,-0.677334717795073,0.0,-0.8723241209962759,0.32742791733033805
15,-0.04660721415847524,0.8203703374011808,1.004668773722813,1.3140093645899533,-0.40682210144983644,0.0,4.83832137596858,2.8409421979713905
15,1.04750196647083,2.3360023203906515,0.5191715218188748,-0.3041842295213887,0.9431882144238917,1.0,12.430430677341464,6.586037457239302
15,0.5096964898880355,-0.9706884023934084,-0.24252557367242478,-0.05195078125178787,-0.4551881091141926,0.0,1.0036969877048383,0.8706498823993769
15,1.1269447279222997,-0.09882998837585366,0.9800075680128231,0.3674431535856538,0.7524839437853513,0.0,3.6008656660525182,3.0096650296398635
15,0.14386681268995966,0.6672342199411014,-0.4521901109741845,1.105714577799149,1.3288489870014053,0.0,1.7315897129579279,3.3922224245587422
15,1.3175396504685122,0.8416300616320531,1.41342734708051,0.989640316125984,0.8750534886741641,1.0,9.94615400488974,4.984246652397616
15,1.3616936499116954,-0.5190661961115333,-0.08253229799944373,0.16760626533917433,0.8916167789366538,0.0,2.7787757733634244,2.1994460995983274
15,1.1231188305650712,0.6186873369053897,-1.0198876160327501,0.1137241733109019,1.5528946621792277,1.0,7.158828373277736,3.4125898030009028
15,-0.6422919660073818,-0.8649645971141007,-1.2271443573833152,1.0192490014389923,-0.06549382504476231,0.0,0.47262164768797543,1.00216471140463
15,1.0130852284704241,1.8727054548402975,0.26513651896555146,-0.07804779273816531,1.837647790293976,0.0,3.927450654205771,6.317530569796398
15,-0.33772204455212007,0.7237393754530806,0.0795693644855422,-1.363224659237868,-1.0400602178350615,0.0,0.8979594137113834,0.7835641955358887
15,0.9650520608703093,1.8818091235388832,0.3788241989809298,0.4091315354006063,-1.2231044821863901,0.0,2.4239737118321276,4.9510001133367805
15,1.921938372961914,0.07196781213698611,1.5413438708731115,1.8512521742407795,1.3560201925514042,1.0,10.851673323926162,4.539027109177876
15,2.640358086641673,0.7574295399165298,0.18436443926796064,1.895137693749992,1.2093056362552574,1.0,16.575159706404396,7.326235869989092
15,0.8217192311459239,-1.2202171969173203,2.3777942536622847,0.35774126119747807,1.0380699266572884,0.0,-1.0315312736571733,0.9626638120281337
15,1.4309677329046324,1.0725139264272503,0.5920085290569232,1.2595866626112513,1.0467407514979525,1.0,10.582641895844095,6.065463159542803
15,0.6767816823259486,0.14419209787705328,-1.5855759643704506,-0.473096441909287,-0.44300682864402685,0.0,-1.7226035430850646,0.24245474370916884
15,-0.7260497020869665,-1.1188102699743887,0.275764326188514,-0.015701216986118816,-1.1821681880639794,0.0,-1.3669959473794564,1.391046703836643
15,0.5727485869348413,0.6954812171458975,0.7496232563444803,1.4032245954102056,1.479056169732549,1.0,9.81560204315053,4.580348417163549
15,-0.149512405799771,1.6803069521363347,-0.6428043602839728,-1.5471338352793649,0.1058967698038158,1.0,0.886754358297684,1.2725676802809134
15,2.2196350102418245,2.1337351109631326,1.1115763585924547,1.9630143579123205,0.9279992993185413,1.0,20.37177641902701,10.357342245926159
15,0.23722107632495903,-0.20773586555922363,-0.35158534610263226,1.4933276483520141,0.9897607057422788,0.0,2.9365997057272777,2.970042704658952
15,-0.5789732214931711,-0.12409555463341182,1.3540677679292337,0.5051999450174008,0.78198190423616,0.0,1.229717063019541,2.255974293502755
15,0.5331756039499222,3.044068064495211,2.3963002043945982,1.9922296635484151,1.655620254361883,0.0,14.922977305507347,6.698830125487844
15,-0.2331729224786948,0.08611056275155038,0.6384077591716025,0.1587630638118407,0.7659922376771875,0.0,-0.4457841758553731,2.491017318591717
15,1.582008389896685,0.22036627145091664,-1.4632064554118502,0.5400004791258218,-1.7011305025503591,0.0,1.2864144989793236,1.0450228038263434
15,3.6329266353556062,0.7443389898859869,0.9640524979079372,0.8362677632007138,0.6901078513378444,1.0,13.292816267609652,7.708171324598708
15,1.031967712844832,1.674859809625813,0.10094671250104248,1.5623146118151292,1.5575590189663169,1.0,13.355208838363145,6.687134385806978
15,0.46779985520111445,0.9361402725964447,1.5749586382492564,2.4346279134333395,-0.5426181959362928,1.0,14.855774171708571,3.86921822630467
15,0.671802185579444,1.535754568851541,0.33184491278953043,1.7699317910506327,1.0634468599333564,1.0,12.122193425160406,5.663556337687197
15,0.15506965251081734,2.537378290469308,0.39722585673575994,0.642544997125561,1.2252702157776048,0.0,4.583596191921624,4.794352626808667
15,2.110850607840042,0.3645496846726563,0.7532392536592964,-0.39306231750858345,1.0736991865587324,0.0,4.215200211685347,4.4536251642616245
15,-0.6545773418894241,0.3217466622805324,-1.510257772216407,-0.6287439704059978,-0.7513147171012466,0.0,-2.22146805648693,-0.7616800613951773
15,0.6675382968315233,-0.8612928980034096,1.2265930362991846,1.0230810033839006,1.4138824236083272,0.0,2.266463827256909,2.497401743088752
15,0.8682486227678334,0.31916283529992184,0.19132928787871661,1.2683456160872701,0.17820966147971284,1.0,6.94615136783759,3.671513023692196
15,0.3555435106145226,0.9950871638600254,0.5495533470413589,2.1914934565716884,-0.3491900655190754,1.0,10.970855168565496,4.077798386700655
15,0.36859131905157116,1.1038273638552636,0.9084046131247125,0.5625110814186166,0.7022496353456421,0.0,3.396334883497531,3.84465772223445
15,-0.5454193368617646,1.2856938226472705,1.3283068434395209,1.0821643158212666,0.3561647960787092,1.0,5.387097839212237,2.2923329654733093
15,-0.8630662422168902,1.0617967954441112,0.05336987252708025,-0.8234461005947795,-0.5364880535240912,0.0,-0.5198343314923698,0.5282583319411044
15,-0.0533288219952055,0.687350757251375,-1.2257287420332672,-1.0910373125203918,0.01086510962610071,0.0,-2.1491303859481317,0.4656651678180693
15,1.6044914588794992,0.4201427093111184,0.054640620130526785,-2.0581314534456814,-0.16704288692401326,1.0,7.188143360149542,2.599673185262807
15,0.37667790393455314,0.2472195367813519,0.6674484257399675,1.157331579174758,-0.47394518715556977,0.0,3.160523164553104,2.8658918706395777
15,-0.09998361602368866,0.4404641152007579,-0.9636081059861985,1.6984019153093797,-0.44257448461639914,0.0,2.382266394371437,1.8428712462991577
15,2.3704581033697254,-0.05001379498244418,2.0340979171756186,-0.24190957758097764,0.5056075905907195,0.0,2.192825339620265,2.7436604334183685
15,2.2296372126531088,1.3252921541919558,1.2973284002728298,0.38023874701559873,2.159815062029793,1.0,15.949234990665884,7.921148605424305
15,-0.3604050539938497,-0.7543008142813517,-0.11085251065818613,-0.5940819847824041,0.3119123295977091,0.0,-0.6183057848329286,1.511851958245253
15,-1.2890422635865646,0.5782385573540335,1.0427131306474142,0.6902020045868267,1.7707986290545707,1.0,1.213617465080715,2.1549596717652113
15,1.3646005316162917,0.37609064657049923,0.3923311387715517,1.1670571443604478,2.4889574158784846,1.0,11.062658819659424,5.331752210476722
15,0.6601275752483606,0.6729514316203463,-0.0634467467434362,-0.8976472363333374,0.10496636925996705,1.0,3.0451885516306056,2.6806974236049426
15,-0.4758950724119715,0.6026972460995049,3.3922280871889816,0.45590293463601905,1.276356488128624,1.0,5.69585633901092,2.3700691749243337
16,0.6127067193958796,1.7245704852239048,0.30210709337169517,1.857695057279713,0.788529932802533,0.0,9.334773606187024,5.654172248552106
16,-1.0166226224293957,1.4294897979484125,-0.7049885541237657,0.7137072667282668,-0.7168433292515135,0.0,-1.6130920919057683,0.1607385813368014
16,0.9119193116695585,-1.1802520000701227,0.7677994138608957,1.7763352051413404,0.2743481394584594,1.0,6.6738572452827345,1.9182212791921203
16,0.19170239685344803,1.4377337138027806,1.1683873665682256,-0.1317739594382794,1.802396502864252,0.0,3.423540100560462,3.9014760188476005
16,0.44584056810778916,0.207753575619681,-0.3618367931115726,1.9986064576115616,0.19820951660944508,0.0,4.460200039330816,3.272159824987777
16,1.6292825542213396,0.7504883477226683,0.7326289299525219,3.377453958219197,1.9266815067083372,1.0,24.075836488577277,7.174443896259108
16,-0.23607035761542405,0.5628983145213969,1.069175076835858,1.0636829606522702,0.9153245439512303,0.0,1.589989918535108,3.035469351362683
16,1.5202552822225524,-0.9093690269714523,-0.07538133496545874,0.4959975091253704,0.103985151575754,0.0,-0.2777092699567256,1.1824308960422338
16,2.5589272611539196,0.8573216851564036,0.616278026857402,-0.16200996133881806,1.1282827403169038,1.0,10.28985629636984,6.5092591193730645
16,0.342203308661502,0.11153810285965093,0.5420627467520143,0.8266149300899353,1.2005811053968611,0.0,3.335757454728559,3.40631512974736
16,1.3472149717226127,-0.10704098393784944,0.6251998492359726,0.04824614236717656,-0.17478402691310113,1.0,3.951544255573215,2.536056932156626
16,-0.42150781309201046,0.17287236265715483,0.8359279973644576,0.981067192815062,0.3296860038814211,0.0,2.337817605054256,2.5466452928327126
16,1.7900966445562676,1.8904160849566858,-0.9630758560512171,0.601467750382832,2.1606808677649685,0.0,0.6783817745542768,7.694817798001303
16,0.7182214076527691,2.5892330317391825,0.10106771567112927,0.0411804918212374,-0.23876375096590396,0.0,2.419483886373045,5.460009045190136
16,0.23933200098569807,-0.06370769124211384,-0.9871884576476992,1.7740810207017557,0.3874894206398742,0.0,2.8502792653245566,2.210794068794672
16,0.2570340094172001,-0.010803061956890403,0.3011148305567928,0.22683509223576864,-0.4429475218783151,0.0,0.27438259573256696,2.117846360427265
16,-2.448211430083917,-0.085154319550372,-0.5635781062700767,-0.8127913208961752,-0.4055031168462875,0.0,-1.1069133149678319,-0.1037943176074434
16,0.9798911855381741,0.7277322680538432,0.9588188385155625,1.2307158268384848,0.19560983171825652,1.0,10.503152596336111,4.333969593535152
16,-0.2123683320471168,-0.4166254321223112,-1.1988892173426406,0.6616426692082393,-0.42846082990223566,0.0,-0.5809581998847813,0.654520300576261
16,0.5988067278263547,0.2708972057311326,0.21597541697354178,0.49861135427141673,-0.7108726491989728,0.0,0.18212923898846411,2.575691923913605
16,-0.7761490774812148,-0.054784789531937994,-0.3367873117102843,-1.5643350408912116,0.09276576022361543,0.0,1.7317254013927894,0.6666971226668913
16,0.9232406755312961,-0.6356255316649284,1.8655501383311226,-0.48453580870139024,0.4641217915868287,0.0,-0.9276307384865098,1.189035999636419
16,-0.73874756352777,-1.2957080515502224,-0.011355933448460642,0.6229007637082269,-1.2312973636359175,0.0,-1.0112913523390956,1.6300326139796386
16,-0.38610420739925677,0.36713881419734207,-0.4387404162780617,0.4424769709379046,-0.6940154632992737,0.0,-1.9995434468724755,1.4089114599956831
16,2.0809826466112664,0.4530491365617581,2.7940544482134606,0.4096465912146102,2.1429067768844527,0.0,5.765788026923414,4.942893181517564
16,1.8554344930243831,0.8761424824156236,1.865899681690039,0.7646751002134347,1.1909737357428245,1.0,12.519809901132522,5.6113489904654275
16,0.1470061003224068,-0.786406955175277,0.2990902229622482,0.5595635786443689,1.438171390365666,1.0,3.0699163270652807,2.6687105000364646
16,0.25032154724674177,2.273946545094777,0.9788753807104238,1.6623348417877177,1.0642957648133962,1.0,14.232206416020336,5.242061045030908
16,1.1775228313440893,1.4175503489669563,1.0469761797280466,3.1497399619640976,0.03850791836319206,1.0,23.494886036244505,6.584538221734103
16,-0.3465866252043426,-0.6287743501848533,-1.1015032784552714,0.6192515188214431,0.477657848045859,1.0,0.012670156967520052,1.1802032131350355
16,2.1761624203387013,-0.2035226782054328,0.4070839015203822,0.05698537992462177,1.2366401717483733,0.0,2.699330976592533,3.312055499464997
16,1.7818942443097163,1.825250642044188,1.7555963977410418,1.8367385369582703,0.8028641813350877,1.0,20.293412098443913,8.069825602336863
16,0.43863162943022194,-0.7755783665566958,0.8615821310104474,0.27763282769122166,-0.951950811206822,0.0,-0.8690874991809582,1.236203148384551
16,0.28685701957373566,1.308037139393726,0.8458826837195851,0.8206876194254347,2.5118154254328426,1.0,8.696641892629023,4.924930381153446
16,0.5899865776333287,-0.2964760714333745,-0.22013956818150615,-1.152245425422034,-0.13722280659812847,0.0,1.8522890982249764,1.1929014321781637
16,0.18796290915480668,0.8421461371212894,-0.057891230283531714,2.2558845590788064,0.5978625469866902,1.0,10.460015163463202,4.06959946956524
16,0.5948930826963027,0.11922829809223173,0.10588913676137174,0.8063867487200387,-0.04676394636167025,1.0,3.921300101648751,2.8551437314999006
16,1.2176951412246206,0.22559299850362902,0.21985949996010795,0.3622377869863892,0.8378183311822254,1.0,5.615244690169277,3.682233478069666
16,-1.065466602868459,0.6885307067731045,0.13732755198922925,1.991707504434341,1.1208901453205047,1.0,8.0680570120754,2.6934735611475777
16,1.0646766415608302,1.3789009439323778,0.3746034505911919,-1.115813123911081,-0.3466877330827013,0.0,4.623720006344634,4.076576509477843
16,0.5180595647737704,0.7103817670985313,-0.6710589272072303,1.944020945603986,0.044844887264154476,0.0,5.137223285955929,3.424307835439563
16,0.4183576664142479,0.05224969078656144,-0.1478804486417935,0.4244554741126271,-0.43633193962529193,0.0,0.2325756493056994,2.1663698787018477
16,0.8210737831987758,1.9891519866936567,1.7083725678693036,1.6188060933590445,1.013817284607438,0.0,11.36662562796391,6.071708742681295
16,2.1040954098765834,0.22706751847876933,1.6748403701805792,0.33637240648444844,1.6192563384250327,1.0,9.489958576605925,4.354731315744691
16,1.2075624572137054,2.21231978380401,0.4254571300916429,0.8861312463288418,0.5764933854369141,0.0,3.3868370761553437,7.2363464692453405
16,0.7642106107610764,1.4444234886342406,1.8240648943431168,0.9614930951652925,1.1112559301325085,1.0,13.458657414106177,4.905998178223891
16,-0.8087434761742143,1.4180713286812738,-1.0512340315485138,1.4683575810141876,1.3178527369293005,0.0,-0.34161588271386356,1.5217963753084753
16,0.7324017956453163,-0.4854713909099969,1.2914849319704627,1.3608455679605709,1.5670191953580141,0.0,4.065856360456441,3.1532737269221043
16,-1.3637818455219743,-0.17199703441260128,-0.12254427297257575,0.1982868424981004,-0.5277362522856499,1.0,-1.383142668375596,1.2331809939324274
16,-0.5918017686252834,0.7233401946139946,1.2680410766931112,-0.5452718166940596,1.56380224326674,1.0,3.888076748702343,2.0791322307210387
17,0.3085283107416862,-0.2506369901775064,-1.2090145110158865,-0.010691399903137166,0.9523915258986995,0.0,2.6647508691804345,1.1719011294918729
17,0.22585766689965942,-1.2731354167723739,-0.24575167332287862,-0.2779471525887548,-1.4315539259729135,1.0,2.461227241271067,0.1811420820430183
17,-1.4550851696438771,0.08715081031342392,1.3388490721640793,0.20266373487985628,-1.103443559264792,0.0,-1.086663037583622,0.638128659125857
17,2.4322019352289392,0.5549348545758525,1.3590098547998073,0.24575773402279522,-0.7597048575983887,1.0,7.728714441199246,4.476020178848154
17,0.8798023211860474,-0.06983254757898505,0.5820339768589207,-0.3878334617827245,0.2553459642629814,0.0,3.7954176164282543,2.403665541448719
17,0.5497988471184693,-0.6290748399551334,-0.47683410788770175,0.38675369036947604,-0.29821530448178357,0.0,1.621402369714147,1.3088019390947467
17,0.9987674720034418,0.6262808239892487,0.26613156219922784,1.81819813715961,1.6020062591766608,0.0,5.237226010388387,5.245996559053098
17,0.4315384215578233,1.3124381820335498,2.5064430022130377,0.06772473836921988,0.14819035532204528,1.0,8.697136597166352,2.99455193358771
17,-0.4049182764807351,1.5100393817782032,-0.14555044570529985,0.7759915918093729,1.0468391135275437,0.0,0.9558581349259758,2.769184359310478
17,-0.8765118093454813,0.1961266165888192,-0.28576138205280577,-0.40474065762941613,-0.9934010791997763,0.0,-0.41838674165308176,0.6053958548950726
17,0.5066993236212726,0.07673027091028478,0.21090641727012144,1.4409335693257375,-0.48062181555870787,0.0,3.6878894295219204,2.894044620481255
17,0.4667027076790222,2.7708349549107605,0.35913635571033375,4.232831173242401,1.4859177064618028,1.0,31.879209418574398,7.88706833922675
17,-0.4736926857204592,-0.8994775856165713,-0.2022085400435767,-1.391023414618072,1.0325877596494841,1.0,2.9865532587257584,1.4387941389174432
17,0.9470740988979638,-0.15265547312420058,0.6132491550692448,-1.4763066936466687,0.7987490496870422,1.0,5.609867545883871,2.0382613831874483
17,-0.960895123419274,2.482347021777792,0.06430248153843071,0.8497019689159191,-1.8336182884881773,0.0,2.0773911359916775,-0.08642281000219532
17,0.4092721436775035,-0.05153535838455625,-0.37684466593309374,0.3063333791383407,0.1257125805267636,1.0,3.625283404075804,2.115207441588422
17,0.3523170471992927,1.0884754784912691,-0.8452018907431122,0.678758255294277,1.497279735897395,1.0,3.9358252651544707,3.432883040117895
17,-0.17892595552366652,0.3568607913883525,0.8819039787601413,-0.646706238204912,1.9280348400377398,1.0,5.514132633342666,2.74241456989176
17,0.4856757785259912,0.2861203089635933,-1.0773752180493146,0.46561351471990775,-0.06683201610141332,0.0,1.0850084325286213,1.659204572682956
17,0.6912323100221144,1.586051509247554,2.816205263857146,0.45206142861797377,-0.2709602318178046,1.0,11.490001856983554,3.786098230149368
17,1.5220921854870453,1.7218711351354274,1.10449432087194,0.3543106614629738,0.6113382040547783,1.0,13.662265222399169,6.727486034713272
17,1.496349406137608,-0.9312830234099256,-0.37305173743891595,-1.3710751952104865,0.6509538639039998,1.0,4.285135028108316,0.2736413085062157
17,-0.13365080958906794,0.5811713355218706,2.765792162454619,0.3074848733104711,1.647925114825356,1.0,8.396955229851825,2.57647319285627
17,1.6167603819406344,-0.26025478503895094,-0.5633998976899066,-1.7864444300890496,-0.278978020905971,0.0,2.329714262614432,0.7885162373773206
17,1.2059968319791636,1.086225593018591,-1.0483837794132322,-1.2506105029534798,1.0743007622919676,0.0,2.4926036770767137,3.3427214211429446
17,0.27427224239389175,0.7820298847954894,0.06705304295869707,0.7697842313451835,-0.8550373914386424,0.0,1.4571383286253432,2.7312928820300644
17,1.2802686703199109,0.6103146107884521,-0.13214984009446684,-0.4387818341011357,0.4671497711317071,0.0,1.4186024581152545,3.666048274099568
17,-0.3395058537884714,2.693565146118906,1.1080676261657079,0.9083997570649591,-0.7076458308125269,1.0,5.133713258585392,2.363350797876422
17,1.3620654032559254,1.1243576642672903,1.3084811963088367,0.5264992105745304,3.0648999700063144,1.0,11.646522680079219,6.483917577430303
17,1.3844441475610116,1.126128641034402,1.687296388460497,1.4751906260434304,1.1849767292043403,1.0,14.463094643813156,5.871843760463801
17,-0.18751553080865857,0.43337797876653616,1.2304591271469896,1.0168861766543176,0.8784066183255078,1.0,8.061132857518784,2.938347053029883
17,2.7774892045457347,1.0320991610608445,1.9072145016714888,0.8291601549604909,1.6692858164512656,0.0,8.121692119720187,7.6441605194263555
17,1.4843358860729012,1.4327966416228075,1.0140493719305388,2.7082211004925556,0.760989513834973,1.0,20.155689175279043,7.355374962662713
17,0.3253532814800868,1.244482951290041,1.726145691824257,1.4151713989214083,-0.9496200528930387,1.0,10.028631341479688,3.1309379807195388
17,2.7485870642028987,0.5191467277135772,1.6704319769946958,2.0340558303899057,-0.14993808103505746,1.0,13.902899310601251,5.738590858890262
17,0.3607460890454198,0.458184667206727,0.3863777797096294,1.930347101557108,-0.35057542391113783,0.0,4.588240529442831,3.4841085489778907
17,1.960100459786985,0.024033950799344728,0.7628252727396279,0.7691357180775268,1.5525158388452944,1.0,8.466693623194011,4.304301307609599
17,1.8571351766034359,1.0767132226712914,0.19322324637064725,0.13688959789337457,-0.11761408539066831,0.0,4.121687390883733,5.554165976262167
17,-0.04650709628141936,0.7187175935288729,0.8834843000244357,-0.1398767356748426,-0.6379557476768802,0.0,1.0182160205946622,1.989967485162499
17,-0.6503866108698948,-0.42200680164418947,1.0056671373057373,-0.005234767270101859,0.7539254877104788,0.0,-1.7937067565449631,2.1509747196141173
17,0.5631717981170661,0.012000514691761055,-0.7014636326690258,-0.665483113683671,0.7732202887466562,0.0,2.2989381625182648,1.7613797493766203
17,1.1699696485983448,0.676119663547321,1.5901394505131392,1.2612127745915522,3.084043447222637,1.0,13.183563745861747,5.6624400598922815
17,1.1949939890481025,1.965133260197627,0.48992077646402166,1.022163231458362,1.0410962144607012,1.0,13.161009127897314,7.087346309917216
17,0.43119877466713613,2.074503776160398,2.7646805793627176,2.4079508350852654,1.402055962673543,1.0,22.95885486923707,5.5049128692015055
17,0.3221132855844715,0.9395573623657907,0.4329607308310162,0.059548880684968886,-0.7036461066289454,0.0,0.6822251179603535,2.7356385106853525
17,0.9452289212420473,-0.8088672265773518,0.36100570611632987,-0.09822077358906156,0.21726486524269883,0.0,1.6685928918367487,1.479183116294258
17,-0.0036848838901990533,0.04031959343082775,0.5491595793677342,1.4311489047682926,1.4885865403450453,1.0,7.001763988966829,3.605579792057836
17,0.19237386733605133,0.2274629883029668,1.0738327768459959,-1.6034962127583867,0.33016489609833444,0.0,3.474108185458071,1.6306856895753006
17,0.04498349971901833,-0.42097986627183714,-0.07391906928894154,-0.17575779035446604,0.29138597029885616,0.0,0.5620007454585656,1.8111884537101242
17,0.7301198985104544,2.3075351018907186,1.7261641564665373,-0.5441956151787306,0.005974036933915239,1.0,11.926816802595077,4.642832574917032
18,-0.024186640162088602,-0.5847666978673876,0.37004745932322586,-0.6387750184318595,-0.7489673720806316,0.0,-0.5065293432408812,1.133129589623111
18,0.907814198940623,1.2277724577744475,0.581290758299011,0.40229662147571055,1.1572899815636375,0.0,4.065511971103113,5.0885758661325955
18,2.0847398159552872,1.850762769033833,0.058599116884328506,1.7958920674789915,0.7770365577400136,1.0,19.099162325038336,9.140157561039775
18,2.493054689921424,1.6958546227268496,0.15487385428591743,0.5986810790303013,1.964125278983182,1.0,14.220365856329984,9.669184080389005
18,2.294464108732016,-0.441077935589102,1.0491252636618777,1.058340737760306,0.6862868211372335,1.0,5.81190879876217,2.809861629537651
18,0.9248238246712619,-0.6521662662246857,0.21646201730206394,-0.38268153545144046,1.3190025901029394,0.0,0.35252120724496994,2.086244847094342
18,1.3317066404433078,0.9345369070096681,0.7028903547907165,0.9304673034301645,-1.981294899153636,1.0,6.494119537051307,3.9666591354614793
18,0.39905246028573566,0.4186583874629878,0.8066528768180128,-0.07389306568841225,0.5340488586023332,0.0,3.1511714656642984,2.9012452627911687
18,1.3731594393805546,-1.704477518149214,1.678790447850553,0.02358566273745566,1.1380920401531003,0.0,-1.1054808758156802,-0.19372868298880075
18,2.804297344805764,2.1966038597888122,2.0850984715586116,0.5059620921634488,1.8103201492055214,1.0,20.51931470692545,11.369143939537597
18,-0.4951410091875047,0.015596021728976062,0.8153715852735803,-0.17509398412120403,-0.8422672832339981,0.0,-0.947652644649658,1.3371083692881927
18,0.9899371308189078,0.6362993133670222,-0.569342076024572,1.8378932193428965,0.8966873986607448,1.0,9.756108760555417,4.36788963948423
18,0.9452001410779932,0.4397416164473165,-0.7150456798511406,0.30948480780958565,0.7793738615947783,1.0,4.433192576154379,3.0500845033608908
18,0.9466684976367954,-0.03422037362462471,-0.8531591756570034,0.8086741861366409,0.13587486816758432,0.0,1.4886701701867164,2.1271300812652045
18,1.020109740737245,-0.20204090279302334,-0.5955023696615036,0.6778170144852105,1.4575909405381033,0.0,1.9630806287789233,2.800750130442572
18,1.222689512569311,0.8054230968998304,1.2376749485221232,0.5732004053158389,0.3228807509597891,0.0,4.0164622174525135,4.392711131935232
18,-0.3452561304073474,0.2307579069660038,-0.11263342805386944,0.8871517459471558,-0.9556551146486767,0.0,0.1660218126988467,1.766175466402752
18,-0.2889055904856276,-0.34037693347418274,-0.24283380133385202,-0.9573493387533569,-1.755596991809202,0.0,-0.9689756741217479,0.2764659446304911
18,-0.6979457682916375,-1.4769794932440077,0.06938188671338136,-1.5361854375698827,1.1471929163154932,0.0,-0.6782867421983627,1.781177681414451
18,1.591290123090565,1.8330359303360508,1.4198242318411562,-0.42239671279853386,0.288224516017018,0.0,3.909036403334657,6.42228025654733
18,-0.8746282139864978,0.20380158114950842,0.1225719663577658,-0.8678454771710573,1.228350565004929,0.0,-0.6151754453743414,1.7203720544542795
18,0.38541070124273,1.1440574035694508,0.6548343249711931,0.46311870189924464,1.4498803274730419,0.0,4.858906961430083,4.282731535441979
18,0.5504470631008697,0.6809121352241728,2.303504228027615,-0.2529321685683671,0.5679766299843051,1.0,5.284109345963007,2.630874982713546
18,0.28662768467338173,0.35074821133140627,-1.4704787574999252,1.5819509907017966,-1.2646738665298038,0.0,1.6406144635999012,0.9427706734343438
18,0.34252253248858844,0.1686611541581537,0.21352535642994575,-0.7931550925268853,-0.7057491280650372,1.0,0.892181592072681,1.6479626001498777
18,-1.762785568788901,-1.341819164436883,-1.0210512068758455,-1.1179456873384757,-1.1603172527772048,1.0,-0.9641837297718546,0.6858499393209936
18,-0.8597891380118938,0.8607613873423701,-0.6199263998309634,1.4101299464559691,1.1869536820466426,1.0,2.683041078597503,2.062912666488187
18,-0.11893371786844142,-1.2322652453751763,0.40894857952788727,0.6796725476300327,-0.600475810371853,0.0,-0.9737380340224024,1.6325704856193515
18,0.5395747878244254,1.8821188176505161,-0.583201940717206,2.519199149386698,0.15273402761713667,1.0,13.49652663282974,5.105459907449919
18,-0.9359182667973109,-1.4539450664247229,0.45733011740995033,-0.5163445158674687,-0.03581552486708528,1.0,0.7122048207705352,2.0156617101008947
18,-0.5149596023712606,-0.07029594977639686,0.2690660360231788,0.38258245078110065,0.32436979086268164,1.0,2.411973639372356,2.1956005306446365
18,-0.8215275924604128,-0.5576853875951273,-0.28245114570840424,0.20465668094187378,0.569363417639879,0.0,-1.818085320287349,1.9747070841928966
18,-0.17812487898502904,0.8350986297996494,-0.09221955920499736,1.7809979822998276,1.48011331608562,1.0,9.412471155895075,3.759931691787286
18,0.2956833777141431,0.6352325909185688,0.38546762512268773,0.7070030762657942,2.273702812229657,1.0,6.676796795369251,4.262995169701508
18,2.0389091379254416,1.7030969061366852,1.48671083101016,2.1071324007443537,0.9868996114662009,1.0,19.82079532019469,8.717820733207379
18,-0.17385731730421194,-0.07377827691440164,1.153137272362297,0.48024359708269015,1.684719520211099,1.0,4.866922854273789,2.9536811372542937
18,1.2370610847063896,-0.7724248549624717,0.03528853765522039,0.8456506563200069,0.8086195683840995,1.0,5.968896245753098,2.120938191283488
18,0.9714333348875357,-0.388511566031274,1.8603226645458728,0.3142380151634291,1.1903730614952195,1.0,3.483958108663154,2.3110163597031708
18,1.4333087385961223,1.906343968379893,0.947977418508862,0.9031276162653677,0.006077729198289528,1.0,12.92722222350942,6.914124301825323
18,-0.3952691744901434,-1.6692147943531999,-0.23688957007996414,-1.194959731828936,-1.873346282290787,0.0,-1.103292793385522,-0.052977990423680676
18,0.8701812199536019,0.24212380216489038,1.0317573386337746,-2.2415683382544143,1.5091860910102186,1.0,9.76619260651012,2.4298431284710493
18,-1.226110945891207,-1.2978265811862244,-1.0053087508190262,-0.9262002711585795,-0.9444100739444214,1.0,-0.6138361327508416,0.4271786190249025
18,0.6783309021210928,0.26680988087501145,1.986414521590532,0.7450843105185836,-0.3629096850180076,0.0,2.6395839812322044,2.434094778778548
18,0.6894199417804068,-0.5257375082654532,-0.8659109040468311,0.6942293781324222,0.39800740446566485,1.0,4.550188927818763,1.480496795616439
18,-0.07701406218006057,0.5026011148214123,0.4023131179831922,1.08288437035559,0.5112767041524193,1.0,5.315587372569472,3.09248102921908
18,-0.3894597301777859,0.6322037414949845,1.600643959694632,-0.05664185341093364,0.9214217482585221,0.0,2.0141159141840843,2.078022833034997
18,2.3190375324721533,2.202877585229939,1.5676416046400499,1.6696129899269392,-0.2334393369682024,1.0,21.535898858160746,9.874575704162368
18,-1.4600842040461455,-0.5859303377951728,0.8601633252016684,-0.9551308704185577,-1.8480726622714476,0.0,-2.617954362684784,0.5132939408945865
18,1.2197377395526285,-0.36250632875051414,-0.6642838621897256,1.0561022328792533,-1.8702398780069514,1.0,1.415688414358454,1.0346007844189988
18,1.2553825415576325,0.7913045190939276,0.4520519919890509,1.0120899352898949,1.1516881281910951,1.0,10.596650851612363,5.224201097831871
19,1.3672569659989864,-1.0470114191125561,-0.36804930884516784,0.9830177179025046,0.8745637973154087,1.0,3.8135564444236114,1.4063861917071443
19,1.3323680393186594,0.5480084858623946,0.9140041442142268,1.1346379868827572,0.5039800744714789,1.0,7.936238097426282,4.557227908179547
19,1.951990327030345,-0.10437039148787164,0.5094196042710268,0.7392903601184739,0.9855282500631972,1.0,8.020354447228792,3.7102267770078017
19,2.1882909568872972,-0.09953187401292107,1.5743578407207701,1.8744612949563326,0.12078385977380007,1.0,8.7632546671917,3.607814832941507
19,-0.1132608641515589,-0.7703942157210553,-1.8214286384806995,-1.6283287609627632,0.2294056367123034,0.0,1.2414431352817266,-1.2127644710941377
19,2.448623406367462,0.7794304590217195,1.2049264173628802,0.9890759810303525,-0.24363529520457172,0.0,6.1802832440096225,5.855503912270841
19,-0.8488844358630985,-0.6332648285881501,0.5585125326723486,0.9995592982227672,0.3219861020173914,0.0,-0.032409462695533964,2.5845672865341713
19,-1.1902232071390964,0.11505236288306514,1.7704835075265457,-0.6479145093163998,-0.22438647110001309,0.0,-1.1453594649833714,0.5762051117176743
19,-0.42339988597548617,0.8940084712415934,0.4334350938869689,0.37788341721493024,2.12535974949711,0.0,-0.035973539236312746,3.232648737460196
19,0.30387001974147976,0.14333853469380559,-0.7184797398309388,1.3804527923875907,1.6815675401843941,1.0,6.634217219037084,3.1917381531797897
19,-0.616591353283126,-1.7097522719128135,0.7109970502700674,2.548336145465262,-0.3457849450785604,1.0,7.4098160938744595,3.105532367961545
19,-0.06806375414423504,-0.20129711750980472,1.0118234555510213,-0.10886590155023679,-0.30538135733143135,0.0,-0.050275719350358725,1.708124377810428
19,0.7731656106107615,-1.012195640869122,1.9633392676028123,-0.14880337890211048,0.17720555812356875,0.0,-0.4329616274691892,0.7112216752252662
19,0.38798651827596337,1.8714970278950849,1.92035988877425,2.328350490478258,2.6691997197787165,1.0,20.311957956102297,5.97232464157421
19,-0.6576987882801306,0.4202603854162177,-0.8124349278623602,-0.4321669729028693,-0.8028509923701548,0.0,-2.2304724073015207,0.2688824094496167
19,-0.20837904578577493,0.05206604401623205,0.13787448039588296,0.9872003561803128,0.4948832790335749,0.0,1.153667718111284,2.71148344515057
19,-1.3968758509230874,1.0604759505816617,0.7197456515346174,0.9369521787474417,-0.7218620226308907,1.0,0.6310188822562004,0.5698381261028048
19,0.21851851251949178,-1.7641084807433,0.8877145657983005,1.4067923753447449,-0.9065514482541532,0.0,2.002797838275736,1.1668787287994218
19,0.630103136762928,0.9015064845918568,-0.3904479973368751,-0.030404983591606594,-1.352706232018874,0.0,0.37621922114724793,2.371805911607319
19,1.0560940286068705,-0.03341781278064082,0.8430668285274543,0.13365377779253573,2.465076849790195,0.0,1.671862492119444,3.8621204812121412
19,0.4606120218946603,0.4316076253549376,-0.8029746393234958,0.9792787997249092,1.6430360630627148,1.0,6.573687914999301,3.2491533507987977
19,1.441278231197691,0.22290872568546333,0.7294244200394049,0.2813483856631121,0.9330829543368464,1.0,7.4106420132838595,3.870852968022385
19,0.49699078160763016,0.7911219249275203,-0.9371564398595167,0.48611821011539025,0.07156508744919693,0.0,0.5547129724167387,2.4395820634361636
19,1.3993112722085623,1.6292989779191092,0.8066710215785355,1.7973486378685368,1.7242352229306674,1.0,17.278813049010633,7.650234736184725
19,1.8550494652972225,-0.8768668784165186,0.3308073434693123,0.050441646771484605,2.6271560612448255,0.0,3.4191338060929453,2.312442806456984
19,-1.199132814710718,0.8779021056023606,0.8955046828108945,-0.0006140399102932959,-0.30312649367999756,0.0,1.7034941313343983,0.7076704757590374
19,-1.2786551752178825,-1.7386589407876718,-2.644731452067585,0.20152543025025854,-1.0053927726817706,0.0,-0.5496530185831919,-0.8888942592528855
19,-0.6936182126210904,0.0269161169145124,0.15630561240954366,-0.7768046286030188,1.005101585020173,0.0,-0.6702530267896802,1.8280898558193508
19,0.6228363327558396,0.5495667198959663,-0.9608122467728588,0.5613661818050126,1.7022467417096694,0.0,2.3656017465247166,3.152746396370979
19,1.1355643775965538,-0.22628956123912014,1.666132072351615,-0.06693675349225503,0.8501700858362196,0.0,2.342283245172284,2.3271623508355246
19,-0.318737116700225,-1.1834125628011944,-1.3608592010859095,0.2355418810203901,-0.5904755237877795,1.0,-0.4877501831827633,-0.023375347109533706
19,-0.536390020617526,-0.7459657730280695,2.008856003729277,-0.03225869747058163,0.5945387853724352,0.0,-2.265223623521072,1.620335591520139
19,0.6510242020493049,0.5046732786358135,0.38674090193817273,0.9429907272057877,1.713053526140702,1.0,7.0126145159787985,4.353939053436774
19,0.4388916310284505,1.9475790221094045,0.06676831373878067,0.999249483068656,0.37326131761828596,1.0,9.327986288761881,4.765422841445745
19,0.13398510956471577,0.2216459686569215,0.6975891081273704,1.6566446992326738,1.34285154147502,0.0,5.438419028132593,3.8224485751065593
19,0.02262478301110249,-1.7318753296647849,-1.1172587429006215,-1.5196009373653063,0.9070439330946147,0.0,0.8002318837096207,-0.3205682374994523
19,-0.26421835910765534,-1.0875787143676037,-1.3489183889782579,-1.0451041777288512,-0.3718320428229077,1.0,-0.42814717121409546,-0.5514056662727734
19,0.6248377476028683,0.6637620965572544,-0.5025500917398151,-0.5745951738281765,-0.6600999957260605,1.0,3.1012999084911104,2.0667780354555543
19,1.0897398863500765,1.403265972471567,2.322928983314828,0.589332954085072,2.014593072915509,1.0,12.55534884469568,5.555927686173634
19,0.30368428467025943,-0.04137304149331378,0.6524150376221165,0.08485894783726344,0.8409481468797118,0.0,0.9041810165252276,2.7023222757379037
19,0.33069062060523136,1.7246319741863883,1.2519603452404695,0.21018096841438122,1.0736118351701243,0.0,4.547178163636259,4.179318909888199
19,1.688811499240994,0.4612348284292704,-0.4165954795245671,-0.2882467370804864,-0.15013527255141113,0.0,3.3461968335191083,3.3409449761086307
19,1.053959761705856,1.5038912348158433,0.5188037119514743,0.5350450606622305,0.9933149918891215,1.0,8.257167381833385,5.755961198326468
19,0.19264077687569742,-0.3774147875096724,-0.40653450533929236,0.3224650409908508,-0.5274088351058241,1.0,1.047322826681374,1.4476650584890853
19,1.5459567972974089,0.03969481440973227,0.3105354316621949,-0.5250684556662333,0.853617793603024,0.0,2.474797933587683,3.1259047541371334
19,0.618058556697894,-0.1616188577889609,1.0337925114128905,0.011380800077584907,1.1843398665141325,0.0,1.5009040913622216,2.7546503546877315
19,-0.3486600690794234,0.7739432855221328,0.030994628892096587,-0.32802685419890243,-0.3782842182363807,1.0,1.0814854622978092,1.604659971998128
19,1.8070506337131824,0.5200615736297288,0.46494134326359166,0.6795005092447322,1.4578362579227302,1.0,8.530779663603909,5.298320622171581
19,-1.266351826039588,-2.2922539428479687,0.4610855897510358,0.43164256281092905,-0.8604090518232896,0.0,-2.140438342843675,3.0352266563016337
19,0.2581690878245062,1.2574046875895082,-0.32589319250587634,1.1731158932686927,-0.8242774395705688,1.0,4.199716732705008,3.0412476837480598
20,0.1919219405065532,0.9695213753057059,1.6852451519141278,0.19951891019369988,0.2759013651404767,0.0,2.501381830530203,2.732927658501612
20,0.08226501733797431,0.3510674158150444,0.6848340166358398,0.39078947209550025,-0.5640701875039575,1.0,3.1590672175682064,2.2758474838575373
20,0.7193296936934579,-0.21263847276906855,0.00537747635394642,-0.3165716494492331,-0.391102929177521,0.0,0.6117329402681587,1.7492254332502455
20,1.749247179809082,0.6700188782956642,0.7686671558438282,0.37777211113685183,-0.6919055213162026,1.0,10.023023327438379,4.327766406608525
20,1.396321011001369,0.2544552736535872,0.1056569804578763,-0.6112599634599463,1.4006718116441528,0.0,2.296439857464857,3.6226472934797274
20,0.4723600232833801,1.5986159790560883,1.7979843765125476,1.50014679277316,2.075057333129301,1.0,14.205881248706378,5.251965809132276
20,0.09067666798188101,-1.1947972837483614,-2.065534825358024,-0.42126001138631597,0.458338645112911,0.0,0.9910208922859824,-1.1494301622525616
20,0.7700661222576473,0.7155837747798772,1.870798262265071,1.2921721429248936,-0.18666336457626165,1.0,11.407320495041315,3.4865032357347756
20,1.5659819964742938,1.7845160729670628,-0.005339063263703259,0.6814632474940169,0.7663664710713394,0.0,3.5160195264829923,7.191000152292522
20,0.9676825872000808,0.2547405574206958,0.9627123308866957,2.3153602029126485,1.7704304114545069,0.0,9.47868170130255,4.9532670071938565
20,0.3971809899044745,-0.2941084508740167,-0.9050863971719709,-0.9850431295797253,-0.5100469891552473,0.0,0.08638010755699271,0.35225135862312695
20,-0.9283634784534627,2.961563240350129e-05,0.28955002399569707,0.961897019170174,-1.059161671990778,0.0,0.8009651108875331,1.5903207102416876
20,0.9357599004163322,0.5040783717580269,-0.15388406830495116,0.5443476238414987,0.4143832375826304,1.0,6.1050537447961135,3.5822220528023854
20,0.47803677712300674,-0.20011380574161686,0.7382254310293518,-1.3028996563231516,-0.9958879834583356,0.0,1.352837229122837,1.0026825883133832
20,1.1794812760328528,1.155582740635507,0.543066512079184,0.36643732778104837,-0.39187743119673035,1.0,7.911911042033946,4.645461465031188
20,0.2663645429754137,0.8832422199065325,1.8150928209372705,0.6872972254998071,1.277822485193611,0.0,5.389856255530309,3.458300289967307
20,-0.6788726712398396,-0.524653764733241,-0.1823217778917089,1.2130150791143437,-0.7495981206425424,1.0,1.3885349675493184,1.878382849521453
20,1.0998997997903532,0.4900339788890589,-0.35230001690953605,-0.4234065181274257,0.6599828465795183,0.0,2.589205481979545,3.2146748784926094
20,-1.112209490819521,1.850000870888361,0.16096934032193622,-0.2657358908957044,-0.011622458155626347,0.0,-1.2404032896752037,0.2401850450718912
20,-0.8449487933106117,-0.24638245262385206,0.4788237060879416,1.9879863480201783,0.5807486020394612,0.0,5.074802804213865,3.073831758178021
20,-0.21739218799982418,2.4886746793861834,-0.1717174169738982,1.5490254712995186,1.0061187928364141,0.0,3.424611463010507,3.7716289924159394
20,1.3355610586435018,2.616587231161257,2.6782688322027592,1.9310472493033883,1.8601968707169767,1.0,24.958067816219256,8.810870687161586
20,-0.917521540076458,0.4530877256371218,0.7016804135707424,-0.04809630423009015,0.4106838133933948,0.0,-1.1846168254955418,1.6479578621043514
20,0.9193248597363981,0.6358294322236723,1.1910916438365793,1.009521030125057,2.135866394037204,1.0,10.86026886342546,4.900996686324445
20,-1.2129780838577253,-0.2990077225387384,-0.3439112223309765,-0.8953150337403186,-0.36673276231188245,0.0,-3.2080771761838385,0.7451605176848812
20,0.34420633319102134,0.6885780182210532,0.5847862527660499,0.2891890876186305,1.3055958146773081,0.0,2.313854786985805,3.6770207659362724
20,0.7580868520790949,-0.06420653208296123,0.5587100714992396,-0.30851156354379117,-1.3918355268809897,0.0,1.7163005990099347,1.5753871209045427
20,1.038642931306987,2.236611207536847,-0.48183002415209886,1.4204257789503143,0.22838777313037034,0.0,3.2951747463060066,6.430307625115696
20,1.5327744886562649,2.899209505841885,1.6899748357915862,1.5254636248750928,1.659718397091814,1.0,22.660407928473386,9.978508210327949
20,-0.07130422456278107,0.3620704283666556,-1.515146703656328,-0.16731110963331142,-0.7237740151044563,0.0,-1.5172038001617354,-0.027929059213661456
20,1.4129902097362133,1.6552778844655247,1.1957619998080609,0.4462445780912353,2.0899582523812126,1.0,13.897531398413856,7.1053123777769125
20,0.552186459057831,-0.44925085010840027,0.8201922315331378,0.03989430298445151,-0.5843149530951559,0.0,0.33534174553716767,1.6233640044354902
20,-0.6066523872463054,-0.5131276756881513,-0.6384429129671241,-0.2437677062254051,0.7349886699872011,1.0,1.2977924731718553,1.4808137937864307
20,1.6450214640945313,1.7180784497119426,-0.2584759930023617,0.1126982510945092,0.7768038331771216,0.0,1.5691879151179373,6.790119577587991
20,0.33289504227502353,-0.7204942467958038,1.8211479294580581,0.7011886935184272,-0.5550775335519293,0.0,-1.3906213540906798,1.3022363635631269
20,1.5237297237261593,-0.22312370528046344,1.2271682572230007,0.04036178364621085,-0.6353020127221487,0.0,0.9938546683937384,1.9633420708211777
20,-0.28375220956231517,0.030300354442428235,-0.6052556824636748,-0.1003381182527655,-0.2971086456415508,0.0,-0.42299857999076657,1.185681704997633
20,-0.23894529754927007,0.8435473010664178,2.3336580675448144,0.47909636506222325,1.3284995670163644,0.0,3.5877810988216092,2.480373426671707
20,1.8323364557326451,1.7851804654446515,1.6689806351441916,0.2309017832200202,-0.2496065477526519,0.0,8.15169553208358,6.806921010468433
20,0.8394974728383804,1.5910274032859397,-0.8340408547044185,0.23493263858831948,0.3520058706980943,1.0,5.496725810156882,4.0992631345128085
20,-0.2968902808030749,0.04132942265444739,-0.5486925430333922,1.7752200462330838,0.39764595995813107,0.0,3.5403306629399487,2.5252431828596738
20,2.194142031826091,1.6576821552931675,2.204702174673299,0.1424885938863651,1.3970072338805575,1.0,16.347535394707638,7.842904898556498
20,1.3744860402931016,2.2118889596987525,-0.05891266640328752,0.7141773084834779,0.0754322041117903,0.0,2.5991589342655343,7.197011571594107
20,-0.595718682815845,2.1856779781001285,0.3734230812307747,-0.6803504296955114,0.46635736074281386,0.0,2.921594747529141,1.5037294943727189
20,1.796739945351305,0.5722514104845569,2.354260000226131,1.1904588664629487,0.47942324102504275,1.0,11.508644794927532,4.519016131795025
20,-1.238672930840694,0.5435262408266213,0.2094973719077523,-0.3161166629338127,0.253943533238866,0.0,0.2083388372875652,1.0309731033649197
20,-0.39000594903833874,1.718984298500225,1.8645786524804295,-0.05758224286650604,0.9525857751609924,0.0,5.821913360956027,2.084291602925421
20,-0.9488541609079597,-2.278356995941987,-0.45264707496021095,-1.0768195747946543,-0.9529774122146841,1.0,-0.12519381618352726,1.2062934688297577
20,1.1313034484463784,0.4590590867945686,0.147989076616665,1.4192557054640271,1.6740741075732792,1.0,8.422686509273108,4.924245427545339
20,-1.5027072659274885,0.9250131377007778,-0.7043975884270313,-1.118561868240597,-0.3115951923098228,0.0,-1.8389172552405517,-0.9841465550806853
21,1.4060871646880075,1.2369757405878765,-1.7666929233204045,-0.142206210413644,0.3826192752629808,0.0,-0.7983109877607546,3.1030411743800483
21,-0.6750288495859311,1.355696359314594,-0.38387472922919286,0.19143178952652645,-0.4837624260910436,0.0,-0.254493493197097,1.014317369682877
21,-0.8064396105688556,-1.0909097207759089,-1.6186497988909432,0.06700634313446208,-0.3130075919571167,0.0,-1.6045751432825635,-0.04908258961334411
21,0.9231753112632921,0.978547541186837,0.6129036580097929,1.860289783103755,0.27829741863902346,1.0,13.514756659862313,5.047958940698295
21,1.9790255897956543,2.1230234850873253,2.027790754869404,-0.26973312888129475,-0.06544919598181242,0.0,5.546250196309317,7.657593601572476
21,0.4106196532030166,0.8227453350194227,0.2680985145920766,1.5438739041825127,0.8304456165931745,0.0,4.492278578036428,4.240003255603099
21,0.20199658619985555,0.49173502757816284,-0.1160072198251405,0.7366001784077902,0.44039250532508356,0.0,3.582048494510869,2.9699660410275177
21,0.48233150902972527,0.3369927314231763,-0.40078302629720686,0.5492886682621527,0.12318194894284717,1.0,2.65673001216618,2.6288039152260065
21,0.9711330154345463,-0.6822029456232741,0.3480889537008156,1.2014464612647138,1.2125408670027067,1.0,7.370720796350998,2.803019662862682
21,0.908697816399727,0.6911246777125791,0.15144848967048147,1.5834303859313077,1.5691155471012599,1.0,11.580747620474213,5.068485525044379
21,0.449151900471305,0.24961212005713346,-0.3531204527238285,-1.9600891178198525,-0.7244875183827546,1.0,5.897577539287143,0.8809453686537936
21,0.5820529761034984,0.7605871421196482,1.6519033426858678,0.8000998641959907,0.8393154375101348,0.0,4.094689931885237,3.6786632708586424
21,1.59942110097188,1.3864952320394757,0.39078969602628105,-0.07857360369375554,0.051812792706929844,1.0,8.232350786133212,5.81717087775831
21,1.3508295349363328,0.793713183144247,1.2294381069332445,1.2348946831986471,1.5198180106704564,1.0,9.62364122333582,5.471285221757575
21,0.22317671829397195,0.061988617430808635,0.9468598076822258,-0.431653300015188,-1.038226158035075,0.0,-0.509975356909175,1.4791417573432506
21,0.4035839430015379,-0.5103464854353346,0.4844595160742999,1.1426476695723773,-0.8567972523724874,0.0,2.3856752742875154,2.0107328465349052
21,1.4422267397494175,2.198817634533449,0.40480916749634754,1.2643765417462074,0.03712049287514296,0.0,5.7967077186296185,7.7640464485733345
21,0.972342593145462,0.7883666050189985,0.3522493214817243,-1.3205617535416898,0.4801055337115965,1.0,5.929431844345762,3.3414126287226322
21,0.6498014349765767,1.517534349982099,0.8183077929451487,0.5599779326876485,1.584996844073848,1.0,9.758256012423898,5.234862655613531
21,-0.2602835062503346,-1.4733644915709265,0.5538155742954577,-0.9819555753172187,-2.195917124367898,0.0,-4.316114059515808,0.055163883411461834
21,0.5231404337589055,-0.980968814675155,1.9474057083505751,1.3263522941385206,0.0971555070813796,0.0,1.7368377895132459,1.5755885172130704
21,0.17658490015297407,1.4772745336354256,0.4705755102476565,1.035170806744767,0.9597250793181382,1.0,9.853419580770769,4.211837290932408
21,0.4202733334930437,0.7796751065808826,1.9391382261623449,0.48853118184807326,1.714438426945149,1.0,9.236978289872592,3.6386357505813427
21,-0.35233003857700873,-0.3588587690500423,0.9806062243668182,0.30202898045953297,0.040858704630985565,1.0,2.620733535866869,1.9891082515576137
21,-0.030504359352576893,-1.17509962080472,-0.30770470641475733,-0.6360195994011084,0.21485364193406986,0.0,-0.6128486411218903,1.0216395988678428
21,0.034228892402882516,-0.23885974266562593,0.9200148210738726,-0.3840656616332939,-0.8391290765498791,0.0,-2.377667622318202,1.3437270767894374
21,1.1793396967827923,2.04789202905282,3.0240529834100838,1.2109626016647865,0.47775489679457134,1.0,19.353256315668897,6.39206130621384
21,-0.6379569804113214,0.14398011221759216,0.21949342721126464,-0.5403443132381105,0.9072760216182487,1.0,2.2932338417410243,1.9303788893684022
21,1.0238147892566953,0.5142518833585807,0.526816637679452,0.9489850807048015,-0.06612133839578238,1.0,6.303882659408071,3.864784201722803
21,-0.19560023817355476,-0.0740432097867374,-0.5256448835239429,-1.2690473012681833,1.8596840667144006,1.0,2.363742481700078,1.7771576241538694
21,-0.4088689068551379,2.192423884663082,0.34698262884413766,-0.5316387024583906,1.9198670083268432,0.0,1.552734377314391,2.803372084136318
21,1.4053503639302143,2.57808117198816,-0.6738541890290364,1.216259145564988,1.883542662954633,1.0,12.684669282124004,8.609219343688379
21,0.40135007669057293,1.3903958230286797,1.461607834540098,4.231118401547192,1.3539932085983426,1.0,31.450857478193956,6.0862398041121155
21,-0.32617961830350983,0.28196052292524704,1.4130230578922052,-0.34797107301063424,0.62916340958423,1.0,3.5876342107524026,1.8901478975621686
21,1.6550921658556277,1.4634551512631506,0.8052649611784495,-0.6760215469541415,0.7307932343525347,0.0,4.983936409175357,6.104365357342223
21,1.7323011396838335,1.2580688755049743,0.9675125782074292,2.2015116313254284,0.9410367744058308,1.0,16.917054354337598,7.296919265317274
21,0.010448159096283438,2.3030299092103874,1.6994406025094,1.984833364949778,1.357876749489121,1.0,16.173846317344776,4.5735870761638076
21,0.3357512461898545,0.15963232068519362,0.5617225462621305,1.4348751672083964,-0.26957732486556507,1.0,5.687560584794469,3.0111375900356085
21,0.008354444827778418,0.7199942085131859,-0.9229621073751193,0.05563423035920678,0.7370002350665876,0.0,-0.2751332572389915,1.9084865024951605
21,1.5470840060942876,-0.09813292641209892,-1.094324322052151,0.7908846905732025,0.6230171222497317,0.0,2.918746919638975,2.191091398633317
21,1.5743477590290762,3.806562381836605,2.2236708884145004,1.6591515939811856,1.469828449583944,1.0,29.536683878145187,11.752161197711231
21,0.35216723780562575,-0.5101765445396051,-0.5163556327094985,-0.9580255542432357,-0.6680569775734844,0.0,0.11823265867851201,0.5397330263510522
21,1.2142865394820426,-1.382873256763943,-0.3946318237517774,-0.21041152747235825,-0.224909345518451,0.0,0.7274982025926733,-0.25533590947305895
21,-1.4350401074448866,0.1498916409183078,0.6764244965796721,1.7305767222150672,1.2056571506638167,0.0,2.9287446530542995,2.7284704302192315
21,0.915423320806457,0.9179410222182635,-0.4246435174210381,0.04269854606832496,0.574768150964583,0.0,1.7496592777109143,3.764584040421045
21,1.4941045898161693,0.8419125569530215,2.0860284789035237,2.508107357064423,1.1978323915260427,1.0,19.321749452451755,5.829161226646553
21,0.347866270733294,-1.5440742611468918,-0.9105539440025741,0.3226968716216996,-0.2676151916739711,0.0,0.8826665048967752,0.05033683228975605
21,0.013880857955968884,-0.4265986530619348,0.022720382702320463,-0.7614967020916947,-0.596102468589869,0.0,-1.2238821174144079,1.120022056358055
21,0.7034519404455306,1.2404526210939735,0.6147436128945291,-0.12719675150575893,0.3855752652027464,1.0,6.703631248789585,4.098033492184483
21,1.9421756159327481,1.880498066479413,1.6368632791183784,2.6299309421167116,0.30706576201624525,1.0,22.632039406893824,8.784505422515343
22,-0.4970077181465459,0.4350805075234348,-0.34442156883185804,-1.2178516706140154,-0.30505098760366756,0.0,-1.5177254468012888,0.7604068295703579
22,-0.19363542006506362,-0.09402013224863381,-0.7005790729806267,-1.0517559075119451,1.9157088844720371,1.0,3.8803975829203896,1.7205338136488897
22,2.5635968320295976,-0.017611181305912216,1.6498169236386406,-0.035450958050882386,-0.48972765672502405,0.0,0.33303847550423615,2.7112256261294423
22,-2.132439877493829,-0.5890420036893009,-0.9074204098481733,1.687955939804171,-0.3729084159148154,0.0,1.6078522571810632,1.714949575898281
22,0.6647200528532389,1.6647097643060074,1.6129191929306645,1.226622448369879,1.7454515681008962,1.0,14.844481566905088,5.521667065239556
22,0.8041103996790324,1.3850233347844165,0.9277366861967958,0.019228197251265067,1.2801422567987646,0.0,3.6959342530479824,4.921478871640496
22,0.36679466751173373,-1.0403592254806795,-0.1914817641225366,-0.5270900832297314,-0.6146626651496607,0.0,-0.8936115087179692,0.5967255613902046
22,0.9228748759895378,-0.004931434041650307,-0.3184073458966902,-0.524213689508978,-0.9474814837246497,0.0,0.4971033421508455,1.509104574533401
22,0.4262886489852641,-0.2210352289742118,0.015303569474231948,-0.42778246019193944,-0.8008494855125421,0.0,-0.9895084677572136,1.4016206154188788
22,1.245271718062931,1.0415199017046657,1.4133171690221729,1.9405170142794375,2.4609094956178623,1.0,15.135112697401048,6.504571985557076
22,1.252047384953443,-0.3334016237940177,2.0656717759060954,2.2346443131201768,2.7144045170210407,0.0,10.322270761991053,4.074326505691096
22,-0.002914969273401735,1.9271411029627528,1.7243599217790806,0.6324542837926964,0.6335719547669764,1.0,9.406398711545659,3.298727834115793
22,-0.8341351912407038,0.3526810172115959,2.7911249343962545,-0.23650233546582555,-0.12876135347211015,0.0,1.8082827714286749,0.7388076577577576
22,-0.06370303683084355,0.7602779022697685,0.4252536252196904,0.8342758820993226,1.3758459014922422,1.0,5.168052598028206,3.528477254619799
22,0.18914332736681982,0.6515129456385584,2.0618933551520233,1.1665220564109213,-0.2669900621707352,1.0,9.138251607751037,2.5526765886084264
22,-0.3672235875276252,2.1251060669126653,0.6015160920568337,1.0903572361310723,1.6752073259314997,1.0,9.557098901637245,3.6065711097213207
22,0.4065878778483062,0.8484471593704291,-1.0315885962376274,1.4689096839553106,1.4664808704825922,1.0,5.792484248235868,3.4378431216903196
22,0.7209891798388159,2.512112611739587,0.03686300520619101,0.7627174841399247,0.6346470414881643,1.0,9.009619277210735,6.144191309167228
22,-1.358483631108718,-1.0390504791096733,-1.1350946964237276,-1.2767964952687536,-1.1889256551510283,0.0,0.14485572839339,-0.16559582561300812
22,0.8186207712697917,-0.345222684379924,0.17017852697559183,-0.1520159711895187,0.3071701049613541,1.0,2.9877286552429116,2.102313461262125
22,0.9588830017335352,-0.6502338218190664,0.31009378528071563,-1.4544282892742748,1.352427563709243,0.0,2.1664764567934567,1.587177916608233
22,-0.11429566172218109,-0.6872825328680809,0.28653654977805665,-2.206154290112933,1.3898962230389835,1.0,5.200910744399143,1.3721320634759202
22,0.7644974230236459,1.3517199560178481,0.6645459708272833,1.8040514031030026,-0.5222172984591704,1.0,12.173195375494744,4.851882017139447
22,1.2416119221268875,0.3002225335413451,1.6701306977276593,1.2924433685619818,1.0420653543296936,1.0,9.498300335543718,4.046825724194752
22,1.7164712806672688,1.4110069300496673,0.6276993239505402,-0.1371889975768268,-0.39159183499746597,1.0,10.766259305707672,5.844532023161595
22,0.967228854579408,1.0000798676123432,0.16984121440038513,1.416125188656823,0.6786321006908843,1.0,9.40866342741746,5.0688713360140145
22,0.622236774641223,0.05568855262638506,0.7682918741937461,1.2723276789447604,0.37159182819537007,0.0,3.6473762819554008,3.2988185279483866
22,1.0619548689249294,-0.2382470067547281,0.7011512371366009,-0.9219000799043757,-1.2544297210467779,1.0,1.4831361600062882,1.1853571136299867
22,-0.2132162884589376,1.9921320377912932,0.31089680055559543,1.0231417301916401,0.91627319823589,0.0,3.8856533980078347,3.5419183501497735
22,1.1205807343613745,-0.24967411180947563,-0.7718389432505586,1.2903076311886006,0.5579218104920881,1.0,6.830076038862788,2.410497864179119
22,0.5034326048598349,0.9393771910792077,0.35346980510375636,0.0962233758312136,1.0380094847522523,0.0,1.7797346726007803,3.8763466089309686
22,0.08901709590614454,0.6113562999562091,0.472211791159955,0.10595378265731675,0.1603914555196153,0.0,-0.03986701763205902,2.6644507933311052
22,0.4879525984841757,1.6253612526913552,-0.07535926499599632,-0.2548193459015614,0.6484062863009208,0.0,0.8745012362172968,4.006031844153245
22,0.8281601678468362,1.2790880875403141,2.9996497326163887,0.4712075680728381,0.06985146381154816,1.0,13.51832042501529,3.893325309076503
22,0.5816529129068786,2.0868497950248175,1.3676418266085824,1.3358623420181877,1.1528765135388246,1.0,14.971677103948656,5.678023914528367
22,0.4729238034881118,0.08752180505003437,0.04015980094478222,2.1269095596272014,-0.8765992404557723,1.0,7.744941010393319,2.966042712829249
22,0.7345089009112296,2.26338988831423,0.34911677146535924,0.7976839113723666,2.4962578577909884,1.0,12.346336555920002,6.922633887663528
22,0.8957013990226028,0.21938557395416258,0.3366380098496315,-0.07433543246866203,-0.7553462377101521,1.0,3.8210912795497802,2.4513961376127034
22,1.3819977672595773,-0.014372185466531517,1.4040450074580892,2.2933092388924505,1.6815163222916643,1.0,14.827665261638542,4.519365358748834
22,0.4767331537396178,-0.6897123292236349,0.9855591437921201,1.280340948218425,0.21043265529051308,1.0,4.308239191213706,2.355265161156792
22,2.07002549055245,0.4493338873052345,-0.35449740413288233,0.5641551121406074,0.7210180371158394,1.0,7.161732937635595,4.592971229848523
22,0.3010451899968925,-1.2738645713645416,-1.2597932681608346,1.1364980445990263,-0.6037780020403432,0.0,2.0471884242114005,0.07257662382759755
22,1.773346596853034,0.8581093579108723,-0.1479621223948674,0.9984286865142818,1.4764996257607104,1.0,11.929128531549294,5.990009943094471
22,-0.28225759484137236,1.1257623384556212,1.9231079317942477,1.0745797867625244,1.8673843011005347,1.0,10.353971023078124,3.1914650635792814
22,1.0047054049616626,-0.19568989071295273,-0.606925506118664,1.7570885713937061,-2.252516156611628,0.0,2.9660440815446174,1.4781259392684605
22,-0.39652642394632664,-1.145347167497117,-0.3923693203729124,-0.24158338440779836,-1.1668674791100004,0.0,-2.0006664427170104,0.7068192053101319
22,-0.3644543937178891,0.8280801532113438,-1.11730163570341,-0.5122706516956739,0.0803321583928554,0.0,-0.11468920484832701,0.5935050211429775
22,0.24662521987966296,1.7027232269779364,0.9648546598179195,1.4983562511084152,-0.409125792792852,1.0,9.58165410519105,3.991187619780369
22,1.8279946612461488,1.1745920778994363,1.043207340547486,2.135134014675136,0.6855134396752396,1.0,17.91197497084146,7.08382044874258
22,0.5582450206355342,-1.2898874196280206,-0.6135377727479199,0.570493924043268,-0.21495695707372797,0.0,-2.3097190617331194,0.6027213863266171
23,-0.09849670325522031,1.5676145100983638,0.4546073131508866,-0.6487747477655372,0.14907904120615378,1.0,5.662163291129616,2.456043375485771
23,0.14163574732449652,2.582698110456408,0.5251415559121448,0.8241020845270426,-0.739441368453468,1.0,7.7964020621443035,3.8981234251607795
23,0.5308124562491394,-2.019215040736794,1.6712060386368655,0.8183094886854547,0.20396172274995045,0.0,-0.882056228328222,0.43047176407806664
23,0.3752755806832504,1.7511415230830798,0.22913586284002763,-0.32801673374294704,0.2637233625340463,1.0,5.128718026389348,3.7766534849284583
23,1.1155055090030142,-0.21003215008710985,1.0648378102894367,0.5062699794611979,0.05565729945334208,1.0,3.5499001473467313,2.516473290694457
23,1.71537142747485,0.7483049601057563,0.24690873295586108,0.23346362671041948,0.07220237835061877,1.0,6.346632727566174,4.761419093173412
23,-1.69652565995658,-0.19403221716558627,2.095900673711444,-0.9271234565089777,-1.4050441176622326,1.0,-1.68840233827456,-0.23553504934136504
23,0.24710371188386426,-0.486894195380865,1.0244262504487804,0.5292961908343082,-0.4318142363099301,0.0,-0.8018628656613542,1.8403346910131542
23,-0.29032945680782174,2.5517284908541393,-1.369754452359015,0.18319714170525936,1.4359246549867781,1.0,-1.0988025864443705,1.7142315716141838
23,1.3530672477364316,2.8618595153727777,0.976943074959222,1.1801539249920667,1.039827375566424,1.0,18.439809321851065,9.137772655580026
23,-0.185529897199322,-1.1857720468194914,-0.5270494534597701,0.5542144479883258,-0.3512061788498916,0.0,-0.8351650434048867,1.236619514101789
23,0.5372109904766957,-1.3817792691324708,1.2867930291475034,0.9390149971957444,1.5822996682448502,1.0,3.86492597060258,2.0196635129490077
23,2.1342166660650133,0.7928719872525931,0.5877868446048573,1.8274376114160338,1.324106303460398,1.0,14.942926529829101,6.8575402721480225
23,-1.4174098509294244,-0.3565689814534827,0.30541406828895074,0.5925083989835089,-1.381933586160444,1.0,-0.5803100819422302,1.3301319401328855
23,1.5576195844119836,0.3625905947684299,-0.185227343642845,2.1910225580809066,0.5500901930233765,1.0,12.970507839667937,4.785720411009797
23,-0.6806164873609344,1.3334312539521542,1.12156789618344,-0.06938955543211633,0.7859229796720186,0.0,1.8052985042918999,1.7721733945933789
23,1.8295528384586126,0.8780214535610957,0.6648863337518147,2.7282659516338477,1.6806981744241898,1.0,20.73636218583278,7.2840859373463545
23,-1.065532416362257,-0.4813322369206533,0.23332383740935003,-0.42044315914701536,0.6667283811857909,1.0,1.2647389021417181,1.9521505622639974
23,-0.5283945780307515,-0.3853315935000001,-0.8929915079405653,1.1076386571528318,-0.04793393418154601,0.0,0.2733210246679252,1.4571852438974244
23,2.17555284623959,1.0312602093449155,1.1119238315446665,0.9458152374212944,1.5016515670940775,0.0,4.796709611040431,7.069600451020565
23,0.015697903897691157,0.18496090926453523,2.436372268773402,1.2870034652124258,0.10201139693789174,1.0,6.401521536580094,2.2544577541702906
23,0.3068058174793895,0.2383469270506099,0.15972415032252252,0.4071685720692575,-0.30975593075255703,1.0,3.4761386064517086,2.4615421855724895
23,-0.2742884062865131,1.1696989171608894,0.098490318733303,1.5596266794221425,0.4177050832480517,1.0,7.14462693124513,3.1599351923000425
23,2.085600095279806,0.5217564654149947,1.6684044270134841,0.07817709010027785,0.07445158257547796,0.0,3.757279488097276,4.204916981086203
23,0.08190864789377428,0.4631172093343539,0.08714217285286124,1.0327284722124133,-0.21905881834930863,1.0,3.8662991524327266,2.7570576693673043
23,0.37993853789495524,1.3547323418119874,-0.9005626781258391,0.30968410740794267,-0.7260715283550538,0.0,-0.06382948806008926,2.3447445244776155
23,1.513545129210941,0.8116848525512402,1.3077995017471262,0.32851126802908814,0.6234505079576911,1.0,9.140931389707156,4.7809927796165965
23,0.996085245483357,1.3374613967978197,0.2660508716834056,0.327737470868753,-0.35893016948893197,1.0,8.571881727915676,4.581244706433663
23,0.44269591351316345,0.8741407840264508,0.19042181614520426,-1.082456353359686,-1.2392526051171202,0.0,2.8878371022508595,1.961677814552829
23,-1.1821563534627992,-1.1958700654055887,0.17203988072162235,0.494487484245843,-1.835040937179297,1.0,-1.8217382086988014,1.6256730049674228
23,-0.5301828246020102,1.2657026508531377,-1.1698878172696001,1.2309684487155232,-0.04265209010466997,0.0,0.10400078716179803,1.0961753514296841
23,-0.17587312478837958,0.06522188336858664,-0.22083582638553934,0.8427761855383342,-1.5544270655401933,1.0,0.49139972184741776,1.4426749560547907
23,1.8012183608919519,-0.5035832279342982,0.8817458959280997,0.9739555792062489,0.9839815873730653,1.0,5.437093796803672,2.797400285285226
23,0.3537059135493362,0.37250477334767707,-1.0941815622567486,-0.20539271517225388,0.5062421515153638,0.0,-0.2828750709817793,1.556970270309173
23,-0.24868704829488242,0.33800821477478704,0.7382389701994407,0.4689858626700421,-0.08318053569192696,1.0,4.675213177792504,2.262279320740698
23,0.3316542554865334,-1.1188362272273635,-1.6355304772526225,0.6544850916727378,0.452592388710049,1.0,3.2752923997187384,-0.0935732286675206
23,1.5922066402232813,0.733836038335505,-0.14841564600670587,1.5031230836291065,0.8211396813389509,0.0,4.051642242237932,5.408370111576697
23,1.9453425752548301,0.822869457674064,0.5007521367235522,0.20057741591961703,1.2957591135349007,1.0,10.32247143485341,5.860635059585819
23,-0.4110523319727075,0.26257565042767556,-0.7484233592978788,-0.25779749639096927,0.3613190002498613,1.0,0.5833869716656217,1.228141056507806
23,0.9829057528912153,0.5700400021728365,2.5414642275237886,1.8964667055465947,2.535288341533799,1.0,15.034265066744213,4.998115019055834
23,0.6552508727298247,-0.2480464691394596,1.4986005666478686,-0.5552458718995104,0.46903749640945785,1.0,2.092499788558615,1.8193986916914733
23,1.2859395732799108,0.1031406666684706,2.632226585091482,0.784352836235867,0.6486221866595195,0.0,6.1207565486610545,2.9867197856553935
23,1.5556819015957017,-0.5043597659210668,-0.27282113729539637,0.2813161068264277,-0.9163124953989683,1.0,3.1086517907317255,1.250143521292145
23,-0.4126798427580112,-0.2623604999470983,-0.6235137171337948,-0.7639196334032066,-1.666996317110744,0.0,-3.062772747533673,0.05536772820103131
23,1.5015165914712532,1.9899627212701054,-0.9996069742672666,1.9900346567058531,1.328385567728114,1.0,13.03680677048192,7.433741307730342
23,-0.33886402450595454,-0.6170096028510319,-0.520264035308756,0.21746749218713135,-0.02291906813965927,1.0,2.3579790222212074,1.4359756934004977
23,-1.7450707661051728,0.7444787321075412,-0.33262195734789224,-0.6959123441052617,-0.7791192479769471,1.0,-3.392709186683663,-0.7581013974572682
23,-0.771568765576353,-2.1195035311673784,-3.2053887240991665,-2.680961103997684,-1.479554290235229,1.0,5.132263172498048,-3.4911112051438717
23,-0.022574555419717424,-0.4739664571196349,-0.46593707476071444,-0.3625017805129358,-1.0236239911407956,0.0,0.16434991300775614,0.7297986201188901
23,1.0500558455123845,1.2849224244644746,1.8656194000407758,1.4148873215009579,0.5626920633934529,1.0,13.760959514288464,5.147758268618267
24,1.023658848221095,1.9347936432967772,1.1651417443261305,1.9795453871797566,0.4533111994233619,0.0,9.140294167619746,6.653414347896015
24,0.988626599685883,0.1392056269104272,0.7312408500839536,-0.7113741136036171,0.09249951751121832,0.0,0.611732520201143,2.5020679695224
24,1.5656309822426588,1.155914117782663,1.2240858268126278,-0.42355475170336876,1.9797742200284714,0.0,6.511268489099724,5.900466044452069
24,0.5372886307194504,1.7899090812472738,1.2609793892595382,1.0958225832479331,0.06188136878829492,1.0,10.862414501922794,4.639522620809313
24,-0.5646811061323058,-2.283371872987038,-2.0593627013450377,-1.1680783274707727,-0.5365412755454007,1.0,0.7662349292746709,-1.48600115691931
24,-1.6758320900721477,-1.4939462970482098,-0.0009607835596364689,-0.5957925498556809,0.3399278449933205,0.0,-0.8803123628495606,2.7903007461141813
24,1.0277492126741101,0.254032094689039,0.9838145159995411,0.5473364681675098,-0.7059881304016264,0.0,1.6000501994188114,2.8684039223339757
24,0.42712868007147897,1.283444942479313,1.2235731326695096,0.6212754378673244,0.5429932340327367,1.0,8.816113288773527,3.9376918909441097
24,1.3578184082062896,2.6103062728854547,0.9509957641124365,1.4121811122376124,1.3322803799682177,0.0,7.5971396624215295,8.956985708331999
24,-0.029290408483846675,0.3596316804103086,1.0129096384125216,0.3770650296603694,-0.10885319676583582,0.0,1.7946864820602588,2.324592111817082
24,0.6677278090332472,0.14344297220903995,2.089133264026965,0.6090618271193443,0.41474738708635595,1.0,6.283853593095587,2.5624012776797
24,2.224599474789929,0.31156107656535065,-1.2261913547911807,3.077496949351941,-0.20080466722680035,0.0,13.681959415413505,4.1242542463566405
24,1.7865921392162096,1.6799987586553764,0.36971755319065114,0.451514563441754,0.7040639293788429,1.0,11.426159096174924,7.429845493588983
24,-0.8355841170349965,0.6723188797223576,0.7981839745221952,0.5902598275926452,-0.23356676045570257,1.0,1.6484244518562305,1.6320352214122025
24,-0.07444571366921704,0.8565397571526756,0.3823722551315994,-0.8044003139829314,2.0493642504382015,1.0,5.6788583341792975,3.0687315093699783
24,-0.767279521467179,1.4209614185019994,1.076112372711137,1.5199043046415481,0.2615187896196687,1.0,8.051493162871425,2.1400876018261936
24,-0.7978684173455681,-1.9048640437131161,-0.01692648807657582,0.4216809799451018,0.46841227761560167,0.0,-2.0902679248430203,2.604904764449486
24,0.6831326405702917,0.9002429615774006,-0.06902919514519434,-1.7414878608648436,-1.3865500311698644,0.0,1.5581376603254948,1.8057580400025008
24,-1.0437507335180558,-0.2968756984084787,-1.031211819266217,-1.0588470774008674,1.0108875308670142,0.0,-0.6104127604602854,0.6137449048992323
24,1.0846288280609402,0.5189796940953904,-0.07812791835656774,0.9651117901432102,0.21885917693576068,0.0,4.253487655701999,3.9145756891405115
24,-0.19417567965441251,1.3112320429800333,-0.41987462578499635,-1.735161118704735,0.9516215248842239,0.0,1.6867740500141049,1.6153517545123681
24,-0.40191370416886607,0.859486376425898,0.9811285627633226,1.1636409225650075,2.357081696930754,0.0,3.739391938111198,3.690357497856916
24,-0.5771048831378613,-0.5362947595444651,0.4483917870287856,-1.1880128904868277,-0.5288824823081,1.0,-0.9468177469540817,1.0196921651402922
24,2.239126515852598,2.3490228695483504,2.4950103927007907,1.1972730143669041,2.056881721027799,1.0,22.31869045496215,10.630269136026723
24,-0.7812496154276465,0.7579749865931789,0.2734315734088246,0.24552407291415052,0.38927943831533773,1.0,1.5179304292314553,1.8131624762480707
24,-0.14599977040286793,1.0570361778303332,1.8808038472903865,-0.031679350332251,-1.1679690267314828,1.0,4.670119679785309,1.3367031011011714
24,0.6703674837800768,-1.1871736656855478,1.4860710611361114,0.1981179848286414,0.007137088620409515,0.0,1.0997677113418025,0.8760412904053025
24,2.0019647560657927,0.6269495965616966,0.5592614018360216,0.6765352274513878,0.8808432302663243,1.0,8.001944052263816,5.475555315264691
24,-0.6149043335635465,2.1912983079997583,-0.7582274396017199,0.7872334630273012,0.5821532263886661,1.0,1.557618912639426,1.4723938126719387
24,-0.3366411092613899,-0.04769688637568825,1.3183570401055336,-1.4195281353188203,0.93369028572705,0.0,1.965588256194834,1.4899140062191203
24,0.1136276883393127,-1.027371554232539,-0.5434224599994293,-0.8259353124447182,-0.9408441370942753,0.0,-1.4343304432675925,0.1272333091787321
24,-0.1397986663334334,-0.9924340574304009,0.3716663035532298,0.46008201178377445,0.21834476713140205,1.0,2.5096240428530656,2.0293946274760057
24,0.7694613897509248,0.3393125043077473,0.24012473722149547,0.8768024270363929,0.11976032938267367,0.0,2.4756531227969036,3.405126881904361
24,1.1016927897599431,1.1767265396369448,-0.12464179162730271,1.4718036142735296,0.945057080909961,0.0,5.725885565492113,5.573952523819417
24,-0.503071498112253,1.1340294410679244,-0.9758391876132881,0.6213573420791946,0.11886839313699876,0.0,-2.100279291312564,1.1876476143193506
24,-1.4194314296350266,-0.4590983193765069,-0.8160944645181505,-1.1804887871027832,-1.9713570630589934,0.0,-2.8066295215061268,-0.5865049350455398
24,1.5525105314719072,-0.7689118646030508,-0.2246763702432215,1.0829461999810155,0.9207457412404421,1.0,5.519631397526571,2.0624296112308795
24,1.2407869661719553,1.847040439078861,0.7705229532104548,1.2423373662343624,2.7051786905874935,1.0,16.083299799450394,7.912263435745601
24,0.5817937397523009,0.5823573711269201,-0.47891700246436386,0.7352837693036423,0.0013029249028993495,1.0,3.5344564561743175,2.937216782350716
24,-0.9478379985001268,0.668644857229301,-0.5541904041319634,0.64440662925188,-0.22238620782481955,0.0,-1.9582309043175194,1.0108782076385927
24,1.8147004080900568,-0.3998711605329125,-0.5089959606968517,0.3985818219978485,-0.5680129419810687,0.0,0.9956632043242537,1.5157889420375705
24,0.7521063942235359,0.10659219578792883,2.7257146735404003,1.7969745961735468,1.9950081051921187,1.0,12.279258413777287,3.8536046793682903
24,0.05692547298878714,0.4366932417975814,0.5323356173205934,-0.2519899108010377,-1.0572979697373783,1.0,1.00108944797654,1.744816180933094
24,1.583178507658985,0.8950877754770876,1.2970236993775248,1.1439960923524493,1.1577049113337021,1.0,13.717652357737736,5.725944700120759
24,-0.26706002048847144,0.8359537411022088,0.7988556151591093,0.5552003011018648,0.8769728503789305,0.0,2.1235981202802336,2.8742386047952695
24,-0.6344973281625768,1.4504981963278936,2.263090891336161,1.236438269755162,0.8726742893297672,1.0,7.760593911641267,2.035459750482653
24,0.025710686084092604,1.0975406465265094,-0.08238541198942151,1.7794106468929705,0.5228305251409876,1.0,7.650317852262832,3.69638031037484
24,-0.13996433327428115,-0.5376411501936691,0.061584240047694305,0.27984945121015453,-1.5354092192495856,0.0,-2.340274286328486,1.1375643693424429
24,-0.030441720351282897,-0.15232347915095068,0.6903149953965411,1.4350230301239506,1.8312109773580798,1.0,6.996741172275861,3.662574360899388
24,0.9045381842621901,0.7807402326023904,1.1625471481189384,-0.8221784168598947,-0.2659771758862154,0.0,3.39390348834735,2.983047341665337
25,-0.6614353798656496,-0.019213074415279974,-0.8120589277068164,0.07376213177553786,-0.6283563831309993,0.0,-2.034005078658807,0.67706310812241
25,1.3537057249963402,-0.20583933685898137,1.7038248274365633,0.2960302459328207,0.7829984720148175,1.0,4.850707290829103,2.5540775886544798
25,-0.6214564101493736,-2.659442527577766,-0.2870255458047115,-1.3175522883530018,-1.3790815762895285,0.0,-0.9755673658072905,0.4795386191843338
25,0.13357130442894227,0.07205368578170979,1.4882357311996295,1.1079219460600715,0.2994052616380056,0.0,2.119207989651921,2.6426851046052486
25,1.7262660463677368,2.7439742571707657,1.3910420871013196,1.2755710426456184,1.1254235830868224,1.0,20.626709977727103,10.046755878741477
25,0.631086519358055,1.1973229644159191,1.572258916485582,-0.21144031525125606,-1.4480701570725267,0.0,3.7618583749227157,2.6247307569593668
25,-0.35672773256885815,-1.1077619044284257,0.2791272242396576,0.45967461088727524,-0.19742995022167953,1.0,-0.5503129410376002,1.8949067851023735
25,0.7546301357575822,1.0852174684961673,2.3821256418498287,-0.4537826775930076,1.6181024087890161,1.0,11.557640590032838,3.7868811994161358
25,1.9784981586429014,1.876491801709266,0.7812197449668404,1.4336644233564808,1.184106814189537,1.0,18.631136927396625,9.049681233675312
25,2.3429172666453852,1.6103155152100341,2.0581233666768304,1.075456743322413,2.651646132731733,1.0,18.989622555683113,9.173799768431223
25,1.5465201919865652,2.1242911818729575,2.4639473877358555,2.253587329921195,1.3244826829806355,1.0,24.47444066274673,8.362622391618125
25,1.6694029166784563,0.7686996637263256,1.5452019329118576,0.4998924268507264,0.13290738548452535,1.0,8.684515242777941,4.616913223108929
25,2.1348953123272816,-0.14717089568115405,1.597857194820853,1.2353603196714116,-0.14234372586237198,0.0,4.6088664336226035,2.998047081926874
25,0.5150989475189811,-0.4188777141974792,-0.038920972042692514,0.6224989466024035,1.4966808935166287,1.0,5.699817595609746,2.8717192555538773
25,1.0701525283951607,0.7122786422151416,1.1410769683280062,2.9140207881092324,1.3995111352609049,1.0,18.830144784878172,5.797382513517352
25,1.0417452293738991,1.1413760488096125,0.5674684377095016,0.9025328577361207,-0.14790117991323948,1.0,9.083396153408835,4.784898138686133
25,0.8694517019937809,0.4286899180660121,0.30212844369939323,-0.1040215217554713,0.027477119798032912,0.0,2.87839576426851,3.0892933373030242
25,2.3370720675857344,1.2494435540747473,1.8396815456438427,-1.3218735362922922,-0.13059730120229973,1.0,13.683286232436664,5.6412459176143415
25,0.9730310053125752,1.902842928989376,0.24437236698229264,0.061609728879393866,0.37503260091815427,1.0,8.437752789415812,5.600258853928289
25,1.4454945614818824,0.47129106487722616,-0.4159453855706462,-0.040427793580020466,0.12039943438309303,0.0,2.7601323536592695,3.3863893536154475
25,2.0995678148416372,-0.5910224144841925,-0.13883987162191835,0.6743316506042994,0.6323321877453371,0.0,1.4491627176179296,2.087670261980448
25,0.32211450485902243,2.2946231117089235,0.06192620780986796,1.8606150652316098,1.4015122833926439,1.0,13.485589291631491,5.7076101590368165
25,0.9563635303134794,1.1409132755780007,-0.3356562457545714,1.0168184450461433,0.4483052842214037,0.0,2.81281955762971,4.648694345632534
25,0.14934240664386073,1.0937924057034407,1.3681487459725257,1.6671938997868712,1.2207496402377709,1.0,13.297681342119104,4.114226576344276
25,-0.22600823892992994,0.11739175868310736,-0.49924314835699213,-0.5605114577518682,0.24768248684756278,0.0,-1.3360719502920908,1.3910693601130624
25,0.6401184866648917,-1.2089918660743786,-1.060005648506686,0.728898753156999,-0.29406745932974077,0.0,4.716913064580641,0.11794524360080222
25,-0.4347785671242458,0.5943447395580319,1.6799744789623634,-0.19912130021893437,-0.6593138892508255,1.0,3.5011858307108294,1.1231829935299154
25,-1.3365481765856475,-1.2005478883987206,-1.5746216689480472,-0.619652969507259,-0.6016510644621353,0.0,-0.6218153489128851,-0.06574612563147642
25,-0.19369597049517784,-0.32565380708204406,-0.06247228317626974,-1.7178919374003003,0.09162344333739392,0.0,2.0246653725998884,0.9570817942906478
25,0.14547117779716257,0.00047686725539941577,1.154499328430144,0.22623937033121588,0.2964195628654314,0.0,0.8713213989085218,2.3159990190811075
25,1.9348343303680289,-0.8518175911058803,-0.6228058014459834,0.41528542684929887,1.2387289673726265,0.0,2.5216612396141174,1.2212317334081515
25,0.4054918211864289,-0.38467697158619185,2.2984510818564265,2.757248324853624,1.3575268922270614,1.0,13.086390256667679,3.3959170223299706
25,-0.6172575251317665,0.6778338052681876,-0.13242170283499077,0.7812108941138324,0.7417676628692036,0.0,0.8968126768374147,2.2984136011250493
25,-1.7503308433646039,1.0266000000543223,-0.5408950019614938,-0.46662940935196784,0.4553207195552497,0.0,-0.26703758478213646,-0.5776087262477095
25,-0.6799542684272952,0.10583259690908775,-0.7905176060961254,-0.2568076052012639,-1.1958117345740367,0.0,-3.6510704209990443,0.22288690349681817
25,2.5197733129819055,-1.2511133874694393,1.1025138859007872,0.346808199031712,0.499195013118717,1.0,-0.48257315179959925,-0.09257931658719443
25,0.46788158470774277,-0.007139148901238235,0.49073545578169603,0.3157013696372007,-0.45514017550999897,0.0,0.6495650043618335,2.284665762042382
25,0.24863175989045677,0.20774910729254792,-1.5236819284129108,-1.660483938781042,0.2892500857565241,0.0,1.1405273794040776,-0.12051746114306955
25,0.0891732932274531,0.948020540067398,0.5349546193083217,0.43406019135406604,0.46014590496527075,0.0,3.497760130746999,3.1780071533942746
25,-0.3646663883390807,2.4668688252891204,0.2569324636101049,0.9346909804005463,1.1149712399804672,0.0,2.381106329737572,3.2719884495371985
25,0.09617575437045539,0.4958473116965505,-0.13160923925947188,0.18107751797162486,0.1976028382696393,1.0,2.24405888063751,2.4585875783331876
25,1.5028791642213712,-0.7906425840355282,1.9987717394720574,1.4015891050553884,0.6752145920263001,0.0,3.6936028689492666,1.7906360736907205
25,2.485262391301145,0.2586987892173318,0.7246169539247292,1.3005471638115136,1.164971264136618,1.0,10.570786382896326,5.35873603118976
25,0.5537892945199918,-0.13576398096127273,1.4816623149879318,1.6037245887852445,0.36824567870637226,1.0,7.646710653616889,2.94966034107801
25,-0.0475903480494394,0.1805751637287188,0.32335292916986247,0.1745368753606661,-0.15265087237162722,0.0,0.11383044210597884,2.178693603978965
25,2.3358239211213707,0.3668296769750836,0.6903418334610869,0.7455603276380871,2.2720664467591973,1.0,9.9685213576128,5.833189017666181
25,0.21671320924621723,2.358101532635022,1.4968494479909933,1.784517632115034,0.12505619136049734,1.0,15.542266974006894,4.575530262774708
25,1.4754643557339124,0.40713789600391287,0.705585785779301,0.4758492832868559,0.282435542287352,0.0,4.492901150053383,4.035185697078278
25,1.4654863555702895,0.4591006755993594,-0.8336134114612803,0.925750094946403,-0.46286541854331775,0.0,1.8990875197893453,3.1219398343447926
25,0.6132324593516582,0.719914355457141,-0.39012127907492944,-0.2758463911330853,-1.064142388450307,0.0,1.119882034877879,2.167856172950861
26,0.36237540208970553,-1.3659098169163377,-1.443612987333178,-0.4960848059574755,-0.4980860906085465,0.0,0.9251661528614209,-1.0887905296617675
26,-0.44429585115566483,0.8268466374095733,0.8247537773769775,-0.1981102696091751,-1.0605902909967757,0.0,-0.17865241776401847,1.2856752783041197
26,0.9737093048736059,-1.0207853136098597,0.7223832660520402,-0.6190690377812971,0.8949156981429032,0.0,0.3204550237058209,1.231860907111944
26,0.998466745084379,0.10697562394939808,-0.6441080444001073,0.010055979537341664,-0.562687099400667,1.0,1.18989026600924,1.8607988967432345
26,1.5741797378014954,1.1108281231874617,0.6301470501817028,1.1450472561822003,1.7594182644621719,1.0,11.826371510638326,6.666394205341747
26,0.6465404829367147,0.8479631076073015,0.9239891633862694,-0.4177227788795954,1.5658398204370352,1.0,6.619299819975723,3.93418893472691
26,-0.03458311855663854,-1.9723295584038767,-0.9619500819876698,-0.848840903743993,-1.5519093114155846,1.0,0.7794550107595197,-1.0446757742359032
26,0.9526728475978349,0.5521168791652138,0.6246141464173564,0.2873990877744773,1.0185922816997328,1.0,6.449668625220335,4.054873201817731
26,-0.664800826903788,0.5728478306552748,0.2318030844147671,-0.43756052543068347,0.36416223802964215,1.0,0.8090461858910828,1.6256499386319387
26,-0.4172141805320231,0.9402909089970917,-0.4130094195087848,-1.7236555163065344,-0.6340555230400682,0.0,0.5783832760836678,0.3997925226874455
26,-0.14766758841382843,-0.03596011518896658,1.013448946711852,1.1393660383413544,-0.17001531067257913,1.0,4.9301832678727955,2.4338330148360985
26,-0.29147921842295377,-0.23586288455737747,0.44390578327166164,0.7327940273635457,1.2368285199611313,1.0,5.439502711383643,2.9149233822169363
26,0.5877031563290154,0.11541602531207845,0.5936739117658747,1.0083320141282321,0.688735119433163,1.0,7.661657249240254,3.393651530383646
26,0.2309785128158705,1.4234513082386342,0.6638026696115045,-0.5686097934461196,-1.786627793090073,0.0,1.036335329678829,2.097939162848779
26,-0.3107195589389541,-0.7037447918237734,-0.620039506127009,-0.1284628195601646,0.791883196900499,0.0,0.05108291621345751,1.546981033124935
26,0.8097667684742659,2.101022554982239,-0.004926486271080388,2.4616113847560737,2.181817616920984,1.0,19.00521279356791,7.4759720291618095
26,-0.8517789193399143,2.1160187876535677,0.7459810943223886,1.3953059595619006,-1.1827206801486336,1.0,5.052697121827727,1.0434453191902564
26,0.464989114471324,-0.7397070917622135,-0.02694970250606299,-0.7343325564423526,-0.9099332237920583,1.0,0.762876613553455,0.6827144031633681
26,1.74968218727938,0.33095041789153107,2.229306560560036,0.8154231442002366,2.5068601970194195,1.0,11.509040846111159,4.783230036252994
26,0.06922806434123219,0.20367939320973555,0.15030024450594276,2.071854011504287,0.7413651573129784,0.0,5.693523842360983,3.621039930966402
26,-0.48249164707254544,-0.6062565876108272,-2.1536884675336596,0.7930599685460148,0.8519788276298945,0.0,0.3997427561302058,-0.05662602267576988
26,2.5322243352620264,2.8353587363797854,1.5288202822184365,1.0261511447459757,1.5827377695078733,1.0,24.261660205893612,12.97437424429477
26,0.3053566867481705,-0.2230395967739034,0.49345349917705067,-1.225856780347677,1.38743020007784,1.0,4.706306836701196,2.1812676662443184
26,-1.4423273067713804,-1.8309999655709879,-1.286213019996369,-0.5152339598941089,-1.6086043646470074,0.0,-0.6516815500785567,0.5799694830119195
26,0.7288454332160222,0.03475151101837265,-1.5843063402847326,-1.7176049236280369,-1.5998138315983104,0.0,1.7147422211231471,-1.0572451980531758
26,1.1553792106117706,0.2787303870017539,-0.706484130384939,-0.49272670900705096,0.9773930039131093,0.0,-0.12066083604900424,2.6888341222141503
26,0.5292860829287248,0.09598222605598405,-0.256420650552292,-0.3641349325647574,1.2448480845143801,1.0,1.9691478780461513,2.6428864283889104
26,-0.3363438513175887,-0.21691999349539348,0.9393404825437912,0.7029205584186523,1.362015229381845,0.0,-0.6716043442487005,2.8887864141942274
26,1.4794966843797681,2.086408723526051,0.8289133042802473,1.0361585361506003,0.7014731272865423,1.0,15.726153621541082,7.828737244822402
26,1.7058337174928315,0.16518569609802924,0.8351138862460379,1.5119830834604937,0.8404704678552563,1.0,8.516561865250505,4.482166010458357
26,0.2719606672328573,0.66081390480012,-0.6198141281808338,-0.14465935445987455,1.138505036741646,0.0,-0.20318722180540438,2.6471048941982764
26,0.5218313162593808,1.532250631710473,1.1458255338038392,1.9403789468593144,1.0513186073788519,1.0,14.386677716896227,5.307673054841817
26,-0.63015926951781,0.4155942720300181,1.4791640238120911,0.4845655356406156,-0.4658141795902583,0.0,1.7421500451073717,1.4712887336652627
26,0.038816894564803694,0.3471258157138275,-0.9508248384996556,-0.47417186359314123,0.511513954051382,0.0,-0.42581102964548984,1.3307162825467689
26,1.2043595707382133,1.0383516719342403,-0.033306258791074184,0.9537232054953495,0.0827625623460535,0.0,2.412674402887403,4.8729395475816
26,-0.9716004378597316,-0.15441016492997706,-1.2351747538795808,-0.8349953184198278,-1.1720360563752878,0.0,-3.0748500477206813,-0.7047272556811843
26,-0.16590137583039088,0.6499131601573228,0.0251577236305513,0.2914700931218869,-0.3456684039223671,0.0,-1.1778860425718045,2.1193476722993205
26,0.47280851579141114,1.296709213245902,0.7989233321734357,2.7798680000045852,0.9370426906750955,1.0,17.609462781995227,5.4532496940783535
26,-1.0687337589440327,-1.0828968513276218,-2.1767342900387163,1.6468435232421557,-0.057574024866493656,0.0,2.8366849809933736,0.218247418810672
26,-0.7182937539177754,-0.6655175028541029,-0.051912881472270245,0.8740445132402708,-0.5032267048204226,1.0,2.753948130718845,1.944236729466545
26,0.2608360121130486,0.20363797393745814,-1.0979806350878227,-0.05322729660162573,0.9611151955292045,0.0,0.4946815821884137,1.645701610211915
26,-0.41834084722539533,0.1665780667780012,-0.8376293595945898,1.7262800855979763,0.056739994893776735,1.0,5.896117035911491,1.9463537903471875
26,0.9433251018530462,0.07293159135247057,2.0765183282147843,-0.14506278072616274,-0.16811716061652915,1.0,5.548863553836003,1.9741565494984608
26,1.005002804302455,-0.4607101932373189,0.7056567987041017,-0.1038803215370272,0.7026764227243233,0.0,0.6805271442906147,2.2225434790435283
26,-0.23914040182731833,0.048734265614522154,0.380105196432559,-0.2075385055814385,0.9053538954431032,0.0,0.4132017703264984,2.360728504106899
26,0.8362445103872433,0.5095392561499723,1.3953857191985304,0.7834152648801095,0.27477253866903356,0.0,2.0816471199265285,3.5002905095269163
26,1.6044887370466479,1.7072622261196426,1.8356667779015314,2.1009195099294744,1.2634862376134184,1.0,20.397681921987818,7.7334105180129225
26,-0.2261197955409442,1.5743989688850246,0.668799430288816,-0.7513829411989261,0.569053960101666,0.0,3.05348870600406,2.345938676104998
26,0.8922477648598546,0.8873520354858758,1.1419726029828166,0.24835613467876833,1.3063292091932492,0.0,4.225463755438667,4.445668063418653
26,1.4708831391161605,0.4816828606904431,1.6566613248892137,0.1464383689120271,0.11674309065263311,0.0,4.02210409686519,3.5589440642176133
27,0.6351654291952413,1.0561101819921808,1.9334718335084538,1.421816352733091,0.43276873734356613,0.0,8.668416639827793,4.055693976734108
27,0.9959449417423376,1.3378929610531505,0.7662738474496328,2.224003210626101,2.7033514565626215,1.0,18.427039468476817,7.066700521767356
27,-0.17886099576336456,1.9409035033192419,0.1504207199250795,-0.95652132022194,0.797406387492391,0.0,2.5860999257816193,2.5182303329205826
27,1.4339059945015697,1.8629725918763613,2.828113340305384,1.4036559146762473,2.1414022584568033,0.0,12.98027643131935,7.555086203819723
27,1.2952801800878648,-0.0010840651272128188,-2.2716897314657256,-2.5182768404543174,-0.02926405929882303,1.0,3.7927114417219805,-1.4088221698334558
27,0.8981006668979035,0.0028774098648966517,0.5100604013080571,-0.576990611318398,1.1417596923752678,1.0,4.798476054319129,2.8632030027919346
27,1.869397259450968,1.517068933340431,0.5011407972851769,2.373171840890284,1.7352474070001935,1.0,19.63151009278599,8.711052688973446
27,2.220506654561695,1.076082048183913,-0.533709813384861,1.1659642083353794,1.549282734198548,0.0,4.688887329914844,6.989435967977755
27,1.6029540390337342,1.2111188183409207,0.7774376338536552,0.38729988442658203,-0.07155753197415482,1.0,9.581852779408042,5.607707485036764
27,1.1579819891360672,0.1271825082752569,0.5836023813359603,-0.21173347127587583,-0.4844862228827571,0.0,0.5472709731160075,2.5680316817484354
27,-0.44083836025569034,-0.1527386699854414,-0.792199011170976,-0.49825980600371045,0.0390187016664611,1.0,-0.5650031199987895,0.8471060323049695
27,0.21342132916461048,2.6140715616013326,2.808733330349034,0.529733007955398,1.5580555465765737,1.0,16.98648139408706,4.474794081293484
27,0.7251620757537217,-0.45695278196891786,-1.508135586909281,0.9494726079711102,1.7395983988000008,1.0,2.149796148012328,1.4558272720068066
27,1.8994989036954664,-1.802753816908405,-0.6806168070229053,1.1504541772669579,0.30097112909881774,1.0,2.194962261561711,-1.213367378877132
27,-0.2696382541453286,-0.21573494507965152,0.9129767542136422,-1.2910774914339385,-1.2456678288451173,0.0,1.133241286462243,0.6149923864613577
27,0.8621107956759193,1.241252678028602,0.35939932664671315,-0.020316656463169158,-1.2632543093141833,1.0,4.913662810688312,3.5958015077474843
27,0.09558194524167879,-2.434792272163104,-0.15205119190378202,0.4574321288232171,-1.420570264838695,0.0,-1.8413211493939388,0.02854046273927635
27,-0.5571713205290103,1.7293613155303975,-0.12938968702691445,0.7600261878688963,1.1789600678969352,0.0,2.880793042637743,2.51898358046373
27,1.0153009177870478,1.5770088331457126,1.8186168883599227,0.38295886017458003,1.293190343475863,1.0,12.751839752796338,5.399384748746649
27,-1.0146215252514639,-0.434049760443431,1.0570779108399857,1.0020846956963219,1.3571034836396538,1.0,4.963101787137692,2.9156127238068903
27,0.00661178745257518,-0.8869109997474438,-1.5101411762998183,-0.07926811971282499,0.5524862980637225,0.0,-0.587151988425592,0.09614279300007171
27,1.9085058738284042,1.012638755211142,0.7671144090064589,0.5187040708524885,-0.01598298589671232,0.0,3.0524737539001134,5.7480335133976315
27,1.5791376839263236,1.2635815455841959,0.6837030500362209,1.5321962834802623,0.3626868316158349,1.0,14.6335642063569,6.481260873451564
27,-1.1562147811856194,-0.4823738725314415,0.9017429423918673,-0.018966042677250772,0.4574208814727236,0.0,-0.8014101636966219,2.0287760963200667
27,1.8034638485717478,1.1285461649508006,1.5411115277789604,1.1886740376361433,1.5323495602542019,0.0,8.627140192167525,6.662045219092386
27,1.4862009565511178,0.5028045403147225,-1.0171979809560137,0.5758834360152735,0.022288375568602248,0.0,3.060455905102873,3.058009769000187
27,0.6259495985470791,1.6186028949867592,1.339280924961994,-0.018382558249979697,0.2837415331583478,1.0,9.573419706811666,4.167212786067674
27,2.474956482117994,-0.2606066328565859,1.7156324175146778,-0.12698659281492874,-0.4485375422421257,1.0,3.7971847771623017,1.8879087520187003
27,0.29205617986536236,-0.5696049811596449,-0.21922762701434717,-0.22610130170713916,-0.1105473193969404,1.0,1.644781208480579,1.3929965333525707
27,2.094649398632713,0.21703613834624175,0.20634503647976832,1.667826108700467,-1.1036910102285777,1.0,8.050067534195614,3.9744837463589326
27,0.32423241834717387,1.6921418597132747,0.4921477906278711,-0.10834709554759481,0.4324934724981284,0.0,2.125430904947616,3.846301488594184
27,0.46585897817847755,0.32497989766105473,-0.5348280085559163,0.08518773770728427,0.17107072191195494,0.0,-0.6021999635293136,2.267885771351473
27,2.136067790933783,0.9391163299174512,0.2370446947535409,0.43316437704389893,0.9618713510720284,0.0,2.8849545348758903,6.33168463203856
27,-0.18342454115447016,1.6519193903556049,-0.6004624078164975,0.8023758703227174,0.3482426829737686,0.0,-0.10592723810708238,2.5313973727291343
27,0.10083985091950043,-0.5651013103708435,-1.0111429860869652,0.649458042873014,0.5539094661459198,0.0,0.9292177540115117,1.3378892570008531
27,-0.9906615091256246,-0.5891310570802302,-0.27457952179766687,0.606906140078853,0.8577151098812785,1.0,2.1683395461123567,2.3512933351716443
27,-6.324916745947817e-05,0.011111793713203033,0.4233941241443255,9.145273497102036e-06,-0.3702155457356817,0.0,1.0703898015237958,1.9438171252498146
27,-1.0030905346295336,-2.3498132264143456,-0.44939407850677826,-0.14715542970961204,-0.9564187754122511,0.0,-3.164802780046458,1.8048498752342788
27,3.1746515967223443,1.2850600940967596,0.6286851300881058,0.8097522679317486,2.28903473468585,1.0,15.880451207777279,9.982011449683391
27,-0.016673819072767992,-0.6883349730756128,0.6186377001267627,1.0019302027380905,0.5417201887076638,1.0,3.2805076052171005,2.5547860678353334
27,0.28296183436344147,0.3533157497871422,3.3830812253991605,1.0810134340417172,1.6459164374133022,0.0,6.387280929854755,3.5021361517851535
27,0.31971267154945815,1.6802690725877465,0.6506938361459378,0.14792753750544912,-0.3518870707903633,0.0,1.9355641504635226,3.5562250443767045
27,1.6118549505637463,0.5145674357676745,1.7899882188546503,0.9071996215822202,1.8602332525194734,1.0,11.440818491643842,4.95388888695203
27,0.0954768737944553,-0.4566104222938112,-0.18423337303240217,0.8263970216584359,2.172558850758514,1.0,7.289746587056813,3.166275719925521
27,1.2188503184564166,-0.3373589211801371,-0.5196352012740986,1.3660683832992206,-0.4239727154414583,1.0,5.2373003632708635,2.1087862865864215
27,-0.5443112077127128,-0.6839984299873669,-0.2837891107363274,-1.236366987442345,-0.17789299847725037,1.0,0.9378288715652261,0.8691300438821896
27,-0.16983941445017714,-1.1192678300641845,-0.847860056540326,-0.5252828828101694,-0.4604278420998632,0.0,-3.1332301352317913,0.2903461109869916
27,0.018513833668967083,0.41433681562314245,0.9995479609517097,0.44215709370878387,-1.29217240021021,0.0,1.1929389569990783,1.8395452431543977
27,0.5636782145578967,1.2198978737572626,0.11845144341274566,2.8096514440171254,1.8760230568958787,1.0,18.72990663373894,5.974473698258899
27,1.33141934487403,0.5005680233124902,0.9378472577340369,-0.15742084090811004,-0.40849695170949196,0.0,2.3366299344064867,3.359949487831805
28,1.065836473042836,-0.014951430823633816,1.22820824672643,0.5590109672541298,0.9695266033913604,0.0,3.8721187029028146,3.223805546601778
28,0.3781594314169715,1.0238578195692352,2.2112004470871476,-0.49716809259466765,0.5939674881877132,0.0,4.300972591277088,2.644670501972615
28,1.3112448116032467,1.4252816134229511,0.6015525176466259,1.2539456683880608,2.600967481886273,1.0,13.75531303657938,7.289847170348206
28,2.1263684575323336,-0.13500181301462588,-0.4348086221238827,-0.8723625598916303,0.35734294713967674,0.0,2.7420794420898043,2.140656282236108
28,-0.7963896234928698,-0.3178879909607595,0.30774194617951695,-0.5847857723809715,2.1413175777614395,0.0,0.9386582452903056,2.5811807462256207
28,1.1351840279386396,0.1087146806201445,1.9852430203759155,1.2557838738704634,0.14882501943030724,1.0,7.281616341139303,3.0376029512008476
28,0.3355061744460977,-1.9539825480592126,-0.05669459876740257,-1.6560915019874236,-0.7222824974898945,1.0,1.003594950238948,-0.6839524038910196
28,1.0717549411761462,-0.0652833077763656,0.47753920782375725,-0.0036688589623125045,-0.7245737181210847,1.0,2.809380023908375,2.196045003002488
28,0.153718088283265,0.4853062802552153,1.0715710560473526,0.8761350393781958,-0.1699800718429989,0.0,2.1668798558455364,2.7617210556063876
28,-0.11643100355972336,1.6683985591052892,1.2596802195609356,1.4285234400704416,2.5788088635591886,1.0,11.78896236029746,4.521358073398058
28,0.4971252027179326,1.15406790663544,1.44957028114569,0.3028277784722838,-0.3811042551807835,1.0,9.126213418129385,3.205889044649172
28,-0.24268158214601965,-0.4156244069339251,-1.8040797154047832,-0.5829712012582022,-0.31857479786252707,0.0,-1.0812966093567606,-0.8122746772209459
28,0.9464167155163787,2.155068183614115,-0.11700444894667306,0.6902356788155206,1.4144482047295508,0.0,2.8201983011295835,6.577337503866062
28,1.7515731718051615,0.3326542081967523,0.7886209519536593,-0.02358893747348645,2.7547912950891513,0.0,3.203271926499316,5.089517788708331
28,-0.852114709033255,0.6694192695331276,0.7298802681509948,0.669258731016775,0.29777699120303625,0.0,0.4359075833190065,1.9319425118936842
28,0.3557206938843842,-0.050533155830230436,0.4135702383762863,0.7827520277066808,0.16880306823488683,0.0,2.584661590492805,2.732872597369062
28,0.014601493290941181,0.9123413527325459,-0.6148375884007977,-0.7405416255804691,0.9411543738082679,0.0,-0.41081016658653174,2.086547689950673
28,1.2646292775632277,0.11015784995228034,-0.375875749882828,1.5812639261097716,0.7463691326529003,0.0,5.643693108520562,3.7327675624088936
28,2.058728436466728,2.4263244024260144,0.14042287983688123,2.051679532837611,0.9660893093297318,0.0,9.345166498783769,10.806922221522044
28,-0.48653850549469546,-0.6454722380709281,-1.436416199827157,-1.1324438790143425,0.21789308769386162,0.0,0.7973064219901022,-0.2934657171311086
28,0.17968951071622175,1.7130331750155867,0.8557422201837691,2.1417791987204744,1.370810965271421,1.0,14.592968887336893,5.093999899286763
28,1.0315578153062923,0.03455931797624123,0.2954857465091617,3.157611535696638,2.9660433303268112,1.0,19.859015530929703,5.7349396110383415
28,-0.4886496083079074,1.1922270913931672,1.0173976233529032,0.7870889359541824,0.06343218568941628,1.0,4.581491988122622,2.22874849537193
28,1.0213960662167394,0.6337630729789873,0.48676862092957623,-0.34973725456428817,0.8922707422150842,1.0,5.898289984898126,3.8734027535784463
28,2.285670062329208,0.04007086772451823,1.6958900519272142,0.7417267699040327,0.6471617427901585,1.0,6.936012385485558,3.6720808033719097
28,1.1400077543805112,0.6812567750521705,-0.7405171587473709,0.3861634285866265,0.41005765700514485,1.0,7.343997601066858,3.453241980522786
28,0.7843829943056005,2.506583479208807,0.6640899966942637,0.9421971071423245,1.163483088146552,1.0,14.025463040548459,6.783967772723834
28,-2.404163582362829,0.5584980135180633,-0.13675203427339955,-0.40794101698522456,1.0091727590242412,0.0,-1.7982278574637158,-0.042649511821161834
28,-1.7641263329920913,-1.373686157482708,0.16185661211826385,-0.6611685197721846,0.9760215613238838,0.0,-1.4408487396982586,3.0797342952220896
28,-0.8236819486620595,1.0822537323816654,0.060491821942212975,0.050494534786084955,0.10764387563654748,1.0,1.8573928517722615,1.3453390724027978
28,1.8598100327133333,2.8269418804219875,-0.15302153553387488,-0.29430578661542417,0.4784601012638092,0.0,2.228287469411706,9.604832249650098
28,-0.10941775090955685,0.2612563036513669,1.9501820167442836,-1.2143482958235263,0.23438118535960795,0.0,2.246758227734901,1.162090740913425
28,-0.29946911023093126,1.1804439209018343,-0.050299852760572916,1.2022628637002954,-0.01866745772613665,1.0,6.13984107913315,2.6523639203759184
28,1.1444888203431893,0.15752802014203238,1.2531379482348652,-0.9384984971972459,-0.8314295694237468,1.0,4.274189974448239,1.8852453692198834
28,0.36379216077725707,0.33223274783133794,0.6551757829043188,1.3735427465963,2.03289917144037,1.0,10.167453309796807,4.2926258100581025
28,0.8637886724634438,1.689754619296563,0.46317804721309497,0.09634734823374769,0.3977159644486756,1.0,7.827031057912048,5.109620312021152
28,2.6995792430233427,2.336156878469909,0.19098844018706918,0.7611400153387079,1.5016421990851088,0.0,3.6502278904343823,12.033211085325924
28,0.7902649737858835,0.4950737723236421,0.6213223948787093,-0.16208530773088992,2.0227375974780686,0.0,3.1388335812330226,4.088005564414952
28,1.481225244310349,2.2429790047592553,1.8828530673973765,0.622341520492255,1.364944838222943,1.0,17.147018267472134,7.812512268942348
28,2.412510936551031,1.1951464880715756,0.17169364596842357,-2.1983390181136637,0.3899555665780868,1.0,12.60868022855034,5.854084601280675
28,0.7209223961324441,0.10716387376365233,-1.1429589978021863,-0.5034875684632394,0.7794144064348008,0.0,1.354062863797255,1.472687926891017
28,0.03356859678409596,-1.007853784407275,-0.3988715899568598,0.5903902737771124,0.17848437982439852,1.0,2.466320558266421,1.5855265317850504
28,0.9395236305414761,0.6740003105009503,1.8325002033993414,1.2593682046594123,1.5096052757799083,1.0,11.21757014719435,4.4820112439560065
28,0.09384663669296806,1.0308746035311962,-0.027085619858074783,-1.1708267708156928,0.23666829592967958,1.0,3.2564075153460297,2.1781158941571315
28,0.7366633694791476,0.2193316275569192,0.5613132605677073,0.16584884608855271,-1.018615980050301,1.0,2.0902622236330597,2.3404009323259656
28,-0.7876248507423571,-1.2490128889244885,-0.5464571281903956,0.012220780010856469,-0.4828024067024552,1.0,1.8766468072520366,1.311286324561152
28,1.2858376097867072,2.510567143109144,1.2929973769518308,0.516300613408299,1.4727289107510435,1.0,13.862772884192955,8.041637131137781
28,0.5682960210481173,0.22997375386913832,0.9439844055439057,1.9535130239227205,0.8120752583708286,1.0,10.469272388313422,3.9711801136390674
28,1.244862958823763,1.792229984750381,1.8088612221703033,1.0610989199722027,1.8639995408930254,1.0,15.575462098378438,6.880784493074859
28,1.7474640145621958,2.092397594445016,1.7468619136286738,1.8708016376431729,1.3748471259387343,1.0,22.460821031556392,8.897418293376056
29,-0.45115169006186184,0.8577888204789117,1.0673579573938632,-0.23356969106586323,0.2258470317762012,1.0,3.0680642201640516,1.8285834898980533
29,0.16175325632555526,-0.29779697278640316,-1.7370133182154044,-0.8604156427669747,-0.5013159454443157,0.0,-1.7027854420481572,-0.8310166132510755
29,-0.44318772560117026,-0.2377252004606062,0.39972324404829485,0.54160136639236,0.2167461991439495,0.0,-0.2908988016569859,2.2651045652432718
29,1.262512827249071,0.5394645734319062,0.37979077051803184,1.6190418168438843,1.0670916340580667,1.0,11.883460740727811,5.043773977601256
29,-0.003599035532684036,0.768203423128986,0.6564566277838003,0.9948611926797353,0.5123967838225607,1.0,5.038282569254385,3.253554473331554
29,1.208842571323951,1.4085910306268952,2.148218371773523,0.8068520046094363,1.1408988609034951,0.0,7.326992821251864,5.5136004679757145
29,0.7652806524835785,1.7917760222664247,0.5822473888884793,1.6167182136481553,1.6674116632444267,0.0,7.923732248529442,6.418157409351979
29,0.36999722727399625,1.7312994272022493,1.8155279521659686,1.5970255646126543,2.5948921607733557,0.0,10.121729082096811,5.452651197847955
29,0.6015861406873079,1.5243056629247858,-1.0798740050978306,0.1115602777626944,0.13373003513202208,0.0,-0.026279111778070685,3.0340946993111606
29,0.42622495233148777,1.3229425925440101,0.4157935259190989,1.5641438489345703,0.8559197698104506,1.0,8.768220775857504,4.771179578965547
29,0.5309022235898935,0.21139279105074488,-0.7571297823231402,-0.31555627426011645,0.4485145328420441,1.0,3.4738274201309043,1.8981010251534358
29,-0.43706434671321104,0.03342455009782597,0.41127099813859,-1.2501269722623944,0.8908374942636215,0.0,0.7754723629535323,1.7261756330736242
29,0.0367044209099871,-0.016013925894383108,0.9288420590009441,0.42795562815243643,0.8685063873459107,1.0,3.9991669379565886,2.72117131276004
29,-1.540313585832207,-0.23653829603873178,-0.5747550560502388,0.6813042980395408,-1.4290284414530958,0.0,-1.4317174526711927,0.6540030965769263
29,-0.5276379457629574,0.7311731309380919,0.5288743577097884,1.2374085198758795,1.2850817116777349,1.0,5.612425184565754,3.1050307718979226
29,-0.3603833004558388,-0.629347972760604,-0.7234309756859083,0.8619059492796488,0.8538463002628279,0.0,1.7876775870775634,1.9776404757093387
29,0.11841018535401798,-0.45083729925275895,0.6600319601982203,0.7701389877100367,0.008399930704845737,0.0,0.5039216265401711,2.289660789945933
29,1.6314033134980537,0.6041216795689545,1.8442692742285374,-0.09246617213804198,1.1335580631613302,1.0,9.483422116667871,4.275932241913557
29,0.10744873310911274,0.04261865725609654,-0.4163391538166876,1.7862366007894883,2.1192141752692453,1.0,9.319404815674535,3.7387443938004923
29,-1.3303057267121339,0.14354414358545503,0.6256794530782366,-0.40719143521966805,0.7161779175126746,0.0,-2.4087270649766923,1.4935599660740169
29,-0.4972078750460813,0.5147213301166595,-1.0300179536420921,1.1742874005169963,-0.0821263319054667,1.0,4.349556714900689,1.2987082394795777
29,-0.19897153111810562,-0.26299371500336954,-2.001089262583612,-0.5437356482003941,-1.5291582700795172,0.0,-1.3055973028186827,-1.6327830044819107
29,0.20530655653559743,0.9687190539809825,0.6482067391752424,0.6934602948298192,2.624505306037586,1.0,9.518570282111964,4.566151123526769
29,-0.01272886054591238,0.11931769985913421,1.568129584361053,-0.49116925007282186,1.1152641189014152,0.0,0.5549733398884018,2.15055460716235
29,0.7414615139312087,1.114033907010362,1.4628031988897978,0.06795210124592771,0.23823708521514791,1.0,7.397651171393079,3.7460405087605024
29,1.0433749407885735,1.0114960931040433,2.057369786459275,-1.2426852577194882,1.7042492437502523,1.0,9.52894740481414,3.8746722973322862
29,0.1679900328647257,-0.6701228424839136,0.4093420216657893,0.05633001769812346,0.6992879616079302,0.0,1.859066418631847,2.136222537916291
29,0.8543134965363327,2.642796119634252,0.6337687830277464,1.767962402726453,1.106746058835256,0.0,9.490565697457575,7.566371240287493
29,-1.116703918744598,0.40167136306422324,0.3612117736028594,-0.4878774540008467,-0.8107213119631576,0.0,-0.5124404446606904,0.6607115008303452
29,-0.3088304996613822,1.1620253257407236,0.06679540186590677,1.40365570791348,1.866835403547295,1.0,8.983117121942843,3.734141824177766
29,0.5969267880467402,-0.6179727819627747,-0.200074705502863,0.5552814670195534,0.7430186650306778,0.0,2.5363477671226846,2.1497569418924813
29,-0.15847254627202834,0.24111527609416156,-1.4977450137418602,-0.2563251776134866,1.717005891128722,0.0,-1.30035071762352,1.0575654204508373
29,-1.0610734693319914,-0.9148961271920584,-0.03354292564967465,0.2757607773931249,1.1650365822450341,1.0,1.0388160305388676,2.685851915304112
29,0.3946970767759096,0.030012945511482536,1.3683712532316261,0.7449986350590165,0.23146543807120357,1.0,5.532083935695552,2.597664174012006
29,0.5019008425085567,0.19540153991118175,-0.5767037452651649,0.3103360704614794,1.0473170612997553,0.0,0.9138288556769518,2.675462610904486
29,1.6128549209462966,1.8191895601271837,1.7241193350740038,2.7087830028312156,0.7579133549921251,1.0,25.276944685642725,8.092795925341791
29,-0.15729675945773558,-0.6221845759817077,0.44189306842603543,-0.6521594002753253,-2.0587957764915275,0.0,-0.7588508637020661,0.47753960566279985
29,-1.2771983659232782,1.6687144038346144,0.6654351625201415,0.6905649242909264,0.184601191917805,0.0,2.0953121691169536,0.6214275381717211
29,0.5222827579057969,0.05867512887815607,1.7357504124285952,0.8700345259471975,0.18947437089552882,1.0,5.513991919924334,2.554546566114928
29,1.9674315447303765,0.7895602950753786,1.3138439120431356,1.5144279041267488,2.2620371556448964,1.0,12.94777467212178,6.7311904435655805
29,1.084089290151352,2.922397779072162,1.209280914032734,-0.4954750993255128,1.6964328301587754,1.0,14.367440500336212,7.730195089127349
29,1.2704309855378633,0.9018151511534238,0.8808560520238317,-0.05612863584202188,2.834675506123585,0.0,3.890721678081284,5.69800955899305
29,1.0269925049370432,-0.4842924694778765,0.21762170521816226,-0.3263150364109304,0.1435052495969089,0.0,0.4777768395013541,1.7678049438192889
29,1.8821091640555423,1.3529843589696724,-0.4270551567752635,-0.8190251136561557,0.3858272405353735,0.0,3.014495140335173,5.644073933145062
29,-1.114102047988208,1.569611199529807,-0.7560114104599469,0.37108688662649536,0.10827972271252018,1.0,-2.523394091130349,0.0683031859491785
29,1.9119691855022012,0.8748033352115598,2.6086298947160014,1.6973300480071551,1.7000088091561179,1.0,15.345304095150372,6.207662144113878
29,1.0980669670320824,1.89795452976465,0.40749082966779876,0.43210580857076436,1.140812950919723,0.0,4.724258098270663,6.490414830442617
29,3.251754480296339,0.16667372927060048,1.0559652038055014,0.9717207141095374,1.1421696035376738,0.0,3.8864685730246684,5.3285117809933045
29,0.33977203316125637,0.2513749114430821,-1.0920318127397268,-0.8477343071854426,-0.5131400977276461,0.0,0.21226849644346435,0.6152134818468412
29,0.4290303374123083,1.2556357436634822,0.16426146579844325,1.64244911183921,0.3502884190879129,0.0,4.632656445179757,4.446077757958585
30,0.10660648411888535,1.4817470957434158,0.8839272240694114,0.9876412478049064,0.5559443077752222,1.0,7.860733823149562,3.800016402276174
30,0.49461719021410483,1.4641218041956503,0.7379848027159162,0.9233825974260381,1.5736192270968066,1.0,11.630915483110101,5.060868505257487
30,1.674406401324502,0.7701636551507962,0.6300843084098506,0.3436057569951765,1.2263038212127269,1.0,10.942776335246352,5.4198267613813
30,0.03585142205326908,-0.6885554976438573,-0.084339329754751,1.0355530902286838,-0.3894615698898589,0.0,1.330320527951228,1.9262839101600906
30,0.19843822914796527,-0.0014764826425566202,-0.8400435159920576,1.277200925951215,0.519533231645114,1.0,4.9283902078930835,2.2439636247791395
30,-0.8304730782794649,-0.8213399356875379,-1.2244253690447062,-0.044948763209839204,-0.37530380345128966,0.0,-0.14654215618267386,0.3733417635722409
30,-0.29498166156207883,2.3283375323534465,-0.2864958979972758,-0.6770488693410561,2.632332992159184,0.0,0.16567840614019502,3.1234951700586553
30,0.44050327049302795,1.078676734479577,1.636402690922549,2.5861523744297603,0.35101732530312424,1.0,14.692997559454332,4.455977516666046
30,0.0777314878878641,1.6654233070676503,0.07769767811212469,0.2503819970199171,2.5430235315378114,0.0,1.8432654407815925,4.4335678860580465
30,-0.3106782644009638,1.3184834110963468,0.4264517168632821,0.9165664006665,-0.2959406443343332,0.0,3.051203459130978,2.528256372278253
30,0.5004874130384621,2.5156883778015517,0.9516741057193848,1.6956264522277287,1.3185470847143446,1.0,16.7180203594982,6.330402616397679
30,2.3910916141760596,0.5087377702331921,0.4223792460169611,-0.30566229726919325,0.520543799384746,1.0,8.236205200412888,4.897099876872887
30,-2.006040527227916,0.016469425563904738,0.713282875000884,1.1436029674506272,-1.6871789029624105,1.0,-1.048389466055668,0.8132474882827465
30,0.40630756315198424,0.9350821396459104,0.5757691967499674,2.2817531341025727,0.8438776192522484,1.0,12.25029377569502,4.7400995102064325
30,1.0642257573592602,1.829057234533444,2.314511173674223,2.1815602702545407,0.09408569032445518,1.0,19.78005647137182,6.011223333419032
30,-0.26745870976720776,1.2149504023855617,0.6040960423245688,-0.36940641640310057,-0.33185272861252,0.0,0.5324173264802371,1.9232311262677022
30,-0.15814951814429046,-0.8897424762647583,-0.5878604081177619,-1.0297246777763225,0.055613796783774205,0.0,-0.10587682950420915,0.667909863892656
30,-0.0036399812420512268,0.4662272660941493,0.6743326321685377,0.40582935211867577,-0.15018751876750203,1.0,2.2969713956739923,2.4757076302958754
30,0.09400143471933065,0.7060668077876125,2.7874558061453936,0.353747783705045,-0.1424617540154235,0.0,4.343528392016772,2.027830169105017
30,1.148805751958161,0.9330612751820166,0.6367165676988403,0.8638487447866163,2.0640154288203996,0.0,5.674467982136417,5.699182325580511
30,2.0808261196121807,2.014562460926397,0.2677610587340477,1.5825201790341918,0.3718788598906518,1.0,16.576348151796708,9.315094203649739
30,-0.3058221529561428,1.9845432047865248,0.2711709662107167,2.0976078465136743,0.43354785981648986,1.0,11.034422916354307,3.5970644888580265
30,-0.16068693188195726,0.528521546964907,0.163796974407993,0.9536175466894747,0.07977378827218623,0.0,1.5097598743820428,2.684200197660374
30,0.24368979382270628,0.28064740874585614,2.0742390801216395,0.421436966758,0.8853465204860962,0.0,4.098404367846714,2.5386268024258998
30,0.15223987940075984,0.3019066362125836,0.4650426145643495,0.6395085029684977,-0.1714187442548949,1.0,4.588597469103751,2.633404129785749
30,-1.215134690716876,0.6686649874978547,2.126941259843168,-0.623080277104,0.7604521086026589,0.0,0.20409342254068963,0.5184876375699718
30,0.15057101274141732,1.0338258445029564,0.2675608242274565,-0.7819561651012965,0.6399219029173124,0.0,0.5525339594763221,2.7750445476140286
30,1.1406187951255722,1.2885942106938,-1.3637649169266766,0.7084083007100872,-0.11890436114548353,1.0,3.9056998645531045,3.502826402895802
30,1.1502831604267234,1.3067047190580912,2.1906588822335538,0.23423070112208527,0.8778502938346978,1.0,11.454109253817407,4.802021020438205
30,0.9911000408444419,0.6221557803504871,1.643397686957106,1.5139626565666904,0.7978196779248643,1.0,11.399063460867634,4.328298943450254
30,-0.07409722949059816,1.6948662286509935,1.5636874720309013,0.9551595968324179,2.3826932514264696,1.0,10.572115562162695,4.142678562713725
30,-2.332863335145549,-0.287102159877063,0.8528024149435447,-1.554319489512232,-0.15252031598635885,0.0,1.5862952532301746,0.590643817039231
30,0.3083747723427779,-0.5646619771635772,-0.022153681160899663,-0.4213395181116175,-0.04703852248278817,0.0,-0.8323987446805289,1.4522176452951236
30,0.5945045247253232,0.988116383712807,0.005321128336872927,1.1644365261061176,-0.1817465653540179,0.0,1.775132740063085,3.872741502666055
30,0.5946403380044875,0.16956503793160282,0.29933187905671577,2.04446189455443,-0.8358401104531907,1.0,8.976358516536022,3.19244345014235
30,1.650736615287031,0.00433304618907987,2.0037954788979704,0.9556486820959398,0.799791826469733,0.0,1.923198398449348,3.2947104924447927
30,-0.9020492705304484,0.795533388000913,1.8480444163150587,1.6912839311982084,0.2493059367858902,0.0,6.588255219093627,1.8497390216077085
30,0.6982982161174311,1.4038067330736594,1.1656354893850365,2.037706031451582,0.5624851353106674,1.0,13.746922774745126,5.308408121470892
30,-0.2821598799240389,0.3507956690299243,-0.9069268477802856,-0.5007020367906776,1.0951000453571778,0.0,0.2400209037679592,1.3952421237482235
30,1.9838900719403025,0.9475743856558099,1.5077468338284852,-0.23494762377973655,0.11835183632963331,0.0,2.8435811876385206,5.104198896587234
30,-0.5646399679867633,0.8384359929253279,0.8664964187663338,1.0128778420238698,0.5756946800133272,0.0,1.8441458914267814,2.5385184833031564
30,0.3868678104435027,0.5475768950975929,0.5297503555310128,1.0765261102796626,0.8933997419204736,1.0,7.357925095308758,3.7918335783218637
30,1.1928082009103682,0.1831286129668655,1.3193728472743775,2.0728795376158953,-0.4360661016673396,0.0,7.694273423371351,3.6332817950399896
30,0.4731202776523034,1.36785013146058,1.973603595680437,-0.0699450829837639,0.705486713059135,1.0,6.583863561358187,3.4802129810900486
30,0.9441403488057323,1.8439073474735452,2.6410775098129493,1.64468930301372,2.555393046391688,1.0,19.227679848297548,6.678175631582723
30,1.3893105482015313,1.0898538157532038,0.3604371016622099,1.79787663279464,1.0606603230264147,0.0,7.0335319328274775,6.298957367567311
30,1.2709797158095744,-0.6743660076396851,-0.21110207151631377,1.6645534553485402,-0.10019581367767305,0.0,4.4921218109521215,2.095629705534087
30,1.96702517515885,0.6691006843020526,-0.11564207087445244,2.4233834412931206,0.47873953754272164,0.0,9.072274412232876,6.020762178496037
30,0.6042015044807924,0.3461184970224579,0.9696540122453509,-0.41982199065267845,-0.3082259298093295,0.0,2.145530940909203,2.3706732609480525
30,1.808109514218138,1.5448512275113095,-0.1562237311580319,2.065431509004548,2.2578977316820565,1.0,16.572983028302424,8.54111519944508
31,-1.3188067744562677,-0.549780481299778,0.29025662055594653,-0.7057205590044784,-0.5988421265138606,0.0,-1.7999756541008458,1.241778025585129
31,0.9582465122295847,2.7074590567844887,0.37121027306771015,-0.07896929046021584,-0.8535395227439138,0.0,2.735269198538284,6.078505722083429
31,0.34400048351501156,0.01163143445379694,1.3054855503156126,1.347311639424314,-0.052708459720820056,0.0,3.605125686338198,2.744070726616478
31,0.07614570317045716,0.2574748637195907,1.3709342737254315,0.03380688949849969,0.3206369943293589,0.0,1.344671692440396,2.2476390984973973
31,1.8469626584368763,1.3961437525805498,1.4455925725473389,-0.6857101544098669,1.9377455461857638,1.0,15.12919981833471,6.673869459781498
31,0.1957413582441042,0.3073250742238207,2.4603664872265174,-0.026397052472437732,1.2865403597431166,0.0,2.616862622786254,2.395143211378967
31,1.6907253118602454,0.6936957593838201,1.7871090237427478,0.8309917238568085,1.384954639768286,0.0,4.559606892141954,5.1519574903803
31,-1.2985421422664183,-0.03711556580870434,-0.6866944088522606,-0.5068175642901176,-1.7856505272157426,0.0,-3.3996421706172995,-0.3358680487129049
31,0.30645024223589284,0.020371532738959197,1.3394404323703235,0.27695269367948616,0.6521942949522648,1.0,5.305984872544323,2.5332449615355155
31,0.4654909318822509,-1.2012750635050964,-0.34815409716386525,0.06443603993598307,-0.7181160106247395,0.0,1.7647812334698667,0.5120123196388114
31,0.23853866588644068,0.4739737584814004,0.5027021646681228,0.6387590710379566,0.3474493987675841,0.0,2.423551777862321,3.0900564702319215
31,-0.5398329656338021,1.9072171149675843,0.21478797290914436,0.4573187014349455,-0.2276828964369766,0.0,1.146644541981141,1.8533469000208154
31,1.4315925951053359,0.860285410664268,2.84263900351991,1.6999402277169402,2.3063017250319167,1.0,16.83881328668023,5.846312520960693
31,0.08353497544661859,0.9685331213716659,0.447131967054881,0.3362289947973207,0.8007900780917533,0.0,0.704729973709068,3.3007068516562574
31,1.4168650331356498,-0.10139683094179663,0.05351931077975064,-1.5507748011427553,-2.1049959360334816,1.0,2.072916724140511,0.7115109471669173
31,1.3448762153548857,0.9871801236308793,2.018815740040031,1.8323805857063555,1.8418854712112729,1.0,15.833752855202654,5.907022867965718
31,-0.8295854736671309,-0.2959038923259425,-0.4293949582766563,0.16669212246674686,-1.567141780816267,0.0,-2.3860417589124587,0.6770283868787148
31,0.257928511047416,-1.5278881762820644,-1.0149703692216805,1.3088352455085048,0.8806390078407278,0.0,1.002393005291847,1.0858312891777657
31,-0.32531103113008775,2.2703042000283022,0.48111942193136115,-0.7829955282275984,1.1312959816557346,0.0,2.533565254049862,2.5351289632403446
31,0.8730439510452812,-0.52005060957991,0.49682851312588017,0.844652620288505,-0.801824554607732,1.0,3.6956741797353336,1.8713965588457375
31,1.0472954686459426,1.0239480154489633,0.32717614153181507,1.2410199325029099,0.24592053747771636,1.0,9.15885386651552,4.9620097865225485
31,0.3642821157309889,-0.006495719489452378,-0.6739289015462855,-0.25575684854329117,0.3389011050064096,0.0,1.3150438217963256,1.6625104308607925
31,-0.515184635801283,-0.8539756374404222,-0.5314625078358577,-0.593166173699128,1.3276472048964476,0.0,-1.0852083143389537,1.7189510543818796
31,1.5265593079876396,1.356348247965189,1.1809571721126697,0.26247840818748325,0.020301808572737057,1.0,11.27349606267869,5.623908158131036
31,0.21386144575022564,2.6481579232663526,-1.168629327590937,-0.5336554894648118,0.9035524054910448,0.0,-1.8917559154358552,2.9893957256263057
31,1.199467653651645,0.7211064836793515,2.2596574715214777,0.5292334058320848,1.2764251661814838,0.0,5.851339157814274,4.22223056041589
31,-0.26723071602752835,0.08549889703062274,0.3970452183749894,-0.6541146767239836,-1.2573012661318839,0.0,0.33043613318053366,1.0513084145123508
31,1.6440940473825127,-0.5716779730292234,-0.04954003935203044,-0.7483292858454618,2.205491821640665,1.0,6.288231168741596,2.2989000761167255
31,0.02856993666202451,-0.18156213027944423,0.8963629884989721,-1.1776294113999948,-0.19782886539588196,0.0,0.4948110310855844,1.3032238601716193
31,-1.0084605609642787,-0.9263010564343626,0.2168918654178597,-0.6815683380998654,0.2658421794213524,0.0,-1.7612094425435214,1.8439111491156632
31,1.9570488580871956,2.2191761852377416,0.9234959155797311,1.0961691613806757,0.9043378644762539,1.0,16.27712957451543,9.496185315815433
31,0.6199465957861026,0.7918565311612171,1.8990536819772683,2.459060378529214,1.3992568408212662,1.0,16.373109562603826,4.753101853568425
31,-0.2508841102966535,-1.8062959017606786,1.057197957612694,0.5756863629911628,1.420690514543839,1.0,2.1049716557150964,2.442682888317082
31,-0.4917849389961704,-0.15594383773333975,-0.26753529975652235,0.3233624418363692,0.04928235035929823,0.0,0.35791136353246455,1.7698065699877361
31,1.8808617642801175,0.09758035053151609,0.67325975281836,1.4236416875153437,0.8537859811695476,0.0,6.604488875706417,4.429893162625335
31,-1.3449478818898462,-1.4266910061127485,-0.5435976390724426,-0.27958464056477095,0.6040669671701003,0.0,-1.81374244494447,2.279301405510841
31,0.3754710734015661,-0.5135260615787598,-0.4901159986348752,0.3099549335801587,-0.5493464696063273,0.0,-0.049421749198488074,1.255682817733709
31,0.39145624574320315,-1.3489409028250152,2.034509779113523,1.5283988822041574,1.617737943954887,0.0,0.6949612264768137,2.1362571459617428
31,0.4932855487918104,1.0062464247701561,-0.46792385166865647,1.9892198388635467,-0.3259736042777759,0.0,5.583112246468165,3.73630062322394
31,0.5936801320083618,0.9656219167429698,1.5522717189585367,0.9111795134333502,1.9345139194228358,1.0,9.996753970869554,4.5704276956522465
31,0.6188910340550111,1.5124519865205377,-1.5236737020267594,1.6820290914053246,1.977572530941904,0.0,2.6887642187785366,4.1167836314225035
31,0.03724259166672278,1.8256380305989097,0.9533406058133085,2.4173629298500323,3.0318828111943623,1.0,17.694859575101493,5.779687524534457
31,-0.6521978500063015,0.03413746562301423,-0.45328397833258083,1.527792439959189,2.8811258072913093,0.0,4.9296687712985605,3.5455363926763335
31,0.3335224334790977,0.777765270860642,0.9402862399293795,0.19155044105292068,1.645051834064658,1.0,8.665618251777582,3.793047121005306
31,0.9448360153833455,0.10126133728499476,2.124916326580668,0.7343923062656895,0.6381312405649943,0.0,3.8167020809054533,2.8412487877748003
31,-0.06406824259130339,2.5038433105550664,0.5909698262167935,-0.6492116726153188,0.04885533562906341,0.0,3.6088632947658827,2.8851781528686677
31,0.7160641351251416,0.5502589783060553,1.7570344218272471,0.8254020479069029,0.7289653808978667,0.0,5.551768196562604,3.497719840704923
31,0.7788166373007199,-0.7831233267325031,-0.182140303394687,0.8623283304225965,1.9615602396549172,0.0,4.084466443105608,2.692269574741631
31,-0.8413825571522304,0.5191592684730223,0.8563842851700898,1.2968540143809197,1.6705033062760448,0.0,2.3046275245123002,2.969120945702463
31,-2.2505824150138514,0.8719865834137379,-2.034088745805086,1.1304336701815894,-0.1855245774116705,0.0,-4.02242060233357,-2.643261288787449
32,-0.06491881751440243,-0.8295650868749405,0.5018494744386036,0.06146828949231786,2.142450495008723,1.0,3.097541581605709,2.8361909379737185
32,0.41307378898835156,2.0787258686640335,2.519264877222145,0.7192047674887905,0.09510218635750017,1.0,12.099270529066962,3.958829182245692
32,-1.1112119168583832,-0.9112357886987601,-0.5255800584263453,-1.2418631500357602,-0.47375967888222137,0.0,-1.0678300914058816,0.7457838342548571
32,1.7694298331792486,0.39022842011556036,1.7842249637551548,0.6672438563391581,-1.2729821089332312,1.0,8.173603535152225,3.1477423095955626
32,1.145150475100845,1.4989335980263272,-0.15010617602619225,0.5612894139287173,0.8871590929555233,1.0,9.037456316021983,5.676472929532702
32,2.03561553303666,0.02682239129091285,-0.1415867019695577,1.4864182693472079,1.5661547773032614,1.0,10.82123940831613,4.531305547324819
32,-1.7252750915664636,-1.1070693997727574,-0.2965453644503122,-0.015925797066467462,0.2672640826197109,0.0,-0.9971929842784668,2.4275751759225
32,0.6211257140595344,0.24500128612937494,1.4302281360690245,0.8711986095237928,-0.4831289976699398,0.0,3.694416563780696,2.6344946964830296
32,0.7988159992997906,0.30797514796620296,-0.5449944184975144,0.09801786682808694,1.9256111026034441,0.0,1.2435261345588149,3.3938585090012
32,0.9219536221160707,0.4005342464207511,-0.3138820193951787,0.6877700666483602,0.038567385346759075,0.0,0.6001934106912032,3.187887803294382
32,-0.11593805582416095,0.8575959964130688,0.5386931684868677,1.4420220384659408,-0.4584801484878194,0.0,3.621005411254855,2.8908983249077136
32,-0.35169463997784656,-0.1339730174784165,-0.4685159726879152,0.2082181771466166,-0.9093649976519269,0.0,-0.15987116839767235,1.111691768622714
32,2.1706894969708443,1.1149224478809407,1.2354383223813097,2.463221975124915,0.7099167994198261,1.0,18.870820072964882,7.596352220298161
32,0.6576689906775256,-0.14294335026505267,-0.5486588857323254,0.9281335391484058,-1.071733953080636,0.0,0.26575139493897826,1.670448499960853
32,1.0751669894194158,1.8710368658650653,0.498977805368105,-0.13753943236089983,1.5613182620566872,1.0,9.822072308557297,6.32422948887104
32,0.09216354214303624,0.7676738391095697,-0.4439308221474707,0.9488343598992497,1.0784165504935355,1.0,5.254767091587414,3.1954006604066456
32,0.24451336430925374,1.4719964698578707,1.9107895455846533,1.5732902405662441,0.006785428032618113,1.0,12.434361745722855,3.630129634156061
32,1.526160733052459,1.1558329269142744,0.23557918896031438,0.5010445830168928,0.5503609197195264,0.0,2.795397392570023,5.7208553209911255
32,0.5102688319365141,0.5829926957199494,-0.44147252980530616,1.940212032520139,-1.3998221594272988,1.0,8.498778713721515,2.797695911327346
32,0.49357895632878485,-0.42573984547666865,-0.4711173871995249,2.036371941750823,-0.2189741551698059,0.0,5.036050746377418,2.3879852088957763
32,1.4396788764957758,2.7863544453095237,1.9359268241328609,0.9804400144569181,0.2860752709963954,1.0,17.37791864691797,8.36862216093658
32,0.8991854574544738,2.2560068289961155,0.06716095046403281,-0.6673706313995393,0.480981342816679,1.0,9.411510147613996,5.5442960576832565
32,0.472274706233182,0.44708555539675154,-0.17474662700810195,2.3333723343205275,1.2803547917420146,1.0,12.559869972345586,4.37508820127381
32,1.0505063760342521,0.290003875838182,-0.00016363864604684863,0.4205248084089395,-0.28254430198628977,0.0,2.0499468954633584,3.043814467078371
32,-0.16095802336512288,0.4659602822968301,-0.15359247295405987,0.3289629109470643,0.595117087756195,0.0,-1.0123932279835168,2.4509726925122415
32,-0.015239433496590404,1.95577574133667,0.3455162729638688,-0.30229504801396245,-0.001762719968785409,1.0,3.8746403427437124,2.9020932174635163
32,2.668841716326916,1.4585167438921722,2.494973521721259,1.7121589259910193,0.31385482494672895,1.0,19.884615751372714,8.418597896137573
32,-0.5608845315975766,0.44256274197001555,-0.3418155094798607,1.147024418851648,1.2343710020945597,0.0,2.4215677761238386,2.6545501278762953
32,1.8035663248835205,2.2036353327434908,0.38393618661009804,1.1903280017347178,0.6168654171238643,1.0,14.456173714161347,9.000765543015351
32,0.8174625773085273,0.8995177060839565,0.9022941117990086,0.4159805101491536,-0.8099177416825603,1.0,5.242709078052391,3.4678019387701364
32,0.9380716211198703,-1.0847405264096306,-0.4313682244076109,2.010278376695097,0.1232119633359488,1.0,9.275408907350698,1.668556827300382
32,1.8336485153075255,2.0647304011654404,1.172710429651115,1.4601707665238977,1.2724426188983702,1.0,18.964145602461457,9.075495824913073
32,0.28837797010935623,-0.7935808127665749,0.6764112006943106,-0.9755866185963957,0.2925166629554991,0.0,1.6265459264605528,1.2950422958087493
32,0.16697007340083614,-0.5445689038826258,2.1043937962442034,-1.4627533182394916,0.4124668345338638,0.0,0.9062641889428118,0.7386935458374151
32,0.4396640352660357,1.2605248355466254,-0.4972230558151566,-0.8919428377043326,0.8573041037773508,0.0,0.0019199466996318026,3.0172814907242795
32,0.049510827471838215,1.0023345716672762,0.40228434574345373,-0.46366940902463716,-0.4865885688987531,0.0,0.5878185666069256,2.221731323014805
32,1.535969046228304,0.8514301811556125,-0.03748334443803991,-0.6173820779134398,-0.8263729948689738,0.0,2.149154193950351,3.7601483900534993
32,-0.26413392477266273,-0.538343048289023,0.3669822838013816,1.649897015452613,-0.012712351341544137,1.0,5.107247373039391,2.6764540011724836
32,-1.549195810482372,0.6561585029299244,1.3944910709168248,0.6325528849309954,1.8009716542907521,1.0,4.271162519072905,1.6263644565600894
32,-0.2030349790871092,1.8175607132357119,0.7634877640852517,1.2306190093847618,-1.120540220074876,1.0,6.729329282745884,2.597446553880313
32,0.9268453755832622,1.5263818659307196,1.5579321085185394,1.5998521507596888,2.828590644138864,1.0,15.224764398709425,6.6473849097443365
32,0.6927137821406817,1.5043902470716095,0.8130770266422414,0.4716008549331907,0.09819759928506999,1.0,7.779633371727797,4.519368134322293
32,1.2300611037514448,-0.6666526559965471,1.0472838553101278,0.35075461669729846,0.7719679818245402,1.0,3.090950184333537,2.046609205522712
32,1.167244019068167,0.502693624954763,-0.06921013280386823,0.7980278173466687,0.5288562129402332,1.0,7.077778293066908,4.048177832532252
32,1.9997961799696355,0.5180101835078231,0.4849900803128302,1.3709616533001276,-0.2746257281323734,1.0,9.772944826470008,4.97016054434942
32,-2.0169875111458393,-0.3863197326921741,-0.29189323048018645,0.5118734476800291,0.25761072979852295,0.0,-2.8449822456875324,1.774044712770529
32,0.9094490374304405,2.2174994522134526,0.3469337830030053,0.5994455585837781,1.7164955911581734,1.0,11.950264445265635,6.852034147957324
32,0.48964524511600477,-0.15637893559562943,0.37736065185460843,1.1985696993896287,-0.04745542131841596,1.0,8.410898394862134,2.7839408055546024
32,-1.0548045525394314,0.9848627802196921,-0.4727221919225001,0.2592518442192548,1.2429445754508122,0.0,-1.1604372686581022,1.331260626436559
32,-1.1359714314951865,-1.589050347801138,0.7510597530631575,-0.28433881335412337,1.1226198486257746,0.0,-1.9319467717968197,2.968241392202688
33,0.4444561161000624,-0.8412482559721022,0.7337285563226876,-0.36863816244860004,1.530013315465449,0.0,0.9550720259682995,2.1179406195699415
33,0.1072895369595992,1.2286256403081435,0.8605889012843719,-1.7666994465975683,0.909401264213489,1.0,7.0798272321838915,2.4534126847263824
33,0.0023111194400775026,0.3133518093228805,2.1423008912266925,0.9135785595673531,0.4324292367292115,1.0,5.687733611201502,2.3618118698690616
33,0.29321250386839026,0.13292815246555711,-0.16153745294418176,-0.08218527440515133,1.7245272122882978,1.0,2.8970461013984887,2.9794299394970656
33,0.3986172269364083,2.606418902100754,1.0104042708474599,-0.257677094474825,-0.671567324454948,0.0,3.255977770442246,4.11357979396136
33,1.4492823661298964,1.3373573423698462,1.3584640319374715,1.3823496420565031,0.9935466995923027,1.0,14.095415406510062,6.409448841835973
33,1.0036749919685581,-0.1742310963528777,1.552506874053554,0.9350240222261264,1.3466595360050568,0.0,1.8239449309817788,3.175234202826526
33,2.046401262712882,2.4661073791568433,0.29782700806691675,1.5852857423582272,-0.611401594972101,0.0,6.691991256283171,9.894731549500976
33,0.7752491395457444,0.41906754690233744,0.504750084541033,0.9491796499834366,0.02527771457763489,1.0,5.149937759346184,3.536939180975411
33,0.8343758582030198,0.29506195826463044,-1.1351879664521913,1.5171280897404325,1.0461770496286165,1.0,6.816305565870917,2.9469320964622296
33,0.26050943839479446,1.2424454061452257,2.2319341848431984,1.0435891632055063,-0.44651319377846943,1.0,7.57477507137178,2.875635900505615
33,1.809063736799586,0.13782012170267943,-0.70900312956853,0.6649018373276344,1.0633581124796994,0.0,2.8515026613185297,3.491407016628334
33,-0.2922610917920583,0.5813731148753127,0.6552813236819082,-0.4061042731786194,0.5945304202389644,0.0,0.5946368296894212,2.189373531421362
33,-1.1979358149731416,1.128324908834334,0.5263068355773384,0.32028974597227405,-0.5305881909428449,0.0,-1.3272322689478637,0.6362061229297462
33,1.5420301109369094,0.4022066523410732,1.2129689125140661,-0.2565753369908954,1.0047788736909724,0.0,4.379560987794249,3.9231594623865336
33,-0.16780858397146792,-0.350260934254914,-0.12175992417881976,-0.4661858844375256,0.3305136086671936,0.0,-0.6641641389934918,1.663622346335457
33,0.7130961675742263,1.3021306631388845,1.5281249791887226,1.3088512398121757,2.556088940829337,0.0,6.728653738416391,5.675348779978107
33,-0.4972100183036021,-1.7418396995218823,-0.15115429273435388,0.4376113101325645,0.1879727737228899,0.0,-1.5529989293160904,1.972348109437698
33,1.4745751905352966,0.020605690387286157,1.9795327430463754,0.5176349983278067,0.963280552697972,0.0,4.757023779166877,3.1107490762191814
33,-0.1368083524489626,0.13029797124305104,1.1021131653585419,0.48870989729981584,1.60940951994665,1.0,6.8753122950516214,3.030747091473906
33,0.4742248387167959,2.317953714699456,-0.19977688200976518,-1.6617354736625058,0.3735969831319025,0.0,1.245936595070181,3.731473697092312
33,-0.8585583191869042,0.3281703229656693,0.4538984068281515,0.6078384276667272,0.8640962073287957,0.0,0.8474489488486484,2.3147137536504143
33,0.9604981987191448,0.1798525843189352,1.4491645179466397,0.9566468045438268,-0.21358967288012876,1.0,6.8444961693570825,2.9603664206992675
33,0.5229705109980248,-1.1789435167090971,1.7718765718280545,0.8781244407421436,2.3011463562528234,0.0,0.3723022080174877,2.331306561459302
33,3.210052091173451,1.2164692985930157,1.5411644274829748,2.8201668386714127,0.09648088288792478,1.0,23.413965338282996,9.376724148324646
33,-0.6615874822761831,-0.18589143014301646,1.6362261827890234,0.7168442880078465,-0.4867608189004433,0.0,1.481272248226671,1.567015631920065
33,0.5030433066126332,-0.6375981417595096,0.49001658123663283,0.16612892242209382,0.43680223876738367,1.0,3.3235205564617227,2.040782031048454
33,0.9520764725686403,0.32982788888078035,-0.7305119557661495,1.0885883944322696,0.7012213492853377,0.0,3.1840392377841176,3.2294553446510665
33,1.2918976643580844,0.5088273726165496,0.21235259257605615,0.8315656732564378,1.2978291782573437,0.0,4.3343730128706275,4.706126922192162
33,1.9724350199217617,-0.3219515088386936,0.0303362523634349,0.8113863946204934,-0.20770986926832302,1.0,4.663724999537999,2.506759604833201
33,2.1800513769415115,0.3986893299512307,0.2953276312034319,1.7214022376322053,1.2903396363192674,1.0,12.017430038720127,5.768775164279003
33,0.6272082145148353,1.4854409770292727,0.9573126715368686,0.5421436595851292,0.36035391865784383,0.0,2.778299658579753,4.493629852969467
33,-0.31434036115384445,0.5681281228608088,-0.44213589994817626,0.029460434928638368,0.8718656596275275,0.0,0.6880655387704244,2.0817432148973043
33,1.2151779146282293,-0.10758649319921954,-0.6895194121696029,0.2973848583946515,0.6427798957025506,0.0,-0.13686763570825144,2.3199334891737284
33,-0.12814508073993403,1.561326653419394,0.4927586514511137,-0.22460925763956185,-0.04411420023581303,0.0,0.7548955307496477,2.5095632631872213
33,2.400534668322594,1.7101409737933841,-0.3426004791152013,0.5711200401550764,1.1431071632328134,0.0,2.6609212176368104,8.788288131108322
33,-1.3097923138915355,-0.9940773295795347,-0.9361288907761709,-2.9525551973970354,0.5125206040403237,0.0,6.810492788227146,0.05492802560491805
33,1.6671654142348953,1.6052088799673598,1.0200986638861214,2.6021001755094404,1.0628936051238314,1.0,21.387824975914267,8.178163973080716
33,1.438273984879044,-0.2700991845820825,1.4158367017494304,0.4013278244252457,1.208955509467736,0.0,3.66274848990847,2.8630109956929246
33,-0.7844056926861862,1.226548331121788,1.3077800927899066,0.006259178950272004,1.481229715135186,0.0,1.7749947870401659,1.9165885557395503
33,-0.1180824317132273,-1.1414777387235002,0.6278278309381138,-0.2205131527355998,-0.3691670949740187,0.0,-1.505497535475847,1.3333874965880474
33,0.022927026070847234,0.5614295501638608,1.162309104186012,-0.3998261017421676,0.46683022259742785,0.0,1.2877061460792556,2.3169282833317353
33,0.8969551343335405,-0.3765622717985496,1.0462919734627065,-0.9340744044219216,0.03350466018688114,1.0,3.5770351920067838,1.4960821309930337
33,1.3815280523460447,2.617445757102555,0.7365402125290075,2.571296838887847,0.38937090081712544,1.0,21.303812999926784,9.204962646938839
33,0.7209780160793167,-0.33968999591294935,-1.4012901525678005,1.2248337486788252,-2.449112757027946,1.0,2.9001172445216703,-0.19835396841182307
33,0.7905186628170405,1.226392293169569,0.6278443622474668,2.193738864214389,0.7952273264897544,1.0,15.838611591599625,5.595642362805236
33,2.038561010434714,1.508023913520656,-0.8619447316765143,-0.3197767096397982,-0.7036555788684353,0.0,0.7226309885590207,5.55576513969409
33,-0.28369545512340155,-1.5771774145891317,0.46935130287589066,-1.4124554916902041,-0.4455476858789963,0.0,0.25012887463976796,0.7145375788553812
33,0.7444863999002332,1.0318599435994984,0.1688617150689245,0.10758054322805688,1.761392663638266,1.0,7.3510896728792865,4.66107303340829
33,1.489994382385743,0.992328907030497,0.06544627071883174,-0.5602771594403666,-0.09522137761541649,0.0,3.5934095580142227,4.422559165622987
34,0.7155867225601341,-0.2002911502353597,-0.49977374489141535,1.4606049585427505,0.9385332231789945,1.0,5.836664362447899,2.9416953287272456
34,0.6087370542946716,-0.24301816463636905,2.383667690780406,0.7707260798234508,-1.6099065970921647,1.0,3.20977127264757,1.0809048830605157
34,1.0286901084931044,1.39710910632861,-0.841867129103429,1.763205132441791,1.5997838736865038,0.0,4.75142416611964,5.57672418245288
34,-0.49631614652147993,-0.5359367490826772,1.5405415636146123,0.7770822547295709,-0.7506223377203776,0.0,0.503919237303432,1.563618502365562
34,0.3649409146279357,-0.29919963997250243,0.7530769587454982,-0.2519154302220379,-0.5267559936835784,1.0,0.47768041554880236,1.6404712486256643
34,1.6008884698925931,0.9125156818040496,0.2528445346957208,0.7035244978649495,1.061834982470364,0.0,3.256412256926043,5.69484467055835
34,1.6249881674814313,-0.25976505937635963,1.4064153774517343,0.8799364513770684,-0.408686341893006,0.0,2.2632198772570695,2.362970806334734
34,-1.0871542362618807,0.19215831088677005,-0.2924573510618338,0.39311322654128267,-1.90922818079375,0.0,-0.46887963987848735,0.3968484609457833
34,-0.5043577597627027,0.49887503750489276,0.3157183274653831,-0.028975256554878648,0.2652728208748656,0.0,1.9515325535116932,1.9722286723961915
34,-0.5803547841382024,1.9639037708438924,-0.7514921886385584,2.0561019420323774,-0.6704136742523426,0.0,1.818305415111263,1.59978250496633
34,1.96615569198292,0.10544094896300255,1.2761734763562829,0.7451398985740516,2.2607894345215387,1.0,11.195339199407462,4.674542019116795
34,-0.24056084289137702,0.47484741534597724,-0.36132552285459707,1.2381614491707271,0.9288100042184813,0.0,0.7671304820739087,2.8411656110912564
34,-0.6594384513391884,1.3174247663501357,-0.054540405263823644,-0.5254202671087809,-0.6244823976623484,0.0,-3.0036908969462672,0.8565241155611601
34,-0.48692065724410016,2.7223390470573365,1.7545224254641316,1.2125444642643588,1.0571840199565439,1.0,9.44722260333223,2.6215773109021794
34,-0.29074910047156133,0.6926956095847084,-0.7366231452920411,0.8759432214524874,-0.22398461305913042,1.0,1.7567583667515012,1.697981677001898
34,-0.5360017326913358,0.40183706835051486,0.1299041738190712,1.5397757515925041,1.2129558466948307,0.0,2.8495785004253977,3.1504245004942977
34,0.6070749386693095,0.2930412046020937,1.1250589057693157,1.0038908202744972,0.6966498817798239,1.0,5.756143656384561,3.4718792141427874
34,1.7962771705067644,1.3419258526581073,0.1526180361183534,0.6383000801484736,1.7164923762746724,1.0,10.553398869687825,7.22165398687799
34,0.22501441866263533,-0.7903419750273211,-0.5122529132959617,-0.25414626150695274,1.2116092720806906,0.0,1.0397497837260088,1.633745403108866
34,0.41493567151230215,1.0167771550683837,0.7181663451563102,0.40224116457054804,-0.21857551411762688,0.0,2.368768337402777,3.3416830711784677
34,-0.40055120269301825,0.9281530071488838,-0.20786377564811764,0.250792621393941,-0.6685584576613461,1.0,1.2573008803502743,1.5576872928745056
34,-1.0180781299496675,1.5846638041981185,1.6648248016715104,1.2425130908128388,-0.6178650775769969,1.0,3.8541692432914396,0.7208277025926606
34,0.49030075676104146,0.23223295706970593,-0.5755901288696794,-0.5408625824736799,-0.1765844045886018,0.0,1.0469767730478496,1.6674835172492584
34,1.1705236708417814,0.7077058185780284,1.5319282629940965,1.5291794186750118,0.5662125628389826,1.0,13.082136027003738,4.620019557640425
34,0.5341298456247732,1.0357831420619845,0.3918154408702119,-0.9113081086334354,1.5057428721986847,0.0,3.697419715090916,3.755541612311634
34,0.4417962018104615,2.573884974231374,0.6072655085703058,-0.7517912682723473,-0.40224625204757425,1.0,10.461890164074589,4.192798640277873
34,-1.3120012830244634,1.2521067111228756,-1.464500134734249,0.9603397798407696,0.4591118323637878,0.0,-2.493335394232104,-0.589141024904239
34,-0.7059312528109087,0.1494688071191247,-0.7208569323731819,0.6396910879013198,0.3439429529169865,0.0,-1.5008976414092334,1.4988830342112767
34,1.9118991895592008,0.08693647760552364,2.1669671975061924,0.4327248623841746,-0.29173325171589615,0.0,0.932755563088044,2.7581329938590406
34,-1.0431865068972448,-0.15641384191498742,-0.8147997711371104,-0.46288497788293004,0.3530422947655496,0.0,-1.5901521103862206,0.7870614992203993
34,-1.3294871975418854,-0.9766474029382817,-1.5737886010730198,-0.31320613505822126,-0.599783559032832,0.0,-3.1446745929319606,-0.10100849891594499
34,0.747248495143563,-1.6709636098319254,-0.7223160796498898,-1.618350265891276,-1.3107461621266043,1.0,-0.0006305861485997322,-1.785912327405195
34,1.493430918507383,1.4597393188536798,1.965347167732965,1.337756990968641,1.8154734080741246,1.0,16.389655316353032,6.831500156070565
34,2.754233642298425,1.7577312998614438,1.544646363118491,2.3289149902416373,2.8791945437513498,1.0,25.8306610259413,11.49971008329933
34,1.632878387723876,0.5247753519693596,2.19790982466935,1.2122313578690278,1.9432883573518243,1.0,12.962648847969872,5.0256260367160905
34,0.1947170632045952,0.21093628036203743,0.8480178061210168,1.0313595960997346,-0.019039567456345274,0.0,1.3953960509387209,2.8355395139641635
34,0.8809513581189146,1.0294804116906393,0.659931226652945,-1.9255632081213014,-0.799831020972094,1.0,9.98508266989096,2.6194409462473756
34,0.660648298372738,-0.3734784683376009,0.20008364825393793,-0.07816565115908614,0.5089061151994289,0.0,1.3174868719541593,2.1923090126484674
34,0.14015259065499863,-0.30356247344152476,-0.00136149685131437,0.00740936723364094,-0.529154762092088,0.0,0.1380062877779444,1.6141956188366922
34,1.446610928533568,0.6785191474913638,1.3609780869797823,-0.27653009043604926,0.4503925618315792,0.0,4.174176084826295,4.019820660504182
34,0.09031615894014144,0.08432733382472896,-0.1924429733139199,0.13507714612363358,-0.7793966216476276,1.0,2.386409568900643,1.6580965708264435
34,0.08348284699563191,0.7102291919499832,1.1019452416033393,-0.6493882361334768,-0.44088307968838214,0.0,1.6871588838565226,1.9138465880162157
34,1.2377379476429708,0.8486767096899102,-0.6589694135276847,1.2439668076777,0.9453960109045295,0.0,3.7715292604740127,4.649467081848111
34,0.2969659350872785,0.686962850042306,0.48746365772359534,2.1925864818177927,-0.5337227735057044,1.0,9.606385331110863,3.6526563283462137
34,0.47536583739738836,0.29464808401138065,1.329951591584369,0.9870650137241452,-0.3742335457305326,1.0,6.637911001241028,2.7349871885955848
34,0.023356861607128132,-0.04958512021445649,-0.08877106987728856,0.6273586269431991,1.4681928903751764,0.0,0.6788163952763475,2.985180376988647
34,-0.7393646793015387,-0.3865139666018873,1.0286571166933882,-0.2401535888414591,0.46066511584804376,0.0,-1.973749067065168,1.8633894067902403
34,0.4647857051715638,0.32123044062211875,-2.3426679540220268,0.29760312554032375,-0.7657644148517071,1.0,-4.01755227810295,-0.5605809116250126
34,3.3953719317335023,-0.6510432695541606,0.1510140623224373,1.9480980974518345,0.02592179393766736,1.0,9.13670495947079,2.212766294152095
34,1.07211322075526,1.0141330103404476,1.012320539167688,1.2462604021767305,1.543333036948656,1.0,12.163313508322888,5.561239697350544
35,1.7342314687376763,0.01071677477008659,-0.6392085992172327,-0.49826869355349546,0.648127355055407,1.0,5.318789963919752,2.448952648538227
35,0.9270199436744361,1.121648741382565,1.2151872612571237,-0.2086722613998041,0.2841718669433518,1.0,6.8143611969711735,4.05762991788003
35,0.4450946939050033,-0.12862079086412204,1.0918847392353035,0.4927639260884802,-0.9471067498081975,0.0,3.5785035450460816,1.8805729636409192
35,2.2038429674200755,3.286869067736978,1.3868088342324039,2.0987221448829825,3.241665959141762,1.0,28.09307271804307,14.535648975615203
35,1.1691565199731535,1.613264535646534,-0.14035655592217033,1.1878768750743594,-0.4189554769207714,0.0,4.069503194511232,5.581817877563795
35,1.4383219079492204,1.4572704293748417,2.3559165148357177,1.5123213392442096,1.8084512175254674,1.0,17.82555252469356,6.675254493230902
35,0.15154762954109974,1.388417562435127,-0.20068574858493915,1.0492851345916776,1.7011517587837366,1.0,7.097684793161052,4.235199668984388
35,-1.6797508146730693,-0.3808598186343437,-0.8602123168501064,-0.27737332386477354,-1.1675189925448697,1.0,-2.4380779486051103,0.10916850805769185
35,0.6644793435182319,0.959356708554153,0.3364571344353497,0.09597111066026132,0.15141551756774768,0.0,2.172140003685317,3.6852428695861565
35,1.426556029339502,0.6872955162060774,2.414551651784083,1.5906991131968233,2.26140728417749,1.0,17.056518066510865,5.42357595667096
35,1.396126245582042,0.48913609743602443,0.975326292043627,1.1268045581708666,0.22018213610025816,0.0,4.771706598797756,4.347581359099149
35,0.9838251396531534,0.4932641247443084,1.522251266134118,1.4660622955178888,0.7549885509291707,1.0,10.711430884233785,4.1440073307420695
35,1.2472111136482726,2.7271381533342876,1.9657185074954915,2.1157016986828925,3.4087018227249652,1.0,24.817151007997488,9.748816300538548
35,-0.9971108067694321,-0.8228075923666125,0.5457078067112782,0.11151247259568814,0.3246145886587614,0.0,0.10032990207846115,2.256148713457744
35,1.4599097679119337,1.3359138827966643,-0.17505864823012107,2.5248224133779473,0.3747910080400153,1.0,16.89604912609197,6.6952192646095074
35,1.158013448648909,-0.4384905828537673,1.2249380774650538,1.32999464041737,0.49358943925067195,0.0,4.522799276906504,2.715248749382264
35,-0.23418418838994115,-1.0533168102436459,-1.4867605839678142,-1.4377705271570669,0.021332098933866617,1.0,0.2076717276709732,-0.7647429954958533
35,0.5103656436829461,0.16643885050042834,0.22804865650635275,0.60849352114059,0.11767014412613164,0.0,1.5702028516337212,2.8745624824936806
35,-0.40543130232491875,1.7481889874112078,0.4792574729331388,0.5586053620882617,0.41436102961840554,1.0,3.1822541450273345,2.5760577987506315
35,-0.20165075864458226,1.7940178693209103,0.8263505348402393,0.03686726835910886,-2.1542360771206024,1.0,1.7803973822784034,1.466473668735723
35,-0.36200400686851086,-0.6005968198887626,-1.6856904579808694,0.18259125516922042,-0.8789073849381979,0.0,-0.4396388111971734,-0.5695267701644745
35,1.727337377549106,0.7843118115276622,-0.31533638113975015,0.8710778744595393,-0.3990134725150394,1.0,7.5033636057504,4.639651821351669
35,0.3900634645587103,-0.347623768429002,-0.5796015739676983,0.3124285176518209,0.5909369407955062,0.0,1.283259707629149,1.8841873893490284
35,0.7339014845942862,1.8526709069290992,-0.9701332688314008,-0.47368019693077246,2.277087788108741,0.0,1.9251826218616674,4.634790880580485
35,-0.13431560597981118,0.6892149404667489,0.3509723292944177,1.1138542421329292,0.33855145367424494,0.0,1.1023040527571304,3.0256052166790286
35,0.22862658962398735,0.1549932359931775,-0.7592781024701818,1.2051748455988358,1.4158784325787406,0.0,2.262465464119146,2.8834662281402816
35,0.47499401014394876,0.18331280302918745,2.101039649717559,-0.46061811026286315,0.6817395851264019,1.0,5.933117640773228,2.0715631853231264
35,2.7878970883863268,2.039157294291373,0.5592409294716814,0.9803969554491623,0.6058604213071943,1.0,17.857269882207923,11.018895102642983
35,1.5183697621567633,1.3867408276726971,1.245223741963546,0.41423776679051927,0.5394564897274498,1.0,10.842898464997509,5.977450978757437
35,-0.17448164078665684,0.7630242704031891,1.5227863847539256,-1.0060429277033491,1.334741070668883,1.0,5.348864174417723,2.134871352718823
35,-1.0315341972113674,-0.036883109060382724,0.5434472327097809,-1.4491882673943552,-1.6834069825776514,1.0,0.07667343509610547,0.06519476874629426
35,0.9242242570098029,1.0064893285638292,0.4459685844485157,1.2655582879838867,1.1416652258801383,0.0,5.251509858854894,5.224368001081312
35,-0.3750607647320473,0.19162398802712316,-0.6720228293615809,1.1978627452147639,-0.9098629326348993,0.0,-0.23255978126924004,1.4269633781806856
35,-0.4291562795049241,0.4339184268617987,0.34782385591962617,-0.8458273739338977,-1.1783649489892853,1.0,1.7028693644020176,0.9180947055410508
35,0.5128940113475676,-0.13902392650213125,-0.002618671380441917,2.330819392075649,0.007892788521708827,1.0,9.703564406324952,3.2836738289762684
35,1.6691203801650711,-0.26660334871361857,1.1597033733249935,0.9349557691130355,0.9896883226613644,0.0,3.1761009107682754,3.1980506256089227
35,0.4743996833456641,1.9226599058526934,-0.24716094599221006,-0.21869316168348296,1.4813402960906732,0.0,1.5209999593076833,4.587993048468999
35,-1.4530286528580458,-0.24155411913749403,1.1285763554122759,-0.024567213764960183,1.1479033526096076,0.0,-1.8081207349621975,2.0575968540977865
35,-0.22769491796315566,0.53624467444946,-0.30565803148473014,-1.2671289867426612,-1.6738338610432764,1.0,1.3720645111867438,0.3625133951584698
35,-1.1037956155326922,-0.2192034581518295,0.3529794942492744,0.13196690174027909,0.05366529097842848,0.0,-1.5169516192627206,1.7881090053889226
35,1.2045596595755264,1.3481220474110345,0.05665530582138273,1.5483348951088929,1.6425110291555316,1.0,15.307723351126004,6.52238042043743
35,2.017038396510276,1.416738908339155,1.3596951173075955,0.9507369133387761,3.015188780310767,0.0,8.572589119100728,8.446852624008283
35,1.5161114683876078,-0.4202953824640334,0.7193666661111671,1.1100550514219902,-0.2246623152222308,1.0,7.604661648441973,2.4652962836456114
35,0.8374999764692824,0.15424083801945793,0.7185602470288823,0.022900195636215204,-0.46127001270992063,0.0,0.49306219669593354,2.5178966210827145
35,0.2970046067399294,-1.168596555251238,0.49085007640474565,1.0939284537135212,0.5887245820787695,0.0,2.1120793837951903,2.185809493408111
35,-1.9018414320523092,-0.3149426106849397,-0.16032633446502953,0.5474038748024228,0.014220320324370372,0.0,-2.5627639584662614,1.6784030544694397
35,-0.08548473221065112,-0.020417788401050685,0.5526947521183151,-0.09748618303714351,0.102739381488608,0.0,1.4711060102156117,2.078881040017571
35,-0.06310617843818989,1.6716428216962815,-0.04114361012840573,1.0779807417383562,0.3872971603001921,0.0,2.75324036819186,3.4099981984576506
35,-0.30840682435139943,-1.8933914427753242,0.6793370077859059,-1.9907131917060146,0.3282021954428146,0.0,1.1136878432629211,0.7694381470236202
35,-0.6189453711615518,0.17915278417572428,0.8537604032246171,0.23948020247218899,-0.558284000692524,1.0,0.10171448124976656,1.5938495915139788
36,0.7934565969851395,2.7914731947401967,1.5008979880174633,0.8872563031442595,1.5569762647318426,1.0,16.08732101660554,7.049784430205262
36,0.509895068491432,-0.02006797040779018,1.6702875194179785,0.4162789860724595,0.8830166904442385,1.0,5.729536633129775,2.6201454495769645
36,2.4678188123864038,1.7793250588123768,1.1674406100195442,1.4312516201511167,0.6960349214220882,1.0,19.41568756835745,9.554494328634169
36,-0.05809803058593266,-0.49341206167389273,0.5956497986834466,-0.6221465193016187,-0.28670196974431517,0.0,-0.6894143189574438,1.4240959839159162
36,1.5508330409801028,-1.0442177943566155,0.9602470668415084,0.04770196089413076,0.2425865433584019,0.0,1.105384767257852,0.8324855248878935
36,-0.29201645237394613,1.271010806348555,1.6722889000706778,1.3391285349792859,0.6135393465494304,0.0,5.9316560888282535,2.8295010796695257
36,0.29673234665814585,-0.13937472342019974,1.1016207700333471,-0.2610630416124041,-0.5782867091098725,1.0,1.4809589868593411,1.620608416629819
36,0.18665852515286252,-0.26034727663917534,0.7132578133764089,1.2940230066649163,0.34662813352630767,1.0,6.624139019574929,2.84774836494835
36,-0.2791203546410024,-0.4834994844617295,0.19358216781241921,-0.2312077913954298,-0.13114747620625555,0.0,-2.603415500452157,1.6505794899389306
36,-0.18199868524102492,-1.0741340885524462,1.1107067741033,-1.2800786256499987,-0.6853246378229068,0.0,0.23273378074527296,0.5841047094057892
36,1.99557932142617,-1.1491331817379318,1.069913322467146,0.13240853227307342,1.5090330087246404,0.0,1.9566793138969552,0.9659143473360536
36,1.2303892723003225,-0.5986940104241067,1.7519711734681325,-0.06479996107680752,-0.4636975859719763,0.0,2.0186356199161057,1.01077244123621
36,0.5006231444661802,0.6904868680465772,1.7263774183851308,1.9254754120539073,0.5542043078963982,1.0,10.879341614769412,3.889303084132324
36,-0.7050011246250254,0.33490143069819434,-0.11972349016592787,-1.514331943520876,0.27346552290131115,1.0,3.306507140830215,0.8913910118651729
36,0.06487325833625263,1.1376240102473818,1.3845962929107125,-0.8051066665241873,1.3570739557406015,0.0,4.2877039984762515,2.8284577592643956
36,0.08615536286862546,0.6135065616837652,0.22381554831101919,0.6330307353131912,-0.15764604834731832,0.0,0.5559165332899028,2.727345642291569
36,0.40135717081268146,-0.9536170932354606,-1.0926387608116443,0.8657570714454736,-0.15402263947360084,0.0,1.7281818397411297,0.6108209788677268
36,1.047529628814187,1.30044680266661,0.15514363996086356,0.6968015759121413,2.355296888799753,0.0,3.6744511233282005,6.127855169997081
36,0.3464759112404682,0.6028315541272775,1.986282972306726,1.0718751324486133,1.324115410823321,1.0,8.031231374003381,3.4710218826382353
36,1.0615052580260926,2.63288503023638,2.4664349174593116,1.6047749624648238,1.0516406805406837,1.0,20.481412820926206,7.422833355201846
36,-0.3878679740122092,-0.9656889053628632,-2.0852129597948985,-1.4900430014852906,-1.4642426226457994,1.0,-0.21522822692422805,-2.313994997602744
36,0.5985622606828258,1.2328364840486865,0.7857183964170724,0.9757333184042739,2.371784084535533,1.0,9.57326490718197,5.427126970982713
36,0.4534053038283949,0.4277197923580399,2.086926469147107,0.24255235722035096,0.6502608127773212,1.0,6.980199001734692,2.6308447011201674
36,0.07599145377928374,-1.7973687991466503,0.40231538167513303,-0.8556249654297285,0.43881079257119293,1.0,-1.1250710187665989,0.9156341375153577
36,0.6219862236491609,0.397856229406876,0.43373235722251857,1.369901118052992,0.18402594100697522,1.0,8.72029177040942,3.6586155397283586
36,0.20051519816174862,0.06886159523196139,-0.6455500590628667,-0.036123841941985924,0.40737481508294704,0.0,1.416818347902994,1.810115601569718
36,0.34716354661153365,-0.5620229425379508,1.450567961508649,-2.090956567403889,0.01540244740940594,0.0,2.6803985121382627,0.5049022719790757
36,2.8003015550375925,1.9484744120516237,0.005833275613534028,0.15172547808084963,1.529686761441352,0.0,3.9349444248826733,10.674309653627649
36,-0.28395916856962955,0.7810011844885794,0.5782000558192937,1.050853837121222,0.5571891661250309,0.0,2.6940454562450205,2.957317797386364
36,-0.24336671121779585,1.2294318147652283,-0.010729732188307417,1.288186547136561,1.7132480910308623,0.0,3.4011533573620785,3.6891246643131765
36,0.1171761186078163,0.9787324382039639,2.3126818786987036,1.5646329822521055,0.11660054865811381,1.0,10.69548938097069,2.9839169185243453
36,1.176220936712524,0.6529646010511206,0.14423219272338916,-0.17441239632045036,0.7633765895746044,0.0,1.842738398167711,4.0388381530887925
36,0.8875689452418457,1.5610045558116659,0.6380708592475511,1.4560155956084757,0.48759884048714236,1.0,12.206447135289297,5.703874904017704
36,0.2875599375208669,1.480633688686145,0.4981472638847943,-0.06628774400412552,0.3154459891178979,1.0,5.0232423315139485,3.561989802796621
36,1.6105173267066286,1.5107256348814067,-0.1244183470804141,-0.26073445589653865,-0.2648075144842563,1.0,7.677770166062172,5.660961149747491
36,-0.9753282113925918,0.20050099952437223,0.12425277393498324,0.049171633087323974,0.7452707267097812,0.0,0.13347696531295972,1.8686702301193163
36,-0.8967607695519126,1.2738875700303849,-0.7966137222642018,-0.48447027592125935,2.3017159329605477,1.0,-0.744779095869318,1.2556388471464226
36,1.4300421487219594,1.4162300506693062,0.13261064750242418,0.899463911059349,0.6158297804857351,1.0,10.539213248917623,6.263577020028288
36,0.5020827257381023,1.5071905684583318,-0.7163507766606321,1.5196797281753145,1.3001225174343531,1.0,7.017416445466461,4.567303690296589
36,0.9219178292740795,-0.37297335601483805,-0.7148505727214864,-1.2754956501499173,1.689173499441895,0.0,2.3056614607394392,1.5352262880680558
36,0.000770968982789555,1.2545452364479366,-0.8056696718261425,0.8291018462745198,0.22450001894545735,1.0,3.4837013718495706,2.4452197745455266
36,0.2871479177910029,0.42914299751830515,1.5126315230652727,1.6610687463091585,1.1531340261460135,1.0,10.136640584621453,3.7029221362088816
36,0.0750608995554139,2.1960739392989663,1.5816780272811473,2.504834067904957,0.5860750797682874,1.0,17.410169097116604,4.625818806543753
36,0.8460567548240818,-1.4421545601123755,0.6253732024194727,0.7384025712423535,-0.6286981485842349,1.0,2.492939220805815,0.6600900061281302
36,-0.5537606556734935,-0.2948297254567308,0.04918742336600623,-0.409072584556333,0.6328877886677131,0.0,-1.0980603673016114,1.8742617678223839
36,0.23692253157331006,0.3737008061326353,-0.17010813397510216,-1.204489171787828,0.7059949054999306,0.0,2.346171783987934,2.0451150765488784
36,1.8143122459657395,1.3888337968970812,1.835673091191606,-0.15811365849819237,-0.12451709180516757,1.0,13.354714692726631,5.6360820247925645
36,0.7847447988689613,0.5903282718696536,-0.4568047318447518,0.6745385718647002,-0.16627023414184672,0.0,1.0084552579589812,3.073991833416872
36,-0.04975330967641922,1.9213316640188076,0.8794092324635772,1.652761493432371,1.2144719313174253,0.0,8.457461255555845,4.351124257002778
36,1.8593154850964235,0.9472266979963255,-0.16132768806699016,1.0192417958456947,0.9988842160606365,1.0,10.668416873737796,6.0798784093832765
37,1.878956970538026,1.3533412137336462,0.9046983812166369,1.6221797507500848,0.8927891663780234,0.0,7.970652049949483,7.486775400801053
37,-1.5235812924492493,-0.28067038754273155,-0.2268040493599508,0.5982064444558556,-0.2059793107807013,1.0,0.9851860866109909,1.5825998800845216
37,0.30816211381724273,-1.4388334426609939,1.8908533861383112,0.5950108923775377,-0.5334130552745309,0.0,-1.0059872086013901,0.652875269223719
37,0.5650534242829524,0.3865951523355297,0.7904062295473375,-0.752214275870829,-0.7021861166567172,1.0,3.391964326128793,2.0658308125542497
37,1.415270503043168,1.5138232837765933,0.6857974700683926,1.4473902687109919,0.905222857569048,1.0,14.722181946930048,6.90013589503953
37,0.7170833886046758,-0.20001041890100635,0.5315535310030266,0.571229155745495,1.3868368427916513,0.0,1.1250081245666066,3.2219427686178355
37,-0.5894135130420337,1.3353894510004474,-0.3877065901987361,-0.42143137222852767,-1.0838930804102165,0.0,-0.796524911241817,0.5651544145133407
37,0.23899651730027083,-1.5516847575114938,0.5896572684949184,0.10989593901275813,0.45230993166186384,0.0,-2.2631367569018987,1.3798715092300036
37,0.36315514031127805,0.15748095781175742,-0.630581735599425,0.9061894602534643,-0.33159124132809703,0.0,0.8260715228120266,2.097200955182706
37,-0.39231766511770205,-0.3914251775226961,-0.34869868976462426,0.8438465592666614,-0.2928050211970079,0.0,-0.3742831793488346,1.802681148323597
37,-0.24730249935509285,1.9079709747878588,1.630783979016941,-0.6147001393105926,1.1323140490021457,1.0,7.245234318018802,2.3727355103923684
37,0.10670618957348793,-0.15044100178872977,2.114046256733027,2.7782753782733103,0.7308364495112033,1.0,13.899727981994833,3.256737885387967
37,0.877467859554395,-0.7349747535917452,-0.48297080299352346,0.37280605147316603,-0.150320477444167,0.0,1.6315980845932883,1.1817063703190058
37,1.5280484074290854,0.6172912260562734,1.5461739086525637,0.9310804213089627,2.327807837029547,1.0,12.090892073625746,5.443071705405736
37,-0.0994186825946165,-1.2425689959696538,-0.2672890446469154,0.5315010013481005,0.24247589597341618,1.0,1.8388352094074665,1.6703751106552949
37,-1.4499209113040143,-1.4778557763678217,-0.4502842925351459,0.26012750470264445,-0.0035039297072901876,0.0,-2.0803449499942004,2.4823786999531903
37,1.3744568342516557,1.8466107980193052,-0.221518187283966,1.4167443004831919,1.2717976852907793,1.0,13.451704670370974,7.357697558270951
37,0.3131695399961952,0.3427878319340234,2.2618828379463163,1.4447048596262229,0.30980245559910746,0.0,4.720332747536475,2.8061496964592223
37,0.6255580620508379,1.9599376621495879,0.21839570719696327,0.9708435567275921,1.3062806529842623,1.0,10.305285302061398,5.742808923763116
37,0.34367272532827464,-0.867266573250354,0.02441592413422683,0.9393964768755303,-0.3348380246719629,1.0,2.8819939670416153,1.7543363435243255
37,0.1487988495799758,1.8025624592638756,0.25564812318115543,0.6819789460308726,0.5077589621002598,0.0,2.3246118262641637,3.934092496675847
37,0.5173290588599421,-0.9651584712449399,1.2167611172799653,0.6549174309940475,0.9454149322422417,0.0,0.012490509662929639,2.0320130816790005
37,0.26837228598488805,1.4358036046642844,2.0752193302731508,0.7589919058178529,0.716614909949003,1.0,8.520340150762644,3.5295285267651613
37,-1.6373901908724675,-1.6294952714371607,2.003140952493361,-0.024979760401638296,0.01988603237566494,0.0,-4.345184820249253,2.6146996154959314
37,-1.2418074558946752,-1.5979923317775508,0.2837279061858428,1.0064362973718963,-0.3730680042792768,0.0,-1.2080307783253452,2.9830655326095172
37,0.7244531871404281,-0.37528847343150773,0.8024267754865466,2.696630318038649,0.9384216897497369,1.0,13.286691356067927,3.816406615161529
37,1.7853697697807251,0.1714702208745652,1.103811476133211,0.7685783212648805,0.12580998293189388,1.0,6.965338581438322,3.7338536535562312
37,0.824062284287246,0.2643526313680589,0.6323128447425028,0.4506584711752623,1.3469957976280496,1.0,5.438769820870822,3.783696795864118
37,1.08054043890727,2.0867631943411946,2.784801859780476,1.0979042525412304,2.037224287090104,1.0,18.496643275962782,6.861426511250071
37,0.3585672338126184,0.9397525213325602,2.2347588349578826,1.9783561016057087,-0.6077973532313017,1.0,13.126220497629985,3.1725407502457106
37,-0.9103647926330949,0.9843013860063863,0.6093247352744422,-1.6958709189489363,-0.12032283545360578,1.0,2.6159148166762813,0.3574951280941824
37,1.9173286027795244,-0.20289005045894914,1.720347882629829,0.36013013325459,0.1674885436029555,1.0,5.805407350442906,2.443200950097844
37,-0.02784475009118803,-1.1027888416801204,0.11967591901890162,0.11656038061470875,1.526533979803698,0.0,-0.12174496217405054,2.339622603699117
37,-0.16459777404900322,2.188620233711422,0.23475993755722974,-0.6653241485975427,-0.07414486734114267,0.0,1.4295583815593542,2.371984882097973
37,0.5446842498503548,-0.6456611587466341,0.21085075500617667,-0.36974263924149076,0.32227332976321665,0.0,0.08824286649796798,1.657374016906969
37,-0.4340877526285606,1.0648654203537302,-0.23929401944591877,0.3361216736840277,0.09335498684708554,0.0,-1.182491985198827,1.9197406634404026
37,-0.8328329720078653,0.4604038607233501,-1.5125494435341102,0.9349852463537782,0.2191018280022089,1.0,-0.08565410430191556,0.30932869727153
37,-0.8935434130466171,1.4365347753111717,1.0395774700359952,0.9983898056733226,1.4141510529847614,1.0,4.760903715456342,2.2205332630484995
37,0.42939477161984524,0.2461449622584403,-0.5845571628119788,0.18869078482117474,-0.7363085609026156,0.0,1.1245332173676201,1.7113322959000554
37,-0.6959118944542402,0.6858890481037891,1.7667079353556623,1.3194588518931947,0.7704277365741059,1.0,8.437577717181862,2.251306706105212
37,-0.9667998580539536,1.0826324081754475,-1.4794173463806692,-0.3383155981515539,-0.42377713124531824,0.0,-4.63690775524375,-1.0182757587575244
37,1.3046245818081363,0.5064734781677305,0.30031023988465605,-1.011337216492676,0.7929501975148092,0.0,2.473212094105953,3.5625131510900756
37,-0.723162540154332,0.013584897162880694,0.03497740917076525,-0.6337439329711805,0.8242080448392742,0.0,0.2961765752682294,1.7474962030697345
37,1.1187399811962053,0.8104771336154971,0.3330260066166025,1.6248255319656602,-1.0470169086826588,1.0,10.480556409577904,4.271796502936207
37,-0.4376521355135333,0.9063916536441026,0.05810818064553891,1.472176302069799,0.0890086777258342,1.0,3.6117142835662586,2.645644291122866
37,-0.18274534560688804,1.0072039319673034,0.38123042014739555,-0.46003292525677675,-0.20749260192271468,0.0,-0.8824847220758836,2.013227453724925
37,1.0600043571497317,0.6183629763504971,0.3866307638771224,0.28603485894630226,1.9902149820451316,1.0,7.742903004397879,4.752276170727356
37,-0.33016660341377624,-0.426664295583452,-0.9211678140797841,-0.41602001983258263,0.21206882918172204,1.0,0.8541029672091801,0.8047859783820493
37,0.3813535098878158,1.3837881744871772,1.0874056508670162,0.3887248868030869,0.3826922077992546,0.0,3.557928441992953,3.804478719853771
37,0.3198455247182272,0.4211092482844667,0.3849936403030072,0.775162115109715,1.1655556379259986,0.0,1.7412424946124507,3.5948238127487055
38,-0.5047670093296022,0.4172402660755762,0.08436920235485906,-0.4559699106247417,0.05778363661294167,0.0,-0.4697309205688129,1.5851620007882457
38,1.564396742833589,1.7495053335817519,1.226387096384545,1.3351831668220724,3.2900210264084317,0.0,10.21073622140459,8.657307787944854
38,0.28767158963056605,-0.049781457708403476,1.7218096887068444,0.3472602393544323,1.2561464302878451,0.0,1.7968256597211936,2.6167924955395927
38,2.1269586869020043,2.5872512978255156,3.153602873660591,1.012275394297034,2.4635251134262806,1.0,26.913135241727485,11.174855427990309
38,-0.3611399408095065,3.121905283384925,-0.6475073796773783,0.5964131415113056,1.11773348516335,0.0,0.6387519655737467,2.5838474293575446
38,0.7989368245359089,1.0178355524572624,1.366788437477668,0.6233251398118165,-0.2508355380647511,1.0,8.770347927472173,3.793807235307306
38,-0.5808190545469432,0.5677394559124975,-1.1182082991779565,-0.17689572730688685,-0.8782682295317885,0.0,-1.3675534191584928,0.01431463546646955
38,2.0629019028654714,0.051508934951691676,-0.92632783599612,1.0066503370545452,0.4440431215501029,0.0,3.313122563100429,3.0264197348745894
38,-1.99305295929071,0.5597926390938112,0.9189992479453424,-0.01206629186371655,-0.4857079318593619,0.0,-0.3340882939931811,-0.015097970821724815
38,0.9683351114821721,-0.08504277189266651,0.31964151125455376,-0.839729971383925,-1.3477424842264436,1.0,2.100787381751047,1.374728921272002
38,0.9070405882361801,-0.6507423623279571,-0.5208756309240066,-0.3556126780385085,0.9006458248509962,0.0,1.1791325181675505,1.41736189920996
38,0.9852650257051405,0.49327400978659025,0.4153963395319066,1.5213334844152817,1.0520071983136297,1.0,9.079962885832886,4.63460010732334
38,0.8226469020541824,1.1630396333509094,-0.8587520212199085,0.07161269582032925,1.4248214544227946,0.0,0.6442323720708738,3.9218380148425687
38,-0.32304658390465923,0.5975990695866572,1.310809186077975,0.7390217887994106,0.531094353457248,1.0,5.001534061456573,2.4917546938223505
38,-1.691400837931905,0.21824167755404017,0.9049523322906594,2.274651117560193,0.8791634057415261,1.0,9.071613031763262,2.541392757638025
38,1.3679310875982644,-0.4635498435666343,0.17805370422101585,-0.8570739012399893,1.6235287802430363,0.0,2.488386368618015,2.2745309456004876
38,0.6752686230689929,-0.2605528117656434,1.7000341288515792,0.848185956504115,1.2152289488925128,0.0,3.8700578275790236,2.784260945736425
38,0.3661699245086124,0.953170256112325,1.9661016074915443,1.5343464174154486,0.42535105025841785,0.0,7.102585218895952,3.5865019647109886
38,0.5474028409164057,1.004811696499159,1.301878981873374,1.5619990134842783,-0.36914606334780065,0.0,4.91011910791891,3.8391978610760673
38,2.9963363288770277,1.2380633230278533,0.35790327938807054,0.966968477819495,0.6215351255328614,0.0,4.838885048503626,8.736690766132408
38,0.4237318888003894,0.39681439201620083,-0.45351138421459947,-0.6107905274721579,0.07400548817216157,1.0,3.753494917602779,1.9821820636948837
38,1.4055246496492984,1.4126861504547823,1.5742939700615215,-0.28990652109278603,0.8724927626740357,0.0,5.0335260772519135,5.469613076420578
38,-0.4957358164355554,1.2742904795433483,-0.29690448094813005,-0.3351390492431914,-1.5121000667414939,0.0,-1.2257738249937558,0.6417408008023523
38,-0.58049583770231,-1.0483259043479953,0.4714948765106992,-1.1295222716091933,0.1971274260492149,0.0,-0.31142313516755316,1.4545782516832444
38,-0.7775839370368858,-0.6653884042148235,-0.8649042409082917,-0.5617950428504506,0.2663491874743255,1.0,2.1241115841351084,0.8644471107436573
38,2.4083939425642322,-0.44144687397021265,0.6488967914053195,1.6689626452361344,0.003123312073130713,1.0,7.001600236977599,2.877537892233857
38,2.568485505854538,0.2705819668631201,1.3657181222256296,-0.396311402146579,1.0724330619851572,1.0,6.643858945217255,4.339083213749246
38,0.503260021037333,-0.27623935665253485,-0.19259089217184622,-0.008293945720311613,0.11685058622325523,0.0,-0.24499849358614156,1.9139846085907892
38,1.7667602152360637,1.8875407695973772,0.3335872367284184,2.1434428581371234,1.423938206935,1.0,17.988790698387948,9.05734041968972
38,0.4953434546928158,0.2186736122497318,1.6931648960384311,0.46555636870774403,2.1449806295199343,0.0,3.5831231075178844,3.4951146178562653
38,-0.015884797539683415,0.23547460174847734,-0.6948339226604963,0.270508178747283,2.0857746952022285,1.0,5.179005167800791,2.70493895608392
38,0.9724654191897969,1.0277857674858248,0.02280047972559518,-1.5328523598119785,0.3779800178960524,1.0,6.716943569099236,3.4333158597806834
38,0.42932800075478994,1.3325302578111327,-0.18284035289246825,-1.040341635673457,-0.6080050344115242,0.0,1.379372656363169,2.520759387002438
38,1.5974189555418,1.1773034232672315,1.1045703968392477,0.3950433813233525,-0.05431075713175182,0.0,4.1938047765055275,5.440177731506486
38,0.34342733495261424,1.1809870302739485,0.2441757052361797,0.2074640138244775,-0.1073788572193285,0.0,2.9048464951243496,3.3102577752273428
38,-0.9994925061125528,0.5982841888930892,-1.1343801686034032,1.134013410373587,-0.8698179820909884,1.0,0.8506224652257641,0.18901715771194083
38,1.0098108850795842,-0.07006465669309947,0.3605666462065617,2.363853676811384,0.011419842274806469,1.0,11.576019291167487,3.702738202429645
38,0.4507417748214565,1.5000597146816539,-0.026950284048085416,-0.17828830977085275,0.419685542148299,0.0,2.037547202059801,3.758400660125075
38,0.2746665679549406,-0.9887094227578666,2.395153636699483,0.30648842101297347,0.9606899592789251,0.0,0.21727552389498284,1.4684676285076745
38,-1.2263355322794105,1.07723450954622,-1.897771986217609,0.611307015485733,1.1804596082922016,0.0,-3.3752223367457397,-0.7697845447990298
38,0.2877603613252912,0.022870978389347096,0.1349470192613143,-0.5840382048593515,-0.06945082033048522,1.0,2.452720773857329,1.8935344884061718
38,1.2823602719707619,-0.18845650573929362,-0.4057037003579831,-1.1250350057911676,0.46029543990789246,0.0,1.0478464046131897,1.688886012519463
38,0.42738343237164417,1.7712455054412617,2.467321448485573,0.5166841478929058,1.516617299533007,0.0,5.5806348144065225,4.3254647348166975
38,1.1972702999965668,1.0857366080201214,0.2194494826415297,0.7206526180203638,1.1404422099283409,0.0,3.303273528870942,5.4577132443428376
38,1.0680717837876763,0.3581144095018137,0.4338554752826307,1.3237647068770153,0.8982173692001508,1.0,8.734537522497236,4.330855531324705
38,0.3433310105979613,0.7358884218715367,-0.2694677533432013,-0.6678547553208516,0.8506137986261859,0.0,1.400774808088009,2.712821403547297
38,0.3152345054770966,0.9454476745118021,0.825656567708541,-1.5267759600178143,1.064450625192816,1.0,7.1653160191435505,2.788118975613151
38,1.329719787795899,0.7355036420544305,1.3402963796774743,2.105390014025185,0.5057042153071791,1.0,14.077670344093764,5.214785042997075
38,2.697710778069763,1.954692426379114,0.9022752797342783,0.12672209935327589,1.2002535032523631,1.0,15.640411737574428,10.333847942809365
38,2.2991558914453494,1.1538610866570975,0.948448533449463,0.7170984818233044,-0.39637799118824946,0.0,5.041028229982837,6.596943892226106
39,2.7890284332590065,0.33061136426924087,1.731796431051823,2.059688430058844,1.3757165458323972,1.0,14.253954350803225,5.9051996405585125
39,0.7470819212632187,0.023430043745581774,2.307911260097137,-0.18678764491627398,-0.25233980451700144,0.0,0.7949216248127355,1.6649974726482377
39,0.4341752975794868,0.5102491787721795,-0.37387046162425264,-0.1478470026614508,0.5093210699875278,0.0,1.0074657558101203,2.618472377164528
39,-0.12996758649522322,-0.5417719603404145,-0.6070820485456769,-0.24522355002674756,-1.5794965036669355,0.0,-1.5908183966795173,0.339958095070682
39,-0.6566901463028583,1.0196277080676257,0.10427006710713782,0.25091245610846236,-0.8468025852779222,1.0,0.4475258673682384,1.2606480810736702
39,2.0012252168715756,1.769590188658093,0.5275802192278669,2.04256901519172,0.8885673559657005,1.0,17.82570232912808,9.020142330195572
39,0.05713279849276415,0.9561171138985457,1.3776983605300814,0.16037265617371704,0.5564291905417624,0.0,3.0081845329810735,2.800400906048881
39,-0.8166858972737134,-0.5817408281448204,-1.3160423393213092,-0.7175196919195461,-0.12431696882000132,0.0,-1.1540121353433213,-0.05104598881401823
39,-0.8941155965698757,-1.472374388833143,-0.9789426807166624,-0.7104489812668442,0.06163753074816747,0.0,-1.9426619870590511,0.8772511828593381
39,0.5089028228853323,0.014652785838209725,-0.17498882326611542,1.6296034914540982,-1.4177774430177068,1.0,6.20016548979592,2.272381745826857
39,2.2147137417080027,0.453487941698081,-0.8411532996504687,1.2901732781337245,-0.36957876672153045,0.0,1.9296515519329027,4.044771009247094
39,1.4307342291898766,-1.0863609442256816,-0.7183461124120429,-0.25184761350252616,0.2646772316174194,0.0,1.8940351465430567,0.01802985571972404
39,0.1343140584836251,0.5479152213170366,0.004850151337415898,-0.5033223096077761,0.8475754546938028,0.0,-1.138817344362028,2.5892472432311564
39,0.04483070278451451,1.0548608837455373,1.209104462529432,-0.03294352060671002,0.4373175103935641,0.0,3.5935728807454193,2.7577323129176254
39,-1.03617283407511,-0.8913671042984486,-0.2321474642431901,0.6538396532715646,0.456208920875764,0.0,-1.8624511132559347,2.3719655411487426
39,-0.6357488464623553,1.3303483194968762,1.7267104142463772,0.9622431788627115,-0.11525985852022946,1.0,4.6034409944703,1.6330960306874394
39,-0.5840920767140312,1.0263484488389532,-0.5790975331145958,1.8223967786180817,0.0963934940445671,1.0,4.936832435095392,2.1284494415983284
39,1.4581746376502722,0.8772258300951947,0.341047296509817,0.2807617467489272,1.995344807169317,1.0,8.596173117785968,5.697830504727065
39,3.2802095014608073,1.6420755023498996,0.7925157718332563,0.6310215759464418,1.4635985138464256,1.0,15.370210630929757,10.993118101070216
39,0.9107591430722481,-0.14606423475699015,1.6714592760261642,-0.5018311888708209,0.0974202417768616,1.0,3.7948410810296336,1.7823492494364395
39,-0.4827117812931503,0.5914661465733289,-2.020828667638359,0.22944525020342987,0.5196136026726881,0.0,-2.6033551022729293,-0.30201005703057515
39,0.03399352262747318,1.511208343856942,0.2802404453305165,0.832694465252353,1.948859983325641,1.0,8.41928098467027,4.315858637333133
39,1.241595299500586,1.347315477041517,1.1663338425267202,0.6975282088710688,0.6932035302854133,1.0,10.527339980065712,5.639333413828155
39,1.0354166136394327,1.158072789018017,0.5741358340574935,-0.0800537413289073,0.7572518315477752,0.0,2.124810494177729,4.7611614215393745
39,0.8082390420199119,1.8940507485047746,1.1411615984978258,2.7723732836177657,1.5452106339303044,1.0,21.07256844546365,7.0279021709530305
39,-0.34221759928302387,-0.2702020644080837,1.4415909995275091,-0.15304331653035774,0.6448936957310806,0.0,0.4878907044832982,1.8818248938923237
39,-0.10987611708338874,0.12292704909765911,0.45316538786086435,-0.06582835542902843,-0.71417455566295,0.0,-1.3553971338998776,1.7286657164902703
39,2.146127959405591,1.5965977882056457,-0.20900236215915435,-1.2106374846996073,1.8146289292677678,1.0,12.822081462397772,7.473598963669538
39,-0.8721044515431049,-0.7580825210901554,0.7892637697092644,0.08670192944435184,2.5644387587530155,0.0,1.1303621038371094,3.2706039923632937
39,0.8909004199286303,1.1167028074989442,1.448692947049369,0.6979133988118927,0.01878948622899318,1.0,9.874147344773817,4.203170724404497
39,-0.6678536273408633,1.2146133673258679,1.9582611537439787,-0.3044029603431456,1.0541577145313092,0.0,3.140869558451148,1.4383614894157981
39,-0.4457712887984667,-1.1248383380730584,0.26953792509179486,1.0014436467183156,0.32746636259737316,0.0,0.11587277140192553,2.4792338327974477
39,0.6189799202656519,1.042765945623017,1.047532414530445,1.8976002703833514,0.2520008665156329,1.0,12.021920148534289,4.574600862354671
39,0.4056628583908056,0.13132874046041731,1.040226513632604,0.017494529739350007,0.7040612964936552,1.0,4.2316232411079815,2.708687059535934
39,1.6092472408350473,-0.11705658022231591,1.6352325507213148,0.3996278148814072,-0.26818251808035376,1.0,3.833363507910531,2.376669632297147
39,0.10951265483169564,1.2477456213213638,1.5830480269632297,-1.0687329232879248,1.698254345118609,0.0,5.612473038052943,2.909306404353567
39,-0.03504008050702567,1.8240314380630462,-0.7056536998889495,1.5608863060137952,0.11874563562120116,0.0,1.9688002190332576,3.07875836063652
39,0.9046936021973118,0.3310564095385481,1.493139835776185,1.0811233614406524,0.6922447529059134,1.0,8.788770714909992,3.6282120595143543
39,0.008805854034954097,0.6944456681061867,1.7880140126433421,1.1037837525726308,2.0383898823110407,1.0,9.644992768832296,3.6073212434091393
39,-0.4536351128238352,0.21587200450296423,1.5062453031441962,0.37577300567118976,0.5665413219286033,0.0,1.172627804901665,2.071977344175802
39,-0.24156047069672537,2.2815313713764285,-1.270824443624964,1.1693620313087203,0.8351665809252294,0.0,-0.691170103532753,2.1312030881761177
39,-0.13964387676758838,-1.6809515912294581,-0.35427863493792033,0.7065535087728326,-0.11866312007684743,0.0,2.0249848277143263,1.379139724121043
39,0.4086907288365752,1.252815670723361,-0.7047308667772125,-0.13865292830563603,0.5585172850724778,0.0,0.838658987409685,2.9621200259507834
39,-0.9674647206879614,-0.985318525646047,0.6682492194232112,-0.02679395002992302,-1.2545663037682744,0.0,-3.1687367533434365,1.4552214460807495
39,0.8191463275241551,0.16351630065811046,-1.2069771452625155,0.2658706633405101,1.107862967131131,0.0,2.714023188442445,2.0644993491622126
39,0.40974659162236815,1.6089725486372135,1.1054965483864607,0.5494359808318027,1.4218124460965824,1.0,9.589765222291671,4.655693805304025
39,0.5878760713335444,0.2635522508425873,-2.205915987341359,-1.4627221682249902,-1.5400988041927146,0.0,-2.0452730918677506,-1.6169921024029879
39,0.9735844231385102,0.7359370890048921,1.2839736011378267,0.7506088224828331,0.5812904663383709,1.0,9.097130495641458,4.162100270510786
39,2.0522491563148066,1.9798677325107774,2.759990634993914,1.1269633767783882,1.919353910683682,0.0,12.489673104721083,9.054325066651572
39,-0.31883685307585097,1.0346001997785326,-0.8914368580851673,-0.36221230312498776,0.5853467502380653,0.0,-2.2049192251661633,1.3221566313812654
40,-0.5401116619847282,0.028922201984268647,-0.31167850062089086,0.7521580710250749,-0.3778614493903115,0.0,0.9937210616892835,1.7119132994051922
40,1.2571138703239821,-0.6481406891120154,1.2856352100942128,0.6737785119524617,0.48185823418511126,1.0,5.581597772881526,1.991647983682466
40,1.5091244307991063,1.561529130452589,1.5790090431976158,0.17481595988277465,1.3664311172779295,1.0,12.704822248816253,6.44378397689532
40,0.8409972816386099,0.8095632357966474,0.6560683780835243,0.8676296905287069,-0.21040932668449452,0.0,3.3452202027613054,3.955161773536563
40,2.507169361378698,2.44928906458071,1.8496814814164686,3.5376495888951465,1.4467412156495598,0.0,24.283552696181804,12.760763807003162
40,1.6803591497750177,0.7415961007937888,-1.1602559096735858,-1.0151088771718886,-0.9068381572245672,1.0,2.60454993078595,2.3151288442039024
40,-0.846332818840891,-0.3890316721186112,0.5312818662138125,0.37200729441270464,0.06302685266439989,0.0,-0.34564961320290755,2.056884368556431
40,-0.36387226163243624,0.5998239524066928,1.2707440059091475,0.005546041338083452,1.5591125483619246,1.0,5.346089275515152,2.612988035356303
40,0.5096646999395709,1.9368569157446414,2.1166443896012423,-0.21211187113694885,2.0749033225611737,0.0,7.023855413369338,4.680983221501986
40,0.6334036201393838,0.10153413086379603,1.6163489248952208,2.831943120533616,0.4719300834437454,0.0,11.828936657113672,3.846355180164379
40,-0.1090812045722449,1.4134545069746323,0.024740202690653912,-0.6718007453827299,0.3385360738067736,0.0,-0.06655747276416224,2.3434370733247345
40,0.8614141244663818,-1.0986046183760112,-0.4466535130372906,0.1584391663302196,-0.6096536212459271,0.0,0.030529787830723354,0.3880148976829324
40,2.1006777219310147,0.9838802920448617,-0.58347383332137,3.6536129708872203,1.0438272562556583,1.0,23.786291489295348,7.50063147736693
40,2.488524547298759,1.7997092598775948,1.3224790298776787,1.702016628104929,-0.01829161690071368,0.0,8.799259735933889,9.371612813179578
40,0.6759837517290347,1.0562379603600154,0.05129128955126894,0.1778666907333819,1.8975354439811203,0.0,1.7988595739668853,4.642142157501727
40,-0.3605608447076257,0.15913480988751055,-0.5201911312547016,-0.5272294841735059,0.32896164443725895,0.0,1.1991212205406847,1.3504039101218666
40,-0.4093307211869046,-0.08573366819852457,0.16393225481257506,0.9050405189678967,1.0543624683541468,0.0,0.39594616454651954,2.835822023259497
40,2.5572705834544376,1.2235425984965858,1.2727721983659668,2.020556457446556,-0.08309490737174186,0.0,10.243664491541065,7.918084968749157
40,1.3377159691935168,0.5757625365895773,2.944163800596917,1.1923715679923124,1.4166121193144376,1.0,10.956653280752933,4.522945590677689
40,-0.1974035933509446,2.2493154965036033,1.6080519983038428,1.732401791653641,2.081587429974527,1.0,14.951287776979557,4.25570654623143
40,1.9897317205413798,2.491708910947607,1.9909296920920145,1.6162442177025584,1.9176944101702225,1.0,24.82081262726701,10.553104510384207
40,0.9836513623699723,0.357342645595138,1.9962934256405744,-1.320340735154738,1.7903982311891018,1.0,9.294143104620757,2.8423994379090085
40,0.7125148983691827,0.38709994499284883,-0.672830159586304,0.3075240387782592,-1.2216252204473281,0.0,0.1200165432741859,1.814217268674911
40,-1.5072347353129398,0.18590944678945953,-0.28093276255740973,-0.8555995318009049,0.37637901629620596,0.0,-2.243739613114652,0.6398487869487763
40,-0.7275381158180416,1.056781876565588,1.8019022772738091,1.6964349595518027,0.6077428239375897,0.0,7.790522076245965,2.2197586047393187
40,1.1420755479999918,0.48391861110876155,-0.05132736282343553,1.4302843354354113,0.05841235459178373,0.0,3.73621721890306,4.083036396203951
40,0.6363435939790559,0.15503521317798385,-0.15014697012543887,0.9528061656503053,-0.4911986594527369,0.0,1.5262627521336896,2.638824440677783
40,0.26939791969047344,1.7591245701574032,1.176963228833608,0.7533657004938603,-1.0430268568254784,0.0,5.076518048592305,3.3155476613427304
40,1.1515694326597765,0.12182655579115853,-1.2200674783463707,-0.6858113837166091,0.07885885714139867,0.0,-0.6312666522180358,1.2070621061620832
40,0.13672649120575964,1.169848728387529,0.2156714973986687,-0.2836354154500943,-0.19966445598220528,0.0,1.6514543252283986,2.6562556463646905
40,2.0427293936395925,0.2926459130058224,0.6133448681786101,1.2657885935199373,0.1095951099235058,0.0,4.857851549566605,4.577575617674509
40,0.6727814929365336,0.08041745420462909,0.3509289777626055,0.8420306860824056,1.6163186007065016,0.0,4.041045809059409,3.7743957438603593
40,0.2523858784906291,0.9731168996238876,0.02611425678126983,0.006779873454645313,0.9711179968507078,0.0,0.014891940721988295,3.360017458359738
40,0.6402468998975701,0.35041989505271454,0.5677083186148629,0.54452153739556,-0.12905462740468787,0.0,0.5877859149990499,3.0544116913003587
40,1.0379547142329655,0.4026827728459781,0.6820385635930122,0.6683967040637531,1.1932921655454343,0.0,2.190792867684488,4.186438211933852
40,0.3440936941763981,0.048829378589109185,2.716887177562763,0.16050091863689736,1.5644715942051786,0.0,1.9113572272921364,2.523033131054923
40,-1.3833037710688776,0.45312177031694273,0.2362299130742851,0.32496523428657575,-0.8648176624776365,0.0,-1.3811708701822842,0.7285199176511129
40,-0.953845405085644,-0.5246398384606235,-0.03319886738129563,-3.1572997717823115,-0.5211913644202242,1.0,7.15264611249113,-0.09521335610876802
40,1.2534339557362628,0.6205493726614337,-0.2635390608093121,1.4598231187081316,0.408786785053322,0.0,5.221924847827496,4.482818844919876
40,3.3919005543320493,4.367326093852332,2.7436147438491,3.811816700622169,3.5008790155833585,1.0,59.20219779488852,23.79945780334204
40,-0.8690764204540684,-3.0611779490749145,-0.5391588398050873,-1.2393438599278728,-0.48676314164190815,1.0,2.4809606319035007,1.4207783175107291
40,-0.052329237355164815,-0.10306327172239516,-0.5611682084818619,-0.4798884363318515,0.43737140110757444,0.0,-0.016428012606187148,1.4724883428202675
40,0.0494933586783568,-0.9412644605719407,0.2719176667512261,0.37078493218592157,0.6606587552880367,1.0,2.636516363835645,2.1224664091722127
40,-0.4928187753032731,0.7183369590226545,-0.36571766952469953,-0.2594006497407231,0.8490136590775563,0.0,0.7949110071606832,1.80456417036129
40,0.670813474553132,-1.6916958235814081,2.2842875422536517,1.0717913545578577,2.0150571709139493,1.0,0.992152234070336,1.3858371081587726
40,0.5227426884416357,1.658310564478127,0.7620820901694803,-0.04463151080549288,1.2870380534640757,0.0,2.6670181097916745,4.68304070971171
40,-0.46764370402369904,0.017008506772545784,0.3922341071938182,1.0600583196655133,-0.3042603240381463,1.0,4.152190128155907,2.2648019023503934
40,1.5883261060998894,-0.6726512815159544,1.5056015877189182,0.4201224231791642,0.6436316132730827,0.0,1.5297129936884113,1.7392741990806302
40,-0.30841046999650723,0.9999929957521505,0.7884604795524643,0.726337946771221,-0.16760734586269466,0.0,3.845041647616624,2.4159165778033875
40,0.03484299656801698,-0.7505143415484972,0.2193852768041415,-0.21751867736604247,-0.8248991990742462,0.0,-0.6038563857003071,1.1805292748100458
41,-0.3736203935652833,0.5488429971001584,-0.04011515913952346,1.0419762843336922,0.6943161490272929,0.0,1.2185639135584494,2.7298364971942206
41,-0.5055921839706816,0.9044347187275004,0.39716753840374386,0.07032833226536223,0.34084665550166654,1.0,2.1977783417565013,2.0684777160314995
41,0.0632670117163382,0.7724782296512305,0.01664060183732008,-0.7994775464371082,-0.33256075092734494,1.0,1.4255595640116125,1.9089077105063508
41,0.5148482888963639,-0.8576959196992535,1.146219036819556,0.0034951242865414733,-1.2571885468459854,0.0,-1.2391765306490754,0.7451913547901641
41,0.9037389641994724,1.2193007795648998,0.19686897547929488,-1.002866099198695,-0.46314756764613607,0.0,1.7951049312927214,3.509560961195597
41,-1.6398882986209649,0.33872796500703306,-0.01911243350006908,0.6369292394346853,0.9160742866763828,1.0,2.6288709524935854,1.5607067162703108
41,0.7831490645267176,0.14892020619735924,1.1220644517380611,1.2090761111269823,0.36046214834355006,1.0,6.483211658928371,3.3622860163828303
41,1.7329441939459511,0.31445031150091524,0.5909001129572947,0.9850476819780276,2.102248576174584,1.0,10.611637243215025,5.23815983466509
41,-0.12766173831722794,-0.20713234311003237,-0.09097356924741229,-0.4722957893241958,1.7324351134518536,0.0,0.496800303135092,2.439493469743528
41,1.1724621056000826,2.628118979358727,1.5720637226289336,-0.695122640157438,0.11908693217604782,1.0,11.77045579671218,6.478407066614914
41,0.054847089727557086,-0.32389193434984354,1.8525776852559457,1.7522703962430608,-0.05406349469199179,1.0,6.180392396558734,2.345038147682785
41,2.0135117494074164,0.9037777195232064,0.8527717478494408,2.858930688895907,2.921551025922851,1.0,23.288383713646468,8.25293677642899
41,0.666513075001895,0.9106432282582293,1.547693072282525,0.6452728966689282,-0.6607160439545539,0.0,2.571295380859536,3.1847599317248365
41,1.0614603992878955,0.04526663034737721,2.032342405278344,-1.111244360276439,0.23481299039586845,1.0,4.250945024142421,1.7340348247369044
41,0.7160682406598586,1.675927141531971,1.0708007065037175,1.5452852660924543,1.1174532319408934,1.0,13.700426520069787,5.74226718811887
41,-0.9476885335965124,-1.0398495965105083,0.5657965994512676,1.2842168062326835,1.1454493891901965,0.0,-0.08512855314169321,3.33357769220919
41,1.9536724426265446,1.4023967318689252,1.2056265462323932,0.8116979983400858,0.5212086836595029,0.0,3.1176179273978954,7.04423293543473
41,0.4658462299598503,-0.46531165755495607,-0.7626596299614206,-0.030841023474424967,0.4972780936144618,1.0,1.2999456997953662,1.358393498038055
41,0.4210123311178733,-0.518316432170769,-0.08628491915661984,0.505070116560085,1.107075719466767,0.0,0.24196991207580232,2.4923405638889244
41,2.174359660213125,0.8798518069370262,-0.8082541771641751,-0.7842752242265918,-0.21973673496712798,0.0,1.2200453111658347,4.224848800003784
41,-0.43241095543584895,0.5177269839244676,-0.031406232123084576,0.3349113765106112,-0.320913912273067,1.0,1.465646408790607,1.8095896753554688
41,1.5397801632612607,1.3930317315860905,2.364457379953624,1.1542193632710862,-2.00660899090156,0.0,6.48543532352531,4.654477129434896
41,-0.09775624761049251,3.0452943470901714,1.4624464229769853,0.7589867690949683,1.3738004331245035,1.0,13.98357567309403,4.081827343063053
41,0.07429115071856096,-0.6387763320511515,1.6338921961470212,1.7740933927613123,-0.8969490870063899,0.0,4.431770917849705,1.862766218882448
41,-0.55623252898063,0.44734004369210595,1.7540037991307935,-1.0101970505931286,1.3723051484672328,1.0,5.565723987204347,1.572600323515042
41,1.652007768406714,0.5786648049863217,0.8254878102396059,2.1701603744727747,1.7306973709393645,0.0,9.727090938131688,6.112666382637432
41,-0.273823674726304,-0.1812526730153573,0.3838614144079154,1.2727797231016678,0.3001793370161516,1.0,3.338469803055229,2.7277287744338476
41,0.8554206458028875,-0.12558469582850051,0.07915539394103693,0.6112894513144169,0.8779960297207468,0.0,1.8880154497861479,3.03857951805713
41,-0.1303707256619785,0.4079532723513005,0.11180458517643077,1.0134277621737382,-0.10022033246664419,1.0,4.1464356371581745,2.591868491981317
41,1.702959744972732,-0.04374190034081571,2.2769447287456335,1.8030416927565451,1.4659688776306221,1.0,12.862799914263203,3.879187838220457
41,1.9747065211187962,0.19350932743815963,-0.6894005406145556,1.0410442440939183,-0.12764059927746296,1.0,7.285703840527792,3.3498610617569713
41,0.8689636697815472,0.22227965678644585,-0.5395081959556138,-0.2483419595898818,-0.49632063562203166,1.0,2.1474075829143753,1.9546506457653368
41,1.152829259387127,2.8797345222442243,1.9502387248963189,1.1923205774224774,1.1803283849876367,0.0,11.374545141277707,8.127165364366638
41,1.1869073597638982,0.290285774129319,0.5538806605649864,-0.5152114053352896,-0.5818269096370126,0.0,2.0110830159913173,2.6620497976254955
41,2.4086378559960875,1.550038367168695,0.5303017893046451,-0.08550583785394839,0.8377632412479552,1.0,12.266175033203254,8.216753264011313
41,0.01691622640396373,0.9156913581229174,0.4512755590672765,1.0150874155359038,0.28420138210451895,1.0,6.49168815265259,3.2569675586830433
41,0.7211545144337408,1.3964992885256486,0.6816785035351767,1.4185867788928448,0.4164641701228884,0.0,7.862077277564569,5.100799586655368
41,-1.1800803402222464,0.06481948884559574,-0.5476305990883394,0.626712970930664,-0.45734738847221046,0.0,0.44709207569067,1.030505444983163
41,-0.5013771922680081,0.017856639176496603,1.0268505480300116,-1.6344355698061515,-0.37256028795129037,0.0,-0.08910341103310104,0.7767304662193608
41,-0.7973722525945222,0.6227414683120368,-0.07158825820621018,0.9617130143782049,-1.2138878554333257,0.0,-0.22984088322617738,1.2516849456619161
41,3.2323138764134223,0.9083522856048397,1.4337326149278962,3.068532039501061,2.2752206611517036,1.0,25.06467316423482,9.531790394020199
41,-0.7046165849563295,1.049403242922824,1.6741081305878236,1.4227722397293092,1.6186092222099344,0.0,3.9062981363962894,2.687583074272954
41,0.4134916230938921,-0.7688719353318139,-0.32120698984309703,-0.6075035659871724,0.05863985682148204,0.0,-0.46887784388286735,1.0182074379813246
41,0.013643163416328374,1.1432062171965924,0.5031168254128322,1.3343977929346278,0.0009283416816122658,1.0,7.527902931185549,3.389327135489646
41,0.2111829299053331,-0.24486846411413044,1.5802566469647619,0.09438082583491858,0.29287720713326637,0.0,0.9104411343530328,1.9057423541112863
41,1.5028551511942545,1.3769980685359253,-1.0492300698793249,-0.9234792361186903,-0.07268065372623433,1.0,2.7952810542481283,3.984899026103063
41,1.6148938759270617,-0.19250622508300763,0.6458164428565791,0.6147150631608695,-1.534208966091485,0.0,1.1178594445022847,2.062086627916072
41,0.7846012016639461,1.2115895380340633,0.6809838447922455,1.302303884285978,-0.5725449262495363,0.0,4.273443501619495,4.431035086511038
41,-0.15503064602467176,-0.4459766328674505,0.9498486613883645,-1.7534588448989838,0.2506105001802774,0.0,2.5732536204609224,1.0739427483694548
41,-0.2748215617843637,0.26765381609458205,-1.2756868457140702,0.2766649854478774,0.7181128200989766,1.0,0.017113679197823972,1.0732491674285356
42,0.1068904870441203,0.0951774127595213,1.0201787427229905,0.2712529207965677,1.2831757185077248,1.0,3.2428290447713346,2.9217248357047634
42,1.9745793604083737,0.5608421002533913,1.1951741395954245,0.5515802031927006,2.674959887067255,1.0,12.472106094915432,5.952846488951919
42,1.9736445596207774,1.4452515424129087,-0.7067474401651477,0.7239861440795535,-1.6434315300294284,0.0,1.2714363165664555,5.5092424711142804
42,0.2698056793911311,0.5238131635733787,0.503339641660408,1.430520230705472,1.2860540106440406,1.0,10.425282325730572,4.024070690898801
42,1.45625676716433,0.51992449374042,-1.2494949290244821,-0.5902246213087017,2.368270742043859,0.0,1.531672908879685,3.325311415475183
42,1.4527958214975174,1.1720592686261373,0.008380676069550397,0.21329532567631038,1.4688972112437506,1.0,9.409370859734002,5.860441841903974
42,1.1887564815934255,0.9062600190365107,0.041683849072478185,2.945265310151516,0.645404667965759,1.0,18.87585406152665,5.94013898969847
42,0.6518232496865424,-0.1245187972437849,-1.25927445331329,1.4234551418613257,0.4155636503043376,0.0,3.14266897462331,1.7788677623977753
42,3.2861243918244467,0.9762349316200454,1.6539621813648127,1.451085527921692,0.5049382543024195,0.0,8.381598742856296,8.061132047007066
42,1.321039123161531,-1.2332985340391946,0.6728169052423189,1.4069522185021728,1.057919663904457,0.0,3.613219163084918,1.76554837410122
42,1.4904192618958771,1.4381296961483112,1.762467173312709,0.23504638253655297,-1.0054753400021186,1.0,10.770244183264218,4.9132103782410645
42,2.772932784617038,2.3221177066754484,-0.5033036595515896,1.2454725248400658,0.5626432373510212,1.0,14.58263870015113,11.515001532520929
42,-0.5888668164264605,0.1544269982995553,0.43914133709225317,-0.1569688657465388,1.3057545616685742,0.0,1.1729876024561758,2.3909237406417763
42,1.04059711830709,1.741230388739221,0.24337824054306573,2.0510609316222266,-0.5852161738004089,1.0,12.10596665999925,6.0279739945695106
42,0.916933391369436,-0.253206411578799,-1.0956255673845525,-1.021588149692106,0.6972609288792642,0.0,-0.03842997484427646,0.8472039777224585
42,-0.06834530056286092,-1.8241846005879148,-1.063503858479897,-0.6995299728606803,-0.3020444780318784,0.0,0.13661062961835657,-0.36831718343585285
42,-0.015757373029485655,-1.6764719948313918,-0.6919671139509758,0.37886338517488083,1.520189183410607,0.0,0.576197744892254,1.5538372204339101
42,0.5002125721641002,-1.1343180231462147,0.33416977575320694,-0.07376235816745436,0.8556471550185756,0.0,0.47244456855222794,1.618257361060841
42,0.6058252701352596,2.0777992057960666,0.10923210546323348,0.9732870868309071,1.1663069485190984,1.0,10.43869108929961,5.719048676567327
42,1.3192016097791415,3.1174348931246327,0.9516994731886466,0.9482610657234443,0.8625537439327884,1.0,17.651778899636557,9.292400394542705
42,1.0574085488899259,-0.10478480812087732,0.9067212098568019,1.478796979883,1.4031042737685149,1.0,8.51636233914542,3.876153813145181
42,1.5322553556386054,0.16975593822805835,-0.8003980281708167,1.2516185135401638,0.3797795393116752,1.0,6.8871782207713865,3.2230362310088854
42,0.12404382712118,0.33405562302623826,1.427210243927497,1.3302382746310126,1.301861817813916,0.0,5.355317121979743,3.4432356376031765
42,0.3539617046585293,1.5748289374534443,-0.3454748398225994,0.8978923387880896,1.321493123280618,1.0,7.9439243049313895,4.399694524694478
42,1.9305797002487788,1.576693009458976,-0.22846915247990895,2.42942985455043,1.115671462342195,1.0,17.851249580714242,8.429898207450975
42,-0.2922463975940719,0.7808503339419917,0.11808663056628327,0.4659516923375373,1.0527944391407087,1.0,6.585438166566849,2.827553524106914
42,-0.07930609368348929,1.232259559850088,1.9506516819087008,1.4687102656209614,0.385985978489713,1.0,9.950807447143776,3.0106388650544424
42,2.09555412041735,0.12452790696251365,1.4438521624434442,1.5990699265842678,-0.006969207862130289,0.0,6.74347193121011,4.015575914698074
42,0.6163151358562584,1.036095217941894,1.3368172299119754,0.8575886000596956,0.49996212369402404,0.0,4.788430875060315,4.0438003401607165
42,2.3290796411721715,0.07274240173937013,1.043336231854715,1.2210538894298135,1.2026406201677018,0.0,3.802743386854253,4.607189504013364
42,0.6377003195210933,-0.5883699987833435,-0.16980477466541588,0.8228976827390195,0.7101659336598163,1.0,5.909131357458313,2.3167086218231123
42,-0.6931295239629831,-1.0041125537792992,-0.013073738977906313,-0.02791157155507762,-1.3772152589465108,0.0,-1.6625640531302426,1.138173272687247
42,-0.5098293390705073,0.4560783079847487,0.08945875175624113,-2.1622523047971876,-0.8449058639470517,1.0,3.6460294260214794,0.2777539073733817
42,1.1799234225714859,1.88816321752617,-0.9999340250344873,-1.223769913951904,0.22293006360887668,1.0,6.192193705865421,4.301902209068555
42,-0.31305078580382206,2.6150117383754043,1.829039695478798,0.43569084488915133,0.46192652898032166,1.0,8.179625776516353,2.440294966152744
42,-0.5430550426932632,-0.5518271013269582,-0.4549830314026575,-0.5761271215281392,-0.09113907752091666,0.0,0.6280781592377997,1.089375287942735
42,1.9768526972501528,1.0668861237550216,-0.4011977315972387,-0.18405193428242184,0.09168872243027798,1.0,7.601933748472461,5.304759564984044
42,0.7963177831030194,0.3928296336483822,2.456289104049713,0.7830175142801103,3.4335770447179343,0.0,3.74029959204775,4.469605799088795
42,0.5091107543991867,0.003849210630769262,0.011473909373863889,1.2800440861773854,-0.7683054924624375,0.0,2.1123185812414342,2.519980084011455
42,-0.3305478206150979,1.4716608338152546,0.11945085059675259,-1.01334359930481,0.436791606236382,0.0,1.395813726950966,1.848425880101569
42,1.7719223268010533,1.1888387198747679,0.2864043640349646,0.59661993603833,1.76868291754262,0.0,5.2347508361424415,6.872029861891383
42,0.523851192897417,0.2523669892891506,1.5913541631557466,0.3086163898415142,0.21727794793212069,0.0,1.1494292562222366,2.558379701594928
42,0.7015589522708484,0.44848465143031513,0.23800820992554605,1.2959514124186167,1.5940084466539677,1.0,8.513613656515394,4.425453760028802
42,-1.3298184839853806,-0.8129286473864559,0.8182562049414497,0.8814832093152556,0.4610141872217053,0.0,-1.8844194971673094,2.7735459143793477
42,0.6145202871532807,-0.5734842033743544,-0.5731003622009645,-0.11281850185719255,0.7102335207027961,1.0,2.201835332562428,1.5204815696362446
42,0.4083639680724996,-0.8892882139716114,0.04305079234022485,-0.9987173772386158,0.536704825653375,1.0,1.8328297612852045,1.1859771913652732
42,1.9746355644471758,1.2319033038087812,0.0999302044693533,1.4994216965440337,-0.41948158577583905,0.0,3.917193521074245,6.620775798188317
42,0.17929332669007642,1.1819415196239103,2.7291193789647967,0.9705535287871085,0.9907205349070474,1.0,12.314304976606955,3.321596223060113
42,-0.7579407235968874,2.204962036208972,-0.6387919612534947,-0.027155612110499106,0.9516350898927414,1.0,0.34095764165297004,0.9979405010115403
42,0.7812606353992833,-0.09039474727275432,0.23812403176531166,-0.9110236054092002,0.6664229195346814,1.0,4.627750153149305,2.2433549472911536
43,-0.5761155053529643,1.2147707026800076,0.4122679744444843,1.0457574938379577,1.5762081297286228,0.0,3.0814550670169987,3.0528105895291224
43,0.29104172391323874,-0.7789985436729625,0.35562902914575456,0.8968496264547954,-1.5903233602493598,1.0,1.9183908531546896,1.2978058175796219
43,-0.466072559767845,0.822021574508859,-0.3759604240824207,0.6721238764788157,-0.1850495471103114,0.0,-1.020836784685133,1.7805651764497519
43,0.7742666917630558,-0.3374854150539778,0.8742881090651832,0.4860031031658254,0.1665326657985094,0.0,0.831987401246557,2.3620419644906887
43,1.2690139174621193,1.726669074560335,1.305642855054355,0.8589732179971674,-0.5197034291845153,0.0,5.395025854598613,5.77352228390362
43,0.10420325936025343,1.0233685220264526,-0.7225682117628898,-0.109232557527984,0.4735778867358807,0.0,0.3174926976268201,2.2414225971237953
43,1.574198809508321,1.7857263840707804,1.3747071705143386,1.747542753900977,1.0891527250714335,1.0,17.573320953999584,7.791587203497859
43,0.2885523588705686,1.5747421584964425,-0.08723098272721075,0.02831586576053341,0.3456392317803402,1.0,4.983312729235517,3.525602670276786
43,0.9567303081679346,1.315851819901121,-0.018566099620992205,0.9358441602565806,0.9220554656482389,1.0,8.826415202989745,5.314700799256909
43,0.5268319841606753,1.2575807121655487,1.1585469360026073,-1.2519008995508598,0.600040468417596,1.0,7.619108120770165,3.2087546233760267
43,-0.7388595330321799,1.1777443498316285,-1.7421309026045484,-0.21293060942474484,1.544546748096431,0.0,-3.5485042057973666,-0.026500149514718574
43,1.7653752390417181,0.8730122900093078,0.9933566667163365,0.6894844055585411,0.5882166216328102,1.0,11.506407578754997,5.541797405816473
43,1.4306378489192229,1.6669770709034473,0.5249274884856625,0.20066074273687562,-0.031743237611815744,0.0,4.194534799158958,6.145930730693653
43,-0.2384568931395621,2.4271758592203723,0.3596575828388714,0.9622168352358353,2.051528508209697,0.0,4.276854192155868,4.138301525241322
43,-1.3452984036138842,-0.8103915795632985,-0.30344390506614705,0.8038341529783899,-0.29120479168308266,0.0,-1.4466579458266073,2.071279317045118
43,-0.2610082520355448,-0.4835501718420807,-0.3681017989067622,1.0896114113963955,-0.22652668940743603,0.0,0.6299392820337135,1.934434919063143
43,1.6620331603647016,1.146219112146793,-0.17827306060806825,0.6971851834814513,0.17113301008471848,0.0,3.7844793218794908,5.63835427495584
43,-0.5267010228185587,-0.20423915191324082,1.6096986477315294,1.743599239527396,1.0314144846987472,1.0,7.339021304357227,2.8955665595471
43,-1.0141430932767501,-0.7190418202205344,0.37341095115307976,-0.10635619471491642,-0.16410795427319413,1.0,-0.6878894402013236,1.8451807118939187
43,0.4918480900778367,0.5718430592037247,-0.45125179023338613,0.27114068634792665,0.5726157113051773,1.0,4.068873387330156,2.909259706241013
43,0.9995876923236773,-1.1114899420599236,0.232914680410155,-0.12146184311690411,1.3203895124441636,0.0,0.5875530494223561,1.5219361622790668
43,-0.5533595633008164,1.9067884718308619,1.3357155680021653,-0.4216902780687265,-0.6380145320079635,1.0,5.141894830145413,0.9925017209855561
43,0.4220703289721977,1.3032183116765115,0.4522446762334019,1.6898505730427047,0.2940096878687567,1.0,7.8438433576112185,4.530215048321946
43,0.8398726580198081,0.5845390352116089,0.7557852407278289,2.0105532270738853,1.7754996926380209,1.0,11.541890036159781,5.2017964821929255
43,0.511400211742126,-0.09210690721840631,-0.14029778064202136,1.747286601225988,0.959593767416677,0.0,4.474477490773999,3.436008853479894
43,-1.1703803387013623,-0.8164696981266233,-0.6152167630157421,1.2422017330672146,0.9984235079444365,0.0,2.1649927517005305,2.5915076668608092
43,-0.28909363787080156,-0.36569188316447987,1.0097107253539699,0.8581919062572703,-0.8461621042984357,1.0,0.9804875175795511,1.8213023660826382
43,0.2882255520785806,-1.4042977360751818,0.4291135911440996,1.0589782896578226,-0.2522256660337985,1.0,1.6482214896682819,1.5644774356237652
43,-0.1929570820034786,0.8901461592001446,-0.1266035636747619,1.0521544011355164,0.4072189675223,0.0,0.720816037879205,2.8352159034189564
43,0.1785343189966454,1.1483284630039554,-0.24805080166825366,-0.7787242882641654,0.7836589130251881,0.0,1.641352637846178,2.716282162833669
43,-0.3161271252429527,-0.7413282338315177,0.7622754006278922,0.7774337717380668,-0.827792779351459,0.0,-1.2113293524019626,1.7848510437978367
43,-0.9287625699719988,0.40538199437426337,0.11484794685873795,-0.39862740480365877,0.34720873515851747,1.0,2.9601353085322395,1.3869329483173618
43,-0.018716382583338076,0.2495926604947774,-1.2891084571601776,-1.1073800531562465,-1.003648086407994,1.0,-1.045438031729463,-0.3113242407000509
43,0.597295645781789,-0.6738881681519278,0.12916645531676385,-0.952404241325314,-0.5105113397204399,1.0,1.6558023821973773,0.8839883124550797
43,-0.5104759109868322,-0.3344853033178231,0.45301175740834376,0.13159413091423372,-0.430078743254529,1.0,0.5029201070554399,1.7246626651360761
43,0.6504173405252806,-0.940246378715482,0.9957547399428983,-1.6867554668042049,1.135914837253369,0.0,2.0616693570734137,1.0098596765977201
43,0.15047772549085925,-0.6734032018115188,-1.6676260822343476,0.0930164247239878,-1.2760036304506261,1.0,-1.7068515532636652,-0.8847800779906896
43,0.537057840867448,1.9852564464239884,-0.5097279835146171,0.9903602859256666,1.7126584702133842,1.0,7.743509538762897,5.296877338257161
43,-0.045697863697375496,0.14691519394139274,-0.1304831256935659,-0.04304534277733674,0.31557163563994695,0.0,0.8200781084498026,2.1064156866104407
43,-0.9027970985776381,-1.2812336402298636,1.4093134540086916,0.8732948533790057,-0.45341134167110175,0.0,-0.5230674014309593,2.1400590898408844
43,1.865008357087586,2.0893440845427618,1.7703037462562923,3.435939488387734,2.8897681103387596,1.0,32.71963229618562,10.723639526820651
43,1.321437978450629,1.5103993152600559,-0.21339154982870367,1.34191022768721,0.5570316519381299,1.0,10.48741379342731,6.231911118557235
43,-0.6986722731143298,-1.2150094540585081,1.0316300432757928,0.20668744848604342,0.20442841594154126,0.0,-3.5147579421632504,2.1268462345765946
43,1.0316827791819752,1.2658907378936832,0.3441721502171631,-2.2853986769604835,0.5467625876243445,1.0,11.186819432100357,3.6989075697334886
43,1.1749360101759425,0.8778595855312625,-1.1554487988545852,1.6006018067906858,0.6928206960815353,1.0,7.163897209662063,4.030321423302694
43,-0.7108086994760905,0.9104783796896619,0.7753746534890569,0.4599720734061491,0.7848469726208718,0.0,1.5348227134848937,2.1769145697496657
43,-0.10527590971115453,1.0863794355578258,0.6975907979335779,1.1343708355668765,-1.2493489170548975,1.0,3.2373345133359317,2.4338805544743476
43,-1.1698128655262032,-0.5302516960734107,-2.0946038319023894,-2.212784151921105,-2.2947691161679273,1.0,-2.221247673984282,-3.0309963289259185
43,-0.1837221520718879,0.018168578849397155,-0.3353310642598717,0.7786428820024753,-0.9144043469997689,0.0,-0.47488811279051724,1.6226403925112534
43,0.7924768732520211,0.9413037139681619,0.5203146332424792,-0.28973989299516834,2.4385119542305764,1.0,9.277484151819264,4.8150578665918955
44,-0.562526997631291,0.23546773831108053,-0.4248820713856881,1.3353907235122104,-0.5058837711221271,0.0,3.10781216098582,1.8174132020083138
44,0.7278035785739763,0.6226115540922137,0.3744971004675209,-0.24803352839211779,0.9826273789917739,1.0,4.147421601005155,3.613583661518309
44,0.6223920610124684,1.6817991508689936,1.9618981407003975,0.6498656483101044,1.7280519407593684,0.0,6.5895149827223385,4.987534648736776
44,0.4336505748221755,1.686301182507958,1.133115212786408,1.3284690605065197,1.4077579024469293,1.0,12.467819746190758,5.149752749454302
44,-1.0949832297574136,-1.2975856435709916,-1.9713233234884315,-0.4381675933338546,-0.33277866103789355,0.0,-0.8909500658691635,-0.5364883910189389
44,2.5480378203167304,0.5206676344402014,0.9928952276725764,0.4367232547760186,1.1379578375549393,1.0,10.217534454452865,5.691088790511842
44,0.38652358338593584,1.8584978933849274,0.40414471371433575,1.1050857752033878,1.8545165105914831,0.0,5.927959409218278,5.442176563404713
44,1.790006148147422,0.08191577686631518,1.4679178682540788,3.1300273875094122,0.7491652537418172,1.0,18.585502620747736,4.8588430388241814
44,0.712584251587157,0.7684838389414088,-0.5224491156672464,0.8836223062869015,0.7189308398505881,0.0,2.523796988089454,3.6947952030310307
44,1.9799759512597528,-0.026604813783067227,0.16084113486155716,0.415860896512146,0.7254553964072119,1.0,5.631101755100445,3.5621803172088398
44,1.0088099335325023,0.13037753920535222,1.3248944944055776,0.045307338381174345,0.1740533865287165,1.0,3.225685003187195,2.7166786299825465
44,0.0264697222364641,0.10338079797702493,-0.2900782646625458,0.8427716676842886,1.6835670199789972,0.0,2.9938457126891524,3.1440134252376755
44,0.2665261411684685,2.094439595708547,0.013553530935409508,0.9866929749845279,-0.10562845854386305,0.0,2.1627624078817607,4.185922947786817
44,0.09980237108213386,-0.5567821572819238,1.2452824066315777,-0.3887401921513163,0.4333202376963957,0.0,1.6465186988491982,1.6806689140001745
44,0.9388516564148011,1.5327557108135201,1.867617166320216,-0.7068746319719539,1.9246343694072598,1.0,11.434334960604243,4.925040823116379
44,2.021847103058486,0.11428753922466484,0.35928600452811954,1.1978105317628507,-0.1905496034233064,1.0,7.984683260512878,3.9185608249812693
44,1.1100041483478043,1.6628060787613943,0.8740582618802297,1.2398447989577406,2.1351195180074867,0.0,7.567432043966315,6.998357447090902
44,-0.721552996096791,0.6566751190127404,0.2835315456358617,1.1763996523556273,1.0107387639657328,0.0,2.0848466929930143,2.68914362755915
44,0.5574613693923954,0.5546128034113458,1.0063806199999066,1.2285282324931712,-0.059414064550185164,1.0,8.596634671830854,3.4878819305094786
44,-0.06209999180546666,-0.4934568248275025,0.38000028463546015,-0.05045501901216631,-0.5527337984297931,1.0,2.4191924310753743,1.5699355200577594
44,0.4188761337842684,-0.2705598543128078,-0.11144097718897594,0.46821662845571993,0.9007933592518609,1.0,5.485890676265272,2.5834084573147127
44,-0.5627637798293104,1.9197145513546616,-0.2760523936750867,-0.19935872480072914,-0.8147645007813313,0.0,-1.945158353406648,0.9151806494639527
44,1.954014908569976,-0.6502493962632141,0.9739212673269524,-0.11805749393460208,1.671232588074397,0.0,1.8960867163381452,2.2068945182407425
44,2.4323434799718946,1.2145471195825073,1.0763642132241573,0.4037324718198917,1.5403423935944403,0.0,4.818344620839154,7.7623924589432605
44,-0.2318263504965853,-1.4832170213420457,-0.7756454084182542,-0.48161421192196296,-1.086889334874047,1.0,-2.1975883601638837,0.028221908170802612
44,-1.1161732224430878,-0.2704398544468428,-1.0411033593294052,-0.6631442811085824,-0.6247924797635196,0.0,0.09773349355329808,-0.05070046719144505
44,0.748339864060818,-0.0014574569920853264,-0.6398841574322636,0.05873527206896173,0.8435427520420695,0.0,1.4392013128603762,2.305712396862062
44,-0.0003462151959214843,-0.047074191571919166,0.31484645428160013,0.7008842544071912,-0.5905165130496939,0.0,1.3093743248504062,2.139757130934475
44,1.3635120585795875,1.319210331959925,0.8237073204558889,-0.5608389314596649,-0.18583401768712915,0.0,3.0980216157405023,4.858143509664927
44,0.5209960061835454,-0.10145849337414925,1.0052522488041786,1.657276744741275,0.7503450846144055,0.0,3.736663157777552,3.399221584453387
44,1.7046907226440289,2.3303178873856916,0.04345179173705355,0.12879431941768538,2.8163485089209064,0.0,4.786026420420976,9.4833290179104
44,1.127308114476894,0.7870375701638563,1.0554430055693897,2.31219347392129,1.8772698218163124,1.0,15.559502209404032,5.9597021433956545
44,0.6503443030317828,-0.2909613128424505,-0.5165064349381123,-0.5201115838147348,-0.31939098208468397,1.0,3.415225295134525,1.1820117258424716
44,0.029343498760762976,0.14300425386144378,-0.4031083148806266,-0.12213588618836035,1.0498319504766958,0.0,0.6020641106102407,2.272510107817028
44,0.8765315921816424,-1.5144530684179967,0.6174474050629603,0.667694869190997,-0.6409756874627492,0.0,0.5209306739122469,0.4910155468844174
44,1.0215923373869398,-0.4213821749619764,0.9471513744546023,0.373401679347706,-0.12729148838232374,0.0,1.5501191521883968,2.050252905305121
44,1.1796649367724752,-0.2364966267620744,0.6580590923616894,-0.29503266663404937,0.4133943997769659,0.0,2.2171571822781435,2.3719885354344346
44,1.6906194238986552,0.3653748720593915,0.3015058341196285,0.009450604914814087,1.4712574037828234,0.0,1.362432514494996,4.491704326849378
44,0.7424171518117861,2.2229096931066206,2.4280221352520694,1.327823519300098,-1.1289783128090598,1.0,16.402381688836666,4.6903937139401375
44,1.0704468271382392,0.2438300774926474,0.1267445588629506,-0.2849794668016735,-0.5952596463048327,0.0,3.1257938576345596,2.533376963065798
44,1.2610629819661456,0.5280841918381831,1.2093953220440494,0.9910529882237561,0.0732234139316113,0.0,4.3668353966489954,4.050941957708544
44,-2.022316172941904,-0.6780300125981047,-1.771454501559421,-0.4856623972074823,-1.3969293392776512,1.0,-4.262040731731036,-1.005319494381528
44,2.663520816116763,0.7808028679456682,1.4072123635665685,1.2676928303514363,1.0144781471299058,1.0,14.522499916617635,6.809393566729902
44,-0.21943061976998324,-0.1227174654431703,-2.4949856543875923,0.26538700875650933,0.6105771123729359,0.0,-0.9181500704111325,-0.751789449868626
44,-0.3567440695741213,1.0000007251224252,1.1121685596332611,0.16645034904081318,0.1303055359274467,1.0,4.7944452720916155,2.112064318524901
44,0.7552041230470621,0.39216482156520965,1.0131470284541955,1.5525773805008782,1.550099617845129,0.0,5.162809115233194,4.456954064012893
44,1.3500271988967976,1.9051926391613858,0.005937019844489688,1.0130610346515008,1.6836135906278722,1.0,12.867992424814807,7.550959999546317
44,-0.9226881625938876,-0.8206518896206692,-0.7686814885736961,0.4864852286818105,-1.0714275649452556,0.0,-0.32257683542016236,0.9275517532149831
44,1.2584603731757984,0.4827300906458123,-0.15193659012296057,0.005159350700756238,-0.2769829430934434,0.0,0.9052587684611885,3.254691654242188
44,1.2345874944298478,0.6244852427205797,-0.04192423519024002,1.6756825903395698,-0.5651499584521791,1.0,10.420280207916532,4.233943546007905
45,0.6959402638564045,-0.5466100866784205,0.3584865667214333,0.5233625475585273,0.9134196093335948,1.0,5.117800187328033,2.528320377642038
45,0.524547738886379,1.0130330174858977,-0.6146096553760505,0.6090046270083991,0.2729615571555024,0.0,1.6814957752094308,3.250851418646611
45,0.7135836042610247,0.3750162595708999,1.6880899264361728,0.3813247773142459,-0.17134990151627472,1.0,4.7137786211999115,2.643912952695224
45,-1.2118254571971834,-0.15686817861517366,1.261730733504761,-0.44121138687838934,-0.0007294399164751164,1.0,-1.7029885787119026,1.2198136242382347
45,1.0935287562588254,0.9018462699094849,0.6435604707886289,0.488069079766582,0.9196383538498961,1.0,9.280404547702084,4.8094806765507645
45,-1.017367543448243,-0.1612185670471713,1.8052227509380163,1.6841295029491476,0.09366206020033518,1.0,6.102087163754105,2.1339475028161448
45,1.215681945402773,0.6838639137841502,2.049093537136006,0.7716558789795682,0.973287457645343,1.0,9.026527312546502,4.217884238546917
45,1.1371325486761485,0.9577137415181138,1.3479574169820294,-0.2538165504835588,0.6795386895831896,0.0,3.6478612150179965,4.244309615737045
45,0.13555338656649563,-0.8302362088485049,-0.5530790918875395,-0.8116876482672455,-0.5521293845811117,0.0,-0.8690085035979203,0.4325802780207868
45,0.5326959809866111,1.1279600088375457,0.8740925220315976,0.4468851940833042,-0.08386363083218218,1.0,6.194988746181957,3.691437923924965
45,1.4584910355813983,-0.476275365661219,-0.7805203078128717,-0.532703616740124,0.7938670539514672,0.0,2.667437041180867,1.2473335683971984
45,0.17389696502149765,1.3453244606374017,-2.144286071558209,-0.4821915112908356,0.09144219282138943,0.0,-3.3246834330127304,0.18347408210188298
45,0.3263884355967666,0.5481948360300263,-0.059494728548773246,-1.3083919634201264,0.7131509811740218,1.0,4.005409266581216,2.2870789459645975
45,0.6684101271865847,0.06866081585370953,0.5953300296726436,0.7930023771083894,0.8456414067943856,1.0,6.5497480468062745,3.3593794321867607
45,2.0674158631341086,1.2723518626213854,1.3176426716937066,1.2785550519454638,2.7975394344290123,0.0,7.521851055887385,8.247691205692394
45,-0.28367910209668257,-1.287444143476366,-1.8240573149325967,1.352574959347547,0.4786581074981228,0.0,2.135985548502867,0.3326850016738175
45,1.3131847367405056,0.48246973764035445,0.5071274495398019,0.3375618766298205,1.759334314967489,1.0,8.220146878687503,4.707554171916583
45,0.8270482703431763,0.390463154167347,2.013711266948204,2.0947979210175713,3.331068093536599,1.0,14.751251347716044,5.222901280586348
45,0.43321284786628134,-0.23196739965059487,0.8588274198084791,1.1704777485776472,0.449659721542793,1.0,3.520107090189511,2.8929395618629514
45,-0.07621965970954203,0.6570307768597222,1.3600945566613336,0.7859489223625544,1.0990207436918098,0.0,3.5452860808367355,3.072005209046112
45,0.14722553758543383,2.1281570562663554,1.2238278005444991,1.6152601017159143,-0.10793248457328497,1.0,13.026414762934108,4.156636624955888
45,1.5468182975381346,0.8933414380949991,0.20312934575583702,-0.05455268154942983,0.9229505258262913,0.0,0.4766641750605203,5.117120420259643
45,0.08617480058305904,0.5131106455560062,0.5076804557447685,-0.07142733976793492,0.8071566483899595,0.0,-1.2448019304509734,2.839439320363383
45,-1.5575759076073097,0.07518506019236659,-1.0755382733836427,-0.9185324704393807,-0.5086809102634338,1.0,-2.471339874278634,-0.6344189747390852
45,1.254938461149746,0.5217724880506169,1.3636424087083783,-0.21080952214803883,-0.6562283828480746,1.0,4.741840168473502,2.997125592906569
45,0.12809835233417288,1.3449427251288824,-0.6329066588870267,-0.28784834395971215,0.2535284934490083,0.0,-0.48260979743912136,2.381503885607728
45,2.4298010085409896,1.8466223284646244,1.3096851737501982,2.6733237025728434,2.91354406209892,1.0,25.59181833720711,11.33156713394554
45,-0.43033208364536135,-0.8270501714255951,0.17380058409069493,-0.1789472666272578,-0.5508951403465918,0.0,-1.8331964616376704,1.4341288431838193
45,-0.3108131018059307,1.1729468787813573,-1.0208162872064956,1.8487046713825122,0.6561532357891683,1.0,7.461379203419577,2.331190652908865
45,-0.10715265645549898,0.6044072449014805,1.0919697807974322,1.5623013892124065,0.6878012975900076,1.0,9.156631637257847,3.3156376962551546
45,1.067443076293928,0.6282060256292809,0.37144555441597016,1.398162987699054,0.8112557741959086,1.0,9.305781263900395,4.740634518556407
45,1.0797132406455945,-0.22916189844078827,-0.3644171859658426,1.749981614891771,-0.12897033637560473,1.0,8.58399083946938,2.7404752189428327
45,-0.9019289433631961,-0.6331413347716777,0.5048097430002695,0.33412799695068307,1.294564950762207,1.0,2.7211583202488048,2.7455312076973524
45,-0.7364329965190044,0.2437777518620866,1.2385271542760243,1.2986523176615976,-0.034246819330496225,0.0,3.1591446524434903,2.1518016492550904
45,2.056685476561438,0.13489552102839414,1.4859635117576113,1.284366328819975,2.4808199242214144,1.0,10.526461837096676,5.0835341403928345
45,-0.38441551637822735,-0.2765114323715351,1.256746367847596,1.1902388564474427,0.6703845918623823,0.0,2.8532421720949976,2.64342975471742
45,-0.21678586172678938,1.4563424022687799,3.2962353363140466,1.1228913644520913,1.641003283776191,1.0,14.253941122105788,3.3460621895199854
45,0.37753581729699637,1.3550686522049542,0.4765008053903334,0.4319293135817269,0.6174675264891485,0.0,2.786094853623996,4.029443352930666
45,0.32257151953284485,1.1903376041593743,-0.4278604038526963,0.5862876972082283,-0.73640491530318,0.0,-0.5856566888224879,2.761290364196735
45,1.8488244199052963,-0.5204363607938056,-0.030952097449467475,1.611594707864387,1.0932942240546992,1.0,7.535228222700656,3.03848801602159
45,-0.27030305040534053,-2.169285636705233,-0.6169005589646062,0.6368939479800676,1.9396298883858836,1.0,4.526340667173342,2.162057248673335
45,1.9647944929824672,0.46813939708159846,-0.9157740416240459,0.6997075622940607,0.45427762918692294,1.0,5.9140090121207525,3.86454714568128
45,-2.737330305427245,-2.2679522157577763,-1.1401629981477859,-1.399278993805588,-1.5902922710217897,0.0,-0.7969401038830259,3.058072332209261
45,1.8510029522959812,2.3007934640514507,1.4412277191084755,1.5522751399770192,0.03998803765955644,1.0,19.2232696711302,8.980625529519937
45,1.5583063265039399,-0.28937972276937485,0.9038549096168056,-0.10908011151309593,0.3042123069122642,1.0,4.069995837213457,2.351600304275936
45,0.1348012166545393,1.3516316744145571,1.4294225453550853,0.4486695726841003,0.25808076624000764,1.0,6.768805526371476,3.1344078047492614
45,1.8611185082661843,0.06160335981770265,1.7892796906136565,0.7582439816737641,0.3533096029200816,1.0,7.08138186861277,3.309679433490595
45,0.6526523695505023,0.9005189266376707,-0.491904135953265,0.7419190918832157,0.6604921902205068,1.0,5.630194979705558,3.701000156390389
45,-0.5839543147584907,-0.9488020919609794,-0.26654726755357583,0.26311410878093855,-0.17865800809302557,1.0,-0.3716081991664705,1.6613193907570756
45,0.09757177856692595,0.7788801222433039,1.3778643975850653,1.4211007001332852,1.1978764655604972,0.0,4.980034891570786,3.7043806968802016
46,2.50913108402127,0.6015508894866008,3.4564671285564663,1.3840333177561432,1.1305004825771436,1.0,13.685699248154455,6.099376225484086
46,-0.7020729749175862,0.0749083568441225,0.11529651368586835,1.2033673790402277,1.016349145301995,1.0,3.6643002949608503,2.7946937937229537
46,1.9835590726870842,1.7721114225320562,0.38019370178950557,0.5644213754635918,0.6085064154006526,0.0,4.015287290460336,8.098076454108664
46,0.04705455772242173,2.020269981170554,1.2018638581128562,1.8481651476026761,0.8569454555349261,0.0,8.940271090105915,4.442832347976929
46,-0.3401137378490363,0.3704728874452804,0.5931704370142948,-0.36871429425570623,1.6241780822082819,0.0,1.2539464064653922,2.642666367068055
46,-0.9172583470928173,-0.36875923832426727,-2.413662643759708,-0.22198623907051673,-1.50268785652479,0.0,-2.3402921420833267,-2.120482891430491
46,1.4387436514115564,0.6785306477846141,1.2899382237773611,0.7071160385897013,0.5014116866073491,1.0,8.646518699500168,4.561282017162153
46,0.6016757395273626,-0.014583689108146669,1.2144949799610356,-0.9787367943178473,-0.6735330327478406,1.0,4.145109013574778,1.414694223586265
46,-0.30604714792426446,0.4826092730651041,2.0915460278397324,0.9940670433874157,0.27338115523105366,0.0,3.0578481227414582,2.122546381123765
46,0.9181621033670926,1.8131996387052474,1.2709071086700277,1.272430473096366,2.51550767446253,0.0,7.859135500262264,6.855329064129199
46,-0.16259679825053674,2.0761437486842738,-0.1869209802337426,0.2338704931712547,0.6208807355436824,0.0,0.8819898928807111,2.9356953528081733
46,0.7146370712771417,0.6720297192222788,1.5867489466839275,-0.010807620741889012,0.6313958464161037,0.0,4.867570499453451,3.2613073885073036
46,0.005709862473439575,-0.060357592755420186,0.04740845434822033,1.4660178669894819,1.2343828287846217,1.0,5.802542254559874,3.3451125060592357
46,-1.3278914655795517,0.9807442038353371,0.7315486801801342,2.0130589613832814,2.8275761289268617,0.0,6.4262033480968315,3.054337137537913
46,0.8661801137625248,0.9761845509187161,1.5072345071433442,1.660370352096067,0.740361802000412,1.0,12.160906044372087,4.784236337221595
46,1.2099940302855383,0.05042260535332882,0.41400445676318387,0.7771129807729626,-0.06397964324918048,0.0,1.7676516931326685,3.1703055263798094
46,-0.520705123028081,0.08537080654680845,-0.6369766100613605,-0.05541588360032057,1.3324213451455496,0.0,0.8572785380444371,1.8617918950672787
46,-0.8894134814336687,0.45920877504265695,1.5880076990209648,0.26593830571775734,2.3535891502634216,0.0,1.5676672421634683,2.463028226509291
46,1.3460405735941454,0.8520475427866587,1.2200622291252232,0.5927876542517015,1.0341953083283788,1.0,7.260784654561782,5.013044523584355
46,0.243326166095316,0.4849412254080644,1.5668711065698806,0.2877383217081152,-0.8721198327437591,1.0,5.752279016476567,1.9773025928243981
46,-0.9209653433782139,0.8899821565853251,1.0816190797077168,0.7388082380460345,0.6934674988477062,0.0,2.3354844455937736,1.8917128794991742
46,-0.26200534688662735,0.36292206565468227,-0.06281472007413214,0.5491594250223959,-0.5309046831795929,1.0,0.03456990590742359,1.9311186526353121
46,-0.21170536651112082,1.6042278776685501,-0.7428768049619283,0.13578613036295,0.7306153276391499,0.0,1.2765094805534467,2.1549256421016
46,-0.319578197155053,-0.4836126585082613,0.5713094580040617,0.020682319694015516,-0.049830687490041936,0.0,-0.9076602227548796,1.865230806863148
46,1.0001532772655801,0.03366243204862246,0.9978755496640022,0.07256484190945917,-0.3169207753151203,1.0,4.196567816291692,2.4694240030904417
46,-0.5879103164418789,2.658316969481929,2.0081737134555553,-0.2846635393855651,0.9416884782954227,0.0,7.130159031646842,1.3813854927929048
46,1.1164292422148794,1.1237778363974011,-0.2594711173699651,-0.26301208535674603,0.21550541888510916,0.0,1.520936466672665,4.1877588941011865
46,0.7715762772245862,1.5871947273677873,0.8321621947501656,2.453914421688427,1.6272224697864432,1.0,18.04743118524531,6.533955476808987
46,1.5277491053629144,0.182339443117854,-0.3773138144502036,1.0138004088669543,-0.8848958788827306,1.0,6.981114134523126,2.9390661982554986
46,1.9846492021232067,0.8047678396638502,0.6528012509597875,1.4720776869461196,0.37816899858778075,1.0,13.220843042634211,6.037799738354427
46,0.6130519924768464,1.6806703724319885,1.2329666045161676,0.8612262306773959,1.4306055881600677,0.0,6.524795245243345,5.2710389835678715
46,0.2969689081383889,0.22518000325251386,-0.39055640706581385,0.8131807705873023,-1.2807251076189403,1.0,2.5469794158146497,1.8235929205241863
46,0.9387597813799502,0.49707252526435247,1.2911506593929407,0.45828636797512395,2.2209178806809886,0.0,3.285062248923288,4.445740400446294
46,1.095676270495387,0.93795440710865,0.5449281972758441,0.14822932250713394,0.23010940552464965,1.0,8.586829991294184,4.361307700538639
46,0.01953746462843703,-0.46353822592093286,-0.07947357403513455,1.02128980677284,-0.1366667676864246,1.0,3.3747064987066757,2.1683616275381072
46,-1.1557147720833445,0.7870660862475758,-2.130696382999696,-0.3197209736244172,-0.6646300705401864,0.0,-5.509551229978146,-2.1825734763589613
46,1.1835375311750653,2.097878530035838,1.5352840060619424,1.1059371922209138,2.3538353228399407,0.0,10.199610031472622,7.656659124268785
46,0.21307986806704943,-0.6175589645377757,-0.17430182615827727,0.08562497570928046,0.30891295583337164,0.0,1.8879362918726945,1.7611369784110007
46,-0.7135644083320718,0.24799388107580655,-0.875484101222235,0.3365188633335361,-0.7190764780727867,0.0,-2.526366893536923,0.6018594856914946
46,0.6368398584544401,1.2797150397734733,2.998708853539023,1.0978637889530838,0.15755706845467238,1.0,12.473319268174183,3.9105063845145396
46,0.24071592175641626,2.185476605296137,0.49577240079119006,1.276546521779481,0.9416657907232189,0.0,4.129080840430651,4.975769168247606
46,-0.3639293992382898,0.4194114972407684,1.4220833326244136,0.6411029688313464,0.41434681790308153,0.0,2.8649799651730175,2.2620368893762905
46,0.7131203614888411,-0.474644999813447,-0.9815536646595315,-1.764346362822872,-0.1723702480301782,1.0,3.9068625595758855,-0.1226449101844217
46,0.9299096155315915,-0.0027152995524687418,1.3302398942956093,1.1074613833185336,0.6709836504041369,0.0,2.9564785323100216,3.2536577124536543
46,-0.24556488355927553,0.4030781117639286,0.18090625617958844,2.35798783166545,0.5094068500707293,1.0,11.027705684890739,3.4876062956171783
46,-0.21081427315614687,0.21888957913555906,0.5143154476985166,0.705171061724841,-0.17173389964985275,0.0,0.5530473533936247,2.3523985945710066
46,0.08062992515818729,0.09222204861651401,0.7157045970690077,0.20995749068262276,1.3056419308128162,1.0,4.247684304183449,2.964144960751373
46,-0.16822021268104903,0.5353489499898572,1.0166294589383766,0.07548124236493814,1.3646292350809315,0.0,0.11183570226974626,2.8481128606522486
46,-0.21208486297974538,-0.8216319836384023,-0.48552222110650256,-1.150047626828771,0.5209650250472209,1.0,0.12396753347002964,0.9845262365588789
46,2.6471403827503304,1.3910925907373846,0.7424006476015378,0.27598962367759267,1.1506349514132963,1.0,12.108093236426528,8.522894175866046
47,0.6504337759593003,1.91588663556713,1.8886392575796986,2.7918351723514396,1.8251253395685805,1.0,23.019670013590414,6.4695992053198745
47,0.45386903958922686,0.5968128656093477,-0.5845438195454715,-1.7612400041644847,-0.08199480863262265,0.0,1.7932113361585844,1.4162904202521351
47,1.1014593818236071,1.3242277346642026,-0.13618063222599353,1.1876265492762506,1.0735601608852947,1.0,8.716222660475312,5.7246713982067075
47,-0.6867369726139976,-0.6285257908384458,-0.3942520354226243,-2.1972744540895324,-0.2143266908460848,0.0,3.2590684411603323,0.2943580559497956
47,-1.8595827500609863,-1.2370145475362129,-1.8583215904117987,0.060348902647240577,0.4789928864834531,0.0,0.07792072614436352,0.808962413821968
47,1.610536948192461,-0.9336508585697874,-0.17035805477794785,2.140322290685263,0.37129889578385805,1.0,7.791778580473992,1.9909195334035226
47,-0.3037838581543818,1.2567410309165556,2.1085013501348158,1.4242192804418936,0.543939879819232,0.0,6.447648326224407,2.6208649844855847
47,0.5172540649696669,-1.0497573143279268,-0.21489352253438643,-0.12746724232121842,-0.44001433453553995,0.0,0.595079405279675,0.7765686929196064
47,1.5184867505552375,2.3071023617456694,0.12931779072912358,0.6067015292223562,0.5788276892265144,1.0,12.278463219573727,8.065172529805643
47,0.6339639875060427,0.054504258037680164,-0.5814180731446985,0.5740716560584662,1.169755084049969,0.0,2.288225190595765,2.795676864129207
47,-0.8874097917354262,-0.25568178302123,-1.4347606586167645,-0.7002136014941092,-1.284642425236395,0.0,-2.0302606849732494,-0.9188431286116189
47,2.35642919846287,2.30585275556324,0.913250609890626,1.3876290148004151,1.036684473105976,1.0,20.79182311833059,11.044677929261779
47,0.018035313637972505,0.10905884971563073,0.49420447014510976,0.12472898928759985,1.5194589015498445,1.0,3.777733487159543,3.0150565059327503
47,0.35087999475456566,-0.38274652449350843,0.1895535333864628,1.7725464010097667,-0.2552579424171818,0.0,3.8390312837882345,2.68527808904654
47,0.5047760207153466,-0.029300625315225814,0.367064282174916,-0.7317639474600592,0.218435272149963,1.0,3.1727789296614954,2.083200175431607
47,0.787458890396165,0.1523103769006141,1.4083420617496643,0.03963997523153168,-0.28545739326420705,0.0,2.263962911461701,2.3328257576722757
47,-2.117398792454923,-0.30720818314587583,0.8998593959513341,0.05930815417199509,-0.6241892609777566,0.0,-2.0586732065678968,1.2273879938585006
47,2.0855438564670177,1.9217188236748244,1.2842542035577647,2.0062522480132987,-0.8000082003785678,1.0,19.054589765073647,8.53934638516589
47,-0.8039774872121073,-0.9395901596421219,-0.27679530124187224,-0.4445331723439596,0.351583388375981,0.0,-2.7586384181527066,1.6606891078641697
47,-0.15778507607387737,-0.13064933169876602,0.24196087452838233,0.08539713918780395,0.43389671266674146,0.0,1.1147860304764785,2.2278946767607684
47,1.255630151724937,1.5937511009456495,0.20302044237517247,0.3803903348466647,0.06249692868825618,1.0,9.105199095191438,5.7282684548651375
47,1.2699653991106625,1.146067812259819,0.289463602673911,-0.22667652555449191,1.2005031794439949,1.0,10.402678200354615,5.2535253222316864
47,-0.2619329872385955,2.2170949482317543,-0.4049023239564299,-0.4287570542688549,1.0378894794550573,0.0,-1.429244428585286,2.4181066073044435
47,-0.058142076083456895,0.11837478081558056,-0.2589051297316901,0.6344598798480262,0.3775075149147599,0.0,0.5047902552087757,2.366435798074633
47,1.4712045461759753,2.0443866386215532,0.5366089845651384,0.19408794626038312,2.574672566496839,0.0,7.133626941053218,8.277638447662033
47,0.5397360655063471,0.5047877803978748,-0.4658366184084656,-0.13927694792374978,0.35885512660852,1.0,3.2846259435854193,2.565030967671506
47,0.9559777186093628,2.651335409769322,1.2877860856550878,0.7320095034490176,0.9671244944010076,0.0,8.61028239962376,7.110981582949804
47,-0.6221334103849963,-1.434691741687314,0.12296290956347888,-1.0454056246390573,0.15208807823331333,0.0,-1.33533537287106,1.4714293537313656
47,-1.837427513185006,-0.23329210749117046,-1.4345311644357774,-0.4324275799778443,-0.38636645019244553,0.0,-4.117348842930551,-0.5975212167042019
47,1.963621078058821,2.2190131399846775,1.9896029702404396,0.8350556846474644,0.6234654368321132,1.0,17.2625635672065,8.766009606744456
47,2.5529844933314214,0.8437585627733275,1.4165048515737864,0.1610502064430609,1.7132611866769025,1.0,11.662837029619212,6.65156220722352
47,-0.7293787216875824,-0.23313539227904057,-0.22793017941338856,0.8311253240766445,0.25264215591320366,1.0,-0.5018448764985903,2.090841769276248
47,0.25137277515071427,1.2208540115542075,0.5074768749460675,0.7779404007941222,-1.7546438424075452,1.0,2.2571021077416273,2.682363031524137
47,-0.3255302232858468,0.15779393232972044,0.7876201808089277,0.6828085059166595,0.9792061055877216,1.0,3.651907496658715,2.7951163899339173
47,1.0407650605530285,-0.27386379395132054,1.1439246256996776,-1.6078508582062399,0.27743053679085594,0.0,2.894151465851307,1.4192001680557622
47,0.16123561086464605,1.2612992865326622,2.376211809924772,1.666575946337345,1.1548141166503096,1.0,12.238101075462048,3.792316189303149
47,0.9807876217614628,0.603450530116277,-0.6935487801387832,0.2969169977929609,-1.1096004862691504,0.0,0.24324159307195403,2.3998419846739507
47,1.2071873889578035,0.2078629674032096,0.7912707094597329,-0.32953877872251414,1.974813935026022,0.0,4.187620450437692,3.8796697589644404
47,2.2834647536462365,1.632545404229343,2.3022054965021184,-0.21905329608843183,0.5419104937267863,1.0,14.730821311519778,7.3304772655635
47,-0.5309914890911005,1.498198634002479,0.5233229414461221,0.7042192954037663,1.4713945689720522,0.0,2.9692272686366183,2.9037045396566628
47,1.9068152518420358,1.7067749395835357,0.3230861029215707,1.6154199334678423,1.6224030349888496,1.0,15.359061346498244,8.790014232232929
47,0.5576590714576886,-0.2737181539723025,0.8393319412676685,0.6463192238082194,0.978467496355774,0.0,2.9538727951781816,2.889348520071141
47,-0.32955964498355694,-0.5133037376921341,-1.5332222401447493,-1.6678059533122491,-0.6279289710121885,1.0,-0.31359965535056,-1.1291808299933097
47,1.001713825565782,0.9515926257415748,0.9408921511102022,0.8154299247271521,0.9118776662866177,0.0,5.205574050047402,4.853043912782249
47,-0.8030894139838773,0.44644639511955986,1.1206641491542237,0.4092823309517847,1.5274995146865378,1.0,3.6108668597619435,2.4269496634171297
47,2.5020960391092006,1.3287847339374599,0.40828511597510486,0.9341047891992018,2.6639758205448634,1.0,15.417424465083862,9.161173311700296
47,0.6223034422880953,0.8600326693414011,1.4108335092631108,1.3455958154709224,2.8240484966604593,1.0,10.791380144270539,5.225889756080406
47,-0.8428195503614131,1.0185655809709586,0.8025854860067152,-0.08826710813241156,2.5031973972271544,0.0,1.7494343746751642,2.5330135865170664
47,2.572682397826582,1.5028142298816656,0.8029222607798403,0.178014264225124,2.662208894577707,1.0,14.18723679879915,9.420192176027477
47,1.1198662207691645,-0.19771953587635638,0.8436174428927463,-0.25660710836981904,0.4756609891602877,0.0,2.353114406446455,2.435754335459351
48,0.5201772021013913,1.0774214504106538,1.0187482192374746,0.3889897064032737,0.5906527044615282,1.0,7.799854723631755,3.882876910222937
48,2.651163820411607,0.3576756381396303,1.2842179459599365,0.9658270912828391,0.8802791807184691,0.0,4.495893944188621,5.30051036153988
48,-2.0463503491497175,0.10356130381810702,-0.05450110850412526,-0.9130874382553344,-0.6892629923463065,1.0,-2.246696895586483,-0.013227820266473067
48,3.2204291502284805,2.320566154925565,1.3823570312052667,1.8243993256759046,1.034137559565362,1.0,24.338239621443748,13.551489548403104
48,-0.3620616680982911,-2.6408921534868104,0.32603591071459176,0.008431953808436032,0.6845166153074932,0.0,-2.4347969187580407,1.9115005900961077
48,-0.45031983229239125,-0.06541485578169304,-1.1214914992434069,-0.8700308157555023,-1.9488159673853973,0.0,-3.543010550198825,-0.764239415301148
48,0.07978326991459195,1.2442739602784263,0.6468972005085045,1.2363646520522145,-0.097214443624828,1.0,9.13556855980779,3.4522823003016327
48,-0.23511799051151072,0.06688672358260495,1.7366950848900433,1.4730852034019661,2.0918649415137667,1.0,8.504893687298667,3.385841893383328
48,0.886529764862615,-0.5139609866691393,0.6500336692262372,0.725484259959759,0.1608526338940265,1.0,5.044330003298897,2.294891379916222
48,1.0901414506127813,0.42220658237128694,-0.024585674678206937,-0.23525256259490668,-1.9311530938867918,0.0,1.0155061688915747,2.12064103460018
48,0.9293218556030662,1.415130784623071,1.2161919536691213,-0.07449936030805637,-0.4804360560720211,0.0,4.564402104738566,4.1651859353379574
48,-2.4379144340769363,1.4371875675191461,-0.6082011327198509,-0.7634806738140196,0.6723070491394563,0.0,-2.276042071969422,-2.5331139236461904
48,0.3572792329657665,0.43763810248280455,0.2815837421820979,0.3308314996736625,-0.3442796199713327,0.0,1.8721042510916925,2.6485020413557363
48,-0.5318692876436901,1.1615632093226838,0.6820525516764292,0.6690996380877494,-0.2471944436738177,1.0,4.264542928358895,2.02530648872662
48,-1.1273759695533754,0.4185215817796071,-0.9192662937438307,-0.5540473442659959,0.23372474520165082,0.0,-1.6051960215113117,0.16035091708433852
48,1.0112284299693857,1.6436192412316464,1.4502522229403685,0.2016189272416628,0.9615970343773897,1.0,9.916882343394862,5.41648481320588
48,0.4708708830926673,0.7825566629706909,-0.3795283306807682,-0.22471911089741203,0.2880774480079187,1.0,3.396773959155416,2.765951407284016
48,0.5270504906683345,0.7504752206543497,-0.5987729592925135,-0.21332912258283176,1.1622487761691669,1.0,3.020292922994185,3.0354023687999065
48,0.5771989914215925,2.363366117145131,1.196267040092918,1.2115129213108837,2.8324151115019003,1.0,16.46393095632288,6.8203471161253395
48,1.0535326806618284,0.8667288069430388,2.9776849375518837,0.8403686210241205,0.9368779621721788,1.0,11.519308823689068,4.264126450504548
48,1.577521200741678,1.302409923855461,-0.9721056503124674,1.5715102601065558,1.9479346442464087,0.0,5.560969639708964,6.331775814639315
48,-0.781829265463432,-0.865706016760464,0.45583007295752814,-0.7765307814608826,0.590085544487172,0.0,0.17018656619410488,1.885655009048587
48,0.4930338906740718,-0.20519645998281255,0.25295106076831964,-0.4138070632507642,0.48251161305596174,0.0,0.778545204404836,2.1717558112571504
48,0.7228331841229209,0.562076998022524,0.6341932653508746,-0.009660095754091547,1.3845674315573264,0.0,1.4093358724564482,3.858843269149433
48,2.3839235433593924,0.83259048227557,0.09389537533866171,1.3625579728234034,0.9524860690375558,0.0,5.715460185882176,6.793153841045925
48,-0.32551725480198834,0.4854349135327472,2.2378326664246893,-0.12126948766891787,-0.09089280652496035,1.0,3.4894114697647187,1.316116292959691
48,0.09200599272589782,0.13090729191074396,2.1893021355055096,0.893795047803889,0.7636463984791684,0.0,2.251347619154629,2.4670542662823025
48,-0.9973054796915868,-0.24579247706666163,-0.5868112079700409,-0.31856905115758416,0.4442185123837112,0.0,-2.102083787595941,1.2257109035208387
48,1.5098829883977911,0.36871779143665584,-0.15497163852608964,-2.443028325098098,1.2874483356620632,1.0,10.793022760793136,2.828761205570005
48,0.7162242436002763,0.7017181879742709,0.2965261132779272,0.5645224154285754,0.8375551373589155,0.0,4.765720198811844,4.017217953563684
48,0.4531095338984733,0.33978424039529365,-0.45361314993914337,0.9700447224098643,0.829636899222409,1.0,7.132087003069429,3.122310234268419
48,-0.13602526255091285,0.25997119059256824,-0.8213073639036532,-0.93347831768345,0.3921790196256704,0.0,2.2347797411511428,1.0265717344516134
48,-0.3439033204849413,0.8729245947483806,-0.4163496065580047,-2.386310923201046,-0.5173079495745083,1.0,4.747390170999213,0.21889607027002023
48,2.9258770943386634,0.5487931002124885,-0.17064062835268134,-0.8283872568498816,2.716908299840542,1.0,9.435751752991681,6.18745264770048
48,0.036269154184340346,2.501401511081066,1.3772238190455999,0.6877564312087184,1.4561201676681435,1.0,11.333304730197797,4.312475158746158
48,0.5758493205521252,3.1086292423684925,1.33332185420937,2.2267091480714294,1.1230080723669937,1.0,21.06854468115969,7.209109586133715
48,-1.1984849886731843,-0.26411559974018395,-0.18088816086302661,-1.0575940877237942,0.6405368087165113,1.0,1.6954585798796153,1.269949865127226
48,1.3757761304526275,0.7754462891191083,0.244122505593297,-0.1402822482839351,-1.564004160574827,0.0,1.0885338539733669,3.3827195464337887
48,0.27128744854366105,0.8755997949020202,1.8483534400323618,-1.1166612514713734,-1.1950435601792477,1.0,3.6565089436369327,1.3053000935299246
48,1.3663636579742535,1.523458077877667,3.196389543253935,1.543403056849096,-0.6571280053639674,1.0,19.75885130810028,5.569341891275795
48,1.7075395492732637,0.2572758237400191,1.0564934213572879,2.0098574312829847,1.7458297614902334,1.0,14.368762554036648,5.319734690769283
48,1.1161562606587567,1.458769592862179,0.6151822848518487,-0.18204056113532419,0.4509339404331978,0.0,4.121099102891861,5.1743838352999445
48,1.568166130155525,1.061535645755173,0.3254070999942225,1.871744274856962,2.274741059198183,1.0,15.472740090152474,7.162982007892329
48,0.34102533439109994,0.3491767458382506,-0.9832183766280933,1.467960930719511,0.007263296487515614,0.0,3.983558118250557,2.26452889516594
48,-1.4894160565897785,-0.5796844622792632,0.2492615393488038,0.7617761428947685,0.08176127969004399,1.0,2.130367269742165,2.3443354230038818
48,0.5429443371648337,0.6646232255691945,0.9659578734129886,1.0132043277026619,0.5783293213788359,0.0,3.782743787029534,3.8120121556909297
48,-0.7111949411226373,1.1363904391696762,1.1777732438227035,1.7189600222549093,2.935449703429212,0.0,7.031247905967813,3.703476852717798
48,1.6385459731022234,0.5454517638123985,0.7711497736692665,-0.8479973808737176,-0.13654003371624612,0.0,2.157232068865072,3.596162636401407
48,0.04398762467577233,1.8593748435815494,-0.13437544850969285,-0.9328887755725388,0.9984953764465498,1.0,5.336404768091566,2.9900714895825202
48,-0.1571738601852356,-0.7433194748332079,-0.33290030573733886,-0.7653863460017847,-0.7518812521555731,0.0,0.3330396673138829,0.6865983138013061
49,2.2335384759648313,2.301984091641711,0.5380826972177444,-0.2541965587052517,2.7770184904197,1.0,17.50709616713063,10.798476496647714
49,-1.3125772302919256,0.6747072279330648,-0.4677498375777799,-0.7129302287755515,-1.449005809402963,0.0,-3.6778599009382984,-0.6267981856267499
49,-0.44123496921348015,-0.44033678720084435,0.37100087371214574,-0.5360313720142562,0.7517736718815642,0.0,0.8045624093078252,1.9788426446348182
49,1.0662785011373916,0.895890849885177,0.27807314216028295,0.2467621452149436,0.4572648964664783,0.0,2.3507744807137794,4.388990071965957
49,0.8643037975001746,-0.7593961925662704,1.8370788790440526,-0.6298038124223264,-1.3142145495141233,0.0,-0.7517274379782425,0.0794882140232468
49,0.5733517078296482,0.4955600335217,1.0350238347863887,2.0644959708490838,2.2889023141998575,1.0,14.663650948233633,5.023302560026751
49,-0.5422449371369937,0.7755490482463943,3.3887336477928898,-0.5421524937919504,1.7573077813023872,0.0,5.797503472885026,2.028443188093398
49,-1.0820725894825598,1.0906734686910933,-0.3963722745485535,0.48311922875401436,0.741782956678262,0.0,-0.017693930871681918,1.1608451634803518
49,0.13630539958255677,0.27443216505106105,-1.9401375502502596,-0.3772573495104595,0.39536744198935625,0.0,-1.3825267542481878,-0.07923951880734842
49,0.7135590934995001,0.02985359052887132,1.2499546468693947,0.11245274161047347,2.197199808046319,0.0,3.267720689190506,3.48817764276711
49,-0.3976112935013033,-0.10018058268445751,-0.051613412642277035,1.0877245356089604,-1.7609800954634194,0.0,1.2419960858970276,1.4271708302067356
49,-0.07829596070426914,0.6244505083289498,0.6066101484826331,1.638072304164066,1.290890607545882,1.0,9.176015391148704,3.8135570918805217
49,0.014739937756102828,-0.24301881877771847,0.5466906794831694,1.6696370752433336,0.10895327743347644,1.0,7.303036899962172,2.8991685835292023
49,0.8104609032216002,-1.4232531515596794,-0.3286521257534396,2.015754183559617,0.1794691706694997,0.0,4.686362857939933,1.4198767086234674
49,0.19388722897870536,0.8563704112298245,-0.3603856520695077,-0.28420182713478737,-0.7663349479734645,0.0,0.8461316505271023,1.9214677913254905
49,0.8131256863286205,-0.08592788160098708,1.3470559198765972,2.4478409737845417,1.6874737786408212,1.0,14.601201541922938,4.2567924123688705
49,0.4676532942316828,1.7171388901691076,1.9378052937434325,2.925334858147806,0.8205076262049711,1.0,22.287724529273035,5.378420443227
49,-2.0297751034305866,-0.7113956293719983,-0.029244208194096677,-1.1688736242986855,-0.7705641720205951,0.0,-3.42502614216378,1.0886191871486317
49,2.5896327082354142,1.5836648357657837,1.7501654880723803,1.5549463834682256,1.0500639230604134,1.0,18.818348350590533,9.186938035736851
49,0.8549666422223308,0.36080759674008334,1.2636932671248884,1.650353022026054,0.8354600069817537,1.0,8.469590574084705,4.093417233731504
49,-1.8535522386239758,0.04572527287613898,-0.10301458460151225,-1.0024414740399008,-1.327583309765906,1.0,-2.306593749512081,-0.21048866068187888
49,-0.18633349215516204,0.4365016408160375,-0.48585391162805613,0.03140740299565581,-0.16706874938633542,1.0,0.8157158669381064,1.6172680961370225
49,2.5916369819770617,0.7795473890273361,0.7783544625837063,2.3709449403996663,0.9859807398153065,0.0,10.01850032285314,7.4856059470935765
49,0.8050338092012012,-0.9989749648657655,-0.18400076522714026,-0.8794463396400678,1.6890827074648243,1.0,0.8122966011026564,1.394758167860092
49,1.7076160296972605,-0.5210681350426263,1.1876976294839408,0.2619106345393445,-1.0146393047310167,1.0,2.8766765834798425,1.2947704616532234
49,0.16227158564316158,1.0855529894961207,1.1689638649458982,0.8185201301490794,0.3726752792499517,0.0,4.291666582269114,3.3712518263265485
49,0.8814432146853288,0.6205229621981964,1.389070605589195,1.6949636704946194,1.1815443625947974,1.0,12.03419134972255,4.611455308288803
49,0.8075563914093888,-1.1118954719215652,1.5513247029055945,2.1400749161876096,1.3788198620408576,1.0,8.093738308179404,2.5044922988688123
49,-0.4363580859821291,-0.48301985451036067,1.7710734652573545,1.8815880844409818,0.0311509607450996,1.0,4.904840615946037,2.394045966874378
49,1.1512885396641845,0.5279407519706695,0.5632248455156433,0.36004919411841607,1.7747743859988152,0.0,5.07193962592498,4.641988710988124
49,1.1112592937837578,-0.003287217341119142,0.4962883745062258,2.613648848390901,0.6980561662370198,1.0,13.140900085695383,4.333685742969928
49,-0.06753445761710963,-1.4608615802085028,-0.5253747923123546,0.0820172561172276,0.4009204441471728,0.0,-0.5727166985051628,1.1783779596068933
49,-0.023113858430266143,-0.6982543876979042,1.7721697711168036,1.967527960924705,2.1324532426665526,0.0,4.21880307088592,3.3915155074870587
49,0.6247549965466893,0.00198389879024069,-0.6964860587610515,1.6140910086846294,0.9189458052650821,0.0,4.310503439828202,2.9999854796206438
49,0.35220509354388785,1.2409311180315898,2.4019123634047226,1.6664816507317162,1.9913889102032085,1.0,14.864335799187877,4.524837731017096
49,1.8287208259030237,0.16200389436646212,0.2801831943488623,-0.559217282124389,0.43207684130718504,1.0,5.577813165808984,3.3291484277972847
49,2.1651852038827597,2.1952875457233185,0.7757243447549528,0.92812269142495,0.7655674691200224,1.0,17.201333750321748,9.882061750732813
49,0.9089450777199167,-0.14679250017611278,0.010990364613770232,-0.5881010912504703,0.6052691441004823,0.0,0.8380617906229736,2.2616687835732483
49,-1.2569874191138415,0.8522428315202918,-0.049709761477015,0.21220697003796446,0.3121016262671085,0.0,0.9053257638072808,0.96243333057476
49,1.6705536416913274,0.6842087058930317,0.8045829405399046,0.7158814539634811,0.8830641943153891,0.0,3.3562454918542075,5.215564617480604
49,1.9366766838105418,1.3702201783068473,1.9481578194903981,2.0685620317751634,0.9058424897419713,0.0,10.887039528872483,7.399934179866058
49,1.2280968260104324,0.013082953965186606,0.3891414706501895,1.1069985342331718,0.8614734511143824,1.0,7.817432795642814,3.740698874093662
49,1.521322292051203,-0.11151022348831341,-0.7136162445658063,-1.180623927043566,0.4188698185663982,0.0,1.1857947574328145,1.5535776011424516
49,0.5431229398444031,1.3121224939797855,2.5496666784942494,1.5501234151396894,0.10860079426891989,0.0,8.912451457587153,3.9145943860783565
49,0.3371352959221008,0.6325737987434015,0.5379892241978059,1.0572555043001537,0.85405101092606,0.0,3.6157973445352236,3.7815061308033333
49,-0.7677323144599633,0.7603110522433482,0.771126252894176,0.06534701673928045,-0.4051697717022458,0.0,0.7231189696482307,1.345351944143212
49,-0.3375578891592902,0.780061918044392,2.053799531177307,1.1771966475375417,-0.5847085193233432,0.0,5.353672223871482,1.816638873539468
49,-0.2507096946859897,2.588820445737587,-0.12068378488473008,0.41370362685791096,3.3026100784473176,1.0,6.2838592961183615,4.310554498551041
49,0.5407960405189453,-0.1100550241610948,-0.8698844347577979,0.4565922844273532,-0.286639369339016,0.0,0.9843689563970681,1.450802299831258
49,1.2661012832228362,0.33065961154976364,0.8659927984944763,0.3106489782465541,0.42376511618337276,1.0,6.788835926828646,3.6651166342547787
50,-0.8380545224621634,0.4707028351566771,0.8213991579641885,0.7611790290035862,2.716869560870187,0.0,2.127565829631837,3.252770941865485
50,0.3907301616132449,0.3367782362287012,-0.34992466055588256,-0.40455121178332276,0.21170907467301958,0.0,-0.6192432637033523,2.163358758668947
50,0.14857987865603212,-0.04530923835471079,1.3795184083778356,0.7155657655825486,0.704304030216119,1.0,3.6329909448967186,2.634711042824403
50,1.109351349737568,1.3542542792875722,1.43311488858566,0.509906684402441,-0.26750878928009725,1.0,9.168911761667665,4.709149883637133
50,1.5950887147114092,0.5951900508766034,1.5535285800702834,1.4649515374348272,1.3930260250187543,1.0,13.223828029493994,5.26754027591984
50,0.9420972069950969,-1.3634221927886858,2.738103396688091,0.5078883555627156,2.2854023495536344,0.0,-0.45555902904826,1.3508617090159487
50,1.2313542217778224,1.6257579882450819,0.7538235260396824,1.4672516628253418,1.0859214589825017,1.0,15.170895732495906,6.81301565462352
50,1.2192629162278832,0.29546499589735853,1.216366097956723,0.6641659817211897,0.7287436024395606,0.0,3.8238603648192453,3.76930737457708
50,-1.7850062165545073,-0.6851539311385124,1.6159508103202973,0.14451103474175075,-0.9325317488141738,0.0,-1.1040264469482086,1.3567498600189447
50,-1.6740199404532978,-0.1254018361123701,0.08689468237073605,-0.35348465641941107,-0.263169014506215,0.0,-2.2862526776233763,1.0415618236869966
50,-0.14454548611286755,0.5507179200518201,-1.1135273940645785,-2.3472192388894157,-1.842274852324247,1.0,1.137208594255802,-1.086529040418005
50,-0.9372090186759039,-0.4825766330867971,-0.6015791074211896,-1.1046051598750912,-0.683571393448315,0.0,1.8947247789432764,0.37194747161765096
50,2.115577177987464,1.0220302905624874,1.7879770820003196,1.5766176008746913,-0.24494468082882848,0.0,9.045661121204372,6.075335227561904
50,-0.6771441181674882,-1.12678080207444,0.9961865904499039,-0.3264207472855576,1.5778617163257622,0.0,-1.9009805650174023,2.528351555235027
50,-0.1881875628739884,0.2019632639161859,1.4051673767609718,-0.25204527079710226,-1.0615732752408467,0.0,-0.310634291350977,1.1795279977764688
50,0.26494738492480246,2.260930769903526,1.35718976531968,0.2230361601869394,0.3904744812021145,1.0,8.579266687870374,4.0593028408211165
50,-1.1417099552429681,1.702936928639512,-0.032177240432161636,-0.43335943864548,0.309860053769127,0.0,-2.031507235452022,0.25799748672965117
50,0.6984162574494288,1.8149201925947542,-1.502094027966593,1.2206664882869442,0.3104874022171851,1.0,3.314937510987464,3.607416190478437
50,-0.3125364385131829,-1.1374803434404508,-0.33717960884936027,-1.322639924684946,-1.0030712829225914,1.0,1.1720389576848491,0.24274173491868023
50,-0.388008515984103,-0.6505855275195702,0.7362115646580973,-0.3938327984176979,0.6871731424234178,0.0,-0.280705082128909,1.9889294070743198
50,1.2669761280127974,1.9041465340670374,0.0024512287131625565,1.2471388508945975,0.6113209794379627,0.0,4.7466238450034535,6.928522059204424
50,1.666881413203621,1.072716098887799,1.9223596202816666,0.9417878751186591,-0.5349875954920351,0.0,7.451382164356831,4.978103329780858
50,-0.7403149498519459,0.2712042961993095,0.1820094612786869,2.3231690347981218,1.2996430855365715,1.0,11.045687722715671,3.4505608227270494
50,-0.8551859004119908,-0.10999142054498956,0.7947544170503584,-0.06342985095661369,0.5047349640867167,0.0,-0.5124365302851749,1.9299642742796888
50,0.29571189586931484,-0.6543633682347696,0.3807103052786505,-0.5007047550088997,0.10872195814096786,0.0,-0.1068613407406418,1.5499359203745382
50,1.110146798704736,0.8797481528402098,2.2233247389076913,0.19740981570135752,-0.6194045238053949,0.0,5.271985424343729,3.2650647896431124
50,-1.0233633148771477,0.779446748792268,-0.7029993862546962,0.3795243458265083,0.3217501138366834,0.0,-1.24026493273627,0.8424285371739393
50,1.782170785899398,-0.25941636093902576,-0.15404140857677873,0.42619459071569443,0.14105792357415925,0.0,2.2306678944732687,2.493817569736894
50,-0.7778033190507516,0.3211607121419703,-0.31983023579679715,0.1978387061702334,0.37254543914332267,1.0,-0.18296279776442048,1.5964445899965352
50,0.4069897476997476,-1.115429638362518,-0.7509060185390912,-1.070827199850349,0.3571695072001252,0.0,0.021794480397471228,0.1906007632741924
50,-1.284902465996917,-1.5009876550254528,-0.45171687495384594,-0.8622055561094544,-1.6270008328485202,0.0,-3.574084805737,0.9649150410888407
50,-0.15965159043997945,1.1519220313639364,1.0305357048740904,-0.1569275841040909,-0.16405720392909684,0.0,1.1153856255773906,2.181364006385906
50,0.09906721074090818,-1.01208706090386,1.7822059191367678,1.4469753011748279,1.9549545019267185,1.0,5.9306016052932655,2.825454976709631
50,0.7749207773129723,0.45952434700645384,-0.18235088145910228,1.1496450935513238,0.2045248191918138,0.0,4.362377287644656,3.5426471391737153
50,0.038768682516531094,-0.9492798291994049,0.831111113639635,0.8992249582102892,-0.23249687288996856,0.0,-0.3337309502377773,1.9309171158575558
50,0.28181151594675197,0.36502994754770257,-0.778582291065286,2.214649490935468,-0.627824341746757,1.0,8.120320496660428,2.542321672455855
50,-0.2706000097974812,2.2632152476813125,1.8585257472515933,1.5469079048418424,1.0659086434553493,1.0,12.962584550716526,3.3357769776043247
50,0.7656297689003286,-0.5501346746175126,1.476700963838566,-0.17409701608101869,1.0293141514048583,1.0,3.1881938414987445,1.9464636849362722
50,0.5139847727435415,0.14239771979729277,-1.1246386509301225,-0.34011507913998884,-0.10878763405264791,0.0,1.045826041230732,1.046113346055689
50,1.8138157373294566,1.0907943298724576,2.0498103314661256,2.243559379059377,2.8068631970123468,1.0,21.6856797596831,7.520017030717385
50,1.2071816434709062,1.5929778416254186,1.024787099862544,1.6000237071480081,-0.3699310048038511,1.0,13.576288469401815,5.969814096353582
50,-0.7904287724818786,0.016687384349521883,1.0049825088675344,0.5840510403303933,0.34104219210560327,0.0,-0.7085422831547162,2.101079967835008
50,1.523493821981034,-0.22722160474728825,0.18973733760980127,1.4986699314719047,0.18592585779128967,1.0,7.203433951387184,3.221185768370738
50,1.0844346672933867,0.1442386025004529,0.45279199998248854,1.9796117619864066,0.41347702808820025,1.0,11.43594128604677,4.092923541396639
50,0.6975155188339595,0.1222555318796329,-0.7923170215192319,-2.2469784764495966,-1.126559820672246,1.0,4.920400811034048,0.11443052076492066
50,0.8939091362501272,0.1877070065296454,-0.8867948741359035,-0.17419943789245118,-1.077306298936745,0.0,-1.175819338060148,1.2713501761288555
50,0.7958400702327717,-1.1507602344895358,0.06257889344696366,-0.11560617717992405,-0.7813513842297783,0.0,-0.4818395220528505,0.4875720580162285
50,0.7130080151338795,-0.13733558373885602,1.5381339054461995,1.507848878451059,0.789914871444996,0.0,3.7741106285118686,3.140520285495877
50,0.6488475386045712,0.1782718715157433,1.1485444568930272,-0.7690720597725915,1.0119687060975675,0.0,3.0204763650280024,2.634767096669316
50,1.5607068815168152,0.6966630067183024,3.299690623132736,1.6099382434597285,2.3609520831968083,1.0,17.036159586765496,5.863733642176721
51,0.37030116001405544,1.0537721313854238,3.591843229908553,1.961485312633431,1.7123344678739503,1.0,15.092976085518583,4.834743111527578
51,0.5290956979906116,-0.7758721426719963,0.6523538148632686,-0.7532921878684951,0.6785204320812739,0.0,1.118026370817327,1.549549292098399
51,0.8725964184824866,1.0488622400816947,0.10050337010994609,0.5986530637563727,1.1969263565110497,0.0,3.2910721558902454,4.818957944712009
51,0.46956911942827195,-0.37714189370659446,0.13383552887648825,1.7463897990814814,-0.12854122523499,1.0,8.699862822713943,2.7360188631672555
51,0.8512382437855237,2.5670709670762886,2.3650898166289056,-0.09187920969834895,0.1322994036398587,1.0,15.172597415082565,5.383729923897902
51,-0.9305179204978107,-0.0867477282106508,1.5916389468075354,1.11259991173826,-0.0836192115743547,0.0,-0.6065980152540897,1.8615562038056894
51,0.6082642799330611,0.13119413943405395,1.311161096984339,1.4157494217159212,1.0531101673502428,1.0,5.949247885418991,3.596268286004454
51,1.1152175494256336,-0.5341972790882059,-0.25291838383067455,-0.09625769120666172,0.6237003182825069,0.0,2.492667180508823,1.800212353224655
51,2.03314059754791,-0.4876397911268533,-0.30327378308349373,-0.04373502227875936,1.0961255751910286,1.0,4.162940749269795,2.1102324341263
51,-0.05562961759152074,-0.5547452659623122,-0.7205323285467491,1.8162782615938673,-0.07016038363829502,1.0,7.866570114684491,1.9899202132860025
51,-0.6525848537415035,0.9822958115204721,0.11088451320373599,0.11451371787175807,0.07830475208859505,0.0,0.5263591167222237,1.66953421077482
51,0.9475864421585727,1.5210531581149083,0.7273926673738865,-0.5824173954463352,-0.9459134630545034,0.0,3.899134124167822,4.022090673422254
51,2.2335389221047706,0.004783268599145518,3.1427463714813886,1.3543692981670317,0.48346244111320474,1.0,9.867004720101123,3.620134432856257
51,-0.8830029956836325,0.536769808435341,0.5789033489327019,2.1183037259660225,1.2320980380029791,1.0,8.763852047645194,3.1546297518325215
51,1.7953663021912438,1.450700279900003,2.977701693119197,0.02881818366136113,1.0749973346847885,1.0,14.882984109798686,6.281730382885074
51,1.014346728014114,1.696906992781314,1.3800115361804774,1.237817699839277,0.9682529376830158,1.0,11.740321535493486,6.059549507566782
51,-0.07129431216654691,0.8179448190120222,0.40252311613355096,-0.5122272654714688,-0.1955218507388805,0.0,-0.7196736626271647,2.082472955677332
51,1.046823515119304,1.0893781108699006,0.3798198270570594,-0.27595471887083645,0.03502107121005721,1.0,8.001940970462295,4.206661976343028
51,0.4670273529985681,0.5298483335182693,1.1371679284455631,-1.8981395508822025,0.6999104304862392,0.0,6.602944938386451,2.1355270528889063
51,-0.3979189170760913,2.515221078263178,1.468205266209123,0.027272418147726074,0.6013854229800906,0.0,3.821823286037465,2.2086397813096204
51,1.8910154631846183,1.4077539853864096,-0.551598707376658,-0.6656743691657276,0.30454711477179425,0.0,0.2547559941377471,5.7067941071438995
51,0.24563982911029203,2.1134545153197175,1.0461172403175065,0.00841111371823594,0.7499293234791174,0.0,5.096805650023402,4.101859901663372
51,-0.2895249201353307,1.352427087651644,1.5585386114569972,1.63580634836162,1.3159195879942898,1.0,10.371503611183936,3.4072794215067552
51,0.4947740924531928,1.5551922793292292,0.31728207233661,0.5532836692181337,1.0388765381693996,0.0,4.411566501683648,4.699260054474573
51,0.7653828409888848,0.2774597646087696,1.3201348279619538,-0.7735247991058998,0.6770910283154552,0.0,3.8520830618047737,2.593679613795316
51,1.6477071371934178,0.5937492100219814,0.31005622290584905,1.7237333034514075,2.1372253105098933,1.0,12.268126605994777,6.1368768201950035
51,0.358222297332717,0.6385810139975907,0.9538320543442418,0.3632611415316609,0.6937069141288028,0.0,1.4738238300971374,3.311117442310355
51,0.3335694552381658,1.525671876428926,0.31853436455463785,-0.02220818431313676,0.7191888826016097,1.0,4.788962691215504,3.895991172246164
51,0.6789442873731928,0.9546161019598499,0.04569389562064757,1.0355389017159058,0.6353722829926144,1.0,7.220845580471691,4.322170099474259
51,1.052868269259382,1.0044457155975393,1.4463749422106225,0.08348275525641063,0.6841832509830099,0.0,3.6385817500914808,4.3173271004809335
51,-0.8594004165878664,-1.3067428422970875,-0.008606426952750712,-0.0525911361738175,-0.8571164088404173,0.0,-2.529934919420942,1.580749692553515
51,0.7545387055532788,1.0884781284824907,1.3513643665226749,2.1498175168033065,-0.7265734749139112,1.0,12.230387160232565,4.347786738693397
51,0.494724415816612,0.2928120248588067,1.150113709580601,2.041443686861725,1.661948413541321,1.0,10.621027888878203,4.373766031510587
51,1.4392324833210468,0.5414398113565314,0.653292098099746,0.2693617157374328,1.0132008710924811,0.0,4.456789672796049,4.531608409264341
51,0.15694393233855403,-0.2742264557456583,-1.456200498462009,-0.18368275896608566,-2.024927133372706,1.0,-1.2207468164455366,-0.8197394584136299
51,0.7243952572515366,0.26930594482997045,1.0363558602927214,1.9012411936610953,1.6296752859666654,1.0,11.073423819709546,4.484930330714137
51,0.6816012598789728,-0.6811850963440838,2.5765976877341927,1.5912047201122401,1.320284918204206,1.0,7.150701951380804,2.435363829140674
51,0.783690487937833,-1.1385279886170532,0.6639427376397795,1.1728206897583684,-0.7068300966647836,0.0,2.583580023399634,1.2828630986896397
51,-0.11755551061816505,0.008056093118589569,-0.8575684437803168,0.4604641045078264,-0.7741875021813158,1.0,1.6158228365029725,1.0129356067726047
51,0.09079460904242287,0.9044804165072485,-0.7434925279696258,0.1303569074585978,2.0149309834291174,0.0,0.19614508862530494,3.016766230339931
51,-0.17604921099038962,1.2009428267091753,-0.7098156594639593,1.0622136026811075,0.6533432744084581,0.0,1.0746458561883765,2.5623744020769528
51,1.0998216635484788,-0.5962203855889203,1.6949943500490372,0.19264252903419776,-0.05884041143011687,0.0,-0.1883788391234218,1.3865838025656223
51,2.7771931703610098,1.7440270021062767,0.8985810435672748,1.679001459612872,1.372780337959935,1.0,19.978080439709338,10.702012234847176
51,0.8605378714950871,1.037782491540343,-0.673771452554059,1.3209193147018141,1.5188536775425496,1.0,9.3328806425478,4.706686165477949
51,1.1383415839030606,0.9400123726636769,1.0053285661905598,2.2328772962175423,1.7847015870217904,1.0,17.248876432213102,6.1564966988812015
51,0.6650385938400296,0.7047790846851507,1.5896878241962233,1.9445056495396826,-0.4334152638151024,1.0,9.92514892094942,3.685112861942066
51,0.5322958395674433,1.4747305644953392,-0.1972889762598029,0.1847219637865936,0.6756113041458027,0.0,1.0679975741490666,4.100629864714412
51,-1.21806814160842,-0.011596904038204348,-0.5223379588829906,-0.9605175362167397,-0.06618727179867723,0.0,-1.63930447479283,0.49142703671042476
51,1.2629044329620318,1.4970565157043723,1.2239587461636634,0.04899827294253284,0.9450318820097363,0.0,3.3605324984111613,5.7195396422730855
51,2.3334780159311346,-0.5766013982475962,0.4130289068484334,-0.07255112430694088,0.8790421369017065,0.0,-0.30648962849989214,2.0586208489798876
52,-0.4281042297693688,0.8358054862844504,1.129592417555939,1.1459452887519221,2.028793788848158,1.0,9.224985664233314,3.425232906904171
52,-0.23616390682162536,1.3515843382066706,-0.7860299181705435,-0.8687648512295338,-0.40313586168179993,1.0,-1.3741918813366936,0.9162093844657996
52,0.5336206374556071,-0.3989103746151941,0.10575705485079584,0.8692618337657447,-0.4621367532142713,0.0,2.628208107284159,2.1053423237242774
52,0.3585054512484953,0.5636142981460451,0.627110660986943,2.0291075089925,-0.20529897093613025,1.0,9.10083811202811,3.6983046445654613
52,2.4967664724108003,2.5423736911669836,-0.4715329930843217,0.6551575723163638,1.2403182116880882,1.0,14.356838283072001,11.470127838995005
52,-1.2525798588464454,1.615955207055437,0.5153958828213656,-0.22786309057473686,1.5711543655894271,0.0,1.912406618553032,0.957015975886814
52,1.6068706721994221,0.8823636935156056,-0.5270287977787456,-0.446850794090903,1.2001659237950482,0.0,2.2692466858433322,4.63990999178905
52,-1.333300978910252,0.35227747062672765,1.5541751331405766,1.3186794111306925,1.2838544000300667,1.0,6.23594741546991,2.1347712499326956
52,1.45435874295333,0.8647475744080539,0.03631679600926635,0.12122058466481911,1.8029899798038553,0.0,3.969333159095859,5.396810651848439
52,1.0443601565497034,-0.4851582672608773,0.13814820306524078,0.6545239431930389,0.9407313710507906,1.0,3.896967928303119,2.6300954431278716
52,-0.24255210309912445,0.7041185785574168,0.4684068856135676,1.7556915554957875,0.15017747304251894,1.0,6.694650755426514,3.1394244088856906
52,0.46222253712849587,0.44200873797034423,1.1902149095746308,1.8972187414448458,1.205234560175521,0.0,8.701544856465965,4.174216491743988
52,0.9281156646488917,0.7969129692057032,-1.1122553161232862,-0.3908926833194838,0.941635824186341,1.0,4.696431411165804,2.7640259432735634
52,1.6832467471402675,0.84597524372403,-0.14040791491730598,0.10225507668908851,0.07635350006979463,1.0,8.113188360748822,4.6978553956254645
52,0.63424079962679,0.13820410455734672,0.4338171717814372,-0.75002837346832,1.5107353914294581,0.0,2.209100218460481,2.978507092653979
52,1.1980373106905868,0.1274886624617631,0.19445809366456768,0.7665034744457989,1.7651613730880205,1.0,8.00753451866886,4.159713160303488
52,1.2125957681974753,1.4479335286766946,1.301750728996411,2.119664119133246,0.706726036665411,1.0,16.361209834580503,6.415904650621812
52,1.3554618152437068,0.7323010412941791,0.36615761436333766,0.743911064846791,0.5159996841056852,0.0,4.049959732664034,4.783231634394989
52,-0.689937824286653,-0.43980530932136197,-0.7745736175739037,0.5923752998586554,-0.14163804132201963,0.0,0.6349608560276608,1.2913678876433579
52,-0.05567761036895946,0.9977993011756658,0.06092394803084872,0.3318713891399516,1.0712909597258224,1.0,5.393739632839094,3.145693623379894
52,0.8525913060865533,1.4568137940050878,0.5823499494494494,2.35157451756615,0.08611296751683034,0.0,9.934177270043799,5.741960555637602
52,0.5671611554513949,-0.6232618732020216,1.0331531928744977,1.6089236219380405,0.24398300869169987,1.0,4.769558376278589,2.573602689784891
52,0.7625573054107673,0.6794619786476924,-0.044445962720932486,-1.702832775218301,0.6528976457101318,1.0,7.104531173731675,2.6909602322685897
52,0.8216828451410438,1.0701898116292226,0.41387043191090167,0.8237011489140025,-0.7681654383876031,1.0,6.718842723883923,3.975567175931826
52,-0.4777337893293988,0.08683065048135968,-1.177660516769644,0.9489281750474902,0.48614374784383335,0.0,-1.4672446773805703,1.2748590781719178
52,0.9670686895370743,-0.16888119105328925,0.33271181369747527,0.6822279710425826,2.401241758678809,1.0,6.131439239812707,3.8890249305502893
52,-0.020024440172492497,0.43006133984079487,0.739580353924408,-0.44093120886270365,0.9317644753870491,1.0,4.455788785338294,2.5503649784624005
52,-0.38701243928318596,0.5991859914246533,-1.7503437353913895,0.42575739027898535,-0.36489529290304334,0.0,-2.6382510999163262,-0.14913075096971767
52,-0.24563594207412387,1.1576668271778245,1.1052403177339607,-1.6425726492570423,0.170320415588269,1.0,6.605248409225856,1.4370646078779497
52,1.3548880477279426,0.957228738739359,1.5814619559585417,1.227622554237835,2.6617136139396935,1.0,14.567025643031448,6.177729805409129
52,2.247472982953887,3.550416638360847,0.7514164299412265,1.778120521771788,1.0579324878569372,1.0,27.056723019780467,14.402867645052199
52,1.2449665896452564,2.993030822304728,-0.20528169730354695,1.9975240670750574,0.34251417036652854,1.0,15.741212616448074,8.891603952946198
52,1.8831042130073132,1.3231712228931864,1.2805132484546293,-0.7105131897114063,0.622431283881525,0.0,5.6091028064948,5.977246165352732
52,-0.16310395089559493,0.6544727968954417,1.3788360644497808,0.0665668862400084,0.9927409646738683,1.0,4.885526404963248,2.5487927985657604
52,-0.9110155875365207,0.9600413244056252,-0.30755992895147155,-0.8929042487922263,-0.7806624540258049,0.0,-1.9973596593860978,0.11241204016076067
52,-2.1684043917268174,-0.44190478820639123,0.20481963645114026,0.2145186227664107,-0.29156949369712937,0.0,-1.8514568443411885,1.696055760955231
52,1.3903684451779625,1.4803968444850084,0.042544595662021345,-0.24384567640201205,1.9525193306519102,1.0,8.543571993957986,6.3683839438927645
52,1.6499932733574147,3.003574779099601,0.24003269530833687,3.060472338114122,1.3153792091523933,1.0,27.648474466093607,11.561934531628454
52,-0.0007409012350745314,0.27834302412892564,0.3543646114530574,-0.7470890229752725,-0.29780978056725127,0.0,1.08852433696098,1.731194895180768
52,1.4372181502554708,0.948011751859692,1.8141573607588235,1.0732693281061998,-0.008670518322680287,0.0,5.58465408803076,4.753526755161017
52,1.5258723588890872,-0.0032584630367833434,0.08254544132896086,-0.24815914890571433,0.05849795421722004,0.0,1.3536834052788664,2.6993721316508323
52,1.7836326594595442,2.0024079323505184,2.958700263209483,1.3323725542839302,2.101231258240225,1.0,20.742886424879767,8.677410764755912
52,-0.38375110556280567,0.6586717234441235,1.432853918817645,0.8818534495807353,1.4001423055135733,0.0,5.19894655398516,2.8796245039786004
52,0.5999972298329133,0.044403835304588635,-1.1493228236131652,-1.81311378598939,-0.6458281521278961,0.0,1.70886177634794,-0.04618422075535089
52,-0.8803142992091604,-1.9359948153868967,-1.0095643685634557,-2.293274324832368,-0.45831132551021336,0.0,4.070017856205906,-0.05221607010235996
52,0.4586465978438883,-0.17458185619593392,-0.7238735342380085,0.33218950356826693,-0.736860370009939,0.0,-1.8886117966423284,1.2469347423797017
52,2.1837777270982834,2.0234625105449053,1.0851091746135175,1.6003115891207578,1.8514771203170424,1.0,19.41847102061634,10.257677578648828
52,1.4529476222922857,0.9428146156355093,1.24075496216386,-0.6332402001280841,0.313457999729827,0.0,4.130028919727226,4.352309914706845
52,0.12394301037427408,1.197913516517123,-0.14678971922142892,-0.41607398919600036,0.9436640528055344,1.0,5.6589821798056,2.989047163436328
52,1.6790091827073936,1.4857825554011654,1.1013827688862805,-0.5219786378145652,0.9268140987110908,1.0,12.106293591713833,6.282510892331155
53,1.7460984303546032,2.007623058963239,2.8991218132878194,2.6781905782611064,1.9657377334653328,1.0,26.891178369363107,9.183145593977908
53,1.372772024280664,1.3538479446400116,0.8540128389706563,2.649868756390183,0.686156080697053,1.0,20.190833946139488,6.973816478902929
53,2.20581729703125,-0.08118083162931311,2.3410980448634255,1.287429083572275,1.9738339445982975,0.0,5.718341619742985,3.9880768730638807
53,0.248931619541501,1.2825249713654518,1.2496226875847176,1.3288853372708258,1.1996658910500024,0.0,5.708474635194264,4.289756675250857
53,-0.18416323410795032,0.3839985343329067,1.4240808515634151,1.8860627755920958,0.38486021842539625,1.0,8.861890747925536,3.0228908500682548
53,1.8597943998989739,2.123074616893217,2.014370368614456,1.6864177296808405,0.4286346309181892,1.0,18.770072782589565,8.575457798030625
53,-0.2648157932625519,0.1770950609798338,-0.09688132550365469,-0.7681361893466905,-0.9782590845380117,0.0,-1.661328666662777,0.9829144390455969
53,-0.19558162200992946,-0.3088583285212019,-0.629863842753444,0.9863385428814176,-1.6483309391009557,0.0,-1.269214152109399,0.9703666352614355
53,1.585430076195596,1.7288733792115805,-0.2898519963862155,-0.4302625138589896,0.9262022996421538,0.0,1.0646630396916252,6.459489662718045
53,1.7566894104451711,2.0586995548836446,0.02154052963272224,0.8662940326646824,1.915165581353925,1.0,14.786047800109403,8.925458273604242
53,1.36255202385965,0.9366040094460004,-0.5458665390000315,-0.5290428188439136,0.31501933637201174,0.0,1.8672737453426835,3.9004824348323996
53,0.03055611551752213,-0.5987863679266927,-0.4540490065432802,0.6663694344798595,-0.7537973157196101,0.0,-0.16971702654283777,1.325528392187219
53,-0.5440754798175078,-0.16068876007306931,-0.9818881501168533,-0.829519983365488,-2.0488399258104613,0.0,-3.163879997043689,-0.6396258842861055
53,0.6190241346760874,0.4237787214616368,0.5565565320046025,0.10867623042538538,-0.28602680568267347,0.0,1.6264543424825493,2.8224128697133635
53,-1.2271607593916078,0.4385587585791441,0.23507761964343848,1.7352772733190613,0.48471754690677377,1.0,4.633132223116822,2.2675493855261237
53,-0.5333290037998022,-1.9751027233774021,-2.4758037226194047,-0.9379101279591151,-0.24807266410172013,0.0,3.0836653811936925,-1.818159276292892
53,0.838628747843656,1.637980801961983,1.258858096678123,1.100085357996181,0.8334143585699951,0.0,5.552082893737546,5.515045374348182
53,2.167433365272717,1.5136272597145684,1.8503638054157336,1.0712136046532241,1.6139355627344563,1.0,16.68224366333737,8.113033078483154
53,0.2074466520767227,-0.7104240437130478,-0.2581638829637507,0.6506524103053922,0.46806661826344564,0.0,1.7470343084455522,1.9982741664043437
53,0.11396934576972362,0.654848724860514,0.6437046752791293,-0.7592198337640272,-0.20283209009117054,0.0,2.824025462481816,2.0997459353111863
53,1.0045848842467775,-1.3124822023284652,0.9851763350973481,-2.6361017703514524,-0.2248970832078312,1.0,4.4684372410324285,-0.8576435288352754
53,0.38582721288785593,1.37843185515813,1.1005643457370393,2.2354622583092993,2.1628815168229654,1.0,18.45527479691077,5.616513215434918
53,-0.7497516180112889,2.5346478974386306,2.1977831594786794,1.5491859097662417,-0.46445691403501366,1.0,8.23190315031171,1.046640490050096
53,0.16754723584344972,-1.4316204528816248,-0.21463814540944515,1.270544488104871,-0.8204273426278834,0.0,2.982752592425933,1.2228923728468806
53,1.1260949031599496,-0.6030026924374972,0.5531458817833679,-0.3067277759858058,0.23781973797604244,1.0,4.370603765029031,1.6755027627104633
53,2.236406072472673,1.3141567398447702,-0.631724633839331,0.07562248629160395,0.15064390761178126,0.0,1.057231855599748,6.318550647507699
53,1.8645164045398508,0.5463448089195467,0.9784710860459854,0.5123041037714013,2.1921879172406182,0.0,6.960637758413075,5.623872673272763
53,0.2715400161312816,0.5334480198135105,0.11490432067945161,0.3346208156632946,0.8601743090962923,0.0,0.7341349589300674,3.1956019832496234
53,0.8038085246883434,1.4402295096432356,1.6475126894972554,0.3939596698590459,1.3541575376394794,1.0,11.832968870105413,4.9008615892633225
53,0.6096361287850813,1.4208439420041779,2.007647539778925,1.8729849293486005,0.9868781925551655,1.0,16.94548660009754,4.892104678726541
53,0.9061620682857938,0.7814248688224239,-0.08151628189385107,0.9136630578131255,0.9855263584168199,0.0,2.7565485132744136,4.457406998331216
53,2.4231353407339316,0.6267831651121036,0.3126922441183308,-0.43872205357231864,0.5954915945581177,1.0,7.278960190210565,5.229979411053723
53,1.4910656614962932,0.4595185189657399,2.74816449769943,2.041735476451814,2.3234104978470445,1.0,16.41820015914939,5.293519328303401
53,0.7888656123606999,0.7805260113911059,-0.7293616148552489,0.766137750717869,0.8587071788032052,1.0,5.683688914519962,3.5937675692902005
53,1.2143199226401622,0.27032444948730405,2.500900738513359,0.45582355627028887,1.5086841153146844,0.0,5.437147534911701,3.5016043983145098
53,2.5804204641753086,0.0890659594273514,0.6922999487705676,0.5938889311541464,1.343890363516603,0.0,3.4481056674367965,4.649390431413936
53,-0.5086019561681798,-0.19062484654652356,2.01951804372043,-0.1944175297685713,-0.6118423604222705,0.0,0.16537051854639706,0.9201536924894086
53,-1.1977674347644731,0.044868249922824566,-1.0832286397034376,-0.9687605382441014,0.2865148315999446,1.0,-2.486047473437001,-0.04445010566647434
53,0.7450926027035949,1.605970503077213,0.39643072622302233,0.34114735800048046,1.5921993499139875,0.0,2.9949762390190573,5.459462076670086
53,-0.30186681978630425,-1.9590200496911585,-1.0478956148123475,0.06544918554258905,-0.23560389158860506,0.0,0.027893800440937103,0.35128989453116777
53,0.9596900732250543,-0.08992442546151003,0.7734361496504973,0.054944488843909234,-1.6300096478093766,0.0,0.25286015442372933,1.6632831520034685
53,-1.0190281296676802,0.5600395405503351,-0.6078330933980014,-1.9269680634916813,-0.29921662107011515,0.0,0.7705135906812205,-0.3963117862515563
53,-0.3114104341385857,-0.18900972687347395,0.3489712911936824,-0.3450543075620698,-0.08197373907776373,0.0,-0.2869269268237682,1.7093461006106443
53,2.0054421696571008,-0.8405133048114373,-0.05873539545853934,-0.4598577369429152,-0.5345095937697746,0.0,0.9059458565408192,0.3685878162070726
53,0.3644343681169528,3.4819257996477226,1.6092613791202859,1.341815398553003,1.250825924171359,1.0,18.56761412754058,6.254609295629407
53,-0.03540547299695829,1.5488240003009823,0.9116390138769876,-0.423437225533847,1.9502614038491866,0.0,3.0224555332345115,3.533554931538545
53,1.1482118354729436,2.069458897318662,1.12855594456473,1.5969819352865413,0.38119376624098567,0.0,9.26219509769696,6.966343772326114
53,0.608616117426442,1.2442411009374963,-1.372402637878919,0.7606524977316638,0.9596212572231411,0.0,-0.279859678718399,3.05472413907314
53,2.8198553252649927,1.6577293365344496,2.3081598203028064,0.38487624284422645,0.6858920091254692,0.0,6.963752313677446,8.930474671318576
53,1.4446310549134118,0.397797950819266,-0.009539154486963297,0.35261177283745393,-1.0570868260900335,1.0,3.2409968941762197,3.1388331749418406
54,-0.1729242233377697,-0.12548810556015466,-0.7556734438964954,-0.23381081517485602,-0.42241542220147676,0.0,-0.4330583087272216,0.8943538027077862
54,-0.10921075697491733,0.06443126167134572,-1.2388641871253234,-0.49203087167790605,0.37587128670058506,1.0,-0.5381582304672394,0.6189320877828639
54,-0.325982222919766,-0.21420851567039123,0.31216736312035065,-0.37059470075632595,-0.11577602691211497,0.0,-2.3828156610363913,1.6643012773277057
54,3.3809476633080444,2.2821358341132933,1.7649796878891773,2.258503468043595,0.2909935751357893,1.0,28.20344628808065,13.511596621197054
54,-1.0089738064138782,-0.33097737122557513,-0.9421874637926042,0.6459242219376348,1.1986336156899338,1.0,-0.2978207970138096,1.7031772074482556
54,0.9061041841650933,2.6010294443632773,2.821572979851261,1.3128468260782733,0.6832386536370991,1.0,19.96996231145547,6.569970477523202
54,-1.1928350169153683,0.3659506648125624,0.9515646963818933,0.5660149634849954,-0.2142739823469949,0.0,0.030269753673321492,1.3821015248826938
54,1.0892746023490316,2.437397010492875,-0.04326982497632337,1.2080569994663222,1.2058285092209624,1.0,13.82559636699688,7.602702314821255
54,1.2959816999562697,1.9354410668579034,0.5446926852700055,0.2808308154708835,1.2097103028193252,0.0,4.261084687368578,6.996911057092294
54,-0.3505696956975175,1.6170930198792997,-0.3320259947772787,1.8665568095612195,2.1250505550591363,1.0,8.26330494075616,3.8415324320251565
54,0.8518859648988604,-0.4257405151771182,0.18624373255115773,0.6113462018376977,0.15057564824368375,0.0,1.0959594384329758,2.307179856769211
54,-0.1138932007755471,-1.1391903793931668,0.48120601803004026,0.23626165050920656,-0.75390484074574,0.0,0.062281910939967045,1.3714230262589988
54,-0.15192051382178373,-0.20081447858281531,-0.23494461303415703,-1.8834877195290343,-0.4361727666328482,0.0,2.132346704586756,0.5493650292762584
54,1.1784246418117748,0.024523647050455566,1.8939913247741709,0.13056546601692476,2.014689841706172,0.0,1.7805110690989394,3.332398975520431
54,0.3607783736676613,0.3062241670980267,-1.871636641741377,0.09604495827381349,1.6265041734304562,0.0,-0.6462110194965199,1.0731136865877777
54,0.21886345277196867,2.006632688557518,0.7254894715884184,1.1494410529828527,0.8107376829827895,1.0,10.937707690052806,4.642935479461584
54,0.22752927147513435,0.8697732710189524,-1.2161641729876758,-0.24983583511945373,-0.2116243003080961,0.0,-1.6770379692820363,1.2549834277790266
54,2.7042365584375396,0.5672254044788132,0.16220480903382917,1.6854926489809332,0.4994572519325626,0.0,6.127697877290277,6.330093629991781
54,-1.0387951194083822,-0.602187309780251,0.3158151805355309,0.12771109595676577,1.1608054658727411,0.0,-3.392969947865474,2.5577674016314265
54,0.3163171413015599,-1.0663999897238845,-0.3196436325394928,-1.1678853908608569,-0.5525519194304274,1.0,0.7780261034350103,0.21694496723102386
54,1.301409224010115,0.4447911119587704,-0.8565701503724226,-0.0036940835395765648,1.4398648644910952,0.0,1.6591493260611425,3.3967886506442198
54,0.06375532822981717,-0.31177447014644044,-0.22400340557944054,0.20057539244493322,0.7872544096521616,0.0,-0.6703019673888226,2.213042313127554
54,0.9688132829871128,0.8223772189286987,-0.6590982168534671,-0.39730895801909394,0.21245866466821728,0.0,1.0269270848556302,3.060895777830358
54,-0.7814460543128796,-0.6328903213841881,0.09916121348639995,-0.06011699106298629,-0.24989459764167643,1.0,1.1008541324894938,1.67706382316857
54,0.8737188430773115,1.0650861828837819,0.83015446624811,0.49813934464237947,1.071351067614689,0.0,5.449045106565117,4.774572586250239
54,1.1476078793954414,0.3584432411725229,1.1969037840550278,-0.4142454595962184,1.032961836178353,1.0,6.6222768370034375,3.4374297357538186
54,-0.8618100086502543,0.8015753911794636,-0.4817410726416519,0.9958304999712382,-0.5425996968436546,0.0,0.36035337837108117,1.1510114494092556
54,0.669189992326795,0.44978760774002535,0.8780795702617743,1.7314866855213051,0.27455546884430804,1.0,11.074445834169994,3.9411731463491537
54,-0.9426633385739016,-1.2792490887760717,0.8209550336541587,0.04803174613101363,-0.43525832880552817,1.0,-1.2290603046593163,1.9933318561050812
54,1.1901711621282796,0.2871894098973616,0.14813388357953228,1.2442549532934057,0.5194042929265221,0.0,3.2784252662207174,4.025429629725067
54,1.0828975250517863,0.3572887916188332,1.6533700592662477,-0.10397800347993102,1.4459781763798176,0.0,3.65461193266863,3.5222054952165966
54,-0.42961487656682473,0.6719403811116431,0.5594651433761315,1.0770218940346679,-1.3860647386532798,0.0,3.216936559973032,1.805237416028148
54,0.16963837489401717,0.6161870175219949,-0.8441649922420713,1.8652012037376093,-0.05001634661753518,1.0,8.677173061073166,2.6473072056366083
54,-0.06399272312173532,-0.752072695757636,0.08960632603706259,2.1932391127648847,0.5828404949140968,1.0,8.5308560559807,3.0689254758851257
54,0.652117218811626,1.0458603906874044,1.3104648131305445,-0.011438666904215022,0.2970211810273762,0.0,1.2099781639089437,3.5864369468590658
54,-0.09354414722162385,-0.5348213203233827,1.9505003140370156,-0.654491065118245,0.4909531628609661,0.0,-0.40417577304021274,1.2586823198565698
54,-0.40857717718544806,2.2285123888258,1.6116998677264474,0.9816574937347677,-0.10043776615685007,0.0,5.458270559281556,2.2050159663875117
54,0.4535713962690329,1.0159760549757622,0.6780267704800089,1.4731702382027336,1.6319525171253597,1.0,8.336572464379811,4.865978123468837
54,0.5768942578080797,0.36152944583854796,-1.010561042719861,0.1604904427607366,0.6919901173633474,1.0,2.1249699318410586,2.130121400709518
54,1.2602201950578182,1.8097809558421893,2.1090661861595805,0.7515344034854461,0.9490470495140453,1.0,16.067059447671575,6.20789563796605
54,0.9142264585902893,1.2159177940135302,1.2989490802187775,0.9703629505525836,2.3478634676671435,0.0,8.826452687822012,5.753795397357502
54,0.20561126703574795,0.21056022685964892,0.9303405750132052,1.2387914961171722,1.0244227298591069,0.0,3.8533703361736484,3.4457176383732295
54,0.25915741656229513,0.1701173476757893,0.5985490806872047,0.69427329738556,-0.09863966510636979,1.0,4.195460877207109,2.6819699074955983
54,0.7741679632848467,0.06202237633195956,-0.8926194990754248,1.5811552509826585,0.3682578094741144,0.0,3.210586765960754,2.6218820179987414
54,0.18432719291868838,-0.017176184529714922,-0.2719815804157374,-0.0623485482065923,-0.27914252552333807,0.0,0.42788815657663487,1.7369135939626799
54,0.2796357460508757,0.5579066704049873,0.9849329936202641,0.37113853867610025,-1.2011658275810833,1.0,4.399484467897343,2.205153656344401
54,-0.7035077429779872,0.4707251411273714,-0.18172132508980066,1.9734592846747396,1.5818908401266512,1.0,8.37581074987276,3.222798384632298
54,0.780235804579616,0.701484089384621,1.645532414940849,-0.32325138761283434,1.300024449107165,1.0,6.5322309181626075,3.524669153363951
54,-0.4551198468230607,-1.851158775444409,-0.5849064762118985,-0.6086707703807615,-0.5630113417927032,0.0,-0.6948233960605699,0.6448292190178786
54,0.6604272845558277,0.5085448922048854,0.49785896056445883,0.49436709672349266,1.2508380746968941,1.0,7.679616528914168,3.9204820952567436
55,1.067307935334555,0.48692506012441794,0.6488971470352075,0.3778044938048497,1.0035804631268073,0.0,4.02356014840032,4.108707276200334
55,-0.9758141393730559,1.5213522530446868,1.8708797889500277,-0.9013681879891231,1.1328395422704407,0.0,3.5883943350471297,0.5437876488892095
55,-1.4277620859380808,3.064303055327434,-0.6651717864364126,-0.6528515655520031,-0.13530405123245615,0.0,-3.1532443542556763,-2.496678168008193
55,0.5776866517628954,-0.2333938668170058,0.32766960100518205,-1.1215772563601185,1.9762054156106612,0.0,2.110026369355218,2.5752616746667782
55,1.4650376379559138,2.7188785565203415,2.269337823441564,0.6206436632042774,1.748215361081487,0.0,12.2073069066657,8.751214461897202
55,-0.010777853974914264,-0.4724331792705274,2.092664381100362,-0.815265114144305,-1.354696764619007,1.0,-1.0515904845663215,0.22633714707193814
55,-0.25585527087523285,-1.0775392319826826,0.8939900482610017,1.1664636949407674,1.3754863118825844,1.0,2.55431205341504,2.9532733389509334
55,2.0907627485005045,2.1541686706536805,0.6169105737109221,2.2551594579202305,1.258007398573255,0.0,9.74412440892661,10.50702967032505
55,2.0757967779827684,3.5355457728603787,1.2154550683499048,1.4486421743521363,-0.27783099363456676,1.0,22.30012250153544,12.68578924844206
55,0.08633146134519032,1.313673935094417,1.2671781668973061,-0.22537258269467964,-1.2236181372598463,0.0,3.144417579104491,2.021482637194923
55,-0.3026158985565015,-0.3012391159229816,-0.5217456602824309,-0.9055893508254451,-0.1947880792816974,0.0,1.9242000596303401,0.8451211672419948
55,-0.738390997494675,0.4590125208617686,2.8269694474350837,-0.36164012249221267,0.857288088800663,1.0,2.532196640926504,1.2317757070568207
55,0.08002003495654525,0.3853496854689521,-0.1459345844948381,0.7914289477907752,0.5399398862250413,1.0,4.1798938597022,2.8456081136415476
55,0.16007803705363027,0.7827448441606955,0.8097729085296814,1.1274555930280146,1.3531729996368989,0.0,1.9164498960938303,3.931575343982346
55,-0.27111092358391087,0.9483902939008662,0.09527536418624466,-0.4827631276820943,-1.5858758810442297,0.0,-3.506133370124337,1.0903036291377175
55,2.644781345973882,1.9745126946084353,2.0732369553995547,1.5103282195416579,1.9653268226200429,1.0,21.64281992099719,10.824681399468151
55,1.791371591529828,2.363276779673895,0.7019605951190196,0.9421148945621207,0.34237615785924913,1.0,14.886761029806703,9.067634563441779
55,0.8761401058886129,1.2885592536770132,0.8640421591445587,-0.17978933399758035,1.7100226773573595,0.0,4.488189925362446,5.057814698158443
55,0.9740948960074982,0.09587081007187798,0.8029603958604228,1.34235488567363,0.21201448760181335,0.0,4.7826002844489715,3.501615005874953
55,1.798015668089788,-2.1272034931379262,-0.243345057817125,0.20683264636128168,0.5855664317929961,0.0,1.3390989127418682,-1.744274699271858
55,-0.20088458775244789,-0.12947757309282115,-0.8559260506868704,1.9309285359723112,1.5168822051137385,1.0,7.842327423007793,2.8122907712177962
55,0.4072437398647193,1.44170980442727,0.6392340080595778,-1.1872406345892073,-0.8366503779144405,0.0,3.201981821920164,2.6218285319007673
55,1.156097715210308,0.27249643661100276,1.9142500051272535,0.9264389120422718,1.5173022005239818,1.0,9.995412252957049,3.871584074394641
55,1.201611553660258,1.1994419257340896,2.1360217421406693,0.26917592422613323,0.1704514113819206,0.0,7.053683357532625,4.394008368839951
55,0.884840948213957,-0.9660587098265414,0.07237158247182762,-0.8724223601258276,0.8686403377578479,1.0,2.7825101990701975,1.1362599142770442
55,-0.08654682348876719,0.5001376196758752,-0.6787404259616066,-0.5578879245669524,-0.30522773190311514,0.0,-1.519377676942768,1.170946147677736
55,-0.07770531217680432,-0.2914941045762721,1.8263162943585471,-0.4582943842798217,-0.13350617632525275,1.0,0.6239111960412653,1.2025602708553207
55,2.525157301518376,1.5561385944162889,0.6433768365051369,1.1319808025078988,0.35676742112508514,0.0,6.449131202964148,8.836279769096482
55,0.25054194678499353,0.21848939934091582,-2.1885519529247706,-0.744506245576227,-0.7509537924200582,1.0,-3.2778627451340085,-1.1319566140654367
55,1.1234760584610006,0.8691156747101827,0.10530492584884715,0.8430695714809484,2.3453113027252837,0.0,3.838403623583336,5.614029977283426
55,0.06765825650746049,1.6743498809087938,1.3141557472772023,0.24590384767594275,1.0762034826096663,0.0,6.958143730388534,3.556251798261138
55,0.8854843237786045,-0.06711770544599882,0.22301775886389907,0.6445962654053474,0.6992775281873397,0.0,2.2801862192582028,3.1084318516434104
55,1.4699845192334346,0.46028590569732836,1.152217824210342,1.495015354237205,1.6018287187334213,0.0,6.246411786148063,5.172741404808733
55,0.5122645629570856,1.842629418410851,0.9055437911636399,0.006962880401456317,0.8085803904257902,1.0,7.285507779975135,4.599162112970328
55,0.9102735464589436,1.3036346893545367,-0.00040467227070539735,0.3375081209280827,1.6098396757419031,0.0,3.70344834506704,5.267089770192216
55,1.56295970274627,0.05864126477017095,0.8432187424473359,0.5813123001680119,1.8891328446633442,1.0,6.3330592731327435,4.224348919157424
55,-0.5354212975548247,-1.2334580260366408,0.06956254709775,-0.9214053140642999,-0.6633204168484264,0.0,-2.5170106720566188,1.0159799445824005
55,1.1869711969508354,2.563109144101992,1.023467354317138,1.7533825896861006,0.9495511308051124,1.0,18.865595126054366,8.300985687271808
55,1.2210821165506784,0.2193390766279572,0.994021798729918,-0.19359449413022456,1.6145565360799676,1.0,5.447699661827429,3.7408566448009166
55,0.8724386157605277,-0.09355172256453281,-1.4799729971300197,0.6936773167986677,0.5562090647807779,0.0,1.8148752633992573,1.283480519558707
55,2.218003391817807,0.77734696014361,2.0019099601102734,1.3309550109142736,0.36136802121669426,1.0,12.81509074201612,5.651067068054976
55,1.9378026714853673,-0.05885996604185073,0.19456283285511128,-1.37885910283568,-0.04297869296500556,0.0,4.561812696727355,2.192907155972762
55,0.43358378794604824,1.8660527208304574,3.5860445008565285,1.7718806557933484,0.4876084500645905,1.0,18.528922600923078,4.9788287785065775
55,2.0273673877227805,-0.5044675654643431,0.05588024484832177,1.456812453452974,1.3903087635065294,1.0,10.226624237396106,3.188648656999116
55,1.8022073159292062,0.5126066992790619,0.28143166179918433,1.2986480837291263,1.0194382859690556,1.0,10.214977837078653,5.341648372692637
55,-0.20484679516339588,-0.7364971280734045,1.0657691188438436,-0.7355325296801103,-0.4736638084467888,0.0,-1.3271787607707837,1.0923147569220997
55,-0.013599821540813739,-0.5962879221432951,-0.0881897116784307,1.4989068150810394,-0.4626827727522692,1.0,5.473477810560175,2.1732965098825856
55,0.9971108667185402,0.08192830692097425,0.14918366366855718,-1.6949145971785375,0.44970956377340987,0.0,3.648580568015622,2.062093247312582
55,0.8620373343029175,0.13135710132662293,1.4591947161590204,1.8167860929895694,1.1039626714837585,1.0,10.426111452681639,3.911273773615731
55,0.6633356257874807,0.21174822032220803,-1.3004599621403192,-0.6104123816363225,-1.6520901607844314,1.0,-0.6576142108597172,0.06357640906933626
56,2.439730416433754,1.4301723520370881,1.5059184501613738,0.31168512658220054,1.1614316000506806,1.0,14.00337187312754,7.9785363335190675
56,-1.3580058999852989,-0.17091423038388653,-0.519576093114331,0.10007406575864303,-1.224408898982596,0.0,-2.7872499513929445,0.5137167375098846
56,0.26718327193729574,1.4978614673641921,0.6015410730057366,-0.288268607797851,-0.051967989925088554,1.0,4.34115232906825,3.2378426149847037
56,1.2010925935034358,0.7353048872509047,0.3446384201374457,2.1939126031674463,0.48991665126441636,1.0,13.174778713936684,5.306799507899589
56,-1.1952674942577914,0.6712458426986283,0.08803698607321425,-0.7641254259700232,1.5050350605253482,0.0,-0.4035540179838582,1.3462713949305116
56,2.909520369214956,1.771343125741387,0.7846686052052068,-0.003958781340135498,-0.019862449581027786,1.0,14.088158032834638,9.58223680833883
56,1.6479195602656436,0.3581615792099401,0.3478747132771697,1.1548727267033163,0.9976836701711274,1.0,10.74462845906923,4.783576943886491
56,1.0893310318970335,-0.07338049118406442,0.019590801517798795,0.5879595626269178,1.2896637357036438,1.0,6.9070209455227145,3.376454780483469
56,2.1115638822768648,-0.25019609481950233,-0.01003321332332352,1.705141382662159,0.8459477726436815,1.0,9.550938644368232,3.6728564951497935
56,-0.783202582829229,0.04170613649565458,0.6419002994905144,1.2232061388087954,0.3333400411717701,0.0,1.929993438932042,2.496770122881017
56,-0.6832166573238574,0.7116069265285557,0.10176454266642859,0.4883568327572394,1.5400933514663027,1.0,2.5626859825895254,2.587947248394757
56,-0.9218988214063613,0.46323686249878127,-0.45721194592865044,-2.2057376479278044,-1.2515776473933424,0.0,0.40026319508854025,-0.7163653530150027
56,1.0074242110911573,1.7648568606757182,-1.2763513477827935,1.3999730185923203,1.721531079092784,0.0,4.232364639115222,5.376885201489342
56,-0.8915123970508201,0.36359529098889254,-1.4534215648940811,-0.7766093721358436,-0.18823912122124642,0.0,-2.6257348938290686,-0.6801378528763404
56,0.6654517561654578,0.04911012423108718,-0.23177958169648805,0.17074913378587575,-1.4163091328197859,1.0,0.9044083244518637,1.624550717082565
56,3.0922131777123445,1.2164401184420162,2.531544864689094,1.3862549834540339,1.2204897697808947,1.0,16.306006707469002,8.665342980980181
56,1.6050369010890655,2.1563681912439634,1.906388990403718,1.377221048743638,2.0993490949149076,1.0,19.061769905697332,8.703903802755548
56,1.1468641795096528,0.8946604087558517,0.4396872116369182,0.2041478972084399,0.9032521800094235,1.0,7.101262007747685,4.72524476205464
56,1.9497569514742623,0.15263271319211108,0.4269562825969797,0.8229667235657997,0.7238984964425805,0.0,2.363752125245605,4.245932651412382
56,0.26839476485557673,-0.11185692465104369,-0.06211476917604242,-0.6823887093147931,0.49636377560264644,0.0,1.499478596856605,1.9222487535664519
56,0.29670602971589277,0.34836445793948945,0.5924008985649101,1.0502575469472661,1.1570650248452647,1.0,7.392557269587239,3.655361333317432
56,-0.3060978870220208,-1.2701965872816203,-1.6553110266653994,-2.226990617764994,0.13216183647074464,0.0,3.5884431371178653,-1.3588267744481004
56,0.6690939313676443,0.9424924191535562,0.06751827668895205,-1.188672727837171,1.474476912677626,0.0,3.193925851553072,3.610791870978654
56,-0.9984955768796375,-0.2576618440765839,1.0055610546362455,1.4688093883588897,0.30105047847276917,0.0,3.184052759778118,2.5525204712710727
56,0.13066717982927328,0.020590052405593973,0.5022462210494625,1.0076585323216598,0.11884853974967291,1.0,4.184967773090778,2.7691991598932706
56,1.1769513267103666,0.5866939132760882,0.3650625912452851,1.167065867857425,-0.5608723028603748,0.0,4.2456403566833005,3.992062295151635
56,1.113334378718885,0.04076120536388844,0.35248094799130525,1.4904268945164625,-0.40834416640364524,1.0,6.13303151621875,3.278229592470149
56,1.786887457213218,-0.012602530755077224,1.2869648682192016,1.104699785956401,1.5506648227244462,1.0,9.397603324618252,4.115823752741071
56,0.006100789088642311,-0.6988621857365045,1.5375223097216286,2.48787022697524,0.9574447460790572,0.0,6.5976486345222485,3.174042209735346
56,-0.033173253823531645,-1.5516741876013564,-0.12857115220814608,-0.39602951240882234,2.115488284404255,1.0,3.1067336642541057,2.0462402797789236
56,0.8450279916549548,0.31228452798717854,-0.8566737205714414,1.100514874945314,0.08754209281972236,0.0,2.4886378092509434,2.663191701245747
56,2.3179094783298675,1.7500448662250971,2.127442291793292,1.415360679257843,0.37105768984288695,1.0,20.014735922758177,8.519011593499155
56,0.9226642485473671,-0.4304583078838886,0.13436177798915988,-0.28426405211634476,-1.0930169027942287,1.0,2.469942891228745,1.218461918583428
56,1.7000418751486395,0.2506852177648786,1.028947926574218,0.5962056019031919,0.9654834370381865,0.0,4.7029070335051095,4.21257789826787
56,0.6231944929051749,-0.37269136146466053,-0.9179589650786348,-1.503332132854804,1.8180918604810168,1.0,5.025635300975873,1.198835487312444
56,-0.38809145593828076,2.3275022257711315,-0.7380618707685034,-0.16580262730628037,1.1255227617083334,1.0,1.550202486858487,1.91702481728661
56,0.8295534844362403,0.8737782502919915,1.115378754386372,0.798555597548277,1.1639019896239489,1.0,8.488490144267633,4.555267194799911
56,1.498822138653741,0.12746986710779956,-0.45531636427810007,0.5527209823889611,-0.2246504903850971,0.0,3.0657270599218682,2.8386996786274574
56,-0.27744527049004963,-0.46025272485893143,0.34699202690985487,-0.49371416547262637,0.11602845151002145,0.0,-2.0912114542500366,1.6838989895379313
56,0.5487898589798453,1.5442349175837118,0.16467162581451172,1.5209122598833669,1.3462713262729369,0.0,5.981147688604052,5.396372695307936
56,1.020189986637822,1.5030466479262257,0.10412563294061888,0.42610456606304264,-0.7650370987236264,0.0,2.977964694212046,4.6721918296051665
56,1.2602196502933236,2.1887348087761076,2.1531213897795842,0.3582065008235426,0.5674885077877774,1.0,16.191695041463085,6.47220476193135
56,0.2515837357028515,-0.2285746841799179,0.9311340450392429,-1.516445577764789,0.44853485251397046,1.0,3.4607476298987048,1.4825350376628383
56,-0.28870656614122947,-0.6572275207453178,0.7049765755547199,2.0644400234650666,0.9225758473542452,1.0,7.347994614698694,3.3244018118177268
56,-0.09298781040779058,0.37745217125235286,0.790737438627672,-0.22631711102513774,0.21051671757875684,0.0,-0.2647582161490081,2.197923534450777
56,1.3363598779874124,-0.8816671033692038,0.06966737957221975,-0.2910207192295947,-0.36701183773260015,1.0,0.22450722428613834,0.7525134654200845
56,0.47295216783682287,0.03648181220800223,1.7197554835195257,0.37389892635671945,0.10956001769353291,1.0,3.8421075651644907,2.2251694599928666
56,1.8452261082482333,1.9050689851561242,0.08026000571418362,0.5170690481109147,-0.11113957111354777,1.0,10.841369327108202,7.630306211814396
56,0.33983676379993477,1.3367309141963397,-1.2966558761159297,0.50513467398414,-0.9858349639388893,0.0,-1.8954794068134864,1.6745956487345908
56,0.487774401055441,1.0491733325595958,-0.3750234389278704,-0.3346098422599394,3.0463334395412027,0.0,2.8840932241866595,4.379082876498135
57,0.5927316417316649,2.0944370057595028,1.6227629544554751,1.393070238330182,-0.2992738488734382,1.0,15.075375811500777,4.891359839386701
57,1.2396375556009525,-0.33980670986376205,0.1823948026961702,-0.4827588826398118,-0.39714841022459835,1.0,2.5566721791538147,1.6633341500751846
57,0.5373607148756837,0.4480683260032771,1.3358762484198135,1.4812117661909263,1.3788378399303702,1.0,9.453302365382921,4.064217023526754
57,-0.43901611439787036,1.334956756559869,0.3508549466050507,0.6751438945272583,2.2797162206833956,1.0,7.248121966685923,3.453839534091919
57,0.09091816714870604,-1.3081605523396345,-0.15020194390424912,1.2546159643752586,0.6041782743368626,0.0,4.655473732573289,2.1154802747081405
57,-0.005787002509300643,-0.15322414598908174,-0.6116069793308878,0.6730246845476363,0.4092001636279661,0.0,2.0392986847178234,1.9754164424423182
57,-0.3478476328171225,0.5385557043466215,0.21866212402616686,-0.8149889965695973,-0.5501891803811534,0.0,-1.9357217126651753,1.3109492224331263
57,1.1766245704408265,-0.9250853711581104,0.5254610250903757,0.2926555439195665,0.4479906041552691,1.0,5.092362688126982,1.535437786664547
57,1.038620439605563,1.7041924975109108,2.9042476499077083,1.6752352733027696,-0.3362767553534781,1.0,17.856073471618306,5.291053063196832
57,-0.09273706196521647,1.278992575274299,0.06186072398972542,0.3379364180019618,0.8356767196506742,0.0,1.7661196962060648,3.090341909272416
57,2.1896259510277245,0.23866942112556416,1.4370110597144377,0.8178756207241867,0.23440795036941114,0.0,3.5023136398161787,4.1147782912311905
57,0.8448921209813233,0.6428132524146102,-0.692885804373012,-0.17533011830592404,0.22539978449343284,0.0,0.12818362018907603,2.7349583541805256
57,1.8776853450859223,2.005840911753298,2.318380803498207,2.524058177319989,1.4767717498112742,1.0,26.333302472522917,9.187837216669784
57,1.8908632437290918,0.5138308057081123,0.013918112916145586,1.1919041844819183,0.9797683751558246,1.0,8.881912889273238,5.266629289634681
57,-0.10291399263919487,0.41177251916575214,1.8590569927782097,-0.2843653503302839,0.9534650206548945,0.0,2.403538207465992,2.0918453535750596
57,0.8596228842211526,1.4420198151260655,0.16830044923656695,0.3401710849101993,0.7800568357227455,1.0,7.449526004089584,5.02054964453569
57,0.5286805386422025,0.10718588322845435,1.3430955607809487,-0.0023216035820030623,1.3124662248866512,0.0,1.8979127270978062,2.9269586285006692
57,-0.006973198435154981,0.07698116802008365,-1.5185299109450243,0.10956824769073609,-1.465219176161783,0.0,-3.4531001209446326,-0.35038061748537763
57,-0.10674193976327173,0.7899115553781186,-1.1175434393943655,0.3782408201714137,-0.8139862519484611,1.0,-1.0887395186662636,0.9185159612957842
57,0.5880354895243154,1.5514228234607819,0.9795788605724544,1.2821710094187706,0.9140328323418355,1.0,11.318860826109885,5.1272844396587836
57,1.6292938859685362,-0.7742866908524875,-0.5774687144419566,0.41847194369531554,-0.8588550429066053,0.0,3.5449172218891425,0.49488429307237514
57,0.7923617672323979,0.5041518511783298,0.5680273828420268,-0.15941908540552052,0.4213191077211097,1.0,4.014348734790438,3.3056549874377796
57,2.0949902617984906,1.2051281288394926,2.010781241801504,1.3777265566087424,2.012461892407436,1.0,18.774801039976523,7.449349918021331
57,0.5341785006753786,-1.848941807050728,0.08086191354736244,-0.3581391083374853,-1.1942796398602062,0.0,-2.7794594508324697,-0.38409257634490024
57,-1.0316317054785227,-1.673323714226243,0.5149218402994741,0.7995515599098202,1.9801215459433277,1.0,1.6104507439780504,3.891404776364846
57,0.34186320369433454,1.206976264942817,-0.9928489178052151,1.682237196739607,0.8825752611947255,0.0,1.5129434354390368,3.519328144933697
57,-0.189189282512778,1.2043262371578258,-0.31994352144316074,1.4954648994024504,0.9825900151162614,0.0,2.681130270796392,3.308031739974953
57,1.1742547884560213,0.8726699460530969,2.0652356631672175,-0.4189344546073872,0.7106915319954212,0.0,4.979331171007673,3.7521573902405962
57,-0.12878689468541438,1.9940542020519352,0.3353865378716745,1.2658697351404586,-0.7078421435731517,0.0,2.8853518238319564,3.0668158272338006
57,0.44656101539217075,-0.344920661275824,-0.8478003444777857,-1.8046267392656232,-0.00734174505736318,0.0,2.32854631938734,0.22854174791451154
57,-0.33390160658585155,1.817723475288394,1.378360781002078,0.08799743537757715,1.375513647595432,0.0,2.484677988234413,2.7471561263623236
57,0.8473037716620959,-0.08615618716684881,-0.5955445084125679,1.8285474792554726,-0.717226013940087,1.0,8.044222062427032,2.3933049827144375
57,-0.9003027756171684,-1.876084426078056,-0.39609595279038,0.47856618498469267,-0.41848540199119755,0.0,-0.20563401271754111,2.0554171088721094
57,1.132808710071258,-0.6131219456064805,1.3807060196703165,1.8819728243854414,1.2842052315284105,1.0,8.722665323027856,3.0276831158906874
57,0.7516564748562781,-0.38624084539067005,1.6489712914342471,1.3346700851319473,0.32664216069464136,1.0,6.1428664863772084,2.469433787541923
57,0.8401726741267808,0.14011822189146594,0.4998148307514517,-1.0692544146367626,-0.30486975250911474,0.0,1.8247911572527966,2.0483856027038145
57,0.2152309489706008,0.09035925204806344,-1.6927399903665972,-0.9474048038875182,0.708560237364129,0.0,-1.0707459415749032,0.08480926370382043
57,-0.9891526143583504,-0.21208293453313043,-0.6496638859764923,-1.463662802057223,-0.017197923444640995,0.0,-1.0501562652069207,0.3401894741845055
57,-0.4650273118533066,0.3087016073914123,1.1092663553710571,1.453590149048726,1.1709170412826952,1.0,6.584547590714896,3.0904877635168617
57,0.17790555768649635,-0.22442965811375992,-0.06404719874863363,1.2967753782527762,-0.5580438024233525,1.0,3.9104411066442326,2.2721025340241057
57,-0.4069123669797837,1.3763566322551912,0.34573279636471616,0.8463012681235313,0.11568217084579524,0.0,3.2056342959453064,2.519351085924205
57,1.6706156283335372,1.316943383802272,1.4127889193479306,0.6842592002216709,1.6464359771868105,1.0,13.213048611145803,6.7229785029592115
57,0.03795378543018241,-0.47706984292922505,0.494993386645025,-0.4850612859813632,0.3047231856556972,1.0,1.6545994690779762,1.7996348593263067
57,-1.2551747920674532,1.077522231625292,0.9640087699583221,0.17571803423119914,1.0772741376950143,1.0,3.245897484215786,1.2374268837170725
57,0.5534272604752299,0.37955953007821563,0.05973636415688488,-1.4093687432532334,-0.5681382063088807,0.0,1.9174418807057587,1.7158830073995925
57,0.709754961902216,1.3991212521105951,0.0222256783987817,-0.09807010288839935,1.4899879839813286,1.0,7.335150321501783,4.754296157517662
57,-0.23326338752426423,0.7900139153368078,-1.1407814627611421,1.439444849735064,0.8273242300178154,1.0,2.8545372745355015,2.073972063600113
57,-0.2801883938212004,0.19738526710909354,0.589760576095294,0.09668736571773867,-0.42469399489492454,0.0,-1.3177696386270017,1.8652442105588167
57,-0.13332789431711978,-1.4348166507753808,1.4441576624374912,1.518925923421999,0.8291442992907765,1.0,4.483207139139211,2.4296431970287227
57,0.25547957611278355,0.5469217675996538,-0.9589025090220435,0.24774058124860043,0.09457863554551377,1.0,1.5769085177607718,1.8070550629443791
58,0.8833113713319481,0.10980770486914232,-2.0111592967642324,-0.9627392263866474,-1.4621213443128098,1.0,-1.0439379060234013,-1.0507238359446025
58,0.7703394204829415,-0.5452543945460961,-0.1118505524098029,-0.0027874774303172645,0.5450539284074393,0.0,0.9337692718680551,1.9014707535923334
58,1.0959857707831415,1.7636630700975786,1.6162795744541611,2.3093031643982265,1.2455340387728233,1.0,21.706284898014893,6.902864871315794
58,0.8160697135457393,-0.03960915777568663,0.9424372797064875,0.7255057291027502,-0.7188327157572969,1.0,5.284444725466626,2.418279620613466
58,1.3288659343940066,1.5134337796241424,0.672236625184571,0.6846947439264599,0.9905855017887597,1.0,10.932326779237563,6.388489679773567
58,0.023633882244480764,-1.0453003002696653,0.8195046229034606,0.07152857574589455,-1.6273136833627162,1.0,-2.671770537209168,0.7789053608870927
58,1.1413586712151067,0.72583640883235,0.2171738293548947,2.156368114878995,0.6482483718952321,1.0,12.333163691742795,5.249442682495718
58,0.40200005442621634,-0.4763848033019147,2.584853258995927,1.0329726923465983,0.06510820695566127,1.0,4.050648999505563,1.76378539513552
58,0.8346270094594367,1.931150334489808,1.4908951797402616,0.9404733932337223,2.455997126425376,1.0,14.020069772356885,6.518177906960382
58,1.2655379062085528,0.5983889114690952,1.2344554344500782,0.6638748094758532,-0.10183943850376742,0.0,4.929298396519556,3.9175278881557247
58,0.34160574613367367,-0.2381555155424525,0.765192567181959,-1.0727679591027215,0.6207831807668158,0.0,1.3479752459393828,1.8482227012999295
58,0.3250969047519507,0.7309416951170524,2.24739820668324,0.7361226627203957,1.6788597554859985,1.0,9.112429741101625,3.470689381808529
58,-0.4378523021854003,0.2797526960325422,0.5664362930241283,-1.2342775235235481,1.6579236081889583,0.0,1.4344985961123162,2.13731973928747
58,1.279059362225225,-0.3017503618080979,1.7169037155624425,1.0266469891135077,0.33224756273628364,0.0,3.360262518920748,2.495008899973271
58,-0.21857552529969693,-0.5315714754471323,-1.0615823428438254,-0.29955980095101586,0.6904663999435641,1.0,2.0205281310081156,0.8932682471419333
58,-0.22643270590701592,-0.7124543370121474,0.3643670705185383,-2.4076085314509252,0.49748884859949777,1.0,4.0839964556046535,0.8533526335154173
58,-0.48907539297367786,0.4608727306841938,-0.6241599021055728,1.2828841134466495,0.4883473825476946,0.0,-0.9229101083396962,2.145487326189389
58,2.0604940361833455,2.2209414191733003,0.8850588139411151,-0.15790804961083327,0.5187891464839169,0.0,5.892364150542122,8.973168215407243
58,-1.026626092674482,2.5544422009236385,-0.09089825560987341,2.4022201769782914,0.34246732368939403,1.0,8.396786040385976,1.464217258269524
58,0.49451809740011354,1.2331835561494953,0.7085765452234107,0.44759266417348686,1.8246378267989867,1.0,9.675730713663459,4.723374894071773
58,0.41498583893407576,2.3062416613094863,1.457371697481988,1.060856883217521,0.6570621885458904,0.0,9.449238018941772,5.018498346976057
58,0.536782315161777,1.218409606922251,2.4657635562685405,1.8790532251207765,-0.1413713557079962,0.0,8.412808334018045,3.8531508213311922
58,-1.5662308030528336,1.549280034625775,-0.9689622373692977,0.3571209894092283,0.2309851391617067,0.0,-2.721519114424585,-1.0592782892237531
58,0.2770885728081124,-0.7377244179566591,-1.3855010418963238,-0.21011514010659726,-1.4242260205482018,0.0,-0.2626960563888167,-0.7604172582116873
58,2.237634762811214,1.2260816359983573,0.9747335129880935,1.1934379100751542,2.7709613842694383,1.0,16.098582228080385,8.506336099249388
58,-1.1177998439323318,-0.05737545844001779,-0.8912435272832975,0.608804681760953,-1.0770268523155826,0.0,-0.48295312107196753,0.4252590086395104
58,0.7517187161271068,0.622860144550293,2.0776071153714737,2.251344483139267,0.8529476395034911,1.0,15.876949894745813,4.261063275326461
58,0.44535026528887933,2.2212504223451597,0.04018852410355139,-0.6388824673817235,-0.20914590422940604,1.0,4.932663331387337,3.917807434878872
58,0.24963503332028708,0.5088081634717022,0.8708143742196515,0.5629635177152224,0.5761783507787682,0.0,1.2488575748398327,3.1554199462956616
58,0.9303075746752432,1.4564725795089908,1.3666525309822433,1.6432391308029892,1.7702755037113587,1.0,15.168678130649477,6.14116994214093
58,0.36403729389480877,0.802392438641902,0.5851034812539747,0.7034947536580878,0.3375553105741749,0.0,3.333480850925595,3.5220473501550913
58,-0.3566601388648952,-0.20973293040259522,0.6745972317386784,1.377261081890428,-0.9611181599198408,0.0,2.795155681182757,2.1179354949101965
58,1.7487278905759567,0.35110019295951245,-0.8492817245839555,1.926352953326,2.2171424892294294,1.0,11.875699484581876,4.971522202403417
58,2.3401623556525024,1.3083728647339392,0.6043776429329472,1.1698142847823652,-0.24132702635810277,0.0,4.9646797566296295,7.475360897497403
58,-0.6785886976264031,0.8462347707030462,1.1172506430299929,0.838023634757395,1.168873723429358,0.0,3.002544507768285,2.5098071801396915
58,-1.2889584010861492,0.2194457918536306,0.798187286063515,-1.0936344772037914,0.6206940037974551,0.0,-0.6585518387966564,1.0430165300729444
58,0.6444061274003161,0.00036425001333101337,0.37961169714183574,1.256798345383428,0.579778472290734,0.0,2.508156510880867,3.3595227660950213
58,2.775450594526833,1.768681238051012,1.4243577775294554,2.112965591519224,1.3403421826306177,1.0,21.870002342143852,10.765701818511296
58,0.921310877539756,1.3213653441390787,0.986422223378656,0.2765051082069819,0.6465399837595236,0.0,3.93729772068573,4.845137489928203
58,0.13700363756821615,0.9757662612768748,-0.6644319818259519,0.8566920979684625,1.0761565049465587,1.0,3.968126169216065,3.1115439461425427
58,0.5958887499105239,-0.3956417441961999,0.42550424965993194,0.3293784479949262,0.13545692843420348,0.0,-1.4256991624315645,2.2203655560651994
58,0.676411177860719,2.017876601627419,1.2531940988716355,1.166762243479561,2.076798370713658,1.0,14.848691310861295,6.272725143508175
58,0.5805371554201635,1.388695975167602,0.9929511505678528,0.2906685223331754,0.14874443067891469,0.0,4.101557362471521,4.053208464524765
58,-0.7637369103826741,0.7298484263446746,1.476918279600012,0.1618614373540917,-0.7962002673397166,0.0,1.0946431264987597,0.9406735159712825
58,0.4463165207341129,-1.3199746705449151,-0.12937009394972931,0.11933239156242298,-0.4920481830876433,0.0,-0.15550880091720262,0.7146448342657397
58,-0.2753541786433741,-1.3441987444334154,0.484842673191922,-0.8301353338057786,2.1026729218168656,0.0,0.66461867711415,2.3237926955027293
58,-0.8261772628483941,1.3019464877137965,-0.1921752683383563,2.019294778316336,2.1318653776428613,1.0,8.295016036184062,3.1233295639961085
58,0.6245341765940746,0.22087006354721223,0.3861902699987585,0.849747471659529,0.7686471755607918,0.0,1.868854941903295,3.489286241440062
58,0.013853290092183335,-2.0416354276830297,0.6877533239501045,-0.7709933459235827,0.08628473580742008,0.0,-2.5028026873297344,0.7320220804637156
58,1.8685133035088441,0.6044994437439777,0.10847864857374206,0.2670275277840772,-0.46440581955195737,0.0,2.7277183904212263,4.31569376363496
59,0.4671694140031057,-0.31258103927664205,1.112638478431251,0.3217904016792783,1.544284979667608,0.0,0.33890099907212656,2.8629195063557225
59,-0.4532319069040155,0.3439324400459485,-0.35430235211115546,-1.2800816854794914,0.3772389874141209,0.0,-1.281893343983015,1.098785342136535
59,1.088608049172836,0.8918968139145036,-0.19428208049795714,0.08575022722106712,-0.4982826424828194,0.0,1.3579724800731778,3.6389577598145717
59,1.0135717016356263,0.19319169109412088,1.3367311328322469,1.3449893017300711,0.43669825585893296,0.0,4.371201786363455,3.590338444290418
59,-1.8771911581872809,-1.1323054091407851,-0.3820076021271973,-0.8851391794535153,-0.2934796941425354,0.0,-0.967712443820123,1.7684102847592427
59,-0.23365175624047807,-0.1723104967908362,-0.36686264484518394,0.1866223268615796,0.1440957555602762,0.0,0.039635405943257596,1.752664513806885
59,-0.2597644477650938,-0.38096070118422365,-0.2985358069348091,-0.9542297019204846,0.5996459386046646,0.0,0.11638486768306004,1.4078058501172692
59,-0.21402542976777517,-0.011261312238219912,-0.22594431724116282,-1.573651726671569,0.6867236692143707,0.0,0.8412062159916461,1.3079136381262328
59,1.0720373677531296,0.8399096900120817,1.3411028462597652,-0.8474995168759276,1.2378588827440447,0.0,5.5540231574472845,3.949798273305229
59,0.571546190415508,1.979934482052967,0.5705350641238378,-0.6874320170556962,0.48216107067473624,1.0,8.287176614117996,4.431608522506613
59,1.1481715802040704,1.5296092066632214,1.1899720488727605,-1.494215060964456,0.08183058294944923,1.0,8.922866622032103,4.355623819846205
59,2.061947293066743,0.7776946618814302,2.2511092916018414,0.5936698249106936,0.1384103970662081,0.0,5.68287341486797,4.885944791046209
59,0.14087520269737813,0.4025697420760456,-1.9623654669199033,-0.044707150574799015,-0.013982407441000544,1.0,0.007229314312448665,-0.06373220446174022
59,-1.93541544125515,1.0392686607272417,1.479846928711762,0.5314405668042177,0.9410616760272619,1.0,3.560404946969515,0.10750864608886745
59,1.1515509614158752,-0.2645975978462145,0.44726497267413134,0.810335902248448,0.28173397494336194,1.0,4.861317660282815,2.8100798641821223
59,-0.7152728140794793,0.22092046807653898,-1.249657265841802,1.0262116271334534,1.072044460662168,0.0,-0.5844820400699626,1.3347524264001978
59,0.2632556078962709,1.1685591134026405,-1.6592132475601145,0.12284875971894343,-0.040067527622887344,0.0,-1.469275328903664,1.1470193275369347
59,-0.8626201775465523,-0.5861089945260842,0.11136085943787771,-0.5750163460173667,1.8581154048943522,1.0,1.6799346151065773,2.4722606028342793
59,-0.394180821973391,0.6445384693679986,-1.6123442677271211,0.30797499503741504,1.0506288641055976,1.0,-0.24727558128195692,0.7027079273523986
59,-0.4550297566482443,1.979350855875515,1.032703732788276,-1.0031425853711182,-0.44509518361785394,1.0,3.7243916175603715,1.1662290519445901
59,1.5128062984117412,1.8026423673628196,1.5172320787456937,0.5614313808091129,2.0173926922367924,0.0,7.341542492490669,7.486339773850201
59,0.559090440971148,0.9387568959580515,1.449496660435646,3.202470299996431,0.9780408107915215,1.0,21.313194499153262,5.2097799868082655
59,0.6126571846603052,-0.0895624722891043,-0.002788782299046888,-0.40704229674587444,0.18887851323581473,0.0,1.2717459651870002,2.0961960925063527
59,0.2555575376253706,-0.048469029990444557,0.3262146821416849,0.030338250360839425,-1.055779177226322,0.0,-0.8035466328164325,1.6888066742236179
59,-1.1639036387216208,0.49802819028379497,-0.19930372109312422,0.9018813117004911,0.7265411639038251,0.0,-0.3375686469962417,1.7821694997037265
59,-0.8040804603968643,0.9643508290967137,1.8793596513075896,1.9188542013652812,2.6284853584729206,1.0,12.605490274930798,3.2143790034861404
59,1.1018092640863544,-0.06656530053339893,0.05628750235048585,-0.25797849563391984,0.09491953970760081,1.0,3.6910754785019924,2.3893102669402673
59,0.40633662106111157,0.5268056604767538,0.9557452701610155,0.7264336627469249,0.6838608464885976,1.0,5.622170486046887,3.4406516857374116
59,2.1731425000211075,3.4159008850694255,0.6989635849707752,0.7790226292768989,-0.10359876972133608,1.0,18.678636052004588,12.670464257290705
59,-0.04461112681120283,0.28222209755044825,-1.0243090794888705,-1.1924001205680341,0.5901895022549436,1.0,2.2673328685983734,0.8126446931355298
59,1.0654427134355888,1.4580740067226112,2.6816143074589776,1.126175836629396,0.007554014525696595,1.0,13.258515003314871,4.826862654988893
59,-0.7868090782211044,-1.365164246196356,0.43598643833818895,1.3619010643041638,0.8786074480252603,0.0,1.6786462784156133,3.242838341066257
59,2.012371866485201,0.34246765803441276,0.07046607135647703,1.43559105304612,-0.16490838066873692,0.0,4.13193357638176,4.534684707887725
59,1.0544469651243051,0.9696874998890537,-2.021900344948435,-0.4127073888240189,0.896668229655935,1.0,-0.14372594930481752,1.8296221430489914
59,-1.8511410216572797,0.9474240371452912,-1.327742116213198,-1.0991393810051164,-0.6191880080498571,0.0,-1.809774584947889,-2.4880405610860565
59,0.15363076689708116,0.047155187165000556,0.06367624492161544,0.8532491638727508,2.12402167208793,0.0,3.044160138908927,3.6260843578758513
59,-0.09626718241496246,-1.0704502102374736,-0.11062188211762691,0.7683758735545125,0.21225441811588325,0.0,0.4416384283714994,1.9485823707041587
59,0.2808850461679678,0.1815888717736474,0.7365842002566647,2.1937833378160048,0.19714148598374887,1.0,7.840735749533803,3.586764548250772
59,0.3237632947469984,-0.18038579547138822,0.8051611257325318,-0.10332863412517823,-0.6100521467768705,0.0,0.693676730940125,1.7521717042455298
59,2.059807939254493,2.129520201179929,1.0251707961890106,0.17149832175249918,-0.6187874317745059,1.0,12.951572105221375,8.288960427830375
59,-0.6954719140620176,-0.426753515108664,0.4571695236510981,-0.9197490333095826,0.6778936604307833,0.0,-0.16474076979816576,1.7406449358476141
59,2.106625284282699,1.2737765959696397,0.936732857523499,-0.1603829394174715,1.1754163020589667,0.0,4.066380289551865,6.941877313754455
59,0.570951166242444,0.8523251075258546,0.7564810618777651,0.2636939833986088,0.33619189929797383,1.0,6.220919868490561,3.603713413214464
59,1.2698075775561497,1.140726533290572,1.1136884406823429,1.6202853911410922,2.039883958289125,0.0,6.277509723533512,6.482053914416253
59,0.42716223966562666,0.5423186607993866,-0.8901736463228855,0.0010217729864780423,-0.8642190266403735,0.0,-1.220674223940093,1.4689901354370996
59,1.2023615345305487,1.3027593147995131,1.5182311628901868,2.017901968007485,1.3463317894747988,1.0,16.049144147093436,6.312721533863375
59,2.481451938940371,2.501536339239763,1.5547131018796467,1.744515059261203,3.3883084263870327,1.0,26.953458950945514,13.05878716373957
59,-1.2627395585370362,-0.1254784119083816,0.3860902910678213,-0.12957296652394645,1.0960572618062863,0.0,-0.7767950963539929,2.067013275534932
59,0.3584955395715398,-0.4623057292306172,0.8435672422059792,1.1032474803301247,-0.02759422431032077,1.0,4.894563677568558,2.406772874744743
59,0.7460322581888524,1.4939345918632392,2.190281851104414,1.085202995348241,0.9444732375375365,1.0,12.633130528169303,4.763869501196212
60,0.5094519485763135,0.6539890637711326,1.2383715962311461,1.0263723974671284,0.20436486387885505,1.0,9.202265366318713,3.475786909204568
60,0.22085893246571559,-0.8160030007884378,0.6479273897560186,-0.6361936459468114,0.7184738552129372,0.0,0.4363469585496706,1.6846466170285912
60,0.16800833812772287,0.12712642969064497,-0.8772641195529916,0.9178025104333384,-0.007528942009767725,1.0,4.25581483387892,1.824687814975472
60,0.7336241180145825,-0.6464450019853931,0.6084390521469636,1.2029612167193289,1.353194496521574,0.0,3.9403090198518003,2.972180531436475
60,0.8667937034985091,0.678319235707544,0.8163669525056654,0.7951787727148746,0.09215946327945523,0.0,3.140785501030254,3.8972448929696037
60,0.3634546684628336,0.9659334389831755,1.1441379169044488,0.8070848325553207,0.8477836899069584,1.0,7.648156202452598,3.8291013809177246
60,1.5744179243864624,1.3524328387597588,0.685776117583789,0.7322107742750992,2.1235207647762513,1.0,14.404866165961677,7.137401498016182
60,1.2300630234982453,1.3101765691700602,0.9106785612069888,1.3718578620182238,1.0494872940446307,0.0,8.029446165376825,6.160941288580183
60,0.7300623798412473,-0.690294963043889,0.46541345882785545,0.2622662904360535,-0.9342899068772781,0.0,0.238610869150561,1.3062563309272868
60,1.5129292789376902,1.1386024346308556,0.43858131490374075,3.0705933131573913,-0.11871687098351247,1.0,21.10991343142864,6.648974722252165
60,2.1725124644976903,0.40028956049424763,2.339001278164961,1.8016011933399618,2.0745395567862435,1.0,15.702957753840789,5.568760653011122
60,0.9413854868094692,-0.11238442323358866,0.7268969003888264,-0.38370392125086117,-0.1103749952575418,0.0,0.7136168013495136,2.1723526329575615
60,-0.10234991646922542,0.37322318477289085,0.3269165893685243,1.5182926672631127,-0.9269109383086609,0.0,3.22394699257465,2.503423433983481
60,1.0605352278645892,0.9043282794127617,1.6579338166864828,1.5202690373696366,1.6714149381417707,1.0,14.82928560511249,5.279285387513922
60,1.0207761643816493,-1.2540649946823503,0.7716236487004733,-0.3972620361124297,1.8974222755541024,1.0,2.0411444853921488,1.4559073185051394
60,0.14392870774547628,2.090405128364271,1.4918735194140562,-0.08976415514705827,1.6033368531489314,0.0,7.414042098402355,3.9996002359245937
60,0.27473773906972837,-0.35625646492254204,0.04749603712616485,1.9773684151322939,-0.3202235462021328,0.0,3.5411562702733828,2.7125562696529006
60,1.354993309526106,-0.5422387614077855,0.11433789147879597,-0.2893534281620683,0.2964720914670472,0.0,0.36483494221348534,1.7258461989005895
60,0.435736217447669,1.0378801225077101,0.7935405875241219,-0.7096040554555922,0.14821308289863278,0.0,4.048339900696975,3.006450777566436
60,-0.6415509353842845,1.0369041880471288,0.42430495524065404,-0.09200803691256065,-0.9275468147575132,1.0,2.142784030833429,1.1461499206451002
60,0.4825114669663394,-1.0735537354517128,0.8854196235607025,-1.5136728653120244,1.0450461953400572,0.0,1.016333663419842,1.0278380475709947
60,1.1030387431332185,-0.358987329725438,1.7320648932316756,0.020497940314046337,0.59379287870882,1.0,3.710286921610293,1.988656188366807
60,0.15378721782341298,0.385098053588267,0.7860207453585559,0.6192990853519428,-0.5508831080965457,0.0,2.1708803209381093,2.4625505675115873
60,1.3693061123533081,0.9939518709147374,0.9619808021938079,1.7835033889352538,2.419575594856008,1.0,14.650143857113125,6.697079462408393
60,0.13038572131326343,1.060940867039427,0.2327610102360798,-0.8822781123215924,0.46918611278593636,0.0,2.1914559735469368,2.6168625760617106
60,0.5739105714284113,1.7301464170585152,1.5350271371913238,1.931875491139909,-0.17570752540710421,1.0,15.93662833293483,4.826336927274157
60,-0.0992915434056183,2.1403113563425533,0.4412237411033438,-1.3714265494806084,-0.17256186931798911,1.0,4.534284076383427,2.1608424959482853
60,-0.13174751276651042,-0.2711996125221515,0.151046101809794,-0.6153731080758373,-0.8619796711640999,0.0,-3.1346316664216802,1.1597171824969725
60,1.2323574335845402,0.7680540950159089,1.1069297553218602,-0.4024832722993237,0.06895390510984845,1.0,5.96398644242853,3.7808325625209527
60,1.8999856254921972,-0.1904907252232596,1.1984888204949975,-0.33949226843366953,0.002209869796047037,0.0,2.1974888870544453,2.2871868399030366
60,0.5571461785718999,1.5677217415350793,1.5787275691043259,0.4221822160165893,3.7506677070382572,0.0,6.953414319471266,5.803741724335682
60,1.2628176625470358,2.6348459496858467,2.451829389129272,2.7242937277423662,1.562276508658863,1.0,29.549554400848407,8.873964937878313
60,0.3394497380995336,-0.5500489038903091,-0.1902773603788641,0.3312496191150933,-1.6221558464089547,0.0,0.13029098403424338,0.9493464822718344
60,-1.1888639798610239,-0.5420677603515742,0.8128755598010781,-0.6973597259199233,1.4353991244092232,1.0,1.0934229149210268,2.2418492980282174
60,1.2489957624572265,0.6936447740051838,0.7419473360218586,1.6606098841692791,2.922341861867041,1.0,14.347609216789001,6.237283286884063
60,-0.9804220891133943,0.5856277591096938,-0.9718389231415026,0.3035614442338469,-0.11080819473237369,0.0,-0.1317362200077834,0.4026792819179409
60,0.7299170528775838,0.6283693753828254,1.1169261386760976,1.1194658165397577,1.6066461048529126,0.0,4.380732872841847,4.497766934320981
60,1.5410971753909897,1.2986608178629475,0.12491912206818412,-0.37109885596782166,0.6173204956848962,1.0,9.417233669471994,5.599019643137941
60,-1.1772631063957664,1.5267573107869863,0.12293314405717942,1.841807566812127,0.5581490199007578,0.0,5.777764081076065,1.6312501456499646
60,-0.4814326504394044,-1.7551656648724907,-0.6736014927351119,-0.6733358327325469,-1.2911608859131982,0.0,-2.219235231169617,0.1892259054762393
60,1.4317411053706364,2.1543808519704526,2.3492023382734164,0.8810051564957212,1.2339237567466972,1.0,18.25438865895971,7.407496888602825
60,0.7582466029864319,2.079876038518937,1.1434152200082892,0.8036989179766756,1.0749328473219757,1.0,13.128476902149439,5.921632645588756
60,1.5108841148181515,2.0717489172683576,2.575020765841587,0.17077554677698276,1.835904866330877,1.0,17.04364708064612,7.368593690719566
60,0.690757908529001,1.3229148626213285,0.9699122942420713,-0.0717731791981997,1.3909000811389376,0.0,4.317225132196303,4.630541763545536
60,1.0303487548538608,1.4046783374454979,1.1780980497325118,2.47914097310997,0.41328629630271474,1.0,18.106590373097607,6.082767470657358
60,0.26465400884745793,-1.1034204465423854,1.9830739066376735,0.5644667729197532,0.32182475031793756,0.0,-0.9324590763394581,1.3225777432571488
60,-0.315903268269331,0.6804070895986649,0.858094485874052,1.6863615964197114,0.5049115216516797,1.0,7.515606123103834,3.1458732517838626
60,-0.5339617847847635,0.5384281702923872,-0.8644273984141382,0.37003361571029825,-0.4072064906256784,1.0,0.24953218577413916,0.9130088029833986
60,1.270799084047232,-1.4379858242067114,0.7597085750136119,1.0721194530359588,0.5901334775523124,1.0,4.442163712732797,1.0250330633276108
60,-0.41708453628795905,-0.18618560110617433,-1.2475323959757392,0.1211887392307835,0.3323016139648206,1.0,-0.8311807102135842,0.6966621632887795
61,1.2676416399781618,0.5988318645950022,2.6687478634217427,0.5116427910677706,1.0514841851611267,1.0,8.638331294062818,3.9180020631904515
61,0.8830986821112654,3.2316840894149808,0.6781398928165339,2.5547284797690373,0.7485831719887941,1.0,21.65878171037321,8.680754113710034
61,-0.9920110731748379,0.3567718559961467,-1.8366748104234243,-0.2952590916820873,-0.9901838665431488,0.0,-2.8709818582787063,-1.4953571095994374
61,1.5338585654309356,-0.21660308140046725,1.054997552563997,0.7182331873993661,1.845722610722727,1.0,8.94848480297296,3.6290957848870082
61,-0.1476056809928522,-1.2900714387596526,-0.005721770291197137,1.4044986380232602,1.8065826616040748,0.0,2.689299391688775,3.07424670875639
61,-0.2680265349428457,0.7069282813038831,-0.6517996042882845,1.195879641213751,0.8313211940383063,1.0,4.150617094347799,2.5126693649689265
61,1.124901968843238,1.5182054468801323,3.111714688988834,0.4221572643997831,2.1461427902707513,0.0,9.48751138668549,5.869839689176511
61,0.4814890311386719,-1.2959486709639927,-0.48845625220213695,0.769838851624733,-1.1694980300973477,0.0,0.9616113048489228,0.40778572939332136
61,-1.3941548408956725,-0.050511332506606665,1.788295656169601,1.1071711629660053,1.341996055428417,1.0,2.985372109775945,2.251030424108718
61,0.011605518263472892,-0.9595744460834574,0.9085887735015049,-0.05533396515108602,-1.2200533963281754,0.0,-3.2476605346327583,0.9463391899033351
61,-0.3224188466538265,0.559112772277019,1.1876577431244584,1.7550244096842549,3.410689275733417,1.0,11.180575145472492,4.488597511270887
61,0.12131171737552421,0.6085559196091734,0.503516342083601,0.8499379376991327,0.5666334805352291,0.0,1.9180938524439173,3.2746939780451587
61,1.6284082459530542,0.8553517075852305,-0.7222959637259259,-0.599576739354222,-0.865454377474598,0.0,-0.535430456414012,3.2913680359442252
61,-1.420345540031015,0.32438955382979495,-1.249637665118962,-0.3572604915021479,0.7038572352782402,1.0,-1.9166848245845818,-0.14457751786873407
61,-0.33587415899461004,0.8713430230146473,1.7085917439591287,0.7759426581800636,0.6079295153703329,1.0,6.292528747599256,2.383945021592897
61,1.7147316741951937,-0.4686099437911053,0.5591373244659269,-0.5128732194710763,0.6010694016233175,1.0,2.6110148214122493,1.9909003420758
61,0.41624053479619744,0.3297045806876857,0.958860788725072,-0.2674107291141866,-0.23762450810012825,0.0,1.0616400717709649,2.3115745904713045
61,-0.009734927627293444,1.216532100363994,2.7472872791550107,2.700726205297512,0.58723031111723,1.0,17.26580476820592,3.6859139929277007
61,1.7466465940763962,0.22911417953640473,2.1959238193769393,2.1845094985232647,1.8451470295038654,0.0,11.299028948320384,4.915651401883266
61,0.9684834023111579,1.5535891757716926,0.060206966391776695,0.47087895250465006,1.3859016112148823,0.0,2.4835075554821704,5.722343492864468
61,0.2843038398721371,0.22096934349751468,0.3698142559414994,0.2697935589188028,0.16640288716312357,0.0,0.6630957786727951,2.65085887298746
61,-0.9137402750143893,0.8305032353436841,0.3355208812961375,0.39811732000022154,1.0504079964001594,0.0,1.7008375858108602,2.0357792561612453
61,0.4462007699457165,0.9841097750839205,0.48719967053352947,1.6265247126953675,-1.1736027208260138,1.0,8.63242919873647,3.5079739479432415
61,0.9909878517046635,0.654984585649151,0.17562222200172867,2.4905895539478564,-0.14584198384217661,0.0,9.38364449847375,4.716870896537301
61,1.5071846312781294,-0.5806830980303561,-0.6016270211998869,0.16072066357973275,1.1609160197582846,0.0,1.5359014699730191,1.772474794325912
61,0.1539909200531167,2.155891894174794,1.1842764367043657,1.2237840133680162,2.762203399938127,1.0,13.124745991351482,5.449028442614054
61,1.8483190484974865,1.3638258829870549,2.0544191923237523,0.6814640275678178,1.1723775380055073,0.0,9.774650197093894,6.6159986016659555
61,0.2192624124214792,0.7468834476474336,1.2649803391279528,0.8355216030557056,1.590300134225108,1.0,10.130124679487917,3.7933088372670447
61,0.5672014862112001,3.517385438599768,2.458955836106557,0.9742790676141362,0.5112193443801117,1.0,19.319355181101653,6.233674829728882
61,1.6168832496481673,0.9115404329056918,-0.5543692645044973,0.6520147375508296,0.6020062947116172,0.0,2.543592663457605,4.938124815532728
61,0.5045626967168961,1.6659995107834873,1.905333833902198,1.6176828293722223,1.5617290346383754,1.0,14.232568410120086,5.139922806924867
61,0.4807473660711316,-0.47756802535768406,1.2294699804595486,1.0352291636893118,0.6669403263573538,0.0,1.2541178579866736,2.5725570529349784
61,-1.882490451927898,-0.2965936103889688,-0.13328484731633328,0.5780976506432409,0.2363000765674685,0.0,-0.5892765737989079,1.8004797649822908
61,1.396206779951238,1.8966507477789953,1.1493252026929233,0.9664887967463608,0.8845465072964557,1.0,15.052975046473742,7.203828928965241
61,1.703582997884373,0.7185780370894205,1.371770641237818,2.232167234488631,1.0430422900435428,1.0,16.581552627557418,5.956442270637619
61,0.21167548544588177,-0.3134436457678359,1.597089331835489,1.3486261215422175,1.4459912971007425,1.0,7.055115201456296,3.0523309835444103
61,1.8149033594013655,0.20209671804012752,0.850783433279543,0.6262823821618282,0.12043077015348252,1.0,6.693970375552364,3.833428709348567
61,2.293034790586365,0.6133908754200452,-0.1839383455350294,-0.0832581580882541,-1.7833905705094253,0.0,0.7815158266164302,3.817576897816737
61,1.422842471433357,-0.0938990520388644,0.7229077847970566,1.9713926444421859,1.309032622230795,0.0,5.853427793971612,4.282419880945961
61,-1.9331410992228797,-0.5799411018775897,-1.4615796297980665,0.31356866737160094,-1.619141880157533,0.0,-3.574076976420506,-0.41000984423180187
61,0.36053769456565044,0.14870699952621852,0.8099184213808455,-0.3101969861099597,-0.20891632647643144,1.0,3.3858968243890706,2.143196897223027
61,-0.036243059678447875,0.3771534289422496,-0.5736429413714683,0.382032970390741,0.42696133765389294,0.0,-1.5547032547526998,2.1143912188931617
61,0.7468275633060285,0.834981799164723,-0.00981961911104634,-0.15937417864743986,0.5829310977593483,0.0,1.090822827880344,3.6213125416385434
61,-0.5433634328016734,0.773902607255275,-0.28915844256750434,-0.38174827356144936,1.0725152568168448,0.0,-2.6987767227389727,1.8540476616198251
61,-0.6290455776199919,-0.6268238936466717,-0.33104940755474566,0.7771658930840485,-0.15235689632555816,0.0,0.4633999328066596,1.8589476266848066
61,0.7361711052391618,-0.897911579069635,-0.020016805436632756,-1.2611198620009147,-1.5588758145936392,0.0,1.5485172035012975,-0.16209336706249533
61,0.5520306517643457,0.034514466201347405,-1.2106905760384976,0.2056634500298039,0.3086647953183774,0.0,1.2298990756641408,1.3165176400122571
61,1.6014539035918989,1.7824989576569061,1.7097273577423255,2.253154068230325,0.8134738069600659,0.0,12.446718088173823,7.796259436115977
61,-0.2097309657628631,0.22935559289168506,2.0161366246870727,1.985741255340303,-0.26052614928161644,1.0,7.188311603374414,2.4016201970592155
61,1.3184427456948713,0.864054224279619,1.0694564549426098,2.5850399473000345,2.0329199816245596,1.0,19.601109170347907,6.5547636568885705
62,1.260264762705352,1.7069579797717513,1.579989770730318,2.660183098652454,1.0855481722438645,1.0,21.433227819413673,7.288497570945033
62,0.14961355528093362,0.7012598946466857,0.8335850060395752,0.9211906409591124,0.6389900632795057,0.0,4.202060723751468,3.3994635065952012
62,2.14232375672141,0.2765467044156787,0.8582035013303397,1.503130360543161,2.3699511047148993,1.0,12.86252054794099,5.821328166322743
62,-0.6410707697935927,-0.02527844311462102,-0.08360109570977703,-0.2567568753360503,1.2687118113810167,0.0,-0.5154719980897724,2.143715047962554
62,0.7352154351427176,2.171652789787203,2.7551625232418666,1.6299556408026192,0.8547948715120344,1.0,20.083014588417164,5.743762894505806
62,-0.3268622108070828,0.8120034605185779,0.5937839446333365,-0.10683636554385356,0.4662811272654493,1.0,2.8944125735340136,2.282601227766622
62,1.248886476955839,-1.3242312287400295,0.9124301425878435,-0.8850131557051952,1.0359870364514414,1.0,1.54466177044351,0.452040494289651
62,0.9181349102457034,1.6854760581213315,0.033173534417680894,0.4993185850773687,0.5323805677568415,0.0,2.442797312104903,5.381186045920229
62,1.4988121120301878,1.4938387796297523,1.9402489253458177,0.3221441124490332,0.4495340697751467,1.0,11.336680679965745,5.730167635472719
62,1.0661356640902842,0.8652174490055694,0.9595252881723211,1.4462059229279933,-0.39834324474481553,0.0,6.354516839390533,4.465718520666448
62,2.3067767330723092,-0.5313761405175876,0.614881215782314,0.3596066743107684,-0.4614516459997714,1.0,1.3409970536424236,1.7352942755734415
62,1.5782480142468511,0.9138505274269142,1.7987421566624278,-0.01816244872820172,0.7733247107059638,1.0,10.237657638267631,4.739307292861283
62,0.24786905641153018,-0.40951580375072116,0.3788654372400311,0.7052081736311312,0.36786671478659927,0.0,1.2653546542751208,2.4727253636320574
62,0.8984289753630859,1.2453248343409458,1.5784914134378911,3.1921170360709175,1.7579259520433772,1.0,23.66111767155323,6.4472850098393
62,1.704659702825811,1.1238398749748217,2.018999010177412,1.3822457397196433,2.0910773571767,1.0,17.202612665505384,6.642828945837859
62,1.7891055888479435,-0.658909928350168,2.415153194798334,0.06269459270005034,1.0393788557739705,0.0,2.8151207403415457,1.397307625834281
62,0.3048466305218052,1.033176835758241,0.17825509383382881,0.8006276891232151,-0.24157568818398845,1.0,5.581595252523962,3.336780342323978
62,0.5571714689524676,1.7629785139318959,1.7413756145448687,2.0436068857075758,1.702866039205101,0.0,10.37936677797241,5.716527331679556
62,-1.3166744576030287,0.32529910560469233,0.09100131603252726,-1.3630945738441123,1.7592920585219018,1.0,0.99666229186978,1.3154609378320292
62,-0.5960337272734242,0.3041277178910897,-0.9960676146392435,0.8638558055062329,-0.07169376207153355,0.0,0.8565000267171914,1.114430940448163
62,1.1853086421265095,1.95369191930141,1.4497836015075571,1.3444958824959277,2.3007097814973188,1.0,15.952314627940751,7.553440417603959
62,-0.4503136577320226,1.2965395767038994,0.8286905240286158,1.0289015304610856,2.95148888251795,1.0,10.120382576410186,3.9196454333901425
62,-0.7701976890550226,-2.5418452945595456,0.009820639703383816,-0.18390411356173564,-1.346292201160591,0.0,-1.657421010621787,1.5414658203938645
62,-0.43166827717877654,1.3544641655858982,-0.166198801261632,-0.5511322494897004,-0.08797251916803595,0.0,0.5855833723247184,1.4602876870740256
62,-1.235045247157136,-2.2459444906175206,0.5127026321271527,-0.4332606350632484,-1.0878278797383696,0.0,-4.46254337969264,2.400577216674912
62,1.9047294833410062,1.0575173045024944,0.21490347556759082,1.1763357979287343,2.1360765686333987,1.0,12.671496007355115,7.236062686910847
62,-0.8152250731012061,0.8494564313192379,-0.1794942222442928,-0.30445252283628343,1.9342198972695464,1.0,0.5701965167211815,2.033688190006014
62,2.824889434422326,1.8985720046215577,1.3402940003234831,2.0135368918998395,0.6211340318265713,1.0,22.189865706207218,10.940935771048501
62,1.7677523039291816,0.813936777990721,0.9527488874631168,1.2224282055882383,0.8629010810928813,1.0,12.811908040131573,5.828167149465807
62,1.4211976002168671,1.7532382710649805,1.65537978239542,-0.05551330728192416,0.80278807364859,0.0,6.148237868983323,6.195760598557344
62,0.9248171981734966,0.9581050710868138,1.7387101948207107,2.3642830087842626,1.320873114152978,1.0,17.341498416509832,5.372340418380813
62,1.7648334795770741,1.0974382867030497,0.34381853066786244,0.07282422473640598,0.18959223947221987,1.0,8.287204601086685,5.612523575428188
62,1.0606199093122377,0.19352516788617036,1.119179829721333,0.8690651346091947,1.50752307949127,0.0,3.280555739450383,4.016633741810332
62,-0.8144784780504846,0.5495691308838576,1.2214342379469068,1.0154832118586437,0.34550073279364013,1.0,3.114603611060012,2.0534406898093334
62,1.1274382507670784,-0.4361096182132167,0.6721817147303719,0.49066709426487315,0.010206523399130252,1.0,3.4335598535010545,2.2229703046060116
62,1.2344086592162984,1.6991267778611447,0.06379438598413462,0.9451084136876825,1.892696128097513,1.0,10.78518113089499,7.012949818296765
62,0.06445521228610313,-1.0917957624954016,1.3425780053384402,-0.714834715933556,-0.45394136392222206,0.0,-0.010413946688027975,0.7291011620770371
62,-0.8790736458806476,0.12186322560890994,0.902656928839806,0.6608661709103095,-0.06897706463889741,0.0,-0.09737722855752029,1.8810675901918188
62,-0.14488040871057162,0.13142397413569007,1.0387741429076343,-0.11683217589444483,0.24983725369433435,1.0,2.926727881865207,2.0673976949306043
62,0.5673318885382317,-0.2301253970875442,-0.507731840599668,-0.2675588993594109,2.0698926616399014,0.0,1.541386638723949,2.559196256006735
62,0.29308113972513294,0.32616193406261307,0.3855708154133696,2.3122318948608367,-0.3107380698185531,1.0,11.274756509935276,3.525329675243191
62,2.3338338095706486,0.593369550505198,1.5375930479766817,1.0830014710014633,0.9942345069017939,0.0,6.938050323767605,5.689039289802632
62,-0.5294438642941544,-0.056134948778633564,-0.05234368380187049,-0.31836785126411493,-0.04608193571675556,0.0,-2.3208097628670292,1.5271645444149922
62,0.5818152172900353,-0.36414955033419716,-0.04804272084257721,-0.3178917131779817,1.0568758577799902,0.0,-0.6368594857579457,2.2412819660463015
62,0.030708627043941894,-0.019566051097684833,1.2796338114240613,-0.9866824827366538,-1.0332812438767829,1.0,0.20525003178540868,0.9218714886768755
62,0.4640361903643748,-0.6631010427623918,1.003351929291744,0.7769329997892156,-1.4131667343029557,1.0,1.4525401291658566,1.3138025141260594
62,0.2024288331767229,0.8211076108764757,-0.49603277176660676,-0.22632637978299186,0.19009914317481907,0.0,-1.523148497443134,2.2913317147722214
62,0.902988897376811,0.09245681049331722,0.07011548723248046,-0.10981987760171286,1.7726376526904406,0.0,2.4040497501629585,3.4452198745531133
62,0.9898853876532514,0.2602508268908549,-0.07875761946415616,0.49468028213266807,0.20371211731091687,0.0,1.9634447910504367,3.1894042093767934
62,-1.6297933951796777,-0.8522799223066417,-0.3198916507271915,-0.3707231366568092,-1.0041849973862824,0.0,-3.7507718044631138,1.2498731326599737
63,-0.8631726312405352,0.7717605139941475,0.6625936554440843,-0.12750669643310897,1.1851781794898182,0.0,0.13838101745093795,1.936663319338055
63,0.46685663731287097,0.00808369600676273,0.3901897099741805,0.8642714194608558,1.9496723465973682,0.0,2.6033629947940597,3.7681477494904447
63,-0.06816957517634303,0.3155624614832912,0.9742724718057336,-0.7381072051972477,1.2356858190872642,0.0,2.5786609077376674,2.3998803085043874
63,2.4305186796200973,1.4051547383973517,2.193928350019675,0.06635754327814214,0.40534331391265366,1.0,14.380816482246919,7.082324759297325
63,-0.20557375041287296,-0.5679796334973803,-0.29366006012727097,-0.7533832393969719,0.542496453791416,0.0,1.2398150516169255,1.4349024457771087
63,0.7812894500192906,0.6472627110740724,-0.06845429037542239,1.426751252873153,1.4844975667129632,1.0,9.5967007954789,4.639030792564328
63,1.033567509079562,0.5845764407882442,0.3269512957541726,1.43230483678597,2.358556278442858,0.0,4.607750226362807,5.419203253013985
63,0.004743988806218513,0.5863453617240436,0.828821054884601,-0.034308854632522756,0.7190723103328511,0.0,1.602983778182248,2.7308638178366325
63,1.5018218961964798,0.8768718547841761,0.6087342800939367,0.5855383372062911,2.1474664496463207,1.0,10.989390584437716,5.997494211479371
63,0.7885898150358093,0.0091213751926299,-0.228720175158719,-0.37349696185703907,0.0545160951886145,1.0,2.849232301097476,2.106155466591156
63,-0.5771946585413203,-1.2357360201705907,-1.8672577117544198,0.7834015275153374,-0.5138852227616113,1.0,1.4428085006754232,-0.28421360807405754
63,1.8550693277417305,-0.7145767538445831,-0.5622557344029397,-0.36257675160217906,-1.3457162283215272,1.0,0.5468527077167538,-0.04456274709968144
63,1.578603575344625,2.006753724532704,-0.3067286943554143,0.906764253778142,3.054812629984731,0.0,3.9667178562500833,8.741297761504974
63,1.4641884212768168,1.980432502998941,1.8755446658380912,-0.1402331336968886,-1.0308141236828754,0.0,6.887253320350206,5.67423238671256
63,0.8589323584296712,1.7436130108191628,0.6041352180621904,1.5562437962703266,0.7772950211517151,1.0,12.74784108347501,6.090748983126458
63,-0.4150591888169832,-0.4950774613152923,0.09789420824175366,-0.07320332917766548,-0.8897586888089031,0.0,-1.0445987220630943,1.313096406963191
63,2.148575101985103,0.8805039118104506,1.7992617692742792,1.5160630946374005,1.7722663347474856,0.0,9.584617185149483,6.723680779739498
63,0.6265287331030727,1.9865680399993624,0.8135213978565008,-0.564896319831347,0.05576438986937027,0.0,6.742248032157152,4.390328737772309
63,-0.45423565256717957,-0.8787898530895415,-0.0011169450357564337,1.550974764488695,0.6932629275968074,0.0,2.8741892297522624,2.854224679301015
63,1.518809784209643,1.2609769557785433,0.9888090063244344,1.416646151685586,0.5483140468151642,1.0,11.464738236193005,6.33164728335645
63,1.0091005415875212,0.03713792417181788,1.8163684060330314,1.5173095203553941,0.8914790126591317,1.0,10.91432284463894,3.4300623213098778
63,-0.20963282132442085,-0.39142238582240363,-1.8442002174373178,-0.9876985934915217,0.47882229715526825,0.0,-1.3015023861987858,-0.6650213372434806
63,1.3216824717808362,0.10827684454757741,0.4309132489451295,1.1218993385488971,-0.8358338040582303,1.0,6.879095896351881,3.125161321278174
63,1.5315975161530144,0.8858911029738634,0.24200258647446565,1.305672832247632,0.9129714724444464,0.0,4.031299168032128,5.766756375445874
63,-2.427526911751016,0.24592816652396626,-0.17753119534673956,0.8092392929965648,0.5579665013327482,0.0,0.1418397804274557,0.8913233674059604
63,0.6241520752846991,2.279712283660462,0.5087264831018582,1.8945989523441393,1.4588655760364653,1.0,14.178750869893719,6.679280339835215
63,1.9877763739854144,1.9201573061784594,-0.5331078665649764,0.7634360979702051,0.8336120038340799,0.0,4.051757758770394,8.164012061281941
63,0.9174045549264344,1.613770259567014,1.4126332816038802,0.9216505946581204,0.9379592701842647,0.0,7.291369887166102,5.539693614128009
63,0.7075873076558583,-1.1744006488597383,-1.064263916956904,0.7289031416844078,-1.1597437779374462,1.0,1.7509901541128077,-0.32680194272676066
63,0.1187230411880244,2.320424989671215,1.4122831959774942,1.6027552938069907,1.9539698159115721,1.0,13.59007997707527,5.1374162331226225
63,-0.7431621573854272,1.9280481061764847,0.9971636891736205,2.1274376692655936,1.0981909401139127,1.0,12.007733110353227,2.8136735362030545
63,0.5972983082219671,1.3347048030557334,-0.15855403187586448,-0.03748947329737928,0.7334649086047107,0.0,1.7984761258748072,4.019385798480238
63,1.6800600175828306,1.0850473523343016,-0.698804878076541,-0.8036665825311187,-0.04839815957246374,0.0,0.5014152045209895,4.195675108273921
63,0.7753397519135001,-0.7511609957962573,-1.6521733577189335,-1.9488534324818128,-1.276324368696822,1.0,0.16462276678188048,-2.0902784260603404
63,0.7456407510101417,-1.090848305436994,1.6069087793628913,1.4268664486829539,0.1390842754302617,1.0,3.6471798777809425,1.5643404208377854
63,-0.42330009677633906,1.1388271945270485,0.637083955172599,-1.2989234257102948,0.7301182783616231,0.0,3.4561642531294527,1.713671084991498
63,1.751694300515462,0.9175489765368972,1.4875640037297786,0.6719566322751566,0.5246233505037334,0.0,4.767448850169754,5.367095200458798
63,0.36236299681054385,0.006059303733170762,0.47219307218587747,0.29078065847943035,-0.2622287671340955,0.0,0.09895781752714827,2.3273522321452216
63,0.9884067875681841,1.8645422114455785,0.680087620680649,2.5954171241226254,0.39743564416805544,1.0,18.815267199463825,6.883388491986133
63,2.088969663340825,0.7848261308474571,1.380587888563704,3.466802349953301,2.290932105422808,1.0,27.026685319607253,7.834600625499723
63,-0.4660068654522167,-1.6503859361192479,0.12008140729844569,-1.0629965500912966,0.3849656797452552,0.0,-0.3134884258825271,1.4247189316845685
63,1.072276440017331,1.1244532246788101,-0.04209592999274958,0.43740327693618425,0.6017554189038972,0.0,1.9455788455579581,4.801735013170242
63,0.39062285251326867,0.7743932282760335,-0.9247531865221648,0.7134004311040221,-0.8261026997664211,0.0,0.6913267835773562,1.9683076890157136
63,2.014158812272668,-0.25410332545578207,0.9408862812041507,1.468766862957628,0.6342350312631853,1.0,8.121840511620936,3.479239448847949
63,-1.425211066536785,-0.28067398116989106,-0.6474780963686584,0.42754415002425356,-0.7071991283897163,0.0,-1.7686924685800993,0.8811180900130815
63,-0.6920980257620433,-0.433187085217806,-0.7429179225398415,-0.04042212211430085,0.7140376091101703,0.0,0.08369929117083108,1.4390120510700144
63,1.643311770269773,1.322889280131359,1.2570966066844091,0.24841548078542286,1.199029196397873,1.0,10.55524670040711,6.31787060019582
63,0.11021144104118841,-1.4252775090278889,-1.8624456515159484,0.0872277396760836,0.6812416878969023,0.0,1.5331361037358453,-0.6491353248855285
63,-0.6761416555688244,-0.8040518010567648,1.6757767536428738,-0.9247132090762953,1.2013353833401539,0.0,-1.944078150156519,1.6749679481154964
63,0.5772719796295598,2.3345059787170213,-0.4159794042349635,0.5445097436499182,0.13027395638576467,1.0,5.664321182081954,4.847657010592423
64,0.3428288874544233,2.1331847421341203,1.5634170374605125,1.7063067435082355,0.5806615642405968,1.0,16.096472143122398,4.9018960616422405
64,0.5169094378692318,-0.11924405367360258,0.359241329588694,1.293122092509479,0.6050248808015781,0.0,2.6970261765391674,3.2020522811416625
64,0.06561323440759276,1.8786398499087973,-0.2031197732789537,0.6945413170779885,-0.8571190075208683,0.0,-0.6179537283752838,2.8919834532309556
64,-1.750385905588859,0.1608221654290618,0.7759758267383061,-0.5585852711797565,-0.6492755716145098,0.0,-1.0574955760660267,0.42151266257822395
64,-0.03774554883518855,-1.109271645555915,1.1601630654085144,-0.24386626671799794,0.6339342509066425,0.0,-2.1241866342295523,1.6426670198960405
64,-0.2668117505072919,-0.144987184421984,0.37711778060522766,0.6281254604075689,-0.7958232064317157,1.0,3.322569257565304,1.8672246852763748
64,0.7248821410111235,0.5079067013631136,1.616556119024213,0.22889927806758414,0.5020068845943687,1.0,5.726421461890608,3.1125542350985795
64,-1.0819806809336572,-0.11573537680884238,-0.48246796611226084,-0.22907537085459018,0.11860230383971826,0.0,0.4871639542263697,1.1157474636744142
64,-1.2590801495488202,0.3212995730892747,0.6248404667148739,-0.10790004614414184,-0.19773902624037176,0.0,-0.7532896674828753,1.0972249460752257
64,1.0347455606967533,0.8872345276778761,0.26384773487118496,-0.31385963379252213,1.6208687081984126,1.0,7.283239937722207,4.629874086684778
64,0.33865650440360695,1.463763880948966,1.8918269775052485,1.1751349427404025,1.3307458681457862,0.0,7.946695278791376,4.280232522538304
64,1.0303808574031175,1.6700104695821996,1.3485989221919403,-0.10071569724893847,-1.2005707471356701,1.0,8.649921777919996,4.314972257948739
64,1.8702280478509272,0.567061196556601,0.3095371666530716,0.3792501245622026,-0.9886735679749337,1.0,6.618646743203025,4.081709897660458
64,-0.1814228499213003,0.7812678957513912,-0.37824544751224465,0.7489215906540325,1.2006868260714814,0.0,3.520096240921152,2.8731781645718995
64,0.05907190198427309,0.10834295815513206,1.3623112010000813,1.0524914504721221,-0.6032957445401028,0.0,2.357758217594428,2.2028389755573463
64,0.6905044048849469,0.24901186651824003,1.1540150047713165,0.834269041156833,1.2484778391303735,1.0,8.18904956992525,3.6649022756272362
64,0.8707577157259789,-0.10855044544148595,0.9353660496536164,1.4298992943125248,1.1388249269055573,1.0,6.822951246218475,3.632151496047666
64,-0.03626900150569423,0.8745054924519401,-0.28013904365119824,1.0942603440731502,0.8083014957911272,0.0,-0.014791791632555285,3.1596292060795665
64,1.7557419263968992,0.544332535466833,0.9417792090474622,1.2664124292090713,0.3827390893814693,1.0,10.00082175917802,4.989560326770712
64,-1.0139880080157142,1.1109728559590615,0.5463136601577209,1.5943324932267537,1.309826150800331,0.0,4.757172073986943,2.501660950828723
64,-1.4765050995964613,0.6169987154185214,0.6886000853623769,1.8729958339579176,0.05828392523052889,0.0,2.907414619065324,1.7413213371225587
64,-0.09998608056468927,-0.46469453154059226,0.9282827011132926,0.35320274741132063,1.1971050797893472,0.0,-1.2501131818277025,2.6026276640751274
64,1.8634715103416626,0.6095335399378339,1.2386325192711318,1.4564319175091371,0.3556856024085564,0.0,7.430452739554089,5.223815252749565
64,0.6581805971423047,1.6941117802493908,0.24214582896012543,0.7687130773177828,1.0245087031005378,1.0,8.010868988500956,5.279687166297431
64,0.6813324916036001,-1.8508030420631645,-0.9637894751347973,-0.48571616499467263,-1.5713871492580869,1.0,-3.0701106341729467,-1.7857823485200364
64,0.010768754282591664,-0.812504413805023,0.6182486279494207,0.2942743410226692,-0.6046904149641557,0.0,0.8653584538138849,1.5591936035338196
64,2.2186937390531405,1.672601856076295,3.3037070065509933,-0.8646103956918127,0.5552463973617908,1.0,16.667662238538288,7.166922345668917
64,1.4442681092919325,0.9415855320905184,0.20490314058287573,1.584922884569486,2.290966244117919,1.0,12.188850863076915,6.572305608818654
64,1.075659014775908,-1.1538031802265192,0.7456423787041189,-0.47102270481677755,-0.28394109947521073,0.0,-1.0825540001539857,0.44982064848410375
64,1.3735759296664487,0.1467943356618649,1.1909282933964755,0.4504270776799391,-0.6125617492895523,1.0,5.6704087299405,2.8470130231016535
64,0.8451544875738883,-0.25629759822195775,0.99472090304659,0.20049879330198428,0.2692716096998621,0.0,1.7063294756093907,2.354799995767297
64,0.7983148364318122,1.1399833438098006,-0.36058334355626476,0.8449944568446315,1.4177647452417583,1.0,7.0959639424597745,4.765993803581928
64,1.6516057596300333,0.6758801927763128,-0.09119832030410557,1.0094617680704911,1.6187616994654623,1.0,8.363114331298599,5.544387483695866
64,0.11275882087660072,1.6286900696460798,1.361648771760085,2.0015118532252294,0.47133668849038196,1.0,13.488629197724146,4.179248380503942
64,0.44524648810321743,-1.2345682948931342,0.053199725903935235,0.8266456498717796,0.3060420892706378,0.0,-0.24836913548738582,1.6471808598077518
64,0.5467488437140589,-0.9322125920429978,0.04003843027520815,0.05111491842281479,0.552499956827435,0.0,-0.9632744645963203,1.6186071909250725
64,-0.4863259124096536,-1.8417676892325874,-0.2398899576017841,0.06578274471863982,-0.14830752251487356,0.0,-2.4040117116191193,1.5418093097304535
64,2.0104263872506314,0.6898571210705794,-0.14318272865518633,1.9421870222478586,1.6258404478710666,1.0,14.975135669570653,6.439237938296565
64,1.38044841147559,1.1513695962660875,0.7890611317305215,0.7858354805124969,-0.6363460913644141,1.0,8.137717002230163,5.029102527988282
64,1.5164632168873655,1.0690655990690956,1.0729508709089997,0.7362064689170607,1.0830616359350598,1.0,10.212087866866042,5.8376061902497245
64,-0.7664735586003959,0.05431757189056102,-0.6962340110913847,-1.2099192641498075,0.23568836948993643,0.0,-1.9088989721991099,0.5343194456158213
64,0.26588020759765585,0.05560555453068733,0.6653552685021302,3.128910549629,0.46509686721890137,1.0,15.387449028064374,4.09190615391999
64,1.1327424947657976,1.7420271322406162,0.9793552158200123,-0.03872141118062622,1.2360233778587792,1.0,10.050252007478175,6.056539486981238
64,1.0418367691092927,-0.2923174336169554,-0.4851216386585826,-0.18669282182039582,0.7089352272488209,1.0,2.972673267466287,1.9733912341416768
64,1.3657309267656417,0.2857384758584432,0.045636056481969445,0.11202272477614766,-0.4518696256804796,1.0,4.054240738771206,3.067830008435688
64,1.3986683052265345,0.8375699557346825,0.5131110362083472,1.9628543497845545,1.0095151858294709,1.0,14.51125048936675,5.903563516446702
64,0.5151037741614741,-1.024457254612238,0.05258305174543043,-0.5033014977390902,0.9932164697020829,0.0,1.945800091267932,1.4874883031619932
64,1.2806633020632963,0.9370471148067901,1.7910413030088093,1.3614072052142672,-0.9700102699777633,1.0,9.544256440455067,4.181647491602611
64,0.7447906581791861,0.4587900176737685,0.8099506922847572,6.740323530596282e-06,0.19723218077761873,0.0,0.30571337221610717,3.1366218089080253
64,0.5360771335293946,2.1744357033111443,1.8095049330679813,1.7895710811558039,2.996296322274569,1.0,19.2429617736183,6.582159796744149
65,0.11555356821207263,-0.8273116228548558,0.8904305640066685,-1.255033838636593,-0.1276402368448718,1.0,2.129234235529339,0.9314777960140738
65,1.3769218734219393,1.975010237906503,1.7713546894536447,0.9957146748731234,0.47094393157441367,1.0,14.075412517253762,6.815190968043219
65,0.4662387568150528,-0.7708127100516335,0.024624485191527545,-1.32018631068865,1.8883854110580054,1.0,4.00648602693417,1.7844388891746041
65,-0.6628063344938309,-0.7482782349689774,0.39298115117454124,0.2434786456929131,0.8698359744907235,0.0,-1.5038558892955665,2.4673407074931326
65,0.4891974968193277,-1.0716242335122466,0.42747262916294865,1.559673819137137,0.6697094556783523,0.0,4.17158431240434,2.422995123684964
65,1.400037865558448,0.8946320511445354,0.4895376682745157,-1.0466589542753264,0.5986632294108204,1.0,8.746341600483689,4.3031750269827755
65,0.1661262547748953,0.12226166549509876,1.7311623838436327,0.6534574625656856,0.7510459238202614,0.0,3.0601093117526483,2.5726581404032105
65,0.09886338698386565,-0.9014044138784438,-1.403136858379797,-0.36927542679493475,0.5861434398238479,0.0,1.3813349445836205,0.08335426597792701
65,-0.9635320571644017,-0.20948707731300809,-0.40315420134405655,-0.7300008336666564,0.12849878398082648,1.0,-0.49228946355755393,1.032837932172293
65,0.408705319169426,1.4752522283869745,1.2807297114824672,0.8890753905587288,2.1288123992631696,1.0,10.103588883671186,4.9802470154741565
65,-0.5899990236264052,-2.3431957201715052,-2.0054901943506023,0.9897465917237176,-0.6405250511401346,1.0,1.7345966028350333,-0.3333812709973091
65,0.4520643041059694,-0.41471969982886836,-0.3560366007313859,-1.6015850354364716,-0.036729032293790764,1.0,3.8551884391583204,0.7713026680928156
65,0.08146784129874729,-0.04678918899074169,-0.6318725441273583,-1.9699536480473299,0.24976690606313745,0.0,3.801616516596447,0.6444207616331461
65,-0.9848314296763137,0.42967432639435016,0.6293216885893835,-0.49671991094723844,1.2057834194117092,0.0,0.02859339169638609,1.77688421173182
65,-0.5301416860805752,-0.4746562681479436,0.3789879304833256,0.488878059723096,0.34106044633140553,0.0,0.22418624072616988,2.2827388726634954
65,-0.7013377871452717,-0.8422877640518354,-0.12726774293167886,0.39670972140376803,-0.6415498058572708,1.0,0.7898353184242226,1.624773933249231
65,-0.3112659500857543,0.9583924292198751,-0.34942186750735804,1.5230089124399495,1.728910258291418,1.0,6.78068065850414,3.4160677573567897
65,0.6307663817687074,1.230522541238336,1.2554539156251932,0.9502960966021328,1.3328197126165398,1.0,10.989191291775727,4.786243591306411
65,1.59222803613838,-0.49941946520840486,0.3431253803395039,1.8397282212222492,0.5802107336175977,1.0,10.661161948863366,3.0744545675694104
65,-0.35569689932414505,2.6646320461790425,1.166961859966045,-0.09116128576982108,2.001400848151838,1.0,8.309785362488494,3.1382141765867613
65,0.36474145508627676,1.0387551238806687,-0.20459953940428677,0.10145029205564376,0.584585261024925,1.0,4.762487678061738,3.300485778322262
65,0.6294514533345429,1.2713129211603982,1.8974090037874776,2.6246586020711797,0.7180387599576221,1.0,18.88773455908922,5.049828511522355
65,1.8637506479688066,-0.6079025262903359,0.8547777649898404,-0.22912820533157663,1.437808157886214,0.0,1.5305234752547763,2.183060377943828
65,0.8587169594262394,-0.20602817750115254,-0.31395682969243477,-0.5435331501587424,-1.1106781437115696,1.0,1.3858486325864134,1.1164594919099644
65,1.8546510879979252,-0.40598555124694624,0.32199022888519074,1.4105733521762347,0.185418722190479,1.0,8.521959445561857,2.8789698547449944
65,1.6991153728885298,1.9204338762211834,1.8014338705391861,1.7607766825350295,0.13696222766386562,1.0,17.99688346425178,7.6938015045470225
65,1.012736190839847,2.291003070580362,2.970750448248948,2.0643931534628956,2.0023813822730125,1.0,22.90801131972545,7.505371914498502
65,1.8562714293351248,1.967755729574187,1.190166972314894,-0.187243386472004,2.5395902750739694,1.0,15.801961345228746,8.707464105796966
65,-0.12841353684672396,-0.620374033245243,-1.2475506390316324,-1.2293713893346796,0.08117208478742682,1.0,1.1358674024562176,-0.17495851296835302
65,-0.4197780114723918,1.333817887046342,-0.0288194136211527,0.17668301294937633,0.5951537230369799,0.0,0.7565692887166591,2.2682059281202434
65,-1.0231338291504701,-0.30027297824387045,1.4279982810172926,-0.2738936801591665,0.48543186073912176,1.0,0.4836246403376646,1.607597503593223
65,0.8323497350587923,0.9110670945181467,-0.10828054094809447,-0.29266537363902667,0.3808625699884295,0.0,2.8689938962862485,3.614136585054012
65,1.479637544126237,0.7228436343190623,0.009777228722548159,-0.1666337599432638,-0.04526488696222919,1.0,6.152252274346511,4.069678663282332
65,-0.7467186554488605,1.3766957109538434,-0.26358715903219365,0.9456916035822747,0.5428999890936692,1.0,3.4594802518479577,1.8649479480109452
65,0.3062293879734436,-0.19053958367158008,0.33014259645040234,-0.11794600794785048,-0.9880702482854131,0.0,-0.21133374844693528,1.5575553786916623
65,1.372469035417331,0.8284719058341287,-0.08505421647282296,-0.051651983063833784,0.615981024570233,1.0,7.557227408625399,4.473544990798016
65,-0.9169008487577652,1.2583832792531857,-0.5799555709774533,1.0774198028252213,-0.13813774287586766,0.0,0.634505318363024,1.0330787601812945
65,0.7030828141149277,1.484296041609399,0.6770702370164992,0.9356083259003967,-0.8502298999728792,0.0,5.905465055714217,4.297908390740433
65,0.18049128570402578,-0.3878589710913949,1.2386783393384684,1.1056745855451116,0.3940434756240809,1.0,3.3603195358295954,2.5215551991023517
65,0.3162754376827798,1.4045534625014713,1.9120740901288469,0.8863119640227354,-0.4863239941398392,0.0,5.653323858579903,3.125979804280641
65,0.04553908837994475,0.2894225932972194,-0.3357226387456165,0.16650592057295394,1.5728775956968644,1.0,1.2661122623721144,2.826663802380092
65,0.5365633589678097,0.5524853544379148,-0.19764676755013477,0.9211291117177149,1.3381968183585553,1.0,5.083329154467674,3.852338714391883
65,1.4154550617776307,1.2224720260566444,1.5420119119129174,1.1004123122542355,-1.285157650643562,1.0,11.091877539897881,4.756731488036971
65,-0.22020570716713717,-0.9530892752643729,-2.405900687060489,-1.1861050860421998,-1.2454165598686364,0.0,-0.48426757539513643,-2.5368495118202556
65,-0.5807873569369808,-0.07274519028845239,-1.6216352221581416,-0.4432378044668558,-0.417976613925945,0.0,-2.1953032434443394,-0.5767586056392664
65,-0.7553939229613544,0.07548237944434527,1.0461167645983536,0.9013574628350814,0.5417742671948084,0.0,0.6239341484516872,2.3485852412757344
65,0.3286050027354162,-0.6930798840896071,1.0459025629109262,-0.617609972940439,1.6201404217842903,0.0,-0.1278700505816509,2.1153506211840982
65,0.30662772891481294,1.5866042524152824,1.2589858717435989,3.025023407042416,2.3510841744404454,1.0,24.313517256269357,6.057441868554178
65,-0.3760664789633369,0.07775583388645779,0.6883289658729761,-1.180998675947422,0.06203243813865872,1.0,3.8362780562235796,1.3785932918857178
65,-0.5686425521506149,-0.674102481373031,0.10471200083598542,-0.19629346280546678,0.24808920573455417,1.0,1.6513310890372708,1.8347274164214658
66,0.3801178754663995,0.9788961777847437,0.6798461074299625,-0.5732440521037991,-1.185767713944967,1.0,4.652105991491798,2.289689608835322
66,0.8382402956625592,1.0856998654422816,2.7459285492123047,1.4433793821305307,2.1800804730019028,1.0,13.134171876255168,5.134000850891422
66,-1.1574639701047793,0.16710260408646754,-0.5830360281342841,-0.3167702875150771,0.43340579313085914,0.0,-1.9349197802827778,0.9129987935412713
66,-1.385338289740683,1.3486569072014676,0.01729985764437808,0.40900328257653706,0.09492045409910216,0.0,0.22597695954641472,0.37377541381581403
66,1.5968670361033594,0.3512557539897608,1.6635963161313851,-0.6479967617220936,1.160412991192017,1.0,5.934490170320985,3.5303095523698182
66,1.3152406843100457,1.512370467640997,0.20383349233109532,2.3173006404731376,2.407945442797854,1.0,18.460335342454265,7.846774313562116
66,0.37072034268507914,-2.106559798313417,-0.21960715320654645,-0.3646433850190296,-1.5985763561823916,1.0,-1.2709472142827551,-0.7642946405038938
66,-1.4689611895610466,-1.0633203090527539,-0.27641216640109945,-0.9810317709647931,-0.8416593943478494,0.0,-1.550366469346841,1.2083246195610666
66,-1.3059079382558474,-0.46941978933318906,-0.9893066534454396,0.18093522383062582,0.47608909493913026,0.0,-0.1582515386674892,1.108483382513489
66,-0.4961078029915995,0.3320247515714343,0.5474566125934093,0.14530870460205164,-0.5997694165971696,0.0,-1.0998334241475949,1.6535875138778708
66,-0.5108725223763038,0.8655646423356653,-0.7374647226715942,0.36175160343671314,-0.5847912140469005,0.0,-1.0741766997321913,0.9950763916819585
66,1.5242701961176122,0.6763813064532488,0.00022053567002255914,1.273112871059955,1.4276379076949968,0.0,4.079456476107536,5.481799250817707
66,0.7441536810232267,1.501930731482007,0.8942798875780439,0.5633345360216226,-0.14468412437091893,1.0,7.169949157057968,4.523255130749739
66,-0.45641739961168826,0.28513744972110466,1.02121058518309,-0.22969005633187212,-0.5205996025533719,1.0,-0.4022939421476426,1.4420128135271926
66,1.1268613073842468,0.27279307314229617,1.9414792617098968,1.6366719817251238,1.3215157049216923,1.0,11.584262851333152,4.094808557004864
66,1.3423525924414599,0.957406442952932,0.8157193790039531,-0.8931065974923698,0.41329925048686966,1.0,9.061614025427883,4.288357259929517
66,-0.485868175593668,-0.33776046165882034,0.004787282141223148,-0.0633349003589796,-1.5097436223669818,0.0,-1.6289920735307108,0.9681356613619678
66,0.3458989413003931,-0.38423833164286003,-0.16423492970139464,0.5746506379881231,-1.2221873846784208,0.0,0.2387394040965159,1.4285805657332542
66,-0.05433827464443741,0.3479949950067731,0.48870174192144883,-1.1980583376932883,-1.285945932573456,0.0,1.766070671370406,1.0132107571202729
66,1.2347553507429252,-0.2463550732795693,-0.47622167929218195,1.1377417280537978,0.8067953031784612,0.0,3.5487803221964858,2.8129029070040747
66,-0.2584319779819185,-1.320501663534898,-0.4221739568395416,0.8859078183822733,0.6359594163299052,0.0,-0.24910526926974919,2.0138400047297282
66,1.5839088205608358,1.1552899200937468,-0.2275703811604386,-0.16500003124659834,-0.17473821643293186,1.0,6.175801678749205,4.890036369797244
66,0.32187457452481694,0.6896390716285744,-1.9102601302359057,0.7716323353848762,0.9269696491163777,0.0,-0.8662587608491372,1.2889234905479927
66,-1.176244927449888,-1.133143881466871,-0.8887809589252669,-0.17901926199141283,-1.5833896226725592,0.0,-3.1841864919608107,0.4829242574382926
66,-1.046315862738409,-1.0028664259804072,-0.5111385939600692,-0.527772416887593,-2.196777136442672,0.0,-0.7074667493024003,0.2790679380963308
66,0.5839057128729257,-0.741897104251033,-0.3707638669404538,0.4349956614447087,0.8559269765566443,1.0,2.5538372186286993,1.8799365798615102
66,-0.8055223549979365,-0.6738522165736616,0.8094783988807714,-0.5578572756889872,0.039131350587721825,1.0,-0.8015239434533039,1.6383681036592264
66,0.11131353878145567,-0.2960388951221741,-0.2336305476525058,-0.24804333759078645,-0.06405903249935074,0.0,-0.8105814811293538,1.5746500226049762
66,0.3609974503667124,-0.10904623456521867,0.08608617165688004,-0.9980863240200109,0.028119681345306125,0.0,-0.20198706052127524,1.640966833050626
66,-1.7947855291004005,-0.5549585092846534,-0.3735784174425665,-1.3360638663234445,0.5421952304055008,1.0,-0.4407801115388996,1.1684633239881412
66,-0.7672582570170283,0.40807878695497046,0.8985500517945446,0.8805691073871498,0.2550368526018154,0.0,1.566603477141913,2.1471315499549455
66,-0.8080134541775426,0.22464605412083555,-0.6716598079994065,-0.0975565280665398,1.161603783371402,0.0,0.1371588294456706,1.5057828586127167
66,-0.2658486222541191,1.0667659627382546,0.4502454909599428,0.5559703106870261,0.49762568888904896,1.0,5.019705632526659,2.769121449162674
66,-1.720227896473221,0.029927830959681823,-0.6214496016344202,0.8677779403980066,-1.8580356514517495,0.0,-2.6720247735380944,0.11054895352099392
66,0.513612661894494,0.5453369302289361,-0.2611396619688343,-0.7246759385675261,-1.0339224771110171,0.0,0.388082099061274,1.7657940752845085
66,0.6179694185612044,0.8625454028639896,1.4777558768833274,1.3435987976044932,0.9842551064688285,0.0,6.383385156656375,4.268995255779498
66,1.1332227659098981,1.918888117805799,1.1152081087819394,1.0842848575329485,0.9652555471361148,0.0,6.007403794895605,6.7229480099803
66,0.5631091712687204,0.6206074518511515,-0.6670125521505419,0.06830086216810793,0.877206070696699,0.0,-0.6962388843897825,2.8662485784443215
66,1.2815291750762796,0.5349521383918083,1.286032973735657,0.3333147346542239,1.7985034684344519,0.0,2.221563014042413,4.583653360195245
66,-0.3042942835705711,0.3370396369328619,-1.2252208894835326,-0.501810244913981,-0.07178382685006546,1.0,-2.5438775645661478,0.35314411235491927
66,0.7620016976360126,0.5156818029012865,1.3816951300487892,1.578813906697664,0.2628742365480733,0.0,6.820676398139586,3.831459986375604
66,0.1004362765025697,2.6285521620026007,0.1893825056906122,0.7023265367621425,-1.284900521162894,1.0,5.841426267335685,3.414021138825901
66,-0.665450757152745,2.0848319271699216,1.1066295447436976,-1.2584187758316348,2.314067539507146,1.0,6.738333964987941,1.8511546524478333
66,1.5990231233130792,1.3268772430957547,2.388455881144613,1.6839396166274525,1.0767014536484008,1.0,16.75731942882196,6.429658925387865
66,-0.5065343172233769,1.9786665563569745,2.167712296597734,-0.3164546688504255,0.6901641638207154,0.0,5.15418608892246,1.442420069966568
66,1.7034990193111368,0.8802516850591153,-0.8360868186186448,0.6937352351996983,0.016183986019715768,1.0,7.449660915272769,4.398671067309239
66,-0.5161483437894423,-0.42995063444796644,-1.1898312657498162,-1.7700797078115396,-0.9032879240785003,1.0,1.1058114877280558,-0.8109141154465324
66,0.5801423279454543,1.9930375616098908,0.382340414527612,0.146114799920537,0.250924727017168,1.0,7.367456287191725,4.76031935150149
66,-1.696420896708048,0.08559117492241985,1.3341303091200771,0.6569049132119831,0.761949748361411,1.0,1.6696516978836184,1.6603418544451523
66,2.2532034680500224,1.8580145607705305,-0.11962398871079816,2.1430306026790227,0.4460398761390636,0.0,6.544381751427378,9.469670690289849
67,-2.4329559303562176,-0.15848233621566854,-0.5736413345449853,-0.06313110321974491,-0.08567418359878654,0.0,-1.290702510366428,0.5685685129590292
67,-0.10057367555992558,-0.29207470214768605,0.007955398160362892,-0.47287068244278596,-0.8085610123431384,0.0,-0.8638996547431301,1.1962810451534236
67,1.3906763150394408,1.4110214421447078,2.1044676074770163,1.6680262417468577,0.46987468308195296,1.0,17.765490862098957,5.975609710190516
67,-1.1320695661623539,-0.47816729859395746,2.805232965552098,0.5483598386690989,0.682080982605964,0.0,0.4169251523554567,1.8100746940346513
67,0.6165245436920243,-0.7916588417913868,-0.6587975727401341,-0.1973505970827485,0.12392827201771317,0.0,1.1894525812152075,0.848974684490868
67,-0.6177990916778795,1.296535591350815,1.5265366647226606,0.6347681214746946,-0.906540779338785,0.0,3.178973717745091,1.2099969559162078
67,1.2945871339496415,-1.079996613789449,0.15251327698853434,0.7618111522287088,-1.245974717905654,0.0,1.630781348167879,0.5317127709118918
67,1.2803739296671752,-0.3726455474490227,-0.09995635014017057,0.5163933581282504,-1.1079002880091005,1.0,3.1886579290224466,1.6260154291830566
67,0.27903796426906224,-0.662545047760406,1.9867450167635052,-0.9031026859247062,0.6732809120216291,0.0,-2.3216039729957476,1.0977749478301726
67,-0.30955019899806246,-1.150777488245481,0.6622708498584665,-0.6666435638993844,-0.7891242947365849,0.0,-1.2353933221377842,1.0179089519568854
67,1.575054559980103,2.0304070349634418,1.5270695463440174,-0.25752693529418413,1.0342523449579064,1.0,14.607446482901915,7.196342981797782
67,2.6343689197592517,0.6886078591736622,0.10868500799068631,0.5764066842279552,1.8333615051611034,1.0,10.320048266535762,6.728861726392571
67,1.3530151165485735,0.7824883053654692,0.4955087831100997,0.08366725051035778,-1.6252464684485517,0.0,2.8864812112669234,3.4831619070961732
67,0.2627705572837402,1.1891335392476992,0.16075227103257356,-0.16797760744810497,0.9062455572816628,0.0,3.259202302177546,3.475038595065098
67,1.5975104306086874,1.1696290369869697,0.03326087398442895,0.6697025522688853,0.18292187116710812,1.0,8.560699899156669,5.694453877161039
67,0.6958140455563442,0.016764818279482785,-0.16314033257344285,0.3699180118593635,-0.4190276737878871,0.0,2.340741047446704,2.2485517348811097
67,1.3729513628006995,1.25198882786306,0.7653991926763144,0.914738673463337,-0.3524002043059973,1.0,9.002192384483456,5.416364537942723
67,1.1521545960685486,0.6086532401020112,0.5619519970637569,0.5640194053382473,0.5382059181091873,1.0,6.717012328495711,4.259971829965253
67,-1.1863804015131352,-1.8248586006092071,-1.0180619254141665,-0.9415891596774832,-2.249349462277836,0.0,-0.46412391761352656,0.0798731207532879
67,-0.5996735475796537,0.15166515433081557,1.128314128749673,0.714180686571001,-1.5046580528061648,0.0,-0.82558881234012,1.282148526889509
67,0.6070173102810544,2.727867012022555,1.2000948752416358,0.2576523924560212,1.4947991150830906,1.0,12.123239464147943,6.161847174396991
67,1.7305481816489532,0.5971091282526254,-0.12458403963176912,0.8670620898245767,0.18342689024511666,1.0,9.095073808467232,4.652356682452645
67,-0.4162947804248177,1.408373551157998,0.6067048351214063,-0.08538277351344836,0.12550540521351083,0.0,1.6151154423938805,2.0546858177950593
67,0.47379810452820953,0.7916218770479108,-0.48365106850149475,0.8658769639343767,0.38941482416744766,0.0,2.6985082914952665,3.2789023226110157
67,1.150398956291788,1.9109260290464813,2.442343489568138,1.4976963927800733,2.427100038063009,1.0,21.43979340539104,7.1472340887757895
67,0.8788899129409409,1.9957256849680804,-0.23265180285657294,0.8655913446445589,1.2618679287846595,0.0,4.109197204092354,6.111793128584734
67,1.4103938754142409,0.8683014032758649,-1.5971062222229593,-0.7339116644627193,0.7108708730824581,1.0,4.503952714747785,2.527614253535604
67,-0.0938077833576626,0.9372745318083062,0.6849581168142439,1.26377013607132,0.9333803306160611,1.0,7.21912289331425,3.5493095645235577
67,0.7220195941889835,1.5027329849341007,2.136062573492601,1.4115800142439918,0.9866961061809127,1.0,13.57229429694591,4.928907630519598
67,-1.7502203782186414,-0.38601564350231243,-1.4058240038887764,1.137228765333528,-0.5372873875936321,0.0,-0.8384801536963311,0.36877815136816094
67,0.42880259546976396,0.5943243415047392,0.26569382898411753,1.9851054447466814,1.1035916683117746,1.0,10.902654191735195,4.4085173080539795
67,-0.5959879408902717,-1.4463519535445732,0.18184725748081987,-0.7363934212097101,-0.8464185159775044,0.0,-1.5471995130506393,1.1238673361683875
67,-0.4881287329117867,-0.22527095304097156,1.7304506608017056,0.8931066876921885,-0.11499543725951078,0.0,-0.6733432681148207,1.8485653913069702
67,0.7887631363090644,0.8840583732470728,1.0059917161509668,1.3802099192824842,1.522787365941327,1.0,11.098739647261747,5.023468692797276
67,0.15116619226266997,0.5702335487554723,0.42164415538289524,0.25450716578237176,0.7571998313691848,0.0,2.453317232483904,3.075992765960466
67,1.173330121557353,-0.2109340070069644,0.5896718243248836,-0.9674227651724543,1.089072148900648,1.0,3.332488589427112,2.4204866557250075
67,0.2643108231347384,1.5258515266909958,-0.2671233762755114,-0.5985356835546964,1.8014313581252133,0.0,3.301425965988119,3.7308005907659796
67,-1.271502673289375,-0.35974087187498127,0.5782032577707843,-0.5507517579252157,-0.850802556485956,0.0,-1.8181152537724694,1.067560136344805
67,0.3495280070125113,-0.3522524638202389,0.6243194364802893,-0.7434158610890274,-1.2645247005800593,1.0,2.851175254557928,0.9950662348857772
67,-0.23865644646711948,-0.26293517409234557,0.1249440003295294,-2.4861489737402263,0.002472738699558996,0.0,5.6793132767289585,0.6247938940823545
67,0.8954167247408709,0.8756490867855002,0.19581812582258612,-0.07002876255638302,1.0478085807371924,0.0,3.191480329768124,4.237291530915915
67,1.6767290419853311,0.0752334940043149,0.18637379420762862,1.1652073106696428,-0.25414509321651724,1.0,5.938396069913055,3.5335280766268906
67,-0.47287115905468924,0.31715435426910465,0.48666349485115645,-0.20995171499911736,-0.29790960518141385,0.0,0.4861985802887676,1.64546772805808
67,0.12382022417571148,0.9070324908465872,-0.08135499877144814,-0.8120527985042418,0.4276054124235148,1.0,3.053628594732637,2.391526638385319
67,0.8069059320279481,1.3231171479226957,0.28296189154749624,0.7445843174137016,3.215590941772368,1.0,12.434539803251406,6.214443879245589
67,1.6870029809790936,0.8616847399563212,-0.1434008589893081,1.150210166216822,0.41492275462373995,1.0,10.646739279666887,5.428610320700146
67,1.5835107718015529,0.40128772815701147,0.7790004037891431,-0.31240137751601305,0.877132863023039,0.0,2.458968930514052,4.011324812923842
67,-0.18706084145820367,-0.8374323457249275,0.46869946738989693,-1.260811442605068,0.27682769927345124,0.0,-0.08279220852870678,1.2789185951127542
67,1.5305959810859855,0.9509590054064834,1.9904355044339233,0.10895595686056198,1.306865962516126,1.0,8.621427309315717,4.992009273388465
67,-1.0785336646133343,-1.0537290478426433,0.4382188255080851,0.8362887165162457,1.2653796358030334,0.0,0.49301917973372744,3.24580338429472
68,0.5005678212943081,-0.9838855002397855,1.7278987945756334,1.9273303183461878,0.6959997823156048,0.0,3.584639019569467,2.2849971679251833
68,1.5372932339864935,-0.18968661590064162,0.297659697735171,-0.04876396263164229,2.248118252283943,0.0,1.9596461270605525,3.586731830443247
68,-1.4461640019853799,0.15443106585654415,-0.4282579738395056,-1.168405934682533,0.18713000957076598,0.0,-1.3951965169160425,0.33572450418250177
68,-0.0017733595302268368,1.4652384696795988,0.1250654711951097,1.1696988264551227,0.6701151956453422,0.0,3.704014031728001,3.7037634096172356
68,1.5989387429896054,0.2352279120000062,1.7166438733163427,1.2691893882384324,1.6713238350807456,0.0,6.076616430972418,4.476445867740321
68,0.83721519027559,1.061210486067683,2.5174663754454354,2.1420473205777926,0.9241150805414311,1.0,15.640290399881323,4.818014743294852
68,0.7981869447790924,0.4072148417125275,-0.7476614009432894,-0.23962895506377813,-0.9304109635868933,0.0,-1.2944665222913958,1.7021647501871033
68,1.6065725713681436,1.0485772337248256,1.8930016141145818,1.834200872363025,0.2562238836187071,1.0,15.289632290499839,5.687244379422003
68,2.656955085967797,0.42962951241676456,2.4588782893609693,1.284302206925001,3.0818056925424315,1.0,14.071565937188316,6.321428628636966
68,3.3545451368438464,0.4479551946799486,2.5557846889841738,3.582647122368556,1.4234488900720947,1.0,26.921846293304547,7.351610780058904
68,0.9539633112778059,0.3742006180913777,0.20138976964405353,0.8123065686837739,0.6308703255168512,0.0,2.0079397467447406,3.8231284841691835
68,0.309242420568952,1.0683514236186782,0.6815049681343903,-0.44726044062818093,0.27334102979149,0.0,4.577103546904995,3.0495948060712985
68,0.6945991728149636,0.6853564311027036,0.3543094626981004,0.888938751530466,2.1596297934691053,0.0,5.0379681769467535,4.805351105293778
68,1.404870570583739,0.18056316041243936,1.021168029016295,0.46788116628083204,0.9965059948332992,0.0,3.9531892350587485,3.8115326383297417
68,2.0960082733025827,1.3796719116203477,0.2856895995532083,0.3575045305155025,1.7059982654177217,0.0,5.850679010819444,7.763707569841732
68,1.1997603916731736,0.7017771567104695,-0.7918758451386203,0.5025728580800495,0.14419094985355768,0.0,1.4078061169577762,3.4226887573491753
68,1.1576063695912566,-1.4409993646253654,-1.6638772066459113,-1.6282414476105886,0.734904232601385,0.0,5.273659071177555,-2.1813602799082696
68,0.3532127362285339,0.4315394831403746,-0.5141188048543612,0.9319375187627965,0.28505959291604777,0.0,1.6014230967912897,2.766966908394026
68,1.3627704253103667,1.877438062895973,0.6395660948027708,0.6581188501971064,-0.25502997355051893,0.0,5.117146461220568,6.502303605869621
68,1.1964731608234018,0.8871987415123883,0.29791594246601405,1.1812166007588407,0.2572030609915149,1.0,9.087113633845885,4.9274635309511385
68,-0.6984671715617958,2.1102390577085375,-0.16751381978697677,1.8607566644457605,0.5687984636303832,1.0,6.66084256649766,2.3489762295524184
68,0.9271670363796396,1.4046532182051403,-0.39317423991683964,-0.037742245672560126,-0.7265073144797205,0.0,1.0403972251106584,3.813243981767915
68,1.9442257153959461,2.90026137875038,0.5405617108207345,0.04775067220751189,0.910051517273202,1.0,15.439357132023916,10.66760800147754
68,0.4127933427497925,-0.4342471295883399,0.8105657252998044,1.361818717699491,0.34383052815043036,1.0,4.133972628328357,2.7572148430127545
68,0.13940470906398944,-1.3205602146395556,-0.6322393629558027,1.2060248868780146,-0.1625886939506267,0.0,3.8891586259529873,1.2376345241172877
68,0.3930820316685397,0.5136183517502662,-0.5457183749973478,0.8024525011640022,0.8211053148880981,1.0,4.811462449621965,3.048918709013579
68,0.7999527208998807,1.4455429145679524,0.9239472993611623,1.0220136089753162,1.1195827340198488,0.0,4.21530084890802,5.414560593942615
68,0.7706495054567849,0.21166665259550488,-0.5767813924625751,0.056512234286161034,2.070566965165815,0.0,0.8491283825597871,3.267649971872376
68,-0.36548716992267205,-1.2058767730611128,1.117950921563764,-0.5007546468775423,-0.9512655538699781,0.0,-2.5031426467688083,0.9255417847158603
68,1.4045623131185527,0.9904044545533427,0.7007940408248332,1.202369588558697,1.2502742748284237,0.0,4.997273305853577,5.9296175186299775
68,0.9653982991356563,0.4639149751090753,0.35493797120838433,0.7794185481698421,0.5450275827866391,0.0,1.886239879299117,3.939879463744498
68,1.4976172245739823,-0.18222607407779434,0.6664587130596251,1.9324347252665477,0.8120296081190422,1.0,12.991184036200083,3.876268027179627
68,1.171093422828747,0.05340594202789839,0.7760800714186542,0.24301828309393425,1.1946622424478384,0.0,2.120516080675877,3.495338202520681
68,-1.0099887791564053,-0.9055067341993857,0.5819906173427516,-0.7587034896697977,-1.0191461985905994,0.0,-4.049701795988936,1.1942444362729652
68,0.9967420342780293,0.3675110509598435,1.1439987658604829,-0.567750804532172,-0.07789909977698262,0.0,2.213217437923819,2.7115724482950636
68,1.149985475855217,-0.28353955357845295,1.8870601758831098,0.9708809465607682,1.9548127859021927,0.0,3.4830083004760017,3.202515660258601
68,0.9754382689778771,-0.1675214885212949,0.6770798490346991,-0.3963312812592532,-1.0834787788818439,0.0,1.6834660363766547,1.6185919853042474
68,0.796744506244436,0.8216789713086192,-0.5354153529087766,1.1229427374763796,0.8213254166081072,1.0,6.789850960542246,4.028363136767281
68,0.6868091447120679,-0.18422286869585647,0.2562896477207042,0.4750521383181674,1.3362786784738008,1.0,4.850892222280743,3.1259146027370353
68,-0.16022215377784832,0.7892477843723429,-0.5185780042621646,-0.1334223161649829,1.390908177826884,0.0,-0.2638570988348645,2.4260366276021115
68,-0.07656059159614848,0.043335806997505555,-0.37145067462155734,-2.1147726878834727,-1.8594017371499794,0.0,1.5221639221575032,-0.2609409787089034
68,1.0834547794860936,-0.09218852300869163,0.6394124959190615,2.075803609539948,0.38276945014562,1.0,11.43756952166561,3.747190284370411
68,0.26637154370483374,-0.043347764974146163,1.408335057910785,0.594670007083729,0.07259918381747926,0.0,0.8694726520145755,2.299514956091912
68,-0.009317053778852724,0.01898656170780133,1.7374577607707,-0.0089040429017323,0.6872755423822453,0.0,0.26638817708230766,2.0466815127651077
68,1.2707032545147063,2.656987892184973,2.178794559711349,-0.052802058562564924,1.6919281429353275,1.0,18.64976714215813,7.677823488183524
68,0.777939790645798,0.8370694799477465,1.4746061398715449,1.126126753021667,1.010931180518838,0.0,5.95865337317896,4.360568249402327
68,0.7674043589972945,0.5202982177692381,2.5687333143260624,2.4706749878027283,2.2989403001887547,1.0,16.189157417065655,4.871950165290287
68,-0.9667859643595822,0.17080100990035357,0.027787476080916196,0.6076736900662774,1.716285929192949,0.0,-1.2850558316677694,2.6123670042981604
68,2.276023165681114,0.8673853559654104,1.960590566853048,0.559037879109246,1.205025730451264,0.0,6.650991826950078,6.02822241493779
68,1.8869623677136083,0.8577240161518279,0.822532285130738,-0.03298097272692291,0.5451862770058044,1.0,8.61430801250631,5.338572479193893
69,1.4374728343143888,2.0334848177167,1.0108904942096364,-1.492538885026272,0.33073963074232343,0.0,7.533325526804616,6.114210042179316
69,0.7764498912430438,3.514825685857966,1.1543145380411386,1.4580398008577027,0.3453349236366887,1.0,17.84030158795122,7.758113937660867
69,-0.16958500786356578,-0.46986264778864006,1.077929099730445,0.22267954334764722,-0.0861412146200583,1.0,1.709457979164704,1.8403453460755779
69,-0.6795018381636075,-1.7279329559722583,-0.4830060374802023,0.6055902303526792,-0.36817250261659373,1.0,0.436770348172827,1.733224859671297
69,1.2764733427290622,2.3366548589837337,0.7231875884502812,0.32444377721957385,1.5388450260619018,1.0,14.287097084675716,7.832180001668384
69,1.5598704838000519,1.8090177442255562,1.706441524628241,3.1868857612991297,0.7663670847969553,1.0,26.74394984959852,8.200895072921664
69,-1.4796991712008558,-1.7243290889717144,0.5580546474447137,-0.5078588716867489,-0.8719895678851344,0.0,-4.349142498515752,2.3868641492940523
69,0.9942674957941886,-0.855501646991331,0.9360847563533101,0.22046208178701565,0.13524559461377483,0.0,1.7655252491662532,1.4576269437880358
69,-0.7587877248366792,2.1882477340985753,0.11377631071513289,1.7576995392436332,2.430038886347036,0.0,7.55570276528799,3.1986063080581424
69,-0.28803627724276315,-1.3634019211830084,0.272865411631695,-0.034945711273528746,1.2926011539474513,0.0,-0.928375458542047,2.2952531871954998
69,0.6132964845278425,1.831814123138576,-1.3279334003976573,1.5875912621839332,0.8695206063559091,0.0,1.6188742830159817,4.15107221754479
69,0.33500332857161286,-0.39715398209046415,0.1530620789686985,1.0262599498060299,1.0738070044287515,0.0,0.4779515859265371,2.950750135657941
69,2.5424510766171013,1.0370074838350554,0.8459836250879784,1.9168987483631494,1.8782580824868476,1.0,17.996845659393983,8.409835540299945
69,1.8079077680168185,0.16673693476552737,0.880982254672882,0.49584143418126403,-0.10638052666750475,1.0,7.482807723956643,3.560382707147942
69,1.7400223997137343,-1.093112514588927,-1.7311564851537034,1.693439954832002,0.34818965863177564,1.0,6.831582200422025,-0.5830225085065033
69,0.23716421167404422,0.5935295725538445,2.072033972138881,2.057942935107605,-0.39531503095367004,1.0,11.005764474951947,2.9429304963255354
69,1.8005066281701345,1.4979763149138088,1.4233017954287497,1.3417769035030243,2.332789257838265,0.0,9.293919224824549,8.042252064875594
69,1.0441224234823854,0.8812931581285771,0.24890734884438764,-0.4403070613518366,-0.6319463617962906,0.0,2.8297513775014482,3.440394871210408
69,-0.030321964747682006,-0.5025127858593446,0.03771281893282835,0.35699259336268735,-0.9948855175504487,1.0,1.72376120511516,1.448018702971104
69,-0.20874774689915498,1.5845777701622328,0.840191678062615,0.11463937893820464,1.9634258481298408,0.0,2.844244686341107,3.48358650671917
69,1.2219587196119415,1.6066976567325109,0.8808945286769638,0.9001834224901506,-1.199911415320406,0.0,4.969320029371659,5.304691108862569
69,0.477370156107843,1.0977254765346292,1.0769815076256033,0.6417872061190478,0.894617204755016,1.0,8.479041930417257,4.09225055350913
69,1.1884099463964328,0.34715175132135623,1.274830452718926,-1.8705905058615273,0.4519918486368851,0.0,5.285901423144892,2.400119205532886
69,1.4903630782591741,0.7719280860906874,1.827082100086713,2.758403702219364,-0.2828253391682891,1.0,18.162637662669617,5.1794395369196895
69,2.793859360697874,0.8408351665840355,1.3954075609914711,-0.9384052276615849,0.05408822787282619,0.0,5.3016870440661235,5.596558697637827
69,0.03263232761560969,0.6178339017459479,0.9504113494180906,1.4850878360910276,2.4888569995121523,1.0,9.265073171515713,4.388921007751161
69,0.5116064815551384,-0.21676077129578375,0.8322050943500747,1.7391515602288175,-0.03794623316471357,1.0,7.2140259707694945,2.976478762616594
69,-0.2356204813192203,-0.4179565595033127,-0.11892850251257947,0.9386666466044961,0.13805289093782763,0.0,1.530680244781142,2.2435224600577954
69,-0.7097771860433493,-0.23301499248902013,-1.0763221983271603,0.48215702066920785,-0.6002323052704999,0.0,-1.1564538371518733,0.5713627300600204
69,1.208365550503156,1.1854841823857791,2.123310242735549,2.8144582879354108,1.781502452779414,1.0,21.85739903433879,6.464229854803506
69,-2.038942274993405,0.9577450221942927,1.0463118403732754,-1.0449325315297784,0.14691133704983583,0.0,2.8034682636199646,-0.9184732660171182
69,1.0386359198582729,0.9193159242890647,0.7358301641198146,0.6448481619082307,-1.038143444091734,1.0,7.508565856790065,3.8463517041519575
69,0.09342617425881716,0.24956845771555325,2.149082329617511,0.21781767381101796,0.8431139394692269,1.0,3.829984891228885,2.253231075771605
69,1.9507721963430078,1.16462837367331,-0.3873248002748816,0.25169541023784825,0.3938527657477362,0.0,3.1046458600990183,5.884659452241982
69,-1.4267376650072576,0.04910288661596329,0.5233157096209858,-0.5425939268536046,-1.5452066933557154,0.0,-0.9740969298387041,0.32505011979008924
69,1.6416102672632895,2.1699814375074666,2.330597869563834,2.159927980214931,1.1685012577823914,1.0,23.478630953689944,8.608795631151816
69,1.7377060395034685,1.2662039819306186,0.7893020365962748,2.4872944547487528,2.1594215293316217,1.0,21.255022338208498,8.12459527245925
69,-0.7141978348836724,-1.8904311199858452,-1.6717919414287765,-1.4967579904360488,0.1223048941560595,0.0,1.2888910645288405,-0.5761191911095656
69,0.5090451648336856,1.4606671159158597,1.8207594621887973,1.2704520412729616,0.5971904822068201,1.0,11.784174628382274,4.325234425485946
69,1.3079089440011014,-0.4502580643027154,0.60056854520442,-0.5005008310742014,-0.3636798866204308,1.0,3.3590226758123793,1.5331372609582103
69,-0.2690334711122184,0.026580525658556342,-0.2859126616878517,-0.23029366480271418,-0.89763106316355,0.0,0.5203163801802293,1.1241084327474649
69,-0.7220541816771837,-0.43957566152966876,-0.28154315584710377,-1.6103025763661996,-1.9096221306564884,1.0,-1.245603010300417,-0.20352357411707533
69,-0.7226529693443364,0.20192296335644155,-0.4462486995512236,1.0333633446659185,0.8580192518742862,1.0,2.673091000798563,2.2183541657280634
69,-0.2931014337899899,0.1973301669308219,0.29194533788284555,1.5554804669474336,0.035515447724499605,0.0,3.8591690853354437,2.7934330269982426
69,0.05703523135011168,-0.1655013539995539,1.8020657920197036,0.6942049416996914,0.5563621792803337,0.0,1.9740909561338678,2.2334306120264458
69,0.2046476155434518,-1.1356875475353228,-0.10254996797351978,-0.6159562491196047,0.19117054908887215,1.0,1.7849471781818393,1.0331428100109383
69,0.9543936401894376,1.875779238227731,1.941973271604407,1.248382953212635,-0.2838825976911449,1.0,13.573418991443077,5.295842549048313
69,-0.08605128677333385,0.5250421625726587,-0.8496902943581526,-0.8509294688330524,0.3048549586268232,0.0,-0.34115895560907133,1.1366482719271898
69,0.4230022713866884,-0.15268549988081903,1.0138281572830112,0.7378244662111411,2.7322620227875105,1.0,7.49601164803284,3.841144422286904
69,-0.13603787124846078,-0.17541323805477593,-0.43297769321639246,0.3813523327490816,-1.631606416305472,0.0,-1.1872211667959465,0.934241808863787
70,2.1293785125151574,1.2778971551152687,1.7307392185069805,-0.15800997535378403,2.2549884263888553,0.0,6.838735149360365,7.179361584398399
70,-0.11895518310095676,0.809573357563957,0.31790193873330286,-1.155612899962688,0.3808936641829904,0.0,1.4842942392861023,1.9704908000400494
70,0.7938709028865434,0.5647546489429274,1.4749444665417042,1.994941143756356,0.9658648243853507,1.0,11.771165516945924,4.44123542956078
70,0.8461512765951862,1.7930570208242216,1.3397766238444624,1.515708382273855,1.3211506556420756,1.0,15.715314082652979,6.154089722102299
70,-0.14981300376880757,0.617070290721611,1.605946239317496,-0.13246880094514413,-0.35013984973734436,0.0,0.5556797067948014,1.667709609083293
70,0.7909270587566405,-0.9817533748435472,0.8435709280537993,1.0985019590187224,1.4722768207212775,1.0,4.686844188259219,2.5000658955687047
70,2.2421208911612704,1.3108946131801344,1.4484406774368501,0.5021463095380445,0.5240786450167095,0.0,5.683744557602363,7.075075348493752
70,-0.27101835834037136,0.2130870967212154,-0.14487223332501387,0.5711780342739694,0.07793178832295095,0.0,-1.6230671224464686,2.154927007802618
70,1.235614154321294,0.738344104023321,0.993059451882609,1.1042144799868823,1.1394885701432282,1.0,10.027552886509142,5.0637983212532625
70,-0.9752228290830438,-1.0808689451226865,-0.5384179966524054,-0.6696482856100818,-0.1097924262326887,0.0,-1.9420501437325581,1.2256338017561945
70,2.3244601210736935,1.7644373141735228,1.0031669112102657,1.3795409968150567,-0.28793763298974473,1.0,16.957212630729256,8.730832765067944
70,1.0307634433360926,1.1389445849427278,1.3409392129513398,1.0296863931508986,1.4987614449757158,0.0,4.44825201569339,5.421368379582525
70,2.858671967368589,1.536664159016284,1.1958519027913472,2.4624450924461616,-0.04319000426752129,1.0,23.44445302475714,9.764261127949439
70,0.3946304464481951,0.9323639746017451,1.163305560302727,0.23375712893036504,1.0807314652427666,0.0,2.944327056268202,3.666640304540288
70,1.1610320321640697,-1.7416604401064846,-0.4024193600940127,0.8240565849714327,1.1226890410100276,0.0,2.235669653697969,0.37984152495730505
70,-0.05689073629347341,-1.3240714484726288,-0.2692367814106814,0.41749575569142017,-0.6796704540106957,1.0,-0.7545140865623461,1.0831147573981874
70,0.6419309775471558,1.8109119351777767,1.159275459712096,1.328720065751376,1.088977217450908,1.0,11.98353024137398,5.5773919819383115
70,1.2280302512697843,-0.16692126911243454,0.4278083316109367,-0.15494632125447372,1.1680491619023468,0.0,1.2082131387179116,2.955902917594264
70,1.0883289617118952,0.820161433961593,-0.34748911998926946,1.1983550237329443,-0.6214629272494225,1.0,6.863410480718799,3.901782853991866
70,0.18172550835461365,0.5383614858573577,0.3741190921497918,0.04445654815571498,0.9014655733661558,0.0,1.082711851371494,3.0487280318182615
70,0.3244829128227854,-0.7752004040358889,-1.3689621551373012,-0.5214771582138091,1.357357654273848,0.0,2.6182334529020785,0.4570277456784658
70,-0.6343522199637734,-0.6160728379845308,-0.5803573171333922,0.30607570925959077,0.6409394519093808,1.0,2.469159291113648,1.7851903436578287
70,-1.1055592926845874,0.6396501112547502,-1.067982518777536,-0.7455408439153763,-0.8870790743812982,0.0,-4.48305481884128,-0.8085339475505422
70,1.0506086037454785,0.519322620286433,0.2112715634660649,0.7950186876717403,0.995639837698222,1.0,7.923942024541598,4.309300523553237
70,1.0825690505084156,0.4651315128173835,0.8746199904121317,1.5162472178525963,0.6121736978462164,1.0,11.479246383096308,4.4201962006745825
70,-0.24532550471893477,0.5436255258162153,-1.000205451505356,-0.012974534550688421,-0.6161593187937437,0.0,-0.6298726803466425,0.7412445646104336
70,0.051775553212031034,-0.4776774803153617,0.4501482058834063,0.35896653093728287,1.2457067640318973,1.0,7.350109748872807,2.6901103990868966
70,-0.471915312898603,1.3675547052872752,0.3436536316797921,1.01093880266742,-0.12766408737568657,0.0,2.668658069443127,2.357443799842482
70,0.07128726550552156,-0.5448516747984999,0.6643750067996796,2.41022649001759,-0.4922589440590861,1.0,9.074957786544406,2.80285037490425
70,1.5635891540798328,1.0249871755003515,0.14007941346949554,0.4834286784119032,-0.3211879923512252,0.0,2.482793059413729,5.038311956725823
70,-0.07190579500979666,-0.2265180348687199,-0.2602042576364838,1.02901038847264,0.6930797916993803,0.0,3.205379744197608,2.564356453019299
70,2.3546294264734358,2.130192090811012,1.3111195555093653,2.108664846310803,2.2238807485939764,1.0,24.592847983734853,11.336824488391688
70,0.2750880641237606,-0.05359757962651479,-0.1525655523504008,1.1805722696376937,-0.27467131601003114,1.0,4.449520061440168,2.4610533213977623
70,0.08714139842681073,0.19497299602925522,0.2427260596476239,0.3419265905847383,-0.574971954153408,1.0,1.6222016717049148,2.1335741397146752
70,0.6164404434247982,0.757489475505367,0.8326464248109562,-0.8667678565787997,-0.36306702319900197,1.0,6.585748756914914,2.6282383993468
70,-0.12263562848321519,-0.7049097106277693,-0.09773580251798863,0.6573569097987386,-0.5499095164420575,0.0,-1.6651173081627237,1.6727578284178617
70,0.7385200224551358,0.01596971618652243,0.8927850354578214,2.4566376859840084,0.2757284750266005,0.0,7.085006868847488,3.82885983872176
70,-0.13215037786512984,0.974120764687095,0.6299177248036543,-0.09332697570037918,0.20310333546938386,0.0,0.3694889015191801,2.470177786135523
70,1.6288573010892755,1.0115410310101522,1.4497625866232458,2.241193822357102,0.7093498177519413,1.0,17.57625855975213,6.2887467224405444
70,-0.22737519221549374,-0.7412141490216357,-0.9088826499749318,0.3694613640199914,-0.7948740331586455,0.0,-0.9562529116046914,0.631718897638
70,0.49786932488963076,0.4766633503787637,-0.5647767161591655,0.4692391227179163,-0.45737340121648795,0.0,1.9179094707484008,2.2928350298264686
70,0.16568877840114588,-0.6440051024666129,0.25225412037999306,0.11022372138531455,-0.8601471023663347,0.0,-0.37864853311271224,1.3736550712818225
70,-0.5121166223712645,1.140390381595315,-0.9620740928788178,0.03263624593507031,0.27422800022072735,1.0,-0.8126973869747679,0.9743387601344357
70,-0.23683848273713293,1.6160504137709395,-0.20284323204963706,1.5821479932998164,1.5692333732903794,0.0,5.314057401030557,3.760629858945661
70,1.4104139595309966,2.2475107913834824,0.24218355726919616,1.7979133268614458,1.153939088794846,1.0,17.710162696496862,8.566717578619349
70,1.3200663419683978,0.032786365144326035,1.555401197998132,1.8937496608187656,3.307851693913756,1.0,13.247581932461285,5.113602327694949
70,-0.03346802077059463,-0.13160092783014177,0.10070471903289863,1.0410509546875848,1.539108338165224,1.0,5.42472633912147,3.2572355179296433
70,1.4333795907769962,0.051485409903450075,2.1454039364502395,2.1241778275555085,2.076424658114233,0.0,10.154945347812474,4.4457283893104655
70,1.2948997685146915,3.2028613942135777,2.4344168295866098,2.1151084646558918,2.199190648928365,1.0,29.287974301414042,10.01042328840178
70,1.0453759090288717,1.2165271946964298,0.005410364266630441,1.025063023769695,1.2063786809317798,0.0,2.686368031195606,5.5210911723757805
71,0.7683271511862158,-0.3406970284420481,-0.48639196979978605,0.44769567567509405,-0.694305546401194,1.0,2.392431222852984,1.469572508125914
71,1.636688789509998,0.9480878572071563,0.5960369834483055,0.41050502668375843,1.2812031383864761,0.0,4.091544660045001,5.8155524803537135
71,-0.712228918324755,0.4483190672500609,-0.7960598114364399,1.0890110137961142,0.8446497861953114,0.0,-0.19145909304844777,1.8170675764983852
71,1.953179088494828,0.9975211648837092,1.1891352468829606,1.2192011414282526,0.8688619481182835,1.0,15.9336758472433,6.434749317641309
71,0.7661245197823674,0.700210894105507,0.24061350229166212,1.0676436709213402,-0.525356854065246,1.0,6.916235720452599,3.6322585624673636
71,0.8787371434283657,0.9036918810357712,1.2147620992556,1.4653092594617254,0.05941955595181109,1.0,9.873432340484424,4.403627510635252
71,1.4253951257384776,0.7791874386010604,2.2810281582305034,2.166132084075584,0.2095920859501904,0.0,10.615338757592358,4.889307857690795
71,-0.7310844367068272,-0.2835536962827466,-0.5905713193579933,0.600734639175094,0.9190975295925914,0.0,0.06724125414768076,1.9952357362161734
71,2.2671917582755476,0.3095344826605909,0.7611560754421001,1.0724888886853055,2.5968701495463034,0.0,6.9663068219664055,5.929433786673798
71,0.2434610405837962,-0.1355967829247562,-0.14685352608567437,1.773589133258657,-0.13375558412008193,0.0,4.177255962192544,2.756645992270941
71,-0.39156651645872875,-0.6992869919418836,-0.165464928898457,-0.7732323877557172,0.4559877755392443,0.0,-0.9146959465038289,1.473377729764056
71,-1.148727032403074,-0.20668579872102388,-0.3598475536951834,1.1987981680947002,0.4621591541674423,0.0,0.16099368581774598,2.1462245486339
71,0.906361920723598,1.3611984554555543,0.3377153964541205,0.1176749469191743,1.1988915280812054,1.0,9.489572884339967,5.1381736607362285
71,0.7525512217683272,0.5932215540591803,1.2341692556825243,0.8566006502449675,0.8739405745594513,0.0,4.452373731643497,3.9319765901875554
71,0.9880824983452728,-0.4226005403990394,0.22875322852035773,-0.050054341629778176,0.11792228541090721,0.0,0.5889944832006118,1.9874372414179247
71,0.5493022628113288,1.5143908983906773,1.3237496789588283,-0.168907758888464,0.6254545734735164,0.0,4.1129283675852735,3.998394519493255
71,-0.4752067127731181,1.7210861402431616,0.14276048186499135,0.49661867109193375,0.27557484966255075,0.0,2.210636270550501,2.2523720455555987
71,0.078030873774801,-1.6668887496073816,0.9376072679655467,0.5176766975306222,1.027797659365546,0.0,-1.241522184675562,1.9087616939046343
71,-0.497560058200365,1.486221808965206,-0.772228052565407,0.1401179845659229,-0.09509519962366597,0.0,-0.9961896967143621,1.1076014948615058
71,0.8778112946274632,1.4612241826339045,1.5373497053481702,1.4455245390806297,0.7183940543013313,1.0,14.50739446061466,5.336271365298601
71,0.7689404827122344,0.8775694265912122,0.35948914564128626,-0.6913924581538138,-0.528320499263937,1.0,6.768232181037752,3.0040183696361624
71,0.43090109999143467,2.1707021401314694,3.426589190005964,1.0766639949772308,2.4144221892538873,1.0,18.266880375305508,5.735334620652359
71,0.28390064464281073,1.004823364735684,0.8615763757226065,0.6825889565939434,0.10829112042492067,0.0,3.66510211502277,3.407102245461247
71,-0.26322691677833265,-0.4569965525019266,-0.09499251520006602,0.8079168493066624,-0.28934168912775704,1.0,0.8737596653347448,1.9674649840569896
71,1.9655479246359195,0.5807602770592537,1.8581048529226143,2.125661547744947,2.684129626744028,1.0,14.544098160682132,6.465242167696582
71,0.2674133095742272,0.4168751075216585,1.4333843347002686,0.4600548880439152,1.6909057403625174,0.0,3.741656258254573,3.3827746056468806
71,0.2863624015403978,1.2423098964206047,-0.048605995660633505,1.5136761162860937,1.2036428801588368,1.0,8.926592779291324,4.453262455910685
71,1.170307157769722,0.4118902506557475,1.6983106259034564,1.6999419991654652,1.0804311589441002,1.0,12.253810358890073,4.385309686388135
71,1.458706850270421,0.5946360959346284,1.4808304320682293,0.033276224432896684,1.7568190961944439,1.0,8.84155485704285,4.6193786779137715
71,0.6433048428749607,1.2754967935222838,0.09156495712037416,1.2080249829468928,0.6710004471525743,1.0,7.873454876726283,4.7610401335576995
71,0.2669246855128218,0.8533138257627515,0.9089809408321528,0.5631463241100804,0.4671699672152271,0.0,2.6327950419404376,3.3720883779937196
71,1.2875789856411004,0.9557368637495147,0.6474038508019516,1.2812051789387802,-1.1717146163443748,0.0,3.1605099608315044,4.528344101148766
71,0.4058436740759369,1.1919299166274149,0.34234962318523454,2.2817699891163734,-1.9402357792827485,1.0,9.490436373659328,3.5665344233664884
71,-0.19719522505392317,-0.43923702066401304,0.4021226888796988,-0.5604994053278474,-1.0602167634090038,1.0,-0.25583117272968203,1.0793348859319312
71,1.690371740574616,1.9764910187672475,0.6656553102736138,0.0029926768406886572,0.8478569914461389,0.0,4.7649362284685965,7.719200683579663
71,0.6612797646990684,1.4165183771790162,-0.41486143406420073,1.422849066958848,1.5605792647169257,1.0,9.67033876229696,5.175069638996783
71,0.2252544379019215,0.9374074116440047,2.023654552758611,-0.09429587411953566,1.2136864926721382,1.0,6.66815373049774,2.9264712548442833
71,0.9519494476271066,2.09158623127737,0.12356814733985572,1.1572994995586212,1.5384552597620889,1.0,11.180818543005055,6.914888816225789
71,0.31922431386327155,0.882091047096216,1.5415190152890954,1.7082610173756683,1.802173207412918,0.0,7.509408291985347,4.437492338916413
71,-0.9546254846711819,1.4330129165870282,-0.4902807050733995,0.6650968341272131,0.441771430280741,1.0,1.0322383120540675,1.0616975623637606
71,1.6327317709838112,2.03786757627992,1.3150112993541037,1.2855588519737424,1.988245353970697,1.0,17.635403740683923,8.710003536202663
71,1.5808467227781504,1.9991848173059867,1.4775391992767424,2.1853715443977997,0.8062174511046547,1.0,20.26932452407314,8.278106645858454
71,-0.8957387695080232,1.2200881587493022,0.9038379147078595,-0.15286196402724084,0.9913710314712328,1.0,1.7044648233751878,1.5590669754465054
71,0.4457849199347726,-0.607772452225172,1.4883259572956145,-1.39846326330013,0.43827363314774553,1.0,2.56260876878517,0.9945155196206894
71,2.5940499949320004,0.560599059608065,0.8273615800911286,0.426157626461466,1.5930539712499976,0.0,4.514185408589924,6.131653485548478
71,-0.854570370302592,-0.45698654857844456,0.9448244407246318,2.031789249020532,0.09416623158124365,0.0,2.54305248685343,2.85602382550994
71,0.1984710201092022,2.0145664203564992,1.4395452633680708,1.7108887587106334,0.5956143368223479,1.0,13.327058125066669,4.510250499876978
71,-0.4511760691541712,-0.31916071632182796,-0.8106851882925301,-0.36107341920514535,-0.356074750572024,0.0,-1.2294307163625526,0.6839146036900446
71,0.284702673227848,1.0639798481092844,0.9103668376979724,1.5498386927487684,-0.517950956258993,0.0,4.8635802904871825,3.561842543244761
71,0.29497529477063383,-0.26776372035620066,0.297631410246224,0.9896115069473237,0.10555743030497061,0.0,0.8757791730540543,2.587056053398714
72,-1.0408212014457798,-0.7442990256347564,-0.27577271491327104,0.703414813449454,0.003140781982855889,0.0,-0.30762537187693173,2.059728614770205
72,0.4444066655489792,-0.16698857093011799,-0.9349755737485685,-0.37932317703214424,2.3390742864372083,0.0,0.2673484029383577,2.1707240606821325
72,2.2015817922048893,-0.28474499136628506,0.4717432032569786,-0.026167533771630835,0.42216885166094487,0.0,0.5302416095420253,2.6561787336967373
72,-0.08680263657218812,-0.4596608778080986,-1.5059900557995736,0.5069801760057223,1.2524335203419135,0.0,0.9563927925732401,0.9581407569275873
72,0.8012688666224004,0.8972766654794047,-1.4996959946409043,0.7981015772987419,-1.0852322665083647,0.0,-0.5898111346329886,1.745859723136939
72,-0.9440949154988525,-1.8171418497565779,-1.3573365391939212,-0.8184044840334281,-0.07644332463751569,1.0,1.154764380591641,0.42068624921790976
72,-0.5454887667609825,0.6399529695783509,1.1187823357833018,1.1691850191178097,0.5294364291865749,1.0,4.723968113206627,2.5436249804034627
72,-0.9672088553917744,0.450811684836097,-0.4801231598981074,-1.0433018030845942,-0.8143611345877171,0.0,-1.2218056881187238,0.02381735562548437
72,1.3463843900373256,1.7731697043062835,-1.0041291661204441,-0.1980031412144987,-0.6677766183601759,1.0,6.663452098462662,4.549013731275154
72,1.2975845165988558,1.3413183930185832,1.0643309587005207,-0.2014475558714014,-0.33519426186937384,1.0,8.682803063055715,4.808859377074944
72,-0.2601266893918146,0.6012160175703721,2.682506715295519,-0.16958101855612695,2.1522055607439974,1.0,6.736407106047612,2.4502600414679856
72,0.8648542017353343,0.8582722083209606,1.1985107994459399,1.498494550264128,0.6825877221968464,1.0,11.38559634583998,4.657385411863888
72,-1.8137144013285775,0.5063797409537661,2.0788159632068335,0.375846549776874,0.7916808747338737,1.0,1.5465030141374818,0.5646281956707013
72,-0.3183977531070319,1.6559471260734355,0.18772760948773082,0.286675116354508,0.5876863752170416,1.0,2.367935778081363,2.6550002533007024
72,0.2883565984881402,1.236080466835472,-0.21310262500942234,-0.2722162337744023,-0.2127743753080753,0.0,-0.09872712363136305,2.7469833099563647
72,-0.015642598575625333,-1.1760410885777532,-0.7008603059327516,0.17046791815174972,0.44574602989198675,0.0,0.18447377735219306,1.144518996150516
72,0.6395448113946365,-0.7279621596335275,0.540843341010636,-0.9924057197935927,-0.016325324869370217,1.0,5.484184672948398,1.113557836406043
72,3.0193704780554187,2.508862081477204,0.4978150010198976,2.6426275649015625,0.7270612610913549,1.0,27.603624521280643,14.151680306081868
72,0.6176021988222471,1.2270209776350316,0.48355151941411795,1.0963472920487551,1.5549476071500465,1.0,9.757302526123173,5.132894965887218
72,0.6168791730259784,1.2372002741407893,-0.25557549651818234,-1.4516836093659458,1.3661716808919055,0.0,2.578335492353,3.487217062165729
72,0.9717716023268379,1.108368205892033,0.040874748884655476,1.3150656281702848,1.3633966210097084,0.0,5.365432065244011,5.4759838943027965
72,1.0622811141059678,0.4188026750570427,1.8543644283038547,-0.36744841220409274,-0.4521045882481822,1.0,4.091335521939933,2.4230507552981253
72,0.07660352354104816,1.0682431505383119,1.2012222006368896,1.699897833104336,0.8617218951857758,1.0,11.399236208166306,3.8968938361884726
72,0.35154180446959665,2.657160832260335,0.03390548673540045,1.3518938909836604,0.13022735676128677,1.0,8.013168031767176,5.1958930633905
72,-0.05066736449266174,0.03447946643082178,0.944584836062689,1.3705364106491884,0.25428389755404107,1.0,5.82037293997227,2.860940957036003
72,0.5791732863381531,0.2929331134827997,-0.20559219850005606,0.17172904300340064,0.8562391228787152,0.0,1.7713514968651634,2.995840478296522
72,1.768545796956783,-0.3538510076134058,1.6491277358646843,-0.43615695699951984,0.2815371503535043,1.0,2.384040867488821,1.7505483178118388
72,0.6624530708495153,0.7265841292494416,1.1187090768116943,0.0002372580595131346,1.5831461643748532,1.0,8.184197322137845,3.963736780782339
72,-0.3420603712575788,0.9791181891850482,-0.46131418800070734,0.050265431400432936,0.2613556909242727,0.0,-0.046511755671340915,1.8042331374648142
72,-1.3809721728455304,-0.17278631645807085,0.430829972030042,1.2036645349948787,1.220155868017533,1.0,1.7615026792007416,2.797678483282821
72,1.0373151439675925,1.3136759253849295,1.0911975547248245,-0.884702682659239,-0.5511597617320918,0.0,3.311191389319706,3.8272822727552502
72,1.127335784475537,-1.0033720140149491,0.28836690030110035,-0.609599644677993,-1.3831445653494416,0.0,1.2189611151935824,0.03736563979969065
72,-0.9217061790706185,-0.08226735254536288,-0.29358350329192606,0.6977510321561387,0.30488908399776893,1.0,1.6420608623659974,1.8855808821298896
72,2.281412320994731,-0.046721458762323365,1.4549300105106673,1.6715729366509757,-0.025932795750866156,1.0,8.745048315984155,3.6766468344518013
72,-1.0758358101094971,1.4115039349231142,-0.08582330822558537,-0.6437892717770262,-0.4856860249034305,0.0,-1.287451131039575,0.03795772050804569
72,1.3330613641455775,0.7682713632865487,1.2195369963611258,1.3191682228014492,0.7488580786064093,1.0,10.798184366375972,5.0626814000629805
72,1.104720822628199,1.634957064034707,-0.4559898599146618,0.7090427970218699,0.42813247667196064,0.0,2.729187232327409,5.414428345016188
72,-0.5358785931238939,-0.09066168828149235,0.5002204065891658,0.9408428618974414,0.39232025149160926,1.0,3.1974050717373714,2.5294821492803736
72,1.7510410210749325,1.0674920499248286,1.8118335950130777,1.1323921105369794,1.1239175021877037,1.0,13.607456096605073,6.073850472076748
72,1.8875101304137527,0.12031079037671766,1.6812518899170343,0.34408974874458825,-1.3638004130324266,0.0,4.068158923443019,2.4515378096707794
72,2.237674655249547,2.5383379738834706,1.2913223138499603,1.1792428401699955,2.3045188235826846,0.0,10.639724780772191,11.731372961623425
72,0.25051814976595105,-1.0481381419491353,-0.18614984903613419,0.050784947444364514,0.27798568338203633,0.0,0.573037264191488,1.3926468569199948
72,0.6909088486147844,1.5564212004875788,-0.27262004662581074,0.9264648599332403,0.11636252324920643,1.0,6.7264393932866415,4.547182612812454
72,-1.7077052142478015,-1.038050727012,-0.14066147901974635,-0.8285423446961178,-1.2428861433138714,0.0,-3.5765125056625546,1.2838851597673053
72,-1.190994272025591,0.05798439957121532,2.5992511275479324,0.7997798327813471,1.2074746326193528,1.0,3.19516136851274,1.8111863041381557
72,-2.392927059669571,0.2511343926929844,0.12043334498856134,-1.0842153851789282,1.2123815823732766,0.0,-1.9931597457419075,0.4452138196661142
72,0.09853953557203576,0.8364426246279104,-0.8208060111840674,-0.2804459510738345,1.4571521392771525,1.0,1.9074358719354516,2.409495510404699
72,0.7399754725391924,0.8382058206204198,-0.39198318509688657,1.9283180208400648,0.6323407166539651,1.0,11.216577375584912,4.41783342848598
72,0.7465578385171636,0.3679120249479121,-0.8208192115343793,-0.22599042151563065,0.2487350778922593,1.0,2.882222754320235,2.114487275598947
72,-0.8118356057054525,1.9629462182088095,0.8837640132235565,0.42589523975617594,-0.43593540819862897,1.0,3.0717381519715046,1.053073162823999
73,-0.8476247377176749,0.8162829922600999,-0.8337475157105996,-0.5519612723353096,0.6475040455755525,1.0,-0.3620345401959517,0.595430717026171
73,0.9575222704092544,0.7118732500896751,0.7762969052426956,0.7346145907016476,2.467177919418023,1.0,10.488184990593341,5.2188899266490685
73,0.4869884536158218,2.6152247879540678,0.7762677860542683,0.5273189704912701,1.4514982172145126,0.0,4.869955319096576,5.91576675288201
73,-1.040400696844114,0.22127257516525933,0.15633962281729546,1.5533023502789143,-0.40644714985314356,0.0,0.21954198551116888,1.9996250425829039
73,-0.24695230672546864,0.10352001227922919,0.1086048763494889,0.3215167842520972,1.5535461183832833,0.0,-0.4675928692708551,2.8886615213525273
73,0.3752126690844484,0.8675059631355879,1.5250736510983003,0.12407689840251895,-0.07345182375281067,1.0,6.923586498797522,2.7804146531976546
73,0.5045517597933855,0.8378386536791236,1.0938278482080257,-0.8124664404173818,1.1560826536262403,1.0,8.276095256487906,3.2717383182379054
73,1.6376041970393258,0.13352311763523744,3.3584702428970203,2.0915925728887332,0.9230967546119825,1.0,14.048373312435052,4.314227366872526
73,-0.7195573864466231,-0.9953297035773214,-0.5710606200710977,-0.9211605367132387,-0.33360070811041087,1.0,-0.8508274277221126,0.7871705198536778
73,0.5768101201418896,0.8022218760723853,-0.6705903151533956,-1.3858003551982783,0.4465184999895112,0.0,2.973146891999839,2.130764561537826
73,0.8200378402250474,1.7154750067028495,0.37523222908032516,0.5213805730985271,-0.0016805071892026513,0.0,3.845982473159129,5.052399528104629
73,1.9666927867821096,1.3908771487697122,-0.3036018805514431,0.3740941260822821,0.8501048214420038,1.0,10.244199087896266,6.82877742294698
73,-1.5310202436646505,0.7369566688390194,-1.7082836318736847,-0.2240483022644323,-1.4714312871611015,0.0,-3.895445099667707,-2.3642635428044816
73,1.8285024329637172,0.708091743311382,0.3743526788932416,1.8323706760334473,0.5278209992551506,0.0,5.472016957597096,5.861061263516718
73,0.6997288460205793,1.7461483828104638,0.5556249950071268,2.155460545677461,2.028749345334884,1.0,16.968772995885196,6.664257387676008
73,0.7279504615220255,1.0450521667775834,1.1585977731066723,2.065776139474132,1.7516218648119526,1.0,15.83387791795604,5.535870112327842
73,-0.041982243731488844,-0.3529028953518746,0.14608506367481694,-0.846600240868371,0.6650106177956386,0.0,-0.9409029149659378,1.788969346038114
73,0.9995086325758786,0.7810387432242538,-0.5798337431197245,2.071593768991642,0.8132225930513064,1.0,11.04189002415457,4.659973714694871
73,0.5948660590534449,0.9217942541974351,1.3786067809502776,0.7631486760136615,-0.30366841201366124,0.0,3.5678647529106122,3.41672637819894
73,-0.1732195714553395,-0.7324370752595031,-1.263645775594602,1.1606361722824152,2.3690522007804042,1.0,6.976001120587774,2.10940918759973
73,0.9911045518169047,0.5794287046970696,1.138813233171291,1.2121261967573895,1.107143767263427,0.0,7.323243712381808,4.5072551992563055
73,-0.9746505831837458,0.7920674957524428,-0.40662115439874047,-0.5021438157108804,0.684897567729444,1.0,1.427413538550765,0.9432481328719097
73,-0.5175675094792549,0.09841815834635775,-0.7346944686371257,0.6923257322681625,0.19027990086713897,0.0,1.0636638419478996,1.5554784697617758
73,0.45725855395851395,1.3755199659188353,-0.16229601241671388,0.8291096648669158,2.0927565488522144,1.0,10.243317609270768,4.912001516094847
73,1.0983017711174137,0.36078049122472955,-0.9791682767294736,-0.4187995279527794,0.911210944148545,1.0,5.035522519592174,2.440121651412727
73,-0.3893035656258941,1.196022200117312,0.8795059379907861,0.4719265145296359,0.24118065325584298,0.0,2.657223094003132,2.3715820222791963
73,-0.18181651156014578,0.08174216066585699,0.522036679571643,-0.9033652546693058,-0.3455036676941915,0.0,1.1721264593198835,1.438490023524265
73,0.32949370008551965,1.6226444681364893,0.17771662769537816,0.10665704536835452,1.7176102266307631,1.0,8.809767949094834,4.495962082514772
73,-0.24473908076760065,2.792295117451563,0.31724070748479893,1.779255458606496,0.08556716292820754,0.0,5.246698869201873,3.6315257271197616
73,-0.2310666280022543,0.895638124198836,1.2297677323398537,1.5267496925832846,0.9615369782401739,1.0,10.268603945906975,3.318817496186558
73,0.3620448688990605,-2.557702837996324,-0.006350624513929648,-0.5985600521413545,-1.4650199915418922,1.0,-2.6104691794783994,-1.0588176724604397
73,1.0928759906684804,0.886609477501888,-0.6837470732021091,-0.16502491010674392,0.35615717708724515,0.0,1.01006541789155,3.487600674038964
73,0.8988967625665562,2.5327318784671045,0.7825845235065647,1.2522548483493625,-0.5659479592430812,0.0,7.526568411257287,6.436018036306476
73,0.641777616431431,-0.47437115410228703,0.03954271178453256,0.7782844980557158,1.6711966161735377,0.0,2.2141540483946893,3.0229926444268607
73,2.1876060088238996,0.6869482349028767,1.4517905376683204,0.09245400725158537,1.0484974317641889,1.0,8.8744062071001,5.3551452837754
73,-0.48870560319689327,1.0621154882630046,0.9627055531153441,2.177031577632653,1.5104340040636282,0.0,8.61304146598094,3.6640302429723497
73,-0.3464237415787562,0.2853349257010699,1.513572055887758,1.5197005253226918,0.3770889005547781,0.0,4.548956908892632,2.6329825851361255
73,-0.047745361738101066,-1.869283938806693,-0.36931366412155164,-0.5310727938809114,-0.2798529021204552,0.0,-1.0617021269405422,0.4731906231577754
73,2.77887108412284,0.7697594694967174,-0.22875034929140214,1.1922127067200283,0.3871224451993316,0.0,3.165747121943647,6.562620536591263
73,0.05906085746761924,1.7524334083361433,2.178000783329759,-0.25149531975411843,-0.016617696056385522,1.0,6.270295779035287,2.3936173734840054
73,0.35733901441723237,-0.4872413443330681,1.6131813034007894,-1.0998067001345915,0.3535466966157542,0.0,1.2462778869558337,1.1520268561412
73,1.5441727932371503,3.098191828011658,1.0443635979467387,2.9214325758643844,0.9331569638643264,1.0,28.466131248107217,11.057254672908343
73,-0.7236125751277427,-0.5149216963820462,-0.3527454696583896,-1.028175730898068,-0.8991532104621633,0.0,0.48751182703175755,0.5517272316403354
73,0.46644734571355523,0.11123984979076623,0.38399734653301454,-0.36394907646334806,1.734286088213471,0.0,1.5322285256761106,3.1450728319851478
73,0.20646074590057595,-0.30140111213368326,0.7853064578326541,1.5223599800443153,0.7126665652608802,1.0,5.551298241403823,3.1076404438658307
73,-0.7385224918568492,0.9081877474299198,1.2428848922388103,0.2421091222512513,1.3707952913716879,0.0,1.730957277568136,2.164076654141096
73,-0.003879740277886068,1.015488658080812,1.3623551139902839,1.306753343246596,2.064805143125982,0.0,6.125300660092387,4.075756531971622
73,-0.17393810712567936,0.46681474559839553,-0.31045239477960196,-0.6985422822332397,-1.4076442416762718,0.0,-3.6149141819744486,0.8091174521670961
73,0.3367918891904978,0.9375474451633836,-0.05347532480579942,-1.5528046830797608,0.4221243658579875,0.0,3.0431746418892343,2.3594207569352452
73,-0.06629233234674425,1.1312360016553082,-0.46877956923460107,1.8356943399084962,1.1488032881862151,0.0,4.057180719862201,3.607458931540357
74,-0.5142229104305986,-0.7720946829010009,1.3506991292364505,0.8774574792339739,1.2986508432551882,0.0,-0.15123481881353595,2.7355981810655905
74,1.8544905970849959,0.3910094355683732,0.38120530159371224,0.05369742974085773,-1.0480188456135198,0.0,2.1217125560569827,3.4695321709125126
74,0.3428031089576672,-0.9399128239572818,-1.411024082134724,0.577667869357914,0.39712573502760995,0.0,0.9178322149032304,0.32021822162251734
74,1.1546030050947218,-1.1208020180274691,0.05758588392920788,-1.1746957291189108,-0.9510852190586729,1.0,2.1855944931953752,-0.31293602558820177
74,-2.5895603601840773,-0.10363630020236958,0.19828384719182374,-0.5779656416035355,0.9480978672580493,1.0,0.03669112057605821,1.1863882424778507
74,1.2215942747167081,-1.3175799727927895,0.22157708713929308,0.26773353548777856,0.8664925770802896,1.0,3.2079715839986407,0.9959126682841802
74,0.8851155728142805,2.195095230298996,0.4211730774828524,0.7954175496134245,2.6337960330915147,1.0,14.060477494592737,7.3208216813589635
74,0.4418808094806034,-0.20919556934540195,2.0085611344438394,0.05023813076053396,1.8757006186711747,0.0,1.0412251084347084,2.567236945744994
74,2.3497637747194164,0.7303571741962818,0.5235220375949787,1.1372880654519646,0.46119354742291074,1.0,12.061292466296887,6.183292900461808
74,1.2192005593747468,0.6359308857307983,0.19938637848743979,0.6544041063116061,0.7369538341917281,1.0,8.330125646941168,4.4784534747507845
74,1.6455617532818256,0.32476915519017246,0.6819636932610129,-0.5821459307720995,-0.009498276694236862,0.0,2.6745423441427945,3.341089361285395
74,1.3535888485245295,0.37480661842569685,0.7682397729364524,1.0204042211970266,1.86476342852585,0.0,3.3511825864072287,4.917370416737404
74,0.6629483324919194,0.8139050229327693,-0.41244325146649086,1.204763149044618,1.1539859844643543,0.0,3.369593759938737,4.167300780089259
74,0.39270835930611353,-0.6610088954317594,0.8017283037364763,-0.20614180285073636,1.345562594174585,0.0,1.8273184806602936,2.2723064208647044
74,1.2322911297228445,0.6568610491572519,0.5377869035294819,-0.7440670096193087,-0.29545469185959417,0.0,3.1849263593043884,3.361997147345555
74,0.1007196189184576,1.4088712677847952,-0.42823720584889413,-0.20511857190061733,-0.2981868465049813,1.0,2.0591313625312964,2.3406243028480533
74,0.6066894151159129,1.1176825876328347,0.5664054031787424,-0.6754155173765122,0.18687028203353745,0.0,2.8699418864792365,3.4230375721518858
74,-0.0027054594323711045,0.7441773343863789,1.3624998972739073,0.7994941409240108,0.9374735543031663,0.0,3.1870384903005298,3.1252498457058664
74,-0.08153953613395071,-0.39118782537820784,-0.6151396272141814,0.4734362139854734,-0.4791282530152948,1.0,1.5952898112596858,1.301810639772618
74,0.6934302563773422,0.33149859379295377,-0.20293677169325053,1.4182698634155064,0.10893911720057753,1.0,7.586828350758775,3.383950590290278
74,4.473472610963476,3.4450324031037614,2.2396500517043285,1.0134580552052093,1.4625622378540566,1.0,35.9320427337127,22.10825867457067
74,2.609928369797874,3.4620083106802997,1.1354399077945239,1.706883179855767,1.4417680661151975,1.0,30.110812766984274,15.635341223949276
74,0.8195817649086876,-0.4674696160388263,-0.905957023371573,0.430564020168174,-0.11216079595659456,1.0,2.631958820827168,1.1160822718284984
74,1.477430746727398,0.06064635259776857,0.7106066837382964,-0.4980943049629266,-0.7849147136659476,0.0,0.871342099813805,2.3304044477246366
74,0.6504017280975529,0.9720459332087281,0.5936796048537194,0.2199280546442593,0.37395861680353837,1.0,5.960223035006348,3.8661151933015923
74,2.0166102047658905,1.4780740189127055,0.8783663585638455,0.24074184518715064,1.312336852189238,1.0,9.387392540861644,7.582173194146355
74,-0.20789532422699875,-0.14637569131842298,1.2871234300070675,-0.05448637213582053,0.5911913157478026,0.0,-0.12523615587216852,2.0450931348620713
74,0.7738753742259279,0.1751156277481048,1.2035867691681275,2.7463968644269086,0.25741202735025503,1.0,14.99659867469467,4.072723425155581
74,1.1247940369607066,-0.04768546888289893,-0.20917777209917654,-0.01836828183024919,0.10360416831293673,0.0,0.33680017675710094,2.401148995829045
74,-0.4593710950588079,1.432781768180551,0.7978858024259039,0.4829930178353364,1.152473206801807,1.0,6.284270331236533,2.7434246039072834
74,1.0124785426848246,2.0665686211399956,0.7122873059424644,1.4501415217766422,-0.3160756469097732,1.0,13.236857476224014,6.311925508453671
74,0.9045689276667392,1.0756240655701375,0.2987496351114155,0.8551221345874715,-0.937966695238899,1.0,7.73550365977913,4.026730391741013
74,0.30356079997321533,0.3649544942827687,0.4546217096471324,1.2854965401398055,-0.4858728414482677,0.0,3.98624191486483,2.970593437791794
74,1.7445935576572076,0.8825470407066114,1.081063670058486,-0.000718451776369089,-0.9167026540287799,0.0,3.7434285690328264,4.405467448464355
74,0.8209934700139193,0.08671181068454725,1.8070663036247838,1.3728078043207785,1.2457861351465178,0.0,6.429349988981225,3.503794724149072
74,0.07432024095264544,0.1576868643204118,0.1920513706828622,0.6481402109026916,1.211753754725095,1.0,4.925263788819817,3.1353102961359185
74,-0.2105140828320885,0.10817825080764815,1.0921339751488,-1.2138632294262872,-0.7697773185310812,1.0,0.9373885565274493,0.9408980277978835
74,-0.37610506766311347,0.09147652107550125,-1.4070744652296,0.3018815420367744,-0.4149452292276702,0.0,-0.865939256844195,0.22620328530395578
74,-0.2974328690028253,-0.6302522764559375,1.1770498303240413,-1.3970253314765038,-0.02937845498044711,0.0,0.055656746726121586,0.9825890993274777
74,0.9481361078656965,1.4997233553036002,1.296482942278125,0.4310807104132131,1.1281713488720078,0.0,5.062560047830484,5.344625154295902
74,1.268472515507516,-0.38258604664186135,0.5233307396415507,0.46527538343752717,0.6495480260380908,0.0,2.622656733001095,2.642879814661692
74,-0.38795079238688257,0.44237646718427726,0.1335788902313167,0.6948135678765576,-0.8790705381018877,0.0,0.2582538786556142,1.8213450945814549
74,0.3335379681246874,-0.7802611942102771,0.7181956303732289,0.6229284386159195,1.0638168712978824,1.0,5.086363879928507,2.4718564021017153
74,-0.6947192952910404,0.38549102104084587,1.9695925654761692,0.38299948256120325,0.22531442240782862,0.0,0.4856908060444133,1.478221724780933
74,-0.893899559197618,1.545029173391736,1.5637882109088637,0.44457169231004,0.016561155491166935,1.0,3.3936436106774592,0.9639324979301986
74,1.4448131248095426,1.1393188392259652,-0.1631410927679714,-0.35827789113470654,0.8669773542832158,1.0,8.173252437510754,5.097669960179301
74,-0.10976128051707512,-0.4088532592640288,0.06369754630531044,0.06796503330227127,0.14344431778893846,1.0,1.8727136720589266,1.9210944332223285
74,1.5750431263813776,1.8202960977289797,1.387100403204908,0.358368257487245,1.1070676369173618,1.0,15.137862816420872,7.173647171070053
74,-1.4083007995905925,-0.16148980122955625,1.7029496337541787,0.8162935106076091,-3.377198404598207,0.0,-3.083477466539769,-0.11821569188775607
74,0.8308455893643361,0.757283333894107,-0.5032885614214073,-0.4937811033904491,0.5803058575608274,0.0,2.0073304125341305,3.090869274906384
75,0.7896595313092545,1.4382349258339517,0.3047510525786533,1.238138954820379,2.1852187434573627,0.0,4.588662293176374,6.067639201667765
75,0.5232413696299484,0.3052095456533308,-0.1070368492709467,-0.5683259697178809,-1.1938003959857253,0.0,-0.05362043085025203,1.6336191343845754
75,0.3448116091870518,-0.3548931316672983,-0.30815337428591905,2.0025341492665274,1.3233105433736125,1.0,7.943259816135872,3.334328901064358
75,1.7849144118926437,0.9617001671942218,-0.5441524780833618,1.2943661715773032,0.8533464480502309,0.0,5.693580969831471,5.747206202965541
75,-0.540039468159845,-0.12946213493864933,1.3074443882139948,-0.01810423919689641,-1.4027891946178566,0.0,-1.2897769907679026,0.9387577196158052
75,1.1413048212737786,-0.8196085833248907,0.11473257116843188,-0.003624686065978322,3.011658374293768,1.0,4.496869503349126,2.7802334563302455
75,-0.4145560083601051,0.06927943608628145,-0.5696145447703405,1.2287878944658983,-1.1121182510222531,0.0,1.7140380880634747,1.41427797332374
75,0.6939360769966461,0.4668316485535934,0.9364802014808282,1.3948782610803556,1.1145561753625741,0.0,3.8128443483663705,4.219919312087321
75,0.2558628847590916,0.13337639655161637,-0.388720652309842,1.3211517459066386,0.02458719616055588,1.0,4.783211866533228,2.6326495510965064
75,0.6834748816544117,0.6588812890774526,-0.042798877587177375,1.0094452675530503,0.6146333751906252,0.0,3.0887792937301777,3.9112310468543776
75,-0.015832679649327885,1.8230088690498658,0.8282360528579408,-0.15286576843985833,0.49010539071128745,0.0,0.8229445096716321,3.1336391982318452
75,0.5886609795492203,0.9684701043487066,-0.10589768482006223,-1.1619789253516837,-1.3667326107250692,0.0,2.4700025191986734,2.0257595700473034
75,-0.8765807611316787,0.1868878654920979,-1.303844213022891,-1.3442041356623176,-0.7048457308107232,0.0,-2.728453860353146,-0.921323056666871
75,0.239857171160754,0.23627040380036046,-0.21823265879675713,-0.6663478678660826,1.6783081219768528,0.0,-0.12789536129304224,2.6678803470516197
75,-0.36913401117995503,0.22161045529274442,1.546893665780656,0.4150879114865802,0.2930922343027209,0.0,1.8684214977028555,1.9958715565590899
75,1.3710037116287614,0.9113940922370398,1.0842745827509912,1.1316679245344348,1.2008526893293368,0.0,5.924099843396316,5.566675251417079
75,1.50092483323903,1.7799889692514383,1.748456775270976,0.7744728219805288,0.8138720596657657,1.0,16.273916328823983,6.803760043989142
75,-0.2419996520497547,1.0196648229187413,-1.0422145595905348,0.1870146814099118,-1.50815549778432,0.0,-3.8017604638526716,0.46470553701883677
75,2.719723276473548,1.4749535209215852,0.5759895393931077,0.849662455638997,0.9690568905853253,1.0,13.917166251098013,9.144812009769517
75,0.630550992540088,-0.46627645702936493,0.5938764611988282,-0.9876865550177478,-0.2017644271905391,1.0,2.5285766695949667,1.3191166538116623
75,0.08232598767387256,1.1758061556048527,2.086926907878242,2.312576166211648,1.360097251998205,1.0,15.183336504882542,4.112147167223634
75,0.4796849970409206,0.38779159287868753,0.1574009838452789,0.3124285674993821,0.9653881229723555,1.0,5.903398561926928,3.325002960401518
75,0.4774386890722079,0.5798148851922564,-1.1147585801325566,0.3246909917502613,0.10794892178720694,1.0,3.140653250805559,1.9047877569154297
75,-1.3437698068588726,-1.717985505347619,-0.4917916546740664,-1.61120326618552,-2.004323199082232,0.0,1.1969632271570845,0.6055285784665783
75,0.6983339044290401,0.7816313199702792,0.028302322427020687,-1.9069275200246927,-0.23063455631198782,0.0,3.7079824687100844,2.2307919027504113
75,-0.7147617626980547,1.0494138972833462,0.578769180954116,0.12585850988936803,0.8285916134492417,0.0,0.6058285585112826,2.0209913268757664
75,0.3720111491823047,1.4872629183714556,1.4233297539084147,-0.8305220153790367,1.0836736794996682,1.0,9.27252493818009,3.4680888063206785
75,2.7377504998235698,1.2591374787347354,1.5231481588562599,1.6090661570406712,-0.2280509573206584,1.0,15.720243814053374,7.94536007065204
75,1.7043041229547418,-0.37613534127396353,1.8537419149564702,1.5983584499582635,1.1301305610915189,1.0,7.717112082398411,3.0349655218267557
75,-0.903448601988726,-0.3847964920517093,-0.13429379968899824,1.5568869572389181,0.21129293312115405,1.0,6.380912498851433,2.5114604829351506
75,0.08234348735218405,0.053325669882069326,0.8916845875190149,0.5222027036411704,1.6891485409713787,0.0,2.3549804698500005,3.2518456050484037
75,0.45420452773021897,-1.1082417437037344,-1.521523831994712,-1.1192064794749086,-1.5991473270656216,0.0,-0.8841268558751016,-1.9010732849633127
75,0.6324917162856063,0.7842424040812526,0.8515764375763402,0.03898686153802716,1.6099462310326245,0.0,2.905966489702971,4.113446629032545
75,1.4805594765850947,0.31024908502188364,0.43236304045691476,1.5045001341413318,2.4505678393828996,1.0,13.48400742990917,5.456440140932178
75,1.393092292566092,1.6076098892807336,0.30126586535066596,0.5034329913644779,1.3822107597058215,0.0,3.45483066186425,6.788316480356695
75,0.4635381358452744,1.083828260180157,-0.13689330388724696,1.318991037211803,1.1649981188759615,1.0,8.291574101265965,4.44027159041935
75,1.6060688242727783,0.3131170355550984,-0.27887749766365466,-0.4236280806908892,-1.7884481532166356,0.0,1.0683498946551058,2.1783686159185187
75,0.7578848026806644,0.6962100847200265,0.14859983598423737,-0.2869740427530687,-2.0470926303838444,0.0,0.08851162194229278,2.1509404143471262
75,-0.25055298017164596,2.235882418166017,0.5294904427099681,0.7617063194564052,-0.30873861881796716,0.0,1.9908781313942099,2.7867513441761504
75,0.1026200659632357,0.30292928590448415,0.7016871257956578,-1.522158683946789,0.09632124599362624,0.0,1.6343146867293066,1.635540366158127
75,-0.04578507811543886,-0.5006223566128567,-0.13626755715646788,0.24783197666690565,1.1681343700416944,0.0,-0.19868778922251473,2.3802966454130514
75,-1.5640238151700756,-0.5091771320823131,-0.267992182653901,0.5253440633548573,-0.04571602487235715,0.0,-1.5055710411721097,1.829887116377388
75,0.3653883745258374,0.46591186333135065,0.9879425947248548,-0.5671619193856332,1.2768648736804729,0.0,3.020439660691121,2.9851204142012757
75,-0.05507820801481411,0.822112641919792,-0.28609331021946216,-0.26169505443281893,0.3868529771869052,0.0,-0.7382840233747439,2.217122718965597
75,1.3059800108527986,-0.025125428418147466,1.9439495472910426,0.5117267288688234,0.09288966467086057,0.0,1.3006205912911246,2.5173434912993033
75,1.4817330641914894,0.1093270637311371,-0.6095101763845261,0.31849604480736005,0.44613957008975635,0.0,1.28669977444549,2.8550148318758426
75,1.0894886586962103,1.1309115214132812,0.15268993225984423,0.12975349098789363,0.12413321690343038,0.0,2.287869538139616,4.533969209425527
75,0.9519905837770017,1.4945382987877218,1.0800996155305898,-0.649356870555037,1.0717340858017765,0.0,3.649857838660356,4.868529749351476
75,-0.2211658888229059,-1.6715797119667308,-0.5573419588894029,0.197133018998848,-0.3606797970659986,1.0,2.3467726190595424,0.9115432749604147
75,1.4246090055559288,0.019216715728432032,0.7964772081875645,-0.3542032472084714,-0.9088612502638975,1.0,3.2686142599651804,2.2152249994852853
76,0.6230803860344328,0.3680501272891153,0.5166814448811035,2.0823838516046784,2.3933791310936745,1.0,13.594102938255894,5.090575608060199
76,0.7270708151308083,0.45271829442351763,1.0595179371846974,0.21892955793440594,1.0836624128538577,0.0,1.0547250926934952,3.5894003232956235
76,-0.28494174582537735,-0.07834966702615609,0.14690895208229593,1.7422823351785692,0.3954329966243559,1.0,6.701954652967334,2.9722198004117364
76,-0.7849648272923515,1.2930641811645165,0.051526013692280326,0.8698916389713535,0.1790855132100742,1.0,2.5076455787533942,1.7879641868516145
76,1.0294704983809573,1.7948877230351392,0.3569411309586852,1.9558846643125547,0.8323383435073023,1.0,13.0362628718498,6.769515143171877
76,0.9698457789621417,0.6843382009781955,-0.15570611755527985,0.41141239327496987,1.3211839976203512,1.0,8.0062925610743,4.267141916214188
76,1.0338088988708347,-0.9159097441396462,-1.1948019385131203,-1.8955750846500643,-0.5807252202558586,0.0,3.304328973521693,-1.3562795546757092
76,0.839552358878241,0.19651997868717813,1.5838687256507757,0.6190250609130569,1.1662824726401306,1.0,7.285021338999673,3.3545410835176566
76,0.47141488686969496,1.1476632266736795,1.220469900191255,0.9135975774186815,0.07199198638748705,0.0,4.023344183655329,3.7967987443628726
76,1.290317963320247,0.989035444910623,0.45050289725097076,0.5883037105357932,2.7619767804011883,1.0,7.962165450074718,6.21646684466447
76,-0.22543765947780425,-0.6351433461705285,0.49964004155068265,2.295000846415416,-1.1869407054121386,1.0,7.22704688736293,2.3944998961522606
76,-0.016572680072173274,-1.141809054859483,-1.248158637934297,-0.5488895243715202,-0.5695941172340799,1.0,-0.14364352624982735,-0.42651991994736527
76,0.8705112526201848,0.2607460197323629,0.6140819294817011,0.49318288827402645,1.6706858136563882,1.0,6.525373789035317,3.998889087361139
76,0.4525686914524599,-0.1387341592169833,-0.3436671485330818,-0.10742974602260258,-0.336676401370016,1.0,2.7715168465492357,1.641769263761858
76,0.41960439751782336,0.1421969171128174,0.537434226593829,1.417204854501518,0.9032655355206006,1.0,8.132356394189014,3.6285444304988776
76,1.3926177628614573,0.779532744498322,0.8972739150810376,-0.775051877730722,1.0297613963174568,1.0,7.760534078260335,4.371401188777069
76,1.0067539591106631,0.2485308618947466,0.2507049829580116,-1.0529677410897356,0.12447677073407004,0.0,1.8834831145332673,2.5076966113524755
76,1.4424929737993324,0.22156431186654718,1.031894908772268,1.0641265624819165,1.424704170105634,1.0,8.895835285982292,4.4251898449176945
76,0.26491934624658103,0.07867959668744545,-0.026374508251298612,-1.383127055310917,0.5776779583562178,0.0,2.225978817328944,1.7763836289998387
76,-0.527704486357081,0.5339213060680739,1.0417970676204782,0.26082397939124247,0.4993396990595022,0.0,-0.007584060727481079,2.1270057562649565
76,-1.2764765361772805,-0.04949797284668045,-0.374596659737925,-0.435852190897866,1.6022675336509868,0.0,-0.1543820491496053,1.726760366599871
76,1.5368085708785508,2.029967492325511,0.9279337744189737,0.8650057253316288,1.0589412550007258,1.0,14.290898241714771,7.928488882362921
76,1.008831080106829,0.006786194938174672,1.01568218398116,0.21792382252809006,0.6503426440712856,0.0,1.323118935504663,2.9836693939801413
76,0.7051559586609857,1.0677168134489332,0.7183678343604794,0.41126277822998764,0.4172876963203522,1.0,8.355395837763448,4.16568336595255
76,-0.09239201133188746,0.16838285984539614,1.2464868190878164,0.3437835335693415,1.1937649825410537,0.0,2.5536006449743187,2.733110225027001
76,2.681510585220411,3.115294844618042,-0.0407857080504479,0.844159888533211,-0.6007259188971144,1.0,18.3323293591833,13.352591325938661
76,-1.2385923373705454,-1.0490699470780918,-0.8585259670851642,-1.5714415491567992,-0.5970809953104517,0.0,0.4578193590134052,0.295568443658476
76,0.3959818471341985,1.2629146204674364,-0.2106159192306888,0.6185846515957887,2.163395082679357,1.0,7.7617259033716435,4.593123740268464
76,0.1925378693086297,1.050169580082406,-2.579962647076912,1.414121978496924,0.9810675052536202,0.0,-0.4191241156225996,0.8847764075042734
76,1.5183864070158473,1.1238840516518676,0.3403983862599353,0.10922845698624367,0.06721536156322205,1.0,7.365806176937161,5.22866833287208
76,0.9604014905857648,0.3570530186721984,-0.040273647953091074,0.19820658913702183,-0.32991025067744895,0.0,0.10075389021767256,2.9148419774831664
76,-1.5033417128851685,0.9826914950395835,0.16940958472506829,-0.5274168512574746,0.4343410322654552,0.0,-1.6438273263534982,0.28620514151754384
76,0.17535264479807494,0.16430228164691651,1.5018110117275185,0.2582285203004393,-0.3291654035977247,0.0,0.3241596241159641,1.9830059786064342
76,0.9820757412403901,1.1237141169111438,1.4983539675536048,0.9566189150733134,0.023517722075763026,1.0,9.785931734522778,4.468091619945769
76,1.156723101719514,0.28278627758309216,-0.5648923947530331,-1.5111763861965017,1.3064818151555206,1.0,6.333389774347299,2.506712835968581
76,1.1112350051507156,-1.3590646467959981,-0.30609879856429123,-0.24824384410046496,0.3741639832321968,0.0,1.6589543006152736,0.22927205478545776
76,-2.2383311711623746,-1.7128654243393813,-2.0443159318020903,-2.9282885161378487,-2.7213550174198287,1.0,4.156186127424928,-1.4446394011488835
76,1.5014538238593063,1.7763541448800553,1.2591717943175667,1.6821670365693528,0.10706761736598508,1.0,17.33755175449293,7.136826261890187
76,0.4707160213158145,1.1839530743793316,1.1688503482853698,-0.1577299830932124,1.0544613317520692,1.0,8.921824075180913,3.8086410456631077
76,1.1237306701852836,-0.8893899880989329,0.8448655815001449,0.6333237916629961,1.7770875443294818,0.0,2.0256325397918347,2.409205810052155
76,-1.5383846050120429,0.7242437006712976,-0.5006110934865406,-1.035508413628534,0.06729778402764075,1.0,-1.8185937273132289,-0.3783572488792053
76,-0.1548884750325541,-0.9259191364280348,0.3511903397449979,1.060127104845432,0.6860572497870208,1.0,3.9853756724920997,2.5906616270556992
76,-1.4320564409268879,0.3851876921091034,-1.316938868110559,1.8624288365165371,-1.2995310622845522,1.0,0.44567465178512033,-0.20092578785948256
76,0.537058857300218,0.10781624623610103,0.9198098417840133,0.8948856977205473,-0.5058905880112368,1.0,5.1125174387805705,2.640715133390761
76,-0.11885572622119744,0.7541446972170072,1.2796879223615887,-0.8364532061910925,-0.5111945929613444,0.0,-0.5228186884612742,1.4810443024312816
76,-0.2112649100559587,1.069269479843106,1.896128839025654,1.5466323457066335,0.22160522981902864,1.0,8.102272427378127,2.7156624980284727
76,-0.9306572428973627,-0.5547413875311711,-0.4889452530128504,0.15437638514604834,1.1669028486859094,0.0,-1.1058033028235783,2.072570524398082
76,-0.10057160084351502,0.10683026815660018,-0.2259352978407383,-2.1084176173622047,0.5048677042749985,1.0,4.708920577026417,1.0522276469399658
76,1.4833760318637776,-0.2516108194809049,0.2771950946338498,0.3343074300715355,-0.001566495249983646,1.0,4.073869815429475,2.5094439701330145
76,0.15965648609401917,1.5141867604330383,0.7776377099618246,0.5311810916713565,1.087584361824677,0.0,3.754522279053988,3.989445845291334
77,0.6452614077063066,0.9777586451546854,1.1613378203743427,0.5641742948992668,1.893244704516245,0.0,3.900490147224562,4.649911010627332
77,1.6286406925331836,-0.06070328426909577,1.605719833987255,-0.4705330281832054,0.0671464692030706,1.0,5.355764030413219,2.2513550941630887
77,2.2161267676866894,1.4427279860528244,-0.24856387489204967,1.1983909661646763,0.33040291431895363,0.0,4.85336378513758,7.636077213505002
77,-0.9542811674283991,0.5081798406562903,-0.14859144156647708,0.28492037340370485,1.8999336844569399,0.0,0.8741400981804316,2.29911478248522
77,-0.9654934209544561,-0.4633497648367976,1.0001258891842557,-0.23950074547242417,-0.1661181234851823,0.0,-0.7046913585230191,1.5703894362596085
77,0.9688631444392543,-0.1672251566687919,1.3468943479916153,-1.2643008727783256,-0.4669104362467089,0.0,2.872318417168643,1.2686781055097327
77,0.3355547668581956,1.4147495064050193,-0.6310800763266782,0.8581538794108075,0.7282306074712703,0.0,1.8516276184221523,3.634920998515413
77,-1.0512635556809717,1.2808610645809178,1.154011241416152,1.4500129857928437,-0.7199285648555056,0.0,2.5609766578566835,1.1151468764354995
77,0.8115930576338072,-0.34613477163347084,0.8304060227158405,0.9998866986237235,0.7245758042814955,0.0,2.609808942883883,2.903818915699273
77,-0.9161247961378636,-0.7777587860760926,1.1946102620868726,1.2398889379801274,-0.2549803206535842,0.0,-0.8324852190221153,2.3227176713894924
77,0.347674879886931,0.16663435887928868,0.07661336087491322,-0.044965705498603126,0.5877762562876663,0.0,-0.03046860423290776,2.621867787622344
77,0.339347558549176,2.234779383847785,0.7551958845952189,1.8062369990794844,1.68212609492203,0.0,9.561415598760815,5.895347180019531
77,-0.6203051880352124,0.8562048194687203,0.31506270023945493,0.34204576620231164,-0.6543167574660993,0.0,0.08664904877662552,1.5390143301455785
77,1.2255836424411877,0.9345111353216431,0.31972639719990403,0.1612464350644392,2.5225616680715586,1.0,8.888220994677551,5.676457649022717
77,-0.4693814211145977,-0.5122190295793863,0.746266691002006,-0.40001715141279026,0.7110684463922969,0.0,-1.455274752098871,2.0125133957623227
77,1.181817898587468,0.9635881527466706,-0.06681571583980495,-0.1102122837299706,1.1421183882941253,0.0,1.893932745375178,4.691802606177376
77,2.623466693736229,0.2576829063681112,2.169710696390135,1.2382803685722221,0.6865402544993198,1.0,11.51943541464222,4.6001168507934445
77,1.5845464234182283,0.6441028388290848,0.3497479147984005,0.1681864484005916,-0.784764488158177,0.0,2.3345146937472365,3.9409795406864667
77,-1.4369659457254982,-0.3829660970582889,0.5457451142729802,-0.017345773307110512,-0.7818741899921138,0.0,-2.7127536730006114,1.3683465666515129
77,1.5846876843667885,0.2118249670855346,0.04903566006228516,-0.5611762204007837,-0.8819013386585042,0.0,2.258322325155894,2.5357097857113615
77,1.018860858418122,0.817695074301823,0.055033829847961346,1.7388014692494678,-0.5924199255236888,0.0,7.613069480381069,4.350589179436796
77,-1.2842324723028404,0.8102471491225849,1.2735282929429794,1.0151179760684108,0.08185585788683936,0.0,2.856626973111166,1.2006218624972085
77,0.7915332423191372,0.07447825858951396,-0.10919996946379962,-0.04962861365449711,1.0572536127836585,0.0,1.199263334287926,2.9352138886406416
77,0.5918661802508234,0.4912324394149251,-0.2955495528505342,1.1456800345617768,1.1606417442272774,0.0,3.002080769121816,3.794321511268489
77,0.12693826602242825,1.5408905267612982,0.10627691370030878,2.0426968014166498,0.446807077127312,1.0,11.968524403323329,4.321760686422335
77,0.3226590543787936,1.4864833225729868,-1.9809387798834321,1.5104530365379456,0.6299651117350618,0.0,-0.2757100235252552,2.0651982052486395
77,0.8645711880269169,2.6128721067094016,0.7859592319092988,0.8935405713411535,1.8172716314689974,1.0,14.258145086361491,7.452831240748095
77,0.39532199235325893,1.3556095688950567,1.90493004704373,0.09922000122569918,1.3453576895086936,1.0,7.9418495513766505,3.758171002054615
77,1.8458032120729169,0.9108478039754822,2.81640037524798,-0.2339988190314557,1.1363456519288202,0.0,4.6329762480865835,4.971355601650835
77,0.14190849071879957,-0.9924514570273761,-0.8052175392060039,-1.2578205734581396,0.22302693587760036,0.0,-0.5215317066596581,0.20684004977119375
77,0.1161575927556468,0.7162008890622045,1.5568416684028412,0.9611199110585213,-0.5080912060431455,1.0,5.757236426573945,2.5182608043131878
77,0.22431794445882242,-0.17305727716324226,1.584672315610379,-0.1944844341293569,0.9554385495483986,1.0,2.7795549954689274,2.145748152943403
77,1.4824367485162822,0.2803842855598939,1.304897601271112,0.8796836981012163,1.6920590767584642,1.0,10.007374258406177,4.498159189247031
77,1.2321559447016062,-1.068142478848787,0.5156335958914089,0.6949847984945665,0.6531195087646278,1.0,2.7720154408019413,1.5677380589753058
77,2.2063440172556303,-0.8050554424860805,1.238956781315958,0.5485004011439559,1.0159108088388837,1.0,2.5941899401894144,1.6518817910063008
77,1.9242553436423313,1.7205673690691685,2.000384607078522,0.4450463511017053,1.5970935123826784,0.0,7.830191492135116,7.737988017678579
77,0.7005152556974521,0.23134429833832593,0.46532329397467115,1.8614753709148109,0.70163929141175,1.0,8.22718103244898,4.035885511981894
77,0.251894351348243,0.37882229569030096,-0.9040874795453371,1.4303444998350885,0.7657721555215193,0.0,1.0226115334063173,2.6751990595764408
77,-0.11256440310039262,-0.9488287310486028,-0.02181847935507042,0.6199747812684387,1.1663875746367414,0.0,1.2656350360203974,2.4581416973772052
77,0.5976053384231013,1.2767744244603436,1.6129622147757994,2.407065936933738,1.2161915239702787,1.0,16.038670205920987,5.276153537101441
77,-1.0181883728581969,-0.6983108753215055,1.7896425177540822,-0.26302868701751925,-0.7466895394569959,0.0,-1.7149161008622231,1.025621056673797
77,-0.7773363456529203,-0.7156220602583834,-0.6999262083374873,1.4135272593140702,0.4159870828326104,0.0,-0.044366929323388815,2.139483624235054
77,-0.6345373374983907,-0.35850326166448054,2.140932878258568,-2.1842699429508814,-1.8153019726101625,0.0,0.6188014206192876,-0.7381031196045706
77,-0.13743387304928523,2.019275251504986,1.5583420904268641,1.170737008514711,-0.05782080044467808,0.0,7.697416380576521,3.0114869343213053
77,0.3052368726452621,1.303347005010028,2.090349266888902,1.151767947351936,-0.7468641546344335,1.0,11.143111161495165,2.953255911369771
77,0.3456806791640491,1.485478449300174,-0.02237377096414006,1.3777802362542784,0.7486171354451995,1.0,8.385031153487697,4.480842281464753
77,0.26254311031540123,0.16643930021171754,-0.24319152445100978,0.13802842510960067,1.374161851308239,1.0,4.440802261367336,2.8632624682621524
77,-0.4419988769913459,0.34536980245372634,1.1310163379026519,0.5627919156221215,-1.605833104995857,1.0,0.8000785676452985,1.2687603715075395
77,0.3503959978322724,-0.031516908570674684,-0.4329380162386235,-0.22002457627044436,-0.5954683335333708,1.0,0.5536578968828937,1.4319177381665165
77,-0.015123551552282288,-0.2557139967454355,-1.1073835726048098,-2.051968969777133,-0.6624470312347135,0.0,2.112921014542563,-0.5954477345049544
78,1.929038200710173,1.4970229876467678,1.1922440967354895,3.15756196052508,1.0793014585449265,1.0,26.34148148296205,8.6849744709999
78,0.2670994770913854,1.8361056555202708,1.9381205631909588,1.516001312380105,2.7215387415735015,1.0,15.709057374791515,5.270736282518801
78,-0.14241313781522014,1.5061946915105973,0.7798366910177008,0.6952771291598077,-0.43299016412039215,0.0,4.053159806421773,2.699479073075614
78,-0.2386353070438837,1.3117488676987286,0.6742212526158063,1.871553034936178,0.5884819410455537,0.0,7.3369372613161055,3.571848652323617
78,0.5206085689273551,0.3868016427360101,-1.6668262002684022,0.6714838812573322,-0.2787884631399655,0.0,0.6660882686742675,0.9221296166274393
78,-0.3724836065614985,-0.2375250388550708,-0.3577928695115241,0.11869937478218118,0.8418732607390085,0.0,-1.3577463892899078,2.0215318020905144
78,0.5501304121893216,1.383051728522472,1.0933419603861976,-1.1385942989493671,2.474092413561796,1.0,7.314510279959428,4.401389643034337
78,1.2573261743691508,-0.7313946209200382,-0.8288369424861659,1.197516957720527,0.19339279721646813,0.0,3.905895344898842,1.300134142324933
78,-0.37478540429055995,-0.15313326692844775,2.2086865348083013,1.6543720732384661,0.5100691554683958,1.0,5.403219010039503,2.3844948012131493
78,2.1297503577474903,2.250484353272141,1.7269533627462887,1.237311792535547,0.7592599234973825,1.0,18.360458784404983,9.689326590825114
78,1.398805494744718,0.656571521350408,0.04481216259795762,2.2164183881805872,2.2059596085043225,1.0,15.247509970070222,6.178695542501654
78,1.7640161656118367,0.028413199027066516,2.6735013215741077,1.08978392450113,1.1926891399186557,1.0,7.246567227921411,3.531892144490116
78,-0.7972835612581992,-0.15191296158877232,-0.6698375190622163,-0.22929797894427195,2.091387897990943,0.0,0.947764472692644,2.02656819950498
78,-0.8769657564584656,-0.9656568923172251,0.28649442907579387,-1.7960945674636295,-0.6618936840350873,0.0,-0.4775626421708232,0.7990302027799563
78,-1.7912403914106432,-0.35197207974965394,-0.12386544660748267,0.12167298533900378,0.43030627747037975,0.0,-1.7879850499211296,1.7652557571738907
78,0.11637647705409615,0.4800776405504139,-1.5634973949877442,-0.5843915039619645,1.0389382955339457,0.0,-1.515177120909942,0.8069203686136895
78,0.7312953613554587,-1.2795615894094483,-3.191354999631517,-0.8723281743449605,-0.7921439186532746,1.0,-0.7943816327664048,-3.636546225183472
78,0.4840826430170801,-0.5239541119711884,0.462138546949972,1.7093047789446651,-0.10732760343865622,1.0,7.173766507376381,2.6535860807924747
78,-0.27440400676803356,-0.8187523122035305,0.29110752506599147,-0.3555130817094402,0.8469791477282984,0.0,-0.7246062156060228,2.0273041396997966
78,0.14034522257040488,1.228543741299961,-0.2146271798409184,-0.44028901583252755,0.33388898918492727,0.0,0.6602966393506555,2.67340699003097
78,2.016084532092362,-0.67501799131205,-0.8663381279701625,0.17573092573957283,0.24028907002271038,1.0,1.0042741835792721,0.7321019655252096
78,-0.6404525227201963,0.16254379182544787,0.3455088777572173,-0.45524079631124514,0.5122868694850888,0.0,-0.4832475983217894,1.7991247584895325
78,2.358324146440785,1.1612287390836924,1.2673910120113736,0.5317016198171223,-0.8941423131080777,0.0,4.304055485339836,6.249577085438582
78,-0.646226684585735,-1.0017430132452076,1.4370079140673249,0.5629885538684642,-0.28848493292361044,0.0,-1.4757972080116961,1.8125136339214591
78,0.6426252898843701,0.3339233383276181,1.7002140784509825,1.1852425638398834,1.8417352685080817,1.0,9.518899661659324,3.937401066189436
78,1.987169725628862,0.6628610056341555,0.974766602236105,0.09634635994266577,2.0314783010835225,0.0,3.939970618220557,5.75488954199153
78,1.1751596825732291,1.5295249355745963,1.2250547635597158,2.762090992825461,1.9613477608058167,1.0,20.958195347768104,7.462919556598223
78,-0.6956173589145227,1.367763781376957,2.042356195592853,0.8736019659587864,1.4272833096239133,0.0,5.4186159437922585,2.1019772542087574
78,0.16677521367640175,0.5408239613533866,1.5816028088394238,0.42185596456761065,1.4807170766065076,1.0,6.217221727513342,3.175277272522199
78,2.1730280804328395,2.355653437823247,1.7934423309438168,0.2762814942095092,0.4251356301721813,1.0,17.402754723082253,9.40986047013055
78,0.816882703967439,0.7032321260422807,1.657947950764125,0.7055931201577543,1.23473978793209,1.0,8.544174680406822,4.046614664531654
78,0.08359841034294091,0.3054600421733408,-1.9383020398599253,-0.7646532998175462,1.0458378165900872,0.0,-1.5900615913688032,0.032217621093111215
78,0.12217688277725058,-0.10466149993353835,-0.08671688168512548,-0.8392564722637152,-1.4922744473529945,1.0,1.6601413548639035,0.7830890217395009
78,-0.676787657178642,0.684849224720909,-1.462231449252247,-0.3806283433768325,-0.2673035923119683,0.0,-2.007172865445442,-0.40619667145822347
78,0.5292174720937577,1.4699520831790276,0.4041185442829808,1.3815127893070231,-0.34988588272708,0.0,4.314793150266693,4.414831178781757
78,-0.14485008859720971,-0.6025908889012004,-0.7035243220562069,0.31768471027947975,0.24975619373074476,0.0,1.9496045528678383,1.408090157264903
78,0.2609336053295893,0.7420226365267537,-0.4916509057529891,-1.1439390219859322,-0.8050966831497646,0.0,1.6935731613926408,1.356308154851356
78,0.45960225519326037,0.5820431944332676,0.8281938884301878,0.27283274348624786,0.6533312081600601,0.0,1.4423248190138005,3.3417174546314605
78,-0.021043162781989366,0.855747310868474,-0.37738336738454836,-1.193114178158699,-0.24087878716124578,1.0,1.3911937717858285,1.4232882956220947
78,1.3633346059141567,1.071534903351428,-0.43760135836727165,1.6218944129583128,1.3548184677476383,0.0,5.601620111766778,5.853621866625397
78,1.96272498040272,1.7561410664831858,0.8177086083427296,0.53121955176713,0.17124582794295995,1.0,13.483453694276466,7.750236714050866
78,0.6426653250386879,1.1005650162586866,1.2672846628069578,0.9474088084699415,1.118407972817625,1.0,10.714086391899743,4.544334064963663
78,-0.6508425597176781,1.1376761295983484,1.0392776280430185,-0.35168228702505644,-1.1037117050943597,0.0,2.4669767254000687,0.8017536603143506
78,0.36233862324721244,-0.28531011680243457,2.0262254865088996,2.4805608068710567,1.56419139067661,0.0,8.204472597577055,3.530776449559662
78,0.37506953652819863,-0.020013979565944084,-1.8131376399579646,-1.4277111473730262,0.5693892056608943,0.0,-0.35534810691996244,-0.4056848256169067
78,0.6524018432438822,0.5574338119211465,1.581974744185065,2.37771238982463,0.5172831676172528,1.0,15.950306596237288,4.195895640191797
78,1.0650465429163447,0.9469872723284282,1.4966116321472573,0.2210737760514883,0.8848851007639192,0.0,5.5235118759025,4.390004351761242
78,-0.6865224989739183,-0.20273983286704622,0.6465706626775098,0.16372521321739086,0.05062305347952378,0.0,1.3845297446657134,1.9231682571683555
78,0.35289010756390293,2.519176514966317,1.058187913278867,1.8852420023106755,1.6819733314148917,1.0,16.397592737021323,6.128179468243105
78,0.1389422148530723,0.32852251551021505,0.6485578359531073,1.1316251458297686,0.3046197310854453,1.0,4.727237648845089,3.118735116010252
79,1.0003647721708415,-0.9099940155433945,0.9806707184746565,-0.4341449460001482,0.3696602923107176,1.0,2.1218714295566468,1.1494178462568905
79,0.4335345740329029,2.510654411698544,0.5473190517410665,0.7162859655180018,1.1548687964352162,1.0,9.087804964171223,5.623709644678502
79,0.025656082662045776,0.8495349799368871,2.2564038617711297,-0.6659473122108364,-0.6648687316443396,0.0,5.127159440107285,1.2890417985415947
79,1.891088086849723,2.1834865940461397,1.1324247806130323,3.8162396757221364,3.2165312411502445,1.0,35.127308461273415,11.673516229637936
79,0.6918213784767849,0.8825291620417888,1.107959823846034,0.21569074883849232,3.0934914143005585,0.0,4.053757942266298,5.052786778344059
79,-0.9503105040621203,-0.381905823589721,-1.837751210374293,0.04527985044682581,-0.08742043730829918,0.0,-0.997796306362977,-0.5069203567023198
79,-0.27484945149348317,-0.5969340245543604,-0.3007037236688914,-0.07279554511522712,0.8648933423420417,0.0,-0.8302361496059387,1.929000576006108
79,1.078802183889933,0.1068809417153524,-0.35769608094445327,-1.1610274514211063,-2.4210034568150607,1.0,2.3749025521244196,0.6749874119406118
79,-0.12929890799835597,-1.2192003289461348,-1.4934457564847414,-2.2682942178566354,-1.4790798518515897,1.0,1.0197022301421683,-2.059744799861004
79,2.0755805810432246,1.5597522429647905,1.783357216666482,-0.6690043740379634,1.3907557901752985,1.0,13.25124201062887,7.096648352126154
79,-0.9730920635451636,0.06275447044738902,-1.2757231820802064,0.19597663550241368,-0.18867083472868007,0.0,-0.3577926166120582,0.14036647001908703
79,1.434673359292651,-0.024255971802812692,0.4663481314232089,-1.0522975296518995,0.08334934498062907,0.0,1.0570886415187546,2.3123254912503626
79,0.07885714832970303,0.33444022462708534,-1.2491176258429344,-0.7272750554429537,-0.5459614342075907,1.0,-2.294050803040096,0.28800423017018434
79,1.9608398905800632,1.287448043670818,-0.6120743901720451,1.6128698809177544,3.074075032015246,1.0,14.80150053669327,8.004516614142705
79,1.6035008269395121,-0.7262137390614691,0.5821401145101882,0.21905564544293454,0.087068176928633,0.0,1.7647326061491584,1.5535790825549802
79,0.8530023280613437,1.4437905890115417,1.8960082943265475,1.0815448667009355,1.0612799355814064,1.0,10.907362369090485,5.079860090633258
79,0.9174022174763294,-0.3120259962906452,0.5701271661145281,1.482755985206253,2.2634186595523738,1.0,7.909310732402829,4.016418020566379
79,0.22241176563499,1.339977729858893,1.1663044906346656,-0.33755574669986466,0.9563241837884586,0.0,6.376272756084382,3.365309679331823
79,0.5703589236408969,0.03681101857886826,-0.45776979186262046,0.21581139002438587,0.7655410605223718,0.0,1.7292617051479293,2.483412158367484
79,3.342032986891764,1.7960087033710412,0.9055025505745812,2.6714288306665765,2.2493378487213116,1.0,26.687644886349766,13.10176607505948
79,0.15869140122795178,-0.9647398647959635,0.16939320647889428,-0.08845325342226928,-0.24189843615805695,1.0,1.967928545153045,1.3490878499115517
79,1.1542830870324583,-0.19269445309694788,-0.12421173990648071,-0.8593209555344985,-1.6827627686338325,0.0,1.7266158866063117,0.9175182718387562
79,1.5288825776821071,1.697403712094637,1.1202876635373196,2.0486741321626014,0.3053192309036492,1.0,18.807782847438098,7.380838123081297
79,-0.7387200591637042,-1.9525378293068871,-0.23341684140481955,0.18882388491452717,0.44406908715244275,0.0,-2.1862799374878144,2.269369731682822
79,1.365548790219847,0.796643078579435,-1.3130404939108675,-0.22679367111479953,0.7866329379565773,1.0,5.545073021389548,3.047261478793353
79,0.8444271090970799,0.1566251332546849,1.500764033755314,0.6570111082496114,-0.8410472331281107,1.0,6.467089119627795,2.3611236453554825
79,0.7298667749940417,0.6179112897917385,1.4879252576670572,1.190290198209871,1.673368033541764,0.0,6.133191732048557,4.383449944688184
79,1.5955970532181056,1.9463322991947383,-0.7699037354168108,-0.02365458422299227,1.3381494864349712,0.0,0.20293374444176582,6.866800020235388
79,0.1105262039864921,1.2822442504951215,1.4902912195094338,0.3184329074130115,1.7300201627161016,1.0,7.363328377729588,3.6878971372081364
79,-0.3318755483385615,0.7146940109930567,-0.8609643594788636,1.16843452293383,-0.6846683792176849,0.0,0.08629138385121321,1.4173269888917197
79,1.022488469782363,-0.15056885736538228,-0.2551655178829896,1.2766713085334809,0.6024163502372357,1.0,7.510058565342852,3.0615874873955464
79,0.7958006115153591,0.5498193135017517,1.0831668039622773,0.49092799970631823,0.495472694626875,0.0,3.8385655949043453,3.6136732755375904
79,-0.22416621194633013,0.2939562278826232,0.44233503365338117,0.6214719766284639,-0.3937938960768945,0.0,1.2578890137016017,2.2077611256018863
79,1.0196277679676307,1.1868981559030676,2.059176568917203,1.1593126597987309,0.9847928154034113,1.0,12.966802255354061,4.945902195676329
79,0.4566174335422571,0.39410032764165515,-0.3829291041670243,0.46487144943232783,-0.46795204888359154,1.0,2.805400458507892,2.339881297579717
79,-0.6764328059043139,0.3156740164299121,1.1064687162958378,1.952390636751224,0.6671517368900035,0.0,7.243631169934718,2.9169155934333695
79,0.4866048351138611,1.786384599368342,-0.33489565562956747,0.4257757197876131,-1.1964403717860719,0.0,-0.31206960236043835,3.397422556556039
79,-0.38740094129911884,-0.6057607013183821,-0.441484584930663,-0.6450328452756513,0.6436909472717274,0.0,1.7014950393887087,1.4207965262250246
79,1.6548803539565988,0.3866486790944854,-0.2508606896307479,0.3670872799596846,-0.1104851003669054,0.0,1.0085006980280604,3.632191689259223
79,-0.1713233292905486,0.4083731613867336,-0.4590742110724152,0.27055665598309653,0.2517987298800377,0.0,0.7344579787041433,1.976664769553824
79,-0.5391271540931002,0.6437730276167419,0.7892405834375129,-1.1429607580757573,-0.45598056693359135,0.0,1.993448286313732,1.004781612397122
79,0.03771968378235857,-0.1919250092033361,-0.5378940321168091,-0.6756680552633139,-0.8297793601596863,0.0,-1.4538223068071483,0.7527767953005206
79,1.2959169791635614,-0.20176548120281756,0.5369169714275093,1.3668317866012392,0.9567685176306637,1.0,7.477169720779778,3.5751527724301733
79,2.3213268949891246,1.205232038655907,2.401253698682778,0.7121424510943286,-0.12768617402181925,0.0,6.651577350358271,6.315632037618596
79,2.3145910743808247,2.12425667793637,1.3212323659042688,1.109121587807067,0.5855172545330434,1.0,18.38232977991852,9.89112647876519
79,1.9360905952285463,2.397458365622046,2.707901630668882,1.0420204961133106,0.8992047668627872,1.0,21.28658757557205,9.225613639607515
79,-0.15501626394512735,-0.24941326276384568,0.540199681683838,0.8119526596452236,0.8631200196700833,0.0,2.1871676378800102,2.8016905300414607
79,-0.6263343655021256,-1.7027499290546046,0.18313246903735847,0.5780652394608791,0.7115725477881373,1.0,1.9421383051526835,2.621611839486339
79,1.9739805350466926,1.4805214821259152,2.6004264265374455,2.7337264447442218,0.8010075219423651,1.0,25.3083343133851,7.860243293714186
79,1.6671239121700865,-0.7190218569580071,0.43533636930174224,-0.012815660619863056,0.38249531608032883,1.0,2.1251547268903486,1.5845887503554748
80,-0.5397615227490353,-0.2758397052732048,1.0813650553689635,1.162530135357089,0.418037658061584,0.0,1.1141028463437133,2.542177473912803
80,0.15708953611359744,-0.12438562118974783,-0.4928437489171702,-0.5276465831391084,0.4560128256769643,0.0,-0.04375935792178581,1.5955644756245717
80,0.5341270683958028,0.5428771344949155,0.7050851770064642,0.5268725715096427,-0.8638729298740708,1.0,5.041982678243389,2.774066234530909
80,1.9306515785558134,1.0718808605395598,1.1094593964743678,1.6771206327824248,0.6435170205785321,1.0,14.772990606517446,6.730888889498672
80,0.4063249173002992,0.9977195797667776,-0.31187289901603754,0.8629151780016092,0.7238020221227774,0.0,1.447636337611034,3.696603280751148
80,0.3988640388255982,-1.4124904243149587,0.27863187599429473,-0.6164393299289304,1.660306367665226,0.0,0.3753180921463539,1.5524772562315956
80,0.18745354557861188,0.7727660432617154,0.38375318742041575,0.6687043424623234,1.010118862075375,0.0,1.6204243814130344,3.583521689146054
80,-0.5315039852966046,-0.5838666455428456,-0.5538410467434072,-0.0871120199660601,-0.6343352756683813,0.0,-2.2819407531116047,0.9655085343846119
80,0.22641097404017924,0.8529630202076939,1.0199369902402677,-0.003381197901497268,1.3498272027369633,0.0,2.858439956353923,3.4394183242216823
80,0.8340062524619256,0.5713691966121204,0.108504452619827,-1.76493911174577,-1.8929693602675566,1.0,4.7724233256396005,1.3986303622529475
80,0.13557976759100954,0.36312785097897504,1.1364768836488826,1.6516222378668783,-0.17464186389102643,1.0,9.1685460365187,3.0261083549405225
80,-0.48637220989126984,0.15933860795897692,0.21321540066811623,0.15613498996827357,0.3221362599297556,1.0,0.9462744876584616,2.0820842313914456
80,1.1662244157490693,0.13908168119220626,-1.4857375092416363,0.9421053076695838,0.2032763805022717,1.0,2.7497734827736897,1.7296318781838047
80,0.10700591608551235,0.4778849867339804,0.6231347053407448,2.011004612936792,0.8984485244938158,1.0,10.603108691171702,3.9219289804737265
80,0.3104373750138524,1.100819304863656,0.7869105138421129,0.9056145608636625,1.5003765724628033,1.0,9.448998764569101,4.349851198580211
80,2.507424972682918,-0.25297302441394165,1.2958416466352918,-0.07230029576111274,-1.0706740799832466,1.0,5.086392848357941,1.8408520504702273
80,0.8607708655523101,1.1172824025055212,1.4166252516797095,0.9758501047330682,-1.8038246422686233,1.0,7.11091623904084,3.3986371907740764
80,-0.07634245491540537,1.1706004158148524,0.9417917950246688,2.9855168891725823,-0.20218234592022677,1.0,17.62883007797258,3.9086657405732113
80,0.6976362502792188,-0.5221329543434672,1.422934805572264,-0.26771408604857094,-0.6006812208358072,1.0,0.7685526204917226,1.1480858473188023
80,-0.637029692405287,0.34720786916574475,-0.661354499115175,-1.2408928331422489,0.647029861386287,0.0,-0.4590388457040886,0.7954596716805526
80,0.8660251668311238,1.3336272085555634,0.7286978237637348,1.0137023485593353,-0.09869701305186018,1.0,9.968299090582159,4.822674645217428
80,0.8563286484591637,1.4320755541466066,0.8732737989752078,1.700847070389315,1.3496235118136144,1.0,13.939551632353302,5.974722452539823
80,0.47648989141350745,-0.6698409926470172,0.6114624948090388,1.5485389810036694,-0.23793255334038177,1.0,5.497403434741266,2.363995774657441
80,2.037072066784638,1.4407319096825595,0.7497159597380253,1.2231697204750147,0.5171718027734519,0.0,5.244328114021474,7.650687910873746
80,-0.8637745980310152,-0.7406175248472471,-0.8310528861151771,0.570533966609283,-0.2592246723830566,0.0,-3.864374270642923,1.251757175883077
80,0.6753499061667623,1.8193291530428086,0.2856950098937254,-0.11239966384693345,0.6908720780951686,0.0,2.7996754333490945,4.867573028155595
80,-0.49967427269309916,-2.2065498185309838,-1.3861467711683542,0.37632785387263107,0.34384259559376895,1.0,1.9665000312893541,0.6000580270337792
80,1.4087473043367946,1.2809879134879307,1.4940440666891424,0.7846932025612359,2.9897435044402374,1.0,14.489130990979003,6.860373191301622
80,2.385949465791273,2.3454083563173374,1.0983976670745295,0.46741688895157807,0.9572625129495456,1.0,18.709037936787006,10.678266809773561
80,0.21310886569514842,-0.5066718869193338,-0.9640211818445081,-0.6769290215188055,-0.8159463355273691,0.0,0.5214884879417642,0.08701518865483926
80,-0.34906720252593404,0.5821561022099992,-1.481315826604718,1.3406899607399767,-0.01415873401203982,0.0,0.4012713414740552,0.9253016877094752
80,-0.7546311847475753,0.8750675382691988,0.560939414098184,0.7054423551816666,1.5556134977755398,1.0,4.391201227196141,2.6576182905831987
80,-1.858015802296301,-0.7396929401189805,-0.08475814202795395,-0.3972187445381614,-0.1506591834336688,0.0,-3.2046298983562416,1.7555989439219832
80,0.16637903900157508,-0.6607693337784721,0.6770777826098714,1.7132802468920367,0.3885718205206888,0.0,1.7452323142138217,2.8117384769302745
80,0.677690831219664,1.0132286765603515,0.3376257794765054,-0.3435266971277836,1.0685427591539705,0.0,2.2121013131321297,4.006980238241582
80,0.18075389794078223,-0.6798614194073578,0.2737313774350052,1.421918013742177,-0.07198648524371942,0.0,3.2567760101438656,2.402159004258524
80,0.22441208841030436,0.7486370563637936,0.3374314701884148,1.1416165875264923,0.7573204112024785,1.0,7.757673308486516,3.716320138412758
80,-0.8438745651603337,-1.0417144827479903,1.5215426533977354,2.578068480894512,-0.20258460523650967,1.0,7.882219043022747,2.934028858255557
80,0.21004919015716783,0.3929462449051304,1.07876135220872,1.128503356571529,1.7208021982734456,0.0,3.227409396434802,3.8204896489921785
80,0.2801737179760524,-0.6553141697359814,0.3183229413450652,-0.0972868714041959,-1.02748786057536,1.0,2.255351272796719,1.175363700959449
80,0.7531693609769501,0.9894689146705685,1.1515206016145352,0.3859097176294349,0.7044431353389944,0.0,2.4991866082658216,4.144592554123797
80,1.5630969212460788,-0.23908022531694217,1.7017228765257195,1.3751368482745547,1.4979609870153392,1.0,9.396916522911265,3.4451603214997766
80,-1.5809813327457198,-0.6280583765498995,-1.772150108927963,-1.5358345239368871,-1.842633759841965,0.0,-0.579800929105625,-1.8868764267601241
80,0.20455178351946218,0.6016604233759765,-0.6015098508813288,-0.3897991390089961,-0.3350571204417727,0.0,-0.2075337912249741,1.6874759095159404
80,-1.0785799778963165,-0.035988784120567496,-1.4297156603263552,-0.9171704495916668,-0.41432009240054146,0.0,0.1671916548478829,-0.7584575740087816
80,-1.2320325811775896,-0.17048655353463027,-0.5921954049552525,-1.3133812600277965,-0.787316996848636,0.0,-1.8778346429359085,-0.007944169814228408
80,0.47554893143753163,1.1891265233098975,0.9201574912294637,-0.26923688313386707,-1.0128161602677381,0.0,2.248548423077809,2.8225726476451443
80,0.2766329163016901,0.35765596283235057,-1.3458907381832474,-0.8894236627223822,-0.3368518769642517,0.0,0.10437761746628654,0.35301504213562884
80,1.4796871528125246,-0.7338179756924952,2.4234244211600435,1.004770543034084,-0.1844502393848627,1.0,2.1639370525403825,1.1559736131994505
80,0.567379796841369,2.252437724962341,-0.39377131810864685,0.10882110413417734,0.13218795656886168,0.0,2.4758738300137013,4.5349839653783715
81,0.35407157742938955,0.3298370566732991,-0.25010650343111707,-0.4686641362003662,-0.2437053933357065,1.0,2.845918042965534,1.9463882943637159
81,-0.3706812183562922,-1.6547974602349695,-0.329167424241401,-0.14819271395425304,-0.7634236569048609,0.0,-2.1101146486073024,0.9265829078243815
81,0.24635107620906144,1.0790820216130421,-0.38059097007255216,0.830938699827031,0.6289863970806925,0.0,2.9060529469230048,3.396661900197383
81,0.19250359457335892,0.25328189594175954,1.647939393953434,-0.014265233985082393,0.1556647367821889,1.0,4.716127479041166,2.089253292864234
81,0.508189843923448,0.7237192993418942,2.7994114920416164,0.31283750843067637,1.7914572539820486,1.0,7.551636138119506,3.493569462314479
81,0.8396583509596088,0.8337889900619815,2.726967460220493,0.9111799630414812,1.4144739810146514,1.0,10.596556933322336,4.1478648866201695
81,-0.3807067617349451,1.1931668298153506,0.20663826946520253,0.45252076774767214,-0.867084851687751,0.0,0.9110767173161191,1.8267466197569742
81,-0.021882430055841784,-0.08575431649597176,-0.00481055001231756,-0.5242101016050289,-2.3507765905303653,0.0,-1.281994127019672,0.5081479478095501
81,-1.0505864057208774,-0.9063778204321327,0.19302382333982487,0.7078361621335866,1.1219201396232497,0.0,-0.08621177859659668,2.966564836639554
81,1.4779916112815397,0.09588758235503525,0.9600556195266006,1.462885700195892,1.8029345479165177,0.0,5.752944606056234,4.615072995122757
81,2.1958855747070336,0.784328091639775,2.3374698085672065,-0.012957885397328783,1.6657905898679077,1.0,10.043484622754033,5.513809583474603
81,0.7169602072562784,-0.3723233345920912,1.9061684657419484,1.5357042770350364,1.1172628337829957,1.0,8.515799436653655,2.8558246105177796
81,2.1731909895362342,1.2830511594799254,1.370348288567789,0.7314587015092779,0.3588866438660556,1.0,13.578536512537896,6.94589152850752
81,1.2488722805838663,0.2841237575004685,-0.26107493860272146,1.5715466182264761,0.47642518830089414,1.0,8.601107194179054,3.9808938120522805
81,-0.33175376209936613,0.8444354580996614,-0.14636209151203872,-1.148191421269615,1.032615802414921,0.0,-0.4326779700251797,1.834535528851616
81,1.5181576341364988,1.5558039841018214,0.620252349724707,0.6213014378076186,1.0539705795756733,0.0,4.509241498928901,6.860430495044557
81,0.795099873557431,-0.7919102340471713,0.19148060979546927,0.7782361616177007,-0.2575760735411926,0.0,1.2355045059258742,1.7097409742436698
81,-0.007494839278061383,-1.109209550958568,2.1552279282722955,0.14105936298724803,-0.9569343137911996,0.0,-2.4699131528244567,0.5679122284895555
81,1.2688207902207531,0.375529781926061,-0.7644249617665608,-1.0398799163696122,-0.22588659704934821,0.0,1.799107266329838,2.005340016533025
81,1.773276526922307,0.9057148750593123,1.6796950094237328,0.33236673438126724,-0.4211272692504968,0.0,4.440763578386907,4.632362292928544
81,0.5090724608501493,0.17059408470112158,-0.848308491443382,-0.1650606367812617,-0.5062887036796271,0.0,0.4817929206132711,1.3281021056694158
81,1.0648384147080303,0.09340033426667593,-0.3161762201429589,0.8081533356681554,0.3606621596392315,0.0,2.182270029762222,3.055326584856913
81,-0.4192193639577019,1.0510946373092993,-1.012606754657962,0.5527211448491436,0.054155569781514534,0.0,-0.8274271321179126,1.2020848253279688
81,1.7626763254297428,0.36247603743683343,0.09705441959873201,1.9363320314022265,1.0130000986121408,1.0,12.06914092959735,5.21999130162779
81,-0.870086669880684,1.7507046394002295,-0.23870281602620225,0.0764828349991496,0.9866457031629002,0.0,-1.746861438430054,1.300902577761955
81,0.05117828960865817,2.1376154574041717,1.5907247459643497,0.3040320817770988,0.24977912656754298,1.0,10.6916848938884,3.2561372534845847
81,2.1359143101000253,1.056103592505118,1.0717510484152464,1.3055289766467937,1.3708883496320947,1.0,14.841400811946352,7.204427388018789
81,-0.44302212883204983,1.325701532520421,-0.5203000458133995,0.06353281333774746,0.12115339307277012,1.0,-0.16977263654292984,1.5538877208206112
81,0.42805201136171545,2.142868420755245,0.4475444040403493,0.9238621822300409,0.7290444587284983,1.0,11.619468167057182,5.154457362208285
81,0.7596244920868456,0.09818255587863356,0.13014768723888753,1.7061753023505615,0.6656939125329316,1.0,10.387031250301819,3.7460365867775574
81,0.7435787420359886,-0.04897086818296914,-1.033612156780375,-0.5019960178363805,-1.6835105558710506,0.0,-0.1240283615311921,0.21304966987892066
81,0.006571319521017083,-1.1689670608383613,-0.542792389171824,1.5600422972169572,1.5558406122486104,1.0,7.162757604815616,2.553935404912874
81,0.562814584967262,0.13428142802794774,1.162218893429955,1.3046141048937843,0.15098785963324735,1.0,8.313658144086112,3.130338241270117
81,-0.43610154083523234,-0.04160109102514098,-1.710417561233621,0.7053674865316315,-0.6407573542137104,0.0,-0.9309422974694669,-0.18278077541749954
81,0.8329819178637337,0.4125267854633649,0.2601199497779444,0.31193007279270824,1.6800924237188255,1.0,6.361142087621723,4.058812062161012
81,0.2773590160531876,0.11298769880700843,1.2660505014033405,0.5146113468103053,1.082369025016222,1.0,4.240487817184953,2.9580776728482654
81,-0.17279927621844426,0.5353808434655813,0.5383865986460086,2.359168809157312,-0.19226799357567237,1.0,9.948943282311077,3.2999581408593133
81,0.7634159905086784,0.9939017547441644,0.44110477246480745,1.8713397681375827,1.1195658358779734,0.0,5.746832001619179,5.257705098421251
81,-1.6261222687636403,1.0762630783314306,0.670019329149464,-0.7679102626379102,-0.7513615196467531,0.0,-0.2672247117177491,-0.6658815179030825
81,-0.07631532780450923,-0.34226671674689757,-1.0228129069271867,-0.27840007892447494,0.5714849992323037,0.0,-2.0924107507957124,0.97293216440373
81,-0.22695562247494083,0.06769877245680783,0.4151267916135781,-0.4179338193086036,0.7066139667432696,0.0,-1.041883917752146,2.1719756195084914
81,0.35098658803622584,0.7921742812120173,0.0030650760453183046,0.5761468888609151,-0.8206754757144059,1.0,3.811107166589395,2.7288865299707865
81,-0.23400687543837173,0.49446944150403593,-1.5007474426074539,0.14082035130421733,0.7207709572633598,1.0,0.40232392997723876,0.7649355787308011
81,0.816462823302625,0.34583075748953795,-0.12299019644373488,1.344352009137372,0.9711093267045576,1.0,7.732286868000783,3.9521865516266748
81,0.596283206765795,-1.4118599888679393,-0.4548026280752592,1.1222485196407654,0.05046522606311371,0.0,2.1728266236259235,1.0076465143012852
81,1.0181307347870487,0.41565898679539603,-0.5418643362255744,-2.2394611664486312,0.9963182199557536,1.0,5.261808107280979,2.1043350780539556
81,-2.0380507343490653,0.75215946439752,-0.9693774499157797,-1.5039299916610736,-0.6656115957594264,0.0,-1.3253971517724688,-2.1795313481555563
81,0.040677091575079594,0.024971886396193743,0.5001231728599571,-0.39872045805880796,1.2328296529595426,0.0,-0.39214914098649745,2.5784799595943735
81,-0.8507212523410634,-0.1720639775040088,-1.253172575188599,0.8139433356120602,0.015674093873273565,1.0,-0.36135586556500854,0.7355183501437269
81,0.2828966547667291,0.9890132035810983,-0.43719543991140974,-0.45576279075298864,0.3404870284457703,0.0,-0.16293212674216784,2.545450531169977
82,1.3979261604408582,1.77698130938785,1.4876216401461424,-0.39142530717064605,1.564221970911916,1.0,11.812510135921979,6.484830364872529
82,1.1096375838302883,0.7150502847367332,2.368661664226545,1.3191976714549816,1.7878713326221547,1.0,12.188621918643818,4.7277887148301785
82,-0.7954452234244636,-0.2975679013142841,-0.8979595472754247,0.9633810171716282,-0.7005960154145596,1.0,0.989945948921869,0.9958121452851533
82,-1.4973304036018145,1.3856852946462277,-0.6165259859586905,0.45628437168006625,0.4205242966804858,0.0,-0.22177245047736172,-0.18461786911850564
82,1.7944708256419017,2.1065120366676107,1.534482035273771,2.986946206316571,0.7830702632777686,1.0,29.776978124957,9.419121387855615
82,0.33451542807796625,-0.7859980315854638,0.35918295112571863,0.24992116757938126,-0.10456674040681058,0.0,-1.0098364814271295,1.6997832559150206
82,1.9529793591517586,1.849875511552513,0.2803244730785575,0.2772759488516714,1.9618623060983575,0.0,4.635464374498048,8.734893208181774
82,1.3086495724106273,1.037732349726224,-0.20665127805945782,0.5913981840717546,0.1806815584962791,0.0,2.4961952416847013,4.7926566929442
82,1.4150147308024428,0.7745638616782948,0.5954940610123444,-0.8073523910810045,1.273073980611912,1.0,8.25600090223023,4.5492878679882045
82,0.11682819015500456,2.6008565516927193,2.352305289706748,1.485722750949872,-0.07801216044194337,1.0,15.233536207984255,3.8383523145351335
82,-0.08389933139993011,0.9839898386292368,0.52704514389239,-0.4319850094713865,-1.358051743556451,0.0,1.548149455182935,1.6002904394466373
82,-0.07470638473179347,0.2758108671050883,0.3755483385336554,0.5691877204822982,-1.043685969764179,1.0,4.229145344017163,1.9607790937519796
82,0.07869255027334743,1.943437901148429,1.3238333971534049,1.184222789777595,0.8200998706098848,0.0,6.248094823516379,4.0725375068018845
82,0.3639015107990347,-0.17185482251560702,0.189944760891746,-1.2360130345138023,-0.5535944908803474,0.0,0.34115444250004323,1.215668398354968
82,0.4632711418421355,1.5786201629505452,1.9801690398390703,2.6586159265286753,0.37558869086423485,1.0,19.634648177592993,4.861427694768541
82,0.695991171763458,-0.27318640777682845,0.5862543592611553,0.5482992347026368,1.172907298367659,0.0,-0.47634503918169724,3.0080162738716787
82,0.02527593102365089,0.33188567887488724,0.2306699160002314,-1.1547109359035914,0.2358316039176469,0.0,1.533347252073884,1.8163782672248607
82,-0.15684063562198247,-1.0099021453652273,-0.09679755345286245,-0.038053887023716704,0.7012531583726073,0.0,1.196017124103932,1.8535419365516934
82,-0.7029506175694633,-0.8104956374203718,-1.3781117782987893,-0.1765923671636923,0.13345713540494958,0.0,-0.9385126592143662,0.29388622560711286
82,1.2270850425662214,1.5994009118447663,0.24025923531080418,1.3203474365467036,-0.20847613869012127,1.0,12.350001353026148,6.023185501080768
82,0.8249307158804531,0.2480214441564767,0.1830544230112694,1.385179247650476,2.346242114957313,1.0,9.408312544207602,4.681606752518066
82,1.6841448552424627,-0.08778224195146822,0.23869952191115773,-0.3780683589693259,0.5405043669068804,0.0,1.7585656250421986,2.822557340843577
82,0.7855074252529792,-0.8525738707538837,-0.4222779141293753,-0.6990037951830932,-0.016071435361065478,1.0,1.3040213086833383,0.6402448277178117
82,-0.22984504076023937,0.9043212000766454,1.5237221039717634,0.31402533723775244,-1.1331056161441262,0.0,3.4530109311597483,1.5287620879063395
82,0.797147455586575,0.20039972483817248,1.885357981912985,1.8691077145808266,1.2428854806782605,0.0,5.701432997212303,3.84779764480393
82,1.15736303727186,2.588413172313973,-0.06593685117400983,0.4033837456072197,1.4224052579513038,0.0,2.809394904351523,7.746374865115961
82,1.0030702833955984,0.8515873317101706,-0.4959612125861712,-0.22034679590693118,0.3898641498788239,0.0,1.4429083217836385,3.497820521390299
82,-0.8285540161497504,0.8825384628281419,0.4239285418604967,0.6119839318008855,0.003630660426001242,1.0,2.756025004666273,1.7270129969807404
82,-0.15050441402674697,1.972287576352415,0.5498663578756645,1.7858407279278823,0.63252816033908,1.0,10.65414252594993,3.9507655857407924
82,1.168561544676955,1.6213669198119904,1.052543959984613,-0.06948914744293888,-1.334224208336218,1.0,8.47472889432819,4.609409316874625
82,0.52521454071939,1.4273430712053319,0.3331113107935185,-0.3904201155315775,2.71106475452197,1.0,10.548261357756745,4.997847684067809
82,-1.122233159946236,-0.57462778581194,-0.6657890923097642,0.044872990876676455,0.16628306058526138,1.0,-0.10362868647406251,1.3555489861308796
82,1.344640661593424,1.2035766149922194,1.9830583424339452,1.9249544296161234,0.987384160174914,0.0,12.397323863710739,5.939502312192112
82,0.45604808633175364,0.42911098679938653,-1.557289894009056,0.6518436467219737,-0.4519961584014265,0.0,-0.6877843925070897,0.9730596002157256
82,-0.615570313801691,0.4717182994205502,0.2558708240607734,-0.6850166154659052,-0.303228278433202,1.0,0.9167285365117475,1.2389544437290054
82,1.401766110551814,2.8269608411342126,1.4750285384457396,3.269221147569883,2.3131773274215526,1.0,33.943689978864846,10.701436352430104
82,-0.9405880268889526,-0.0414019529050097,-1.29671973418165,-1.9302785304867638,-0.883569433395138,1.0,-0.34128390794308533,-1.2366785469622372
82,0.9627561867762431,0.693833652516469,0.5180002061502953,-1.4794209750518656,0.050649523064706714,1.0,6.66526823561185,2.909713039860764
82,-1.1458415305217005,-0.45147838464121026,-0.109681274111884,0.3145984524515087,-0.4644040500161638,0.0,-2.9576591932582366,1.5829103264914524
82,0.06857563176860132,1.2633779898879385,0.8318390312694296,0.2748562169498827,0.5764501326141975,0.0,2.743820016588455,3.267703985807447
82,1.0340182797318562,-1.1872840788466683,0.20856079198616628,0.7255982658513498,-1.5731047453601472,0.0,1.3003886917605079,0.3545507347910436
82,-0.492017136035526,1.7928378668706952,1.468306656871659,0.2998355842185754,-0.4687623460521563,0.0,1.1089580839147306,1.5203036969279347
82,0.907999493292899,1.5542767862308786,1.6568145128016332,0.554979185265247,3.041115115980271,1.0,14.907388351189727,6.182962932475884
82,0.3871985187415511,0.9906220586633416,2.6699181484145957,2.5235576184424793,0.8881558961509188,1.0,18.942451271236855,4.222484835796503
82,-1.6205964438479965,-0.5804980387660281,-0.23247328854238325,-1.5475242457124914,-0.17140389111130738,1.0,1.395323477142917,0.8376046666450154
82,1.159518127877245,1.5608491254980748,-0.40127407069974863,-0.07367090205910942,-0.4272980373968741,0.0,2.0192011463817874,4.639459077584531
82,0.48702256140046607,1.322585600710315,-0.24144351729497326,-0.6939421405617507,0.694057115205988,0.0,1.00206968545631,3.399262671769441
82,1.7703520484087631,-0.07536784806157115,1.671793565496791,1.0811765465927519,0.28070769772436477,1.0,6.852224919879625,3.1300777573774763
82,1.3257326563037166,2.054209185544603,-0.7963333557988026,-0.5063694539990227,0.2588477361682514,0.0,1.6990887374376058,5.590707893914561
82,2.4822828412983506,0.4945108120267002,1.3124489738166374,0.049677983188753216,1.0650035095038808,1.0,9.02439702053978,5.1849608634729725
83,1.1197364714066183,-0.12098799748181577,0.7344767806473421,1.5831449853775814,-0.4741996964112948,1.0,7.8173915000331675,3.0277921144089364
83,-0.04467534663458006,1.802426017038487,1.0753079836055204,0.8503559269274243,1.70759174130941,0.0,5.357312663470265,4.090440475366382
83,-1.8376171917336603,-0.8507484587257736,-0.9072574872101302,-1.907025557433502,-0.47732315053494634,1.0,1.566944639667136,0.18927273354975593
83,1.4439702218422261,0.2168814394402524,0.610545292701712,-1.0661623380186172,1.9350184183754509,1.0,5.897047800308784,3.7026323729496733
83,-0.8000090660549484,0.18055300476005376,-0.6400345608148874,0.4684199209682758,2.2354876819885146,0.0,1.0695623884607528,2.3798395675561634
83,0.643165296398346,0.819263884762051,-0.03149554216840711,1.1407066863770334,1.5715982252810377,1.0,8.632317578107132,4.598045431006997
83,0.9014910813354717,0.47876382683383784,1.0037864642190757,2.110345921043985,0.7515710320935123,1.0,13.745115053720784,4.5916927231894995
83,1.9709921713849223,0.685907875076197,-0.22915253264771718,1.6773918004061235,1.9486499803579043,1.0,13.09169809550408,6.352672948201638
83,1.0415219072021524,0.8677123016983077,0.9016661558443726,1.1507904195335983,0.774300903767049,0.0,4.878532180551552,4.8920411767384895
83,-0.2102846892766781,0.26021667090744277,0.9816711796619423,-0.1604736922969321,1.0183806896385983,1.0,2.1942774374240863,2.4456693567905425
83,-0.026082908483476053,1.0718649306702135,0.650281580229693,1.8495234106206568,0.38032029984459714,0.0,4.63043325777885,3.7309096600119798
83,1.6001164158881953,2.474072133227444,1.9941114828378812,1.713479514346641,1.7816243431619887,1.0,23.550428808468975,9.32972014006121
83,0.5172698193287629,0.4614076355651383,0.260687967838909,0.037104800741182664,0.4924620743177657,1.0,4.343413174244997,3.089351279482267
83,-0.6683643918350737,1.0943369909933838,0.6120284897615731,0.8356365703689426,2.83760921596029,1.0,5.846195678511681,3.4426918367102486
83,2.061667295012334,0.036764081277629035,0.61136211148461,0.025666221924162846,-0.43768544875153703,0.0,1.431449034521397,3.043549382849157
83,1.7689132032572399,1.5698676973063668,1.0642858690841996,0.7896415450946446,0.8247810385703712,1.0,15.727153064102698,7.270833175744093
83,2.7615534428811617,1.2067097279336383,-0.6253940976468708,-0.6472556153763878,0.6233639455282438,1.0,9.414151732943262,6.802614576469413
83,1.8712624207097126,0.16282321607681605,-0.23556167442434872,0.6061789191155154,2.34140612518555,1.0,8.285813636951652,4.650122874781421
83,-0.8302201777352471,-1.8407893689986192,-0.10059237705369073,-0.4328717424344367,-1.85414895383043,0.0,-2.4307287681560763,0.9938940187545109
83,0.8044914908012559,-1.3489559479267994,-0.21658210613277007,-0.20061769206809654,-0.31472241551934477,1.0,0.48667652838198666,0.25322071636229915
83,0.7780160536716925,-1.6567062536974424,0.2514584544704088,1.781709119943087,0.8038844727484584,1.0,4.646035655650033,1.6587874259198874
83,-0.2688149849499294,-0.02687331090824152,-0.04985597954861709,-0.8596019737043792,-0.23901300885994026,0.0,-0.07200616679246283,1.2839017677412752
83,0.73927096705906,0.783240233257124,1.7597043458831247,-0.6244640045892735,-0.5590173509531651,1.0,6.335705204534025,2.4406074072981765
83,-1.2276391928749038,1.6935998226180835,-0.5240259024625609,-0.7136550865493467,-0.19373137598545487,0.0,-0.9434204460106379,-0.6960436255579263
83,0.9870555814311937,1.402001725207675,0.6226643769347582,0.2877661182634356,0.6777841073881836,0.0,4.311734387713448,5.184817055648177
83,0.6926150083712881,0.47797947904717714,0.48461440413303913,1.8309782960797938,2.1304974155904848,1.0,11.038593828754522,5.024252713844495
83,1.0687948989073903,1.1373605490630392,2.3756169706171706,-1.1746230981868715,1.5478622002926552,1.0,10.219836733890084,3.9724045957799348
83,0.6952455492114764,0.4567666088667717,1.33274226428677,1.8180383154828321,-0.10551390013906103,1.0,10.319307690618638,3.652016385284047
83,1.4473977977443884,-0.00310278686425125,-0.18387896172486262,0.3263047438064196,1.1768045553485467,0.0,1.62966701759332,3.360413551331529
83,1.5064347306120036,0.9688828245373653,0.7854474295941909,0.8680855832007868,-0.5783846107835782,1.0,9.217983148289353,4.941863659223559
83,-0.8071010932154508,0.7209432505766643,-1.332992289200668,-0.38247180789128676,-1.1276162534922132,0.0,-0.9426356500676141,-0.8109241489634352
83,-0.5436178498292659,-0.6340683373434555,0.8973324003163551,-0.7497052309058971,-0.2576853382907207,0.0,-1.2013637545475295,1.324516044859325
83,1.4401255981302594,0.5348752287676845,2.3855382829611376,1.6100743636706354,0.137616533724977,1.0,13.848710496768339,4.096853922118049
83,1.3847033967688114,0.06591508914915867,1.309921679379315,1.7647236675436746,1.5889749934373354,1.0,11.35515524148784,4.406317964929165
83,0.12569177673577453,0.39419086755825966,0.4355547115454847,-1.115005295946428,-0.26478173492506396,0.0,0.7825669857321107,1.7440078545725533
83,0.474347508338713,0.8860278858033517,0.5456134429842561,0.8989937574733803,0.3972569012536128,0.0,2.3748546309289145,3.876213977838588
83,1.607579648311187,0.21414337971817798,1.6660189296019177,1.439077322623258,2.1216141831731736,1.0,12.663751965333146,4.773390505419737
83,-0.2629103545334103,0.14683999250328628,0.5133580156446725,0.5873799986042914,1.3608202594749943,1.0,4.839700292899696,3.0052384846060907
83,-0.8396111412641165,0.9697909089678878,-0.9273375944521676,0.6542162034345,0.7980234975299565,0.0,0.9737545354042719,1.113259783542774
83,1.2568459546038304,0.3532563794787742,-0.9737707675257241,1.2559307445663737,0.6417542917617025,1.0,7.064843883958659,3.2731822202955287
83,-0.7839547969455996,0.7619347000510266,0.5772535802358526,-1.132988203372777,-0.2375210971196856,0.0,1.157439669869158,0.8330043255121412
83,1.653724201293951,1.1712939588788576,0.13553539279877996,-0.6444968822415915,0.6234945409109733,0.0,3.458977179135009,5.39760190295387
83,1.049170377081183,0.5792755384708558,0.056731876639412815,1.1806439423253834,1.865238034022567,0.0,4.927959088475842,4.97167979805708
83,-0.4500253239005989,2.245641526138304,0.6963591668349722,1.197992866656851,1.4568826193323354,1.0,8.021631743761414,3.3300124743490134
83,0.33871230095329374,1.5309681618972246,1.6892462672081048,1.1032440847142406,1.597278777131554,0.0,8.264440545836916,4.530109393208651
83,-0.1899020064309167,-0.7401470218354038,1.4541179348476292,0.6547365700076521,-1.2035984033531237,0.0,-1.94541716062194,1.244572772914998
83,-0.22048898872294753,1.8956582415030623,0.06982264176585212,1.831668979316852,1.7396279269008004,0.0,7.143790315293479,4.237736021252134
83,0.2881894298976232,0.7762223478548017,-0.65964725683203,1.053800392046305,-0.39283943038296676,0.0,1.6706150200248169,2.5467702723190433
83,-0.3186179782604849,0.16642634715359939,0.6208945119035649,0.4119021779288196,0.35266769726831787,0.0,-1.5298191396311007,2.376968339988876
83,0.1761884393208723,0.841531636502695,-0.8181301605260629,-0.9854746158599672,0.5637885028408335,0.0,0.06687923516639244,1.7208071860137903
84,2.156334307246759,2.091752845613155,0.9291829370065102,0.21880246480649662,0.4219456496727433,1.0,14.312217196286515,9.018016282097912
84,0.6618674860051441,-0.06533012492667001,1.319154904538764,0.27118552599647194,1.589932951653313,1.0,6.128981153724835,3.0941595057554094
84,0.3419533290456311,0.21922027852970033,2.0283949342863323,0.4770248361871046,-2.0089269499924916,1.0,2.9559089666998664,1.1620012628409453
84,4.670707616684131,3.136619579461627,2.473370414030375,3.8166632735277592,2.494236568495098,1.0,53.41565989061758,23.161107295517517
84,-0.849578992824374,1.2328857362487817,0.6721567871150564,0.21883738218554416,-0.27984799941687655,0.0,-1.8337800145119283,1.232273143865107
84,1.3301653448621158,0.6035598419439963,1.0078630532209276,-0.6732842130720953,1.2635069005471724,0.0,3.2497038979340283,4.102408989253675
84,-0.10576725921145547,-0.4613812621482226,-0.4057884673971849,-0.1758549218559533,-0.08808922611618286,0.0,-1.4746183597251183,1.349149903741814
84,0.5243601270999165,-1.0549783653024025,-0.36625658901436564,0.22382165127776776,0.4696060092136034,1.0,4.376235565165604,1.2787623121421567
84,0.19736276448303597,0.6466113783675276,-0.3026782764829703,-0.047451348788949854,0.15837842915137051,0.0,0.8312639362120985,2.4082700614068657
84,-0.4469757435738766,0.44104246892862603,0.010424518732116972,3.3536261134527052,0.45976047994273717,1.0,17.18605793103803,3.7117492984407776
84,1.4292803392913305,2.3190817899980143,1.7934723912289865,0.019927032598105854,0.05070616135281636,1.0,14.733881309822989,6.900011461873742
84,3.5637930265291757,-0.4826648818538236,1.164395409454618,1.9312562397362172,0.5646137292518036,1.0,9.406080321372139,3.0458849812485926
84,-0.10868075575099878,-1.9457832363706862,1.0580692190820502,-0.714039217247874,-1.415166287897676,0.0,-3.8686623478368736,0.13922455046031268
84,1.6965742867831803,1.043717464263719,1.4369558749289828,0.5413513794155687,0.456569961625391,1.0,10.468376338391163,5.4917699190381395
84,2.082996794865601,0.011394994274785353,0.816451971820503,0.8242489893640774,1.1772203366454175,0.0,5.1464268276717835,4.164703313821517
84,1.9593281511494713,1.510626096850236,1.7964207024253969,1.6052658813267668,3.429377209983699,0.0,10.666309052792128,8.886606301998533
84,0.48094853491682577,0.581540983100286,1.2870404814114926,0.3921994163621614,2.299913342417957,1.0,8.034759201638014,4.08047592944364
84,1.957300156790248,-0.46619124929086075,3.1751783616556866,2.687164803708888,0.27065921243827873,1.0,11.91437645406082,2.900143384199034
84,-0.5016885204783694,-1.4885071582819205,-0.3568262420057179,-0.4665573446327017,0.5390282028378655,0.0,-1.2684851956554655,1.5465015641258872
84,-0.5885811242622416,0.18606478622430145,-0.8321825508882177,0.28454218991496527,-0.1294558030481846,0.0,-0.5893966050562373,1.0239431090949938
84,-2.100182531340391,-0.8300415297753618,-1.3037013826644315,-1.6252673944249718,-1.0248828347262897,0.0,0.07359785671726282,-0.4348686085360356
84,-1.6038909321016184,0.6531534915112466,-0.7263797395829326,-1.3874405901707674,0.8195278754659574,0.0,-0.22638125505002027,-0.4225181541591527
84,-1.0233637557779052,-1.5256620528511697,-0.636634369209099,-0.8200614354714344,-0.15285908473126553,1.0,1.0331791639074226,1.286118050034728
84,-0.6271213689482833,-0.19459482982738352,-0.2540301127781298,-0.9098343758117271,-1.303821874523016,0.0,-1.9253307255361438,0.4452407852448559
84,-0.5896907227321078,1.0670645467728364,0.11820611225024119,-0.08515685300157672,-0.08548083440467535,1.0,1.9865912147015945,1.576254849209739
84,-0.27323929594408014,-0.10901838104219452,-1.2971074309212907,-1.318226411021289,-0.060407734958086046,1.0,-0.10904266911618252,-0.22892665698661324
84,0.39266374185705133,0.06328160108884884,-0.7447378868477033,-0.7574700630380962,-1.4063449870960951,1.0,0.18167165991142095,0.533810175712485
84,0.363956584083322,0.7232086283127843,2.1089665044168444,0.4627253429915181,0.6890130108897109,1.0,6.882145769515054,2.9245859000251313
84,0.5080169297492192,1.5641212751360205,2.7352505425495206,0.9790766242543777,0.4208661073250229,0.0,9.014334418060542,3.97969307483296
84,0.2481667213876662,-0.34802373419321275,1.1055910445783317,-0.8948586485085477,0.4150892219030152,0.0,0.8609823873451098,1.6252206711719062
84,-0.026610068697752287,-0.058489139690945824,1.154677058239681,-0.2220637083934177,-0.32298784873709274,0.0,-0.92745210450464,1.6680334849286411
84,0.9749793963032298,1.7294015771957014,0.528432958710758,0.7655250765229282,0.8543003203989101,0.0,3.7689289091276867,5.976048772712938
84,0.14657798313360593,-1.0650482864718371,0.5227352630053649,-1.2826905895836709,-0.28623326788533776,0.0,0.12332704279461415,0.7280147584777343
84,-0.5621351977379949,-0.28668596559820014,0.15188456068894862,0.4381800467125293,0.83337400526866,0.0,-0.6565514262934546,2.4369526936562487
84,0.28078557275858806,0.06764304220471495,1.4939510235939608,0.18250137220890217,0.43660374851439054,0.0,-0.09624585512341244,2.3265052643621136
84,0.15164180942284783,0.08201441263351661,1.7497520018666,-0.39871547854860234,-0.32376779356477303,0.0,0.7763661717002781,1.4648972663427564
84,1.621251600578977,1.1847907603171084,1.7813198966603323,2.7046889316196028,2.0322918945191413,1.0,21.63249529157278,7.3740435195978336
84,-0.03081918560826835,-0.22377099762982988,0.8206427441848934,-0.3160283183578222,-0.6998625458782546,0.0,1.163375804925716,1.4637284149350274
84,-0.16918740390858233,1.373684364524102,1.5835601547144427,1.2090590839564719,2.639789741909135,1.0,10.738282131728653,4.073279397822254
84,-0.0936797346668301,0.373034896555937,0.3868303250062096,-0.6057589609360103,-0.29913398153645265,1.0,1.0818784484256128,1.7718099474298143
84,0.4400609954978932,0.3238877045887047,-0.47004698564158387,1.0637870693554095,-0.08062886194331764,1.0,4.369009756988219,2.672607314697904
84,2.494923577920951,0.4469926839617067,2.189942430567916,2.7554199648143425,0.19596100537912126,1.0,18.954167168927796,5.576492436645472
84,2.5917011440315894,1.2307629989194082,0.40200057981870263,0.9961792591167296,1.9790935414712,1.0,14.977937458219326,8.709918722866277
84,0.7469939354508599,-0.58542678480959,0.06997740675215841,-0.6495828468781142,-0.43295745457019263,0.0,0.4629893573353133,1.134744450304063
84,-0.11207989740579216,0.03775162727891601,0.9932292339165646,1.9125150725572229,0.21147238751699582,1.0,8.539430102106595,3.0632002943948953
84,-0.30598954349503604,1.5646904539345157,0.8503048835593854,-0.5538328408259046,0.6921938711303228,0.0,2.229059838660807,2.304658556611662
84,-0.8096025972342569,1.2386893246828627,-0.5578995849680333,-0.5622892018593442,1.3318233124887966,0.0,-1.109199102406071,1.1658834848580044
84,0.6104311675773008,1.1157285933960943,0.7110813142008439,2.8403021822063415,1.23255638642041,1.0,18.551991966747757,5.693781925527691
84,1.2369484433590887,1.16789222610014,1.1612304091284162,2.0802607862376488,0.20494774670744437,1.0,14.56801957941445,5.768473461347682
84,0.6016294733774772,1.40410186489457,-0.03604745557415712,1.9904771594904571,1.6319992558597411,1.0,13.323408153523152,5.64017957539291
85,-1.1227906946457298,0.07364162288054754,0.26417180294727616,2.0974091534680928,1.4879367042478358,1.0,7.5123480943071375,3.2828092478971653
85,0.6116573762782322,-0.8209358394663688,2.024121168375088,1.436586867266803,0.7095622848433788,0.0,1.3608127179393719,2.0404074986024354
85,0.529801956178547,2.2797013489765288,0.8655669280899778,0.680079181395343,-0.11061299882612763,1.0,9.839111469530387,4.9782669672844815
85,1.8473442259120159,1.5942694848321328,1.7957009346691215,1.8258899096169823,3.7596683914493636,1.0,22.073054083968845,9.133587627157448
85,-0.732033280777967,-0.4975542499267891,-0.4030572911143473,-0.9979095767120982,0.7020119670825983,1.0,-0.23460603729210971,1.3198211802459756
85,-0.383223254547441,1.1005408474805323,1.0881689086391715,0.5909766234735382,1.4472438700405328,1.0,6.651414124758517,2.9642087377283186
85,-0.8153635099404897,-0.5424896923315101,-0.20838602270816398,0.1783946572701488,0.2571008113280441,0.0,0.03193955317199637,1.8553205117304703
85,1.1807727171399236,0.896871112593657,0.6102008266458673,-0.2649928937938443,1.9318725938682209,1.0,7.481584767389752,5.0558960730353935
85,-0.39686397995449885,0.6622740847361415,0.18512135814964203,-0.8264762855825432,0.7229023129396696,0.0,-0.19441940860751594,1.8935599360361972
85,0.5485071402048269,0.16118238106391103,-1.3273474806083352,0.603825837061564,-0.3906411388564036,0.0,0.3458216484894567,1.1272242576977125
85,0.44223776210580973,1.0613681914202955,-0.6811755149188219,1.1094611490251063,1.2310410751193575,0.0,3.5274336312337624,3.827676451221788
85,0.9663641797000389,0.8964187637663998,-0.4428307096219415,0.054355010290987105,1.1108439973682072,1.0,4.5177251831656715,4.062384933107177
85,0.09289868107044175,2.3376716059261593,0.9126480092091402,-0.4566425806413664,-0.5246851249362596,1.0,7.071559326615575,3.0097648912622463
85,2.5163203030825283,0.3454865897079208,0.614641392642033,1.9233275351187307,1.6653963167206878,1.0,14.049659937364293,6.218921284710236
85,-1.6368795649822854,-1.392246277729288,-0.34446764445941713,-0.01308941850732992,-1.507984686605576,0.0,-4.45216032782832,1.7728610454171956
85,1.8100215119426022,2.3651400118180064,3.098647842653775,0.8287597405210669,0.9751770673174787,1.0,22.304541345550007,8.820749373954984
85,1.3029572156768998,1.1018314697483418,0.09421073766168792,0.9199085462336745,0.06844610525340222,1.0,9.328144494780167,5.17488175113062
85,0.9217512486190869,0.2156373079870751,0.01503126752313505,1.6430153510206098,1.702528895854971,1.0,10.073901070525638,4.44763302601371
85,-0.5904842654731215,-0.801056965270541,0.8464891876152897,0.7258747733572126,0.42244742863037715,1.0,2.1533081497454405,2.437263290779681
85,1.191625392555523,0.35007503389749417,0.47510020057069596,1.2575609694121126,1.8068486957736296,0.0,5.074888612594953,4.847010337382235
85,2.200632415067677,0.6913165830588254,1.3634560271625724,0.9492722588132724,0.7439385192012056,0.0,4.114599354286891,5.701499479811499
85,1.4082915785623302,0.6051029777515166,0.315037931308007,0.16411038359385344,0.31393096607397214,1.0,6.52259387355447,4.206182972861354
85,0.03078872991899223,-0.9485815659628682,-0.3114566847407183,-0.7374525129652347,-0.9072576180954632,0.0,-1.532003585745593,0.48570273782631146
85,1.0325984312979153,2.2442450002156304,1.7318950148394971,0.7091828961624764,0.6699424994024452,1.0,14.31832675782251,6.350933022577976
85,-0.44732666592561765,0.0698369017763098,-1.4236254294003758,0.5699884700034868,0.6945159358794654,0.0,-0.9940914571819387,0.8470949010711368
85,1.447875909647937,1.3700815713868253,1.592515307040658,0.9782063740136169,-0.26933348058935136,1.0,12.63590835786597,5.5216636694522645
85,2.4187344883370683,3.659336847353811,0.04942651399389797,1.938503649211648,1.392734756360631,1.0,25.070652467088475,15.579111123275812
85,0.646926382139025,-0.32743502271229163,0.21491404474021353,-0.09146314596587779,0.5400048670152673,1.0,2.381640712579169,2.2566419369106594
85,0.6454727594624629,0.5200400366924341,-0.1635619402667603,1.0136981241537533,0.6249173861970128,1.0,8.339910692384846,3.642608400598306
85,0.5229201388133602,1.5941476929918421,0.20308223895258481,0.25572981358478936,0.812863439670308,0.0,2.409925785874141,4.507433171966407
85,0.2876879322844876,0.5003959077478616,0.5923627522138808,1.455579454718292,0.1533037513940772,0.0,3.952850977726691,3.468246580884737
85,0.998149288701649,1.0158937028678623,0.11134205006102588,-0.2114735146410257,0.09714364267832687,0.0,2.1997355384550548,4.013349036667327
85,0.5898637814164074,1.4401834017256303,1.5240546306541767,1.3988055306054765,0.9758962460879982,1.0,11.485177822347612,4.860638500417968
85,-0.7562625715296647,0.33705502498886186,0.21839063591260793,1.1369979566936714,-1.9729586291527412,1.0,2.762295157523798,1.2029565047958124
85,1.580919620554704,2.02088552951328,2.09412030131842,1.719036637879829,0.7632809318210914,1.0,22.174649026898834,7.784217098633945
85,0.010214975134919035,-0.052789357076093335,0.7311289084063042,1.8139498759282533,1.0802311352440888,1.0,8.415354943002944,3.53524961977891
85,-0.27230350386383984,1.82061131424949,2.088937405185484,0.4326647633103071,0.13685282936835952,1.0,6.346946267355061,2.1123564916406044
85,0.33866454985905353,0.32200314229554455,0.9741644825613771,-1.1356449604281853,0.9516676725799941,1.0,3.623902487388163,2.396337909630317
85,-1.5940222664518946,-0.10690551523831426,-0.8034970014683445,0.22808506622970648,-0.9619248356756005,0.0,-3.529382643907445,0.24547135453552027
85,0.6591124840214156,1.5263186319311688,1.258304996039229,0.21715494120844253,0.9086524400696921,1.0,10.808198394117062,4.598217676729083
85,-1.6139186382969863,0.05043775559191921,-0.379880013332055,1.080695524246015,-0.09155119898430997,0.0,-0.778558587199383,1.3701984151913262
85,0.33621368237337074,0.4847468750803768,-0.4961182628248282,0.4744572719041747,-0.190731474679536,0.0,0.19722939099053688,2.3466995273216757
85,-0.3418291813098152,-0.9446688776683592,-1.0734285852678491,-0.10038997336318844,0.9303093112057734,0.0,-0.6391922232041435,1.0350255920808769
85,1.196664503771002,1.3441107410481943,-0.5113483705656694,-0.15510958093947558,0.44869044621338394,1.0,5.685920046889204,4.642038953358449
85,-0.5030523734945849,0.9621840635462666,0.8113082427198068,0.7177552082536791,0.8678593830951135,0.0,2.614457156172003,2.6325485849157815
85,1.7653349783296932,1.8428291222239388,-1.0151662131066888,1.8993284956840748,0.6124828125707875,1.0,11.85008029102417,7.3330940358566785
85,1.3535126781045417,-0.2449259326283011,-1.065933412935463,-0.08879604289793464,-0.2540432281225229,0.0,1.7151016291353391,1.002084137238488
85,1.2361373886899536,1.0165709014341493,2.377373988003697,0.891192955767177,1.8567916881558761,1.0,12.571888239167686,5.2237315203669885
85,0.2508538676066303,1.7786875004887561,-0.3323017011063044,1.7594454348468829,0.48595324920143174,1.0,10.9792855533903,4.362803802286184
85,-2.1573707127980923,0.7065402623454347,-2.4748180433648517,-0.19495543587738617,-0.4184663937315847,0.0,-5.342311947594442,-3.5796249382716607
86,1.2281746654765273,0.7147601859864172,1.8430042310423698,2.481586646803932,0.32634959478516623,0.0,12.592029087761844,4.90592931568781
86,0.7277908048151216,0.608150898035536,1.3473231556329033,0.39784418413321204,1.2184684815532623,1.0,7.371456495926551,3.8140131525181373
86,0.0331430853590578,-1.4281224021495553,-0.015768309542417036,-0.6542654690357488,0.17176974666358957,1.0,-0.5814606194794146,1.0059216257528054
86,1.3933366076787819,0.09677758457441621,-1.212846260892089,0.8940215956003332,0.8014669813436475,1.0,4.696078260144589,2.471576973182887
86,0.9442999140630329,0.6212666343951935,1.0281898550988833,0.35825029696516675,0.1606878614755044,0.0,3.4720207091170323,3.659379146551199
86,-0.28274523629911885,0.9571387158155973,2.2322118679724596,0.844589418574476,0.46771651332884856,1.0,6.921091911149742,2.2245947234566334
86,0.004910946238035563,-0.315869126167307,1.368766224033176,1.8265104636061167,1.256248325572157,0.0,4.585109420767203,3.2693907562494533
86,0.5869571606951299,1.880366529511005,2.037634171720985,0.772582850191109,-0.9113254156933908,0.0,5.40817504539298,3.8367374988030942
86,0.6852764006936812,0.533489031622922,1.1999527195235744,0.5472965421636726,0.22277562459590794,1.0,7.018376857872888,3.3223844240236664
86,0.2966056211851559,0.7826232234948751,1.391796415485806,0.5486984619220622,-0.027103810416673646,0.0,2.7205635601375517,2.9064859563026424
86,0.24473836409867716,0.5098470083426919,0.24977186812299879,0.6313853025541626,-0.9305174014862139,0.0,1.2549028422115758,2.4463605308051974
86,1.9280693602856973,-0.10183514777495373,0.2347159701014317,0.967693786238682,-0.10701885332996841,0.0,3.962190057152908,3.237047766008885
86,1.0174103930882885,2.02646820794099,1.2088631073268699,0.6575420313323792,1.9560903355731725,0.0,8.048176252296306,6.849019721477063
86,-0.8991969240675735,0.27847736362076164,-0.5134635797829223,0.612800930156077,0.5067842231119858,0.0,0.9867798507553416,1.6133434530282653
86,-1.9766786056776584,-1.5325142140379322,-0.6440065134153892,0.07094132777933032,-1.8913330545932374,1.0,-0.4935897099668043,1.8421891848793646
86,0.04827705815861755,1.0560859792105977,0.006539647277562399,1.1472274936976086,0.49830973458032124,0.0,3.345332721653766,3.4291832972841556
86,1.0535233126407602,1.40910195320299,1.605516924096331,0.4519621060466156,0.19885373600514245,1.0,10.539494659706405,4.809287151922685
86,0.04050114645662173,0.4756302534113348,-0.3701587561914622,0.6153081754344825,1.285391770334524,0.0,1.5025771216669477,2.9748697904439165
86,0.6612266463779932,0.855156300451698,1.7352689189025474,1.1289769277649286,2.280921480308506,0.0,6.662144086976504,4.732495206234831
86,1.6640712687227688,-0.45264049916884197,1.398856128116667,1.796628017623439,1.1888086055048208,1.0,9.982247385903626,3.2157299703690816
86,-0.03277384969541197,-0.9904049505081085,1.1728165404672037,-1.7096329823264318,-0.28765297732705797,0.0,2.1463148194087514,0.4961920821927526
86,1.4216594159739944,1.1275114256771124,1.0197960049646553,0.0884638948046293,-0.5733207081397458,0.0,4.010379571549447,4.668532017739283
86,0.672125916178654,1.8049581705189994,0.9038776875585188,1.1402656938292368,0.4181996111542635,0.0,7.2242470339020075,5.301440509114105
86,1.5098195191371886,-0.3358465553027258,1.9885298835631318,1.94238745392821,1.3260028955241319,0.0,6.187874162967383,3.3026889704957485
86,1.6790747195133,0.7023293336024025,2.473227740139548,3.0763449048866676,1.007297085675204,1.0,21.95358845742063,5.863564337246094
86,-0.27966761467968726,-0.11859378108915786,0.700664117609447,-0.38602606396500383,0.31979409857548,1.0,1.4992569006210568,1.9156664004364572
86,-0.363321714169729,0.6171154896672433,0.6805960147581716,-0.0114354432382624,-0.16509878201669625,0.0,0.3685981881277624,1.9319141356947642
86,1.022332828791633,1.2298820344162649,1.3628910674646733,2.273160818259167,0.6007698398582382,1.0,17.424182182650583,5.708277796576341
86,0.42887364205488654,0.27862702170901593,-0.17401459194374058,1.457549614114694,1.329645814481592,1.0,8.9162559315774,3.7647341641230945
86,0.9408584772818184,2.6696682325038514,1.4906439847371566,1.2901354560096205,1.0082400749863418,1.0,17.417170517410657,7.291619648704959
86,-0.18325700942880818,-1.8599697651647054,-1.3751922820435878,-0.43317276864490695,0.7922001335911724,0.0,1.8517957335038457,0.005515747218826195
86,4.0516531186506075,3.125036620595661,3.2400606030401193,1.1947365080535148,2.1782234404753034,1.0,37.617901256676774,19.56126356780848
86,1.0510963382138376,-0.1638025292764198,-0.7470945337526727,0.7703375270952189,1.4637419660042617,0.0,3.6844344566583622,2.7486334015677274
86,0.27306106308514827,-0.308988243675551,-0.2153765992895892,-0.7417200987296264,-0.6956229854501259,1.0,0.33248453640375275,1.04819988810927
86,0.6871888663674652,1.214213963861928,0.056820728707668966,0.82585100385643,0.716263992256337,1.0,7.705246143553566,4.5829497315526915
86,0.5025052540931797,2.1240702748378997,-1.0890810057713232,1.9961120147071025,-0.04562789417598467,0.0,3.0749728288974443,4.27464577149652
86,2.0474229325784497,1.8609841608038498,2.2022423565277176,3.1944370631231673,1.9116366456308114,0.0,20.160603428068715,9.828270653941356
86,1.898060431892254,1.1441479952404974,0.8665869934783846,1.1260718619037335,0.49815723282407026,1.0,13.23211766284408,6.585605741822521
86,1.7758646729677643,0.6828570627399352,0.14775818756928466,2.9420076311843193,-0.18561433546552153,1.0,16.005540795004418,5.883201949178984
86,2.76956100829897,-0.24679048395298875,1.3294000809893247,0.915613032168954,-0.08126362580988034,1.0,4.911729985753168,2.8988173251305365
86,0.20944249973978463,1.1387667578617127,1.7728757654278158,1.6889450539820472,1.2147263031663311,1.0,11.796673610356597,4.050177458374246
86,1.7271905840002213,0.43386100368744707,1.5564954516476888,1.6292807602828827,2.0433046776682535,1.0,11.263771643448239,5.458727266671964
86,1.2133878903229094,1.2110508918087144,1.852375582438056,3.274499983562421,2.556229797460618,1.0,27.634182178427647,7.245373503946357
86,0.38335188374356055,-0.1106957607387622,-0.07450318799624212,0.043262568354918596,-1.769856680182396,0.0,-1.0137107007963204,1.1905699042134457
86,-1.2551771093745987,1.269886981276067,-1.1822952580476886,1.3108499674686231,-0.5621553312572265,0.0,0.1712358568975757,-0.42457683191405604
86,-0.4925512249848796,0.6270334753383369,0.8814977051328035,1.3374543032467345,-0.3085744014843519,0.0,1.9884927062194815,2.349579912691738
86,-0.33251063810543857,-0.7910162603550925,-1.2357660249168205,0.5858469413721371,-1.414708291585135,0.0,-1.4621513851690149,-0.0022580281837086824
86,0.42436295832543813,-1.3903914857893331,0.6186679371883088,-2.131261442383924,-0.6563658482393568,0.0,4.2221661379031,-0.3428728748955481
86,1.3306809088976717,0.38713650471790895,0.7863517947227717,0.32151831103064976,0.44554427522846884,0.0,3.298760543638456,3.8572031938501747
86,0.796271520340388,-0.29247737802789187,1.9500528114787652,1.2937281341275741,0.21295698523332496,0.0,4.290272918478973,2.3771447395373406
87,1.4791194910056942,-0.3032999154115327,0.2429049713767107,-0.709682512925853,-0.3383813548252711,0.0,0.8032359243737128,1.7073568811125088
87,0.9820528552580784,-0.8290765577793502,-0.08331432311086528,1.1383427702574513,0.5594146422076656,0.0,2.4156877871303393,2.0660440614945266
87,0.6038723784172033,2.1671183708838333,1.2238056040591248,1.1071780170505208,1.2174325897305955,1.0,13.69045367948379,5.8084358311852515
87,1.554585936240829,1.1808643585957963,0.3373457571791924,1.3731651360289951,2.8161008223629476,1.0,12.188845944187259,7.410422629040431
87,1.4172060117346423,0.02882363075404598,-0.6929750985733507,0.21384547600488546,0.15864284131205608,0.0,1.0512316383122364,2.3729692971005756
87,-1.4501346258872054,-0.5698142413768068,0.9544974568234091,0.5014703410879022,1.8769531315191883,0.0,0.11621049202936917,3.060812310635512
87,-0.24470062536508974,0.43425704239221263,1.2681738122756117,-0.47972239361445024,1.0353565893967087,1.0,3.0931825446083097,2.1984438140712683
87,1.1048483602271975,-0.11677679712686617,-0.3990814027238223,2.3421044761068757,1.3632362450936297,1.0,10.834465500590436,3.939563111946163
87,1.3789714121003471,1.3908129830249778,2.0946060034886456,2.1260917972834887,2.1847912374187466,1.0,20.837711282988124,7.005345425242379
87,0.6723462172699302,-0.9684204853734504,0.482297745133723,-0.7659184382974913,1.553772744440554,1.0,3.414402183278593,1.721856572875903
87,1.114719353028049,0.7870558123818434,1.848106605085446,1.6594638958247665,1.8457776779666024,1.0,13.29569409161187,5.231138337775113
87,0.8382487701744011,1.1258125556821592,1.0098477362758356,-0.9186950521501245,-0.6751394286049286,0.0,3.1935570927936245,3.165737937915007
87,-0.8018324170334343,2.0255805467560064,0.7861350945236941,0.06438645729141079,-0.5227036411515391,1.0,2.1482940196567997,0.8581923747255293
87,0.5836101201061156,-0.0663855914262329,0.3644446535915761,1.5083964063171449,1.8273225823475374,0.0,4.511723538747026,4.004272630099273
87,-0.6185757448755733,1.0242759905685697,-1.6614955362470663,0.5935519673969726,-1.4432036743341032,0.0,-2.615974027343498,-0.776890689305289
87,1.5577737928855355,0.6709507756151741,-0.8285222882761005,2.1798088797744666,1.4625706804698735,1.0,14.745936234406495,5.242445927476951
87,0.7277697372721662,0.14983183645172204,-0.25401702379253965,-0.3783709771743661,-1.029187764575245,1.0,2.368888788086993,1.6849667597255888
87,-1.3836881510192045,0.1200868186855455,0.3880618123341835,0.6254700653556323,0.6354077677917951,1.0,1.5956496845906918,1.9521506471151016
87,0.1408213044153367,-1.5957388314236098,0.8723005078367612,0.42423238237196403,-0.5921615184342393,0.0,-2.2642186817169625,1.0430793963985763
87,2.431123650464369,-0.11816353811985325,-0.1188175395469181,2.476542639154964,1.9159905239349846,1.0,14.992883051533097,4.9990171924910465
87,-0.9230678423114116,-0.41096411119492693,0.4998389004967731,-2.254239506327621,-1.4601156361049012,0.0,3.2301203156497706,-0.017266556614745632
87,1.6870453122906297,0.7289189647289367,0.9587849173719413,1.8453920987674342,0.06431069219219104,1.0,12.718807241595645,5.446460263052676
87,-0.508696270293181,-0.06667577982467654,-0.3194899266455349,0.9118797413559481,-1.6220021031971057,0.0,-1.2922894088956645,1.180821297826109
87,0.5269428928380113,1.6107843285935979,0.4196772454249525,0.056526483875860456,0.23232740688652337,1.0,7.518856898719472,4.185141031960017
87,0.6745546262231887,0.37914744419648183,-0.21033460601929688,0.3658985495946412,-0.3930357784683929,0.0,1.2453215182083186,2.6418318883041745
87,1.6253900718994636,-0.6843295262235325,0.500355872462241,1.0014097497039558,1.1473819164902472,1.0,4.896687774173517,2.560213516311071
87,-0.5090953828351714,0.22418536808204342,-0.057527152116010116,-0.022871398463857995,0.276642279372583,0.0,-1.437152079279993,1.8398808908956954
87,0.6411232206300312,-0.40371415476133266,0.9486416250034659,-0.8748538356590807,-0.6149475185569937,0.0,0.24043838592176225,1.1720816249654293
87,-0.49454180357219957,0.562178170121173,-0.2888104610774249,0.391548990762441,0.25018273553009385,1.0,1.3902957794530113,1.8908415584768083
87,-0.9625941963074816,1.1378696565872413,-0.09243560069353463,1.3787424082346638,1.0599768899629942,1.0,4.599643141447662,2.161203722208933
87,1.4566887800322497,0.7319736744373304,-0.35460786010211176,-0.03683133268024763,0.13451914859494024,1.0,4.865844173651211,3.969911764746421
87,1.500709948605805,-1.2541601204864667,0.40185905777590963,-1.6209024080494405,-0.510102178103367,1.0,0.6171678945738783,-0.7030929685019985
87,-0.7827948866357344,-1.0139181000127027,0.3977325100915292,-0.6199142377113447,0.03797042168439607,0.0,-1.2346487306879423,1.7251693854516525
87,2.5196388035358286,1.5476632884547668,1.193807062884043,2.953557616992549,1.2460548193727505,1.0,26.1888040968794,9.998036100413492
87,-0.18495970998855848,0.881768679883953,0.9870101640911613,-0.19034691920709212,1.894030364245272,1.0,7.154174451441307,3.081846595153074
87,0.7910316543483744,0.022065773668673294,1.2511936644039316,0.14896899754587223,1.0636787983400449,0.0,1.3330980331118232,2.970113538466226
87,1.0140829485108729,-0.21831508509236974,0.3920630898184033,0.6483335559889974,-0.23585231496810688,0.0,2.802742266342841,2.5028892211366127
87,0.5700842864759902,0.39602062568292845,0.9580978274869041,0.36592998736301297,0.8956444959164245,1.0,7.898747811110125,3.3937309385298313
87,1.4381949637853113,2.918312933839074,1.6841549034052508,1.231038448791519,2.418227915727096,1.0,22.074326784589072,9.928951593858564
87,-1.1458801173207298,-0.7076559514962022,-0.7938432679392777,-0.3104616558471417,-0.794504720408695,0.0,-3.4373752817674728,0.6358260744922308
87,0.45148533014020836,2.2846431465175527,2.449951332052454,2.2673850979923764,1.1796769837338141,1.0,21.13120303404649,5.577853596040168
87,1.450859469299671,-0.7568727078878927,1.072696841308208,0.056966572998026876,-0.5307488817213315,0.0,-1.8007354227432877,1.0260915270858728
87,0.05351459636758843,0.2753455538733517,1.0337132757848675,-0.28385333612562047,0.3182212233928752,0.0,2.444142926758061,2.2248375782679317
87,0.22620835475589707,-0.16993292971740004,-0.006373734175633028,1.0606585838428344,0.9289352774095485,0.0,2.9598095102242197,2.981287215432494
87,-0.23362053131430593,1.6117873905048068,-0.09512164752139274,0.8922227388410129,1.9142818786551958,0.0,2.342763939125908,3.663707634297353
87,1.691585215884049,1.2457887055346504,0.42262727651236176,0.6559593481808108,1.2866082834032322,1.0,13.125180246415871,6.6706566619052925
87,-1.1378313712743582,0.8525565212038542,0.5215075109943366,-0.19528621915284516,0.11980372518046012,0.0,0.8144390035705769,0.9773786694579968
87,-0.45361363959500234,-0.3718378678830826,-0.9704339225900047,-0.683899479448123,1.0268859961430963,1.0,0.6636471583689304,1.007162813309741
87,0.8273971415458646,-0.15770636264962312,1.0392434832808433,1.8582952907094592,1.489710175758658,1.0,10.488625142006645,3.9048566061904735
87,0.9909350761153585,0.9428372587472806,1.084763085748337,0.25680710557037245,0.30406252670925815,1.0,6.568313834745054,4.1911152301037635
88,-0.269403683876168,1.117193854899321,0.04994392991391888,-1.5245913364638142,-0.8081690949445699,0.0,2.5145232542763143,0.9802637558119749
88,0.7217447088709616,-0.12999266544326382,-0.9618659961998963,0.04807008794662765,-1.1940871136655054,1.0,1.3821303821571966,0.7201033724035387
88,-0.9519144526980121,1.2323728995087848,1.4353693258572382,0.9322717283916415,0.35181624600047906,1.0,6.525612926550281,1.4618577138964284
88,-0.20638463803313067,0.5202558796844174,0.6945274863876416,-0.9269812930591266,0.6077660684102024,1.0,4.367793487205336,2.0055751371585355
88,2.8394849719529507,0.9325227858649623,1.1986808230876642,2.0253515547616137,-0.2707737145185448,1.0,16.57589387899398,7.3741046103127905
88,-0.2857747297099237,2.2455372802863045,-0.25071152815958764,0.6728148544902126,0.5928185115775572,0.0,0.34312368140565086,2.814360526489841
88,-0.7272068556387263,-1.6546081979287255,-0.6541948833086582,-0.2506269968638909,-1.5346073654921644,0.0,-0.3830751899015663,0.5861583906049592
88,0.6613481911376811,0.8180020794821505,0.18640894244922818,0.8880382188247222,1.3561792862367925,0.0,3.427557931641317,4.4786486596917054
88,1.6015072092480622,1.032081458955414,1.2253441112741519,1.8543542584671164,0.3882014289707696,1.0,13.842032664906153,6.042252342084838
88,0.5228134470517155,0.07383276494001711,2.723408374242794,1.7179969293364847,-0.17233635017871984,1.0,8.41724526566253,2.557630531212546
88,0.7240133135403254,2.859888839859749,0.9666436529177755,1.1066540953973534,0.09722946306167363,1.0,14.503654927118783,6.515877222346499
88,0.41560151094084036,-0.28255204982261983,2.1280013115786325,1.4521666438905827,2.582653055561817,1.0,7.847927553497954,3.501690142013244
88,-0.19361598144726144,-0.06278641447406752,-0.10628143404796242,-0.6229604949482292,-0.3214586891383424,0.0,-2.9307203545600045,1.352962389027975
88,-0.7061402025658399,0.24864958738555626,-0.010318079313462625,0.9582673989781246,1.9893695332006238,0.0,0.7561057851798296,3.064279417930054
88,1.3708774732561404,0.23965889374853566,-0.3340789172308475,1.4967730085717643,0.8277864122246663,1.0,9.511784278672978,4.073764146581967
88,-0.36665506531874836,0.15254740401127148,0.5725236588493141,-0.45062801489847126,-0.8364676168376519,1.0,-0.23234260457806766,1.320264352962805
88,2.2254721705399145,0.7321209425291539,1.879840761192244,1.3237887699149793,1.449888324481404,1.0,14.201640814993073,6.130721787291999
88,1.4319758675927403,-0.41452277191224096,0.18776094727940956,0.038517180049937316,-1.3508910079948233,1.0,1.6802740867054,1.3352581397801622
88,1.890374697666429,2.0676812987700024,0.9850661077658497,2.0916937097193014,-0.5657489742600381,0.0,10.570169425718637,8.696033857347807
88,0.5154799415216568,-1.0784923024650956,-1.4687501689605214,-0.836734276112824,-0.20331493878528073,1.0,-1.3377513995341919,-0.9899778796024107
88,0.6878893399930439,-0.27249208011493753,0.6787670389565874,-0.02504850631508171,-0.5197942339159696,0.0,1.0699468763716804,1.8655637869855073
88,0.9486424791142717,1.891832385689842,0.11953088002733209,-0.6376380427839319,0.7420780402075151,0.0,2.282590956207492,5.319760121550753
88,1.1501929517074756,1.6947325110540592,1.6749735118725035,0.47151404153307586,2.4778680103310284,1.0,15.372995273725792,6.579921052371088
88,0.8845627544184681,0.08715383877852095,0.4824855820115802,0.6904877626891044,0.33263025380765965,0.0,2.618004672609704,3.201597529511627
88,1.2405344099236755,1.9283684275805666,0.11157845758883433,1.8353803700454696,0.81985536698107,1.0,16.685193211858774,7.353847484885872
88,0.11239628952387648,0.6149980642770099,0.4597706847914674,-0.2881260263434653,-0.40252399921394677,0.0,1.38761095219035,2.213535285024264
88,0.03980800323655087,1.0322543761898657,0.9105297202643567,1.2508378825102686,-0.35517716770396324,1.0,7.061369018915841,3.093545840065902
88,0.6400201907771921,0.9748078431872068,0.4183425233153337,1.0810291429998817,1.2346557896281087,0.0,3.365846044869147,4.712087985936467
88,-0.11822482640305776,0.5505587093062185,-0.5367449005174236,0.9677405830233605,-0.8484999682855132,1.0,3.795691092506443,1.8017027889419879
88,-0.3580174434497344,0.3070368108633559,-0.30480603784233473,-0.32039217832054756,1.0400913854013836,1.0,1.251051552842005,2.0259369143928705
88,0.39410114132991947,0.8211380169111311,0.4552458801424167,-0.942369924326776,-0.8069349465103723,0.0,1.1698510051526116,2.182354459397464
88,0.11746574128644233,2.246182472549828,0.47698117005489316,0.72151955049577,1.0736924078382966,0.0,4.5587326866029265,4.470155072042821
88,-1.260671411153656,-1.280206511129987,-1.4482548311024765,-0.7287388250959586,-0.7717094115343803,1.0,-1.4082882542780384,-0.008635709232236666
88,1.4783119619178617,0.6793418003458276,-0.6644845783158002,0.9309711531044977,2.2943659757330748,1.0,7.362821000848168,5.150766992320609
88,-0.7822761033364305,-0.22448194138567445,0.2746036851602898,1.030651094620838,-1.94056398479343,1.0,-1.1704114883568337,1.3171059736337196
88,0.17678488508687984,2.0957263136677966,3.574454736885209,0.8691614698971469,1.1819799872112156,1.0,18.808062030600325,4.411777522468997
88,-0.2200416196613938,0.4207283630376501,-1.2568286300030935,-0.6506071035268128,-0.26775258738706675,1.0,-0.8469459480489672,0.2290062569610492
88,-0.12009616943745738,0.3824258202874488,-0.2849829803238946,2.222098093950521,0.73551259138139,0.0,7.724195309954316,3.381217239545668
88,-0.6619950414898685,-0.9035038458628322,-0.25637888320442526,0.5243017062590534,-0.7050874769635451,0.0,-2.2594038045314346,1.5640978542207407
88,0.9118882754586723,0.8584358551318353,1.04100471698393,0.22331564388061437,1.2864329234035794,0.0,5.333163004434688,4.448689828658235
88,1.037661051191856,0.5645268986121017,0.3322998290227428,-0.3539171147466905,1.240168853181899,0.0,3.6116710038452515,3.9414519323860113
88,-0.9252486312060066,1.4597323761181848,-0.7822171827439328,-0.37947101541413175,0.7058941832478246,0.0,-2.091972263861523,0.398081974978976
88,1.6781721675771042,0.11962544721327223,0.9301791862887193,2.4074709624930892,1.2619214259592457,1.0,14.105456524237134,4.997127024201345
88,0.7936147661090863,-1.1275821305150766,0.2303679067574378,-0.5561266534534277,0.4433293663381176,1.0,-0.2189963053179791,0.9705182534808826
88,0.31243081592678945,0.6546500834144067,-0.18398748101776963,0.8061292761372844,-0.0862433918368366,0.0,2.3742293512971866,2.9391445071244924
88,0.1617823615349046,2.2547050691801744,1.1567045588607296,-0.2753764207283713,-0.02126241022379116,1.0,8.742253688633298,3.4054067161894146
88,2.0379424662389756,1.0743294522259097,0.3632070900857764,1.01911982922838,0.16983143507286824,0.0,5.177253617252738,6.456398987217
88,0.46258622916728753,0.9551250424185401,0.14825396653647083,-0.08257471192116883,-1.000801824502939,1.0,4.45704654049926,2.6721525371886106
88,2.9025251920421424,1.4874491256110964,-0.7026323949458952,0.22291192383468195,1.8970002516618751,0.0,2.913311659356771,8.984129311941668
88,3.6970018639687887,0.7077957794173318,2.146441335554155,1.4288154853696855,2.5625847030811633,1.0,18.737839206662283,8.343665935606309
89,0.26091211644811835,-0.028098549643834625,1.4200476680903527,1.2592685277482123,0.9097350947627874,1.0,6.389064193788749,3.0537795192455928
89,0.20952402293007716,-0.6099498009842832,0.5180170685267184,1.454084768035385,0.989575118438982,0.0,4.5489777176849335,3.021629204542129
89,0.00231209167716101,0.7819159256768841,2.0200606082621455,0.7809001150994954,1.5412919448186826,1.0,6.500625771128032,3.130745263240599
89,0.3589734883385684,2.359477886627581,0.09680397697945392,2.8068982079032336,1.5543122603540052,1.0,20.688290986488546,6.43054107059238
89,2.067616132923219,0.9799347405454896,0.4155050660033429,-1.1028269727160036,-0.4593383784590054,1.0,6.875561225555853,4.891486739169594
89,1.0208037493898585,0.7560476578070345,0.8150482777994017,-1.204607311406958,0.5300451833398401,1.0,7.010970353894914,3.41627832193842
89,0.24094921048846146,0.047724213475220656,2.120114782761024,2.437484895465547,0.05535171586881604,1.0,11.426862351355263,2.9402054460083678
89,-0.9336749463958045,0.06650674107741167,-1.1976140037513205,-0.6967775801014922,-0.980165329143944,0.0,-3.401925391511404,-0.5683776743855101
89,1.002157405442846,0.9887048402032268,2.120398387472422,0.6636475035796299,0.9661862324307828,1.0,10.564289662435865,4.339037127447643
89,0.2399641335956616,0.5072355466242698,1.0006400281941898,0.6256659430744094,1.3019130611314387,0.0,1.883973679704187,3.499191324870981
89,-0.348239850548997,-0.2901602013743507,0.045281314154095975,-1.2145949036475052,-0.8410988848230305,1.0,-0.727585006569486,0.7756140584963085
89,1.1842673078241086,-0.19602750617687026,0.948847075254699,0.15089170368735622,-1.1965436443097528,0.0,0.05062926562480974,1.796189010663166
89,-1.1103208839490029,-0.26997487373354667,-0.028964939692901814,-0.022153300859230396,-1.019983908168637,0.0,-3.430946265435309,1.0736403327074515
89,-0.29037730689787045,-0.14318327843512457,-0.10973160288420525,-1.6226512267565778,1.6613474365810137,0.0,1.0697719750320576,1.7832647119232685
89,0.8252445517126259,0.5505957184909064,0.1134703471169205,2.9214110677992573,2.0476283071550156,1.0,18.017600985257634,5.677120257675597
89,1.4949397918300626,1.0110011686005065,1.277841679665033,-0.1758596754338232,0.11849123700921199,0.0,4.569442015461801,4.663375222693016
89,-0.23585125146890984,-0.30713675901380844,0.848267524148508,0.6519297612580959,0.8893625947315549,0.0,-0.5712711062612772,2.6570082537463033
89,0.911695965161364,0.9050156150635864,-0.5541788749909078,0.9909998362701489,0.20904014841949786,1.0,5.987463366415649,3.9067182696456366
89,-0.6823187291709885,-1.542661012483673,0.8290185869624079,0.293969196238936,1.6858679029257644,0.0,-2.9112391551995582,3.020124124228639
89,-0.21085232201754,-0.2583055900649488,-1.4983797725062293,-0.8714765586581035,-0.48429296930933885,0.0,-1.3009599644264263,-0.5348359959073955
89,0.7120448613960838,0.8347506743094962,2.4041870770918994,1.119033773030474,0.5870301348731145,1.0,12.358568634278894,3.6826877286941953
89,-0.5471578350875106,-0.010086892479497678,-1.1204787909370102,-0.17744522326503565,0.44203394486581976,0.0,-1.1010727868966,0.7342031602212031
89,1.7385780243094535,0.4635760929830935,-0.6980184694383187,-0.07308218208900374,0.5333514122141632,0.0,-0.04563155554419507,3.554282868768159
89,0.7794674861102471,0.13234694936349445,0.9332728136514099,0.30206804185035085,-0.4159383660990197,1.0,3.6489887313089535,2.563975838848649
89,0.45871284834618337,0.14155613734175942,-0.3755797643971006,-0.07828484230408772,-0.12400225072563786,0.0,0.7756040380644855,2.0064297968594405
89,-1.09430187401597,0.5379319711800494,0.718426730318096,-2.441138910921625,0.0014271185998556146,1.0,2.6189448252080005,0.025354741624718624
89,2.1705623385570276,-0.23387283867454367,-0.4672771122960251,-0.5719384672054928,1.0308526151956618,0.0,3.437131330693246,2.349325832225257
89,0.3356342858919992,1.2335743612213268,1.3681440333652697,0.9676977378836329,1.780543788109448,1.0,11.975879807621629,4.458095006166196
89,1.824137307281482,0.33747484105204223,1.7448437086639683,1.109062530461483,-0.2803627107462685,1.0,7.9326466770552875,3.8100082958076973
89,0.035254816803459266,0.1632476943037766,-0.8658843626048196,0.6959882053833479,0.2132258789860842,0.0,0.1167870573157902,1.7746381619268492
89,0.5495642073074049,1.0322019864986154,0.5364083158573215,0.28414497631495905,1.961830499563045,1.0,6.660216583715501,4.608886018445194
89,-0.29950654661870624,0.36524566429738603,1.9533605452597465,-0.4130435742666201,-0.05342649557943335,1.0,2.2119361107527493,1.2936207825959287
89,-0.3654414739785442,2.0404549553124363,2.3571755450225202,2.046582078445482,1.1629907834995894,1.0,14.355758698093151,3.1674139263801413
89,1.487036996317762,0.4145774110924774,-0.10011133348477508,0.4145631793824591,0.21794852657410502,0.0,0.37631895938887494,3.828492382382432
89,-0.24115153291185942,0.7309113705300381,1.5240848787870809,0.9242147550837971,1.3707491999235177,0.0,3.1866929224357374,3.024838401060919
89,-0.5397935617948015,-0.8790697563737688,0.5871299073267043,0.46294914285756356,0.8482776864777061,1.0,2.795640136811293,2.5467969663029537
89,-0.7864856831996678,-1.1088177185609298,-0.14902810984348736,-0.9745428954231838,-0.9507786544625947,0.0,-1.81653095118733,0.8761585785625472
89,2.222598284254737,0.48633317663400566,0.8216847312511332,0.13350922651448527,1.3340828175021464,1.0,9.498167677237568,5.261015857502376
89,0.4772051472846859,-0.15849725825614713,0.7054564713381518,0.7762048988039761,2.509036395747714,0.0,2.912758463416723,3.840382783544839
89,0.9245100557909951,1.2936544127540959,1.7577960643259363,1.176893264354221,1.6257345811796855,1.0,14.77420788397821,5.399378923579433
89,-0.552069146827673,-1.535228225551315,-0.1622755902734474,1.061625669653623,1.2809545394355477,0.0,1.659532587996296,2.880917944527517
89,-0.093365324959237,0.26114936353560464,1.232673090973921,1.0455673585382887,0.649352080865285,0.0,3.0649890271477362,2.855023166969895
89,-0.5630307624729434,-0.4636026661988123,-1.2075581679461753,0.38228385391549835,-0.4949908517696058,0.0,-1.3698642351607657,0.4428762290437337
89,0.6856644612952691,0.5461815713122907,0.83206429244562,0.5617504911659217,-0.361154764483158,0.0,2.026380540373923,3.1801013358049524
89,-1.3734051982577704,-0.5121786527646117,-0.3304104642872582,-0.1092437788141637,-0.4065739137347656,0.0,-3.1315934041488216,1.283432075960679
89,0.7184666048161426,1.0786776972508068,1.7832739933978947,0.4147218707223978,0.5452703391512828,1.0,10.523929481952424,3.8343166634528405
89,1.2055837704453198,0.27844693225049305,1.0964042460404473,1.0019189068253747,-0.007597606365704501,1.0,7.421085469344482,3.579866971592975
89,0.5302733254545816,-0.46786407997843216,2.2314299156258173,1.615875855907928,1.2266270706034321,0.0,5.201934590632864,2.7064579431246343
89,1.3340535245713347,0.2672271386389464,0.4846249239907368,0.9423850657296351,-1.6902094264197913,0.0,2.823791054258083,2.91038566986428
89,1.4965845217892837,-1.1148478392363281,1.0925944804791996,-1.8828752041231547,0.12312497564282776,1.0,2.158643527109696,-0.35099007641095237
90,0.6400619540451886,1.4062380886546373,0.7357377193298502,2.1318270694660684,1.656366167489337,1.0,19.580962031191557,5.926530844846541
90,1.7659945508987331,1.0504922845172966,3.4374302421096115,0.5183724390001158,1.4311933310820977,1.0,14.251969961462834,6.000346787658282
90,-0.584618519080708,-0.8465876587128676,1.609880269315727,-0.8569175668384432,0.476355743650073,1.0,0.8599622882263912,1.354912964670603
90,-0.8165516845809637,-0.44329718402597595,0.7207315526810243,1.5679665609878444,0.8434880060277435,1.0,6.586567894283178,3.0494668413188846
90,0.4292246202891436,0.6725148919113523,0.13034870357836098,0.13241260169272961,0.7892942511593104,0.0,-1.2324378908584075,3.3570741129771084
90,-1.2490763835288146,-0.6027149761474968,-0.9394271881307665,-0.3931212815692662,-1.0136516534811413,0.0,-1.3942196192443976,0.24409180838835232
90,1.3733369350450328,-1.0195176952178044,0.4569009038747163,0.22295239947006285,1.602591299108732,0.0,2.760295487224741,1.8154146445286525
90,-0.05655586672086865,1.442314326407342,1.223774194049611,1.7553380675647612,-0.7745221592984965,1.0,10.340892614988302,3.053701908180291
90,-2.675687839695314,-1.393721351400199,-2.2250020353566127,-1.2718215323684563,-2.812260031484354,0.0,-1.1015193460013264,-1.068612263344511
90,-0.9773592648979366,0.3046257435499677,0.6780206732287039,-0.10758766311711332,1.264921822555986,0.0,-0.2124436125824767,2.0623976445179086
90,0.16636815883139333,-0.46013951321327706,1.337980531224059,0.5404695635633456,1.1159478775800693,0.0,0.4921534218124729,2.5044790070260645
90,-0.9544578305997582,0.6932609989616503,-0.21264850205417507,1.5115114539191858,0.213391679003192,0.0,0.4625545558980175,1.9413158891755538
90,2.685069482805382,0.47801286244432944,0.2722990501976236,0.8230077574487844,0.11549086530841768,1.0,8.623636734990734,5.433592879315928
90,2.2149070693599873,-0.8581310801881832,-0.5015966262193561,1.4838900033981766,2.0324459567570123,1.0,7.298953477150898,2.1618930458647174
90,0.6274955240564252,0.021826673074460234,2.4038868896152197,1.3144658972527816,0.5180084866982726,0.0,3.0130992533062946,2.716524285487751
90,0.34744479736360356,1.2541025981914125,1.2377524485849127,0.6363519180017965,-0.15982633530829904,0.0,3.58298222832659,3.4205652969821294
90,0.48661827205232344,1.762384542420281,1.2140495747490405,0.7534789844572267,1.683816928759185,1.0,11.419170289336812,5.157010341995082
90,0.6996960020587931,-0.21148586252874435,1.2070775569625332,0.3220062407274318,0.08084473158034389,1.0,3.5057892059600575,2.2568456961829546
90,0.2650997533611301,0.236949947285216,1.9085008697981372,1.0530667267977756,1.7626012313153097,1.0,8.062335691311272,3.344602474206824
90,1.2459510944680072,0.5253795492063318,2.876815553492255,0.7132024271614851,1.080867707890659,1.0,12.63977336216603,3.91055453399794
90,0.13384929579354232,2.1305732233431027,1.9661714818333806,2.5585967010067177,2.174226638441346,1.0,20.347981227292493,5.381729967257552
90,1.3031186819391176,2.3865129899694186,1.9060876766384822,1.7856012978432945,0.9685876336266468,1.0,21.396162581786268,7.95581949221575
90,0.003262821195325283,0.4862804406154786,0.27872140430092296,0.9730994454430486,-0.24231159318676676,1.0,4.350368114186584,2.712520905100728
90,0.5208097792957284,0.014484632108283935,-0.042298160177338895,0.2517020589996164,0.32476981643379,0.0,0.7092274553447679,2.5413833675714597
90,-2.343109051473292,-0.2601108356009032,0.6130188861876685,0.3324999986843675,-1.2172552872080635,0.0,-2.475995172269518,0.989904772387858
90,-0.7519744604268719,0.8436600241631255,-0.4931046323290246,-0.097853145523225,-0.02854235236573477,0.0,-1.1061880772379742,0.9825494136294712
90,0.48975495013342674,1.7147374340433579,0.7169204753333471,1.4807393310680097,2.8661921464048534,1.0,12.697904084669988,6.22780606742532
90,2.784545629562289,1.0463237840590631,0.5217650704558805,1.1013249941601821,1.9141013323418783,1.0,16.195298507857377,8.464507525146438
90,1.7016455066423173,1.904429821172616,2.620035597161181,0.28402607831339177,0.2211782305749208,1.0,17.333073054346375,6.739277607249763
90,-0.8511742868372012,-0.31543115381794706,0.5036668458406929,0.5564689221396514,1.526975904628584,0.0,-0.3052307673702842,2.8545586897869457
90,0.4928752379934793,0.4319022464745075,0.2965448183426938,2.011089425305811,0.3247446745582241,1.0,11.219293933178658,3.947803984418064
90,0.41865245359853237,-0.7033837236282166,-0.03537843396781193,0.6104101431501413,0.8535579261137549,1.0,2.8453133878126056,2.276830109391688
90,1.0308603572517963,-0.25778621049381045,-0.5065060475046987,0.15327903194859127,-0.29625086311950144,1.0,2.8204935205713095,1.670501394184313
90,1.5422744890428641,0.5100825460867089,1.750362121549422,2.342494487824357,0.3800965399369851,1.0,15.52138697604605,4.870740023885216
90,0.9199431964385388,1.226889787573761,2.0325906972438013,0.3974246307698619,0.9740797399968897,1.0,10.681733751046625,4.4585776973490665
90,-0.13238643419698193,0.4118989232178787,1.0490691268310732,1.5474525843052347,-0.017089744186507994,0.0,5.834149215162848,2.8733206914940546
90,-0.8440028223909557,0.6054445748762741,-0.32546754899731845,-0.3281783473246871,0.17398077707103,0.0,-0.4950386122081283,1.0773927169586957
90,1.7549918070060877,0.19744050107043182,-1.1273068561649011,0.9658871241107057,0.0036471050181819398,1.0,4.043270714534962,2.6729302720821124
90,0.9295241480074883,-0.2510761138031047,2.027442990388902,0.4041284487913727,1.7544955294327158,1.0,4.4622153317355835,2.7579353395715165
90,1.6562029307288595,-0.7332190944050829,-2.0560532832545184,-0.5703214594163095,0.12402736420961763,1.0,-0.47939002367054817,-1.470477051086704
90,2.5513382429166804,3.516431276444681,0.39178588073263504,1.0837567310344698,0.7479617409054409,0.0,6.824234285262828,15.041471144313267
90,-0.26546248445000586,-0.21982982331306544,0.07812467991068717,1.3642425133637675,-1.2090057945687842,1.0,2.869608253600926,1.9293409355817162
90,1.7573432356158085,1.6923520114819872,0.6916201479646761,2.2587349920633515,-0.2444579453065282,1.0,17.735786889326203,7.822053299382702
90,-0.4237254136028382,-1.549713018026731,1.0582483481240539,0.04513532659826175,1.5032622479953113,0.0,-2.615881102531365,2.4636559292702818
90,0.22598095880638058,1.6791700574757944,1.9984255124639678,1.4761802578091405,1.6773999815378497,1.0,13.711282815742484,4.493324199776515
90,0.9296527825099192,-0.45993749281077645,0.252211772005423,0.08087697608278516,0.649542250934315,0.0,3.322826753035587,2.266953825466815
90,0.02666851314057045,-2.7378560900479667,-1.4043883549545,-0.10217953258875423,-0.3544702568623894,1.0,-0.5624110433541558,-1.1934863947777956
90,1.3923108830463402,1.3734254322841482,0.6731749724270619,1.7337426335526414,1.2071133159878467,1.0,14.533515000529237,6.883964900243534
90,1.8820752600445694,0.16621598197417836,1.013059129396803,1.03087609060402,0.14312233368118327,1.0,8.534458483487297,3.9597730539259812
90,0.3567200046625535,0.1799061998100362,0.4556954434236402,0.8689650440553298,1.1111955100960023,1.0,6.901707495698633,3.44837243126779
91,0.8804105244934219,0.808258242156343,0.579940445832897,0.9704024548658272,2.473276071265981,1.0,10.820781924550474,5.404238217751168
91,1.4548352505900013,-0.12682580512781105,-0.3251691114561873,-1.085932811205919,-1.3439580129438622,1.0,3.3768892855197867,1.0495608170342545
91,1.8526628334830857,0.8151787690735759,1.8606775082916054,1.4587886480756942,0.9411885879061472,1.0,13.62575055339961,5.688661215538646
91,1.237644142945633,-0.21465095057609584,0.8707516259767154,0.13347361306523964,0.03550627157140118,0.0,1.9093768799522803,2.4099527353988344
91,1.8673266609144914,0.4465374043687444,0.06386304964081058,1.490349705737128,0.3512156586361318,1.0,8.925153670246381,4.941438888359427
91,1.486318489606915,0.5917300567918912,1.1568688149547675,1.4451615161173272,0.3630869451557076,1.0,12.084884903666353,4.803290482853656
91,-0.5364508744581789,0.772914955482817,-0.06903137703747009,-1.2439574155504771,-0.06425366513961395,1.0,1.523056867328857,1.0125981884223363
91,-0.8826480358316835,-1.3097682349622315,-0.4396644953619082,-0.5071571233952552,-0.1560088488340613,0.0,-0.9961115956472772,1.4133355077539889
91,0.9239476029161662,0.08904064677251,-1.3025402639315997,0.9235656989342748,-0.3244697975459431,1.0,4.336935566819162,1.502091111796318
91,1.4353564810582822,1.9577601364148982,2.5028991047579083,0.48664812143031677,-0.18101840698161475,1.0,15.216425699266384,6.108031138670556
91,0.34330402379057956,1.6659896440275093,0.7786876166891341,1.1999306132368086,0.00021532271030799688,1.0,8.684405096532094,4.277840456314351
91,0.4040112901881757,-0.596565291548635,-0.259123170326343,-0.06551702195369735,0.1169664584772464,0.0,-0.6046306897480812,1.5254820417654589
91,-0.11068599933969236,1.087163639233331,0.6155443055824484,-0.253621049067727,0.46930568517889115,0.0,1.676622034777102,2.5999787811189696
91,-0.100781053109669,-0.5259543557092001,-0.7869866412427615,-0.9116662783573586,0.47670200851787164,1.0,-0.03754522282164996,0.8346457400005582
91,-0.5048325804023746,-0.6616585611009456,-0.6992669425452329,-0.2899566607894184,-0.5174250704743413,1.0,-1.2386385161946225,0.7627711214072215
91,-1.1502127528338206,-1.4952158781326557,1.0309143288241753,1.2966510057447032,0.2919939622485591,0.0,-0.9623630340699724,3.2209164809021598
91,0.3383650404523556,-0.9664504177539697,-0.040534035089437315,0.3791104001145744,0.28124804590465885,1.0,2.3810945255607923,1.6680350905872343
91,1.129214958482375,1.549282602731702,1.5257206643385626,-0.9827087286269283,1.2727418410117894,1.0,11.261328267915346,5.041659158659742
91,1.6528763534378355,-0.7592922712999186,0.5743724730076585,1.2484714005035438,-1.7143803323917255,1.0,4.301129405418907,1.085540979224924
91,-0.20397948504339747,1.4038843341060045,0.0007663382175729372,0.9173802357857825,-0.17020142506384062,0.0,1.4754991638378854,2.687561101832508
91,1.0655084166187725,-0.5374250143382246,1.5776682479225517,-0.4460501180639972,0.18831163096177622,0.0,-0.16012274956644124,1.3445038384296124
91,0.4009955264527001,1.3807194433800933,-0.28935961922677245,0.6435762676647608,0.40617077931811496,1.0,2.990037033245935,3.7831403162014006
91,3.49398269222457,0.3501000934324461,1.2786657193689401,2.18665578402258,1.4257617954428286,1.0,16.376474025054215,6.878819925283964
91,2.700628885469803,1.1083158232264105,1.040741653901179,0.810984672063296,0.9373314572297962,1.0,12.96961536349684,7.797731484982268
91,0.7155977856427366,0.4276651327000488,0.0054993114369844,-1.2598738289247977,-0.048249378305718515,0.0,1.5413456689025855,2.2263406120563567
91,0.7174400701984689,1.8320566046091789,0.25106152354214534,-0.16776335382979535,-1.4800932256073522,0.0,2.634685799041371,3.8593908792066776
91,-0.6549558057220055,1.0119922393418501,-0.9186714474884243,2.417554005320028,0.16507600185874122,0.0,5.548741920702066,1.9545639243636765
91,1.0440875741135907,1.1265279401719988,0.5666397051689107,1.1000821577683688,1.9739846581303058,0.0,4.0764267682022295,5.925564383243522
91,0.4497682922225411,-0.4998103399432061,1.6290136576148968,0.3544067489644717,0.9968556468903305,1.0,3.3365860007122494,2.182133709039221
91,-0.04908387960752503,-0.3390564288214193,-0.46542654420809315,-1.806000844664163,0.4609850562798207,0.0,2.705240581027193,0.8109810965745958
91,1.4517771909879449,1.5008406314973504,-0.09157534110028676,-0.6244472327949517,2.3582000260954077,1.0,10.398419517227849,6.472093741329016
91,0.7795333625964762,0.6589856407484643,0.778711760678564,0.3947792256921091,0.040254297052959964,0.0,2.6719980070096017,3.551652375881238
91,-0.5202494018733983,-0.43087926635553364,-1.4771232409110195,-1.148256622656822,0.9070231152804673,0.0,-0.2734703206130759,-0.017041873060468893
91,0.3333237054834506,0.6746389390662407,-0.9096277759737255,0.10424581900047425,-1.0778682490370786,0.0,-0.9258788638955806,1.4012689495279766
91,-0.2646900471141984,-0.5705630162985704,1.1358601989653592,0.17436973629047237,0.9703659512413583,0.0,-0.12392230671461314,2.295046239957052
91,-2.3387479366105355,0.37192601727421426,0.7800127788858333,-0.7978212911644504,0.7281887679434285,0.0,-0.5207427935129915,0.21284251351922678
91,1.6417975115280943,1.2937152478888392,0.46533530822501634,0.8391501656440561,0.23605762439518496,1.0,11.713117238756297,6.255717558959475
91,1.1347006358503156,1.5033609561678611,-0.2725937388492716,0.9527980737294903,-0.4088045491183552,1.0,9.349475315221298,5.123671145344689
91,-0.6462230861183205,0.08469023087528227,-0.4611104268109609,0.8953278099103081,-1.0245278845894654,0.0,-1.686009764854927,1.2649085125816288
91,0.68817354867338,2.0409727103419444,1.6284502519316086,0.2746676893173835,1.123725917750193,1.0,13.022156470413075,5.224916501419216
91,0.36547062175504796,-0.5988199443143325,-0.1244693100768588,-2.1231861171237902,-0.017021397888144052,0.0,3.8346285198469943,0.5243995199417789
91,-0.47698644070835483,0.5512256184569271,1.1068169429526198,-0.1973317731841352,-0.06999019713514987,0.0,2.6898006240478107,1.6414502487365206
91,1.6535746829392028,0.33336048848342675,0.46367087187624373,0.5585099420705778,2.5328496650730266,1.0,9.580537445302582,5.216636076553415
91,0.5508695695864343,2.035494865077629,2.102985255173383,0.44589915425292803,-0.32394346846746513,1.0,13.50029080804968,4.019524116561327
91,-0.4720116387670634,2.239144468628215,0.6661124581743145,-0.18877446214579952,0.8390583412595413,1.0,4.2958029364213095,2.2710921793653998
91,0.5356417449581204,0.33623515044939545,0.5137969295480002,0.8798759268969453,1.5068665639806909,1.0,8.377295018237877,3.9371943870767088
91,-0.8510366647842369,-0.37700082389835154,1.1403344426027713,0.7712688443611642,-0.22077342824802726,0.0,-1.8190572305492436,1.9695283036662798
91,-0.5194559512600265,1.4254897391883103,2.2676972051335342,1.296734567552006,-1.1104344620882105,1.0,7.3418987814538985,1.2976921624490934
91,-0.12007584985005482,-0.3849963727004173,-0.04705977153134244,0.1506326311206384,-1.8370951834527753,0.0,-2.1660002544256383,0.9258243867271321
91,0.2397905097096264,-0.3526867208158301,-0.6042266470983237,-0.26698818188668527,-0.7911046479349819,0.0,-1.0788566176168521,0.8507629328663924
92,1.2577946585972493,0.04714991334307367,0.9612969693811797,1.173779969554287,0.6969925450946192,0.0,3.5947311832846016,3.700268974762965
92,2.0998046899878426,1.2777306965905426,-0.49757481892834876,2.032390306352466,1.4951092225130922,1.0,17.023518394094793,7.765457631241111
92,2.201200122698751,1.0811201154853523,-0.44643295162793006,0.9553900239198527,1.7441375365457148,1.0,13.07393850096296,7.049462067968396
92,0.17313360682844786,0.10055138667818292,0.6777342136196138,0.08080149140434578,1.1462619380398094,0.0,1.065380978770864,2.885645574788338
92,0.3802830477452784,1.468820381309659,0.7594852401007066,0.7903168550419601,0.4579294073877825,0.0,4.020941731009408,4.212175500813755
92,-0.08089102135623527,-1.6530511752502206,0.8532953369126691,2.0100648719120366,0.3398446262401543,0.0,1.4304402909464755,2.5258521620080017
92,1.7300206468415122,0.09243446407114264,-0.08775390659283977,-0.11265842795791825,0.9439175190176621,1.0,6.299441379310666,3.4390457752139976
92,-0.1993246757466398,0.48919050791766633,1.7516862893689893,2.2793839959505475,0.8961081337004466,1.0,10.634889607579854,3.3311092997495964
92,0.5269709417082376,0.9118531796889653,2.2220989734725913,0.49143985460907863,0.4707384187191395,1.0,8.834626450060652,3.1858479050080613
92,-1.256454216608709,-0.0257237137844204,1.2826038757312235,-0.6893142594416739,-0.7886091736569856,1.0,-1.731066231251575,0.577791610984911
92,1.8188130280547554,-0.2659743760507548,1.1551312627712513,1.2923552488823926,1.5984685066280557,0.0,3.503158019875757,3.7194376269684777
92,0.5862981467137286,0.6747631095607377,1.4799605828587694,-0.1508429108615389,-0.2242169474130461,0.0,3.0980907643341675,2.6693042302053374
92,2.138769571784926,2.6147146084643973,0.41910526803547055,1.1995915941490913,3.6907041121942656,1.0,21.641315033558207,12.537168031889617
92,0.28248652797856877,0.4942342126557263,0.36327246680875125,-1.5802660122448495,-2.3669588883692567,0.0,0.4916671980826026,0.6707376688820172
92,0.6852645996304025,-0.16633741756656784,0.06763726130764325,-0.43628491007858106,1.578887199224473,1.0,4.487022329023158,2.7483116947475983
92,-0.2477586021263175,0.6949151965553686,0.7948335624544888,-0.10942940455157324,-0.5055604093110264,1.0,1.4336527143094209,1.8417325238628492
92,0.3215149065675196,0.6365053394392167,1.0099822836477443,0.5935904575810731,-0.7000679857761904,0.0,2.657557590398471,2.667284179531357
92,0.6325212098661929,1.732076588915474,0.4330558349918803,0.6674285391552081,-0.03654973039348153,1.0,7.258415567919825,4.717529020125982
92,-0.9617952077667189,0.07629981495785082,-0.35382905983733515,1.0484039760344,0.6838906220094167,1.0,4.875025296416666,2.1111531297601274
92,2.2539436715459273,0.46628213958867903,-0.39046423020531185,2.058839265064055,-0.9099707118311939,1.0,12.676719536892497,4.715021210016091
92,0.7894811499032759,0.528161158783462,-0.25834847131099337,1.64852406985193,1.7172442379350172,1.0,10.31287660661486,4.5963175874635525
92,1.6482004003787114,0.26508792865071396,-0.1418051955409526,-0.8154145977105638,1.2599888272911512,1.0,5.906697371202663,3.5349091919900104
92,1.1884435946478193,-0.8774413074101932,0.19383546039520982,0.6694948425068401,1.2770679765626822,1.0,4.143291406192903,2.164183434957703
92,-0.9006317040750669,0.8346275989522152,0.732913858767687,-0.8930068313034265,-0.35177796021319585,1.0,1.8316644645987568,0.7025984820369018
92,-0.8202186121993611,-0.835774543741723,-0.5969112454374614,-0.44956121631353674,-0.05731836162148962,0.0,-2.2852888585279985,1.132701563860262
92,1.1987294125530938,3.3716804205592346,1.655800328206779,-0.2610294818511717,0.7178702817671307,1.0,17.73564103006062,8.298356300704054
92,0.3550943329022894,1.0761794835902272,0.5058116151501177,-0.3852987801362192,1.4329089742940524,1.0,6.762978509819993,3.749274569482762
92,-1.3131955239381232,1.2172649618383127,-0.7107919010706574,-0.9984437334356275,1.2957298569881166,0.0,-2.274017557826463,-0.09537961874559964
92,-0.41142812267365036,0.29667700855747814,0.25588872144835734,1.6219355449275723,-0.06640413487084629,0.0,3.3702216804126746,2.693711981693701
92,1.126121769553746,0.2796643342753917,1.6619366409701308,0.6993220849529722,0.8343625025335959,1.0,5.5434505722182195,3.5246255716022628
92,0.37639718261865146,-0.1025316305551186,-0.7642173150490086,0.5640505388337654,-0.8458090013411614,1.0,-0.4465784379171409,1.2972764450935004
92,-0.07255302458795265,-0.5178352866429015,-0.4681392540893837,1.2197176020322051,0.1584491528484055,0.0,2.4406019923139803,2.0897995616054423
92,-0.6587716301744357,0.009135539470715881,0.8782424943304763,0.07402678578538308,-1.0593701119412045,0.0,-2.0082241949339457,1.2541180419321325
92,0.47414583471028876,1.4841150974505284,0.5635263611807506,2.312794636416492,1.5297924002802041,1.0,16.858430236008136,5.731250849315714
92,0.4615461865908633,-0.1441086539092249,0.1472087144741508,0.5492972536981806,0.031006782358886265,0.0,2.714628003051987,2.4451466919393203
92,0.5852998672051745,0.09302247947149761,1.8016881019213071,0.6262022149018364,2.87096870386062,0.0,3.7152692035215273,3.8141910043204166
92,-0.05249435525973556,0.7795201286876876,-0.20236420392814436,0.654789639460674,-0.21462161944491598,0.0,0.05249490837074966,2.4210885326365714
92,0.559959236959229,0.2553413008733163,-0.3652717341510682,1.1047095045286812,0.869516935822553,0.0,2.333082442090083,3.2891350733823206
92,0.03983329182966977,0.18303404120367517,0.8756536038061571,1.056193094458352,0.789237983714477,1.0,6.787135013681685,3.119761907812524
92,1.6525248610562513,-0.5624993913526184,-0.19578923440361762,-0.016271257779311488,-0.3612593378578456,1.0,2.2540761426070355,1.3097030280991704
92,1.002923249529388,-0.8375174706507178,1.1969355915718514,1.34778214538554,0.8556283127504197,1.0,7.070212514177731,2.308122368150654
92,-0.1915310462586911,0.23056046845003458,-0.9520121500968886,-0.9799132826438615,0.9791654286070633,0.0,-0.20649808339987763,1.0790204202185216
92,0.05275123525524089,0.0345821743922029,1.2012104377135353,1.7067561467986196,0.760942533825683,1.0,9.216911050806315,3.2411748304457513
92,-0.4868964446205468,-0.17502268060456294,-1.2489918430301012,-1.0367925959537732,-0.47193989728290875,0.0,-3.173213433960629,-0.3083248823838275
92,-0.36791044524762295,1.1508850789786882,-0.45855911815832673,-0.5064628215518074,0.8300492386454655,0.0,-0.4806563331028185,1.7972695684021862
92,1.5068458069646464,0.9281286328176414,1.550102831296861,0.6342081975453459,0.9387307994379948,0.0,5.770970940632564,5.198246891348614
92,0.44588011746349215,-0.2147859038416886,-0.414372357101903,1.1922414929254086,-0.7906519655210187,0.0,0.6285741022612217,1.9287561274536724
92,2.497836700461451,2.283401698482153,-0.3208464605424878,0.24617421223865255,-0.5237694345715849,1.0,11.241286367900802,9.743931732270108
92,0.2435839639193455,-0.29912922664130825,0.03281423130263689,0.859368624364917,-0.3455925402392608,1.0,1.6298210391858154,2.1721211050240954
92,0.07914974819216752,-1.479880759930737,0.7173966247706833,-1.4392138937017669,-0.13379685670866515,0.0,0.36825279322309007,0.5082150470275457
93,0.7839122213308669,1.6695639145165477,0.392985918891367,1.4808442832591693,2.1940602727646654,1.0,13.975944885509533,6.493244588928855
93,1.5503314219883726,-0.5785082031060989,1.064557886524486,0.11424938714713467,0.1979064393601257,0.0,1.3705677880564078,1.762279941147276
93,1.0515744248485808,2.06310990899105,-2.398807982425756,1.1389145104465104,2.2379197674951667,0.0,0.3078388161497809,4.479280902757973
93,0.8469864994533317,0.9282735501492043,0.5053179571191667,0.8944962948403598,1.7451103746362746,0.0,3.2504025611662257,5.121348103045358
93,0.516128605024141,0.672343962636738,1.6328683321616262,0.3363590474369593,2.3226988448962658,1.0,10.583873704437853,4.025183194453506
93,2.726647301771013,2.4776419889144554,1.2784422320414195,1.1279394816458148,2.4198924576013603,1.0,21.979809713999927,13.059144802377176
93,1.2216744514367834,1.8049743738495254,1.0625358091147001,1.2203977847398173,0.09295160537496916,1.0,16.524996176215186,6.393016475732846
93,0.02690192046098694,-0.37565533301986986,2.4100257728574976,1.2419466603732958,3.0069645880846743,1.0,8.928157591144728,3.4008573716425805
93,1.0731407440150726,1.0274704358931643,-0.5546302479722958,0.8226954260705297,1.4817226574054794,0.0,2.6257005431235525,4.877915116255251
93,0.5657742100991279,-0.4489799460065532,-0.0736923692433955,-0.8056032419360581,0.07788469421035266,1.0,2.1238169314319864,1.400956345188069
93,1.1143074456988062,0.46782571786640265,0.55464310332532,1.7047843913948642,-0.4987537141877644,1.0,8.449402449202198,4.042793603206029
93,1.573110988260835,2.7143562272450996,0.20684941604142876,0.2831446559020136,2.1864242834860637,0.0,4.643994998618072,9.730609222604198
93,-0.4319466903356485,-0.23069504685283293,0.026944371945405887,-0.30795861529135027,-0.6516384928695163,1.0,1.0693780338599137,1.3016377476340901
93,-0.17457949702292397,-0.10325213713762227,0.5564450524139831,0.8369605029520831,0.1371497731797563,1.0,3.3190633210400766,2.493525645836617
93,-0.6447350727186687,0.7039874063110713,1.3367584534394619,0.695875613490463,1.740281505631348,0.0,3.2615924127633766,2.694105777402666
93,-0.4456001283523341,-0.4824550443172312,0.9083041992311277,-0.1159394497498284,2.3912528266713,0.0,-0.5361824179311631,2.957846938822953
93,0.6999998121794193,0.8567263698950532,1.053477037068229,0.43386046833252173,0.6975185832389831,1.0,7.597018737399991,3.9650514168716384
93,0.4775103703360142,0.526999067981746,-0.8734872538541385,1.110362992133,0.8077615614995812,1.0,4.961750076704885,2.9183781119333156
93,1.2434350403505372,0.18989320214390537,1.3415464938820338,0.5675306529777009,-0.20714736976496517,1.0,6.075257725083841,3.0309959182377684
93,0.4469404697930026,1.8285198581866418,1.2564625646369394,1.400143383326795,1.794896512776871,0.0,6.889727543854442,5.489903864791094
93,-0.3496748975736914,-0.5569650608750607,0.7018882314340031,0.7052343476896992,-1.0179114537890377,1.0,1.9122905660613443,1.6996666764858954
93,-1.0871161527907032,-0.9802761406526237,0.12889333681524845,0.03480417182307732,-0.8212109222488673,0.0,-1.969414079044856,1.6949259210059417
93,0.6317444459417664,0.8376033377657245,-0.35515899677968965,-0.020524217566708525,-0.7996812583913793,1.0,3.0279066700756125,2.6137341232396567
93,1.3177791170778779,-0.6010869884210404,1.249837635458724,0.6246279224646218,-0.8607200021900392,0.0,1.3617052262265217,1.388595400997282
93,1.386335432638457,2.038398699854283,3.639432712255592,1.626330613571774,3.4268477890558686,1.0,25.877254722241865,9.005960922130052
93,0.07590081093211881,-1.0717500673312856,0.41174579463933897,-0.006251974760281387,-0.318641493759379,0.0,1.6403700189201635,1.3805783711757935
93,1.011380147315252,0.861714001575068,0.9564854294107004,0.34456768683717054,1.2940725417254337,1.0,10.449486596395474,4.68202588191163
93,0.3768807001949679,1.080684263476869,0.31994815620823847,2.2344312673049433,2.2665967240157765,1.0,14.72562132821678,5.495811322639273
93,1.043931248754371,0.8413583910857909,0.9114684248829814,-0.408704436032021,0.9381607353434354,0.0,1.9206178339516493,4.154013259141161
93,1.0678453590281642,-0.2617313632531225,1.6371556467174613,0.8163142583555025,1.2536112649300084,0.0,2.6078139285927446,2.910798333549487
93,1.3840154940490712,-1.024583219018588,2.261134424468258,1.703629296896596,1.3720582362665277,0.0,3.0595085082246687,1.7932901639475678
93,0.2951215710205335,2.5001451329234037,0.1616617363660553,0.13764461171580294,1.4538496883841037,1.0,7.788468620003024,4.999019305203932
93,2.8367819569115302,0.9767867113106663,1.4722396536446798,2.1542422584792793,1.8406023660961732,1.0,20.867466827671404,8.509654588550179
93,-1.0667768469107752,0.7366217215487247,-1.0668671848651374,0.8944062954194512,0.13297501648430898,0.0,-1.8647792519755355,0.5122384788128991
93,-0.21270792883549805,0.6370700207962339,2.8888485247630458,0.8231703559016316,0.9051300091085099,1.0,6.91844729159345,2.4170157800646566
93,1.3350939422050851,0.9926615749621418,0.5040424937145749,2.318375657248194,0.3618464984926228,1.0,15.901020242685897,5.956943860535535
93,0.914698070040707,0.5492420506054636,-0.13947467638104916,-0.021804056061643817,0.8756012518626258,0.0,1.0086517971868234,3.5818111285778915
93,-0.8657780659054457,-0.3170257461769197,-0.5460817691583923,1.1011859444136896,0.6837795066927237,0.0,0.4119506490722734,2.1570798541431513
93,1.3307929059328907,1.4686792840351832,0.8462060461372909,2.7759321640626116,1.6328692350903855,1.0,22.822914281781163,7.644576502234527
93,-0.6251298026974077,0.0737530774067241,-0.12386873778381557,0.18320844521763002,-0.2203445081931219,0.0,0.1816566553583464,1.5900420623773512
93,-0.38206211642893817,-1.3767274017036997,-1.5170705380924896,-0.8013019188663546,0.6710562348291513,1.0,0.7474987628077427,-0.12335753908485225
93,1.6721555490400364,0.08333584057852422,1.1891153048496395,1.5295632302603865,1.8812285660539658,1.0,10.25837483503953,4.689530783878646
93,1.5069009698886846,1.4345784615581443,0.76269664630214,0.9374393292775651,1.3823147680882129,1.0,10.677840561737932,6.896708362719476
93,-0.11647071291535593,-0.8468044054024066,-0.8948888954244292,-0.6953118100419209,0.7326282697036208,0.0,1.9234335634091089,0.813809633085801
93,-0.8563690824429111,-0.6694156055100868,0.3471166160893026,1.3369129205887358,-1.8037622688455,1.0,1.5277759636183803,1.6908656303778207
93,1.1541161456367615,0.3922924883308788,0.2277982438549947,1.4784190328997693,1.9250483958326983,1.0,10.483085835578436,5.015754233350425
93,0.15421580005519558,1.3971229130337455,1.8206511576431692,-0.9317460680627301,-0.24192513889096856,0.0,6.124498926565306,2.067354459244397
93,-0.2695461623221025,0.8365656604214221,1.3980815218859801,0.04133289448727362,0.8484896536493398,1.0,5.545610292583232,2.3738261134569854
93,0.6344434156652972,0.8997049690398846,2.0835304324183745,0.7571808857408007,2.500931395947453,1.0,9.418816334088493,4.518145848121139
93,-0.20704852199365897,0.9333779130056312,1.0967648283945988,0.05934948502314075,-0.015129912178234117,0.0,2.404971674022006,2.1968793301758516
94,-0.3271002122962814,0.36397450861403274,-0.0038966396364084055,0.5740738483193788,0.7221110743199081,0.0,0.6063687627531441,2.5455175587316083
94,0.08114957653216914,-1.2728920047397008,-0.8343743277031095,-0.00753358166835727,0.37182628137845547,0.0,0.4526146910401308,0.7374346846931111
94,-0.33526791049717564,0.5945904201472132,-0.11442978477233134,0.505530887363333,0.529489633173237,1.0,2.6639423585000883,2.38406958806359
94,1.3869219817916005,0.08172909277670637,-0.1258518913063602,-0.5258011685619408,-0.2977321465018268,1.0,1.6652573990318462,2.3650759073154433
94,-1.0032347624035454,-0.4547209586664128,0.004128632854977554,-0.6594057871235492,1.6600439675460745,1.0,2.6050026946766556,2.229588896238864
94,-0.14900843001072306,0.33192212547832867,-0.7043477995110401,-0.22552216388643398,1.890323461604625,1.0,2.3774235355795184,2.284258439764989
94,1.0825132198652254,1.1165266923313233,1.559444916164298,1.7231740935916666,0.45120791788737885,1.0,13.535096334809555,5.186439491553065
94,0.11972454934056548,-0.015159854686202068,0.302206272002312,0.18137067541781493,-0.4998544588914834,0.0,-0.09295665297628403,1.9970107514033382
94,0.04535754522843077,0.3752193426479252,-0.6557961374448344,-0.7303239418322613,0.5528025529097567,0.0,0.6492523607619138,1.6032114113979676
94,1.1681817170872426,0.6739817124416032,0.9937005947923343,-0.471572843746652,0.23810745258573818,0.0,3.7337158918754607,3.6341247479803336
94,0.14521852659965478,0.3688625450768592,0.16831927381425915,1.5593341245942356,1.0679618287204862,0.0,3.103573063653984,3.694281548636976
94,-0.11011007903546954,1.0329575759717446,-0.7494961019513464,0.45914193017368493,-0.0895688376749958,0.0,-1.3106121466864342,1.889755455818876
94,-0.9400695846367404,-1.3117861474224914,0.058985824111330465,-0.14222637049513875,-1.9496531536475081,0.0,-2.2954280365585418,1.0890563833178533
94,0.10475977175388473,0.7925713993967419,0.6404508654931423,-0.3644181486981146,-0.3022508208343222,0.0,-0.32331389695731727,2.3204125540064804
94,1.243010648902383,0.524694248972888,0.9130245610634583,-0.07636599800855504,-0.3037540045571635,1.0,6.722065553732337,3.413860310675078
94,3.361722827418443,1.6388127826262677,-0.08289831376763601,2.2896675748489623,2.554161844479577,1.0,20.955929051744867,12.386533601116568
94,0.6075848635767618,-0.508498780056486,1.461024793757002,-0.18924031879036174,0.03766198755128519,0.0,-0.2605980298836261,1.5048613229534575
94,1.6778706532998535,0.35256461332647593,-2.2298599365404628,0.008408752710151401,-0.1935751118562019,1.0,1.4663072264806019,0.7868854613061231
94,0.4693132937952061,-1.9989461848912313,-0.2720212815239855,1.5933479439712526,1.5050681803322465,1.0,5.500491395736138,1.6734787463188439
94,0.5546371757183423,0.4331870728133285,2.3071623422925462,1.2122464030294529,1.0970967128501554,0.0,5.062785417154018,3.370826626003423
94,2.271811477121498,0.774910235384676,1.1889997746559313,1.5543296233220465,0.6838062228265042,1.0,12.584477823423786,6.369966897502865
94,-2.035583753894591,-0.1597443894864251,0.0635404838865733,-1.124450285935342,-0.6896810210539774,0.0,-1.4063899666330066,0.35019558332411815
94,-0.2487549421350247,2.669561861790489,0.6663413024660514,-1.9201359858736144,1.1937387730724989,1.0,9.548095229336132,2.3023972127769525
94,1.8992912526525672,1.4812205100312799,0.18619011792365303,0.7415414661607406,-1.459352665307723,0.0,2.339483836311152,6.220431135191736
94,2.129623948801212,2.549323344503585,1.1429559625352934,0.6964993396598365,2.3569869477192644,0.0,8.80827489820996,11.281701616189928
94,1.1448443319668304,0.4182528679977975,0.656574317908924,0.7960255227058721,1.825021489428245,0.0,2.7896604902408244,4.691281625676357
94,0.09993855030748439,0.16595273613972494,-0.043051804190606724,1.4043544365472047,0.6771277082579235,0.0,3.012928308817245,3.1678193036071027
94,-0.07702734389915011,-1.0990567497412729,0.3359310152698145,-0.15167079178673026,0.4324858967435678,0.0,-1.6818757132067206,1.7490922467771743
94,-1.26113444049992,-0.3048774184856152,-0.6755569435252382,-0.7920014054489273,0.4410273216240795,0.0,-0.8625318628109553,0.8685787669688394
94,-0.8574025927805993,1.0033265222565575,1.005402859519609,0.35736517788366323,-0.9266216379807231,0.0,0.020416381037836606,0.966528495393296
94,-1.6461917172944234,0.1301533118972954,-0.18348624707155814,-0.6076806617916359,0.051013771100936856,0.0,-1.8211104073591295,0.6408604983508335
94,0.23445856977048357,1.5831923672164752,1.76091664630972,0.9884908023419324,2.107431068930145,0.0,7.789366393961291,4.519460697491195
94,-0.5849624675626544,1.2191498100460854,0.08936613838271051,1.3274317706220065,-1.0140835528344314,0.0,1.1665271210005161,1.801303471607281
94,-0.031281574992662264,0.823220864483947,-0.06840602786402239,1.1634076030658804,1.6034114308897438,0.0,3.8836079398766774,3.7170857224772287
94,-0.20099078109757074,0.9084896257254942,1.0798044436892285,-0.4381752017848696,1.2559766668957904,0.0,1.2115269773437494,2.5914551647957076
94,2.1770222804300117,1.1795700806153389,0.7298936806776122,3.2455812291046877,1.4070747962527126,1.0,26.45435459976374,8.6827666796292
94,-0.4086622987744636,-1.0880966507108498,0.16922357833833018,-1.237669293962238,1.6587888980947736,0.0,0.809488818405385,1.977172021727706
94,2.4475498853731836,0.9515473341931218,0.27328076542590535,1.238035407691075,3.380540234174155,1.0,16.17674751338648,8.437327010088792
94,0.9193775270251249,0.349394764448384,1.4776866914573512,0.9880122358583544,1.7388853839888128,0.0,2.57557673453719,4.150879155348
94,0.6558734395560523,0.663707680166783,-1.488318297076634,0.7999366747156996,1.0066707458407311,1.0,4.419658305986768,2.3366279109814694
94,3.357859725104225,2.870374508204862,1.097375041866834,0.9520437557494584,1.2328956122634078,1.0,24.186443040526427,15.849523216678868
94,1.4171449904404958,2.3464533139136874,1.564725920653568,1.7507484731333331,-0.9836622112560776,1.0,19.597008581289806,7.3790401714169445
94,0.8712818178138955,0.5217488002834836,1.853981353344636,1.5381469290385055,0.06873374056840348,1.0,11.982541948161966,3.602121334931201
94,0.48980930757989743,-1.2752023054289727,-0.12938873847628285,0.49468890833847917,0.2832536297717817,0.0,1.4524032159172928,1.2986153914754845
94,0.6459828543404764,-0.7202337233049836,-1.490980858213092,-0.4229990662316958,-1.1537256984620674,0.0,-0.593471481495115,-0.9565061309314316
94,-0.5147478055175199,0.2907206382430287,1.5550517223462652,1.3527246904372585,0.8793952731401642,0.0,3.215637680660069,2.647668402731966
94,1.0673622529326123,2.9525920710199665,1.781097869447491,0.6587756658762077,1.4524464253796787,0.0,11.384033098148253,7.89886765884226
94,-1.1451588234698367,-0.10598620836064987,-0.47247947530724943,0.3917597764969019,0.386551048809767,0.0,-0.24624863525249618,1.539156829149722
94,-0.7231137745876846,1.1413881181127268,-0.4191750797116156,-0.6508078442154577,-0.04539731678210879,1.0,-2.693737803388963,0.7395185805190719
94,0.13674380604307151,1.285132704279254,-0.06068596927110581,0.6410413692327358,-0.1434936171227622,1.0,5.525411275342384,3.10326225545324
95,0.7054424499491971,-0.20307625895798598,-1.6570807896028539,-0.6913678887446626,0.20167323407772558,0.0,-0.6263017959991434,-0.05164067818077045
95,0.4816034157731008,0.00947008266202648,1.4069881777260478,1.0416665430541607,0.32299749944539347,0.0,3.7687895621175502,2.7990002344606326
95,1.6042364134501932,-0.6095341239544101,0.3780771805674041,1.9136947677155167,0.026907299020363096,0.0,5.555655393408183,2.608230062989996
95,2.2710131725981944,1.2742878862839735,-0.12102527924882733,0.9932336787954508,0.1120455219779386,1.0,12.72509712412679,7.151387441251033
95,0.46264195359151256,-0.9820328511787761,1.6787621423565886,-0.9282696120791141,0.9585144304191278,1.0,0.9545242518116989,1.0327222497156137
95,0.17686420628340077,1.3593882382705842,1.3919837220803122,0.32694266138870787,-0.1603002675036056,1.0,6.763568854758233,2.9657276381827904
95,-1.4895726909615237,0.8992524068616705,0.5988497161566785,1.1513344966422743,-1.166642377900722,0.0,1.0043996641191437,0.48309351571491566
95,2.124497999846272,1.1755043781817738,0.9696214317838632,-0.8395259444173946,1.2101818773009074,1.0,11.486425246850159,6.383108337763697
95,-0.06172400205263451,1.0275252013585967,0.8318970666509611,0.3183367620526961,0.674695306221154,0.0,-0.04216747926012587,3.00541684100175
95,0.11627187957379043,1.420644359366194,0.520706533331097,-0.1336593550744838,-0.13675267807671432,0.0,1.867093416552314,2.926254260154227
95,0.07752064061828462,-0.8081670663692062,1.870793039636978,0.8522489964784103,-0.40904564054086556,0.0,-1.1119156115024795,1.433508289882422
95,0.5130267468456516,0.8552393542723644,-0.03864728186077637,1.5674215681631187,0.46718416730792595,1.0,8.403967455834707,4.120126227811878
95,-1.7967039056407654,-1.3127661618387931,-1.0274826968264148,-0.6895684411984726,-1.7550955472925884,0.0,-2.31062838613785,0.5848190067721073
95,-0.5720750939759356,1.4719372516788098,2.3782569987165587,-0.8692246209807246,-0.19574607079419137,1.0,6.956430193290231,0.5419816123887458
95,-1.4711832684514747,1.0989358682402495,0.0941897272536461,-0.6115831733048347,0.47466333125797844,0.0,-1.507386503082939,0.1713426061761737
95,0.8886015416772202,-0.9936768725680438,-0.6994433517559064,1.416414292535087,-0.7365579872808399,1.0,4.7450394703280105,0.8198866818252282
95,0.42909011461362273,0.9295208209961037,0.22591546408384178,1.4287327763090354,-1.2590041624789485,0.0,1.7776325138373368,3.2505651551398502
95,0.2332954581296141,1.7786668819593172,-0.8181008537589138,0.10461741516278977,1.2799964335035559,0.0,0.37209529846026246,3.3878011015894844
95,1.6821698207739733,1.5563130064799955,0.6227294150115835,1.38553999020075,1.2897845035504298,1.0,14.482520486605143,7.698540680153339
95,0.540621599509938,0.6247239564890911,0.7999144080253859,-1.1508961134946434,0.9186087385063806,0.0,3.044236901944446,2.900993665846766
95,-0.9686709124039921,1.7692878312280782,-0.19192522009018187,0.6164544235910611,1.6991246354291163,0.0,-0.7471833687549131,1.7299165416138864
95,0.0063706916792079515,1.0017192970694146,0.9766452241270078,1.6136690088634318,1.1090331973298202,1.0,9.657349027448639,3.919905893898336
95,1.8150341659736202,1.834245140465384,0.4940105532595455,-0.2408311401644757,0.8648675887717193,0.0,3.0249689171297556,7.593319050400343
95,0.27977396203146176,1.097513794249974,-0.10793391043455758,0.1731302889490564,1.9680095282561938,1.0,4.802242694778546,4.006483402262354
95,0.5630948870635412,0.7703996445809516,1.3886568027052864,0.3480434057238533,0.38040099561476404,0.0,2.9021573729219545,3.340240088044879
95,-1.1681695778675867,0.17572186523404165,0.08028079480299144,0.49469498740279033,0.8766391226691135,0.0,0.896161829660642,2.02108988636351
95,1.8122668738860734,0.8991585358124128,1.415951493916062,0.9988622279274973,1.2242385529101822,0.0,6.260954176750761,5.958980861579212
95,1.9148179782235433,-0.9243359370953879,0.10427275847838674,1.2980796907817174,1.5686230930428853,1.0,6.9914351747871795,2.205362241330215
95,0.6428904581203267,0.3690793808954685,0.6134924750237691,0.17993165262844418,1.0713934739510602,1.0,6.686099586805593,3.49331363041778
95,0.414245272642599,0.3488162091896302,1.0810741483171822,1.0164790430044677,0.34474741606979226,1.0,4.930472574455026,3.21755724924354
95,0.14683714750193533,-0.6346343023828187,-0.6291900290267809,1.1493491445915298,-0.7481059974241069,0.0,2.4802172494084136,1.357444524319626
95,0.631806488310054,0.25608051952863087,1.0955622524184485,1.099656693679258,-0.15395811397232828,0.0,3.0442423720393923,3.0839138490374056
95,-0.03268805767552774,0.7396207188352947,0.2774724651389874,0.0796403814549827,-0.24145908573911523,0.0,0.5715259703314021,2.3488673125775925
95,0.6135973755419217,-0.1664139299546965,-0.41739443606571436,-0.22091723188222223,-0.44196825108231175,0.0,-0.9830635726109309,1.495488898183195
95,1.9477307034022302,1.639288125824503,0.10039861861320015,-0.6084481774919075,1.6898529351277476,0.0,3.4718762747954997,7.5722672078984665
95,-0.4387543391431785,0.5670022419246868,-0.25577572701676154,1.204351463720073,-0.6720765895472007,1.0,4.232734991245199,1.9210661620034681
95,0.6293597862713627,0.3861628280156794,-0.33386521620870513,-0.15056134888370054,-0.14152136554447836,0.0,-0.15140172240626804,2.3826054801339067
95,0.43585257330013333,2.213402063912066,0.4493654945471549,1.3955505885241357,0.30723831888333486,1.0,11.988001177855596,5.266144413965943
95,1.3540039098371974,0.8987724808692621,1.716885558250482,-0.15793455707097692,2.4644887491379652,1.0,12.03917620036116,5.209479378922174
95,-0.6883258216265247,1.2239757880393793,0.5801993665395967,0.4508914826531194,2.012928534731098,0.0,2.380416743700743,2.7836939108717242
95,0.4376183504129778,-0.6269254356239893,-0.878462293755935,0.4557241747080635,1.3905066919642968,0.0,1.8893580199738071,1.7532122293164505
95,0.6574700752591993,0.33927233522187045,0.6320387866305217,-0.8852919534562791,1.9488345315951716,0.0,4.832576547700475,3.376047984741704
95,1.135922375905988,0.7763747032961639,1.4738430223957177,1.2563155912465442,0.15606477475657665,1.0,9.96642431670104,4.3779631145413225
95,0.710469030294487,0.883291303678065,-0.6162590441146345,0.04871748724530822,0.35009288091828794,1.0,2.333746412817703,3.131753328492019
95,1.1025664255351946,-0.003334994862331686,0.655511469109565,0.10218493553891445,0.1231970955613334,0.0,2.855722498550409,2.779121670325349
95,2.17253077225884,0.9507041436510093,2.0569986968651617,2.2144336413785872,2.404061600640452,1.0,18.798400590573223,7.497526705916959
95,-0.7344083948987756,-1.9987960151847464,-0.5671485824335081,-0.6437494104654728,0.3588062493975823,1.0,-0.3625070170483812,1.5187207632596036
95,0.45175940342269316,0.02579339722097862,2.5270309745796196,1.7942988307701129,0.7869592845158375,1.0,10.319703042557979,2.9875470935335295
95,-0.19940333916114117,-0.01849863448779654,1.466390410396293,0.33301892343926665,-1.110859980331844,0.0,0.33808301087680415,1.3432287180594977
95,1.4045280814776315,0.03747234784438741,2.534274899569164,1.2796124845136458,1.3184678543784565,0.0,5.914812016561407,3.518627159727305
96,0.01616731970451918,-0.30678494648460075,0.7134456081203095,0.5582406600654433,-1.2101214969274325,0.0,-1.1341772849180038,1.636625096915558
96,0.515135364687484,1.47614579070687,-0.4307015164130896,1.3836235414264944,-0.2752889380295803,0.0,2.004914970290534,4.003545105743095
96,-0.12921124889505498,0.5250195058896168,0.3096354580367733,-0.35246875757711116,1.1192285990488453,0.0,2.20824031950155,2.620708065480547
96,1.8424850804642288,1.42185809327593,0.747757232853941,3.4886239877297234,1.6580475495402898,1.0,28.118856700214724,8.932354079740577
96,-0.7921094895025431,-1.614769343041496,-0.8883798243729746,-0.4934402534320418,1.3895597177868997,1.0,-1.402192725367848,1.7101747163351977
96,-1.8620269249695562,-2.157334840325324,-0.079243153472493,-1.5249299427441771,-0.13637437008659703,0.0,-1.36251618374891,3.133922847024749
96,0.885284484674335,-0.3829524821658713,0.30760870840082444,-0.9602672692379806,-0.8520430168049822,0.0,0.47458093579444327,1.1128536520976882
96,0.08160360668263045,-0.5120751953328011,2.8221129278134507,-0.4154429708970617,1.297694258122742,1.0,2.937619223007165,1.6457601798864592
96,0.37967468136935906,0.41914985865856563,0.3583077019168406,2.532958167031638,1.6618276592033485,1.0,14.287685789248952,4.771591259380771
96,-0.7490838096067189,0.14074956871417527,0.03126641229780208,-1.0105184441916986,0.38628487648055493,1.0,0.8786420198255327,1.2934273242638277
96,0.4645293957934036,0.1317118773681854,-0.3581399368954634,-0.16621847057149486,-1.508955842621262,1.0,0.8109676418961658,1.279198006929716
96,-0.6703570376376635,-0.6558908453279075,-0.13335438600044447,1.8585483622688113,0.8588170547774927,1.0,5.731489261271078,3.0596840912297942
96,0.34938077787957444,-0.07475405992334283,0.11493028172229391,0.04697983063462324,-0.41181837270142485,0.0,-0.8584320420010398,1.9796443790416185
96,1.1059620522988838,0.18096526602411245,0.3741475333139274,2.1308858308175003,-0.8445586490660648,1.0,10.173435655137231,3.6046612526049184
96,-0.15942765489317046,1.3722452972778258,1.1918339469912445,0.05043806323597089,1.1345310020186097,1.0,5.003152939137478,2.945993146359645
96,0.7356188687423428,0.7915784375348996,1.7993285404822297,0.8801467355412661,0.6370051491805271,1.0,9.341527218084806,3.777590756217201
96,1.73583362455789,-0.45222816526666654,-0.5718313780711459,0.2998057264938102,-0.8083776874588922,1.0,3.4214354259145825,1.1575194984550017
96,0.1460283879474002,0.444705400672635,0.461921968256376,0.6839226453988201,0.026016340001378868,1.0,4.238379184330661,2.8414345728003876
96,1.067968049653429,1.3895383897649216,0.502662068167812,0.9700280063672662,2.5519482048095767,0.0,5.068717699829271,6.6013581538104305
96,-0.3424273174269853,-0.6697404780707099,-0.9290811140612814,0.4984827264843192,0.9623057235448751,0.0,0.7588365448849006,1.587677532597691
96,1.531140778916331,0.5382401782869882,2.199116252402665,1.0553899345424589,1.1506084262831942,1.0,11.508493503780766,4.47358289026076
96,1.6285547028519456,1.311608041366663,1.7113691683469208,0.83171496535417,2.6289493579628993,1.0,16.526606997387148,7.052013233421443
96,2.292454589700741,1.83006022802485,0.8831724675745785,0.7632507424422966,1.4647428772341788,0.0,5.216828514359491,9.446873219533776
96,-0.4140555245030294,0.13350756792971324,0.19483935749901699,0.7063154913586311,1.8301184167841056,0.0,-0.24432673066359367,3.1511618925017197
96,1.199983546863186,1.2202011682316687,0.7037082663483735,-0.3289944960137019,-0.07870407996846096,0.0,3.72164394027807,4.584766531702824
96,1.6939546782007895,0.1612082189997176,0.9817451364634497,1.3559534542022145,1.6407380888051657,0.0,5.513572080071737,4.745451573126264
96,0.06282248406719204,0.2806307169220239,0.2711829078167405,0.0420613743367696,-1.642235680653561,1.0,1.2836586500314646,1.4883155234370171
96,0.033199786597315484,-0.37679055093951286,0.3166410992061679,-0.17291309973798874,-0.0745404770957947,0.0,-1.5834242252528126,1.8005756723640465
96,0.6070389302908035,-0.1874457373591435,0.7982016449355132,0.43731080779522924,-0.2160058369324841,1.0,4.343874601610752,2.3037586874791685
96,-1.316147562344701,0.5873091934727067,-0.5373743951685512,-0.07591135279869843,-0.5094791463760964,0.0,-3.3303166104362125,0.16026844638244564
96,0.9494868013845806,0.6014676652661474,1.5203047088706585,-0.24639723756691378,2.7444086909515586,1.0,7.8597768783994155,4.4061910908238815
96,1.229469451355968,1.8599975916576055,2.7614199231567866,0.8541781524415031,0.37676785137248525,1.0,16.80584849317133,5.899126151061063
96,1.2359582729054233,0.3382030727988229,1.042863084167857,1.0944318436301752,1.4909230898697297,1.0,8.954287461554467,4.522943617344737
96,1.6142139185864655,1.373354403887268,0.4440419308628436,1.8870427088850146,0.7855149010898648,1.0,15.763627218790603,7.171994385054036
96,0.6447513263456536,-0.3487446186540051,0.13538550990278292,0.40531699719207537,0.43784683122495244,1.0,5.423138391088161,2.4032738392479427
96,1.0048462876525535,1.7058308466857928,2.0360800474183858,-0.018419954543719363,2.6267881304674123,1.0,14.67209384546861,5.9429840934899625
96,0.04667510386234519,1.4447796768444356,0.24241939518856803,0.30281204617569757,-0.5996257657720037,0.0,1.3285157660534639,2.7567255055978785
96,1.503996304972878,1.939260672725524,1.698757570285253,2.1642556981019396,2.112850644576673,1.0,21.581575085341903,8.498589010148814
96,0.17782785300171322,0.6912601028509873,0.14851778908205904,1.3852330575859484,1.050897669830836,1.0,5.948478216754593,3.838785026678236
96,0.7277580660928574,0.0988669368043445,-2.232247656863176,0.3651384723069861,-0.6281183932236916,1.0,-0.37282026326533657,-0.3766128220403181
96,-0.1021376083761224,2.2570866202969566,-0.37764807705448333,0.5889460480869328,-0.32330218267330035,0.0,-0.10316408221121742,2.7204734135080146
96,0.6413669529044932,-0.21423210043227214,0.7095903340417956,0.7638408428335801,0.1433565598011039,1.0,2.4599895552997846,2.643188751558715
96,1.2025575718409636,2.008259680319073,1.3439501402755483,2.1047233611433414,1.2316365780029237,1.0,17.922793485023114,7.585517183212296
96,-0.7394306266144974,1.0573808688360358,-0.14413458847664962,0.4605464280804639,0.49568415053680953,0.0,-0.9661525827368734,1.7727938984991432
96,0.5967364179979433,-1.0285831219839372,1.4361660982354578,-1.0069118028870647,-0.2041422433668072,1.0,-0.7077156070125659,0.417063560973636
96,0.15634978727456833,-0.3421872988378283,-0.0023975978929722253,-0.37513712978536684,0.01936065712806795,1.0,0.21851600027543872,1.6744904233254296
96,0.2838344743904252,0.5143496874545336,-0.2877989942022623,-0.6867696862341737,1.0850588643374444,1.0,2.713714372475343,2.5591982825042985
96,0.4588060328666894,0.009581396582675539,0.8102562028277978,0.5133660663152475,-0.5975112767097921,1.0,1.8960412228288015,2.2909580593989944
96,0.48948461473895294,0.976414410100573,-0.3062392007356649,-1.4383245315336275,1.6186821999716008,1.0,5.932182080128078,3.1014226743914888
96,-0.08625732268002095,2.413696357062883,1.7107241364910193,0.9975135793234735,2.7431578698954278,1.0,12.798328432520856,4.541746694236609
97,2.816286974487276,2.4020714107309615,1.444426494952121,0.15000707771574023,0.6116273163705905,1.0,20.26918825541337,11.60316582290503
97,0.10612245670079362,0.40208627385065043,1.4251043033730229,-0.2879459287192604,0.5215559671451133,0.0,1.635028089197962,2.2713090756822245
97,0.7666299451367586,1.647599134554036,0.4556424510606989,0.987564568337755,1.0188717044127067,1.0,11.981423150267533,5.599231245674217
97,0.8262233880275167,1.7446825038109748,1.5736651309146712,0.6918799693985662,-0.05753950016808107,1.0,10.025866118996179,4.828084435138143
97,-0.07275205974012644,1.68952259193138,2.6224517916272845,1.6927234772755975,2.7214198933875076,1.0,17.05020379416343,4.3355208507252385
97,-1.7489817268533803,0.7632093622884137,-0.718470615665767,0.02800165442486019,-1.329545502066255,0.0,-3.836614063459242,-1.08491934024942
97,-0.9150278583357347,-1.0237279452650265,1.0769579250575136,-1.5725851997695965,-1.1493385523892332,0.0,-1.7362045084236573,0.6188879348170124
97,0.39327287366538616,1.945196154651916,1.3563702640376278,-0.27975886559563035,0.8068122432047637,1.0,10.000014429149173,4.088725886619769
97,-0.3222118427994586,0.3020875542245643,-1.4708327010490279,-0.716901256535331,0.17686694068297937,0.0,-0.7985406266185394,-0.013034616225192364
97,2.227152212482876,1.050378778551021,1.7731235595605328,0.9006852339035774,0.0933545399450636,0.0,5.2429402465357455,6.160750949025362
97,1.3902641910708744,2.7630867053164865,0.06113672833238287,0.3807846970367981,0.9177896386957447,1.0,13.36282080055765,8.596083215703457
97,1.0896036661584212,-0.028365344805948878,0.9388531510563576,1.2601474639634467,-0.2805183319186907,1.0,6.681005942836975,3.0496671026538467
97,1.3228327113221734,0.00978115654242645,-0.42571077716178596,0.5060741450625527,1.2190678733689286,0.0,4.711333256477738,3.239706823049474
97,-0.19749910628153022,-1.3707689773597274,-0.023482090168207126,0.9276538850882282,0.10898168766774424,0.0,-0.3336258935159593,1.9928926558094888
97,2.7984418307613588,2.8352909313229633,1.8634301372143482,1.7919172879182244,1.9040715567270057,1.0,29.15172136025679,14.242497553492495
97,0.67562866049334,-2.0082321322512042,0.28282001858020633,-0.138930119274291,0.2818237884630972,1.0,0.030138784264182317,0.1500082124165617
97,2.780642981634739,0.5332953867228105,2.519689804789362,0.7793477345502846,2.675228566314009,1.0,13.21437184470755,6.31423494942183
97,0.22608584154263467,0.6650260171727036,1.7792680776321381,0.17597257478500916,3.16275706094845,1.0,7.933842607239861,3.947942770713114
97,-0.32755862383419876,-0.38420130008244646,-0.4205871290677192,1.8680581553513531,1.9345832885833194,0.0,3.65232674336686,3.3738450195366227
97,0.9096432112606818,1.5091946521166526,1.3803304266564953,0.6776579199453107,1.39934632881373,0.0,6.344240353400659,5.500231329537142
97,0.513597274298106,2.648247061802791,-0.2958840742039357,0.8689106846175131,1.3366886941020715,1.0,9.186447047006007,5.852457025758971
97,0.4358885791474167,-1.7492650993435697,-0.7398036997705371,-0.31865786684605624,-1.2581710023509258,0.0,-0.3391073116293889,-0.8388883159143473
97,2.1669537180865346,-0.354702720889681,0.3991542391295252,-1.1194660662065916,0.9550883182554912,0.0,2.935932117806782,2.1762793836774064
97,1.7415154719214203,0.4675734504604282,-0.037702877237207,0.6265408198221343,0.04695246291145283,1.0,7.330943804708826,4.236015392890746
97,0.8829711677576562,1.5197885137525724,0.11572749600851939,1.0241571588076757,1.5112932876253315,0.0,4.11602882870433,5.8622092943951385
97,1.3034950082844818,1.0246455653231092,0.5725356593422821,-0.44761935535849184,-0.38033402283034334,0.0,1.3105362563277927,4.212511754094351
97,-0.6559320992420969,1.501914234815919,0.051210906448808546,-0.36771525136032457,1.2460234170733022,1.0,1.640434602872395,1.9012858550239096
97,0.04001513841356513,2.3747965125845916,0.654510210561623,2.042544584615945,1.2879505702399663,1.0,13.001855679315467,5.088282512092776
97,0.3183119904446985,1.5900726561951348,0.7103150288103577,0.07984847023973829,1.1013166460207093,1.0,8.084104328965566,4.16422807994584
97,-0.7580455732158289,-0.32040366804320863,-0.30105375790928934,-0.021739435031908005,-1.1165401081090005,0.0,-3.017672145196454,0.9390138630702562
97,1.7275676800533535,1.2044223386809676,1.0000292275195295,1.1940318198718467,0.8076447939980994,0.0,6.4274806112511484,6.587846747029137
97,-0.13520192124159325,-0.9285087748277991,-1.4589884291218767,0.7545185794264624,0.34290522100750737,0.0,1.263950756211332,0.5244735992377938
97,0.3499451200438053,0.5561204197934166,2.0544824747441752,0.697356875623664,1.1053171468896057,0.0,5.733475514473888,3.1111770202098414
97,0.18662687473621298,-0.28675723219411176,-1.7498590811528354,-1.1129880884449987,0.6581293735532574,0.0,1.281489767171516,-0.3840480745185068
97,1.3101438732612207,1.6866779953200224,2.441469893462134,1.0801282093252405,0.9041517889538652,1.0,15.025350974378709,6.15631362461823
97,2.20598348294436,0.6300930279208301,1.401205536794242,1.2828938548528992,0.6499897768964404,0.0,7.547787773582313,5.643836675787536
97,-0.016147906619734087,1.7017969960142327,1.6342215906195865,-1.194347975438658,1.5583923262992314,1.0,7.978409644609491,2.7510943082284784
97,0.31587738946202576,1.253791025614725,0.16131309767134955,-1.0330366445476005,1.2556988056106058,0.0,3.4955820359586696,3.359883304976181
97,-0.08944960933192236,-1.2507247730422242,-0.4971004498302163,1.4527602283732328,0.3430347187086188,1.0,4.694680767101688,1.9701058890261187
97,-0.21207637606171215,0.011189352610318337,-1.670448911780941,0.6504098672446739,0.5726792752966894,1.0,0.10556425246197998,0.574015875059432
97,0.7909162809719241,1.972958208858687,1.8307137822153472,-0.35542902997706405,1.920152783019555,1.0,11.847014204526307,5.383100000845769
97,1.5646932329833863,-0.5181408972355981,-0.19194160660924375,0.01579726535054421,0.8375168767087354,0.0,1.0495630702213457,2.024866574634406
97,0.9128888753180879,0.9394728762601829,-0.17005438477845902,0.5607181871606601,0.8358200532491192,0.0,0.6603841489560447,4.382632705513261
97,1.1492299437063902,0.40921146210378107,-0.20757149995875301,0.5026497704393027,0.8959437189966504,0.0,1.935676089795894,3.8235440382809083
97,0.01460373203658838,0.3519527507071547,0.027288970390724143,0.31343168850552194,0.6961017425129693,1.0,1.9106786555115383,2.70645694489095
97,0.8401265326947158,0.8142839695144111,0.5809280090086109,1.0083263629839578,0.07034305528288076,1.0,7.712658085798003,4.177059251336134
97,2.1068087876767962,0.2776869017497663,0.681056978364388,-0.16075648302142043,1.0618837220930202,0.0,4.269729686903458,4.345280822159692
97,-0.46417732775929976,-1.1906181469719723,-0.21018113785017944,-1.477609913728252,-0.30680543495790746,0.0,-0.7133769809571183,0.7059551079105746
97,0.2545675666927533,0.13442757408479833,-0.748856514504848,0.18779837318783366,0.28645982147934357,1.0,1.4384273600744073,1.8238871452769376
97,-1.8780587991505855,0.46034936143843014,0.6130638056125726,0.7609797633904772,-0.943599167697512,0.0,-1.2544280444916835,0.45969333193980766
98,1.7397859570661445,0.7626131025788665,0.6063497391572233,0.08327712817832911,-0.686431628611196,0.0,2.6359513979804756,4.401314383930725
98,1.3423698458452833,0.8922614906187556,-0.749243263999215,0.08352341380245959,0.569147003101056,0.0,2.358989109010585,3.998978644213005
98,-1.722048170970468,-1.1494462564215842,-1.1623655464593863,0.025413700781061477,-0.15178556370754603,1.0,-0.004950596628408577,1.2964555788781302
98,2.0636027366761587,0.14400227298500656,1.4065456196225867,0.6062693822041878,0.3597293378925273,0.0,4.865819941823698,3.7507513280616687
98,0.09935290038700872,-0.013508089427956005,1.7687602816733277,1.059072613105184,-0.2768409121492227,0.0,2.6232824571024307,2.1204028683213925
98,-0.15553108825213469,-0.4982674923126965,0.7288513521732594,0.8306264993411145,0.22416491063616734,1.0,3.7294271307885736,2.3883580850578507
98,0.7523094381234182,1.816890587097352,0.289105253173107,0.285540840293229,1.104924479037265,1.0,9.200364782758761,5.44974858232621
98,1.381085268040307,0.8373089146594812,0.9975615753898863,0.298610317254482,0.9617584310942053,0.0,2.3150476028468923,4.936909821152151
98,1.6645062706752647,2.060421206042305,1.299944069389857,1.0043492438021313,1.4211084783740207,1.0,15.996336070927981,8.422301372434877
98,1.8253465135113498,0.9364466637512736,-0.21481668570756585,0.7177048321700781,0.5829141373524458,0.0,1.951584601283279,5.610152870730798
98,1.6280503418538763,1.3798675575537005,-0.6518127069472219,2.1692246842899654,0.7248095730304119,1.0,11.76688383961195,6.666549039298446
98,-0.7689973960738599,0.8706152739210171,-1.1063734124186613,0.3500450814999818,1.0751939369367496,0.0,0.18769894033636558,0.988647778535132
98,0.0037640008857855456,1.7226126963027149,0.6844413668433112,2.5121018240261876,0.6806803430714478,1.0,17.070667573408834,4.583056389637742
98,0.33198898608210214,0.9250840924844969,-0.04627958474996008,-0.7713215818232027,2.744939664172492,0.0,1.9976295122984462,3.8982528091294095
98,0.09802248268821384,-0.2604396668354708,0.5379946836236945,1.4453030532400404,1.2259649033831863,1.0,7.261771257328101,3.356631746763956
98,-0.1236043104923148,0.8147504867586262,0.04625487005589152,0.4185397069387577,-1.1627183940202752,1.0,1.2040796128239322,1.8948349416955483
98,-0.5393324070393182,1.2933753392334548,0.9567804628112809,-0.033485615874611185,-0.013122736572048654,0.0,0.34000831425182243,1.7107027132151544
98,0.27827296678305385,1.0338246572602916,-0.10151556172133502,-0.6278025104947171,-0.608876225858054,1.0,2.1171401614461507,2.2694888363991708
98,2.3234944245124463,2.1223615219190313,0.5308782844761452,2.293092524545258,1.394352650005711,1.0,22.680935475382363,11.125747601416405
98,1.0211080482208426,2.259128148158149,0.16776919614366076,0.5109800730601846,1.5711141526811803,1.0,10.76544631718674,7.057823470038491
98,1.1805944034166713,0.2777800734392826,0.9450734915614747,0.5450575376005152,0.6572135826107846,1.0,4.5170406778343555,3.716488457148696
98,0.7976062106259869,-1.3424477166112097,-0.9055580500680476,-0.27501583980423483,0.8110930220597772,0.0,1.5331995208757305,0.08934079605652323
98,0.5087537564735186,-0.8597079551711617,0.3516977405932392,-0.5846999267522299,-0.7268714110370609,0.0,-1.7080107650493246,0.845995658202124
98,-0.45269954719023453,-0.5991329492736006,-1.3949771581209818,0.24102009698348714,-0.027003117720749703,0.0,0.6747841346919321,0.3297456134017669
98,0.5521951498563991,0.653012879850591,0.9547585824636,1.060665167100034,0.17063382970471624,1.0,6.984201931960386,3.6340291630155406
98,0.16001393077847392,1.5896284740379052,0.47035853703905434,-0.14868894925570153,0.3180260107811175,0.0,2.053333604222803,3.340437556684617
98,-2.540948382683142,-0.5602495308340987,-0.024570951374700223,-1.3969989492575112,-0.1959541564135252,0.0,-0.135935812072547,1.0639023033515316
98,0.1963270539707807,0.369651223659048,0.18300838289101568,2.2528220263444183,0.05956412607649447,1.0,9.432886085645103,3.586559594233208
98,-0.5226173896797646,1.53873557697743,-0.26429506330247476,0.4979721691844924,0.12888494987058652,1.0,3.125263677411462,1.8504470414039114
98,0.49003303475330573,0.42167330707230555,0.12846046303020742,-0.6011052497205973,1.535655587435562,0.0,3.1068220279118623,3.185752716728638
98,-0.4126180682480971,1.7942674121455724,1.6611700485745653,0.6300984194445323,1.0350430511869533,0.0,4.686937344456281,2.523382525891128
98,1.178595807606508,1.5930913554006911,0.4151664803590435,1.1047425846954133,0.5535794090485536,0.0,4.444836136010212,6.215247795773548
98,0.9118746717963402,0.7734187421838506,0.9243721520752883,1.7529888792183375,0.3644090924557004,1.0,11.534253689799577,4.671128616673279
98,-0.9940494526801196,-0.6082405924117689,0.17654286089188403,-0.21395298026908693,0.8812740011406365,0.0,-2.6603345788166903,2.2098648886645686
98,-0.15420366967665744,0.39513193253018797,0.006296444596791129,-0.6628581574036811,0.6134569383849535,0.0,-0.5912718600429834,2.0379611276714216
98,-1.1891214613970906,0.448596054331021,1.9099983064567394,0.8164909103175702,0.9775983217441455,1.0,4.7905264105767325,1.6156112213878016
98,-0.44296472305203716,0.6507562144707235,0.672188598239974,0.8697225587526662,1.6435396719541364,0.0,3.7288150995519005,3.1908198147555367
98,0.09645680214527119,-0.9904826572404399,-0.23365973190553146,0.6171867802964064,-1.2940747968939297,0.0,-0.15127979488983814,0.9749999482941885
98,-0.5893795292099095,-0.3020429240749919,-0.448224268518723,-0.18336788052524278,-0.16334324877491013,0.0,-1.493648633785486,1.2360570551250023
98,1.5236744684164687,-0.46043139697598845,1.9015640982624378,1.2514273338643895,0.7017760543039229,1.0,5.756967846645397,2.4326884377713265
98,0.37861677157921836,0.5739210131508665,1.867760357218846,2.229959827955742,1.10690486144577,1.0,14.442340211980415,4.003259060135174
98,1.554498013187809,-1.567277937489283,1.3133109498405502,0.9624892820352003,1.5935944591909286,0.0,3.2799945180836954,0.7466265785835002
98,0.7984536742957908,2.2341211007130273,0.519648808591427,0.9163053423405776,1.6898874096543468,1.0,10.705514223393118,6.731043995676808
98,1.0321379610472219,0.4091889995062258,1.2966566116286051,0.2337053921327264,0.4611375176879568,0.0,2.9085911059485112,3.4094716174072395
98,-0.3556787438213652,-0.5004930415101541,0.2879477437683138,1.8037500573321281,-0.3182890998419462,0.0,2.8517885613790197,2.5954618986520286
98,-0.053331372992704074,0.6592527537789875,2.6928576272318425,0.12269094315646295,0.938315341022123,0.0,3.0291816673681464,2.2437371898771765
98,0.11117277894570304,1.050784804643973,-0.2927752479506027,-1.814636462980571,0.16222458806420836,0.0,3.910349639195227,1.682650495176886
98,0.3077477871412552,1.4729980591332752,0.7763000893619785,0.16495066371398337,0.8899958526151395,1.0,5.51968488180996,3.972818856261992
98,0.0910676593240421,2.138912378162583,0.47029866664481595,1.1973627143525585,1.3185245103715548,1.0,11.047352187191597,4.694301694611534
98,0.8474693549447806,-0.7234961902731818,-1.1478882627515865,0.767570527604736,1.6996464638458317,0.0,3.951024916194391,1.5189241432615836
99,0.5452804145410645,0.3712822180059582,-0.10613601933723205,0.028653608420074472,0.44316809994606693,1.0,3.712839396289719,2.837949940621503
99,0.06045426602953202,0.7341522321689351,-0.39074819396583094,0.8747379673132438,0.25867642377090794,0.0,-0.2758805954541623,2.7376433283345314
99,1.5608194779727815,1.6560156672023005,1.0891169181985305,-0.43538594835097555,1.3817518593596971,1.0,13.334381509104318,6.674168646924218
99,1.6463816385532948,1.2251390812387908,1.9048404871624387,1.4073223697283341,2.2685467764315628,1.0,15.497392555447314,6.915295349561277
99,1.0900163222033439,1.0906222307687172,0.8037087911227141,1.0667075908070909,0.6265646979892956,1.0,12.416133490903945,5.22164724924528
99,-1.0398481466235256,1.9066949377651745,0.9077398922748273,0.6696716527928869,0.0032265030414663776,0.0,3.3041948210328345,0.8565977663520106
99,-0.1007076353761539,2.232063800054254,2.0009282536980417,3.1497966171450127,3.5045800007356678,0.0,19.46616612644922,5.751553934978709
99,1.8080292958414568,3.1580001460344627,1.821894865842128,1.0334261280656012,1.248779909803549,1.0,23.765370235523264,10.996353755208522
99,1.5011021432127793,-0.10034416995031759,-0.23894764513132294,-0.10613730303995728,1.111993813161411,1.0,3.73099635597182,2.904794155022599
99,0.8527813171710031,0.5560382077623591,1.202092349115094,1.54627144535194,0.31162282283351983,1.0,9.48308520377312,4.068988877885585
99,-0.533898554341506,1.4114553196152608,0.5551399973972638,0.10405958378961522,0.9445254659586872,0.0,2.2885678458167513,2.336893612800268
99,1.2804022646909776,1.2743844536846027,1.6821280862403556,1.9245801815006038,-0.6629959968594035,1.0,13.940633342407978,5.269872321696054
99,-0.08749902397782061,1.7482907232176552,0.8169215914995109,-0.2595962289346716,-0.056982647757626514,0.0,2.61200801198542,2.6120622118166934
99,0.6995877220640173,2.6677030709184013,-0.2555207588769993,0.15908551658450798,0.3967677352249135,0.0,1.7168824573660177,5.667635762932984
99,0.21775027113264028,0.64934177557819,0.5007226231552969,-0.1633830225443611,0.13398314582877158,1.0,3.978394833482589,2.687837633060383
99,0.16112728526613979,-0.9537464564527727,0.6907083594117223,-0.41672717898235734,0.13612476710733712,0.0,-0.8264578822307433,1.4258637352502483
99,0.931208757701877,0.016985668193154835,-0.4257301081434012,2.2931359970542915,-0.46863544070112506,1.0,9.513039178431852,3.1000370914314304
99,-0.4537141606155025,-0.09144252515176565,0.11024741437369906,-0.5945798510896039,0.4012787971258381,1.0,-0.3700852027670116,1.7213125126706037
99,0.3613816388833334,0.06526005967297172,0.14060172178475394,1.884800866845041,-0.5509386681069857,0.0,4.49106789752051,2.9642684476802055
99,-0.44991994353773435,1.2947649913318857,-0.984198723179095,-1.3311543189633526,-2.824185097869675,1.0,-1.8664657434643,-1.1763565193964722
99,-0.014689880869282357,0.42470005458755145,0.8594388276734417,0.29696713884468884,-0.15096655516716073,0.0,1.7565845923823378,2.3543486450124984
99,0.39781101478065517,1.2980999596962328,0.15401165242771686,-0.6398310342219204,1.0399242885194213,1.0,5.081063232757447,3.6295700322402125
99,0.30649494689695167,1.0765538546660913,2.6930474043223414,1.1296917433490745,2.3394573685744735,1.0,11.238487353468377,4.2015020596709824
99,-0.03214522790763752,0.5635960374302227,0.06221225534893143,-0.2077082433514158,0.688093328722094,0.0,1.4536885607792565,2.5169725937668694
99,-0.4514395394331092,0.47483583971536136,0.19720152593584966,-0.22179429322953026,0.06070089803709933,0.0,-1.3813762340195836,1.7960112531383667
99,0.6296336964903884,0.3200268975934237,-0.23649483525399895,0.7919982672401766,1.1328398172415088,0.0,3.4976411074492466,3.492666833165508
99,1.8845345205884751,-0.5341436445376915,1.039021746180078,2.145394576897509,0.1504245318188494,1.0,10.556391415483766,2.84306739349578
99,0.8111627464109532,-0.651545340608106,0.6804376005999819,-0.4037243158501693,0.016220763232949076,1.0,1.647670339777506,1.4750639030986434
99,1.5671009978964112,1.8616232294079527,0.6483282004458282,0.17674056848905478,-0.19096285224548426,1.0,11.765060273673784,6.745861128457769
99,1.44772251491225,-0.6425958222464225,1.314203310981607,0.6265014743568315,-0.9931957311181907,0.0,1.5525202034192351,1.1998040244412724
99,-0.5586646795752459,1.0600839467455134,-0.751361672630332,0.6562203161313873,-0.09294970655876034,0.0,-0.11659679241001253,1.2951926656109745
99,0.08860625117293969,1.9631312489261703,1.2937997590146482,0.9646681054389606,0.6136616862977163,1.0,9.205390963615026,3.9093471675416986
99,0.0741064635442234,0.5666211385811127,-0.6083268681284899,-0.34944910666867446,-0.4868525962175688,1.0,0.5986085666445002,1.4606451572600079
99,0.08110060132306735,0.5019942732200725,1.239119102616611,0.462451252686999,-0.2530417106015923,1.0,5.280665899300535,2.3821530940051208
99,1.012383168983253,0.14686323272706953,1.4712063342196795,1.8833314801560033,0.7177085000620271,1.0,12.156696102813305,3.863853672200874
99,1.0714242982379807,1.899273851106809,1.59847225592667,1.5520290851062382,1.1319379296042558,0.0,11.168122922955135,6.633824466903277
99,0.4607623670146661,1.6254174491845634,-0.8048085638724438,0.572357943517996,-0.6271076313142085,1.0,3.692214550928602,3.05549118888593
99,0.7960236249477611,0.4029385357734424,-0.6279623862955388,1.0071910799031316,-0.548781132264283,0.0,1.027553961170831,2.6446797344120903
99,-1.4426512504772993,-0.23261156489593837,-0.6115090267833403,0.22252958109420817,0.36758808429561807,0.0,0.7137811698779917,1.306032889186791
99,1.113246848963161,0.8623801022730537,-0.2528199793405673,-0.14461474884081704,0.8014210371019577,0.0,2.5123010131569865,4.118059457593285
99,0.4061836941600478,0.5233432265498981,1.733149984584705,1.1966655460900952,0.8116357272893,1.0,8.081317178050675,3.3864212160436917
99,0.8902520502845079,-0.2819607531308431,1.1781518925626577,0.34273027930957134,1.2317269898739105,1.0,5.705522745168604,2.8120670349933183
99,0.6954459895532972,-0.5452599771658009,0.9678466107361869,1.3492971860034537,1.6520787036455324,1.0,7.343385903489881,3.2475799111584047
99,2.242977006985802,0.8223023715149376,1.445230155589671,-0.871410236490908,0.215952561546376,1.0,8.810511322761505,4.897167708792902
99,0.2374049877210312,-1.6718506539745617,0.0597040884013369,-0.8615324162883538,0.17579121184333885,0.0,-1.3191779225961757,0.5710711651500787
99,0.537816014642176,-0.47050716908129975,0.3237844840784381,-0.3140314065602937,-1.2088398202647863,0.0,-1.799086460637654,1.1291029120366687
99,-1.3392830946009582,-0.8427347498566675,-0.8773891036304886,-2.0940055209430897,0.2958329934052343,0.0,2.670056351510942,0.3390319554975927
99,-0.2437399914285341,0.9371138935902998,1.8040281148139221,0.6709200318264398,1.5227818759839025,1.0,6.684314285510971,2.8860168191035425
99,-1.7881575441664377,-2.067743591262695,0.21997069263791114,0.7474795695761353,-0.48371490310787013,0.0,-2.111068634362446,3.9872722586027898
99,-0.017028166206732087,0.022540241337794753,0.9272793489284794,-0.1366127866693636,-0.023889146927569715,1.0,1.6512402674125162,1.985773621438422
