rep,X1,X2,X3,X4,X5,Tr,Y,ite
0,1.6103758005885331,2.6586319076969973,2.170838131017649,2.994786168458388,2.874821730345289,1.0,31.444018232480516,10.871446380465667
0,1.6428702524138883,1.372304439530352,1.2800768138712761,1.3513146008889998,2.4721912876044096,1.0,14.937004075824639,7.600538457993584
0,1.0771673729001308,1.1702278941138275,1.428414635110377,1.7680137882786218,1.5279458843175824,1.0,15.475711471034037,5.888317199600115
0,0.7003278657927892,1.0291855433307135,0.5763283941101145,0.052978021166977696,0.7289029550780761,0.0,2.30816173214541,4.1030978400730005
0,0.7225867770508125,1.740368610254933,0.7349546317388975,2.2399893771679213,2.3824922132394377,0.0,12.526334515582777,6.909624325702554
0,2.1237166033216974,2.727304656077531,2.6184873061731944,1.614611533217001,1.6269146494183468,1.0,26.26710868080362,11.281267542093225
0,0.5572383811999208,0.9652176575475709,0.829301895889535,0.3076294391734138,0.8102309400437945,0.0,4.138602561306587,3.9480562304272175
0,2.0663841131281533,1.8744358627712636,2.5145403788063696,1.4460195940804572,2.8613818600161967,1.0,21.528129557772125,9.44492476015992
0,2.4727700038043237,3.1222400649833517,1.1204673013719804,1.281140278906131,1.6570121467065242,0.0,10.080473128530661,13.98265825580341
0,1.2572596750823428,3.0542009634522107,1.2613284042654078,2.7724016993213025,2.7571666587870816,0.0,17.39388432086876,10.695654289448651
0,0.47149222476973984,1.005992148166551,0.1748803419132161,0.835748912853233,0.6191106442269139,1.0,5.069422757122272,4.0126769773066
0,2.200039662626044,1.9364289738709468,1.951173907411405,2.5729682522380237,2.6282418150669336,1.0,26.011178641017857,10.53337576325126
0,0.28724514952179403,0.9345834720845375,0.6699018241086886,1.6699556911388864,0.1468363269148647,0.0,4.094091585686443,3.9065984290199918
0,0.1222162026994591,-0.04148407857622338,-0.3391589130487418,0.6782009622027498,0.4429717200820408,0.0,1.822867243339738,2.369337743795303
0,0.6472403188094029,-0.12801754582971592,-0.24269526226802207,1.1709919961681958,1.6750481347701993,0.0,2.374721604293916,3.4491194802462553
0,0.25812843126996543,1.0500294558314676,0.15931920804728883,0.5989882614872882,0.7745085035022434,0.0,1.1708579830443697,3.678864903431493
0,-0.5277174951931636,-1.1123524625515815,-0.42211458199256735,-0.5421730433161271,-0.5561100452411629,1.0,-0.8859330737801294,0.9189986977877265
0,1.591647810000024,1.301469522122464,0.8819711194479098,1.2366484957326473,-0.012435415672927386,1.0,13.02310867108731,6.206762569506898
0,1.5200662389152417,-0.36547799361462285,1.986857299633681,0.8294375991296057,-0.09596030712048509,1.0,4.930539525724318,1.977750042475841
0,1.2433875040598896,1.277046545123083,2.2481529923083494,1.9741983764740305,2.131667257237173,1.0,19.243739112301764,6.398354609036833
0,2.4047888753000786,1.310399091511293,0.7271563737644444,0.8383618649516671,1.0829328145629722,0.0,5.166211087070025,8.08012038247751
0,0.8286253036837368,0.021362382291313486,-0.2095234297429176,-0.19094024367957707,0.6247107797916363,0.0,0.6612878134184037,2.53294895612929
0,0.000725823690027716,1.7173912762510182,0.9208740488655363,0.1496002696970683,1.3502122217319505,0.0,4.083220474404462,3.6757728740181452
0,0.4738681649132097,0.45760327967422887,0.9601993210435801,0.4631868123148912,0.5647469536990961,1.0,5.320367460204639,3.250002584782595
0,1.8348465117471329,1.0567503421268545,1.2554275188831991,1.4060171047766263,0.9723489486337507,1.0,14.228362454891776,6.511837003498934
0,-0.3540469115698821,1.1269008282126904,1.7555013683525211,0.6343890936383606,1.3503846982108103,1.0,8.35229906878654,2.6739321803629186
0,0.590028885576279,2.6011005841204167,2.107825378383632,2.7277381786615313,1.5540756069077328,0.0,16.6282366399445,6.813523277605502
0,2.547821408126228,1.0017825781402063,1.9838007564740416,2.4021088695355792,2.62619033120742,1.0,22.186013728357544,8.431852120798403
0,1.909351260467453,0.23195540457838593,0.8637012813996994,-0.5392722407205675,1.0435149157904455,0.0,1.8659860652361875,3.847137671825047
0,2.445375793656554,2.5911559976219305,1.3077238484704208,2.122837016742886,0.812568459276049,1.0,25.20410701734003,12.236229258102867
0,1.7231869975287786,0.8388877187895082,2.550658807261524,1.5118068547197683,0.8732410667723499,0.0,9.31459858365653,5.364030370782147
0,0.24924761637046888,0.08293723489382421,0.7901183530880966,0.3821808806040904,-0.41520039156169664,0.0,1.4117248996284502,2.269074993022497
0,0.6908908051294965,1.2982275569035586,0.35682112984445213,0.5125663069890644,1.3898362601464527,0.0,5.258183812164408,4.958116438659999
0,2.3889144280456165,0.769171850356546,1.5420039733420023,1.7852889398021707,1.5903399504110232,0.0,7.765447102685791,6.904133677418095
0,1.5650054047919713,2.1649131326588114,3.7582818283334296,1.0523199522974187,0.5180023838671481,0.0,13.668125663252981,8.10156440614441
0,1.2765871470863346,1.266718230400311,1.2642225520030617,0.9475019561473564,0.8082048226609877,1.0,11.103333765911524,5.700487509058778
0,1.505407386701562,1.171220774488594,1.2195486192531464,-0.0885395738382877,0.651573829105714,1.0,9.405341811558904,5.3368395258913175
0,1.2169561138745317,1.1886177599531214,1.2087164839930018,1.9248814517587653,1.0007684816294053,1.0,16.284198661468555,6.070685783858822
0,1.1461807946360467,0.5308827008326042,1.6843580044200408,0.5709447115220219,1.9893418101656297,1.0,9.74432240996406,4.456023818438351
0,2.1110428524323748,1.7778078676921971,2.5980064935549896,1.9985063982940967,1.485164817969343,1.0,22.28916096100495,8.882433410985183
0,1.294290497965651,0.7319771346159731,1.7142619546051252,1.1857060074750532,1.6953660593646553,0.0,9.18760859899206,5.11521788720121
0,1.851519496536593,1.0882146576888907,1.7663842553080173,1.1781614511264673,1.2168830552315484,0.0,6.962245988171258,6.371088825735446
0,-0.06484191993353217,0.5597794308808766,1.204384274365749,0.3542261053645718,1.06206473298089,0.0,3.4089415734070947,2.879777108697192
0,1.5658038586110554,1.4726555002458612,2.6412765779355194,1.7667720409793857,2.145472330548184,1.0,18.448366663794193,7.224448835534584
0,-0.09145413303323768,0.47985709015808664,-0.03284040008949107,-0.15725600449134558,-0.6450285862080047,1.0,0.8400681458012919,1.7322148715313466
0,0.5148411455661048,0.08382544522844837,0.32739776120105646,0.3409306964404638,-0.4100483384777105,0.0,1.4648773853752877,2.4185125200154234
0,0.7336869283578754,0.1331133593386905,0.531072922956573,0.8015161065418793,0.42184943194847946,1.0,6.0753985346074835,3.270547081984055
0,1.416456258388464,1.171756867740553,1.1513561428572694,0.15841505923980603,0.5316823592129292,1.0,9.111141624612998,5.281824919676546
0,0.12212747525150847,-0.5699275332295586,-0.6138015660193943,-0.33683010805137603,-0.3620573832860754,0.0,0.7623836930367918,0.8676159385138079
0,1.9641743476292293,2.73447936228878,2.975556585302873,3.518385649245037,3.337852026384715,1.0,40.67675470116289,12.649970553638049
1,1.0882622110947637,0.22559692819362298,1.6574277272460982,1.3316014472878424,1.695408500955585,0.0,4.990336244624813,4.158133939611388
1,2.4552597864525874,0.9282955769362166,1.5799747496653587,2.4068986770019736,2.1779339090245706,0.0,13.39206194774065,8.044209855532973
1,1.1520082618207546,1.3683559866775448,1.5755067611422602,1.4499030351737585,1.2058886710438173,1.0,15.386113940000635,5.947478342765443
1,2.7210874124736955,2.2782996502068062,1.7351718861982879,0.8103323946368233,1.9366201800688274,1.0,20.998051484171665,11.776571922472122
1,0.25079110637075785,0.5529246341016111,-0.9945692038743452,0.04263684773223353,-0.29735382616864703,0.0,0.42461305956675055,1.4607475328795392
1,0.6455298075371267,-0.3202303376889979,1.487957889770865,2.1795163694078097,0.7951125304474849,1.0,9.285505970229838,3.26996862859482
1,0.5762235130436626,1.2236884346508197,0.7514650263340759,0.9454117370517998,1.32948242393074,1.0,10.694239075719349,4.848943081475668
1,0.06379237777865576,0.544086990958973,0.019053914878819245,-0.15815506230462728,1.2842759662761745,0.0,1.7394027358515256,2.9110541763214712
1,-0.4759140806581823,1.2266034068082101,0.30326035213395997,2.1019228733319553,0.959705644669634,1.0,8.246485100555908,3.4283991787963553
1,2.4347554937712665,1.4304814172210587,1.4266693526286816,0.5410080098855385,1.3932166511541473,1.0,14.416977726255153,8.239566462184587
1,1.0048698228558821,0.6025710044542323,-0.339029862086361,0.7480045511890696,0.19257154067104765,1.0,6.722818097460089,3.653076697350318
1,2.5449444529870258,2.4848062534841553,2.6979679342038487,1.3017771618920273,2.5234331774098497,0.0,15.951819201575953,12.19695656955028
1,1.701664548511682,1.2306563718422725,0.36436762007779255,1.9261012967431776,1.6181787517068746,0.0,8.64933526615717,7.448997915741527
1,-0.7451287231765058,0.10034875146694078,-0.36874081878540177,-0.8525405992121622,0.7622235790140901,1.0,-0.5249520717320607,1.3060903033253017
1,0.5093812796234675,-0.023138798682736494,1.9018497363372842,0.8361872928842786,2.0016161159127894,0.0,3.570824913023244,3.276121923703513
1,1.0381407466452548,1.4064669840946058,1.3876588192950947,2.4083282471913274,2.0216164832835886,1.0,18.891380204803994,6.77333182940232
1,1.3065235709044039,1.0488734858513822,0.5946269500280573,1.7202681135025413,0.36064041284601955,0.0,6.156830805940671,5.714201737712406
1,1.000745608774516,1.6978895301797823,0.5924632825263203,2.140385783693844,1.359585791456766,1.0,15.96476531056072,6.9242581749539385
1,2.3667268431219686,-0.5803433090015884,1.1171479128925847,-0.10044418961084478,-0.0038388219987077754,0.0,2.166009496683511,1.4643579657176191
1,1.4041929422761368,1.3804042985207263,0.7750203574634279,0.13407060997342046,0.0867829153924482,1.0,10.944022830639682,5.542996324747007
1,0.2729456757716604,0.33179621306611595,-0.29889142208678754,-0.6990263861371875,0.561724189323755,0.0,0.4272878253405551,2.130499985767168
1,1.800664836732711,2.3124243522242764,1.8765326372328817,1.8289151035347109,2.3571438019698534,1.0,23.90165353955766,9.9507461632911
1,-0.04919279941756072,0.12134031899302244,0.5177174224913259,0.3714045567586247,-0.1015494199598852,0.0,-0.10149244744435182,2.2928420548417674
1,0.43087363435265846,1.7901470347433448,0.6908674789275935,0.9244912626000418,1.363561908861318,1.0,12.369338202182433,5.141991360913244
1,1.376616346000665,1.3931290616047458,1.9778892656146634,-0.11144594492718984,1.6602824831352065,0.0,6.994663728096005,5.670098322933105
1,2.4857643332418258,0.4604635355779453,1.953077675279614,2.5365951410640557,1.0645018079722428,0.0,11.931419711709252,6.021766970068309
1,1.555705458379798,0.642398974379355,1.6371445955511263,1.0980799296205805,1.2579820155431936,1.0,12.24361601863183,5.028739476706093
1,1.7834723471304814,1.7558102551126669,-0.020878131039506975,2.251587327387192,3.33832693119855,1.0,17.503827817346203,9.685380461435184
1,-1.0287319578757135,1.8587624084479273,0.5131340547004148,-0.10976214095159409,0.4466814460788142,0.0,-0.17336379286073755,0.7990838633114914
1,0.47287866672478596,1.499955167016097,0.9695753213119775,0.17607245938899574,-0.12528752391598652,1.0,6.761922488775193,3.7715436363443477
1,-0.004446222351188744,0.7337045103134635,0.32846484869015036,0.40298641455433926,0.4841611014112963,0.0,0.34523752685945097,2.91571179656476
1,1.7754754155488333,0.30081113086727607,0.7275255047815172,0.7736131480403297,1.4829699205252185,0.0,5.527134432865349,4.811102612446456
1,0.5882644955232379,0.39779871370605635,0.2844255420863059,0.811574475866452,0.4073829547806491,1.0,5.336913003946987,3.4385569580457678
1,0.8996115480764507,1.5605776589559708,2.4932346513029544,1.4130335473431153,1.2356556880960876,1.0,15.234715199951903,5.4078937909404265
1,2.930448398042391,1.6172293414540122,2.796275491049944,4.806875635441298,3.3929943524132464,1.0,47.5107919751546,12.570150600172687
1,-0.17662378597801354,0.47156994164203947,0.15534891260005756,0.576835177249579,0.6472584545977451,0.0,0.9478711361126638,2.7418614870826854
1,1.4441050356972793,1.344387512372733,1.360038493111757,0.6643745493490826,0.3329937598207805,1.0,10.785796367599994,5.723587476406806
1,1.4482471827580943,1.7469462625012095,1.999896639956062,0.6569611511175844,1.386763230189397,1.0,16.216559818028934,6.733364387055923
1,-0.5996501387229338,0.6095392465097863,0.012245799136280766,0.7649546212370191,0.5374294244753286,0.0,-0.39689760726656664,2.296674203729822
1,1.4084098024463867,1.7264332354574852,1.3723260781100364,0.20065136443595122,1.3552804545506336,0.0,6.423332149746131,6.660245800374342
1,1.7590994733324656,1.3906231622610465,1.584365068511495,0.33085275921596824,0.25385210822007664,1.0,11.877349126183821,6.092072432745969
1,-1.8774081351770175,-2.604341608704135,-2.9648566035094843,-2.427955346713282,-1.7834489450134408,0.0,6.520891953733263,-0.9240159912895916
1,2.552765790908944,1.4835906992024164,2.375728849097788,1.3069919488667587,2.215187934809399,1.0,19.250707109406473,9.033608324269165
1,0.5024889725682049,2.576870661622835,1.143315675570457,1.8870919579253527,1.4137245471588689,1.0,18.151212683920985,6.471174478762654
1,0.14949470671833132,0.19242353773323617,0.7097922541867805,1.5312484379745852,1.0684595279924534,1.0,8.046119301248384,3.6129728080033927
1,1.3245865090671882,-0.6292910635754594,0.7688433472407366,0.9632018303911991,1.684328424955433,1.0,5.521533812063849,2.9409994469001752
1,-0.6938901996044047,0.06751877682432994,0.29383652296847385,1.5273558365967763,-0.07508288454322853,1.0,4.71396471238227,2.4701581723744415
1,1.4494225709999546,1.0714989053524593,1.7390899454045572,2.038449476384174,1.5590494106406503,1.0,18.540187149106007,6.314309532539435
1,0.78024163183703,0.9862983447861656,1.2750006836882701,1.9288733196107004,1.3900285443687204,0.0,9.551805907366552,5.241273323205699
1,1.7146802489606392,1.3578574354146262,0.9140596445851196,0.4814584471129605,1.7170764181208642,0.0,4.935877349693872,7.031393018740502
2,2.099057103202502,3.1045079046544584,1.5362624797935451,2.2633188300656797,2.31052428698416,1.0,29.873619028317076,13.207901654873606
2,1.1714550796994359,0.7319342491954026,0.4949960289066413,0.8865768701708527,1.1345003599125336,0.0,4.368498460885432,4.9471299843926815
2,2.6234433112508673,1.3219187064771294,1.9763026536126191,1.098524021785359,0.807163537598356,0.0,7.913132415461428,7.987170827850846
2,2.4702027268734152,1.4404109976351527,1.8421247197753086,1.2986464725594673,2.1149481620193606,1.0,18.734202653156242,8.873262246143241
2,1.7040674223336807,0.596454655535136,0.12238441955025381,0.9548900209570333,1.7646931068496619,0.0,4.82323683416265,5.580164129722584
2,2.4380019027541855,1.0829471318473936,2.058462995526698,2.671298236723276,2.6473898146916035,1.0,24.508966401263937,8.620711374751766
2,0.7335397361476936,1.233094066780254,1.3386925459670636,0.7886361256437151,-0.15651491719447508,0.0,5.6434626050262215,4.103272673280156
2,1.3768399695265774,1.2334158903399686,-0.0050334447328852505,1.4369474893108356,-0.23657262705635707,0.0,3.7068213865150215,5.6010022678071545
2,1.0398863070246838,0.9289040374285317,1.3137106520738282,0.9433139767643659,0.9469530231137451,0.0,5.4543155717424945,4.806601676671434
2,1.0898906266154178,2.0248388393668844,0.31491269936235056,0.5710620096645053,0.2350183980165551,0.0,3.762902446845175,6.275537580411976
2,1.5533878668298189,2.442207316117503,1.897426793983598,2.3265003925297885,1.796790333006851,1.0,24.938649266287435,9.480998090214406
2,2.5478463409615033,1.9359660691483778,2.631621127470291,1.7810243306797178,2.87056295280257,1.0,25.62961035582439,10.943296068444004
2,-1.558560917539403,-0.4763915439594897,-0.9761190332353369,-0.5646547768486789,0.24202136271010577,0.0,-1.9405323321497308,0.6358742638887445
2,1.284303992442039,1.5584390063115476,1.7957334639711915,1.9161052395744922,1.8198207141429292,1.0,17.763028289478896,6.965665562623569
2,1.209670476926054,1.0868849462701318,1.4841963875237318,1.193132653742266,0.6444986148113923,1.0,10.150475836140771,5.210455907386276
2,0.38665030294460034,0.5562719065543669,0.760005991013629,-0.18915716631188428,1.0124417309248908,1.0,5.286840558398635,3.203020967141748
2,2.8214855744618603,2.228796458545304,3.8377346341506735,3.0467459545859414,2.12554137320081,1.0,38.81543112345032,13.551347160258835
2,0.0485087361193095,1.3957556010475698,1.565705037950694,0.8528611774477963,0.003375058256135377,0.0,5.516319753364656,3.005900412397844
2,0.5224701148818334,0.7167905686007495,-1.049169641917755,0.8574517409151747,0.35189151830862686,0.0,1.54581081279719,2.572509949276167
2,1.6297393866147707,0.36518582171252223,1.8562610134099404,1.879541684667449,1.898910090188703,1.0,13.530660085193277,5.128373352526341
2,0.34610746288103444,0.09873281253282984,-0.5951796664029687,0.9131615026627216,-1.02471668215628,0.0,0.7286568943793368,1.7312726588895702
2,-0.04900648116002504,0.4922018806660855,-0.1867884965332638,-1.5636109540396435,0.09218844061890641,0.0,1.919319731378789,1.3509768035839103
2,-0.7855965671457255,-0.08872034599869072,-0.9163601019376821,0.045483718632076564,0.39852747620809204,0.0,-0.00604680663239221,1.0050775349674668
2,2.3795617542154823,1.075861250617981,2.563419318256642,1.644894457169853,2.0088793445515343,0.0,10.528239675676362,7.558924037411989
2,0.10192249978041057,-0.2179446151360287,0.43203255586412603,0.21162624247167483,0.14598434877705135,0.0,1.9934403374577379,2.2227136153576303
2,0.9716881068482652,-1.0778366881788268,0.8140659265767107,1.23105144406835,0.440369272259418,0.0,3.1496472911943845,1.8288957830501418
2,1.585916521059756,0.7398761284824342,0.8371192828061118,0.8423047818722895,0.2733000730175027,0.0,4.512600278966539,4.982245328951773
2,0.018750265213436923,-0.35734434385999636,-0.4898352115619222,-0.4258498844405172,-0.8905898689418887,0.0,0.21449843677458225,0.8032755773194855
2,2.8472050189164078,2.498224578449729,1.3647026546359018,2.1415919387781197,1.181454693673027,0.0,14.612443635148844,13.33418481005579
2,1.0513037078292662,0.03291861625619508,0.4549873059579008,0.8152054600780766,1.0824859504465023,0.0,3.2523361828485298,3.6513245902700184
2,0.14189715921084067,1.821105694241175,0.6785131695742705,0.8981651480895619,1.1087020748584722,0.0,5.213624417445411,4.3611081151526045
2,0.8069116444106705,2.1162540493884574,1.4034555912218116,0.6527456252603533,0.6718743555820081,1.0,11.959472002089303,5.69981149135816
2,-1.1197906073367596,-0.1722094747807763,-1.1407646744499238,-1.179576549121582,0.30396731333576554,0.0,0.016599934882604472,-0.04444887070487047
2,0.6242751271642075,1.153849496030317,1.764518545038007,1.4132012245321062,0.9172569636225113,0.0,7.313490305727236,4.464357406751333
2,3.269686579855329,3.614028788221966,2.068259278259589,2.804933845669188,3.818147651505192,1.0,41.687519074126584,20.12707197131442
2,0.1353714139575254,2.07195783826095,1.1802257469761566,1.4470835652636336,1.0528125304652411,0.0,9.503759704365649,4.604925497338445
2,1.8360762175462082,2.362906829247989,1.1412342115799188,2.24479148254754,1.8982916423556335,1.0,23.947167349288446,10.49659996530239
2,0.38098288797814395,-0.3690369538036349,-0.5397652562546398,-0.04302988688200049,-0.42057817295504507,0.0,0.5461077178556826,1.2215188925498088
2,1.2869787262984733,1.1846935945237875,1.549868343318058,2.111196069250857,2.287558816930316,0.0,11.40205215209599,6.755749684330472
2,1.9835019080571863,2.4663615306247775,1.3596119317171793,1.6095723632874512,1.8465769269606924,0.0,11.354394545430804,10.734463260640368
2,-0.7484385168708951,0.04982414546731695,-0.22209534174079404,-0.31162494688128395,-0.4977992444178745,0.0,-2.2868696652461424,1.073080779950088
2,1.1625461658478926,1.2341826444808965,1.3352443353103036,1.432297583152719,2.2229658270424784,1.0,15.724281014885316,6.36179234886164
2,0.3272650166055261,-0.1253160274263445,-0.20448117756210316,-0.785428041508792,0.6214311500987804,0.0,0.2724688431825302,1.8548903762616464
2,0.8571073855225503,0.9594773928122116,1.3742231743268167,2.0548478261725323,1.4034471798904107,1.0,16.40872398394897,5.342236271104527
2,0.26972667998476507,0.4329836389964131,0.7290351304312097,0.5404414546391361,1.2349698117861752,1.0,5.274252002321957,3.466183094946569
2,1.0762422760525916,1.5647431012008566,1.3326432228146248,0.548971099697213,1.8283511423790393,0.0,6.110302849095568,6.095426359548932
2,1.7563252679597825,3.6713769536440353,2.704013410925866,2.8606883042663904,1.6481529906111039,1.0,38.491520321832894,12.862630468247094
2,0.11736873861739083,2.1765169774865782,0.09405225208659207,1.6358492126848894,-0.13358505373523544,0.0,6.810776458758523,4.196136462134554
2,0.1303445265403541,1.2858112380132505,2.869323746248468,1.5444335429286318,1.761009795248791,1.0,13.67283705393223,3.9998966542751426
2,0.034611819845555725,0.8378368258090017,-0.5701745074069504,0.2634698475556856,1.2425042545297647,1.0,3.1388174563903792,2.774929969995481
3,0.6202905605654754,1.1062882906908564,-0.2296535243384641,-0.2782480018081728,-0.9929310494677572,0.0,-0.9144048117653554,2.7728386470256208
3,1.9930332452738098,1.0949563028541727,1.6865702364881865,1.358729566477769,0.7939933507153967,1.0,16.194681015339572,6.530410212808339
3,-0.6821848926767404,-0.9871352332648713,0.3002902414001596,-0.1210018289992385,0.13032978783494953,0.0,-1.2586033398785692,1.9488084569988018
3,0.5670627537791676,2.144384770683086,2.167582645150201,1.1206370699372745,2.63755193364572,1.0,15.034618567912496,5.972623123519766
3,2.4517398175236416,0.67176809970438,0.5168332424628961,0.6257288172730306,0.9245429923755328,1.0,10.688571837150858,6.111695407431402
3,1.6955413736272522,1.177924350886061,0.6177530156682866,0.2677004082514879,0.6120453738466204,0.0,4.356330025009534,5.997883710925694
3,1.2701530679959867,0.4065943093303622,1.8391572682958734,1.5131283112444984,1.13963997821286,1.0,11.959796783613937,4.335622074736748
3,1.6251882742786963,0.7193083768747771,1.781054340757549,1.5726381034520314,1.4429588901730663,1.0,12.749367939244031,5.530873293918899
3,2.0271924159638113,2.12193241041666,1.9653940703252994,0.44951634266054896,2.297307538668707,0.0,9.935978292018252,9.347799802256107
3,1.470973893608374,0.5771597570610412,0.044693748373478726,0.9125977864692724,0.6870720522884473,0.0,3.722072030871245,4.694236954650989
3,1.4154040700260762,2.5505141834206673,2.881761622160922,1.3922793477669297,2.7915332311505416,1.0,22.843062534353887,9.15932098026299
3,0.5256989127666873,0.5959680859312992,0.13455885614291452,0.3179893171152556,-0.04788561155200344,0.0,1.8968735009108135,3.067425163492737
3,-0.5842807602641484,1.1699381070050452,-0.3309850693888783,0.24787990358979184,0.24853195083953605,0.0,-0.9224946961893727,1.6376924189782347
3,1.612492540760534,0.07432457706591189,1.4488691792007038,1.863564845280314,0.6718828812965225,0.0,7.1275483340193,4.077040110495278
3,0.1971376575353715,1.4378391984905678,0.5330243763069491,0.40170249293517357,0.5180358961126306,0.0,1.8308888613865615,3.688596265998064
3,2.371555099186718,1.5771814620055773,1.3307806858555409,1.9414030476165878,2.342021640065561,1.0,21.12891889087039,9.759561524963498
3,1.795193312751939,2.4822737260247707,1.9524512102461302,1.5965420505364492,1.6515138622698093,0.0,14.644675294602298,9.822691481753942
3,1.0936571907695722,1.3897536410153715,1.7554117947317789,-0.18909304791549797,1.0812399226716458,0.0,5.596572774461128,4.901830264097722
3,-0.527090854686959,-0.20433979533025837,0.7866375929084148,0.19219150793878836,-0.27744622242901884,0.0,-1.218166566828723,1.7989115808430687
3,1.7196144577853443,1.4165546589488294,1.2158509043540409,1.383299179956488,1.4431834287143084,1.0,16.60372504150187,7.372718376912524
3,0.6683820524653631,-0.9954998086810096,-0.2075256039780793,1.0248505948590692,1.312345761959956,0.0,1.2070286428942016,2.214446025440306
3,1.1216703356253912,1.2967109811106694,1.2975842579449508,2.166869096680389,1.1534710481693107,0.0,11.284930743561448,6.2424608550127205
3,0.7171680242102636,0.3091158175516102,0.8247722678951981,1.0824048619658124,-0.783064614309738,0.0,3.1588997167813115,2.975610386921494
3,2.5296243681454773,2.5804123392537814,1.7222237442872637,2.127681356104568,2.30975296874952,1.0,27.867396701442402,13.01147195262466
3,0.25437093864565874,0.7898499915511836,1.4671885732557726,2.108615884669721,1.8826697817063267,1.0,13.571517682556072,4.555684957603317
3,1.375056008729654,1.2597624666981828,1.0906286476814901,1.9487606493718237,0.6356547006797281,0.0,8.993776396180452,6.349103085557142
3,0.9160674733554963,-0.22843773100230824,0.917201388225808,0.05016212190411806,-0.07666460656654484,1.0,5.17002723807212,2.187944309239081
3,0.752223094908321,0.8521383329430727,1.8618759987972826,1.4623796659634554,1.419640779356776,1.0,9.402350331792857,4.528140422759269
3,2.410109146988244,1.4751820307717227,0.0050968731985500115,0.8913631151459367,0.14318543472805978,1.0,12.79368888058886,8.017805017221797
3,1.1847519799262192,-0.15366070843703983,-0.6482388856248247,0.4097220685258326,0.5213590719501544,1.0,4.281212823583795,2.2720653005533236
3,2.365717898560672,0.9346659799962046,0.9378129144418114,1.0393105592534102,1.6390803973667132,1.0,11.240919457405992,7.261002724565296
3,3.364889660587091,2.4031459043062524,3.1313585165811406,2.0212604747266747,2.433244259875069,1.0,33.21327237095331,14.763322582643514
3,2.9992214417456102,1.9088789071414278,1.675107309074131,1.7518961203782133,0.7567784329794225,1.0,22.22853745323426,11.166969732648063
3,1.5036429639682465,2.5927565852471077,0.12310513431874004,1.5198439209505494,1.097385524964689,0.0,5.775217983883851,9.309379389125144
3,-0.13672953232834972,-0.1580534261857358,0.07498947104488363,-0.4487298505894506,-0.2003013973558021,0.0,-0.1896538010947209,1.5843878103265003
3,0.9593943935495087,0.8016768427323133,0.8244495272814542,2.215233818438232,1.7253558978265335,1.0,15.473272442557157,5.711140719579651
3,1.541657700612432,0.8143459316311374,0.22322816727239714,0.3354750954931238,-1.0915125854360093,1.0,5.943728537148622,4.142227715134728
3,0.19444204452060876,1.3946814971919381,2.11511397404104,1.0835888182735667,0.5406950246446645,1.0,11.173622751970747,3.4176109297060338
3,1.6046729826646304,2.416960474461003,1.3769875440385115,1.8881772487823993,1.4361154118084256,1.0,21.985965477341647,9.432485761274176
3,1.2351632346627244,1.1896068336290955,-0.3743272130599873,1.1752636324961003,1.0982380722204779,1.0,10.838927802925994,5.562084739250647
3,-0.13064225215966152,1.6080809874141537,1.141794526960536,1.0772326232715037,0.3652147245196171,1.0,8.090332657599074,3.2367202482843993
3,0.4995874222574427,0.7068153455721247,1.3724570419942648,1.1314737792959197,0.5246976172374653,0.0,5.037033416593648,3.667673105803531
3,-0.32540736827195604,1.7646701693735403,1.2465160980438428,1.9528976129069426,1.2873069042836525,1.0,13.831392575278754,3.7073816439408684
3,1.382323319456657,2.0336307481452045,1.3581876880562902,2.6237302695159834,1.7416760901771422,1.0,23.290918622949132,8.59191978100102
3,1.6010832310376073,2.46117841606067,1.7084394858933418,1.895244220502517,2.4712887231340988,1.0,22.85098473497257,9.871959581176814
3,0.9549136798179524,1.5586254672154949,-0.10203295222597952,-0.07202637383914534,0.7499037216224924,0.0,0.48269927884292896,5.027843704380318
3,2.480524847999188,2.379323340940087,2.484135849651242,2.6755601266741227,3.1332681204736756,1.0,33.21400808153836,12.686827860088588
3,1.0831694185443888,0.9511141856373301,0.6160743620431219,1.1439919731248573,2.178222332142415,0.0,6.296131580153481,5.832657048473552
3,1.0322951569610381,1.5347890569744833,0.6593470921825852,1.968627358917685,0.27070707249127823,0.0,9.729660016770186,6.107630551107317
3,-1.1742815086772205,-0.865409660803856,-1.0977598896457201,-0.3363941633429506,-0.7263987061386337,0.0,-3.2859351809234507,0.37170398230577306
4,1.8633910324461462,1.358792426508443,1.6039490111552341,1.5991738847684163,1.8450455769020153,0.0,8.593968406787633,7.633990976729511
4,-0.2003378586101141,-0.4193086827827941,0.6448215950960048,-0.025486718383050944,-0.5697965017570641,0.0,-0.4298258941686283,1.5981563313619134
4,2.166673456923761,1.7863569168312492,1.7033213028618497,3.156366196604796,1.2220202929216355,1.0,30.030293403586438,9.755683802593499
4,-0.9506587923786587,0.3987683818570844,-0.32841380617622384,-0.5689850210336536,-1.5963242523090688,1.0,-3.2952123667333133,0.04465573488167118
4,-0.030830756427264072,-0.08294181785225052,0.5245783902853857,-0.32415530949552673,0.830072473024871,1.0,1.181554945705884,2.326453829732267
4,0.731245419746041,0.9136751260882134,0.10440890768062372,0.4405208601818942,0.3465016252213088,0.0,2.5520818558538307,3.9308510602713955
4,0.3029649250821247,2.2396321949560845,1.8724118419671667,1.1854440374909196,1.6519197093000515,0.0,8.858442228692835,5.007653173609171
4,0.13608047276653223,1.6343648068014498,0.33746668219464604,0.9671524673535321,1.0616427368248473,1.0,8.658620043229996,4.2343551868098395
4,0.5598831195349772,1.8270429733648719,1.5340145975716528,1.3088953600346294,1.2728712467829442,1.0,14.245372162461205,5.311057604240803
4,2.314956028308008,2.489915618827523,2.809235142989382,2.846911770346555,2.2961614368316914,1.0,34.937526904316385,12.19735939005547
4,-0.0757627910868659,0.9762388479085692,0.8024888758960519,0.048601795060799535,-0.12991044853937317,0.0,0.7495199906584951,2.4317847027666732
4,1.12242180121318,0.28496100903730825,2.321200246694586,0.23118819837767624,1.224526066209315,0.0,2.9739383299373174,3.2300608617005158
4,1.1158092745075392,1.46028534655381,2.2853950734729835,1.40874321000444,-0.5330625615585571,1.0,15.29743294646994,4.842670724347012
4,3.3539867517259405,4.221504022735244,2.6199216165543078,3.3490715488971823,2.9496986622010293,1.0,52.967284542718104,22.53897220235066
4,1.5180198398829832,1.285010386721586,2.0095404585928556,1.2463975359752926,0.684895764357569,0.0,8.463341529566225,5.897800373640985
4,1.700844983701554,1.645984637230908,0.6619804837299317,1.253018584753843,1.830231324210309,1.0,14.889157558821246,8.134371135339558
4,0.014819504359806834,-0.4351551390990607,-0.19281360957616367,-0.4426034808449273,0.35581151869008365,0.0,-0.6710250530390434,1.6250495869406822
4,-0.06142214728929929,0.8043370315132518,1.0329556913781885,0.5299827957551271,0.30145056751876853,0.0,1.2073880236482277,2.7665305504908897
4,2.2724891346721576,2.193096358591893,1.2279937079281984,2.422152673346149,1.799908213163037,0.0,14.40130717527823,11.277735651018958
4,3.3682592172247725,2.117068982961304,1.9555985307925554,3.0843597105464733,1.049043651417837,1.0,33.72461046404531,13.54262634945437
4,1.6715992605230228,1.5013089428109032,1.9461380625808655,0.8051473759404916,2.1417702174982844,1.0,16.714677019195335,7.175978352849974
4,-0.89090602564069,0.0007255294465785544,1.1017228886163335,0.23786012947734858,-0.8508393301905322,1.0,0.5302659387688016,1.2506952152537774
4,1.4784272214889902,2.624856378475312,2.1324458119893173,2.7938499324773467,0.14341722508782873,1.0,28.000848596476967,8.934574397773558
4,2.4250605865808037,1.2786960742705695,1.668639434420648,1.9135463798324213,2.232104696002879,0.0,12.311677565642292,8.76225196829006
4,1.7195207467032385,2.2538518706250734,2.2283969864454005,0.7267993694640825,1.4637578856967517,0.0,9.79709371013197,8.460488852252894
4,-0.7784496144225459,0.31055331124245067,-0.442900675505153,0.345102363015824,-0.06999701986215756,0.0,-1.1626894601560527,1.343916423368771
4,-0.16582771359877913,0.8158894013124245,0.8733932723576452,0.29535978422974274,0.4385678019298569,0.0,1.6259689271406923,2.63562346275065
4,0.7948442194907437,0.7431436095371382,1.3658615807337025,0.9790730093445099,1.1560958617766999,0.0,6.829279835838964,4.313695814619328
4,1.0018400376563175,-0.02398386387917495,0.7279701286210194,0.9697231530267315,0.767863225292112,0.0,2.8653091411530243,3.4442048710680133
4,0.526248756560585,0.9972834309805035,0.9123349731811252,2.105445143962017,0.586090173288426,0.0,8.648205612748407,4.700421012482894
4,-0.0814741112164099,-0.3183143842746037,-0.028096940545824012,-0.2182118706569609,-1.2203901946443123,0.0,-1.1898871078624427,1.0922959378096015
4,1.3537459866529935,0.5532625021611609,-1.2181397669795264,0.4162114810668046,0.9588764860780237,0.0,1.341646467895003,3.1263473307094376
4,1.5302172739442166,1.0807035501579014,0.310004929714499,0.37840981473743596,0.947188051503184,0.0,4.782043798638911,5.7293051165152376
4,1.6097000761963582,1.218917582588842,0.7011854409630245,1.6147878407414056,1.7786425661118925,1.0,13.35842697574811,7.187786446893964
4,0.9058042573103018,0.7380966958578128,0.6600403774124581,0.6699854458515146,1.0606432376484045,0.0,3.657582152530119,4.475823611236298
4,2.3617802691487775,1.9562426720027244,1.9644733733662982,2.8883706984343824,1.278488559636165,0.0,20.6515421473888,10.461306359748772
4,0.92303489974576,2.2212897194222228,1.2131087152800917,1.4091982319718876,1.1350573442869043,0.0,9.665420710020872,6.851281525162483
4,1.2049494879630758,1.464176785591187,1.4589091280429587,1.1118087217182049,1.578722007641387,0.0,7.1099574245806165,6.285196030506503
4,0.6448688264512025,0.49339919983856895,-1.159926758051843,-0.8344777473328395,1.019325076126433,0.0,1.7664662474704023,1.799178738268492
4,0.25292972326127716,-0.8293960359006056,-0.44365949839649077,-1.488613583197302,-0.5709782632632321,0.0,3.6388332694215517,0.15354914514905071
4,1.9321328741163488,1.8195555153258365,2.0279647077766008,3.0676129942094708,1.2289556054731403,1.0,26.96106525434357,9.112324824630129
4,2.1410312335247084,2.2720238733542253,1.8922141571392004,0.7038694306709323,1.47317967072901,1.0,18.977362729565627,9.789721160106918
4,-0.7919027019865785,-0.5416792202994027,-0.5177693548100066,0.03198275866642797,-0.17672991830070517,1.0,-1.00275943658378,1.2998334028110403
4,0.7528565084950739,0.1373567631590651,-0.9906381585117068,-0.5718653714126978,1.2012179226213284,0.0,-0.032353511803695056,1.9160299971032477
4,2.516924702611843,3.1394323321431448,2.4529230094993806,3.8697472450825297,2.6244536579175195,1.0,45.60255498514289,15.431363109320802
4,1.24607107346831,1.7039419781227743,0.661161014381662,0.9472383563290996,1.873477555306014,0.0,6.21340085882426,7.128457660348906
4,-0.5245129816041725,0.4473618151738391,-0.5662202088340731,0.031141005206567596,-0.07865169400919991,0.0,-0.6567922836968558,1.2638465411527127
4,1.7978232487538195,2.4008239771659587,2.8570853760230284,1.7222056354972453,1.3800535227575674,1.0,24.939831171685896,9.435452973669175
4,1.069432774506754,0.48855001981508084,0.7166939143488325,-0.37071574855681066,-2.181203614616368,1.0,3.3132659815841143,2.1378316746065185
4,1.6339680534882968,0.1575061582922489,0.7857092800402595,2.2404045889767694,0.0018073591748810625,0.0,9.49968164165609,4.373944505143966
5,0.09171732072681793,-0.6650704500298956,0.573811151044652,-0.15208992457626835,0.1819929928307673,0.0,0.8878326001845429,1.7940203118767393
5,1.0394052499720294,0.8844293084992588,1.0306737440242064,0.9885926839462872,0.4822437514592126,0.0,4.197515739566059,4.646193963530374
5,1.8417919091806936,0.36367573829248157,1.1459750441841385,0.6134390529918521,-0.5942184761320826,0.0,2.521664659705917,3.7673046233066456
5,1.5725589879543804,1.5310676359082795,2.314037477443426,2.01780754104138,1.9613075133338471,1.0,19.28496652734042,7.429405896282265
5,1.545493351306959,0.03553532325251507,1.9785564681198577,0.44845037966865964,1.2572166423860875,0.0,4.6705374144222205,3.2909915794237885
5,2.16579593165511,0.5840591868952216,2.5170937553979256,0.8970432767750312,1.3477320849881416,0.0,7.409489976916193,5.209558917702469
5,0.6550222215968563,1.8779967768286339,1.9541889314845,2.1199471213131753,1.2936364961413451,1.0,16.142786850843265,5.806456473827297
5,0.7398844984553683,2.3809202608192503,1.3281577998318008,0.21348353009320542,1.8187219396233714,1.0,13.137037501987043,6.2424547049187815
5,1.4333154600706752,0.5916757478792496,0.3215843642584939,0.5367295542512365,1.0247340807690166,1.0,6.362478825682256,4.750813439284017
5,2.5512197604438995,1.395486011984188,1.841905173582624,1.5690399855469082,2.1255334993131987,1.0,20.72426229815506,9.033983757878776
5,2.131868361386754,1.2284571357276484,1.742294878996733,0.7857162171759042,1.7082633286358249,1.0,14.711966840260036,7.246549753165114
5,1.3764570794364994,2.202367508752901,1.504765259497546,1.459543496859764,2.5797142068100225,1.0,18.42877992137021,8.658871218682748
5,1.6821020430891775,1.7040044759423334,0.8593930798630025,0.8244063346038415,1.276895693651197,0.0,6.541336570349959,7.692607521875051
5,1.6619629088251155,1.647932497734533,0.9864565571587385,2.246748270689943,2.330822761733188,0.0,10.882793636474748,8.727413005536503
5,2.41313211423414,1.7806021018878675,1.5020519761422961,1.6713802402712137,1.6564903685016183,0.0,10.383761957224479,9.877346733523332
5,1.8870351014022373,2.2576840892216277,2.002958280788092,1.688697855223468,0.7866981617297005,1.0,22.758172365091767,9.153030899626657
5,1.650203403858348,-0.6959900922640854,-0.7829467871990694,-1.3758898630996859,-0.8029925170173331,0.0,1.6811584003967213,-0.4434951075711615
5,2.124024023767748,1.817264404785679,1.6835141169222234,0.060066324889626266,0.6760881626780652,1.0,14.641819358682206,7.927912513674851
5,-0.837283943632458,0.6999177810499968,-1.2288906058389215,-0.9244412619211726,-0.17748087365157295,0.0,-1.3635934169207076,-0.48483625913173867
5,-1.5754211724585248,-1.5081578927782657,-1.9459689624518024,-1.9388884180756647,-1.0982079828908975,1.0,-0.1429699616023824,-1.0237715010560557
5,1.266428217705315,1.3818375509541527,1.0327095890952822,1.0321476800369638,2.0157548070804383,1.0,12.950504049647549,6.626931019202964
5,2.0518213467116553,2.4807888395109448,2.730963494148723,1.7625299315112017,0.9171461979564582,1.0,25.523846752499452,10.144890550018214
5,0.38820259570108917,0.6033936197347183,1.2399746297419618,0.6227436249444724,0.5496651652565878,1.0,5.591771919900999,3.261049066218269
5,-0.6278028115621979,1.083783321563701,0.7627056801683668,0.21504700963335055,-0.024459387512408393,1.0,3.0786470466891322,1.7472040485133553
5,-0.13202619238198787,-0.318411999820557,-0.47738891415961415,-0.9424804482681,0.6071460660492969,0.0,1.0197040651751856,1.2986556224687615
5,1.7581813077122375,1.9124193581356592,1.5226840384688543,2.493100245923914,2.4093138530579683,1.0,24.293393664633513,9.458323098445716
5,1.5733383444755253,1.1973593090941255,1.2139218941366914,1.4480212495159372,0.7378693873198612,1.0,14.455389293020076,6.318453714161855
5,1.165007955977219,2.66487395455837,1.9634937469377052,1.8098530133476112,1.2907808819545727,1.0,21.196965073097626,8.168922237837656
5,2.5287404773078475,1.7743315333174206,2.229041576238946,2.2727209126404375,1.8870153547509614,1.0,22.37217613482992,10.221019226152828
5,-0.1706160259616296,-0.7969932149026433,-0.9781918301583636,-0.13912411711956452,-0.8769558929267562,0.0,-1.0273831864075933,0.21356259017112555
5,-1.0803289671712735,1.099239151082954,0.12724933922966308,-0.9022425204397091,-1.6653167339267068,0.0,-2.1598139889417514,-0.40632504070352493
5,1.8311010354817656,0.8548463452874075,2.4206002437253185,2.6295001603158368,2.1229037719897788,1.0,22.729944035593093,6.74363482725645
5,0.16873782168332663,-0.6563813812355868,0.4461020344875415,-0.4340918850233877,0.5227577698457246,0.0,-0.003217377734969315,1.8149415533770004
5,2.4139989289269494,1.3262255834688719,1.484687361517578,3.0544431387160045,2.5461396743917555,1.0,27.5248761861873,9.700257073443844
5,0.7818523977354677,0.579278408105433,0.5185971983455588,0.4815374970584062,-0.0834485537709504,0.0,4.151130354893645,3.460334035929121
5,0.42288977131586936,0.16023266750548582,0.7991086476583209,0.40996670327204343,0.11839879872968884,0.0,1.1391860614774787,2.720404899883511
5,2.233660022371665,0.7611182641535004,1.890513619974933,1.4009545822869784,2.264777286547628,1.0,15.405229182593247,6.661293133881268
5,1.0743568165066075,0.8122844761479779,1.2194509484582925,1.2052522877127008,0.7009403449418736,1.0,10.353400964559055,4.722987109218041
5,0.3542948508059929,0.018084472412291164,-0.1159759058913552,0.12194588468801382,-0.4670982577048568,0.0,0.08045476388172812,1.9553150869222962
5,0.3730231669153975,1.4617320842377608,1.6007143985607297,0.69439574821117,0.045301991026917454,0.0,3.90886522393087,3.60293001698751
5,1.7541635749915119,2.159741755327356,1.465154848347686,2.5592986797954618,1.198881710918381,0.0,14.58691290315737,9.46260569603993
5,2.3277045789177464,1.8586334782740916,1.205869240702936,1.6231591082023935,1.5284604265466433,0.0,8.877728839491368,9.955144257144429
5,1.7338473149337992,0.6443932297432942,0.19565806782285422,0.570972746663754,1.1554527583715921,0.0,4.307280741483804,5.248361475533613
5,0.9541151438013311,3.0370341610400207,2.1937839189076858,1.6260751500461628,1.285097118440914,1.0,22.144705598486496,7.862268930703072
5,0.7434789157470791,0.4184042918686396,0.17893340184308004,-0.09007694843248437,-0.155242739797675,0.0,1.1188690496547853,2.842857315615908
5,1.9855454001752424,3.430840058963847,1.6975327812557979,3.4711684583899833,1.900086855542876,1.0,39.226265900639234,13.92827802435595
5,0.003308100586495777,0.6769497340161008,-0.48590064517188636,1.112337893135604,1.0332913173390808,1.0,4.406401832196072,3.056487319814883
5,0.7418382382934408,2.8981986519290013,2.4368621549957634,0.9932251028253515,2.133641327941021,1.0,21.495680240339315,6.990091150033908
5,0.3191205393330021,-0.47637578671752645,0.10507965700461708,0.03631037753911459,0.8994233747116083,0.0,0.7463415156143107,2.2842419939211567
5,2.4129536443270623,2.3548133733005465,1.907342732866394,1.611004659928827,1.5696978136575406,1.0,25.075342480335973,11.279732404831787
6,-0.43510411852645015,0.4911562187122811,-0.415939653347394,-0.2907728943232739,-1.2547166258533045,0.0,-0.8343964674271955,0.7483444275117774
6,0.6550216427743367,0.5888000746832776,-0.7014750796057929,0.23817836625995226,0.8237760589756953,0.0,-0.13656010437698263,2.9517184068908398
6,2.5504853618862464,2.1866921255918044,3.042578135641914,2.945201669995016,2.7163353827037433,1.0,35.2045959290789,12.302670529042256
6,1.0583101632708622,0.9339391354872396,0.19187675429119044,0.41429359106241004,0.6714180406502167,1.0,10.136083730340776,4.604964185516845
6,-0.0006076851720553389,-1.2094537632331508,-2.111453985401688,-1.1269809101694652,-1.818714529459696,0.0,1.267873181804749,-2.6475704295229736
6,0.5078141582905509,0.44172965241633444,0.2960033337704472,0.3565265450717794,0.6853725916997684,0.0,1.6958029405730928,3.324549663922025
6,2.548800744563276,0.6240317021765049,1.7270797520499754,1.7711221120951475,2.249055566073771,1.0,16.992442718588794,6.8949293948698855
6,1.0190203432240423,0.6879278453034978,1.0498129134516692,1.4113813123404375,0.2410812449764772,0.0,6.156467890446438,4.403357621082771
6,1.3115210023790431,1.7238988015133292,2.1342069951932023,1.5568267684695323,1.305762070687455,1.0,16.793250779721937,6.742964494282182
6,2.5289213063501217,0.5139821112422851,1.5162911688563814,0.9827231266861609,0.9209217941617593,0.0,6.772599838165333,5.585718240367007
6,1.5878607012509558,0.9832536680886595,0.9602079316598424,0.8466515761093124,3.5838277634522724,1.0,14.147846914355094,7.11552031701228
6,1.1431703553007049,0.7387470289793419,2.1230982783303114,1.4155254489421845,1.2034425058965144,0.0,7.138884265758273,4.631857199844374
6,1.1871020474126759,1.0166677169753433,1.0326506204584414,0.7914265040110156,1.102261853582229,1.0,8.886337859946162,5.284487364467552
6,0.8870157270991142,2.974897560442632,1.6940060634071346,0.7536129917632756,2.1243263363851383,1.0,19.834455266887968,7.732812022786923
6,-0.3809240401139975,0.22882931453758482,1.2097966028037233,1.2812405200536694,0.28439543516818944,1.0,5.851498928224279,2.5777120248216567
6,0.7499308783805925,1.5212008190517132,2.944272773817298,2.195350490707595,1.9460936242329252,1.0,21.153913601920696,5.838624244552725
6,-1.5410290838486458,-0.8459561286955799,0.09929098538858006,-0.30639084357720425,-1.2939741604604,0.0,-3.8998771467486923,1.3546880809113355
6,-0.10166338156621668,0.2260424870601172,0.8126528322940796,0.591025272945704,0.8421928728404782,0.0,2.237653641059242,2.849719394796163
6,-0.6640054840611391,-1.017390856613325,0.7926066785695318,-0.23731554355597995,-0.4682623605317513,0.0,-1.8514247916150073,1.5803605889924641
6,1.24472292313438,1.5119751711665423,2.5271129590878676,2.9305219698552296,2.5340343472148295,1.0,26.369883025454165,7.4391003089694205
6,0.8651809074291206,1.2360225655312986,0.38002433902707344,-0.0443616245775158,0.5584796120444229,0.0,3.709170969795712,4.495711632034538
6,0.269558715269653,0.23077632372742118,0.2513305683726299,0.7871988521102619,1.2725174990730892,0.0,3.351565796634441,3.436481124852418
6,0.5029218707248371,0.17921492696268038,0.2769461733990871,0.8375066306568573,2.620230318678746,0.0,2.827395113445574,4.260435964441646
6,-0.5506243946615688,-0.19985421121525415,-0.9973708329323085,-0.8925618748898041,-1.388344779232653,0.0,-0.400844000932326,-0.3618206386978825
6,0.694051818169577,1.5452346128697647,1.1119641031029668,1.1816787369668793,0.8435326385835515,1.0,11.670334759109265,5.203605263026825
6,-0.6406094703923628,-0.5478326430783438,-0.2853313115046312,-0.12629084165962512,0.6373025970857872,0.0,-1.665087027582201,1.8291343938626166
6,1.1294913851060635,0.45374274742261655,1.2732241156280621,1.3401128337090702,1.7324049727437474,0.0,7.1659708387062055,4.770186534331488
6,0.8955054217184658,0.9365091744069354,1.8162048952384542,1.2128000061775992,0.24320303687043965,1.0,10.462049014053166,4.1478076383467375
6,0.8507349416775385,0.9475635298916326,0.009001069734241418,0.7775080587632468,1.1011429394228198,0.0,2.3873985860049016,4.6490601647281835
6,0.2673633557251255,0.7407429837115844,-0.8419510877542251,0.6451025640737043,1.3001268892499576,1.0,2.400291198787514,2.919748574619031
6,1.0468263982761792,0.21432339551365198,1.2093450584203598,1.5249547393812508,0.6668735156722745,1.0,10.284965815131763,3.9091530411076882
6,2.6661318413735726,2.693682734819457,2.0914417756340824,2.0954352490707557,3.5270102589108734,1.0,30.358304063211605,14.221124072578954
6,0.7499988592121554,-1.0366152784712992,0.09364689342986598,-1.0967507872882933,-0.004176139858682371,0.0,0.7351578345466887,0.5712098304699909
6,0.628833338316144,1.4148584495107297,1.489948759090121,0.46212955530158795,1.5407480533728504,0.0,5.854372215197208,4.7387287619445
6,0.2735955114217167,1.766884533348269,1.545342172841084,1.0224694780095789,0.7656467015292376,1.0,11.107888961947939,4.195832281458753
6,0.16354700585051973,0.645628578828763,0.21349590863575518,0.32860571120066584,0.8495558937467906,0.0,1.4638704422685602,3.1833033530984167
6,1.4309103569864947,0.8871914709227144,1.6706206388276428,0.8405457918784841,0.12829896168910715,0.0,6.0721775887577625,4.648616469677838
6,0.5914597796004166,0.5847940627775718,0.3847475067348861,1.1342211845219956,1.38160885071072,1.0,9.728845249276446,4.311191088936688
6,4.292016669986217,3.4535265250539156,1.6447411662480684,3.043225757973594,1.325002465818011,1.0,43.252973017360674,22.62797223685351
6,1.17044726778793,1.1304517783978945,1.557890934998269,0.39444475020502356,1.1336703577515381,0.0,4.778586760944798,5.029491773531449
6,0.5313608799881457,-0.6155607706597064,1.125498867761212,0.9215465975176326,0.33424107909556533,0.0,-0.25229592508167364,2.252184765016913
6,2.0676176385644505,0.5846928725515411,0.48852043926732325,1.0126720536148095,0.8187365809509535,1.0,10.893928533774618,5.578069301087773
6,0.33696569099830853,1.5032471607229956,0.8348573685090102,1.6228003227353183,2.3977354357418195,1.0,12.426719610544195,5.52562911566708
6,-0.43449622453053216,-0.058914120805484416,-0.7123079650090756,-0.7055838994649806,0.05083347208310507,0.0,0.5751849173432392,0.8522190422057341
6,1.2300252823663926,2.373681573603217,2.4989926259986444,2.5040640906938676,2.5719731296055723,1.0,26.17336052550902,8.708516375083839
6,1.3910527885511341,0.8752872944544924,0.6495672735678819,1.0344439459375832,0.8536484150556121,0.0,5.380611882439601,5.415916294678448
6,-0.026665862366002324,0.6277727240186475,0.3984157470449434,0.7516372057579227,0.3379109659890268,1.0,4.647815705562797,2.949472064205182
6,0.8877662419172418,0.7791998930415025,0.059147476484537,0.23265081331475002,0.4931301132505891,0.0,2.704629466026702,3.9159459276624684
6,1.542271855055233,0.8881331660248071,-0.3009390497244233,0.5488712175335515,-0.10689709758811294,1.0,5.775949500372553,4.61052139093475
6,1.05723510528875,2.730199302914018,2.3622439802545934,1.8536460829987653,0.8441507396629467,1.0,21.98056927833878,7.598828701210839
7,0.44279513027023687,0.020554707199491595,1.0919523361266392,-0.18261928303607022,0.1798464735810268,0.0,-0.0062158356010901805,2.2461196991336316
7,0.47829442588611837,0.6254862846145413,1.1437172650087246,0.5266596217474788,0.9450097408259764,0.0,2.4076222287716202,3.5729642675075226
7,2.7287642617222465,0.54468903065567,2.555165436977648,2.3250313793366955,1.7672528654348165,0.0,9.802989806255674,6.613856318759579
7,2.5154263372425385,2.1350139283120853,0.9666265037611358,1.5266782083169512,1.7783634826349173,1.0,22.14145852839591,11.399603553837245
7,0.8796151606199893,0.41087716055048384,0.9499616309746515,0.3350987052078873,1.1202486110825893,0.0,3.0708949795820435,3.791028712786326
7,3.0587478356335702,2.106742351565455,0.6486764772431517,1.6890212134038056,2.234342095101476,1.0,19.845178613126883,13.109642673602615
7,2.338172778074152,1.1186940639594174,1.1313988360505352,1.6672845837258397,1.5410543603501616,1.0,16.65441043316264,7.939396584959226
7,0.1351332593949166,0.14854575973738016,1.476078283919768,0.6654982111591152,2.4140912223916757,1.0,8.656025688110603,3.53432332010179
7,0.8249821230713765,1.2204693849348378,3.0971883554491404,0.1515992135633939,1.6579926688164748,0.0,5.992509370463538,4.483967006111879
7,2.313974379997977,1.9791898539008557,2.3407896196618445,2.841303922316242,2.3990979354993085,1.0,30.830256336283682,10.820842047277315
7,0.08796521631963605,-0.4329801033809555,0.31026848071987223,-1.2946353599950964,-0.1028150328995352,0.0,1.4382284652552313,1.1980660451273333
7,2.509194055442218,1.9102480792300232,3.110722899017606,3.9143096793401413,2.40374370303359,1.0,41.60458755408026,11.717768765893137
7,1.889821915544399,1.9596899427369427,0.7773284249456822,0.5718279527451642,1.1042096720013772,0.0,4.959177973214411,8.567693817968022
7,0.969426042957107,-0.24483697766890522,1.1368315980456245,0.8716060045568005,0.4883788741382187,1.0,5.097043614573849,2.793822747803714
7,0.5023695372724719,1.106381617737654,0.49500565230549953,1.1665892931908612,1.435559769225518,0.0,5.566411208834588,4.788731381013769
7,0.4049711034960578,0.6756725930019949,-0.07096022335262542,1.2788353040195126,1.4140384178592273,1.0,8.012154033388784,4.122389852724998
7,1.3171071384542454,1.6468414244513232,2.3295579713281107,1.5503633729944692,1.2840178532245619,1.0,17.697114937495616,6.5449871638086154
7,3.0550940863010565,3.0598062572352753,1.73198130612308,3.2432853163627513,2.761941549322156,1.0,40.36487331570639,17.113562320970523
7,1.879027630199738,2.2649127892923655,0.7923998157317179,1.0867050518778083,0.7676217702963068,1.0,15.742417328234232,9.353305813340091
7,-0.2552565785969534,1.1894079769748473,0.955614866784299,0.035394737491217354,2.1015807524788834,0.0,4.138092321933266,3.286873391311569
7,0.1288173167861375,0.7168255855958804,0.037610416892672416,0.05886882064307042,0.4490547966050229,0.0,0.20681106120560633,2.78722082844037
7,1.0587681923841332,1.9339622831452683,1.0384421028698025,0.9717319273453633,1.5328615341179015,0.0,5.939564718103894,6.823063950046882
7,0.20041356182310666,0.1758681905727275,-0.17725153069127408,1.3971430558357232,1.2035831374197723,0.0,1.4681553339425526,3.419456611404239
7,1.2046826144399003,-0.013957343901837005,0.40926398360997474,0.1418901491254686,0.11533718678586868,0.0,2.1720718033444557,2.829208082864723
7,-1.2296028130010606,-0.5302383399963309,-0.9594582690689413,-0.3443862301210998,0.654817584798776,1.0,1.1314235033270608,1.0215122040317928
7,3.2250368712444732,2.4788706576107185,1.0769172658009758,2.8220965313814697,2.0315096696216286,1.0,32.32129199756737,15.285709729457153
7,2.7703658810876917,1.7830045735582074,2.903813276757594,2.0472737445477893,2.7664235897161866,0.0,16.300486205049886,11.103152141779221
7,1.2348953818507238,2.1135740315228,1.4727685189831685,2.162326857947357,0.8713925661481097,1.0,19.911780720610846,7.635392373276998
7,1.5157979835749904,0.5740977478431482,-0.5240188715955754,0.03190456490361793,0.5022912649843604,0.0,1.0487136640770998,3.786067832784476
7,3.1643123057058142,2.76140330309154,3.3788383282961614,3.637575395623118,3.3301534714811374,1.0,46.33814411074531,16.90209485513968
7,1.0246446773910096,1.830655738854347,0.8253281008486422,1.2414035244225163,1.0266182309726823,1.0,12.25092041515278,6.528412718551067
7,2.1156328935327666,0.8597612350774007,1.2023125393188099,1.1926208941633167,1.6837710532110726,1.0,13.543603501213454,6.706189867615726
7,2.144620488338597,1.1918930423577234,1.7993272059792653,2.311961880165767,2.9399720112357395,1.0,20.513171849970497,8.523498708129503
7,0.41470545568857264,0.7825002690286523,0.2370343434016523,0.2680083073509676,0.7211975788806302,0.0,0.9031734550444827,3.5082687544869517
7,-0.2676381011770794,-0.48417332932836765,-0.9100639221996998,-0.24482093972177932,-0.7377077697793735,0.0,-0.9399734938416695,0.4210764808181159
7,0.3183630813315803,1.3327355578288764,1.513292224258178,1.2498909506515947,0.7732679273235792,0.0,6.862966428241854,4.075541085585229
7,2.4287071442957977,2.6704893046097995,2.4429970210962058,2.465686451503517,1.2982203316689969,1.0,31.900923210593263,12.373140428313532
7,1.463838543320155,0.9015012115664877,0.8153865263806384,0.6097882811604687,1.1117179114586768,1.0,9.224481810876771,5.456355514370798
7,0.49585127052903766,-0.4723137338082015,0.7277617477671748,1.2900412175800986,1.275928517269735,1.0,7.305591566896974,3.1711023016434066
7,0.8024680847326546,1.151803664091182,-1.5889666569560292,0.9538641029259012,0.960326165819432,0.0,0.060952192322782595,3.0458640302956574
7,1.4383837347649266,1.3857113510270933,1.3898580298666494,0.017429882451897805,1.602694928560108,0.0,4.441727454220019,6.0901762637281145
7,0.9176187801733058,1.7476105780266322,2.083938114562828,1.1047270831671656,1.5039042079327327,1.0,15.929454426036349,5.791622857722887
7,2.3367422514473937,1.6560266426848211,1.191324863632925,0.33240783141489094,0.8306195752885362,0.0,6.313153594690045,8.413697591875705
7,1.0466542782241,1.8553427906478237,1.7498693683772149,1.760062838259254,1.9334902311149311,1.0,16.369915273211973,6.936494708267478
7,1.8074802057504635,0.21934649111785232,0.9519489288112748,-0.5296321252111027,1.1453336853284821,0.0,2.445219488213492,3.77379973063953
7,1.7047362635349943,1.5452630882449223,0.9873258340795389,1.2507797249998092,1.5479684067529673,1.0,14.754796308413916,7.703226250252636
7,2.236057967719442,0.0866703125959265,0.8696347891125326,1.4937736299867286,0.2858367331446173,1.0,7.8664043385128535,4.324892204804527
7,1.7657055546093297,0.5279838819435978,1.29600563321,1.6015575144349499,0.5969689358612209,0.0,8.470939786196892,5.097720322363095
7,0.49259091835750624,0.5018899210282206,0.528878011849951,0.9714550765668625,2.035858732538125,0.0,3.409149859237279,4.375936477022563
7,3.668858451091064,2.426965913615598,2.781655784836242,2.6484325547277385,1.812422251669921,1.0,34.4217585104443,15.637442819324487
8,2.2460210461681456,3.2896084678196784,2.472794581401435,1.1478084580880572,1.9562168360297452,1.0,29.33611504012599,13.160187067266133
8,0.7299358310429247,-0.2729052969273307,-0.754938049320524,0.4932465918837028,0.48543897300139904,0.0,0.3366664550707372,1.8694996660152277
8,0.4213951288146751,-0.07891509681894116,0.4046901759971975,0.262828785970171,1.1033636475522914,0.0,0.8181197783743854,2.942651312888857
8,1.0639966198596316,1.5366357795877383,1.213364262922228,1.604293798093459,2.285221426477918,0.0,8.577791826934838,6.836600970059056
8,2.090605716287451,2.2561990337146205,2.8195132440785047,0.8562985599759892,1.6597948226245287,0.0,12.200015997680982,9.609449031670419
8,-0.33566385797875875,1.4232532541371505,0.400242505098786,0.47598261671894204,1.3064738319052522,1.0,4.594159730190527,3.0783760277632175
8,1.1453688020672377,0.0415244038955207,1.174929282105173,1.4445412429828475,0.6975768812275391,0.0,4.104747877032336,3.685139386220324
8,2.2354218863600064,2.182774059628346,3.403014385960742,2.564991235805989,2.195496663667245,1.0,30.887039891306674,11.20424651976112
8,-0.20045053327857776,0.19815596120812318,2.4766997381658964,1.9817331781769452,2.6967144439407775,1.0,11.761537430086499,3.7497230678779525
8,2.5482748562641415,3.0288006763976734,2.641419600400428,2.0627306030043844,3.790513365860408,1.0,33.59377272460134,14.876586576631926
8,0.8531831497669973,0.977562226386026,-0.04756257513015383,1.3110811011254748,0.6527608769156585,0.0,2.9235459411360445,4.706421122871614
8,1.9047754397768621,0.8991752369174614,1.043021564495401,1.3692958707784062,0.7415893506271627,0.0,5.358739967900025,6.195267778981476
8,1.886055146742808,2.091894753480547,1.4784262943660396,1.1456465923879868,3.0530150969819547,1.0,22.276024294513014,9.865186543062801
8,1.295935681172107,1.152617599899525,1.007708380556437,1.8661443203195534,1.6348784106666892,0.0,7.911709114966296,6.5061604102223765
8,-1.3640980327286445,-0.25188078790698176,-0.4721058286773212,-0.7959994602503033,-0.47024859976414746,1.0,-1.4021789190398104,0.5570363437397505
8,-0.6903212785520316,-0.20673263039387213,0.950952821070313,1.3513640711235948,1.068184940216363,0.0,1.14957425266638,2.9603436815676694
8,0.7244983323596248,1.5370384803258457,1.1475367805020322,0.7743834060250224,1.4001125661385196,1.0,10.11337628171475,5.316101135751411
8,1.316434434526788,0.22884190043837271,1.1647896158072686,0.5852044602408946,0.6526367875576373,1.0,6.408725587298113,3.670152788119088
8,1.5858618143541534,0.4977528105922526,1.3110793679647723,0.7822249063450212,1.0331330622614185,0.0,2.9395773465436283,4.6512001695127
8,-1.2508000398132713,-0.8406176508851677,-0.3891575119885655,-0.7695805530957711,-1.361409090458313,1.0,-1.5927012365232718,0.6708912038318573
8,2.8343702038688714,1.1035144835754886,2.4768202134437365,1.2502076816027519,0.32053407434869097,1.0,18.068975626003592,7.333434717565192
8,-0.803246479895614,-0.629797139464725,-0.5269234377779282,0.12977407940408336,1.0705073789569621,1.0,2.8803219549553445,1.9903978254428472
8,-0.9623164999257492,-0.06069723241113434,-0.41398572823482827,-0.4242029646975831,-0.03936235114032183,1.0,0.20265630498488918,1.0236523539195188
8,1.1165368606606383,1.22872495852437,1.9848418523636173,1.850960485784575,0.05991739404837848,0.0,9.93863858396797,5.090091191765593
8,2.05218741909671,1.8238125384214392,1.610069635615246,0.6749920871769824,2.056687712701522,0.0,8.256651976993261,8.812416628857722
8,0.15945617483916352,0.44975576995992106,-0.5888619299955227,-0.9906328788727208,-0.7528107470278724,0.0,0.27899165156359457,1.0417428477779433
8,0.6117776327275827,2.2470862990037235,1.4722875411528713,2.4557213290925244,2.1910972768993053,0.0,12.25283794716612,6.9620517176755445
8,-0.319353963210276,0.15872210739895853,-0.007045212845278925,0.26007518482172987,0.4958545730294768,0.0,-0.774163900924792,2.2434129931409945
8,-0.026846554283889157,-0.4920676779491251,0.31092132356519275,0.10452456448256431,1.5477166991138729,0.0,1.7975069082235917,2.687386607118661
8,1.7330312761579738,-0.3921945951434105,0.819583480878131,-0.014113764261166839,-0.25628282462028484,0.0,2.9447763745247073,1.9478519711010844
8,2.476206569354466,0.6842114773047832,0.8990015915412699,1.0301005503808265,1.4371403313013533,0.0,4.587836760119274,6.579970953408005
8,0.5559957884248279,0.6581180962703461,1.267082326187892,1.0663181388365879,1.1759220777034796,1.0,8.772657837562672,4.026695384157839
8,-0.21562202220924243,-0.8274309999217826,1.1317267626692935,0.5860649251573178,0.6954638369567963,1.0,2.049720133793159,2.288611064180313
8,0.2215170668570171,-0.3866236001334751,0.4206930392619559,-1.0279776395972449,0.6183848763980194,0.0,-0.7250814335972484,1.7501592725654946
8,1.5257742264939536,2.1847273413076627,1.3810138560060436,2.5188504243301146,3.043875256419534,1.0,24.62626946713274,9.84916649746582
8,2.4104802810207673,2.3353408686204777,2.3946457278519384,2.5590968333959827,2.442203353718024,1.0,30.65799873213156,11.966410096309449
8,1.1671673253540364,1.099379948504939,1.3341382892463918,0.9061965275826147,0.29737740414191083,1.0,9.228785914707439,4.919745231474404
8,0.7487067968721686,1.2169643962066645,0.7403601586430648,0.17064077330642136,0.19725774117999906,0.0,4.4730784597086455,4.186340108316129
8,2.4989438949080025,1.9655363203112703,0.22543422768312893,1.4358852125176962,1.112238305771819,1.0,15.75552549451306,10.505481104670508
8,1.955298559356978,0.6423534298971829,-0.1726251748511205,2.024478921973162,1.5500195612047585,0.0,7.641534429397566,6.240892622940169
8,1.6217940869908831,2.3735984586156893,3.6007720478950316,2.4070976383690796,2.2606629876670503,1.0,31.484723190239414,10.085034052711112
8,0.06869143904640862,-0.0013964446156393695,0.1810823941734231,1.7618377150860158,-1.1782697666387816,0.0,3.5547766214333483,2.3995260806699923
8,-0.146356592248289,-0.6883494997610549,-1.1827947342643932,-0.03655719056669193,-0.5360375110506119,0.0,0.9748983659146736,0.1840360351287914
8,1.5685936282261062,1.37474126736519,1.2096823533981216,0.6412665611951546,0.7314283076172878,1.0,12.528797949168482,6.272583029997621
8,1.5406416118924904,0.5761858374661182,1.6544695003425653,0.31203821261546205,1.9243070779970868,1.0,9.39664049889142,4.807941425256763
8,0.9959509695920307,0.6177337349920986,1.034130158164093,0.32508471559171137,1.4051464593996943,1.0,9.667072752376548,4.315529214865311
8,0.4304788427421571,-0.12467848330443876,-1.4771315817082113,0.16442813523199917,0.7939780309118358,0.0,1.1646813117078696,0.9333938730920778
8,1.4594781411258486,2.2396066126566514,1.860469401791331,1.383848487605757,1.730982373674559,1.0,19.93591646678235,8.320210468373645
8,1.304352782043392,1.0811717299843935,2.2669562190015506,0.15113357360728197,-0.08707827365803289,0.0,6.697611063168899,4.127221501297914
8,2.2497542786700744,0.5968698258799687,1.4004978178167433,0.6131662593091121,2.2969856040950103,1.0,10.898480006144545,6.090923884894539
9,-0.11947346021633454,-0.2944284332943683,-1.3463228000225107,-0.8836543426542804,0.19613529219007175,0.0,-0.8415810326999165,0.03389763994903938
9,0.8320040276761203,1.0974212654558368,0.9292944690455346,-1.3389800650479473,-0.30261068042066497,0.0,5.514510537259457,3.12002282240043
9,0.616529702865305,0.6753992402015064,0.6303980511459906,1.3838842697781,0.26362649599642585,0.0,4.542350721904616,4.009115507429
9,2.450323978833171,1.9060597381057796,1.5573909541858655,3.2799257534710438,1.3200980778902371,1.0,30.988389019097657,10.940768103724874
9,0.5298318983381378,1.0875841749133381,0.8324714345834611,1.6327811249319457,2.056347415397826,1.0,13.681814028563865,5.318794763830487
9,0.7735733833618278,1.0448453061345147,0.7781994985732874,0.5156436323502049,0.41751158110662256,0.0,3.2836647313616725,4.285329859923839
9,-0.0001410317783647752,0.01366766324439983,-0.2817447297240465,1.3143387975292375,0.13185379857842972,0.0,3.8198340239748223,2.549557131225595
9,0.25987925705703974,0.27038629116508617,0.15323787861255733,-0.9931759420725017,0.10941463676735275,1.0,2.942431898802095,1.958420882416406
9,0.4802626192855849,-0.6097090638476534,-1.2041421526287568,-0.6784696150059824,-0.041829438388627516,0.0,-0.7451414434343735,0.03872971150889709
9,2.4709627403990426,2.1467606484765023,1.7697228387666777,1.0667998926088857,2.329004388856311,1.0,20.589221394261045,10.998573702706004
9,1.5472118270032917,1.8160762893915852,2.83461061321664,2.184018374228315,1.3651993139242147,1.0,23.93689045128209,7.730163036394208
9,-0.12784394946908284,-0.3542794442573707,0.8289553032394431,0.8104052453790304,0.4705233756245676,1.0,2.383437034877454,2.5348190547950784
9,2.8696642633508853,1.77965388689156,1.628710645564286,1.2946726825868686,1.0709748608203356,0.0,8.812894466681996,10.37096538051849
9,-1.0545702160111046,0.08260124618209674,0.4170730555711716,0.6569631691002176,0.3924577292033863,0.0,0.16509622721835976,2.0744321975730555
9,1.437637526664267,1.0516827200037768,2.1405304196584845,0.4568996443048141,1.9665277650111246,0.0,7.052126392955888,5.4991694200616275
9,1.0919381141151947,1.3605434422049658,0.17261440118876537,1.478698257783906,1.2967254233956387,0.0,4.0533598219987,6.171028148396099
9,0.8938696564249959,1.5920816044579376,0.5525723327336407,0.7904750971428495,-0.309878090039184,1.0,10.768510309562153,5.033850914679964
9,1.14993945589607,0.522646461831241,-0.10381913805234877,1.6095937611116975,0.43220864368803236,1.0,9.457019429676153,4.400912012321307
9,0.6912682580698586,1.091925983684674,1.6518110100794556,0.20916402498748088,1.927470752510795,1.0,9.967352850941825,4.459707696663404
9,1.0096747173382865,1.5021800372957168,0.5637572414678236,0.02229467469907953,0.7516740121596593,1.0,8.04590724923239,5.286756886641911
9,-0.3602169568261582,-0.3405793436155715,1.0956109126734697,0.8777944074940892,-0.08695487680637592,0.0,1.3293227474528182,2.173012852920179
9,-0.0472544852584913,-0.7453975677286369,-0.3053011992268717,0.5737401698198271,-0.7930206072149351,0.0,0.5167083142616912,1.3303629948013187
9,2.2238671062626656,1.6560369298185984,1.2293293361555009,2.90562475350652,2.3001429356373215,1.0,27.89669504317832,10.175176330742127
9,1.4440515602811137,1.0499405966329063,0.3957592453601829,2.066684561489298,0.005489382504572982,0.0,8.672737050628182,5.919835164431248
9,2.060374445081882,0.5823959828531401,0.564773833558469,-0.027089962612062646,0.46872253108897644,0.0,3.299419569498645,4.869251886885441
9,1.0118149635859972,0.8852434445550053,1.5612885895113155,1.250629923398996,1.3756470369446938,1.0,13.426574997449407,4.947522136654134
9,1.4698816014107137,-0.0963238262242685,0.49580722492315166,1.68098687476566,1.5883342040379902,1.0,10.105910888670094,4.307343385302642
9,2.660197095402302,2.4731173931587884,2.837660297334495,2.330662927385581,2.44020125240396,1.0,32.202340310140876,12.99573217370303
9,0.9095200001122706,0.1647571633598991,-0.5180513515580563,0.09816036578459453,-0.40160919973896503,1.0,3.9100442068788683,2.1450242003344657
9,2.1507939345012677,1.0910132276718427,1.6067018956501857,2.302828588371483,1.0747395356955742,1.0,20.1163262719954,7.4236853690988305
9,-0.4214709416981366,-0.10193735365197254,1.4098299511374943,-0.19511019239515792,0.7405006091051152,0.0,0.6252515347402503,1.9191418331751253
9,0.4312950742269983,0.301531158091063,1.2474025112786187,0.3911211320780803,1.3700670644730832,1.0,4.854894092440604,3.3185436460223854
9,1.4189009847953886,1.4628436357708023,1.9382058933432555,2.0253630951643427,1.6050114003305207,1.0,17.72428662502399,6.941593690658487
9,0.7867625159019009,0.5757929009153393,0.5155027546517718,0.8584800511594198,0.3254088642170133,0.0,2.68574943497783,3.8540308029187464
9,0.30809594189840817,0.8434871993416068,2.344688490990156,1.5249357483976813,0.7620748336653417,1.0,11.86845840599613,3.452591905380475
9,1.847813560160572,2.8987652796590817,2.445046756699371,2.9645009885550517,2.2754474409961345,0.0,22.13720368585068,11.805101989931188
9,0.13036304982693914,0.36857094656761147,1.1882504800625555,0.16893235979092258,0.06190546221675186,0.0,1.673603095523744,2.38034268456218
9,1.5718292954824475,2.9258505964783303,1.7716257083094726,0.909647115278339,1.3523616345021203,1.0,19.866934010386593,9.6651127452999
9,0.36249045811990266,-0.055090225573239726,0.2525143211411439,-0.4938335560714333,-1.0668851819916836,1.0,1.5131488879335953,1.4479155334283846
9,0.8654618837650344,1.8572564495170778,1.874512499394251,0.974124690048842,1.088634725640473,1.0,13.935958173656214,5.638311436398215
9,1.1097618009253343,0.5548117920015077,0.720792290921981,1.5832801669380667,1.1069763510989985,0.0,7.154650277762107,4.904803203151427
9,0.45376028281228675,0.8641432909205989,1.115521001693592,2.5463103820443864,0.7010207934701075,0.0,10.130087634548882,4.672201390503786
9,1.394597417132911,1.0413892275048806,1.247101328373598,1.1612605681413928,1.8960882165350272,0.0,6.200296794038426,6.1406089343701975
9,1.1302857656666538,1.905242786880653,1.2362969812134363,1.72433246748164,2.5225207223900705,1.0,17.521823288206413,7.741104469461927
9,0.5504513192944372,1.701486686698808,1.7711276884796745,0.9396014229748485,1.5630703266901569,1.0,11.365533780155054,5.000460237129699
9,-1.8189026061770326,-1.896812103162533,-0.5521721586158455,1.4782209689092056,0.24468596715505442,0.0,0.5021546745531797,4.029013664088559
9,0.29988727151931094,-0.24726300283053404,1.038774269640173,-0.14885029379078696,-0.3280996619054335,1.0,2.407921464867417,1.740350215785319
9,-0.9662570672925106,0.4809901493292492,-0.26521406377171886,1.475291599427283,-0.42715679537785056,0.0,-0.8190795058722662,1.6491031935538687
9,2.7817622314295516,1.603369874410207,3.378997147250691,2.817823433623534,2.4343134211526167,1.0,32.780608658002855,10.9963751525282
9,-0.024508071844510537,1.907942281564851,1.8592104082120353,1.5551612965311614,1.479766860408947,0.0,10.072843572946711,4.057594231556226
10,1.5722000726130814,0.9408829891291645,0.7137664348349522,1.5337933644064536,0.7309308522222797,0.0,4.612728210013506,5.980944573739323
10,0.739285240013694,0.7342621242314895,1.542962790546638,1.0039175389769726,1.8994089973460684,1.0,9.236644253903977,4.530577438890286
10,-0.48343568472185083,-0.4037089272953689,-0.9495707528726973,0.1113497828622827,0.3302199173977348,0.0,-2.2458188354917548,1.0796266615138521
10,1.4705218338409427,1.3408010503109713,1.3229748636867855,0.918923885632432,0.7890945295353564,0.0,6.726240165228404,6.138127863198665
10,0.827865334583079,-0.25951645661859635,-0.46398524735060054,0.9214756205703545,1.5338544789429616,1.0,5.61234027386804,2.959278330435429
10,0.19007037854595654,0.20362902040853292,1.2566651581272517,-0.04773448658271473,0.592024351514969,1.0,2.521596538882045,2.445021328710588
10,2.313215191459538,1.7281338407465798,1.9920669306169332,0.3708871968873285,1.598119873061929,1.0,17.4072478896608,8.589836671782782
10,-0.5471733365140043,0.7620988468092387,1.0505473969078163,1.3656994053311469,1.0742446435557158,1.0,6.67691419249959,2.9328044578599197
10,-0.06711385468471409,0.8778039731262448,0.09010318013630336,0.028005326066652847,-0.4757744425013486,0.0,-0.18113992587306266,2.1635427368070372
10,1.321093670835046,1.1453491875434672,2.809162288026159,1.042123844838661,1.9859556535839726,1.0,13.730050481537086,5.719703877668849
10,0.734112529021689,0.06028246589191233,0.001262321291210955,0.026766201816651236,1.5442792250914605,0.0,-0.41833426548008656,3.227604688320622
10,-0.3947359617398676,-0.4811030022191254,-0.6647809417341177,-0.19925858502690574,-0.057171493435806076,0.0,-1.9686006585861866,1.0784356023492023
10,1.5464552189959524,1.6115970191426374,1.3535954679857238,1.7611945650172878,2.2499235505568507,0.0,9.741824549610596,7.969142628985425
10,0.8196308656396325,1.0503257269012756,1.0762406173703514,0.9090492386781309,0.026223210864210533,1.0,8.525233912072883,4.276254857065582
10,1.1484016991354153,1.1260061719565286,1.6861220596617383,1.6101843673125227,2.1920273307479476,1.0,15.384455209822185,6.059407951887398
10,0.6619006833799195,0.3094123391538425,-0.5976975303509469,-1.1166788078537464,0.6168874623095569,0.0,1.976479252045706,1.968345810267647
10,-0.2883037636958288,0.6854720677203863,0.6619755868834178,1.0048369453797197,-0.035625575404766074,0.0,2.4085235091372175,2.6053328784368013
10,1.755504975619592,0.44399862202262674,0.8700629328281513,1.0934394354672246,1.4666032972911172,1.0,11.633933036524052,5.239024866324777
10,-0.14639560100776428,0.48289069237995685,-0.23110844486292148,-0.37082122751986857,1.1454983900309448,0.0,0.21430273275972256,2.3427519277728983
10,0.32762597913094815,0.6044228804861143,0.9236637503582577,1.1030975731674861,1.294325374109604,0.0,3.156911272415289,3.92749362812112
10,0.43376554588232596,0.8432851250598601,0.27748448752329014,0.6922689152063597,1.2734819669753632,1.0,6.019199681658209,4.087678625906073
10,-0.6796806374626363,-0.1745399948735049,0.5769928123879874,-0.7394182559530353,-0.01956709988782057,1.0,1.079774492342187,1.4386317431717757
10,-0.44680812484549337,-1.1705350147662203,-0.5962613692248453,0.01568708779768646,0.34091924253409434,0.0,-0.5219496189260662,1.4219462974814796
10,1.1508301842267792,2.424110874323172,1.969517202936114,1.1042054621777389,1.8892589923838359,1.0,19.35934685782824,7.670461449145089
10,1.9030990133665109,1.4973945810662301,2.378780588563779,3.4691675355028324,2.075416227660626,1.0,30.8333589566819,8.78872326742929
10,0.8589333879748068,0.6232772155708456,0.8632281346682291,1.2514821691879676,1.5852043874796884,1.0,10.818109044957364,4.776403912946543
10,1.787467788160774,1.5095634294305842,2.4453265396591424,2.0593939443608638,2.3203248049306966,1.0,21.481183429221385,7.992091972093036
10,1.183596810125943,1.343694174251862,0.2348550265968663,0.8343175378583374,1.0501791626731758,1.0,10.385926743067145,5.886261581335132
10,0.2609566092601172,1.4957043820816185,1.09838482509274,-0.38801067880251106,0.4193146292334693,1.0,6.208421805706256,3.2885238123326967
10,1.1915898979033566,1.0347522837837297,-0.04960897450618651,0.9692445631205057,1.3936895861573368,1.0,7.86191400878065,5.501603773587378
10,2.918021666103754,1.773045954428878,2.2425115936099624,2.6784964625569647,2.8787066321097527,1.0,30.031772613240555,11.796848128269732
10,0.13192574095375398,0.45518741281764674,1.1431901557240907,0.9504948639812807,0.2817869425741699,0.0,3.6729090385014636,2.956037196313213
10,0.19248044624225102,1.5128086013701822,0.40294953112359866,1.499885860450104,1.8191725184947196,1.0,11.321486634133104,4.924742941168994
10,1.7216377901985087,1.5790106536803772,0.4865628510727116,-0.10720972881021562,1.2498441319225269,1.0,11.968973918302709,7.067352516294006
10,-0.32689288654128834,0.2750376734339465,0.06939462454660583,1.605594287853053,-0.5180999031069353,0.0,3.9985469128475364,2.4602021982589197
10,0.03723230820368151,1.1861760232929235,0.718841502116965,0.7102885729690485,0.6050985506024125,1.0,6.847834615600714,3.4255516700864836
10,2.391246311101088,1.121462582457964,1.452772487774161,1.536560086410013,3.316469985423717,1.0,17.446451736423786,8.708699015053107
10,1.1230249953610583,-0.6770427070965046,0.8450487078655253,0.3748584445920988,0.03945755685493024,0.0,2.6724139284578516,1.7560324654154842
10,1.4048710032663219,0.3380281911121047,0.7807761058701821,2.6353474948397206,1.2727427665175717,1.0,17.745709773206347,5.401136289458432
10,-0.6106779584908921,-0.44614123522267124,1.03451878317703,0.6313460805728075,1.6785672847470816,0.0,1.8666687980296235,2.9271947498825477
10,0.7018251880239039,3.409260009726097,-0.04371034872452162,1.8443359580251353,2.063210463139357,1.0,15.919420422008656,8.379210037239703
10,-0.5344770458905135,0.3666033670503036,0.06605177871946422,0.1271822015532985,0.36321986154441,1.0,0.2999806038253028,1.9961683711005376
10,2.151774041133857,1.0093142547216651,1.7776645354876668,0.7405147229133515,1.187739093280472,1.0,12.538714985264242,6.399923642587449
10,0.9320196063529528,1.322157214413458,0.4674308269549271,0.8165444657554706,1.5452082317454536,1.0,10.105613166843215,5.666685506814111
10,0.2977581396693485,1.2521878623739902,0.7358105012605319,1.997807034895649,1.2967458124348252,1.0,12.736369452554245,4.904290801802226
10,1.2257279914661838,1.9961497935287864,1.5836987032413745,0.8867886112819746,1.1070376324182682,1.0,14.986328123262545,6.833536024585783
10,2.2682613791832287,0.8985305447500429,0.2279836029500919,0.45529644875314446,-0.2656125701472343,0.0,2.1465671260044354,5.804455943923871
10,0.44800008898496246,2.191276666444516,1.7187493988334328,1.635311607755575,0.7110667354193013,1.0,13.907727523943244,5.1864805126230245
10,0.8626433061370585,0.100773296137873,0.4095285461591025,0.7437776591141289,-1.0643270536630811,1.0,4.884642435688384,2.5304379330779483
10,-1.0236341784878777,0.16651783882739268,-0.3811360965476953,-1.0006308711386582,-1.263361055489625,0.0,-2.2478275933247804,0.006667102311712525
11,0.9138197516884475,1.3810810202545711,0.7178258383087619,1.3097076249206958,1.245511276941867,0.0,6.807868964533037,5.799269431068607
11,1.035308157026744,0.9096911429851208,1.7573713119187782,1.64349528856137,1.304675577023379,1.0,13.898696424133913,5.081586984751529
11,2.2807312894730427,0.9949929511929934,-0.3192720600339043,1.8696371950393758,-0.6478311390543461,0.0,4.491592035338967,6.307904827034957
11,1.0357806177468012,0.6737222177617642,0.29772040594734683,0.35485707847628567,0.06333891059508079,0.0,1.8678798384572042,3.866545702588973
11,1.6031234873145106,1.490797149668929,1.4640785998788177,1.2018921826749063,0.7935748967667303,0.0,6.8335950008061115,6.7731803636181915
11,0.32392436853591167,0.39579300094372416,-0.03533166142157573,-0.20351080543487465,0.5899154713387159,0.0,1.4291195040017888,2.662978086660413
11,1.59792321650308,1.2296391913612743,1.337788761576127,-0.38232275145529093,0.3332347477953621,0.0,5.592398067375608,5.253905447914592
11,0.8557690401856207,-0.3317070516127629,-0.28750489787404265,0.4393081187725131,0.41001226214270114,0.0,1.178716783206317,2.2180284826140753
11,-0.10314237561960415,0.04339134471538231,0.4334203172550226,-0.04330730013623274,0.46832588992893653,0.0,1.7137686923062807,2.302403056958129
11,0.7609151073154717,2.2203996658581078,0.5897864772006048,1.7017552209405147,0.9834752589325283,1.0,14.004572468515494,6.648760971073504
11,0.6307069598131843,1.3320058109330672,0.7323521731485787,-0.3092001379853826,0.37576837826896836,0.0,3.200453846679455,3.9645256770793824
11,2.432220635567508,1.718720136458417,2.1568359332290434,0.7798744054187182,0.7531181553580756,1.0,16.635933268427205,8.54762539945605
11,1.7871005340335029,1.2731987923818668,0.5669927825042458,0.9542828369722078,1.2704665016043868,0.0,4.745251144607864,7.044874922396431
11,2.944619234994471,3.043727113568394,2.5251181168379375,3.9218730107731234,3.244866510976479,1.0,47.014747366704995,16.98679758553739
11,1.6510768878944142,2.8809803357717376,2.059977454750408,1.7376311035559677,2.6027800261699907,1.0,26.596451881916522,10.75303973819163
11,2.8866866983834676,2.665280623773829,3.1143633784053426,2.9241020967093565,2.400751223267571,1.0,40.95233165999672,14.68979282818584
11,-2.3184164022579945,-1.570662600164484,-0.2192758615439987,-0.6570278644586329,-0.15889127763544653,1.0,1.2289752122444886,3.155368153514522
11,1.9387296815107589,1.9434029903059353,1.7605782952824123,1.7067851819785276,2.3576424509868854,1.0,22.92496527349985,9.432657577854556
11,2.1020014473434125,1.2335243947793941,1.781723201986118,1.6250315937949231,0.9960411726001382,0.0,8.041557025376502,7.252664645647974
11,-0.13815324665713868,1.4349984605666202,1.0630744937432608,0.13937549719535602,-1.3831364796022205,0.0,-0.7927013432965302,1.8460173904284392
11,2.5003243311263907,1.8861932872905576,1.136573162360773,2.5206437958285735,1.1421967322110684,1.0,26.70809913880542,10.729766409208555
11,0.10636202968431163,-0.2581203990464993,0.0579921687667716,-0.18832190038918006,0.11805199476969663,1.0,2.3245665121178662,1.888846662741133
11,0.40415819124510066,-0.9643422962500758,-0.6346104472736918,-1.0849198354715237,-0.45172948936963575,1.0,-0.9908085768167118,0.04983393254668156
11,0.1487823540638512,0.07750843480434333,0.3151091727004819,0.3700463239377031,-0.13957252480721882,0.0,1.2881388418033715,2.3482313174867597
11,1.2341146345346283,1.3976572153734628,1.9425603700276461,0.45031842621013685,1.1234065767779835,1.0,10.930064184897597,5.4356383008066205
11,0.4184632213040834,1.4777228346474758,0.8141923126526411,1.2459524734995706,-0.08079846954548331,1.0,9.584837447199297,4.24259478829535
11,-1.1257336567877623,0.04041563994155872,0.05815356057355281,-0.12264506509246487,-0.6847397483572706,0.0,-2.940838945655785,1.0355376771726905
11,1.8041041269961346,1.684807703791746,2.4882712714260276,2.382454923500026,2.125971395388876,1.0,25.06052784446848,8.488303886272817
11,2.705984046183927,1.3536619332122501,1.9686351683305081,1.3817040984885796,1.0449153616008495,0.0,7.83109482050555,8.503011023421587
11,1.4352570111045133,2.2007436369356173,2.508236018492682,2.1966744099614672,2.2196734789938315,1.0,25.719257796063665,8.632879596264047
11,1.1117023242386779,1.638042745545707,1.3763242977204104,1.2631573675578647,1.1072976212344967,0.0,8.542797277377359,6.262526648907937
11,3.232123645200695,3.4507473761712744,2.2223119929034647,3.4668250694391762,3.3182378089671296,1.0,45.213178748067506,19.391972827101412
11,0.9525449783216163,1.1965342565068227,-0.1578495162457998,-0.19880095930958097,1.1061872508828534,0.0,0.4207141126725118,4.576628314074864
11,2.333308728569878,3.2439293555288353,2.8289935320402186,2.8152234743255846,2.717283888723073,1.0,37.830607465329294,14.586920700121643
11,2.790255701962144,2.1683563751823955,1.7327406887577026,2.113102119893739,2.7847111564769893,1.0,26.87941355758961,12.683614329446526
11,2.7575971875799556,0.9579734317109312,0.9941653932863205,1.634743593085052,0.784487999272395,0.0,6.43016665596109,7.751391377167833
11,0.6330752683338479,1.276217727309748,0.02414154830150872,1.5081806418220363,0.06072312489089671,0.0,4.367113462267181,4.558819642473603
11,2.340800156580847,3.1050338578666943,1.10929465293151,2.2322519623898667,1.9455470087118816,1.0,28.88836569848712,14.080020744442336
11,-0.7700553410766005,-1.101831033285226,-1.2223389774438234,-1.8800720085440181,-0.5160497812890146,1.0,1.4676818889597674,-0.555254422577999
11,-0.6337439123459778,0.04996752645294278,0.41980322406709003,-1.9655484563175705,-1.4480420614537701,0.0,1.3873630181077568,0.09272070457441084
11,1.1683842540853187,2.2396001664726177,1.7237315651092704,1.9930137066434965,1.4527700883507322,0.0,14.34364791758628,7.7531236969768855
11,0.39219594188356643,0.2439151963650612,0.8293703318644275,0.874408307450129,1.072922639404944,0.0,1.3772233596718098,3.4774090367853363
11,0.40900629386226783,-0.14023283753907045,0.43604108447824164,-0.5411534303769316,1.5005552021785113,1.0,5.905071845339241,2.6811828702339935
11,0.6352673727118399,-0.4210706131569124,0.6881887263083919,-0.022894319827783338,-0.7877365966384291,0.0,0.055420377283659394,1.5507825548529506
11,-1.2510275598058254,0.014045629748297817,0.33730434442346635,-1.158169892357921,0.005140758331554363,0.0,-0.39224055405622654,0.8997253757499633
11,1.9102892624704406,3.092642475428709,2.2822211114072415,2.5541906579633586,1.2870403257613177,1.0,33.610700194566256,11.818120018614348
11,0.9523628329875953,0.017134053994699472,0.4309218438286919,0.6928010046117123,0.7343433770524768,0.0,1.625409427666988,3.338680466175552
11,0.43585348526850687,0.892793490586188,0.5988846147240398,0.37095006222430527,-1.2840494887224927,1.0,3.6539862048329965,2.7223081318239055
11,-0.5605821465411001,-0.6359245398145206,-1.2659388935998748,1.0471429721619885,-1.168813660898595,0.0,0.269509445451604,0.36458699446681697
11,2.169948550208546,1.9415186254375632,2.583452906725367,1.768349040628171,2.269866172995913,1.0,24.925912039741426,9.731321389215566
12,0.43707276625550306,0.5384291321733506,-0.49754275995462316,-0.03048327092000669,1.582100149980873,0.0,1.252730232833078,3.1288786939031934
12,2.630915110297826,2.251923645923084,0.8378605968905405,1.1054556123432944,2.207280772522549,1.0,21.851717697165018,12.11039220521366
12,1.5587770618768497,1.5010883817084713,1.5013795777912016,0.5549845328681946,-0.0016896066830685008,0.0,6.563116187053662,5.9664931238969485
12,0.06183744940059854,0.35212012579450946,0.9574957395902816,2.1046202825805,0.25287690974433885,0.0,7.015268465432717,3.46181911859476
12,1.134541998912172,1.3882109142113208,0.4341445748158328,1.2947680707568057,0.18154159429562255,1.0,9.47600274578586,5.6988173575403795
12,-0.9601929865097207,1.046553191793614,-0.44176159960916195,0.007740103463466652,-0.4180018994572159,1.0,-0.572763931307224,0.5162752950564251
12,1.2279366462158985,0.9382300177859155,2.512295386602333,2.2364921200244945,1.7972640476808968,1.0,16.756236751898125,5.699754810340835
12,1.5986725122278405,2.7027563324732737,2.0417101955033115,1.3468266870421408,1.7681295064465574,0.0,12.197038029291841,9.596169000311
12,0.9464727929300724,0.8421897725910348,0.960728991165612,1.0797465289448431,0.8350881821391889,0.0,4.801103968314195,4.702145490443552
12,1.2882642622558416,1.7909920958409558,3.0440840747456295,2.2197414291308757,3.1414747677110144,1.0,26.851777396105582,8.054299621872817
12,-0.049316000449294295,0.15760702040929286,0.2363773655926411,-0.03259161702022073,-0.6423597799892071,0.0,0.004047097812734574,1.7992786554037785
12,1.6677176989977434,2.1411538602885987,1.5994507528117432,1.5098108585360852,2.0739663353952347,0.0,12.157874088364442,9.03823943716172
12,1.6586515690841712,2.366848531824332,1.3820513226552182,2.4262574763277067,1.9530902742331862,0.0,14.376052077979889,10.006852953479683
12,1.8770606055837475,1.5496015868489394,0.3783650832807206,2.0396452301166628,0.5986828012391854,0.0,8.31572133808282,8.059643564804118
12,2.3516319981134304,1.0644740685557004,1.2947892101202445,1.3126953338823841,1.0133893182382825,0.0,8.303975149763206,7.294257318776646
12,1.7694753584790825,2.9790078706004017,1.3658018924447564,2.0250250727576615,1.408808781239089,1.0,25.1274816769846,11.248902218294145
12,-0.6141394246412695,0.3552084836527647,0.043978821619363395,0.10785731275248955,-0.5907267332276875,1.0,-0.31816439381163086,1.4319747837842682
12,1.461131984382236,1.2763263438885646,1.422508634979593,2.396840843128154,2.054675801983816,1.0,19.46136441321107,7.318367881161616
12,0.790295402538991,0.01010330424567929,1.0472740390291537,0.32315844822444784,0.45518091496676305,1.0,4.494997923224983,2.8209244075297244
12,0.48416144070728406,0.3044018929963366,0.189063683807295,0.7110995839313852,0.6668514624358902,1.0,7.185882312610577,3.3073493272835224
12,0.44065564264884416,0.7101382228412448,0.5448274733294685,1.0397553641600232,0.5263016625976176,1.0,7.472101495427432,3.798982316744776
12,2.525884800735875,1.9996495110325363,1.1862755359916548,2.3436197889842134,2.0156618485193025,1.0,26.381826774896414,11.461545012657847
12,0.29129828035086547,-0.7001807905432984,-0.4134526688869393,-0.32921858401348136,1.1388866399491788,0.0,0.7445822956399959,1.7054440712767422
12,1.6102226833394377,2.0784030166710865,2.7845442340699686,2.6099943520150237,2.349313798730522,1.0,29.117276311193535,9.125998213741894
12,1.2672995980198434,-0.4868952883041533,0.6160591437127458,0.27673417920010723,0.8904297756421161,0.0,0.622065043588051,2.480933407891177
12,0.5976362954346579,1.8129273539023174,1.5184694343651084,2.053057405464103,0.941657191959728,0.0,11.257130233202567,5.597648044530707
12,2.447030100282179,0.5673420079300848,1.3751629823653573,1.7659769559325615,1.332901477176602,1.0,13.332882799295467,6.326897569538029
12,0.3868199920298875,1.6380421899230657,1.0997406386088104,0.2505181763058688,0.17786673262190245,1.0,7.416688144764887,3.86394858254283
12,3.8423880872763125,3.832608377094059,3.7965741819719474,2.8037130733263353,2.7723763565467188,1.0,53.488355574719854,23.457139629326186
12,1.347625320221535,1.6134987320246732,0.47593506950116526,0.9605620064050754,0.44309788744412393,1.0,11.700819564743018,6.483615942893168
12,1.2660922369533238,0.5674209499799081,2.2728069403549536,0.3877940075657439,1.6247290719855971,1.0,9.925302360896104,4.132074677145474
12,1.7865786707238156,2.6451136424124835,2.953814390113897,1.8854654604820438,2.718663470975374,1.0,28.923729840897906,10.738100026692612
12,2.7536952261898193,0.1630450437394646,1.4709193942720975,-0.23761366805848927,0.28751169034651003,1.0,6.6528665734226635,3.767466165082669
12,2.008415388492525,3.0978056853843787,2.480711453124358,1.8772423655630694,2.0599646980455386,1.0,28.433436027926405,12.19429875839869
12,0.3449453553455182,1.1247514938504362,-0.24178212805508092,1.116915006282688,0.08142676388339798,0.0,1.3279985095257483,3.5720188654572818
12,0.0963686508050815,0.571131062367666,-0.3391627857741788,-1.0897074786163947,-0.8940609028892352,0.0,-0.43332778104862535,1.1703569380917203
12,-0.314472159321306,-0.3395102975133639,-0.6298937404199951,0.970743094558254,0.708873054797249,0.0,1.019156920376876,2.1127266184460813
12,1.629676080319435,1.9120803533452557,0.264693025357144,1.2396150628172105,2.489427686053866,1.0,15.358461631353002,8.848990574354083
12,-0.7673256800703416,-0.8651522318328755,0.5482556173691043,-0.13385831213502275,0.09189741114666028,0.0,-1.5843004513392194,1.9541969179543004
12,2.286896381582624,2.200943487094335,1.674799205678009,1.7909158361472843,2.1176142979471706,1.0,22.02803203845987,10.965098813572578
12,1.158988484197843,1.1250420464657462,0.9319250885386565,0.2722721603844327,0.859183394144551,1.0,9.080085578161455,5.073906049061873
12,1.7838497039854992,0.1113462983812451,2.177668109570109,1.0931498144188603,1.7570208639776,0.0,5.361820850099134,4.08984183230388
12,1.6842966501712435,1.5471436504336238,-0.4203977917223929,1.182349440504125,-0.5987455268166617,0.0,3.8150052915861687,6.216098743384872
12,1.0934657221902366,1.6262542168701482,1.855899565086899,1.870210946852099,2.1654989872201877,1.0,19.366820871199668,6.802661437197889
12,0.6475993200349892,-0.27650192793356965,0.40016236074232314,-0.18702876460670126,0.4566090711614609,1.0,3.965165697261309,2.2623553247930897
12,1.396542410414375,0.6372372700775999,1.84353837582021,1.0538260604455545,0.46262610848575547,0.0,5.78654381887488,4.317440848111553
12,0.006906664329338397,-0.6597929975517691,-0.28703649094110206,0.2933354562587537,0.7623663535855609,0.0,0.6329679200309092,2.012419612530572
12,1.9829824128115097,3.5048864899751098,1.1142810671857608,1.9057260187387166,2.30422406139171,0.0,14.344700913057054,13.797001201006966
12,0.5504466851814265,0.705721849849619,-0.3106713807730883,-0.9763404366484694,0.5813178104940792,1.0,3.2364561070371263,2.615828061726347
12,1.4187730478631788,0.32556821920037826,1.118099365225717,-0.42914163595299115,-0.35242080586341085,0.0,2.0611731402371385,2.939738930394078
13,0.20236340925302154,0.3259907309025677,0.01494276901469438,-0.0958359690219468,1.2580041533458195,0.0,0.9636333010063186,2.9185895013418435
13,0.7321780194095733,0.4241982443622013,1.0363673467757797,-0.30911630468936435,0.8479995958383368,1.0,5.608779288215652,3.1857518070011905
13,-0.5972221388244912,-0.16253544428087374,0.8976683068061921,0.5095585720684976,1.1554533270160954,1.0,2.4290744187459383,2.6219658319186188
13,1.5777778131720974,1.1135974836375986,1.1100378535025706,1.9988043514375695,1.6648532009258554,1.0,18.389337270812085,6.934172364916166
13,1.4084254082902352,1.2476830716962373,1.1320790157905067,1.472784729412064,0.33010325966972975,1.0,12.66390889083654,5.977584882084884
13,0.7832524678328983,-0.0367753820745218,-0.1392462190343493,-0.2515236166068968,0.8182853027429162,0.0,1.6087244444821942,2.5485127674977464
13,-1.288725194701878,0.5634179631482826,-0.8739926847573989,-1.889752928797379,-1.891183639127167,0.0,0.6141696914393868,-1.774439475277441
13,2.538651826358581,0.37000253039722253,2.859560093860384,1.0037434700205519,2.090065567049906,0.0,6.791659295178168,5.409827599261286
13,1.783801226617007,0.24393470802206307,0.3734532930252423,0.8916998517714899,0.9820488122045452,1.0,6.5078410778334,4.5036730021386076
13,1.8712769990075095,1.2573612031181791,2.3048423371132465,0.8773181511809185,2.052816889065306,0.0,9.032850918835555,6.8647997368704905
13,0.12888389797375843,0.8676020358921859,0.353225367806411,0.46164679327956326,0.4963959099956786,1.0,5.975885745185401,3.2039587918236947
13,2.2829916695881294,1.176289577206377,2.6429695516956384,1.5361309196938882,3.072263766064801,1.0,20.62144419858681,8.162540197993742
13,1.3130043336474353,0.46878244268629565,2.0908012487882575,0.3371906197085909,0.4695612431111751,1.0,8.412396965312386,3.4582989135178552
13,0.17719058506841623,0.9119353409544245,0.309689198431246,1.1110796220184094,0.17316190956019162,1.0,7.032621366699277,3.4555430212150036
13,0.7724795009724981,0.8572639175539475,0.913014951513545,-0.5910662126870048,1.2399582628177064,1.0,7.6272185754786515,3.8694066614675378
13,0.2867609426591802,1.281577047509785,1.38061829709901,1.0709895540073633,2.4300911984083893,1.0,12.050211584542467,4.781558479974152
13,0.6451528819597072,2.017980937678157,0.025340228883535376,-0.567399064856545,0.046395641756087014,1.0,6.287635370823627,4.385320483973289
13,1.3398008557451027,1.0660665866887205,2.486607065753614,1.7939256471319815,1.1354672637310852,0.0,10.914425924336465,5.546193927329956
13,0.6724642826628626,1.579249964576993,-0.07576299880549442,0.8917233751755295,1.9031231780188749,0.0,3.4828789196948575,5.544519451964325
13,-0.40096582674716186,-0.6659763778181511,-0.5485916823985375,0.10560654242060052,-1.758307750144306,0.0,-1.1113153853054643,0.4861760075921726
13,1.5518891599417157,2.0227065084838127,0.8973717749473071,1.247237342015253,1.0072449838772592,0.0,7.806618199160278,8.125907767296091
13,0.43949677874542736,0.9571448073841783,0.6831359296626363,0.230400690442498,0.3045923125968216,0.0,2.5930243145588117,3.5036443669979196
13,1.9944530295535214,0.9467291794272178,1.2981726017877824,0.8795952934801283,1.4884164781643223,0.0,5.719880990500788,6.461149356791246
13,0.4425388691005723,0.47302466443880153,1.8035040577471806,1.4241379737633988,1.0061873584634562,1.0,10.248871966882488,3.553415150608694
13,1.8926818293440233,1.5700027449326426,1.597169822930213,2.2984306835406514,1.8032171639470453,0.0,13.369696561821986,8.525896350857096
13,3.593042488382207,3.024945354343729,2.2584158814482285,1.2534835038636338,2.843576339881773,1.0,32.51462773986842,17.720789495657375
13,2.869600956678217,1.5242500210814445,1.676951840896487,2.998448011427353,2.5071925140850206,0.0,17.731060491159738,11.056254742012959
13,-1.0561614379517041,0.6261466679041736,0.29382223630700743,1.818028890999709,0.06570686733984155,0.0,3.8169820904385787,2.169603548635488
13,1.532602569130344,0.17886107064625267,0.581807509370464,0.01967559423439902,-0.1605988510790184,1.0,5.706151269768746,3.185767608195583
13,0.16586861288851662,-0.40844161810940083,-0.673397244644586,-0.7762534314511818,-0.04834410144651513,0.0,-0.027934350734611563,0.8436759694518343
13,-0.6307878654242423,-0.5242206013709063,0.14759630057735373,-0.523225869954717,-0.22697891344302223,0.0,-3.7947640005660546,1.4409909448402778
13,0.673950404366466,2.394289041207222,1.7768153135235236,2.1580263651939346,0.7149984966533679,1.0,20.63019716916133,6.26810717376753
13,1.3775920704966524,1.6949588861802891,1.1038912062470618,1.1302212373290113,2.301039942854529,1.0,15.876258191587599,7.588938417448363
13,2.1920824736775817,1.1784368811540782,1.6506117314376476,2.3665417860012044,0.6350488161539992,0.0,11.484473967914555,7.514860990083809
13,1.7531559309709772,1.9796582346294282,2.092523712655133,1.4618159507114807,0.9704464245065858,1.0,20.062746254963802,8.101071247705136
13,-0.11511758062824184,0.8352943405012001,2.6734324303320003,0.8077500184117825,1.7043897472398581,0.0,5.839114637774863,2.9643174258374865
13,0.23569969829387294,0.998938596499009,1.1094398971154626,2.043294684093369,1.4806645646627612,1.0,12.817045779406252,4.614631376525614
13,0.9884435008846039,0.6684888122395907,1.5210545196268324,2.1628763888642384,1.0448593200380898,1.0,14.547826911752924,4.90334599014849
13,1.0753833601282532,1.4631160614994436,1.6700312691045582,1.490647646091538,0.8576801684290498,1.0,12.500642518967117,5.7527677671836965
13,1.8051070421763367,0.9246353606829735,0.9426664867658345,1.4318070576649031,1.8065858949281637,1.0,15.447390021364937,6.712099309978775
13,1.2937402381254381,0.23599896976200962,1.1419628137256477,0.3789848199168774,0.864631648116004,0.0,4.148009399270153,3.6787908305461188
13,0.5849883331276728,0.6690918970605717,0.42931269406338124,1.1445856150861669,0.9596509437430009,0.0,3.971603019961214,4.1944777478478255
13,0.6140983866729872,1.5154652260307848,0.8317239877082572,2.574641986081292,1.6277580501808047,1.0,17.644976908052556,6.1860911418794835
13,-0.051464771978584345,0.26955069079792626,0.2616491636877153,0.04444017913803999,-0.004763622102782694,0.0,0.5625193464533984,2.211798151183406
13,1.4086942634804265,1.904732298702287,1.0509569801448182,0.6470124599384808,1.6156342853241932,0.0,8.523917532159578,7.493441319816782
13,2.0018761087591956,1.6270678421467357,0.8123993495259902,2.146688079685569,1.79912627227558,1.0,21.940509825381607,9.138525698572828
13,0.5553581094617551,0.8205023375240219,0.4795056447490994,0.6281111923022065,0.9252130306173,0.0,2.238975821352048,4.047240881648592
13,0.31038488278349696,0.7858939249902771,1.0500947565350855,1.0995288657600442,1.1501661851878024,1.0,7.1806932115287925,3.939452753055467
13,2.290759723134782,2.0710717468843383,0.09081059628068944,2.28645752219224,1.7794225568217388,1.0,21.919919217018137,10.999468364740723
13,0.6684293025154098,1.218585091928264,1.0093755699449416,2.12132270381718,-0.018189678894911188,0.0,8.870022907675313,4.846688882614407
14,2.1593530018815827,0.8353704090852312,1.819121717012728,1.3523823110045234,1.1394969152665595,0.0,10.008648603429089,6.210940714772731
14,-0.4101026904272167,-0.22511562669116425,-0.32222202276089384,0.8609064337431336,-0.17858714898352868,0.0,-1.3079025059729663,1.9032940978340758
14,1.304781707690546,2.2107193235715075,2.853917625771172,2.882494851844551,2.895410927848971,1.0,30.656018166425714,8.999262236605562
14,2.474710857855105,1.1595742724864477,1.9026326743530948,2.3994776276481495,0.23150303214102053,1.0,19.452755048544745,7.627780531251906
14,0.6283013092782739,0.8894707708736509,0.45193042160574615,0.1222534863225111,-1.746846030534034,0.0,1.8478019285446288,2.631016386917167
14,1.6850841541473516,2.1617545154419346,2.3354975571528227,1.8327879658068609,2.888663896890958,1.0,23.999844166280642,9.402310883338846
14,2.104601780316555,1.9150865805555322,1.5439532812891463,1.2388685754192843,0.9941717956446505,1.0,19.26794430364838,8.955675455509978
14,1.7362427660194313,2.60801060433416,0.8427034045901268,1.9792254585411204,0.9497705492580516,1.0,22.7620079278566,10.251563254473458
14,0.5550185751075707,1.2879703327793954,1.7847205798179053,1.4956079303006848,1.8009838489389791,1.0,14.502673608195266,4.964701766697662
14,1.0627057591775124,0.4603459546131299,-0.40120765833376404,1.721274884846271,1.1048975557189324,0.0,3.9856280350024766,4.383810583347877
14,0.8860091493121663,0.48352789353465897,0.2757536808022574,-0.2981252542510793,-0.769974563819861,0.0,2.493907343088951,2.67922585499727
14,3.2814460886666854,2.2752515101098982,2.1026906695606877,2.5960136425151896,2.824088117277006,1.0,31.360979217003543,14.498693297149877
14,-1.0576699685095465,-0.7009977463602604,-1.0128916902383427,-0.8604018535101903,-1.3981310928372284,0.0,-2.158478697016781,-0.2442121856753885
14,0.48937296383720474,0.07670293734098221,0.26584961483916913,0.3708083044119407,-0.08027539775784875,1.0,3.2998475011829713,2.5636351857009076
14,1.3459428061788659,0.3533154563860951,0.3702139031091154,1.037636465003511,2.0389399168236038,0.0,3.8021904986266293,4.980816644197581
14,2.2476377762872506,0.67512251107457,2.6142193284453126,1.3021670106265015,2.1869995659908685,0.0,9.180657088547838,6.166371991454367
14,0.7784274288906421,0.37769633443462713,0.8600648672771118,1.2920537347591228,1.6702519143522288,0.0,4.2353028520919125,4.435644633980134
14,2.4737966529657727,2.5824949184615744,2.017236205856255,2.033747539237978,2.258264471720717,1.0,29.253915766641256,12.63958009588671
14,0.5142976725332559,1.768253119927953,0.31355761703973084,1.4117897225475549,1.4336558732151556,1.0,11.380933196359916,5.581427730367615
14,1.902913485129798,2.709487820203927,1.0311162225731572,2.65499270641263,1.7696807258355542,1.0,27.7401623885378,11.703877978903556
14,1.9732804690649903,1.3987981930547169,1.9001221475264383,2.0727593260903134,2.324153591651526,1.0,20.878770980130316,8.271372865545812
14,0.9544351467550755,0.6731159904060217,1.6643919290266815,0.17209947913395063,0.10663222144569096,0.0,4.502232784221929,3.3343239321089517
14,1.589391150603809,2.8429659081780874,1.8299298704486302,1.8525827836496676,1.5217840779733647,1.0,24.25287527903193,10.080668630587118
14,0.019514938930907944,0.38984916221405175,-0.5219836147321559,1.6440673876320169,-0.6401483006933759,0.0,4.803687539115764,2.3200895235156644
14,2.0019120325551496,1.925763191636217,1.4320388486366007,3.182780298941848,2.8342256372694967,1.0,30.01914197840814,10.68188115194799
14,1.2935055502733848,1.7806262388616694,0.7288756931651839,2.134534133439761,1.7401916148653394,1.0,18.362414684042005,7.888040235533427
14,1.4237076631513759,1.1733234884687107,1.4539035990570661,0.5958170016901709,1.0591221281286716,1.0,10.542697178731128,5.640033289735076
14,1.3850927726071542,0.6124218671760358,1.0001419134974243,-0.05717936537273616,1.1770525854457679,1.0,8.894708886973497,4.447208873026341
14,1.088470887626258,-0.15395907490044602,0.7062199370077495,1.0927996023846787,1.3088221140708964,0.0,3.5027237745791013,3.614417186954074
14,2.2270653790194075,2.5241619314198487,2.342905755157979,2.003163329402824,2.705093386082495,1.0,28.038435198017915,11.825020469204016
14,0.6353330673621945,-0.548725339382204,-0.5847092316196256,-0.7836333447917736,-0.44934286625480024,0.0,0.5293420557971931,0.6197104024090422
14,0.7449231630600903,0.03935695307381448,1.393529052746133,0.4355310782644545,0.6676613255858024,0.0,1.4511049407938723,2.846159025440854
14,1.7272398387830663,0.4591678672072447,0.29198629574685386,1.1443073739883989,-0.05553811393520647,1.0,7.085812669405572,4.534348663709159
14,2.8731452428201996,2.2332041713077535,0.5779478636729987,2.98161221724836,2.643427924281924,1.0,30.511098749327004,13.908574158377618
14,1.7764600417591399,0.04672707783173269,0.6500527704544785,0.9716058360496858,0.7097347747822079,0.0,3.9924796778811245,3.9563508985538247
14,1.6459971200430683,-0.058090917698750744,0.8074760594105792,-0.03811251633670354,0.6541331152096503,0.0,3.1362925095381082,3.101408239743256
14,0.10857785369872142,1.5214620675609623,2.2090494118992123,1.5350116831356186,2.211737011800574,1.0,13.411726012473999,4.3623227620133935
14,1.17913892220378,1.2233663615514905,0.7758430834310112,1.1763403361095222,1.0360378856980728,1.0,11.785819245257002,5.85171304871187
14,1.5670813606620357,1.829367737510525,0.4887064171051032,0.7387592918546351,2.2643357702568254,1.0,12.716060601840715,8.193834285754253
14,-0.259534763642858,0.45464512666095847,0.7263365920756065,0.7861058361878206,0.2572842152298427,0.0,1.4003724695734865,2.612034699829792
14,1.395472031986057,1.4726918532669355,0.8329767378585875,0.7999270167729621,0.813023543427046,0.0,6.411777850877314,6.3848220296652585
14,1.2558643186183032,0.4300727476333769,1.09217837536595,2.17040995161823,2.0813220529793717,0.0,8.683032795878644,5.515589606124188
14,0.5886806946690407,1.2223155332974707,1.1119846640499773,0.7037784795334953,0.2567759453862737,0.0,4.304363669673125,4.104204196905648
14,1.4803594088941547,0.6996029858330456,0.6457513480330955,1.159310904327183,1.0915877801943457,0.0,6.645190927726266,5.3726179083750445
14,1.1136116312377522,1.4765184357357575,1.380430739822727,0.6372906179345812,1.8527175668038645,0.0,7.656765680319642,6.063770489842272
14,0.34574727503736624,0.3458234304278658,0.18458195161645352,1.9363984404961827,-0.0945013238862471,1.0,9.345026919509792,3.4616054588481555
14,0.4427803258102001,1.520032205234937,0.6438264796053941,0.4112088782375952,1.1887526726402566,0.0,4.027208528509381,4.576145371009827
14,0.6264594042684053,1.629253593139857,-0.023470544732603793,1.5344316365482826,1.5046681037299923,1.0,10.191785899083216,5.656056911246177
14,-0.6293517219234626,1.4705719217302062,-1.2896693768696106,0.09787338685541314,-0.6098977035567581,1.0,-4.611620720055427,-0.12830518383409129
14,1.0414048101107236,0.51894727741567,0.2825668264329382,0.25811484942000107,0.41310181799139367,0.0,3.815744173704465,3.7578448976837944
15,0.9099964389389894,0.4955461486313064,1.5348408723354265,1.701415166027992,1.8079266502178966,1.0,12.09237560973766,4.711755576450263
15,0.7246463529212548,1.2597232780585466,0.5195452664499225,0.7218891626549362,-0.12382577777447623,0.0,3.4597017391075857,4.33188805830418
15,0.07280396530924949,0.66442657716384,0.6021619976536303,0.9721985055853756,1.0053063361485208,0.0,2.4060490589181325,3.530934511657677
15,2.19532323657973,1.5601990899876022,1.4112870675154947,1.307240707727312,0.39079726686266936,1.0,15.346375098072869,8.01639871509797
15,1.2065567923400002,1.0669834773361377,0.9517525949715459,0.8914830331383328,0.40276240164727606,1.0,10.200393261186077,5.127401920535831
15,0.29828572264134756,-0.46487709980566927,0.7424923810236639,-0.6471583248645272,0.24548711831952175,1.0,2.2666908826366057,1.6852343814077764
15,-0.5575706868187111,-0.7716631549814401,-0.5312313693947033,-1.2397018406772413,0.7858840102608247,0.0,-0.18944312821494702,1.1352991527733627
15,2.3825619284841077,1.668791332979544,2.8400992815733477,0.6660011171670966,1.2648302631137542,1.0,19.525566879312358,8.432246555793917
15,1.9957495387030417,1.346613542704752,0.6727409879063633,1.7201021340406444,2.1305690108886637,1.0,18.69372801686807,8.4025075722877
15,0.7535643682052584,0.45851038541183387,1.6701364631856188,-1.298538386731443,0.3149791800515892,0.0,5.651038831621785,2.19566626603985
15,1.9974988587638385,1.8748708964341887,1.226533145813752,1.5662090752209945,0.8173077017345362,1.0,18.81316144219236,8.823765498155488
15,1.8114807522789396,1.275233794323897,1.3510582132892488,2.7732305545723737,0.5940367867813703,1.0,22.796146428339163,7.430555564934643
15,3.055436951163858,0.9771176810078094,1.805697229736836,2.2200888359604374,0.9705206992757774,0.0,11.149513728160791,8.267205555700018
15,1.5840576741221801,0.39645098494010356,0.4067804630817523,1.1858190744397432,2.3169107862445153,1.0,12.36219062561189,5.491410121402549
15,2.1140803803528576,2.2603704291259863,2.6395749840504696,2.3551307454476276,1.0937814230446228,1.0,28.183204519882562,10.133460303629189
15,2.397859524631241,1.3352267090292969,2.348308439996819,1.473408945249278,1.7730574200695206,0.0,10.3711884472782,8.164108029158077
15,0.5387793181277589,0.7051156537302763,1.2461373437940029,1.8693790528554244,-0.29217628282996233,1.0,11.80444660990403,3.732504876246476
15,1.4175658007818928,1.9293229129488134,2.4891830229378566,1.9916592155554156,1.6573054966508987,1.0,21.04231548816105,7.68283719140919
15,0.8279307494235064,0.7849489052226587,0.6095145896471887,1.1714744632650165,1.765880064421213,1.0,11.164473737932731,5.049683718416382
15,0.5568621480131359,1.5021196686437563,1.478196346881699,1.243269562402279,0.9881348060700654,0.0,6.72220812040219,4.813232550855506
15,-0.5260910912491488,-1.3152770732892853,-0.6529436899427967,-0.8562858241627074,0.08395596525102789,0.0,0.11853640699358581,0.8529335649169614
15,1.1374159861279844,1.1412598765275654,0.8602597820002378,1.8891539959287558,1.8838421777700534,0.0,9.496143829559562,6.406293709360191
15,2.8673820466272537,2.042331355219293,3.2691812545924686,2.139598337379131,1.9442416173861665,1.0,29.34999529526145,11.995639956656523
15,0.9836854083458635,1.0019355994843873,0.5522432065221983,1.670959841600686,0.875545578575806,0.0,6.331517658384269,5.379124129280998
15,0.1999220260613368,1.567714309170461,0.9815679741935492,0.7020336878265792,0.8678895391838903,0.0,4.369026468172529,4.028704053315855
15,1.4634109745243693,0.8126680737788381,1.4329611294775986,1.3915390052805838,0.41711606192136375,0.0,7.140265473127458,5.085514167403139
15,1.7391830168580162,0.03099863173700157,0.19975496260948222,1.0891295401871175,1.1960262393448147,1.0,8.46222247701566,4.161573719062966
15,1.3247964781071213,2.2658815308143296,1.8051473256631252,2.4986391143231534,1.1053195745411795,1.0,24.42947451255826,8.269512109943733
15,-0.6761562548918383,0.8519659473100354,-0.7280621397179325,0.0381306591201791,0.32944190475443025,0.0,-0.9811363236951256,1.0780632565967374
15,-0.6805370234595622,-2.103039882403684,-0.6785165958162791,-1.4266181730533987,-0.6929637850178896,0.0,0.4915920005975611,0.4188633890041591
15,1.327874986937883,1.6627242785278984,2.465672690273612,1.8642064996957748,1.33011935344929,1.0,20.333030806830813,6.753057145836807
15,2.1399116906459072,0.5881554758930925,1.7059578914472247,0.7507309830940102,1.7333007469450288,1.0,11.608738943642255,5.582878768914562
15,1.8836548941448945,0.2738969618534487,0.4648144295717924,0.31695872425256544,-0.06699066391581554,0.0,3.6094777938172617,3.845999289867643
15,0.9926154493486337,1.7092984186198081,1.2908201158307848,1.0201854231880998,1.4112334761472147,0.0,6.402401712307713,6.185085245340086
15,0.09592481277661669,-1.1508777444586458,-0.18012134364751287,-0.6101231926985526,0.31060646840361816,1.0,1.291725589328882,1.1061287294653184
15,0.748555511091397,0.06265522965298864,-0.04275418374916473,-0.028512560655191477,0.4893051494107472,0.0,2.1351781076317913,2.6606116694288335
15,-0.3874862219611632,1.681401683110394,1.3228074663061467,-0.17736996491380652,-0.49581120673110446,0.0,1.6791011570504946,1.5657057342964968
15,0.6974929286673212,1.4883310327586448,0.7569814277831485,0.9432414968075499,1.4331477755172548,1.0,8.801477122516769,5.424609966078892
15,2.836631055514471,2.9872782273677516,2.744303317111811,3.3546736040514453,3.5412463632494573,1.0,43.99038804422593,16.283759283891904
15,2.8670242187417383,2.254958906571342,3.187109406220058,2.4187407604932014,3.1045931016331063,0.0,23.466853354510835,13.382270702790724
15,1.8044281777164053,1.128503331874335,2.0070559070486746,0.86281342884279,1.2169734228590656,1.0,13.940523916165892,6.1236380024816
15,0.40474755534045936,1.292636773960218,1.2493214694101178,1.2692561630607708,0.15602533296730114,0.0,6.856059573563875,4.025151426424631
15,0.7042573155654138,0.6926279845608682,1.528361599857535,1.5393120058495737,1.2638209073382947,1.0,12.325182318019584,4.394400224350522
15,0.04930487357832214,-0.32457615146117313,0.8294266332530897,0.10415917763230931,0.03401397146543761,1.0,1.5134076050998089,2.0054598205449357
15,2.822130108107098,2.03998978380847,2.7183737498109544,1.9660177956929892,2.545646572727809,1.0,26.576607060450325,11.891423923683822
15,2.051418849515775,1.2051957017677184,2.1220982571412597,1.3083546618325177,1.1478647118135192,1.0,15.824621007602538,6.866030557816974
15,0.45511929361487313,1.935186417627912,1.541232582912675,0.5376237530710979,1.4681878643158401,1.0,10.328566779405676,4.878975068719828
15,1.3169102186011572,0.9039893081677851,1.6210027097462274,0.8532825366476795,1.7132145240900032,1.0,12.915312969112456,5.34448711282758
15,0.6548270319179215,0.42492752132365863,0.11301175237771965,1.0457172534776629,1.2950225170108234,0.0,3.3501155874117248,4.038628031108745
15,-0.44124701329672966,-0.395496110154981,-0.5593722400998149,-1.2020798273531117,1.3102191837746173,0.0,-2.0510103030627453,1.3781118752532533
16,0.29134244080276916,2.386701651686405,1.9401335044414978,1.0155296819452375,1.2417765415752646,0.0,8.594166565292005,4.772092009725925
16,-0.29966764837779314,0.8092270556422178,0.7179384584713049,0.12766156554194374,1.9119431985757878,0.0,3.2110314506797417,3.14421562565231
16,1.9135256243042593,0.9986412044250983,1.9309329980236845,0.4925531491303027,2.534564361121286,1.0,12.3884169106476,6.493632062502276
16,1.0607493938021273,0.8168778694073052,1.1486008222434745,1.6891910387623552,1.758681951939901,0.0,7.853406191762193,5.513317402483842
16,-0.010286828253611713,0.24103153064785676,-1.4891007815850918,0.04480738891889169,-0.2508621605516981,0.0,-2.961185384747734,0.3469198252740058
16,0.4516628994111981,1.2388778507410119,1.7345605033814093,1.3067015896046386,1.2014164052792784,0.0,7.119154118752529,4.36313161931697
16,-0.9579182532423414,0.9905631426056026,-0.8919656730884207,-0.2626761807723179,-0.4865593678073774,0.0,-2.0525433579442094,-0.12527333889091152
16,1.235877543992452,1.8159030575919926,1.5943861430559563,1.0169619912130676,2.1229917077733242,1.0,15.032149583617633,7.113706404311227
16,0.3424303093150828,0.48394793110326706,0.3283913871649563,0.08685945206435275,1.7328040367457422,0.0,1.2928695243942088,3.599497377008955
16,1.693429210207403,1.6346205138147072,1.5045872350978358,1.040665698052543,0.6364423273700172,1.0,13.617154364225387,7.089147347421756
16,0.7255331012926847,1.162596542918706,0.6723797741278159,1.3633144008019427,2.3432663639070253,0.0,6.115443888906967,5.759389008232765
16,0.20349307017523555,2.804005792951414,1.2357689320128804,1.8047173118864452,1.8112210833584772,0.0,10.853980349729039,5.828993884454155
16,-1.222184550789736,-1.7090969703158896,0.6449113120547011,-0.9157915854713987,0.501915754873156,0.0,-2.5236976850745454,2.5378619759514702
16,2.0666546586694956,1.344250702442008,2.187205828166776,2.762858337513668,2.9911650965691576,1.0,24.904969809163823,8.876060096223902
16,1.273528804803511,1.7509426942047148,0.28311522671223954,-0.04807297379030917,1.1433233481201706,0.0,2.785985455659447,6.391484372516352
16,0.8162470115676601,0.176500900100799,0.9237194745057455,0.6300506180982421,0.5267046461787126,0.0,3.453554121833026,3.2835364103942792
16,2.068095439364666,1.6367688272207264,2.2271922116340077,1.7338018352524371,0.893056086965807,1.0,19.030630625017686,8.054185694010433
16,0.06566996961691884,0.5502821963230793,0.8673812416225427,-0.4785692431253947,-0.6665945558470452,1.0,3.5245015049481903,1.852047746092248
16,-0.06246916015566195,0.8236241992718717,0.6765118911337074,0.7020568179143813,0.1562659420214868,0.0,2.700338814649451,2.876305015584657
16,0.7781269740662343,0.6878553064042673,0.46598579888378033,0.21950431084471111,0.015627525886298788,0.0,1.985392661168949,3.5121678028839796
16,0.6729807818557456,0.24526477314246564,0.9067519330666418,1.3033325284962487,-0.1164539484099485,1.0,8.465000209136331,3.2873033813499504
16,0.8019096291785255,1.6590676282976662,1.7872988972049937,0.9639989177910774,0.7196352816423068,0.0,6.690492117841748,5.081562320916962
16,1.797322623165083,1.7266940213210478,1.3975658346910458,1.071763083751151,1.1142795425121956,0.0,6.943660430086126,7.829604165061269
16,1.780855784356581,2.9670969740180597,1.2985713824800849,1.3576197216890145,1.7152360789069085,1.0,21.741360896695017,11.112536890938225
16,0.869291458460453,1.1308959040325977,0.5600059499804229,1.7869830673398175,1.9621255179731356,0.0,7.300700107575478,5.984981049127603
16,-0.8751800258459732,0.31956996995724507,0.11833081159298142,-0.8947161012409584,-1.2229423874757113,0.0,0.712996629502628,0.43585695384027956
16,1.1982004844820175,0.6690092995878836,0.6645948223575167,0.24318536293996684,0.8808365051655238,1.0,8.54298758151671,4.416687243248251
16,0.9421768605660361,1.045434985773609,2.572985629223399,0.6026390181500922,1.9916880981861103,1.0,11.949176222589942,4.719795096361772
16,0.8758371723987315,0.1780286135076623,1.1816924537218902,0.9045699033778251,0.42723725432827075,0.0,5.015542301167285,3.3189662027944404
16,1.9937408593816843,1.9771076695502652,1.754136162614087,1.0287620698172633,0.7402849998221606,1.0,19.01091002657405,8.506541779541285
16,1.6021082275827858,0.7870574224725155,0.11062346374980658,0.3965945166409026,0.5733839709944057,0.0,2.8929391085795424,4.989722434834706
16,1.7695161036141114,2.6273211153718856,2.8244499387841095,2.0095860608753293,0.8398174216099191,1.0,26.525381886850326,9.734301994721571
16,0.289640714556316,1.179447010760325,1.0112858681341517,0.7384293961683812,1.4860639359840278,0.0,5.272369633448889,4.224820705665669
16,1.9864207077385592,1.3974362740612782,1.7103282510414897,1.7649812141430088,0.8627207367139886,0.0,11.223458324525508,7.497760341113397
16,0.09946797313292088,-0.6275433015596088,-1.0228426013986898,-0.3468663756639996,-0.8729996445745387,0.0,-1.592365844695724,0.07312920127027323
16,0.01809795908431522,0.08802116901802493,1.422315663057971,0.6736212115649571,-0.2746956618963212,0.0,1.7394524841783607,2.113208858746733
16,1.8648989109352312,2.6752380536696423,1.5075166874430534,1.7752109533078837,1.6397605236819404,1.0,23.841482092889592,10.783598513195225
16,1.194721865390391,0.710191824358108,0.26967756986572455,1.782399125577082,1.9854796467741018,0.0,6.444585940429078,5.78357356568479
16,-0.9452108694168067,-0.7345505554137755,-0.8938011275589179,-0.9633766927295793,0.07485733663656713,0.0,-2.442317924640184,0.5897179526772023
16,0.2532031122298375,0.6496021307050994,-0.2804389633928428,-0.32436408145612794,0.2521714853237126,0.0,1.6661861030429477,2.400502158619709
16,3.8472972083245303,2.0398011927194393,1.2169872140569051,2.0719190298581904,3.399417580128365,1.0,29.760911506195857,15.481906034591713
16,3.2931482846409073,2.9454980722694675,2.8456294953200887,2.3889875936098006,1.9282146482337692,1.0,37.2027746428441,16.44417930107111
16,0.4647952674632947,1.550802169199604,0.5160855983441848,0.4473211912780798,0.6662181096434012,1.0,7.3327172936307985,4.413174191536315
16,0.8337966981663373,0.32729250894199835,0.7251668001646943,0.8532857219962988,-0.2519735890944641,1.0,5.37003902617204,3.2650682838309883
16,2.4948040006999523,1.9833937302385491,2.1829534310220025,2.0687882934862496,0.8198883222717301,0.0,12.916274245358498,10.14845830989211
16,2.164698764767639,1.358147226638224,2.1263920085171253,3.330046713676092,0.9912023010522649,1.0,28.681004721225317,8.3977736543601
16,1.8753117490130435,1.1986609498453331,1.0951154125274654,1.751441422772293,1.6228207861127024,1.0,16.062131574821436,7.477481995676582
16,1.8052437358650373,1.6773722064921865,2.4110479200983006,2.48958257575258,1.9906689520750778,1.0,25.651703453012683,8.47021233804704
16,-0.5558683884761553,-0.3960307011108233,-0.5172858648803278,-0.8062458547361206,-0.4593883031670689,1.0,-1.3545076236826579,0.721895972876788
16,1.0986705921051212,1.3769649624040252,0.47073634455511326,0.6792880651315143,0.5639752370461504,1.0,8.716254091055617,5.498883077342914
17,0.12977933947087694,-0.3063371309557388,0.4534460972080696,-0.0793034730707669,0.6338118410238068,1.0,3.590026095196695,2.274884931470843
17,-0.3823580009037628,-0.5068608087742243,-0.11335689621134182,0.05890275980503079,0.4365917715854032,0.0,-0.3607881596733227,1.9338436822993632
17,1.6589873358599563,1.6246094520054335,1.742530550980716,0.8726064860019926,1.5611083185996182,1.0,16.071853326658264,7.254236259579798
17,2.742838830000665,2.9383138955301247,3.2538224199115553,2.602638596789228,2.6892642779502554,1.0,37.835539780792836,15.179051610183183
17,-0.44717410106428335,-0.22975311085828887,-0.26963156274118294,-0.26401754676694145,-0.8294503533104491,0.0,-0.3365407614248377,1.0465954081932183
17,0.18262153966331562,0.4137696276730136,-0.4228723572700226,-0.07662671423256517,0.2651746774799263,0.0,1.5464982650421066,2.168510574660989
17,2.611285588331067,0.5494048931481095,1.4948889869072666,0.2950310276359639,1.8578880286442936,0.0,4.317969450827167,5.91473680746482
17,0.659550204161166,0.18449781975134416,0.9014611437505338,0.2856751308971469,1.382244744889579,0.0,3.1787977248764605,3.4488648483182662
17,0.7930607881695826,-1.0254140802207936,-0.5751255830755839,0.45566125214642894,-0.2310706863051042,0.0,0.19511517884969698,0.7344641460548883
17,0.019487453607079708,-0.5705907460872361,-0.5566339125705171,-0.23597183143412725,-1.5535596084690773,0.0,-1.3847422277501606,0.38928464372410065
17,1.737260435087808,1.0655560682194176,0.6721285571945064,1.309104273559657,2.8766315858941267,1.0,15.566324215877477,7.46398694570008
17,-1.4750367451583806,-0.30563024068867173,-0.7048345717791358,-0.5429880906836648,0.38181255457451535,0.0,-2.220296345080099,0.8891960330034547
17,0.7358911359669172,0.6161415573013216,0.20301459603267236,0.8378823288261756,1.673013006547262,1.0,6.628236495084436,4.465847640512129
17,2.4597264941503045,1.4945827227282278,0.830147812542375,0.9394326276266709,1.3871978921574457,0.0,6.370941543133516,8.906575172583507
17,1.9560883158909035,0.8346997005018164,1.0488910975755767,0.5344088660187396,1.6824858564425327,0.0,4.880813341243866,6.159565879133764
17,1.490874264866005,0.16058413363401847,0.5426040302706732,0.7275537695356002,1.2331572060457023,0.0,4.706897120097382,4.173164403499827
17,2.566791636701166,1.2699929947719633,2.6503666455531945,1.5471665450612004,0.9975959323222692,1.0,18.09384099806458,7.894009070336384
17,0.9714305151510801,2.0277158678609717,1.016795468390305,2.13942726590618,0.45731643441954106,1.0,19.288676601841132,6.802221712403508
17,1.494802723006001,0.9024184522203852,0.5482239089449985,1.3874010908162615,1.7211402204129356,1.0,12.63974422806754,6.229382274409773
17,2.2802862629498764,2.2111640646756516,2.8736731706604344,2.025087466005951,2.4976249155302246,1.0,28.00636492757883,11.02168123231164
17,-0.048154386482676115,-0.041991510825010625,-0.6186065669584233,0.05485588959582077,-0.24818875459542866,0.0,0.19541857798928608,1.365666710664219
17,1.9865817491115656,2.610935287204261,0.14284752133923673,1.333852143810066,1.5330163245334216,1.0,18.60330878165236,10.980267532903571
17,1.1862507362042614,1.978897643300439,2.2615671191058295,0.7775123160683675,1.4719867695617623,1.0,15.347231238123499,6.548444614787028
17,0.5273393525045649,0.11919401038030886,-0.005456354985090783,0.12376638740524393,0.9568374378340084,0.0,0.03237631035502231,2.923681222957962
17,1.4319588781924497,-0.45098651687373725,0.6111440917975828,0.11664355015246763,2.201708380454704,0.0,2.796112405375684,3.128432113668101
17,3.314980559732103,2.515918487312432,4.490290153086514,3.7435261275742198,1.7165866199506776,1.0,50.90505557478282,17.01059446801418
17,1.4017823875092374,1.3226595130762577,0.2614211184846176,1.161809334389966,2.6052200384290742,1.0,13.964313632130894,7.196550666529891
17,1.1470378128058814,0.6618874200638171,0.019686202736212466,1.0199903150378093,0.5145935484834278,1.0,9.122464331077722,4.4406137811661495
17,1.1633416037821764,0.5268292638428003,0.6771489155413656,0.7852497857436267,0.4378709302635444,0.0,3.712726884570464,4.1874649483268875
17,2.2338027507677634,2.147627913851424,1.3293872303983167,2.899927392365232,1.1089663471029543,1.0,28.772156917717773,10.896304057658707
17,2.369229814344627,2.260707093313614,0.22776522915037034,2.0012059552200396,0.9967792160213609,0.0,9.94812203153626,11.258151741767563
17,-0.4656118112205865,0.6135880669394427,0.27524587923964405,0.8447019806348464,-0.8788508172772909,0.0,2.433947797129205,1.8712011987490622
17,0.6200876414469239,-0.6758226848239273,0.40686933272662007,-0.3263871143791792,-0.7363311892339544,1.0,2.7255077246795487,1.1435029377730583
17,0.7985017880520224,0.7033781852836478,0.2584400383814054,1.1699652560938152,1.3590601992566913,0.0,4.702177839515388,4.673111310080046
17,0.780947941874545,0.6882040898821753,1.0204751297566794,0.8024546651055978,1.9057501476873344,1.0,9.064211154506276,4.659328585051561
17,1.1908884996975189,0.3832856715399725,1.4139207281463377,0.8163593051541539,0.9839240948858748,0.0,5.918822273269525,4.006872587799743
17,0.8105414453264181,0.2984620477935137,0.6415969868236169,0.6993652566258709,0.4059506629814884,1.0,6.76326542439255,3.4710150815887655
17,-0.8743281128185774,-0.05792662949055005,0.8336654539206373,-0.6126305381672692,-0.24491980315480144,1.0,0.4740424759047442,1.2447434448206087
17,-0.01200757182150336,-1.0239210468164957,-0.3746656202643319,-0.46630773389853597,0.49175825586330346,0.0,-2.564257278883224,1.250352991041968
17,0.615325024140561,1.4190714724274964,1.5792101712918707,2.8222427798232355,1.7867326291190442,0.0,14.341069202370699,5.976067481205648
17,1.8565253620237763,1.511319824435303,0.9575741460187424,1.5401856040822652,1.1652749574171497,0.0,7.646914780285427,7.896749066917769
17,2.893904676388443,2.0514799309514524,1.9484119544046217,2.542341159726419,2.158523649724011,1.0,29.014902729907767,12.365412916484619
17,0.21889988267483684,-0.26020933459251006,-0.6650473423290164,0.2834243374020696,-0.7905998137488699,1.0,0.8719986910550312,1.1231616431201559
17,1.5542214426812804,2.052383019848961,1.2102120323852765,1.6497800740994502,1.9044119751201074,1.0,20.965863992306897,8.728182982504581
17,1.8317599287538395,1.6360286277140905,0.9355511547690119,2.0489572149029485,2.43546254392926,0.0,13.47027959556676,9.034066295160272
17,0.4034072252659412,0.26845576069938726,0.8236539758122428,0.5280041076444513,0.5776286210633266,0.0,2.3479795425000276,3.0884169084820674
17,-0.545930770010175,0.750017746519955,1.1741383604309839,-0.12318525390710144,1.0559268756584965,0.0,2.5580397912147115,2.132363669941669
17,2.384359848169762,2.1833103553333197,1.8967371991325113,2.223709429409089,1.9463156190243902,1.0,27.72028258762049,11.202813510137467
17,1.648091691839825,0.7184969201402408,0.4395378998696088,1.1230220122316563,0.4043032897658734,1.0,8.756229684961378,5.255823104915775
17,-0.7366792775342721,0.32608833709146434,1.9364780322949453,0.9339650034639506,0.2212127767305213,1.0,5.363217385759794,1.7427239066502724
18,0.10176206061363202,1.2846966077857287,0.2811114274759777,0.710625421743448,0.693282981795577,1.0,6.389331785498309,3.6272203193099393
18,1.7920023690473386,2.481632233550021,0.17097678167301766,0.49906537668979056,1.2198994945979609,1.0,12.450383246363018,9.514298011948437
18,1.456782462930374,2.0705547200122627,0.5154542203195412,0.4341309167851357,1.4048524575524353,0.0,5.39874184994749,7.827304106642995
18,1.1982354361418712,3.0273409068874977,2.3372304301073266,2.2002263721294337,2.508255127248506,1.0,28.636454641589587,9.569540465288458
18,1.1541096436718585,0.24585674363784804,1.536876563568479,1.613215594240197,2.2012435697175476,1.0,13.209241305402774,4.693309955413584
18,1.6012974575291268,0.8018931997349114,1.9903180212248301,2.9945214107342233,0.4029877006151201,1.0,19.06269648893332,5.772254765957356
18,0.2549963090750066,0.33517442065632086,0.8459076018501315,1.6046832491260328,1.1275526660417627,0.0,7.411114662067476,3.8326775127818244
18,1.0656138943030813,0.025113942215469698,0.282907263256303,0.8958330893665345,0.19318867279117913,0.0,3.7583171971821563,3.2183381360478984
18,2.7251915584132718,2.5224525366401176,2.3426043683866506,2.3067629619558803,2.0987205859650584,1.0,32.0915468076139,13.174600252598056
18,1.551602067896781,1.561987919221345,1.5970126437284593,2.520542896854456,1.3964781903597614,1.0,22.78947558326986,7.711182230545724
18,0.8754022269316426,0.08392363332135366,0.2731317582070725,1.1274765780020914,1.361498012357516,0.0,3.7419478704398497,3.8971138729920014
18,1.2197698048395234,2.3072772331644504,1.005086610734579,3.3106195912477645,1.1311109260489192,1.0,28.010741291867607,8.837294282636606
18,0.876423031935138,-0.06570090940725382,1.8802978145076108,0.8271813077901489,1.173007949006251,0.0,5.229705521125738,2.9834389581211687
18,1.3639041982868858,-0.02950688565081494,0.2719752915173288,0.7312061472681218,1.0980811249428022,0.0,3.2601089077778935,3.6408275171201177
18,2.1592724906878007,-0.36399891641805104,1.3147316442946053,1.213069662536878,1.272964306387467,0.0,4.835572862062695,3.2653222665332855
18,-0.13729836870331047,-1.2797058818652056,-0.10354227192837517,-0.2627307986533698,-1.7479838990179277,0.0,-1.9121341601389863,0.4047152063287218
18,-0.4444996874653959,-0.0474169319514941,-0.3126260833080041,-1.5399679066434597,0.535231296719717,0.0,3.335655855656273,1.0679663327284994
18,1.3752099822635915,1.2775836478080616,0.8152348624990571,1.1211225541072067,2.0273529663792518,0.0,6.524481868930984,6.750895251260172
18,0.8263719385231918,1.139095212471934,1.5357462095217924,0.9826824785614424,0.3080520729275391,0.0,5.968766432102503,4.372333216035646
18,-0.3714887349952263,0.9402419685711068,-1.2667306044949846,0.5396853074429425,-0.9309559672850356,0.0,-1.805413061500256,0.4054885714681589
18,1.4309200386646175,1.8934631996225533,-0.17902139323489008,0.6632891828366576,0.7219757029195426,0.0,5.554573306372947,6.958726221430694
18,0.8297347014371095,0.3425296005009032,-0.1479088196968601,1.499381146100478,1.4471686629393812,1.0,9.731966203523179,4.258742759268433
18,1.517078733520754,3.325628050170536,1.8222462097909211,2.938865439912404,2.2160244518537358,1.0,34.069914015846415,11.706352524772173
18,1.4933685432151262,0.9812398463353421,1.3501682274722502,0.8818789479717046,0.14270029564020514,1.0,11.421746322362642,5.108873190704474
18,0.2834959266978182,0.468512181156154,-0.09961554589042465,1.3432017036945982,-0.7720805520000966,0.0,2.4451159492019237,2.7396206249062116
18,-0.09021782275703671,0.49150301427756504,-0.5377369331554922,-0.16783150306878736,0.20340239418955663,0.0,-0.7541673280912975,1.764087251038839
18,1.8450538149499027,0.17974513179784435,0.7468103266967062,0.2842763648525386,0.8005601101022903,0.0,2.887429381757306,3.9937216633804598
18,1.977758778513583,0.007956767297745415,1.2886252174074413,0.4058637454481603,1.3461764164376686,0.0,5.172885546987976,3.8073685810021
18,1.2997734290270953,0.48600337896844703,0.6434406436253095,0.8084999955584924,1.7410158973210181,1.0,9.405923882701677,4.921097228289103
18,1.814870917704403,0.4186231271809201,0.6009975297136798,0.13139230976217964,1.1916089613445489,0.0,3.6531916957640616,4.663265318578785
18,0.5039236598443919,0.5122433812246368,1.166726503265303,0.4968855868317049,2.0506259151271777,0.0,4.231712419832404,4.016497745156647
18,-0.1858368263768937,0.009040235243475303,0.43477865375472424,0.09210136142742964,-1.280104603747569,0.0,-0.783271450600775,1.4402726992162047
18,-0.30289605055471647,1.7753962194950677,0.4646605681740603,1.3179815589330102,1.7681091003831537,0.0,4.813222976003374,3.86783891824418
18,1.8251196837157877,2.89791986633541,1.8205698601572347,1.4996888773396035,2.3004426023834434,1.0,24.45240311505297,11.213736508271776
18,1.2882566783700085,1.2576299105798356,1.4498428389431373,0.9062724425503828,1.889756152207644,0.0,9.343903724888277,6.136687926249226
18,0.12488125805235861,-0.009581125602954987,0.41511683226002727,0.9191062461272443,0.20217473296346766,0.0,1.765446308266672,2.7397216775396016
18,1.4547565023171525,0.5359485999684206,1.336005304084447,-0.03845554820985808,0.20721338909305909,0.0,5.198548385887809,3.760048581356938
18,1.8088170660793619,1.0169288935080563,1.8474058001085996,0.71531163090484,1.3868143282540197,0.0,6.218069295082018,5.9539816147427445
18,0.8370978059632054,1.5054554379985992,2.1831266061535572,0.2543497208181862,1.542913634460814,0.0,7.023425150942509,4.8469091349842515
18,2.222035794892893,3.5852610173531634,2.529752157164996,3.6870760309748993,3.3112834418512653,1.0,45.81142161716939,15.81569026603146
18,1.3289341183581533,0.4485605387967372,1.3367178377822253,1.8395430937056974,1.521122098700154,1.0,12.409702384953432,5.065492951952878
18,1.1881664527254814,0.6828355912881812,1.6285345955838006,1.0797730759263036,2.1733732087918227,0.0,6.012168590594349,5.129957610735938
18,1.5433248417866468,1.868970114144013,1.5799279949208058,1.4936493604260024,1.3549188130052658,1.0,18.412734483951148,7.795692026641163
18,1.8665272511578,1.592395357419114,0.994850236492578,0.2920283724138638,1.290094983177931,1.0,13.329636108270416,7.534825928445216
18,1.0261101504547856,-0.6789235651071455,0.9831225468714605,1.2919075990146585,-0.02081716689913904,0.0,4.2989578479030675,2.158475989076361
18,0.26683675043625,0.006581318872930564,-1.2291324603569214,-0.18273076918129783,-0.6940240381823759,0.0,-1.0811369286693626,0.4205767861788706
18,0.9607402032889808,0.8535545822860071,0.7441185682708231,1.3157434241009736,2.2487780045434325,1.0,11.52643276277063,5.61719679676507
18,0.8293970697067077,0.9608661275687368,1.5077682874250176,1.4718151464900524,1.780348504508053,1.0,15.356826100566042,5.135023435924147
18,0.8425141364896458,2.104078948111768,2.6060915707071004,1.4776255610913092,0.6948301815420308,1.0,16.75777254744631,5.775273408377527
18,0.0388731834418512,0.3908417279927252,0.8173713270310787,0.6066844164273639,0.5321927741224824,0.0,0.7323947232873729,2.892315768003723
19,0.6102450165723587,-0.4882672599314961,1.210015731964878,0.9157291098953977,0.5435541303170965,0.0,0.6418619440744553,2.4506803843780514
19,1.670883580742593,0.8804950921900954,-0.644279067008005,0.3218300438897608,1.6269766852088567,0.0,2.816961623998275,5.198690943007186
19,2.198515120848163,2.775672437859133,1.9357720512039411,2.7146230905154507,1.8489691366585193,1.0,31.678396871197965,12.482207125731982
19,-0.4812943105643981,-0.46269368043508363,1.9650173621083324,1.1358025736720714,0.542399020223497,0.0,2.776862402432596,2.1882182280263214
19,1.3336093907240991,1.2827574510150808,2.0292444125396134,1.9884623311859442,0.8229757326217495,1.0,18.14716242429505,5.996665065469548
19,1.4030319320057452,0.7992873924221667,1.3301272939328461,1.1597226020336762,1.043984104784238,1.0,11.546598066205707,5.227854827212795
19,0.42999662788038406,0.33819617019305726,-1.0379171960747442,-1.1365334000611416,0.4083758455815031,1.0,1.1484866473126019,1.1544976133387417
19,1.2054013656663867,1.6590974097888394,0.8173039763583047,1.1718499667328588,0.38776500592220564,1.0,13.904143872201635,6.304777057733721
19,1.467535157874477,1.8500309485723156,0.4836137794572042,1.660729855978372,1.594029129971898,1.0,14.810336377948465,8.12827526262069
19,1.30258659174722,0.7525901767244602,1.837006796623795,1.2916817450460938,1.3882565453125721,0.0,8.629129333997795,5.00329750966995
19,1.4095562266967434,1.0166707287424266,0.6163881465356404,0.8756424160567782,-0.30166837758457987,1.0,8.812064263770406,5.057320883665829
19,1.1428792018847655,2.3337150265521567,1.3654637247056653,2.2420981168509178,1.4192872320127685,0.0,13.449876076047428,8.122768804343538
19,0.30586077120852084,-0.5445104676241286,0.3687958497514304,-0.18444945477023156,0.17685264275199808,0.0,-0.28110227471396865,1.8274923879863534
19,1.7121821410917617,2.1628032356650326,1.8281581981626351,0.7971579637566533,1.0940670517660416,1.0,16.520172310522394,8.2457671708482
19,2.089131408929157,3.596307365878861,4.040995064863239,1.9911665801715102,2.5115822154385548,1.0,42.568036759104096,15.005672027280543
19,0.4053958913926099,0.1566798877248501,0.04611743560820758,1.141893929355905,-0.37490725888140486,0.0,1.2056858760612503,2.750044104873787
19,1.854476092312255,1.190132738534483,1.0221486139032963,1.3144673948929124,1.2873021541928331,1.0,14.552473325271961,7.062870100655573
19,0.22596472875285734,0.7923143061918134,0.9898416858488709,1.595920185139965,2.16462812503955,1.0,10.893829951609483,4.6121918112203195
19,0.9252048982662565,0.40437523057968006,0.4502803833232313,-0.005208333486783623,-0.6701625574459433,0.0,2.1975761082437013,2.826699864566179
19,-0.8659387956354612,1.4933233193545492,0.3928583808196815,-1.1630955882751124,-1.2312219254027088,0.0,-0.6951874767082894,-0.0563453415708699
19,-0.48377365555914653,0.7615245314455726,-0.4281445970468758,1.0863071977548313,0.6011922880354,0.0,1.8959362251778975,2.309885023922515
19,0.5284126010938219,0.4324638053482549,0.3808940746833729,1.3047047463557986,0.7426765761145058,1.0,8.226421224791928,3.8514278599072407
19,0.6394683854301755,0.40929584503043726,0.548349786289579,0.8165318815232508,0.6343744192456008,0.0,2.0178669795587365,3.6391278184445017
19,0.16014133790279017,0.45644617065840176,0.6736048554366882,-1.0461340915914286,-0.4096069200539936,0.0,1.2154897974019157,1.771899589774806
19,0.8545377660055814,-0.412861855006055,-1.006262870020715,0.5375952247528597,0.5190726131803547,0.0,1.3733530946804848,1.428256112875572
19,0.849933009236532,1.7833677649511617,1.1167216952280035,1.5246185757161248,1.3164991269367166,1.0,14.95387760812379,6.249944120441699
19,-1.342331330951291,-0.6471034979612302,-0.5539920460743688,0.5195626737894413,2.2631916128361524,0.0,0.009290406786462896,2.8387221485116934
19,1.0184971563356933,0.41364311809102894,0.37739361703323315,1.7606100464654288,0.1955009967849195,1.0,10.614368530144018,4.233745047828684
19,2.174666664635561,2.4601415612318895,2.8789786923026255,2.2481584869311138,2.1119930318209694,1.0,29.867265882123366,11.321242383236854
19,1.339784766179117,1.5560566075340505,1.8810420860513704,1.5543278121055808,1.4721791671653874,1.0,15.725476862721873,6.6811834855855
19,2.2838904411604766,1.9682695996950412,2.123140203561909,2.009287570218416,1.9047622990901525,0.0,13.417856379734229,10.115303177469647
19,0.23161549294638217,1.4716468101755058,1.3859749428882582,1.7100870290173624,1.9793053012744428,1.0,12.301766442852408,4.913941951894323
19,0.5295758735401326,1.5140020299403716,1.3557169334634667,0.2607664663517253,0.332605750303524,0.0,5.0476295994385,4.011537467385785
19,2.068219843729249,1.5048452402161363,1.7134248972182178,2.564106286516912,1.3524092626327406,1.0,23.347992677009092,8.571708070664016
19,1.5952545624551004,1.2009397293722224,1.171134425060012,0.5816628028056074,0.8811361349008859,0.0,5.811333865233559,6.019975320744701
19,-0.3115247263623986,1.009351979499772,-0.024828238153573823,-0.17444349602763332,-0.4650014251150816,0.0,-2.260403779165033,1.7020307428316337
19,0.4054509261385476,1.7763429290022545,0.8848803593868259,-0.32585165983291176,0.19645508677425638,1.0,8.375242593831482,3.822240795057496
19,0.8975101144031088,1.264094488631047,0.8957134510381387,1.6451117012221363,0.10901177107361015,0.0,7.244880296629905,5.165220368552598
19,1.2411251477156198,1.0700938195590346,1.8997581890599062,0.7447046141497722,0.5303159118167026,1.0,10.92836648804405,4.748058459320157
19,0.10299097800205204,-0.19304857791788144,0.9796722554629022,0.7791037685621541,-0.8495578688207344,0.0,2.2136766148040388,1.9469927236234748
19,1.8431813242627555,0.3775727167724313,0.7297454049695783,-0.019480739355799637,0.868840218646705,0.0,5.087320177412051,4.341208602641387
19,1.0999936132513404,0.6189937070959552,1.6858098290379973,1.7287841323047117,1.3896584046129208,1.0,12.800727093270243,4.827748866158708
19,1.6316219194935342,1.283289955200062,0.8988621559591004,0.71938300374663,1.434262127129187,0.0,5.104725079973145,6.700054470273318
19,2.207035553743057,2.1338078108534315,1.3176874783383135,0.9512968637543133,2.385445889245666,0.0,8.44737671223386,10.457441462093664
19,-0.11721343939999596,-0.6153756846818081,-0.8987010777153743,-1.674665829041711,-0.40656104848146346,0.0,0.6144103346075753,-0.1615013147616995
19,-0.12010380319577663,0.035089773757591924,0.3615624573581683,-0.2013334023848221,0.33222091118892094,1.0,4.526012689709322,2.1348488211248986
19,2.4920270029466707,1.9441493592545158,1.749101061846404,2.2436035249902533,1.5094959641165466,1.0,25.83851648811819,10.636699716361946
19,2.1571267309116218,1.0963374222760138,2.64886167181813,2.4854002652593374,0.5464736571489095,1.0,22.47261206176729,6.95099433424396
19,1.597433902388548,1.1768044642786561,0.8255962592660667,0.8709770799365738,0.7672133906517329,1.0,11.324750515951548,6.176998760087949
19,-0.37483583386800445,0.8128085920766508,1.1836504724880395,-0.167692450936326,-0.08213451170170138,0.0,0.4474172822390591,1.7587753926062577
20,0.21650142623439017,0.9167725261239081,1.1627256353005673,0.41819179578618915,0.7066923627252555,0.0,3.768748172129621,3.305763610743582
20,1.2406019362551017,2.263805371999629,0.23357812544099565,0.6883651599317319,0.10498699866787375,0.0,4.635959782686511,7.046994555614324
20,-1.9343947857351398,-0.9631098682247579,-1.440283199458979,-0.8522778064266106,0.1079666503133736,0.0,-0.7064967029034708,0.45212812546194625
20,-1.0674461763866736,1.2736870103770384,0.8149297512000735,-0.11571516223916034,1.1721533444551635,0.0,2.403481516402186,1.3651315681772065
20,1.8667297225604185,1.6748666985252294,1.2853911627350285,1.3067166150919516,0.7056310945139657,0.0,6.963075730412437,7.827737342795818
20,1.1671825484205962,1.1851813904499369,0.3201059948540804,0.6078375070574966,1.4439371125420912,1.0,8.94013913886771,5.694647382621649
20,0.554207634785715,0.4572124184139257,1.5438059472409194,2.181581548370905,1.445861489997542,1.0,13.40942671795075,4.371712235087082
20,0.37485206544658334,1.0732878713055656,0.1750917142437428,-0.2590612187517889,0.16136934615025034,0.0,3.267669824451501,3.1498046311421066
20,2.4013458617481263,2.254589393244674,1.2384081771932673,0.4050044709389372,2.9967947997362696,0.0,8.137923537218022,11.38842165368295
20,0.9807427695437432,3.14992702076043,1.5903240576582676,1.2769124452417553,1.2785040224441804,0.0,13.15493400428425,8.207946818230742
20,1.701099203535441,1.4737099237556213,1.838365910726242,0.8528403621678491,1.212684740216914,1.0,15.33631006806368,6.781888560802711
20,2.432968640030545,1.7172204315183635,3.017891158042133,1.4174824323999076,3.2619961103684507,0.0,13.706713473969547,10.109364122682345
20,3.052950103130796,3.5126133180972503,3.566823705312229,3.3763836219060357,3.907052181607558,1.0,50.14094992772708,19.520801215560336
20,-0.06272286458932563,-0.33503873158147357,-0.22018357186520654,1.0078287656918659,0.05138516064697074,1.0,2.368179204927514,2.217506340213254
20,1.7759590984654245,-0.4589551292928007,1.9467963316882897,1.0974422962808372,-0.5541500671323825,0.0,2.551529213085423,1.7212578693815888
20,1.5579419387817939,0.8773920459644918,0.5946286507750191,1.358913287263255,1.210834605878906,0.0,2.964965200106251,5.995137715718823
20,1.2340660831955437,0.7718539476557099,1.2189777315214667,0.44119185309375575,-0.09811669085020247,1.0,7.460055807180448,4.0811108185491225
20,0.3876083169840737,0.9683984589352237,0.6909673067455331,1.5271499826852355,2.187772479425001,1.0,13.147639353726039,5.026937496787758
20,-0.027527790414255238,0.6004055175912856,1.3682065324179413,1.1942001631545769,1.249442331994517,0.0,3.569401998746759,3.377042372749651
20,1.0943568466765723,0.6117953727428214,-0.20327891967243605,-0.9601037316735266,1.4295624771220423,0.0,3.9447399944130623,3.635098367258202
20,1.1612033670786017,0.7438313253029765,0.3274387553792363,0.3148665948605772,1.0813254008483195,0.0,4.168469071753172,4.624941354294663
20,1.7388761786793112,0.27595005439631104,1.1992104224257611,1.7451447364601993,2.043640395538457,1.0,13.55008405385126,5.344347428452988
20,0.18152569839886323,1.9213708264973315,0.9747311704552113,0.9170066895730569,1.0192885211954088,0.0,7.6870075082984055,4.417130178213926
20,1.7022285478567656,1.422975536990385,0.313608871205296,0.8584613247927556,0.9415736451944935,1.0,12.620942750088622,6.992879998366809
20,0.9219027666475351,1.8147982137452021,1.9824020142966585,1.921518212431124,1.2838078219319187,1.0,19.530960816749886,6.235200585744111
20,1.2389485418458737,1.0721865859458177,1.0814106238194494,1.1190134631289983,1.7684098854383534,0.0,5.543421263738312,5.938452342291175
20,1.4187321501456542,0.793837921983638,2.6182108944924094,2.2764464140312404,1.7775054185866206,1.0,18.33453866651221,5.702475889901978
20,1.313336595161203,1.9082380123963578,2.086596993260664,1.1297162953431885,0.8712923631485001,0.0,9.076577668492767,6.667517438326826
20,3.1223943647800665,1.483457509453588,2.50284614423961,0.9417770624373306,1.86079647251649,1.0,19.609153213341656,9.784731438173885
20,0.10446994010292743,1.0294618994622897,0.6816627173130316,0.2853407240131013,-0.03288573918411175,0.0,2.8523236141238018,2.918098733164265
20,0.6185927119863297,1.3185907385657913,2.3925459101971644,1.430591464453602,1.868669474112745,1.0,14.045917906492972,4.8978274576421805
20,-0.17727361425406007,0.4710642363315328,-0.6591717288788523,1.58974922922425,-0.210783482794896,1.0,3.7043679801759626,2.2137848475349724
20,-1.2082121445849605,0.8452104771093322,-0.37671806757810766,0.7422493868465437,0.3434462783454113,0.0,-0.12779981697766346,1.0816713698446017
20,1.4056122830482314,2.818614564335765,1.8507560802670415,0.8909314790133475,0.9990585795144333,1.0,19.092164885033647,8.668048776702562
20,0.6673271995536874,1.0027327493189624,1.599879887748932,1.0267929837253116,1.196561596303505,0.0,5.904416689333333,4.3867185847736145
20,1.0222151801201962,1.3954810603019614,1.466684387043658,0.697051296123071,1.0320694977360183,1.0,12.699663883775179,5.33715659237751
20,2.034130006667837,1.8990909902099546,1.3853995292468806,1.0542273510894555,1.343942830393049,1.0,17.411697471347303,8.905729868113072
20,2.3554622609141136,1.3739746421936627,0.40755864134729813,1.578755187164738,1.022431568325999,0.0,6.092819883107426,8.523527804169767
20,0.9972591484054459,1.0067415106419946,1.3893671087283166,1.858943058086055,0.9603360644395397,1.0,15.870027115998687,5.290741143996837
20,0.5048397522301715,1.25980568117495,0.29913979571363325,0.19034505418862457,1.0401424293610568,0.0,2.785578864699555,4.238726687668205
20,2.1200833278340196,2.2822776568686107,1.8006717659014764,2.2794468154221077,1.480907766437921,1.0,27.893723994958613,10.592456235036437
20,1.345417616386755,0.8697536895817088,1.7526289548342686,0.06362068481011618,1.6306611989777204,0.0,5.724497786759333,4.8203907168591655
20,0.49425806757341983,1.1173945742083102,0.2565154196070778,2.364709461070593,0.9226087162818718,1.0,10.386646211341743,5.09730432941519
20,2.619173589410023,2.1898167932673513,2.428674907766845,1.8145394809603919,1.6121444319965113,1.0,26.72960244555032,11.31122814690287
20,0.836930155266655,-1.6906046274830162,0.9644122770612606,0.6757965515219153,-0.22580434195342414,1.0,-0.6175008872993224,0.4353469287789774
20,1.1511795092152903,0.401640789496449,1.1326833705583739,0.14838405444322267,0.9278509456518976,0.0,4.183991314504832,3.7674613833407005
20,-0.17580183101105962,0.08346244858265683,-1.4208705104658703,0.9236436602464074,1.5619388820157827,1.0,4.71673734457392,1.6208782547966183
20,1.0570957194362878,0.8918020402337826,2.160152154166896,2.157732391953389,1.1441772940565536,0.0,12.048516881769253,5.092374280963628
20,0.03493732195276056,0.19512933021869683,0.4212389625692474,0.10565196865224746,0.4644532315203148,0.0,0.7037010442687437,2.5301057433833396
20,0.009608339235397279,0.10050969069146964,1.0363882280573695,0.6539009926204978,0.3539761825707225,0.0,2.05692677071168,2.587489203852368
21,1.7283957644854504,0.7076939740948465,1.9688755890851155,0.7623162612732883,2.057590855737806,1.0,12.494739274805909,5.447962981230768
21,1.1821174391727536,2.5380709941451345,2.0199584966105824,1.225571746932902,1.6295272385457331,1.0,19.888061987688847,7.863709981967348
21,3.5062839830025467,2.7589905309283775,2.464159697163711,2.3254327605543867,1.8899776156308343,1.0,35.32422512375045,16.367042307409022
21,0.5295687803146036,-0.8732409211757564,0.6106354923631574,0.5092637226960259,-0.4346270174547735,0.0,-0.5359586736923241,1.5276426982901272
21,0.02576203277183342,1.08254971134309,0.8557892111962184,1.0840489620553784,0.5908294049022509,1.0,6.859185341952718,3.5030011318961565
21,0.3430934058229512,-0.6197812229085125,-0.4597233415230051,-0.21166238506405533,0.34572128953762427,0.0,1.1607892438791516,1.3823563075389125
21,1.3584835785298448,-0.6083977105558915,0.3325280852800645,0.5665765703437018,0.3608315131886156,0.0,3.164534945618221,2.1237328322001674
21,3.1816342155999493,3.50269418938461,1.375563024659126,2.221600343543539,2.240759929507713,1.0,34.58751786805846,18.59941294128027
21,1.541059194003306,1.9022726347086494,1.3080104202143934,0.2614376695028032,1.430625731602992,0.0,6.31620864697518,7.412989381207879
21,0.0036910185098785186,-0.0005218400778022048,0.2640694622491405,0.0864901448239006,-0.857684073207952,1.0,0.9609055213919953,1.7133562294976552
21,-0.07191900440878585,-0.6033043227747112,0.09688985460154664,0.0575063041019076,-1.0613656079360676,0.0,-0.28724554656197965,1.2476025069243135
21,0.028251663963642315,0.5896411022038697,0.1884867060512765,1.1248676159158817,0.4110349461267816,0.0,3.355734238348133,3.170088269017064
21,1.163914244416046,1.074618638171058,2.5042872525159763,1.6726415347758818,1.8434073787275689,1.0,16.810939536408796,5.576496418405682
21,2.17362982614773,2.37890457323755,1.3271423190577096,2.1946823512869256,2.962191830526908,1.0,26.19664929861326,11.930383692207336
21,1.6702627526562404,0.6552144634432535,1.0080150710757807,1.6733771091574279,2.1324072331119113,1.0,14.749022757145418,6.197559201556054
21,-0.22709625070484707,1.094117020497624,0.32606712387369907,-0.7205183624085802,0.5013265531294215,0.0,2.540428730263928,2.1857876138871317
21,0.2947809652175848,2.616602447643162,1.0848880279971878,0.8041799800496258,1.77693358336852,1.0,13.398253415391558,5.5270288134633105
21,1.1492789797313996,1.0907023170230368,2.7679852502223112,0.6155430337017638,1.876999277448363,0.0,8.881852513460078,5.072758885802687
21,-0.44148390877958743,-0.741273278497216,-0.8323939361250159,-1.1146788593766903,0.31637285361086065,0.0,0.6492781423394403,0.5936389272405054
21,2.1164361709839685,1.2611883780987216,1.0459840476604945,1.4213347044757072,0.7280239697573794,1.0,13.754883594467854,7.45675889380513
21,2.7896793073712836,1.9375889384025682,2.507153081613215,0.6405835178421593,2.375098734105511,0.0,11.222359430466435,10.72489955399082
21,0.3508683072490476,0.33549889167548674,1.6914484547750095,0.4905758831627225,0.3003402019601087,1.0,5.914120037302396,2.5817221775389876
21,0.21926327497680387,0.34400730921983236,1.4474735165874668,0.6468877268502475,1.8879897045290845,0.0,5.913105530802158,3.471249390330106
21,-1.6898446271882714,0.04912358888781443,-0.6746371571760081,-0.47883185083427837,-1.3875059937627583,0.0,-3.601252095487723,-0.3929256135444048
21,1.551128715178031,1.5939768262282585,1.3818767209177234,0.9568372479173224,1.960741336548538,0.0,9.51876396266461,7.382541483241719
21,1.4194357229463974,2.7058863583857207,2.6024678431425468,2.330580824187845,2.7181360145345295,0.0,18.898700566738768,9.870926821653436
21,1.8469731016078352,2.8648990500665956,1.9253945894873576,2.5993039359868213,1.5188458713664716,1.0,30.167198774306893,11.321886108931608
21,2.002199946567101,1.820062852815194,1.4766474711282092,0.990015947451297,0.4824735799117148,1.0,15.512838152480262,8.123839473537256
21,1.4296142758460046,-0.327068811554426,-0.5372347075679853,1.6036977513157569,1.0753606258485517,0.0,7.153341045957726,3.0137294613009655
21,1.0001143141451359,0.9087770605067688,0.8002561970573878,1.56735965315693,1.0426298612183722,1.0,11.095457181593478,5.2649723915866
21,0.9628191557711118,1.1466969867368553,0.6039744412401206,0.8600426776412194,0.5008399922133714,0.0,3.970665144323869,4.964333415414527
21,2.1068866939416715,1.510360348813963,2.1721821018832213,2.7680027420358853,1.709542818745469,1.0,27.758484080591774,8.749859814281605
21,0.6128504701629158,0.2628213273150185,0.7512620986956543,-0.22400307863486613,0.2776630976373593,0.0,3.9099042170087417,2.7321951225631684
21,0.625390123513182,1.7870624608114316,1.0206315550687464,1.559765888017981,0.7570437390225486,1.0,11.702075588942925,5.515385790081279
21,0.29364137073741836,1.290808853009886,1.055746973153859,0.28686242262856265,0.12958065556017806,0.0,1.9564022232285305,3.399932819053621
21,0.3896384751801385,0.5765892388153544,0.1261984495138202,0.7700550597521295,0.8055187700476364,0.0,0.4847637819094981,3.550708886825955
21,0.6374565218198529,1.4149978734067576,0.5177255203020579,-0.5763776205423865,1.1911668358919445,0.0,4.404490818951698,4.363431265967295
21,1.9756532096054802,1.9848823269480447,1.466267439195976,2.2988686253221147,2.494564518124339,1.0,24.968634510435304,10.135895838958383
21,1.4392273804985363,1.4975125466024015,2.8380193634265174,2.7765793881395036,2.086588390384568,1.0,27.199034469955812,7.519950181364704
21,0.13324200805026842,0.5742125675125769,0.4343266361802961,0.4486235815128624,0.5165399084147158,1.0,6.165393084007784,3.0371351855778856
21,0.5811673122074957,0.9428581708714218,1.6640248493656664,-1.6762528041183073,-0.0777109821811739,1.0,7.4438654784859954,2.1719080909585227
21,1.2023697181857995,1.9003581752136403,2.2453295802789994,2.145010476392046,1.1083768603016309,1.0,19.621250268468245,6.961122672345871
21,2.479239777575758,2.099486855629303,3.2610716330034673,1.8262799265903231,3.1957737861549504,0.0,15.52972195214017,11.643186440830176
21,1.0777073539422095,0.6781918474852515,1.5513401256262587,2.082195014341054,0.8835357236500183,0.0,9.675841642206976,4.886832347628839
21,2.3607668060854774,0.7550168366116636,0.8598869227778265,1.4728090322673573,1.3016668756103926,1.0,13.283098548485317,6.8100150813093805
21,1.59986951471307,1.45191118001789,0.9158509414614104,2.49060031411818,1.1353915770314578,0.0,15.045040309779907,7.728796129025531
21,0.9801266432834109,1.6758731291173512,1.3872952298944918,0.3298061081075425,0.9698997229410473,0.0,6.636921826803095,5.496541322532268
21,1.2127883043721037,1.5521256890829926,1.99526317891572,1.9820687039568103,1.8953414114118572,1.0,17.31370470847778,6.789358521707376
21,1.03524737274143,1.6713754693460623,1.8670085607954015,1.694024579346209,0.4225608499743765,1.0,15.844734566719186,5.783495975301195
21,0.7440668290202985,0.7369593767077015,1.9726260133881026,2.5887911444633525,0.3657119452410701,1.0,17.425896454996156,4.361321738471372
22,-1.0240757389582806,-0.4191831324524693,-1.0394588545009467,-0.9024291354511607,1.1190762963559453,0.0,0.03967179608516169,0.8029268628772155
22,0.9866990808611448,0.2615060833165501,0.6172967997108089,1.0880252044156373,0.4799280348147752,1.0,6.7984285564271385,3.7902015491492764
22,-0.05994548522263998,0.8355193245277157,0.9718998585724881,0.12466369433949431,-0.29889743980469774,0.0,3.0767273457056374,2.300265710580341
22,1.0546090635279235,2.1027798911759437,1.9425643248909836,0.614573319395056,1.0000751568595225,1.0,14.195229250760155,6.211648390856677
22,1.2110974411715867,0.9868306627197725,1.0971697137048102,0.9728280610035388,1.270213325341602,0.0,5.561690851219401,5.4203343657262755
22,0.7718487375122043,1.2352436060903007,1.40933779040941,0.40348739067400063,-0.40653288222913875,1.0,8.14226761976392,3.820871482665436
22,0.9191392174597001,0.13782507461194604,0.14559198525815353,1.044268619392712,0.2856321548279359,0.0,3.0320423759215225,3.382329152105002
22,1.1736830841748975,0.03233524659618925,-0.248038254485051,0.7142293687706909,1.971447114808431,0.0,3.1438877250622883,3.82917551248923
22,0.9910430493126309,0.40069824871876825,1.5319331751430179,1.8173339593942521,2.07075355581701,1.0,13.243156667439981,4.84184357805635
22,1.3577621335723824,1.1764434124218954,1.6014437059551256,2.167135336194998,1.138455448510375,0.0,9.987512938238417,6.287307754271317
22,1.1794929381106458,1.4410460701248764,1.1665191772434462,0.7068574678344934,1.0465268129805965,0.0,4.702806480649336,5.86327918026009
22,0.8860835722268546,-1.7729758923713885,0.6222040056711565,1.1162456440155388,0.4355819803086354,1.0,1.5367483116275034,0.8851607188873384
22,1.1118030463488966,0.8958140463413409,0.33781257054052305,0.8285470342496237,0.6524854421265776,1.0,8.527098513016862,4.852681744456405
22,0.2733678896751327,0.36871256560553023,1.9948766563330351,1.085289263736759,1.4030255687192423,1.0,7.098765033191463,3.251947395911073
22,1.1484829964393024,2.3000253630269762,1.011922025680903,1.6709981548133848,1.8045107859813596,1.0,18.60732589072022,8.139741791215261
22,-0.6267500518410192,-1.5057765002889258,-0.3547477281986162,0.8257379663430339,-0.37318293754984944,0.0,-0.0036949447428437643,1.8641200200789765
22,-1.7606817270735795,0.07407121951482343,-1.972728938343523,-1.010368907308567,-1.3488798851936203,1.0,-6.605140534014907,-2.5309076289825354
22,0.685394472828041,0.03656726478295658,0.15612809968842423,0.2563605469095296,0.2900970908570034,0.0,1.8639789364036892,2.7251734846948543
22,1.1324846103041184,1.0277965943933183,1.873378043646131,2.0203424259034692,1.4726607796803795,1.0,16.941269209157163,5.629309425262326
22,-0.05099649468058609,-0.3611930396714864,0.10614115438590876,1.2817883728890889,0.6599815112649661,0.0,3.0938730506221526,2.8306526451036773
22,1.0792295580325877,1.6399951720056103,1.306956817130456,1.0151945446128021,1.4541218704292398,1.0,14.559554317367736,6.278469357283719
22,0.7904293023220249,0.9414751580248699,2.4630722098806164,0.708267614489416,1.3360206806812571,1.0,10.072838703022976,4.085299833011338
22,1.5520037593368041,0.5062010119334308,0.9537691408620894,0.20031622792360804,1.284250085297601,1.0,8.482984144374887,4.612509073470585
22,1.8942149483533863,2.363120222689377,0.056726569455746056,0.918953278715523,2.337904737140355,0.0,6.458618284031775,10.260109008318548
22,1.6665693434397735,2.0531484968501905,0.7717643108665047,1.6112196015471278,0.8850904609876135,0.0,9.398231184552623,8.632291803154345
22,-0.3951531267139774,0.3854857870299342,0.2751600144714269,0.15349872705289314,0.025603741089179177,1.0,2.5973805372104097,2.032353391283619
22,1.4983892313322869,0.8262667735315742,-0.044212776023708544,-0.566208813344357,0.9187617935475909,1.0,7.0383761277858925,4.553590114610344
22,-0.40324304942306544,-0.3957817539299351,0.7737029298892043,0.4751363150973936,-0.5550424069206801,0.0,-0.9895988193605596,1.8223102723583684
22,0.749946355230366,1.8064125803386841,1.2992993080672304,1.9368877624143137,0.06854647684433268,1.0,16.34326759459121,5.5534326924645185
22,2.3785887024269927,0.2636766411821563,1.5338309615185428,1.6904902469196519,2.2507756554786833,1.0,12.428476593067137,5.722816330942905
22,0.8694643044766647,0.46426338666572453,1.1412089091723676,0.8070641937276797,1.1803771218447963,1.0,8.689713683412899,4.051345144233968
22,0.6538469703493932,0.5937891376738391,1.2135485037674356,2.1957008673306735,0.905419167013749,1.0,12.912004723440543,4.51909670045603
22,0.8221226479083903,0.35163982760065693,2.1560594293842463,0.18077502417579216,-0.28940924879711116,0.0,3.011683166892651,2.3472661912892643
22,0.5648719449323973,1.429727931256232,1.9670346618043357,1.357126867129737,-0.2411068054656602,0.0,7.03753395641561,3.9604896246525954
22,0.6483391864488803,0.07511520368911839,0.6569229906850298,0.442269815531262,1.8970097071124317,1.0,6.475374242798318,3.7004036367532915
22,1.7741416074221523,1.2133162928638201,1.575952596785136,1.2961342353043666,1.1075094652275996,1.0,15.204526422133613,6.630965769792568
22,1.8022490398595412,2.117090197767988,1.858759773195363,2.2756609832508246,0.6377905388459782,1.0,21.902459460048902,8.877298924243771
22,1.793466516123258,2.30691179787203,0.8150518476896857,1.4638084571874252,1.1978796089830253,1.0,17.81236568665874,9.611758840704773
22,-0.898993143903797,-0.6876135361643365,-0.6779080861651372,-0.21652382942153525,0.7740951528114935,0.0,-1.5570588443637359,1.5435745304945672
22,0.7877390337890587,0.1755530744947088,0.8429474952098999,0.24439521694361643,1.4331879911987866,0.0,0.8992381188738499,3.5454665127236753
22,-0.5899030494033286,-0.4035551028168871,0.6790700387747619,-0.16612968313885967,0.486979514364152,0.0,-0.08547530717330076,2.0194463802082963
22,0.8904274151494002,0.7524421039236835,2.54746806242088,1.4271257580143195,2.4381197283931826,1.0,14.155394311925628,4.869147755828463
22,1.0370660853763936,0.8342848537073282,1.2995437398947494,2.0908972043148415,1.2603987060130586,1.0,13.981761942481777,5.394242255901635
22,0.30780005471429184,-0.31477022310909764,0.10232302100469859,0.5377472557421176,-0.03085275265222931,0.0,3.2639474883973056,2.199006951584991
22,1.26070806484898,0.798654524708098,1.5395501454463287,1.655544803736299,1.0400068306295407,1.0,10.11198833184478,5.1853434822103415
22,0.9167541280758146,0.2501779912093348,1.0485857669872918,0.40423721877919117,0.9639871266964789,0.0,1.9857196635069851,3.520020110528704
22,2.2697142019646552,1.402366911098119,1.3981637837232959,2.164926774144358,1.3733475982979217,1.0,21.065796989607968,8.65900808327816
22,2.197612965954855,1.4899934024655048,2.101012464888342,0.8031469992030498,0.5423467586855285,1.0,16.253991170380964,7.335765301173563
22,-0.49708506909398165,-0.6947808077587223,0.6057948320152371,0.3397999720723893,-0.20994304155939103,0.0,-0.45648172073749493,1.9393078762293003
22,-0.06851000956163822,0.5604691877417529,0.8392580536689775,-0.42151170335489585,1.3618746008960767,0.0,2.1270167980624497,2.7654074425914335
23,0.7439255009225154,-0.30305065709395085,0.39067177464011404,1.0055224749684086,1.5743645629886793,0.0,4.158280428211047,3.404923166573134
23,0.9508788523979765,1.9754570999231484,0.0908041208867637,1.8986927563801428,1.4755092089948527,1.0,15.784572574658519,7.06997153723222
23,0.6554742197865335,0.6836084191872288,1.5179005213746863,0.8836901894848932,1.5178733324406575,0.0,3.977811728301626,4.130232178434521
23,-0.11029964708696727,0.2666808082640938,-0.38532796793937507,0.9534186354530569,0.41178369515154467,0.0,-0.019485841222248723,2.465388174359385
23,2.6646697470423986,1.192385307593554,1.2461853037443968,1.7794418281032112,0.7723528092703594,0.0,7.452818726098265,8.323770701260692
23,1.6797218070237538,0.49475625005412405,1.817700896062455,1.8974041587176715,2.7939240456095056,1.0,14.623746422959757,5.928402863627332
23,2.2146488897845593,2.2371789573780965,1.6663889289113305,2.036468308858935,2.00445938964827,0.0,13.082496644967085,10.938691049543248
23,0.23287512382094777,0.970864443270334,1.2800787860081826,0.9397327967158229,0.26547222617750976,0.0,4.379299362895799,3.3572415959331043
23,1.1014290836906655,-0.5413613161539488,0.689267730672416,1.1445613488539166,0.4369265580897769,1.0,6.254504459713067,2.5908525290111237
23,0.029768263477401358,0.3486342556414156,0.053812592350735766,0.8879225710193338,-0.2993456188701804,0.0,0.20471044554148676,2.5193267200082747
23,0.8029408053605693,1.0470567150477499,-0.14089268582481385,1.1057332802937,0.6360729297290677,0.0,4.406959007794235,4.55627111786497
23,-0.9998877441262672,-0.3044348409842337,0.10340185655960876,-0.4705792431983171,-0.48441555148725013,0.0,-0.9216333997186601,1.2211016943357138
23,0.07951493758086448,0.8568803383813194,0.6737176307914501,1.4242937762733847,1.5826899801486807,0.0,6.722083318334899,4.158190776274003
23,0.2582055023367956,0.872710320554364,1.2960215854834432,0.6800392016813288,1.4246638758556474,1.0,8.188843015707926,3.762488985099793
23,0.3224249723819149,-0.2920384706875294,0.2566026769440689,-0.0523762010580755,0.7091398781629239,1.0,2.923659174208813,2.344973717229915
23,3.598977482674467,1.201477170522329,1.5594214396524706,3.0419233179049483,1.4017688946252476,1.0,26.43139650689837,10.737248077195279
23,0.7280003439442642,1.6834572547364335,1.4316765830110896,-0.05752206157316153,0.8105431322890829,0.0,4.966297881480723,4.662306503575649
23,1.4200963240697366,0.19214766157009344,0.7218113880934779,0.5886973089553004,0.9849192093338474,0.0,2.9628756427438874,3.977314228751106
23,1.4901654654229146,1.4675498283017316,1.7249463484860819,0.7795329972505101,1.3223206746912612,0.0,6.5918502954444005,6.425609474743534
23,-0.8373088711621215,-0.30936395673528505,-0.7756829654622326,-1.0975167870023697,-0.6095322920875548,1.0,-0.2001291844469847,0.15827373472982054
23,1.5275167061672823,0.36207656314238523,1.009449889677705,1.0145982698242721,0.854387860656572,0.0,3.709734929639997,4.4694191356593596
23,1.0839294451909658,0.4198666964402805,0.4497937191198903,1.2434554209586033,1.3895211009980684,0.0,3.8685714379422906,4.6489258749479925
23,1.222398373799148,0.23701572281658223,0.5751518726185254,2.1597289364311174,1.1211497543699451,0.0,9.006104464330903,4.786559663282636
23,-0.6489334360888164,-0.34052942455182134,-0.5605441164888725,-1.6238893153275873,-0.09733947332140191,0.0,2.7821424172767566,0.4323290051129012
23,-0.13591403729864648,1.5339305477627296,2.4611886006205816,1.339119571729784,1.1937995097172214,0.0,7.097224458411894,3.2102608129870065
23,1.0927652383949376,1.0210758766783437,2.3681880517624525,1.2965699706786227,0.30945109129709913,0.0,8.844713244828448,4.444284888079169
23,0.6582665762515236,1.2805865431676047,-0.10217314315061632,-0.05287608646849584,0.3097805569837978,0.0,2.6253697545302908,3.8845444064217087
23,0.8084009766039435,0.38183441116204253,0.5968693984773625,1.9505578813008297,-1.181078574681826,0.0,5.575867228844579,3.414066595508805
23,1.9728696840916657,1.1793777703337645,1.1098643893857738,1.5737056496064477,1.0824474317987556,1.0,15.643079854088985,7.230674090692856
23,1.0557187861656108,1.0357781441343346,1.8398603386032293,1.4454935812329763,1.4279963711751813,1.0,14.090783555743394,5.230084813914177
23,1.4486971152877801,0.8308122429272734,0.5794999561779073,2.036288923290018,0.969557262178136,1.0,14.110135504293737,5.972759630916629
23,0.24536174156335955,0.34117015395523154,0.47448016775135526,2.3801041903553237,1.4413921543611523,0.0,8.957629571214119,4.414494647868144
23,-0.07363710977319693,0.13542888036101186,-0.38396985570867925,0.3546756592521896,0.8674880313232898,0.0,1.105301642909456,2.3672050323452996
23,0.3841894772678801,-0.353031924632476,0.6660477097211275,0.5124026926134374,1.1787618793031336,1.0,3.895154988401866,2.8448236210504323
23,2.648237592457172,1.6329549010042255,1.4984028063660535,2.6527847390877413,1.0404281892614826,1.0,23.976592948029655,10.133186973121473
23,0.6223649438685417,0.5259561308497542,0.5008259890466646,-0.36388271375497183,0.2676036892122292,0.0,0.5631061042322727,2.9809569397877516
23,-0.18752332711358988,1.8184872872306828,0.8485988923270988,1.4180053822382348,1.8370248151286466,1.0,7.934273528813023,4.18732286096375
23,2.471058063957852,3.201939504693309,1.539406646249201,2.679622251523462,0.5257492068886316,1.0,33.90830890243604,14.15245079606176
23,1.9660413475805392,1.551837308321322,1.6408733987722597,2.903561427188662,3.0408042891092344,1.0,25.754802796151225,9.532515468005984
23,0.7374367281750505,0.37507087638842007,0.23494170102900302,0.5963535160640895,0.7229051959508859,1.0,5.294081969096796,3.582472962907768
23,1.481927539415927,0.9466116911811275,1.5914228504110552,1.550065389912536,0.5034390416267116,1.0,13.25390130990157,5.418918129525168
23,0.8333986262872207,0.6271002957758717,-0.024797902868971322,2.078004528651073,0.6761212817076501,0.0,5.746382549650088,4.617230487582765
23,3.9555822615782543,4.264558404027591,3.8472406739089218,3.978310243600207,4.032433867842522,1.0,69.40343482270879,27.146682849124215
23,-0.4753649665977764,-0.24858258024604774,0.8642783496081525,0.6895857758457092,0.9892259752555166,0.0,1.687714812354919,2.6769279183232086
23,0.2644907587451748,0.5396176662438985,0.5736836956916368,0.3438092352630313,0.342280746246558,0.0,0.5320112660244198,3.0145723643481297
23,0.6845629700010833,0.8614034326436971,0.5970979252696266,1.1275281417798386,0.9209690441718883,0.0,4.053891059338762,4.512436420914662
23,1.4277713757674142,1.4244360426208766,1.8874724264948848,0.9369790466194355,1.8397986399877322,1.0,14.31951196099336,6.4805881091889725
23,1.7045017811995846,1.5452471642151804,1.3007917665692994,1.4952643220154869,0.6297279369930467,0.0,8.560653823620118,7.238378860993451
23,2.01718854186589,1.454744893078174,0.7066371780469825,0.7113915559385393,2.035406299541427,0.0,5.851305753258822,8.157728548674035
23,2.9160679675855548,1.7515200505961992,0.792232449734056,1.2017104744411422,1.4971654208119076,1.0,16.79073923152223,10.889157430784618
24,1.520457048193056,1.8723872985301717,0.9867536519660527,1.3131257634161648,0.7832338398551855,0.0,7.595229108336598,7.636264261827018
24,1.3699055416773185,1.5984233209373873,1.8862147524255075,2.128726247219599,2.7502945284492797,1.0,20.004123791845014,7.746256878983846
24,0.12750933381149476,0.4289490974671393,0.07115199087833657,0.4831769004251164,-0.39974737452179676,1.0,3.270613877148894,2.4076847525197795
24,1.1179725029314262,2.862692580357923,1.495657675024343,1.6913788371262855,1.972106940755697,1.0,20.780853873027567,8.845383825831078
24,3.4759426340460053,2.9976366897788385,2.255584649365243,2.880699291265426,3.1499059838928476,1.0,40.07776455605521,18.16698872524693
24,0.8241567262417138,-0.16335079084889004,1.992028896775906,1.21681408959491,0.6889015630554258,0.0,3.905084707762612,2.735763000342758
24,1.7626712147341714,0.4991643176674152,0.5528322599754418,0.4105858128163111,1.24443747564176,0.0,4.340148435932654,4.965748833168627
24,0.7535995546999991,1.6684547752411558,1.1142428483387512,-0.4152351745140408,1.5697584927337709,1.0,10.19237523485863,5.043614236032436
24,0.13262944128027832,1.1654084983731527,1.441330445715588,0.9978819987176174,0.1322335965369138,0.0,4.446595117931904,3.2184139804994922
24,0.816099895370608,0.47040712753589364,1.6679659661664932,0.9628576715627492,1.2536052412523802,1.0,8.836804722377378,3.872350358594823
24,-0.17432525984343616,0.8517893101542545,0.9497034527426129,-0.2937641206213135,0.02915907033920051,0.0,2.213436576775664,2.1147171135818814
24,1.154094061769369,1.3047763496533893,0.6250786668902448,0.8405571121863615,0.9144302081788723,0.0,4.522565205482085,5.736219925624207
24,-0.7254565829787141,0.9621191394959948,-1.0992824852264165,-0.1210838211611871,0.39109866388270365,0.0,-0.4677481919882085,0.4599572527050227
24,0.8671238413111872,0.19266207284821257,1.6241573888524399,0.1849046407956778,0.5126663162313443,1.0,6.1205695624600445,2.8044832644474846
24,2.260142031596752,2.0856991222553996,1.2397329464725921,1.649245047730646,1.4776220703216945,0.0,10.382154785605687,10.395245708469574
24,1.176413105454087,1.4340136285368257,0.040285865396501586,1.1859273039735256,0.6837077452465805,0.0,4.025502968491321,5.946354884581682
24,1.206623552826346,0.5051397036443517,0.6289123242808263,0.30369217986927444,0.3923117198439573,0.0,1.9887848025009092,3.9365210327877023
24,-1.1201266965349381,-0.8859227150909066,0.41136259024095934,0.7566289638241008,-0.1942336863903611,0.0,-1.0295532060236203,2.3927767426818276
24,-0.8087463468309284,-0.7264799229376102,1.04719051340108,0.7269325362292354,0.22814292255320023,0.0,-0.10876858395219335,2.3210639298266176
24,0.3421526905775716,0.6130260505414795,-0.2251880701176059,-0.09206764009917179,1.3304735409203112,0.0,1.7368900858215963,3.1686989286882143
24,-0.665112044127677,-0.6480756058654775,-0.8877211104038705,-0.21384003893838366,0.27626557474706837,1.0,-0.7548357271936296,0.9929825300601782
24,0.948346551035375,0.20058994215654347,1.6240200451387898,1.0853826107026603,0.9323728942786389,0.0,4.195269771910207,3.532386207943692
24,0.3672595984213016,0.058860721264864635,0.35433014859361855,-0.06155957630071707,0.24574118590716743,0.0,0.42936421846373807,2.441812316133168
24,1.47620423529406,1.4162656979135928,0.3097757609210716,1.4318465753202323,0.3269366274922807,1.0,13.676567239249241,6.523613822041986
24,1.080777459308306,2.145104403742712,0.5785244141467373,1.3183720695705614,-0.2641846791762079,0.0,5.801064122705691,6.584947716576952
24,2.1489139481680715,1.9365306122032018,2.767196688820346,2.2588615290794345,1.1523922931004291,1.0,26.90836041296478,9.362656485645074
24,0.8659784233989026,1.87353375200273,1.1865165837548115,1.287534662813549,0.763454176867822,0.0,9.090601780547939,5.98584011053209
24,-0.3110188372963416,0.3426763348635049,0.04402553091719341,0.7515199907745982,-0.3142051818749876,0.0,2.607370938488145,2.1489511562908343
24,0.48317659559325665,1.3801335794669236,-0.0208303885514336,0.597494794884907,-0.46487123988398804,1.0,5.846873597879523,3.6541829704466156
24,0.7076530566123131,0.5004124713200903,0.3775253756829603,1.5156857261093921,2.1188373158313984,0.0,6.716991403600206,4.893755067666863
24,1.932558679323931,1.6564519127126691,1.4531306656499285,1.6249582141363388,1.5582154804427115,1.0,19.575677373181822,8.431242328383782
24,2.0386547751496726,2.801522483019695,2.295760881436196,2.5544332835749364,1.8218438931156293,1.0,29.204401295382493,11.80433593442905
24,0.9155487387752848,-0.3199180660915668,0.1618767420105507,-0.5382066264279479,0.12372235086127803,1.0,4.261835342940713,1.865537533435989
24,1.33135118437323,0.755619206504414,1.5192165358147938,0.8777783980482597,1.172331138221119,0.0,5.968691731332499,4.885699679895361
24,2.0553607635524322,-0.6237740521379156,1.3941312667037304,1.0484639343268105,-0.19255963934719378,0.0,3.146379027094875,1.7344779488083346
24,1.317194485512361,1.1606435593630062,1.219594896133711,0.9078940471374837,0.28068010072299154,0.0,5.901807828355635,5.315822991361179
24,0.7858654763736441,2.9703985695877217,3.2441531953006946,2.8050004481610227,3.622721990859888,1.0,33.940164401641546,9.053658250928105
24,3.61690229586113,1.93469297212091,2.0766180318447676,2.053361824857147,2.303407625830311,1.0,26.914176731176433,13.505560415712644
24,2.224744396715108,2.1016051364412762,1.9596593965652847,2.1988542058260787,1.692163824762852,0.0,14.008981566643978,10.384911118998524
24,-1.9117898168539567,-0.7713215690150941,-1.1960998792926092,0.2013335276327941,-1.5794581790767808,0.0,-4.040967391292423,0.21192681716273354
24,-0.13369051742096238,-0.804483330840037,-0.5790919860935593,-1.2239235151235346,0.6667607782888315,1.0,2.2135557209830923,0.9072974255371804
24,0.14072656790287486,0.7972316955987693,0.5575220937544114,0.6355508687080431,0.8756939376441056,0.0,0.11483698409067333,3.464123000332913
24,2.480776809460317,1.859024676328787,2.864846259144494,1.1604476770085945,2.4223448159566088,1.0,22.923850656620612,10.043595922040202
24,1.4441793672898982,2.8996150156055265,1.58971196891377,3.213165019537498,2.4705383575181994,1.0,34.02836141512228,10.977254528922444
24,1.5294285614889835,0.41615911557266694,0.7869879257568793,2.218292607089216,1.4683738056280662,0.0,8.961700049606328,5.552088401612988
24,2.7618119001868675,1.9613302171011635,2.892193889983492,2.932503394607833,2.2682584775721475,1.0,33.171415877439784,11.855813078669652
24,1.2510403249976076,1.2550537274869729,1.0936480047299229,1.4551960387616731,1.4329383085838578,0.0,5.908119467639564,6.273308902916395
24,1.056188376685383,0.5169870615670333,0.2873393264620744,0.0797974695196626,0.7605794700327078,1.0,5.565088232287712,3.8554828858005368
24,-0.06149577528015282,0.03286760667329214,0.38679962183598615,0.7338744740834329,-0.1526075070927051,0.0,-0.04876780551368565,2.393819058988498
24,0.2949852652142373,1.5482193230917134,1.4790037286755706,1.664350021023063,1.8224649620046898,0.0,9.054536889781586,4.95287728446644
25,0.18508553530003158,0.02305136698361887,-0.09926070889169392,0.49427852650891135,-0.3559443344913036,0.0,0.16406318558561112,2.1229493666204653
25,0.504001123728965,1.2194616895508985,2.3980312964089316,2.542994428480948,0.6802268771985831,1.0,16.028065569335954,4.550905268943727
25,1.1792464034670525,2.031423812326852,0.6924753215150323,0.4679296788577465,1.4489441186557506,0.0,6.121342284101408,7.075226911644375
25,1.1158929420443515,2.5619375483197477,2.6012399057975975,1.3996414178835739,1.3014154153253938,1.0,22.202460294880254,7.491384375144883
25,0.7631167002833779,-0.6105326342377966,0.083859674943919,-0.4038657220645281,-0.675168451596863,0.0,-0.04375844045528138,1.109282972022182
25,1.6185960177124874,2.1589770688273524,1.4156965889843416,2.0335124688589588,1.9106346448701208,1.0,22.940867953891633,9.217698721193166
25,0.7588097498097999,0.5600449505342311,0.9016442190391174,1.0740773804374344,0.5214723433986719,0.0,3.7172773216258896,3.953313057991588
25,1.079020424161964,-0.3039791394324298,0.9918020787931443,1.100340247119941,0.12232631770561331,0.0,3.972537493812693,2.713937649986195
25,1.324008442866275,0.9009447035344784,0.450219384522077,3.0040565173528964,1.409975369015437,1.0,20.01250875554176,6.637812258659441
25,0.7419393132545689,-0.16614576384208668,0.710340475662361,-0.28621670101218566,0.49619933185112686,0.0,0.42738069244697496,2.382928152535549
25,1.7386889571471262,2.1668439147031453,1.0482123623987407,2.274253686365997,1.534615670224695,0.0,12.303901959939312,9.647895772184985
25,-0.4810939142827677,1.2610146680179266,1.4576093983677514,1.1689262572789734,0.8708402166008632,1.0,7.5102338096363805,2.644927235323772
25,0.6581842264384785,1.8587703427703524,2.689827584873715,2.0246708748293507,-0.15606041531749848,0.0,13.318236300356196,4.8614316709423075
25,0.39742043928213155,-0.060014696137246304,0.7865966583856874,-0.3910165736197271,1.4182771515010286,0.0,-0.30890206507504026,2.7580392324191383
25,0.445470376335784,0.3005226593945092,-0.07521296419707957,0.3498749457462169,-0.1304818457106287,0.0,1.0813336844945802,2.576133366116559
25,2.0773743010174064,2.259926642249532,2.3195988231433837,1.5492920501478693,1.787751426724778,1.0,24.653010160677688,10.010923079034763
25,0.16798947824360655,0.8272498178015956,1.3217229738760663,0.7908480768119377,1.2439533299439207,0.0,3.844513536195106,3.5613571169039333
25,-0.24083622669105975,1.4624095468804441,0.8693338116698948,-0.1977301866022798,0.20955522270292892,0.0,2.83975095084247,2.344500477963614
25,3.8431115940165084,3.701962256107989,3.31525604442322,2.894203176178835,2.737286556978991,1.0,52.361413326578756,22.48800550716327
25,-0.1948664051088551,0.6738429807015276,0.40172330914422727,-0.016449101813716505,-0.1929341896728829,1.0,1.2581622741461176,2.124737475832273
25,1.1708636764594686,1.2958107625569435,0.7363757845863848,0.9393763945573048,1.136928843644129,0.0,5.751217534787184,5.897802952503808
25,-0.25940728454048,-0.09228192560802428,-0.4555243130661579,0.17604734026689206,-0.535673417002035,0.0,0.16261764992957295,1.3385492926472895
25,1.0846005617575496,0.8843174878574949,2.2123157016220842,1.223989825941969,1.5003757869338301,1.0,12.714072914435784,4.813517490474366
25,1.129524853082245,0.1723658447601818,1.2912740764844433,-0.3962630642548919,0.38770234913789003,0.0,2.911424051568934,2.7628900081900007
25,1.1586491707513544,1.997300157208767,2.2681992699119125,2.3499411954705165,0.89580028635697,0.0,15.539643803273282,7.006886032465294
25,1.986905969314144,1.6972790872988588,1.2135298746623415,2.3885062636589716,1.927257660378034,1.0,22.07986860038462,9.328787979351267
25,1.381105345765625,-0.16773828171256833,1.2194653355613223,0.45299833678814516,0.2086744272789678,1.0,5.0590202865640785,2.6597361444819843
25,1.6582048053738563,1.2503180639784197,2.448160240860093,0.79406100043191,0.7339067839354103,0.0,7.680808302313878,5.74655225146102
25,0.89839157189763,0.06361558155933833,0.15086255722169395,1.0272212802306133,0.9226741146194214,0.0,3.236106349855069,3.577176066265018
25,1.526342434158249,0.6168408317187921,1.4262744686092859,1.954251892544836,1.485580918244403,0.0,8.945839522235646,5.590174898274114
25,-0.36890624388963156,0.05233265878968785,0.5770888603957878,2.1821135401187415,0.6178947897508709,0.0,5.1332758004582875,3.34901043544747
25,-0.9871943543650965,-0.09878828655363558,0.5933793220001089,1.0050339267105088,1.4742239599014166,0.0,0.38943784448334606,2.919906337652868
25,2.0194148554731006,1.9425899860511706,2.5356032008315137,2.079005848226063,2.0893886193507734,1.0,25.39087126221232,9.433957398993918
25,0.01627757063571056,0.2783465836037009,0.3910385987437768,0.5017658230344042,-0.6185021530558044,0.0,-0.010742778655550844,2.213507715530862
25,1.335996475563379,1.7156525014355286,1.5213858291495874,2.520017744424833,1.7957412762006284,1.0,21.552351904267233,7.785893003586662
25,1.0612249783712004,1.7487349191181134,1.2079131229399986,1.5580780096443432,1.1328163802182987,0.0,8.432657009293235,6.565156028527456
25,0.2397644855160671,0.18065349137704334,-0.8195858820656341,-0.3903178985430429,0.8123744581165067,1.0,1.1979167293437913,1.7372825479985479
25,1.0139382186777326,1.3794653753211592,0.6739110356577482,1.5128389611877746,0.47081563090802714,0.0,7.43795181816296,5.7055642552523835
25,1.285551492993847,0.23738363010547803,1.364492030875659,1.353165459607688,1.1793477746661827,1.0,10.677737714986876,4.219983045855366
25,1.7947661518392626,2.105604066294066,1.212153896359527,1.95477036701701,2.191023705668422,0.0,12.660225710143031,9.759229364950949
25,2.280743847602668,2.2503274173165844,3.513001092999215,2.0918117134990255,3.353582511630563,1.0,31.609163790194874,11.9453365960409
25,0.12455081184565597,0.5578023294310108,0.10134037456400002,-0.07140852314983093,1.7835094367116129,0.0,2.2778478659489516,3.312241405012955
25,-0.023131074219767456,1.0686637757936406,0.7399053086607346,1.4722320830093811,1.0473528002259103,1.0,8.629968320161268,3.8663245102652644
25,1.151694707849544,1.840786232268501,2.0719727318094288,2.164533212051962,2.807699663705278,1.0,21.712736761294416,7.657909436681097
25,1.7622050986163096,1.0483511742348255,0.5837140004076005,-0.0626742088486687,1.3589631144268584,1.0,10.051892641905036,6.027110898273046
25,2.3008490317246744,2.594016535903881,3.2435361631838986,2.952555208091198,2.278589276667747,1.0,36.032426526363466,12.658405283679802
25,1.351455220001261,1.4769681006831195,0.7935317312324386,0.8340982055321653,0.8519884504063477,0.0,4.455243342844067,6.351409257829653
25,2.7089029440816565,2.588198122234518,3.0112067192823133,1.6751218139617658,2.5183763766834786,1.0,31.05708831228331,13.270568711700829
25,-1.408973578453153,-1.1796063873367935,-0.9925501465810642,-0.9302256752636142,-1.0166982790564232,0.0,-0.9085076605080029,0.4445632893559419
25,-0.4838563242474023,-0.6210781528853553,0.12986197375280661,0.017866556669207,0.49678469719928553,1.0,1.8360730996881904,2.061881744553446
26,0.11766470503643511,0.9880943171842987,2.021399842705569,1.4444876216520783,0.8486332487651502,0.0,6.430089325412953,3.390894805034266
26,2.7883536109480116,2.4633352115941918,2.5689163240187414,2.6449187201888344,2.854769905836164,1.0,35.16433437285607,13.68834278999724
26,1.991159815180744,0.7798364794464658,0.9760738152841841,1.298328990913415,1.208843705064929,1.0,13.830178374931206,6.240179394476993
26,1.528592832076676,0.9926839205075842,1.1697918996246957,0.6285993294292347,0.8708248044520109,0.0,3.6909421652256174,5.502999202854656
26,1.9354926443390585,1.7259406922261458,1.3434035647818559,2.174251658293011,1.9831507241286082,0.0,11.849809420484132,9.147103327793273
26,0.7939343997317206,0.7292929152005113,2.123435476206217,-0.25826548241114855,-0.35691742287030137,0.0,3.1715193560577544,2.569815330163336
26,2.4051371699833037,2.0971717020032417,2.3634901432448725,2.0356209237419387,2.516926955586687,1.0,28.325141463828746,11.04091233678109
26,-0.1669791617384595,0.4661772380109598,0.3025668505497018,1.0587341426040549,1.1258741900841847,1.0,4.630273145253787,3.269919531862854
26,0.4839801523061825,1.7496104253695242,1.497810240260824,1.6379348980952315,1.679667351251942,1.0,15.302404531606625,5.444199558478401
26,0.3644795728438629,1.5401876866279562,0.7224328608740902,0.732145917589939,-0.08287443109689674,1.0,7.816235820246619,3.9497520681976748
26,-1.282381389774807,-0.516811361392931,-2.1054703117482716,-1.3460913027836314,-1.005492627587762,0.0,-0.9974210977956524,-1.9749347765911718
26,0.6201131590236616,0.002049674630555609,1.1606620300585082,0.8515112989466282,-0.3888093103452268,1.0,6.4403766730664795,2.522766947090037
26,0.788603611182213,0.9928828437275842,0.9494595925500312,1.1091851976450644,1.3792789695152181,1.0,10.86798333252255,4.974818683658265
26,0.3238840169516257,-0.3220800368785066,1.5677898301690294,-0.34658906244354926,0.7176993402522045,0.0,0.29836030331652774,1.8690419599978345
26,1.4472394602529313,1.8373511806949883,1.5945956508159589,-0.05950445920040082,0.5833906429613691,1.0,12.443861913517276,6.336826291409057
26,0.36815986028270964,1.48946355489571,0.5479661361407406,0.9210943631651226,0.6107441175543851,1.0,7.031954940028596,4.370660543000334
26,1.7449658678550521,1.5972791072211354,0.9688540465817568,1.8106357960205206,1.2154394486365014,1.0,18.790256000749082,8.022029097074435
26,0.31964667526859736,1.4195601705423393,0.25398916617039746,0.02617066260339085,0.7298033587447714,1.0,4.349262973063275,3.7962604849879993
26,0.3566451434198875,-0.7994843914414507,-0.35530979868236856,-0.7756932906290734,-0.10157791910901826,0.0,0.3397387008948233,0.8146964071198931
26,1.9140485333951007,1.6604930010643915,1.0771717609354505,1.2765546994002097,1.747013445822411,1.0,17.078195578030535,8.489725777018457
26,1.5943781441150229,1.5889698586538825,1.126932105528844,1.0220524376840316,2.705024552453292,0.0,7.574171172331782,7.981529800391484
26,0.9426424955610737,-0.0009200231590191787,0.4326821304469666,1.425148382034168,1.1488639174589816,0.0,4.354394623848256,3.881185577920571
26,0.8388854719337073,0.6948159912175822,1.7427728835797072,0.828550188081041,0.23676882841865665,0.0,3.9562242186396737,3.5826376407371243
26,2.2935885835509686,1.5528444055477921,0.5375950007905048,2.6642658169800004,0.1359778283351486,0.0,10.93202216404945,9.012664714521549
26,-0.5679869337184764,-0.1367891883201613,0.8354038396732862,0.4021371911855903,-0.46823428460626326,0.0,1.2537996128880569,1.7808380467436677
26,-0.6259491965497204,1.195530887780976,0.4669388294311988,1.572738188387314,-0.15382375754605793,0.0,4.940952939592421,2.3723263479576078
26,0.578386006019281,1.1871260056935649,0.933281945013562,2.0084641696188794,1.238643411236439,1.0,15.779325010829064,5.254767732627286
26,1.3631231131487125,0.28810438243869074,-0.630914559266049,-0.8318658224968265,0.5940853055958644,1.0,6.408529344802517,2.5914763150770384
26,-0.44268009617086546,0.25241561923366174,-0.22829299068138664,-1.4580460424168344,-0.09623572142237302,0.0,2.2896466719031823,0.8758951496736356
26,0.4860503305889644,1.4566312951227407,-0.02912657404379826,0.4003207720267641,0.5817519400882398,0.0,2.540089619014709,4.155385855761405
26,2.063320771212984,1.4967771940474293,1.3737379029978998,1.042136053542397,1.2928371880689424,0.0,6.677681264435349,7.918521564191334
26,0.8298633112384414,0.6544364796406711,-0.7826020410047076,-0.1626176207736998,-0.6985486382961306,1.0,2.2930698042702753,2.172439740922445
26,0.35543014003368556,0.6219457929194333,1.926645490241004,0.3115646998999737,1.3414723236559907,0.0,4.363474835485864,3.15120104870196
26,-0.21964447343584004,0.42951200375633114,0.7695359110495692,0.10195094870200805,0.14904740571941255,0.0,-1.4086267397296357,2.239094620956628
26,0.4339537538093182,0.5245784817029175,-0.03542534031113953,-0.1270025110003341,0.4217071606184597,1.0,1.6441391230272226,2.8359211619626676
26,0.5643198631493347,-0.34565728760821646,-0.44090061439365447,0.25124721911800807,-0.43260781578707297,1.0,0.8035105521477179,1.5075070981334617
26,0.12033801923451648,0.916405600738398,-0.060297258439211854,0.24484859328214437,2.5235966331490607,1.0,6.067750937211388,3.980906899817435
26,2.264239729307304,1.7105860113349718,3.5241307079952,3.0606737627794813,1.5188115850192363,1.0,32.92326691325773,9.984677476321519
26,1.7751751860890588,2.1364009661394654,0.0852252573745299,0.598038131518082,1.7357563317370885,0.0,6.442656872593839,8.954154444451056
26,1.0793640862254685,0.7266559651376007,0.33535879573223004,1.3610823680439086,0.6436818123655539,1.0,8.77214555610192,4.801690153434512
26,1.3225176184339027,1.3940650641514327,1.5790213869604557,0.6893658997326108,1.1955959277196577,1.0,12.866420665231239,5.9257335896563825
26,0.9539376431259193,1.3066900044234417,1.18225988880055,1.0865720692633212,1.2963761586986369,0.0,6.186929846701672,5.538253011935227
26,1.3866462736058311,1.8771118268605473,1.65105146946013,1.1020768288142397,0.24987401157453748,0.0,8.758043229438218,6.656101307005921
26,2.5169619768733487,0.26874916971151186,2.325696739849466,1.8732683942727406,2.336253783149587,1.0,15.377535525747755,5.651680334487535
26,1.3221043549744627,1.1761916880221563,0.9652924274664088,1.587524589361984,1.2890967467016692,0.0,8.689773728494762,6.294329518569757
26,-1.0970986831269842,0.05643835941588693,0.3436544255197891,0.6300444157193863,0.39955192383351745,0.0,1.3949778299407423,2.045906440233485
26,0.02499378239702088,0.9979417025992783,1.2175701940066177,0.7039640044156958,0.6290253328566571,0.0,4.518893877607688,3.157616404778039
26,1.2792930559480258,0.5908623708573715,1.962976546102463,1.0490491726691211,2.0262316189210687,1.0,11.380414500082658,4.827888495777297
26,1.0803725456931428,1.929757250345343,2.3796480734084238,2.5346747680812447,1.9258321076725666,1.0,23.847972768756904,7.286504147573381
26,-0.11175718839927073,-0.13703445397076797,0.5891493333707858,0.7211049871285412,1.7516274374475744,1.0,3.337369912390984,3.253273299228778
27,1.1504520348386615,0.9156280717358084,1.4736650046968758,1.4114710050277672,1.5410959642296005,0.0,8.139856614027728,5.396520881868688
27,-1.6358531503547429,-0.05482784313156919,0.5732798594436842,-1.3400336433212021,-1.187527929403955,0.0,-2.422953697807028,0.10733547923292308
27,2.440753284364865,2.799683443962549,2.6551086316378654,2.3014529258534013,2.2823500823919884,1.0,34.29100363429793,13.189028633384975
27,0.9615854040709311,1.1346224503811018,0.3904868841896775,0.2929064016318351,1.690899238416541,0.0,2.8370364653065447,5.251010419271191
27,1.385729048354953,1.941551974816588,2.1313513446913763,1.0261287152855116,0.47676416075957007,1.0,16.557170918051625,6.6395712345166205
27,0.8101865576020951,0.05421736507750208,0.12111297105113183,1.1351089647026082,1.9500839707452702,0.0,3.8830399329779595,4.071955879725666
27,2.9963193380926043,1.8638377056974473,2.1369059288116654,3.252834519116192,2.410715879412254,1.0,32.824128014046195,12.378607002785646
27,2.200078887221789,3.1197820043320608,3.608858428005552,2.063931620229684,1.9604478005545722,1.0,36.47409217822055,13.447512643392143
27,1.2984710783466142,0.7767715313254385,2.791470600295067,-0.5300996846122266,1.3709443203744782,1.0,10.573082829304818,3.9230634367303705
27,1.2138213778059304,1.8024682847713231,0.9306125884974308,1.2567641983261642,1.1579142068758772,1.0,14.049945983442678,6.966007672000916
27,2.184818187058286,1.0492200726166498,1.4482208149659868,2.1682517505518746,1.8384052911534299,1.0,19.352859343852753,7.759081952859178
27,1.935745443054551,2.9906651830885957,2.764433666411012,2.8149503601469226,2.1456144551265957,1.0,35.511080789793105,12.185156377599231
27,0.4943160368283609,1.9297031469275603,1.0031213612284147,0.583358763099382,0.9454337626289395,1.0,9.158108578707322,4.96952289037468
27,0.6396412435386714,0.5345915110182669,-0.3791531970613866,-0.17185568014079755,-1.5221078402485344,0.0,-0.778980608615323,1.8214831965673364
27,0.6138209975928584,0.901371317561096,2.0692676876035416,-0.0685935398233819,0.7628424108919813,0.0,3.63850330072012,3.2145516063768578
27,0.6450855661327133,1.5969307710346592,1.405267288992628,1.9912891807280313,2.0973356059438357,1.0,15.212695392715018,6.062885357502993
27,-0.25462930880183254,-1.4420876612080136,-0.0501804336263858,1.153848117349609,-0.7952964946816747,1.0,0.9506670375022237,1.6717661201353555
27,0.881027659045259,1.1181496646041353,1.4548631678283879,1.0385854531644017,0.7062856456875236,1.0,10.062700136582714,4.700250210182789
27,-0.8795438083941391,-0.7091005611855106,-1.5024183200703907,-0.7527165646878733,-0.5251313520577112,0.0,-1.4534975061732058,-0.49244556005063866
27,0.7424538865791703,1.7767643410498442,0.8559095634319618,3.525640492194186,0.9396806124546769,1.0,25.524594625151572,6.894921946677334
27,-0.14492604039987556,-0.969878289040508,-1.8235036604634578,-0.39353999583537824,-1.2769126925795842,0.0,-1.6457093780858878,-1.4138459376378227
27,2.0536760705616635,0.1819610246273098,0.9934214882223602,1.867402477499748,0.792809086844386,1.0,11.263601678832355,4.864150277414763
27,3.0696148960853797,2.216035503298096,2.426351666408551,2.6095921383715392,0.9778183943089257,1.0,29.860413237335774,12.697146666520236
27,1.9842894392875094,1.272627279682585,1.3616354399852022,2.378633828122565,1.7963621803392058,1.0,17.78370873720572,8.12967410284377
27,1.153084008875307,2.076764613741504,0.4629147303294079,1.5751282336913055,1.6330673542813203,1.0,14.847231902456079,7.739918240835735
27,0.9457213271447901,2.429647760795259,1.3003079604644794,2.009408480018336,2.024954274805702,1.0,21.211324088297484,7.9199916845661384
27,-0.21879539070058618,0.2263802143872239,-1.1228220571271885,-0.31192327726980884,-0.44004236494799387,0.0,-1.8316677316761822,0.4500081946096275
27,1.6274405265502192,1.8363945433742779,1.0220987667365369,1.1020312745256597,1.8564634696601547,1.0,15.618329620408995,8.232413616972112
27,-0.6698774874841076,-0.7436501693559854,0.35243717058960156,-0.342550221625852,0.02700209913665763,1.0,0.9517510937568825,1.748369426026735
27,1.5446976032300057,0.8723195883255919,0.32273843830855153,-0.41994175189099336,0.6548603032892889,0.0,2.8961714802691105,4.783177506830214
27,-0.4773647085986248,-0.9478010987226346,0.04860623561077759,1.1357884361106758,0.2859496212875463,0.0,1.134972377830416,2.4738549876282323
27,1.0551721128674318,1.022303894875668,1.1663044234274702,1.009085015730387,1.2351410497444097,1.0,10.57432982297214,5.2162615257687595
27,0.2116510013049019,-0.33684912477580076,0.32575551356488586,-0.15270420752603187,-0.8268633201503446,0.0,-0.7261794833789991,1.4866096905201327
27,2.16339896040244,2.627990179920972,1.7399797148282192,1.770796046147721,2.261955397275016,0.0,13.01029198483692,11.799073920044476
27,1.667535489327868,0.3380264902437886,1.6224420081799913,1.641123841211661,1.6345087121455342,0.0,7.894992194320533,4.963866713806663
27,-0.021770417479773707,0.39651797315819115,-0.31158073814720777,-0.11207881595914415,-0.7497309356269015,0.0,0.05692386421815898,1.5438963336080147
27,-0.07226617151727166,1.264680399074369,0.05528602534555627,0.08339296326119439,-0.2211899448384016,0.0,2.349972791063811,2.46203014195914
27,0.5506016004470122,0.7859170815607355,1.1518140529121461,0.621916332053793,1.2486523200908228,1.0,7.063505724638817,4.019008864044022
27,2.030617767773873,1.7114725064536351,1.4590560392178191,1.0181857643005532,2.4542105556518665,1.0,15.386418167121699,8.923625700536302
27,0.404940894528503,-0.6199257081236329,0.9129894963704671,-0.32885904890483997,0.7501317235971294,1.0,3.7338699949589076,1.9199881998371184
27,-0.04742392849729349,-0.7489999920455368,-0.6851766360353755,-0.005803045380017746,-0.008843587195845215,1.0,0.22179673021549262,1.0617042096492342
27,-0.11225880367572105,1.0965821095700694,1.8465270956677264,0.6677455455757464,1.3041606602006524,1.0,7.444335326027232,3.0060271331525046
27,0.7855877721033445,1.670218853764465,1.692802290522064,0.3373237148057959,0.6065338881640427,1.0,11.562660717042014,4.736633264723169
27,0.4921327326718985,-1.3704843138920273,0.7536810681074089,-0.5124246764231162,0.4244458409699894,0.0,-0.9058096804119605,0.9483898937950785
27,-0.4277306895455857,1.1735525445944714,-0.2402605639316624,1.1393895514222212,0.5662384401988357,0.0,2.3130365176735097,2.5749062073997946
27,2.115689136766699,2.091641205608223,1.0905520056948488,2.002537601800432,-0.12866042844580994,1.0,19.752713692954803,9.473138210763267
27,2.1148155460598854,0.9547728180526605,1.2271334970794916,0.44177691747097947,0.8330825525095815,0.0,5.057116799608343,6.141897061299572
27,0.07829037495153957,0.5155831731527634,0.5193963145106464,-1.503784082177729,-1.2357723601709432,0.0,1.5431234532245948,1.0953408909342235
27,0.0287620879116387,0.27724752232922134,-0.3701670628034892,-0.9656047112154176,-0.4032483856890614,0.0,2.272746381896285,1.2237358629848105
27,-0.5088083053435601,-1.4996730625845052,-0.5654259143477849,0.11595813046722525,-0.3238285955206448,0.0,-1.0950757482861162,1.2165177184250866
28,0.9089839644761916,-0.4095919469468956,0.15808439680847752,-0.14916538250256517,-0.1645261030595091,0.0,3.570083563373968,1.7871106149563016
28,1.577533668394734,2.9778777542307573,1.535993686789741,1.301906756895566,1.5421717509806734,1.0,21.703839423752132,10.200239841108381
28,2.040597607450116,1.3017641517981358,1.5763709140755084,1.9845680759999003,2.2020831340209854,1.0,19.731045565509937,8.20349419688794
28,0.22784836368719574,0.3623881423258305,0.3606247298910211,0.5383832490589867,-0.7531351771592198,0.0,0.32111229572105005,2.386300763964997
28,2.3943734994277452,3.479723663106522,3.5492313698055917,2.8032023644682376,2.619245407168547,1.0,43.987333457120975,15.836586781354136
28,0.3774013894922561,-0.20331841487781332,-0.4480775513529731,0.6172178181863481,-0.45147424049830254,0.0,0.6448213531936587,1.7704234849910183
28,1.8382942177069936,0.40406846494386606,2.2021116765286397,1.1721695504289367,0.9277669418029224,0.0,5.217562939484013,4.424795061618854
28,1.4556528915250526,2.194127446523505,2.3602825136236776,1.2635887669724621,2.788505665423208,0.0,12.95961970496924,8.514975070268576
28,1.075086858164535,-1.2982468208389277,0.47162906181307507,0.011524887606564227,0.38828798884329163,0.0,0.05997846535788465,0.819242217784331
28,0.7490982685712377,0.6318755286641591,0.6445314893473091,1.4469469169889104,1.799742874846757,0.0,6.354721271234223,4.908815750787426
28,0.17004900186159433,-0.16917461039722692,0.3252317952594783,-0.32662676260425827,0.7758531258293778,0.0,0.4907772192128971,2.3064749880305344
28,-0.45781894799089096,0.19334920191181082,0.5561871610951854,0.1620307518049855,-0.5413614102360518,0.0,-1.4304091675040365,1.7169487250056328
28,0.2355686054503925,-0.018406648909190748,-0.9516272072081775,-0.6970655875533567,-0.45435324242171315,0.0,1.6546204970146223,0.6330806554487429
28,1.55923566167605,1.1161082844875705,1.2061724105387266,1.0202152382872347,1.1538105963925245,1.0,10.348919520204827,6.124644895636772
28,1.0960217391607894,0.6912818823819009,0.3083479786469058,1.6614107472845547,1.6053772813527396,0.0,6.390019303586226,5.391716018887854
28,1.28498457150887,0.8003424294013772,0.564673687334489,1.062258516605388,1.8910716956729114,1.0,10.19188101053727,5.674856392382669
28,3.6338939959889243,2.9908958792991474,2.761419970428264,1.7639182024655453,2.406373513180438,1.0,36.06512435519638,17.718248789082995
28,1.07055872991381,1.3591207484430798,0.39128191526719114,1.0453219988778553,1.4339296648308422,1.0,12.757954509627695,6.029546041621613
28,-0.8687074211731778,0.37958560394092766,-1.2348820605975317,-0.17191613200915912,0.522262982609311,0.0,-1.6075619352340864,0.31305513004113444
28,0.4059596103365889,-0.3659579599207565,1.1690140338674735,0.3159398545643234,1.194360056032149,0.0,2.1285634958414246,2.60215297005899
28,1.0885865499425031,0.5946664754092673,0.9326223274412218,1.4110467199964412,1.5042729316404562,0.0,6.482672704893504,5.0086732482435385
28,0.3471145559193749,-0.04255622942523729,1.0196143545048701,-0.5982814547008257,0.5369134224453422,0.0,1.4784852941947486,2.1403249616386186
28,1.7835875428755288,1.8181775740225188,2.237799092217741,1.9761842165565708,1.0356701757553217,1.0,21.135338379334346,8.049954268606708
28,-0.24993637783247524,1.1405696402899776,0.9300442498198854,-0.43149129678232345,-0.3208394668889629,1.0,5.00583856069472,1.8469020399073002
28,-0.7259428894923141,1.8565616701515846,0.7144259608561969,0.9860262521474985,0.11246024647070829,0.0,2.806373884622645,1.879477343558233
28,1.702544658778743,1.6831462675553683,0.686396614374889,0.5096626114437492,0.01637185344157821,0.0,3.631654054983695,6.938227382459299
28,0.7453202459131218,0.9489588401558008,1.9416118503793507,1.0320772519464891,0.7796884032956403,0.0,5.877342034212349,4.068730885383456
28,2.4128814464419746,2.609840487130197,3.2480761311605013,2.5913917351025324,2.624173924945456,0.0,21.58428545295762,13.046081562531075
28,1.232154193490543,0.7930594712348547,-0.36949902424617864,-0.12007723036746087,0.6487124803151113,0.0,1.1836392445748054,4.001854887548712
28,1.4606405163338578,0.22920233982562543,1.5666111906567481,0.0432967088328462,0.6445710111679701,1.0,7.988716713455983,3.3111282313171486
28,1.3572201909991912,1.7195465563408192,1.935090116913643,0.6467076547613169,0.8393325173781587,0.0,6.9131777015529146,6.22646230573524
28,2.0418082837890363,1.6817685974361272,1.022903552701865,1.7007429832937357,0.19156873930224128,1.0,16.35308991416871,8.274134739953784
28,1.8809279349250503,0.7587960202261156,0.449699517792453,0.7221935850313498,0.8498227684625062,0.0,4.14603102593467,5.658538305676114
28,2.5810433532772166,1.0204005112773897,2.288080475617953,1.5796757422512,0.22488949619839138,1.0,16.53209159285854,6.823402296376047
28,1.4603011179594245,1.1542565245525562,0.0713207615720014,1.862286621884511,-0.3846140536151268,0.0,5.803625904172954,5.764795331778471
28,-0.3775085202226913,-0.9827704592520041,-0.3949136667660966,-1.1461304809367743,-1.2876857660974466,0.0,0.2364589262202449,0.1995295578119971
28,1.386553623404339,0.8795146951476671,0.6684148670391878,2.3668350518317727,2.406622606996474,0.0,9.804230231476406,6.858269735695787
28,0.660066994856144,2.058586003629906,0.7734696686719374,1.5937364881445948,1.991237881574599,1.0,14.124743838030215,6.612844190020194
28,0.32853544654952826,0.7953722251823024,1.302293712793104,0.8006955305290341,0.7868917523536187,0.0,4.043360304098836,3.533490304031711
28,2.813195570097587,0.8871905246111728,1.1551452289577446,1.0600890055388705,1.4537348254686218,1.0,13.0382464997907,7.584303706144421
28,2.275484048769946,2.634319873757266,2.534805193488925,1.2513992950137791,2.6666873448188966,0.0,14.486405263138298,11.854216585313528
28,0.26881263349883544,-0.7314398856144109,-0.6452034167869305,0.03546681795735862,-1.0011485273170186,0.0,2.107631486412344,0.565600985527214
28,1.3023483168015186,1.8670417784919968,1.578431537900068,1.2626487517536302,1.9086308552294282,1.0,16.360965167957204,7.383454200784381
28,2.300757277157071,2.461333193727832,2.258059608712511,2.271124799815488,1.1278554643285736,1.0,27.469727588709617,11.238071310618025
28,-0.6102306716027417,-0.5620878800837015,0.6140243943846794,0.15307454065977355,-0.44610668347725646,0.0,-1.187194479570662,1.7346760565842618
28,0.17882764093902614,1.0866805571576927,1.2181665737059046,1.3831411873064243,1.0637753075462346,0.0,6.056805929645344,4.004991091048367
28,0.8517527743670474,-0.6791249555599765,-0.617315069270842,-0.7489520508071479,-0.29000272445392916,1.0,2.9607378572170813,0.4951679824795787
28,1.4025096106942085,1.2985155316272643,0.6321388985710079,1.9654233185862964,2.7426819586908677,1.0,17.695631915460996,7.648580711903245
28,-0.025252889734918682,0.35184483466307725,0.8953781876938932,1.6762242899655715,1.1703493145418211,0.0,4.347142527686119,3.650610475943437
28,2.1077755266106752,2.53538289406341,2.048891865007418,2.0551736810420165,1.626350249710972,1.0,26.398348398237957,11.070716031715385
29,1.0693859408733897,1.090418874515734,0.6127807987915415,1.2475683194045466,0.6010460585243118,1.0,10.866317721197115,5.294730431780463
29,1.922232617440407,0.6292440987584609,0.9237133869209689,0.6385192014520956,0.02204230206057567,1.0,8.895036594308559,4.880290944169039
29,1.4162026492920674,1.2132546214301272,1.2297488689412528,1.4986223503097251,0.24803925682781558,0.0,6.513777732584889,5.855622687328733
29,2.620178014818128,1.6213862584881031,1.2532178457677356,0.6315738297070803,0.8177579144706852,1.0,16.614433373895586,9.032644608662519
29,-0.18808687697173854,-0.46897426636759976,-0.24208752262374644,-0.7825233142929235,0.7447921386701979,0.0,-0.14780098454401597,1.5906076335267172
29,-0.1179273563445018,0.8532893911470933,1.4038857223884873,1.1707883796522491,0.5203326694611288,1.0,8.08877689058222,2.980694926363565
29,0.08959892905680433,0.5059892837438287,1.5534084734536322,0.5938336644428103,1.1977135289380538,0.0,3.9971419285532517,3.0329950149432183
29,2.2776873638298127,1.332707996125361,0.2426413288047945,1.853082395128768,1.9992154766961663,1.0,16.82046968602874,8.858866179205094
29,1.6264444343642679,1.5652073504998554,1.1921849812260907,0.93287588802203,0.6016059526681796,0.0,6.1318145909107535,6.874512605168658
29,0.9211911924749179,0.47051417754750724,-0.40752302270672414,0.9429090821531807,-0.3065549618150325,0.0,2.7042700821198946,3.1618071047218677
29,0.819131238691283,0.09406450745132033,0.515661910013135,-0.0068590202219882546,-0.45985776241401255,1.0,2.2512879753249297,2.428088131190396
29,-0.2008007934513576,-0.3777813906813914,0.7295359009973877,0.9244787928350904,0.5273530318161886,0.0,0.8539396588832776,2.62273538937341
29,1.0828372779386104,1.9546181727479799,1.1909338197467059,1.4703503047746722,1.6034097291564353,0.0,8.630727745951404,7.138400854835366
29,0.9032758448317042,1.7414756855093219,2.1828890133950707,1.5311117966607295,0.91945465627409,1.0,15.283679427156741,5.637554948534865
29,1.418209777688459,0.4390190637796517,0.47467708085060034,1.7131110238130194,1.2552619935887166,1.0,13.152136669818145,5.162200957300822
29,1.569182174526713,0.568363691430396,1.9461482588970673,1.1242369371668177,2.4056480889309766,1.0,12.471726813724134,5.332055766816573
29,3.967068654486123,2.6092666258848753,2.8647444164574853,3.5479213813691377,2.686614782522817,0.0,28.43939050139505,18.227026102135333
29,0.47948138089327086,0.4413999077996783,0.09105175624676465,0.45957461016455137,-0.6365328402594865,1.0,2.8765546592407696,2.6249880965871695
29,0.017907263413222685,1.5232413330028076,0.17531244363784315,0.08556840404917654,1.0133392998952309,1.0,7.145134721159665,3.4196335476520536
29,0.2492285662645518,0.795656692445665,0.34929575827410153,0.5058499308314631,0.3751115745517596,0.0,1.5882502230078823,3.2754856007079978
29,0.5725960325226651,0.8095612272675645,1.0849960984841274,1.3383373417199818,0.43127844601678533,0.0,6.300938534669898,4.048852271864538
29,2.2223893970713418,2.9744675781314047,1.930666326547932,2.950841085890719,2.0813174100875536,1.0,35.465525837737445,13.33811354295569
29,-0.175786947454577,0.29793018368572477,0.24696341876044647,0.20678588804718334,-0.09712114588880993,0.0,0.809465483255185,2.1566726767248445
29,-1.1664039944784856,0.7910111427999047,0.36359423039078675,0.6210287218013403,0.7029066171688856,0.0,-0.85987295759774,1.66805442867
29,2.155530940573696,1.3804503979861749,1.0591027099800685,1.5405375527096772,-0.7256763958056767,1.0,13.347627628011123,7.170230788329449
29,2.1692087855865454,0.18522715026571435,1.6074242570736115,0.23241816939735604,1.809768220035568,0.0,4.62081159984117,4.367199912074279
29,0.6187186793644257,3.5574569756526775,0.3635341711358938,0.6908153245790865,1.2731986887228826,1.0,13.559734297417853,7.3875729856009205
29,1.5330408067075,1.7830650106652453,1.2809993850646297,1.5327127519904096,1.1126027505916165,0.0,11.066149696294401,7.640479414739409
29,0.2519454519878871,0.5414342218753476,-0.011691312182033231,0.1180109993010956,0.08993399872105479,0.0,2.029269470662398,2.631160226991968
29,1.3380439424640382,1.4957888376626935,1.6011467407113962,1.4478070353149564,1.4203428985958344,0.0,7.866654068249866,6.622650166218532
29,1.0433003777311642,1.9928582901140777,1.2395846000808417,1.472733095159356,0.025105206461428997,0.0,7.687656664797082,6.291129726615573
29,2.673497779284789,1.0653102164495296,-0.2351234424229638,-0.15541870604406327,0.5031935260524825,1.0,8.672186484381744,6.746319775807914
29,0.5168227431814938,0.763617366784138,1.743643942055234,0.5265809947590869,0.06390291056316832,1.0,6.140602996256899,3.029950575359379
29,2.0756829792176448,2.9258223724149377,1.8461059999829232,1.232288068431706,3.2598908294128917,1.0,26.93657916910452,12.471129862155726
29,1.0672928950265304,0.013352757169789009,0.8168206590444886,-0.4486220668791021,0.5112805865526331,1.0,4.315613635736657,2.6788560355514854
29,0.9587715351428437,-0.04446662748311203,1.1644097944281486,0.0874599026110674,0.17284707505165608,1.0,4.316860343483673,2.5221702496202205
29,1.5901951381735762,0.8369866768252917,1.709831907550305,1.4193049624227465,0.5122723908242515,1.0,12.825764367756761,5.226679615567329
29,1.3900443616991274,2.387797172399512,0.8911258923192988,0.7671563959901673,-0.30701981392983946,0.0,4.481679758132014,7.512232729328801
29,0.007546188836887291,0.001261276206038997,1.103966367807969,0.29269340452435477,-0.7051962394434124,1.0,1.8196294358172669,1.8002027233060756
29,2.053331392181242,2.389810786559232,1.697266111241647,1.4615909329722574,1.192434172283123,0.0,11.217177435545986,10.178157292139893
29,1.4102809392592899,1.1051781583737852,1.1005737681641479,1.363370667630096,1.3427063014739384,1.0,13.96420381608045,6.172751309069474
29,0.9459550924028354,2.270489379562193,-0.3064105583377992,2.3252297907692583,1.9104587008348275,0.0,8.139796734033451,7.674064616202708
29,1.0610426559255544,1.1586488685767862,1.1641190554659748,0.5818117607289398,0.06343715341776479,1.0,10.977646177386148,4.6394654093700805
29,0.4782694934828172,0.8242540700759128,0.30030247834865953,1.2159689963327724,1.353020082167466,1.0,8.44166215133122,4.4353701937596615
29,0.4948523032635477,0.45661246748964024,2.232405112097556,2.2822792765620603,1.0292864838786986,1.0,15.303032235618003,3.8592865669967313
29,2.5819886274740833,1.9790703706865727,1.3165952814626314,1.8057098739719883,1.95871532770306,1.0,23.117440916840586,11.182449139834839
29,0.47027263266786423,-0.316115555872037,1.4525360717919167,0.9773343537921266,1.5653588098121234,1.0,7.979503567856147,3.0440174545446093
29,1.4647764719675647,-0.0678562004204386,1.012498166141263,1.4457714623834834,1.1658634024857704,0.0,4.942183060708214,3.940876022732684
29,1.5886718966601237,2.9466804108142677,2.151701842605891,1.404655341058046,1.538296698622495,1.0,24.00297388267972,9.947530309815312
29,-1.1951987727832085,-0.9414319731637579,-1.2018878945353872,-1.0555955440582996,-1.4079682998807965,0.0,-1.1281348920939085,-0.41524538494951635
30,1.7213756182597244,2.5584400894833426,2.478806582648181,1.5002317513909746,0.7283712347954461,1.0,22.303092935032502,9.109368048474966
30,0.19752968277324567,0.1345330075195168,0.04254743318532839,0.6874434559701381,1.7686525725518663,0.0,0.7996504948972987,3.4410223328013565
30,1.7561692868101364,3.376413742668182,2.5771297267303095,2.7491139715904045,1.531741949628994,1.0,35.23400101948065,12.079962417097978
30,1.302158011624106,1.2917347755268969,0.7745849007090503,0.6335458661189552,1.850614119189365,1.0,12.058807641277488,6.323073047574312
30,2.223346586703923,0.8088500780750497,2.2849749045848204,2.351083349602029,1.4130200802474548,0.0,12.530684654899861,6.683994614625935
30,1.0860940519389692,0.9152921481425234,1.0928702286825147,0.5292868634753067,1.1750168181635465,0.0,3.9133233812792,4.853312056429253
30,0.3125244928861798,0.474562962398534,0.4402846978788939,0.2598175285943751,1.261069116623924,0.0,1.049316360078722,3.427072310850114
30,-0.28852553434705697,-0.2243924492807663,-1.9230358996735468,-0.7711022008513015,0.1381028392972169,0.0,0.28016114285383953,-0.8147344105093537
30,0.9126539793945637,-0.13859557332035632,-0.012727379367721836,-0.06857804726144612,0.3533523346260785,1.0,4.729930079728312,2.3964818635187877
30,-0.4789505861384522,-0.07310669855561147,0.49520458008448576,0.2652807528702934,0.4134502088409866,1.0,1.2042485471816273,2.2258251340815702
30,0.9239942060796119,2.9365282795530314,1.0157019505972635,2.0291411824261667,0.4944326307713395,1.0,18.091534861653628,7.940257749238032
30,-0.36048343816427564,-0.33320997541743225,0.6282742924468506,0.39260133633838434,0.9556315644366135,0.0,1.8581829535350338,2.57056656357583
30,1.5652583404462481,1.9048417176272519,1.5019972232998349,1.0865218131685601,0.5157299507139197,1.0,15.268534665418963,7.337488750055574
30,1.8099896991723154,0.7923662806400291,0.8535599017761084,2.359431608098378,1.560614102832699,1.0,18.439922320263015,6.77946008732897
30,0.26719830135262623,-0.23699319537215557,0.08822742808559081,0.5475211220588252,0.35207504560559777,0.0,-1.0047607237093688,2.4418006561033456
30,-0.10096563691643956,0.5648204722847281,1.059142298036005,0.29523071477060847,1.579147996663492,0.0,3.1236548179906602,3.131280586650811
30,0.7953345029008788,1.2825271182276348,0.5045493981400972,0.4407240570964257,-0.23994355348455687,0.0,3.037009608126715,4.287026219575379
30,1.1167853275334427,0.3700396500952019,-0.012859279275187152,0.42949042783743485,0.45440204442630916,1.0,7.1671466740993175,3.5921012577481317
30,0.11501727223125113,1.1514974737489925,1.0152449854341183,2.2764015690984736,1.902934388521654,1.0,16.73647619916195,4.890401748284459
30,-0.2765527688850493,-0.14743233065076677,1.3426963439669781,1.2364339118880625,0.7530786272325052,0.0,1.8629055720259664,2.7210118413116584
30,0.03754174273831057,1.9108220717831261,1.3545495483467742,1.0643075266156208,1.3871775286282177,1.0,10.545451589396494,4.163500134971796
30,1.3482493082270604,0.6364548430497176,1.691415736841238,1.2857041528706032,1.4068307773213824,0.0,6.249300878210564,4.922100071086725
30,0.663692745672752,0.6327339569408011,0.38136580356296024,0.870316438555073,1.770825203034084,0.0,3.4442354276516136,4.50756517610621
30,0.6267578161923124,0.18421724365659908,-0.6113078258364735,0.3569310309562036,1.3604496029827267,0.0,1.695262653277242,2.8928816375423874
30,0.5860726098100641,0.650770448487394,1.5741962798844837,1.5597876557397021,0.4653273068043452,0.0,6.298959982499441,3.7960759389560716
30,2.063898335309103,1.5210578161421564,0.9793550147651494,1.6321654581936045,0.8571037991861511,0.0,7.301927057907229,8.223656995851064
30,0.45418726626140926,1.455806003481954,0.7227089739743882,-0.3271415782082796,0.24332950421269472,1.0,6.8638024858707505,3.685670350623146
30,0.6654297370655141,2.745931596474471,2.274046507707396,0.8489141255334198,1.704714962380261,1.0,16.78461451535481,6.300042849133663
30,1.1481921024401078,-0.39448522268246355,1.6304511098811836,-0.7224669625958018,-0.2171042114631916,1.0,1.3954046344898814,1.2097291833730561
30,0.5310499728279258,-0.7104338842194609,-0.8569809465704976,-0.5168636579460304,-0.8117143065339321,0.0,0.24380294068139646,0.0949751523668318
30,1.0449721724779668,1.1467464582319506,1.2334534882708605,0.6414536852527515,0.8192965704027132,0.0,4.1887271152186525,4.9722601914749855
30,0.7413381272049319,1.5160231202811545,0.37497018756357625,0.34787942426164076,-0.8096279489878886,1.0,6.8091187512599305,4.139695736925606
30,0.6293339698928553,0.2395744808211685,1.2735136322421776,1.5402228297203135,0.6409957881796329,0.0,6.585152252466715,3.6055158873155317
30,1.3307092941862966,-0.19218598403115816,1.4528319520212243,0.8052016628932874,1.0325605306782142,1.0,5.983848557605903,3.0765060270620954
30,1.3857716589216509,2.5643557477981416,1.1926071110026866,1.473274186082252,1.9897067848826997,0.0,9.745281539407054,9.225707513998035
30,0.4244799656516588,0.8283464204700199,1.0653168547310174,-0.9082499502979762,0.2797734537823554,1.0,5.930908774603074,2.680676838684634
30,2.3074572892496104,1.9984926829450704,1.7225843798579326,2.036265616808887,1.2925478200917682,0.0,13.403889631089774,10.138904535450964
30,1.3290673938089774,-0.03517984574620803,0.2056652429665049,0.18822886094752023,-0.022497195997705832,0.0,0.1310814455763909,2.764811188356353
30,-0.6759281570747824,1.1023002970197835,0.43702964738567107,-0.6737552130628546,0.2690262954751934,0.0,1.9333440141059417,1.3902734870204365
30,1.0139628954711353,0.6808865185431965,0.5565114038894385,1.3358774667192361,1.0718311588948084,1.0,11.197638802913808,4.869031433276506
30,0.9883307312735259,0.3096469509538442,0.5843928433057097,1.284639434299668,2.040737628812828,0.0,6.474678162871435,4.7439545955441265
30,2.2107108406605347,1.5163908987202985,1.3596099652324887,0.34670168768934695,0.1265231646304359,1.0,12.64895256265141,7.341890128105667
30,0.908395686782229,0.8741215464507146,0.5658854762314005,0.6701150388080348,1.0832808232079896,0.0,2.647943224095033,4.6890616996582475
30,1.2285296671555541,0.4259662502664646,0.16436172813401184,0.01821904105231642,0.2278052143351782,0.0,1.880662045419293,3.5422761181831848
30,1.3497441372493544,1.1682769005882925,1.4093964283323366,1.8578290653500151,0.927022002297342,1.0,15.784270486593336,6.093709232171442
30,1.0070417953553705,1.8157801359805936,0.6500745302287056,2.2504813255534635,1.742549714630813,1.0,17.287411929150597,7.357568930639832
30,1.1300563177521565,0.6573808984879077,1.5846780673002097,1.4974230203042156,1.213927694425979,1.0,10.989358237118529,4.770729141973
30,0.8138267692002433,2.6658364474260106,2.167160821041813,1.6138480152124495,1.084953632112491,1.0,20.073656269635144,6.780703669501118
30,0.33025155014731267,-0.816842777089811,-0.48547644401385703,-0.7214135481945989,0.17810100737956813,0.0,1.5580042838812993,0.856999027278506
30,0.4293183901773441,0.2479882780367837,0.5524372207029573,-0.8108799879496089,0.6701330657694056,1.0,6.0524878261065105,2.5022124988475487
31,-0.020810560720054827,-0.14133726489658627,-0.1631065990856282,0.0639159714828822,-0.35105886952497745,1.0,1.2720341471604053,1.6834702288970602
31,1.0577437316913683,2.356596317205012,2.124891291861604,1.5224490906233872,1.2937011168217472,1.0,20.9348733517532,7.1441918618385944
31,2.8707767899376098,2.046130222935478,2.8968850707308835,1.19798265832313,1.0706265523235345,1.0,22.376371652195918,10.94497558919683
31,0.7959117185697967,2.12969053600745,0.011275167909642225,1.0884103006323746,0.4246435658807909,0.0,4.014700546101638,5.919947735003262
31,1.4528927761720551,2.3896572854309825,1.6909849608812269,2.4615388524926733,2.209719575724317,1.0,25.263525365396667,9.454413050172342
31,2.092226856510382,1.7391159699485068,2.5373721944344947,2.3332520418400238,1.2926129638463266,1.0,24.958485960995574,8.812969931256038
31,1.440893012169419,1.3029038157630135,1.7377266102494928,0.4304108729162138,1.4577644590262062,0.0,7.11327414804732,5.896038297886801
31,2.164279110247902,2.7250993427227983,2.276216429976839,2.690878587566285,2.1377753462376794,1.0,32.24961441472245,12.246646261403168
31,0.5283089860640628,0.061771929377490764,0.5439177245715615,1.3756824358115178,0.584575539745799,0.0,4.057893602386939,3.435450834180024
31,0.8951308433310987,-0.304087214554146,0.3621975934603432,1.5555955735804252,0.5759183267644059,1.0,8.408786824447889,3.2053001253136544
31,3.038540836055094,2.0885508965831825,1.8303923437276408,2.5889991073977505,1.6104798971711358,1.0,27.4229869867298,12.66793860217771
31,1.0991101730069108,0.9296747418305783,-0.10074471917502126,1.8926971252287996,0.731395127020529,0.0,6.028174649805208,5.292810731796723
31,0.9099797245602104,2.1540180576248225,1.61741125458437,2.1003007639345626,1.1074627752002464,1.0,18.753235609507286,6.858100999099849
31,0.5889005623282231,0.982177266675509,0.7076381177026443,1.54905263386924,0.750570580366087,0.0,6.009577843768725,4.627473639070438
31,1.6840828590242918,2.182017023429598,0.5854657011047402,-0.10691960606258366,1.8518146083029277,0.0,5.823384460770363,8.606382595783721
31,-0.5336096164745174,0.024217389722125504,-1.4009801213202193,0.3426233464743764,0.581782167326372,0.0,0.7571527855347526,0.6630951519485215
31,1.223263010379524,-0.5575175351902093,-0.34651283555337176,-0.7774474992071909,0.16234283584544262,0.0,1.3838771834350703,1.1106361496392143
31,0.15925359873947942,0.6441354068474154,-0.09286606317999557,0.5200882206179203,-0.15925411113755428,1.0,1.6884629137283598,2.6339504527902267
31,0.3236834192752731,0.2786979025219156,1.2463856386152719,1.427055354098123,1.8693388639574695,1.0,9.71000703479701,3.9815407479357083
31,0.40270537427773434,-0.855090429007989,-0.2790750210625321,0.1588444057285162,1.3398161512722209,1.0,2.9033363487623705,2.0005613796447195
31,-0.26702717328270187,0.7560165384166,0.13642915945976286,0.916261972947466,0.8305256681507713,0.0,2.370790597660238,2.9749340919352427
31,1.8796808359921346,2.010547884455962,1.2919832320484148,1.9187280237735524,0.7833595425292419,1.0,20.380883654790914,8.996552860082167
31,1.2093395720912867,1.8632959041841914,1.0129372897267652,0.547643145460361,1.3413227618236578,0.0,4.496161560853127,6.769997848204285
31,0.9836130703350031,1.493295691820329,0.0703497892912337,0.3620269191537835,1.524016592109406,0.0,4.235195058178658,5.683002665672633
31,3.190225586901209,2.449583744639428,2.72596115771082,0.616013444704244,2.1139069410829996,1.0,27.28851674793796,13.447708651661518
31,1.241375388188006,2.0516664630088512,1.3138174657111408,-0.28015252123709167,2.2983917232678306,1.0,12.771523040911823,7.113597296159327
31,1.602421449593728,0.9220444890731643,2.77413978864267,-0.07585818665019084,0.8230909706457423,0.0,7.651846762888798,4.5671777188908615
31,1.339659550716122,1.6321078509627123,1.179674002512108,1.486195519222981,1.1107411206589388,0.0,9.711865655481649,6.941884115735
31,-0.817150638240242,0.15996212551081046,-0.5431221939165587,-0.3637547283125271,-0.1475668790390554,0.0,-1.3536398439911168,0.8695699612427866
31,1.809525599961006,0.10451823219089418,0.5547126161133841,-0.8137065182872854,0.44257292160413353,1.0,4.684590030222965,3.087991682788118
31,1.9192478633210952,0.7865189849011563,0.5127807811356617,1.0368751889574903,-0.38782175341844716,0.0,5.959804983783783,5.314709034645178
31,-0.5650031716276405,0.737718438942495,0.3143372131610458,-0.6090711195012564,-0.4481643661629011,1.0,2.9251637386810505,1.2490967519778615
31,1.784050157244021,1.2321794467241232,1.619273484485162,1.0088724070417727,0.6011977520006184,0.0,7.603450775460393,6.272598386675778
31,0.03661737174981028,-0.15913683591804095,0.5303168437511256,0.3377698762510126,-0.21466125771310574,0.0,-1.0119775426359778,2.1222726785092116
31,2.1893022885324602,1.8764054475060086,0.9599769294260181,0.6456833580165091,1.0981783386407518,1.0,15.605874052326266,9.066330806640062
31,1.3932347144641284,1.0395238344595132,2.6696660063104134,0.8018076920923616,1.4633836766543338,1.0,12.079225985594617,5.241414572803423
31,1.8029585965972998,2.4031396578439503,0.2749885388880323,1.522054828564844,1.1766066382476794,1.0,17.69372731394852,9.885063744799425
31,1.0404843987749546,1.6890877095025747,1.472115218924693,0.7626462847328109,1.2253017655781289,0.0,8.012808180040999,5.9508081256921885
31,-0.016282751732026535,0.49424623063684126,-0.04419253605050244,-0.2394252564386532,-0.7843264919947346,0.0,-1.401967782888342,1.6959855773330392
31,1.3832047860674972,0.028310633772115512,0.7527372567760692,1.4282988468624698,0.5311367927440332,0.0,5.422139964849252,3.830823872015341
31,1.6701544911185762,2.040243071442678,0.07929203640031424,0.9807818875888196,2.0244427262847697,0.0,2.507533566750506,8.801836268348723
31,1.7039841470394959,1.3535092017256447,3.131365645561082,2.209511090936016,0.9695933679737145,1.0,23.683513542213234,6.990392244621361
31,0.7504113973399507,-0.43281540909776095,-0.037113101472551424,0.6591812050487041,0.5419630651914129,0.0,2.5425180907039637,2.4153353504687294
31,1.9206213433663621,1.0530415137747253,0.7565123081723693,1.6404919307639778,2.399841458915862,1.0,16.24488122031741,7.634982627420868
31,2.347788185452889,2.338449664521087,2.668930484048434,2.732389937226368,2.929143428435213,1.0,33.48091828241691,12.108175874271812
31,0.17288956434988023,0.5006311169001925,0.32722252275166974,0.9208490623119001,0.204207310833454,0.0,3.4133326045129264,3.0963923997218084
31,0.9226874440759255,2.0302491431819427,1.6983071502880756,0.28546146739152056,1.3592451701808752,1.0,13.37086053345524,5.894095009327801
31,1.0498920570914665,0.63124615621428,1.7000891715469382,1.0127904925420919,0.5269638160832606,0.0,4.1028567451225735,3.9942982501495687
31,0.29744587117388344,-0.6152392518133392,0.06214615659285161,0.9087731799903973,1.05186010993443,0.0,1.2113885489870984,2.667562206740249
31,0.03252810070305745,1.544340558155333,0.6402520132666081,0.854162177112129,1.2073212922174288,1.0,7.875260063226635,3.991481767163849
32,1.7033913294549077,1.8249445757354548,0.48667198676578083,1.9811402306611186,3.3057469899986156,1.0,19.11841794203639,9.643436542044393
32,0.6586195609054246,0.9015968855090739,0.5005403666489885,0.8133506786469934,0.897205852170313,0.0,3.48184347490117,4.356789384993981
32,0.3322084343995868,1.58437264150366,1.3776527011602857,1.3385400361139972,0.8110536295033597,1.0,10.897937760396067,4.440200686471538
32,2.8143359462678,2.7126192854791964,2.7108635962496765,4.217971080270406,3.186005289589484,1.0,47.48680907672697,15.546457977177061
32,0.7142403832916099,1.5895831227156658,0.9541678220104463,1.042462396428626,0.3384326661875764,1.0,10.387798564831883,5.033075530267981
32,2.2745064593603126,1.6410660762771987,2.3123347813527158,3.1552839196893734,1.7417143950558673,1.0,30.575900243792468,9.6196449930638
32,-0.7636584541974465,1.5885393236306593,0.8118588080690824,0.19800659686809774,1.7264720144411547,0.0,2.98200956629736,2.2556585918071863
32,1.8851918974001367,2.4117880217055916,2.6944604028713393,1.831331723357765,2.6331546132008428,1.0,28.204767105402855,10.372955795922648
32,-0.6275937527738142,1.4958333476683023,-0.7300589208432406,-0.9623203926856341,-1.3404184184875172,1.0,-1.419419098678067,-0.2759196242181504
32,0.4531591884111392,0.006745774646828573,1.2488937231210808,0.8475766871267827,0.39506160963166137,0.0,2.7917501556700564,2.7951474102034926
32,1.6367256648244282,0.9655403482352056,1.7968469253249766,1.3246306894239763,0.910822577132604,1.0,12.88842799611953,5.6734774147789295
32,2.077930495189624,1.9488309510684323,1.4451018717592568,1.4136517917059073,1.5413753491606892,0.0,9.82266164673963,9.388344232569347
32,-0.09416427136614969,0.28056999177251873,0.20000774941888255,1.0099730097069475,0.8895739712364346,0.0,2.968163751807979,3.096625594781801
32,3.013121755223047,3.401876810142,1.6572226307849394,1.8659510887663537,1.8879710923770237,1.0,30.35106288483347,17.077021963340876
32,0.13428770012768154,-1.2263011206399583,-0.35142955710067003,0.18900622012619206,0.5599416308436163,0.0,-1.5296606786497375,1.4269568406759703
32,-0.5486114660132608,1.566615227865257,1.2727470500851,2.079066305441316,1.3885479796516293,1.0,12.952980350482356,3.313375520106617
32,2.167502081118203,-1.3763424491621454,0.15972923843978026,-0.8280400807323058,-1.2444826467933137,0.0,-0.9108605774769682,-1.5567716670215868
32,0.5049837241890172,1.1190204888350335,0.6202600967606408,-0.38691429183208026,0.5717612816602877,1.0,6.985355277112928,3.593370087473772
32,2.9030937985739436,1.4915885152094763,1.2004172417037366,2.762090091223479,1.7535489470445051,1.0,24.395147904402066,10.74755950277655
32,0.49693710699693017,-1.0981968575727605,0.8731665258697102,0.45792081854672406,-1.4519434965973463,0.0,-1.670741314711044,0.7356103304404001
32,0.46005981194576306,-0.5129592735375763,1.5183074545009858,-0.5838377619391855,0.8204347738431588,0.0,0.6324686695097251,1.6674753292454823
32,1.3683662263356762,1.2747397128360909,1.023734968456162,0.44704612425381884,1.250681786471314,0.0,4.347096530228553,5.9467748911877445
32,1.4591958552229682,0.8729126187469632,1.979080167711667,1.4787159018629834,1.0794320581603267,0.0,9.861026913102515,5.311383959565686
32,1.8683513918891412,0.23034359256731574,0.03660964402519795,0.04452309782667896,0.9164783141293918,1.0,6.135119090941095,3.97784573382996
32,0.07821920282230543,1.1586378857680364,0.29942500028484265,-0.656373402873301,1.443214063379046,1.0,5.189763827492503,3.2076953616969552
32,-1.4709091893752864,-1.198828797812296,-0.42114601529013584,0.4785788176512539,-0.20661965934580007,0.0,-2.573824599536337,2.266526914201287
32,0.3156108113767625,-0.8521859458469645,0.6405368466757528,0.06395556330520924,-0.9894069080652066,1.0,0.5008547253410965,1.1220711258386231
32,0.6342169777230352,0.3466818718481559,0.7427558204898492,1.4422346978914673,0.8317964345419342,0.0,4.247293906395549,3.955321970715683
32,0.38662159378035155,0.5548759805468295,1.1629022404711153,2.6410162160227673,1.2645845328811338,0.0,10.807492924412003,4.616204386038597
32,0.047975964166405705,-0.10932235174554505,0.5083981944535911,1.0821370486924915,-0.3969337885895381,0.0,1.0102693296868521,2.434408040956416
32,2.504291278584496,3.275021745578436,3.291890160531011,3.391568884003832,3.5600597502505615,1.0,46.76021489162004,16.224297728804064
32,0.080487597647803,1.204438919314525,1.2026484632194085,1.2662485807314856,0.6786657523651145,0.0,5.025937741286371,3.673075067039878
32,0.0043360387062699735,-1.0136763229344186,-1.0878906162989885,-0.9561604160373522,-0.5823272977498017,1.0,0.5469899270976128,-0.3579000739922809
32,1.0298062557438057,0.1548217015470824,1.7334032645113977,0.5938255888829075,0.6639418444552241,0.0,3.6576621978718338,3.085444381982244
32,-0.04789525033265685,-0.6609194699320471,0.40849006551198863,0.632184810182028,0.16949406678038326,1.0,0.7820071474143606,2.200053665653767
32,1.233265152074439,0.9434199045673387,1.0312897574956736,0.5990521684249221,0.3101241311750327,0.0,4.753793692793309,4.735775158230239
32,-0.07412096521417366,0.24928893338279423,1.382206834557104,0.5395803347873176,-0.28653876649496834,0.0,0.9885767784206811,2.074204232118741
32,0.6530986274917594,1.0556659274589295,0.587040231241213,1.3981288880379203,2.1040320792814837,1.0,11.82457452705538,5.421020582125504
32,2.174231866635438,2.275462605146144,0.8771039665955267,2.3053107514206252,0.02508181275786925,1.0,22.808758367433374,10.415359363447275
32,0.9366772443807082,1.2127831894034724,1.153565537412649,0.880679139124344,1.187826508720191,0.0,4.760695280432523,5.2269825826450536
32,1.3527177393338026,0.9520936440483377,2.5632434086383835,1.7361599868053967,1.6063655644350057,0.0,11.861478168510788,5.555837970333732
32,-0.26560335372066235,-0.5105486284499694,0.004137277424250851,0.08485598298437824,0.34438004506012576,0.0,1.5321106927001262,1.9642055310828233
32,0.3839839913575196,1.0462841893201504,-0.9012147341137213,-0.5527347081958327,-0.24106728985214687,0.0,0.09976516130344376,1.890040079335516
32,2.676030823125963,2.739490056232916,3.0563954912353255,2.3337499789100797,3.1994701639537126,0.0,21.947922328893736,14.337155170346316
32,0.4797249353078391,1.3475110027194739,1.032112852072196,1.196887828517035,0.8604934207288739,1.0,9.456638683114315,4.617805999538481
32,2.4911131498180086,1.8625248544183306,2.839416724651425,2.718688760162907,0.9495044827413731,1.0,29.157714471362823,10.115692945535976
32,1.9836701847045477,2.713483315649591,-0.5288530189355263,1.715835910389512,1.4349168327987525,1.0,16.824954119924097,10.905568902268648
32,1.7756275033520454,1.4039209209106587,2.2621500039564957,0.400079754946962,1.49063584519876,0.0,6.972151415795956,6.521466997071764
32,2.306023647056489,1.6280794707396922,1.2636191260945702,0.5008262953119578,1.2888582419434824,1.0,15.733069139262435,8.550462327482752
32,-0.1610230125199208,0.525821369813064,0.29901851288132764,1.2950327642344668,-0.9014641784617718,0.0,1.7803601743380937,2.399649465168229
33,1.2174234241753423,0.15732340930420907,-0.2878380727428762,-0.4512644666434271,0.2781675207820251,1.0,5.314084185572766,2.6072949546552455
33,0.37967859693351036,0.9683260821823082,-0.1312480518178245,0.6697039575949748,0.4324071274501885,1.0,6.484607964040073,3.51848587581329
33,-0.03662496259409753,0.6162671257648548,1.023569859139444,1.6797127154698703,1.4469919523881787,1.0,8.726683588817547,3.8627083019010318
33,0.6457337426754248,1.0908689059691152,0.8753503074941434,-0.32176315951332723,0.7441362792257664,0.0,2.9267541967974564,3.862301841943081
33,1.0087346190663529,1.5722576680947584,0.6745825755483716,1.469617237267097,0.140695818952577,1.0,11.330271166222877,5.7999024298925
33,1.4059166285283073,1.2837426884248793,0.44244198666702805,1.7586467658635336,1.1321204234930602,0.0,7.509084182682091,6.719978267004713
33,0.12958208885725953,0.2041385175555891,0.45830855271788096,0.7200784843413391,0.592079045629417,1.0,3.4760679171403446,2.975348170258151
33,3.031143325683818,1.8281640126245398,2.533462928546856,2.3612995758123505,2.1764468309058826,0.0,15.969143246051114,11.685967478558375
33,2.992995325939094,1.7157046448638054,2.5003262735451495,1.564987667575123,1.6877987520973896,1.0,23.744268366275236,10.564663476250686
33,2.9539096725349467,1.2088206379293749,2.4561152232847627,1.0322397436974409,1.4090792653044781,1.0,17.78590828722614,8.326712344540827
33,0.28462236677391617,1.2268162063472103,1.898771089384165,1.977145821487286,0.7549381331304518,1.0,12.969715851101938,4.09819973599533
33,2.2650771206694196,0.7363845163877222,1.850141367451356,0.7504011474335894,1.9534903532218928,1.0,12.302044361388754,6.16998883557128
33,0.8959773706449239,1.4620105375215164,1.0757196479752789,2.720065847629259,2.0677885536502623,1.0,19.840159153496547,6.8958084608106684
33,1.2744899867475656,1.3640130534155874,0.3116174339892066,0.8951298444179034,0.09623069605583323,1.0,9.59856501707065,5.661000397881567
33,1.7283604222751894,1.3076062681830132,1.532794694634509,1.235013445715331,0.794433737347854,0.0,9.112113670117411,6.5971116922334225
33,2.0133256735636946,2.8263292495826873,1.9779006340828615,2.062811469345014,2.3272628459103193,1.0,28.000594873886303,11.898184215933702
33,-1.489082003781482,-3.178751865698926,-0.4683635410763134,-1.2091171596911567,-1.3986381210322874,0.0,-3.0371006661936444,2.753754075917966
33,-0.26060332865024183,2.006096739961952,1.3154017262371982,0.5965374486072339,1.1876559013010226,0.0,5.177937443143234,3.152375985162195
33,1.8295580925956898,2.0153954787561483,3.065472013127204,3.542458686511365,2.420569594168919,1.0,36.259254822299845,10.126905817803042
33,0.2354249928898685,1.1526051920203304,0.4267848050401095,-0.013262531367408847,-0.10682349690059878,0.0,0.6550155240145652,3.0290179200429286
33,1.0055784984045826,1.2913456316156737,1.467825823793095,1.1091868300107983,0.2936379551743158,1.0,12.392114186664072,4.985125405361369
33,0.0920705797842456,-0.18001435807036947,-0.6245066177931675,-0.8706892970406166,0.05556542794969399,1.0,1.0740770544465246,1.0308905384703533
33,-0.22842446172966624,-0.12303472645323832,-0.508836882626958,0.5064163599828997,0.18672624867693388,0.0,0.6805991351196836,1.817839134701166
33,0.8714258157292095,0.8101289873043953,1.0050301781648672,-0.4158041156641199,0.3379367627049308,0.0,4.068192144647259,3.546388866934108
33,1.0605751253566191,1.5465676053937136,1.4671682325429585,1.590311182595655,1.6785846962188775,0.0,10.22975754705989,6.415297273580357
33,1.8346184725166617,1.081763568202447,0.9273982626054272,0.34465365884205534,1.3518019026397063,0.0,6.156865723346274,6.354658918654533
33,1.2315699827680924,-0.21624569190765985,0.17365330228985854,1.6357384333723912,-0.5517755709894245,0.0,2.4251655267491072,2.855108641627221
33,1.3954404155057003,0.5631029595961912,-0.08716919380063026,0.05427580746284977,0.5906605911845773,1.0,7.80941997359445,4.040135088799297
33,1.1476490870800082,1.5448557740875393,1.1247281454850975,0.15677378348466076,1.0102262738429637,0.0,6.07939115066144,5.6964906371737065
33,0.6210088208814991,0.8822580090189606,1.6959212160509005,0.38419970272322457,2.193429834533382,0.0,4.6803114869565885,4.311500150257029
33,0.5047941810135224,1.9307409917519753,1.611358153743509,1.198053008548846,2.2855949929884716,1.0,14.840817062096939,5.699346776311065
33,-0.5365280669838732,1.1437875251685008,-0.09176769637463855,0.75811205853543,-0.35555713658561827,0.0,0.7652164984711102,1.8411415310186563
33,2.587139556735723,0.8213378189418622,1.4701571191870608,1.513508586088216,2.106731423672656,1.0,15.460255979514079,7.474822223580799
33,0.06071078673396724,0.7344804420494355,1.5169797252224682,-0.207970391004622,0.5856235378713328,1.0,5.1988190691133385,2.443293563735622
33,1.9636916929698138,0.48730759932720247,1.7969464031581526,1.4284949704684622,0.7756547892963819,1.0,11.251593859038433,4.958742310332368
33,0.7676146498792116,-0.5185410296334636,0.7543216950434627,0.9755139654332571,0.6062627785176434,1.0,5.45710405207902,2.623282549019617
33,1.2466497032326769,0.546036726992418,0.42251069406129005,0.270036096666473,0.12330445563048398,0.0,1.8321285648456547,3.897047663725644
33,1.1777771442029004,1.40439542456378,1.5841844114166286,0.6603165757998277,-0.07826697419199657,0.0,6.75712411835595,5.014880438693124
33,1.3644568566983017,0.9220483629106714,1.4262027015111318,1.1717595866161632,1.1513554140353088,0.0,6.893958797128491,5.42009697947581
33,2.475873742838928,2.333665856640623,-0.13510126867117012,1.8313653296369892,3.0092320872681575,1.0,21.091343033991798,12.526267589214603
33,1.8125912188031261,2.1589870983909445,1.2807217426516295,1.2513202790382534,1.2290705405598101,0.0,8.650048995918088,9.065730189882467
33,1.30136392154188,0.6478574966500903,0.9460451552998342,0.8644095951725069,1.126406573130936,1.0,9.860955757687636,4.871035207427117
33,0.35410002937651264,1.647854049237222,1.4240241567439607,1.4205071528749487,1.4213539401659916,1.0,13.852203307117298,4.863670606071246
33,-1.1012270405354192,-0.6467858683883376,-0.8048175719655257,0.13064078107590604,-0.3953382028517438,0.0,-2.2346674723389723,0.9967368595779993
33,1.0435353679101347,1.3256247222200632,1.9289380325076861,1.3852395437339375,2.5841785634636087,1.0,15.567082908923938,6.166559942821872
33,1.8527045510176399,1.0895397851207942,0.45827644448061267,1.6418143160231593,1.5941741056327512,0.0,8.33732306715171,7.23366625497633
33,-1.0575979913319635,-0.06113357887426485,0.5254337654417562,-0.314288552248299,0.49319497606961615,1.0,1.5657243898740316,1.7225655110917395
33,2.7669715667716757,2.9497626544763103,2.8607311147089804,2.3832032187078083,3.4646737181486236,1.0,36.697783766156185,15.413763539534852
33,0.7896773844221554,0.74890401405068,1.0220289529317257,1.6340707118823072,1.5988031541059566,1.0,11.976387506614786,5.009770659806927
33,2.151085523512101,-0.22784908156571615,1.1304646880384586,1.79556743197342,0.5157261928180548,0.0,7.372494294720854,3.618614008840275
34,2.049922685958565,1.419040195265048,2.129216385244157,3.1716464877264388,1.5847200477001255,1.0,26.803887306847457,8.556348667561654
34,1.9366402584857128,1.3869052614803619,0.9281698513961645,0.3755284904716756,1.6226223949335656,0.0,4.370204365092854,7.410169756350774
34,0.04786346486759496,1.093861176147249,0.13670776453762312,0.3053787783638494,0.5082907547825968,0.0,1.3752975708033537,3.089076993118476
34,0.6281215612314692,2.2291971289013324,1.5236940451318453,2.044316217593893,1.6335743300958996,1.0,17.156042559282355,6.476743288921023
34,1.3285437166210061,1.697548175122222,0.8625444232958263,1.3969895289499914,1.4789209533766499,0.0,8.560590220017682,7.288047446407743
34,0.8507543164675195,0.8829673210121252,2.0926471119431094,1.3980718990483845,1.7968012063902385,1.0,12.959158919314584,4.763323754313425
34,1.9134509350612712,1.201350920203878,1.1674605412804475,1.058658711436647,0.328663782319655,1.0,12.84529698783533,6.526007118666554
34,-0.9867417509322487,0.007387166954308189,0.8871584132075591,0.6518377411290684,0.1573010018657961,1.0,2.599830708646467,1.9827996593456096
34,2.473064268668516,1.3038093458573479,2.2500509330857277,2.228491429015734,1.8255162276617052,1.0,22.998908407808496,8.63665715696363
34,1.5204492091931001,1.6697625420009092,1.0821103389452225,1.5685452361198085,0.6487675706756972,1.0,13.82176581019765,7.253072671103023
34,1.448058380215435,1.2670221214916122,0.7528526711247272,0.7111964860008331,1.7350521436071005,1.0,11.217587550635445,6.521554305324878
34,-0.18687776361716724,1.647328555783127,-0.23176744462326515,-0.05935689949856249,0.6810699104730584,0.0,0.14856245110589564,2.5906110395795126
34,0.49436531965483765,-0.9766997769832937,0.5726519420145861,0.09440398639271497,-0.250388447836114,1.0,1.3855346479120734,1.3247869576460725
34,1.8658650280655413,1.2812058461909357,0.3690449650518485,0.8161524684445245,0.36644796828448756,0.0,2.8730535642925314,6.672587595924298
34,-0.22115351661369398,0.9187340161385508,0.6481842320309595,1.6764781566425906,1.4530499892710398,1.0,9.27635519492204,3.8316465439200327
34,0.31571650279989993,1.7643412616265473,-0.15799240300071649,0.9883940071857754,1.589888473141008,1.0,7.661593039852896,4.79475071417454
34,3.1637086727272217,2.8237455900025736,2.4830442363285985,3.4273186627436023,1.8059887575247693,1.0,43.630575389350795,15.994529983598945
34,-0.14201416341831763,0.893674940769203,-0.03616561907286209,-0.9053605518766923,0.034779472761853225,0.0,1.331197956455204,1.7948886357765383
34,-1.4931018552389705,0.5740418678993047,-0.9747235405028019,0.7786863413693759,-1.28136805108741,1.0,-4.2841387913674405,-0.49393873857628334
34,2.1965801982756465,1.8854831303170754,1.798504478141037,1.825455224531186,1.2277218222387918,0.0,10.359340372038158,9.382741904250853
34,1.3369788846076363,1.918502968716111,1.2318566770388495,1.106487020558828,1.36980217983558,0.0,9.497606587922775,7.379299079320704
34,0.5121062762172255,-0.8238644971252154,0.795366794340804,-1.0865850441441638,0.058084513455220255,1.0,2.7074376973726877,1.0056707194505927
34,0.6499300135857846,-0.5449907280133708,0.9230259791615735,-0.6169800776144954,0.44119355715146646,0.0,0.34258558102414016,1.6752934536588384
34,2.7489635344203744,2.6710601009038766,3.2947629760852397,1.7176122520683172,2.8036553491353784,1.0,32.771301290542,13.972381579317503
34,1.9595782198620149,2.693306761441563,1.8542427386013656,2.593928268369634,2.4093320772100535,1.0,29.614388772527672,11.753273108294447
34,3.7504319389628766,2.402780204249753,2.9240564022947204,2.713180706223608,3.1851754084070674,1.0,37.37425022430481,16.522843800532527
34,0.27643595792226894,0.5517810506022459,0.070174859975915,-0.06748426394836748,0.5919651866614453,1.0,2.43284612911189,2.861507273691517
34,1.6147622801874435,1.4000856371160466,3.5953315223464544,1.1069997331639778,3.3553878823304584,1.0,21.709619003972094,7.898274470053961
34,1.9378192365755824,0.9629635208560259,3.1278003331892097,1.9690824630919597,2.8930598537328853,0.0,14.177245681159576,7.311507051101436
34,1.0211638248043031,1.443318015581815,0.8131099540888762,1.6085169428791468,1.8268566212473565,1.0,16.521208740813417,6.517589426876723
34,0.6013776812330764,0.7798806875355948,1.7511041612954696,0.162858713851043,1.9493182382514127,0.0,4.243688324261888,3.9119401546216666
34,3.049825602415058,1.511802293587117,1.0220519035299507,1.9778058613187004,1.56309331389994,1.0,20.25144538409755,10.69463923540204
34,-0.5849805906990828,-0.13098256985333712,0.6084026807363814,-1.1764840081277081,0.7943255543563597,0.0,0.14245189330539149,1.6523248183397095
34,1.9312118605786188,1.733796478945881,3.3050579662234787,2.9803333349628183,2.3938787104458914,1.0,29.58455957706015,9.533798229961661
34,0.5256215495564627,-0.6758256550130579,-0.543696335754154,-0.9113437637619866,-2.0025688842143405,0.0,0.8083620814767536,-0.3033326655550431
34,-0.5763637971240527,0.479873224753139,0.14295269501790397,1.1712062780128174,-0.5665525385195695,1.0,4.704420240818334,2.038776029114855
34,0.4924395396290534,0.9678542137008541,0.9763405550213522,1.0437255290899512,0.033311326029027644,0.0,4.526542157001733,3.7935032348832727
34,0.4450019254692352,1.718309888485801,0.6372198103752761,1.407527528110907,1.6828175541878132,1.0,13.62442388402807,5.51384253467966
34,0.9729618891061174,1.229209579102727,0.8377914745515608,0.6734998811004766,0.5752599129777763,0.0,4.532739984574585,5.0094412025927495
34,0.1033920863169503,2.2232462857922197,1.8705040978985046,-0.5201331256559141,-0.5899967355826494,1.0,8.727251848183775,2.478131359149988
34,0.2638893000753254,0.18232131518090666,0.6181188701723546,-0.2780921493752537,0.5060694562101403,0.0,1.8702151938607159,2.509236058958102
34,2.0606321873707714,1.2541677802992395,0.24222491000266821,1.4950256061312377,1.3791082849227778,0.0,6.57734266258139,7.7707645849789415
34,0.7255344783735678,1.3212334902159575,1.2118227395613899,0.5182777225855324,0.9568469921327708,0.0,4.958560434941107,4.676771593999434
34,1.5359183375601946,0.7605652544812187,1.1100611564896525,0.46582650045388874,1.3581935386178425,0.0,2.6163435036077844,5.228055253193034
34,0.8998149451854525,1.270041849311844,1.0471358856713155,1.764468777647772,2.0844701601884577,1.0,14.366900363283534,6.175821848984927
34,1.7657857203699787,-0.420461739127292,1.1289198814388466,0.6825671520718841,0.16502827543664544,0.0,3.3270401658797635,2.346110741432414
34,0.9714413132743942,0.7608164859883308,1.9326345861520744,1.011382107948327,1.640016563369493,1.0,9.680888026940405,4.5432400364779255
34,-0.038214035339951824,0.7942509291239264,0.624873668947064,1.2933520548513384,-0.3495518508958888,0.0,5.229674841730882,2.9430408792571976
34,1.9918437225428018,1.30861605043652,1.9477282922218788,2.2181507649749497,1.0160394048744155,1.0,20.70605329794536,7.479678229837354
34,1.360603668622733,1.976274044975996,3.038599073540454,1.35706477446524,0.8027420186027724,1.0,21.096152056181502,6.961866657874046
35,0.18975660313521492,0.1365294782640022,1.1052804802379417,0.3870952569850673,-0.29942959577488604,1.0,2.8780654736133986,2.2344072979870764
35,2.2190685310879807,2.8621747384222207,2.512698716703015,2.535743427826859,2.8467208886175523,1.0,33.0057310472301,13.030886398632664
35,1.357375114205102,1.9162624518822917,2.492962601790917,1.531340193419874,0.5646405870346265,1.0,19.9398092122394,6.735465313347701
35,1.0158492595847137,0.9335010950476788,0.9641478836283321,0.9605310854238132,0.5336823424703325,0.0,3.3997371087925323,4.722269380143443
35,0.2680974232401746,0.02730145332404088,1.4617810435859822,1.097958038930515,0.5563168144029421,1.0,5.9058892601265365,2.821846318540607
35,-1.0315807638672951,-0.9121405342531383,-0.8631039346283309,0.015663484872815103,0.24283452213127132,0.0,-3.7080833009050016,1.3168650514516849
35,0.7976729316475452,1.6955106964479882,-0.05589848449799795,-0.6296042261041965,0.4841628501479833,0.0,1.6543800516017448,4.496822958176589
35,-0.14632818453949947,1.6215994055215412,1.4179066251354495,0.7437371065003191,-0.16449235308190469,0.0,2.9099687976342024,2.651220360697617
35,0.09272817577340664,0.63637937847789,0.46600135742576987,1.1779556541620022,0.4642528964638798,0.0,2.762119775042693,3.3710411160723286
35,0.8192447492715782,0.9716990187901294,1.666276073820094,1.0634291470315094,1.1574733372138535,0.0,7.1794716243985315,4.539785740585123
35,1.6610627044514361,1.7298200653594153,0.3063448527691228,2.3828403986505293,0.44857887472061797,1.0,19.25058347660161,8.09110528395958
35,2.499763644899895,1.4033108461108008,3.6361262362931797,1.9744116440833699,1.5493798341666252,1.0,23.737816123635124,9.159251361288101
35,0.9053744034933136,0.032995289959983465,1.3551860805221727,0.7892627082025172,1.1849239716615148,0.0,2.9016754225709387,3.377687902626897
35,1.8380253270705884,2.206166781434087,1.025939257764327,1.6813227408700553,1.9724728808243972,1.0,19.331554448488763,9.935249775036208
35,-0.20999236803474886,-0.5197843705585061,-0.37919448080098106,-0.24150753460990093,0.8267658978638215,0.0,0.9401242144508366,1.7762574405872948
35,0.551193227569999,0.007836095479864635,0.4240675358784184,0.2411599134316259,1.6389539449622101,1.0,5.229742434153249,3.347347372584825
35,0.2971398129781805,-0.00857410218989596,-0.6566005286386511,0.5233405388859175,-0.45516669623513306,0.0,0.3776412144409251,1.6395937412105048
35,2.0231794127497356,0.2921365710270706,1.2497547226030712,0.47846707313488523,1.2417592847670869,0.0,3.644272885250669,4.549248345739236
35,1.0499380940316398,2.3849471352083533,1.5361640588229997,1.62028787129629,2.3856298286495004,0.0,12.671322089739943,8.027155688942674
35,2.0853765129368274,1.7990270754293993,1.6949508983009416,1.4352383859860318,1.3304344034133873,1.0,18.926131613174334,8.80032659052114
35,2.922778689755082,2.9071487780191436,1.790323449492781,1.8572904308678753,1.9749088586621815,1.0,30.61680512753658,15.005409480794809
35,0.9655526727597724,1.5162786946250306,0.7505948766269447,0.8734314788156745,0.2899835013576211,1.0,10.139733778068578,5.393250806803431
35,0.9453742066180695,1.2470421675966346,1.5100113699086515,0.6535975757302827,0.7508135958893206,0.0,5.70911082638503,4.793088489995452
35,1.5373096428409712,-0.020097497147672172,1.3602783762548598,1.1994764569053507,1.5458688713997486,1.0,8.859316417899839,3.9894882924663913
35,1.019224328161259,-0.10387422009553515,1.5785442707607988,1.1237139254735706,0.012396772697381708,0.0,2.125333459466808,2.7013835398614563
35,0.07944763656579701,-0.25400956013969056,0.3609547017578254,-0.10768434809460392,0.8456226536643887,0.0,0.36340588521514544,2.377545163043826
35,0.4896306800349196,0.7148103166742188,0.6724525135451608,0.7700639833516344,1.057461612901259,1.0,7.006660995793903,3.9844989482928073
35,3.280248861883784,2.9566329636176647,3.4093510778441987,3.001915287006539,3.356453055632956,1.0,45.88323429369059,17.736426163633645
35,0.7384789647587016,0.08545962932810347,0.62339615613379,1.7684328586756912,0.6179106831397383,0.0,5.8419208058931344,3.791849765362006
35,0.3095914531283753,-0.22341478848731366,0.7995770751262952,0.15767051151538836,0.2958895057723434,1.0,0.873125956117252,2.297499604273276
35,-0.4939421182559409,-0.8030149652074039,-0.47639220370168056,-1.1209131789952629,-0.8227297251280374,0.0,-0.3080826502979107,0.4268019689840823
35,0.2514066074652337,0.5689778764286825,-0.5627165476883473,1.208050570566388,0.4283203861712168,1.0,5.965356887194749,2.935873238044195
35,2.091212654383871,1.0629589285090204,1.2660858212631338,1.00261175106832,-0.39787287572928753,1.0,9.56732275405437,6.035388331349376
35,1.0484929158928293,-0.865532316394618,-0.2870463987353822,-0.7895989563363981,0.17573978650088118,1.0,1.1783833049996626,0.6926072966440139
35,0.5261660098979648,0.5242921410944138,1.2373747886963702,2.379931300334972,0.9698776587743783,0.0,10.949919293412888,4.421963698528369
35,-0.3536961457774206,-1.968637674891156,-0.5728838692194522,0.12060205717847405,-1.7565065537582396,0.0,-0.2643667991555938,0.2710797129543372
35,1.4191498558342037,1.1058864674221602,1.3488481444227967,0.8780862192052306,1.0790708297446439,0.0,5.951377290157853,5.705069813075836
35,0.4654438624237075,0.848564303955686,0.774214380080985,1.1433691773049541,-0.04777465240697443,0.0,2.704559306547964,3.7018381072431907
35,2.3887484147298808,2.1801663587570457,0.6846109488349866,1.9777769793819027,3.092889079094738,0.0,13.27721744246973,12.144629954377173
35,1.1101888163960074,-0.5730915489468196,1.1644291125939803,0.2252694326255671,0.647970823682595,1.0,4.818826230289003,2.046418491328044
35,-0.19972528723140814,0.41557028730726486,0.5759218886770776,0.0709704524015845,1.0915230755935117,0.0,0.4685117433595718,2.73282090412685
35,0.37651225412538447,1.2362276543617368,1.213501062354532,-0.3068402183027368,0.5296411757043629,0.0,2.1916956068278175,3.339717419272917
35,3.2603407077319355,2.6070112851719447,2.131765526354118,1.674613825228122,2.763818224262664,1.0,30.70978889947869,15.186512695348835
35,0.08188143202103082,1.3363686764165699,1.1571904395074544,0.2527168876992326,0.05936290455720317,0.0,5.297350374773519,2.9550977147269126
35,2.260487300237833,1.7057824167979865,3.026254474461753,1.7419611441561904,1.5648522869798467,0.0,13.120660612964258,9.01221237888258
35,1.6057918679010874,2.2152854682732355,1.7400240346372846,0.9432165776027899,0.32680658827096765,1.0,17.888604390131558,7.804428519071933
35,0.9427011827199989,0.27597670483626335,0.4732962726422446,-0.5399965150946129,-0.2359680993980262,0.0,2.2760757014549755,2.6082389495068163
35,1.0266013419344064,0.37757372779598897,1.6892061111206642,1.2389657201276951,0.030023145973194665,0.0,4.118913048435418,3.4506694423736812
35,0.37496219310912404,0.6827770986141785,0.9902251531781988,0.2973496791756157,1.1683944321328974,1.0,8.49173705831586,3.561371489175474
35,2.1613700370494207,1.8839841943103766,0.9603155386956227,1.4678545459853554,0.7261450520957191,1.0,17.66274375016621,9.245083142812044
36,2.4063538307030186,0.9391366471149926,1.6972894098468267,3.050171943746378,2.60479158271875,1.0,25.04288099700524,8.482610748016306
36,0.5555486930314932,0.36910892365443826,0.14413713100181824,-0.31483504635803206,0.030679474529671347,0.0,0.5756472777021326,2.587007783582392
36,2.0074950883691542,-0.24705985640098005,1.4950621732236833,1.851962747786476,0.09285661558788116,0.0,5.798476389509193,3.17984871277106
36,0.3300709991398243,1.2405496937876705,0.8347513819765633,0.660013789015766,0.9122586717945977,1.0,7.172070758111086,4.069653706356725
36,1.0904692012513924,1.2593582079167562,1.211711251648113,1.9235710908322727,1.2448448787835702,0.0,8.259076676806417,6.08968646498078
36,-0.8468050350147309,-0.9779075817243386,-0.6314318644860355,0.8672348646010154,0.7537481447585782,0.0,-0.8714201556584029,2.217699432871505
36,1.0902059375026014,1.7418237230368652,2.024524225934347,2.153912362633279,1.2688024535152589,0.0,14.434018270699415,6.600261636339587
36,-0.13396705936034103,0.08593867702303304,-0.8699804057126554,-0.5431075033738979,-0.16464091363793343,0.0,0.13124557665534997,0.8204499692200408
36,1.2536405807553763,0.6632948768304597,0.5198284462279659,-0.48720239594746095,1.10879479952856,1.0,7.340163717656252,4.22861593686812
36,1.857982349468269,2.325382801916226,2.292900850481494,2.519331376998295,2.2077117548159455,0.0,17.85698924714997,10.261209365002681
36,1.3849274773643963,0.6813801769007617,1.3025536709971786,1.46066068173185,1.1351983757641724,1.0,11.496455846718227,5.191059669396257
36,2.653940370204132,2.3975713055365464,3.9291773509081898,2.652870735818203,2.8061563360692463,0.0,23.69425869200319,13.877310348332443
36,0.9743821722098606,0.9700874240505142,1.2086950324565704,0.6520337845559938,0.6845450891535634,1.0,9.447902282651938,4.544347691495558
36,-0.9803777336143671,-1.2413322677047738,0.2909866971160645,-0.27228744568944574,-0.18319522673396849,0.0,0.041235075931495224,1.9818327878248978
36,0.4503744395582431,0.4811503056456078,-0.2249404474520269,0.6359566438327323,0.5900424695934301,0.0,2.0054395623480374,3.1577968967301238
36,1.960100545190628,2.403254342809743,2.1425390323670106,1.9737199579249771,2.287358465484097,1.0,27.163987733399072,10.553007905386629
36,-0.02815378990812345,-0.6299103734831273,0.1509177008723439,-1.3501388466674173,0.5986578334550037,0.0,0.33201078919362303,1.3770541485420322
36,1.7917612282590263,2.4879945417622995,0.7621806734190336,0.7273285606629167,1.5812696068427092,1.0,16.99425299815216,9.856491437352272
36,2.2048499069085112,2.201184081253615,1.7942269968227555,2.0520892505012207,0.6218742569074895,1.0,23.966087775646418,10.068816448419284
36,2.2955216040479014,1.1681587003411593,1.7984025617155313,1.4402716263153668,1.8835303134053132,1.0,16.638470471559437,7.748829792524499
36,3.1980311297158983,1.6339531308383135,1.4529771911639893,2.2439503390544253,1.7414021505230919,1.0,23.807612996865522,11.47813669090587
36,1.9114339760084955,2.0052892829359514,1.3285941347339287,1.290771934883646,-0.08979419676333955,0.0,7.390599820425515,8.29596675411672
36,3.8229498673371545,3.217192903209305,4.837499561212107,4.710404201453191,3.6539499696495987,1.0,69.79449567986644,23.544949884614468
36,-0.03830929944478556,0.5557541751748614,0.31633510786894425,0.9221255876586169,0.4936005683335307,0.0,1.1903353078742107,3.0538444099060573
36,2.979432003962587,1.4152859295372577,2.268018651619605,2.0737571272054858,2.5812810588350006,1.0,24.557093861607004,10.2335448572108
36,-0.17463004145452077,0.6491714705823525,0.8477203126152357,1.3982859416662121,0.7331465435286268,0.0,4.136466760254236,3.275176386556532
36,1.3053935388038163,2.1963616408083,0.8856137971401272,1.0587993437083392,0.7190612504247091,1.0,15.291938360450002,7.582545435647856
36,2.500348374715502,2.0039978929390827,1.8605703494913062,1.7227035095504613,1.61015501095112,0.0,12.06331724360037,10.573844766928936
36,3.5105923611197216,1.8132903420865243,1.7736104513803879,0.9104236916186815,2.512884029380577,0.0,9.045669390881319,12.424697091267374
36,1.3298933648171043,0.2380597405169892,1.7117719823943203,0.5898982508838506,1.7367984265030354,0.0,3.459040944682716,3.979295794044778
36,0.278466514507532,1.2487220226182627,0.36137605503491244,0.24676097075868353,-0.5759353182061244,0.0,1.046122511129831,3.0628335806094564
36,1.615634354942853,1.2721274803169786,0.3483297957850562,1.4955395180768516,0.42891149622710734,1.0,12.835426603070191,6.575508295457482
36,2.4382376030318857,2.262813898062266,2.4854709115336573,2.2788861996726055,3.3483719836504817,1.0,30.59653512804994,12.131804123139318
36,0.4992283943500344,-0.8815763611155079,-1.8133024459582474,0.18968068419578143,-0.8335193518162203,0.0,2.861102149648955,-1.0999886575594577
36,0.26702802565418104,-0.03179164074240104,0.6201848279942926,0.285060912174142,0.6727555512254804,0.0,0.4712349480147746,2.7119006302912982
36,0.18235627309158564,0.2429437651396953,-1.2395276892950418,-0.6418764605068712,-0.8434127872982375,1.0,-0.5480406908932661,0.21978682224960872
36,1.012975840595225,0.21978040924702635,0.478035908035904,0.9592344280599342,0.6133619635777579,0.0,2.9810798879520632,3.7522267076646663
36,3.173949474548646,1.2015425699806428,3.1052881561731858,1.353790655166723,3.4019433057261774,1.0,21.336396196281374,9.932551425323114
36,0.6280089059024454,0.08327949190641226,0.9214879968224254,0.26778880246331416,0.3233273825128894,0.0,1.790941351674123,2.768882186114257
36,0.48845177776014304,1.581512252947063,0.8526183534838785,0.7877737897238448,0.1925271920970284,1.0,9.00743308979561,4.381947922627247
36,0.5971157627770054,1.0777803996011321,1.708249248542514,1.7944106670374294,1.3539232934538725,0.0,8.941268427230131,4.772278844027906
36,1.21896157949687,1.5577818739401121,1.973785198198363,2.302827938257174,2.8337468820462544,1.0,20.253246441573104,7.450258457867685
36,-1.4082323870359117,0.7522047624115845,1.0533191516156564,0.32516109289108175,-0.11853298217856967,0.0,0.009602844645094422,0.7373699139089772
36,0.8125534098056313,0.8737704603797969,-0.3248695005193296,1.2785351260169322,0.670656143760497,0.0,4.343441299984295,4.313000374666929
36,1.2080063275835595,1.1364596317717237,1.4769468275125783,2.0687947401341455,1.8119313415385592,0.0,10.458061064379105,6.317631653615541
36,0.2612259925717533,0.40550111569915903,0.5539070717364161,0.9330046371858114,1.749970517533784,1.0,7.035671926890406,3.908207942582536
36,2.07117423715193,1.7589653497402369,0.661737725194967,2.0293075553354964,1.7431349358975559,0.0,11.142955705232863,9.564209228752382
36,1.1945601007363646,2.0854030392165277,1.1935730977243562,1.5577126100538063,2.119998124038755,0.0,10.98194312723891,7.93510310426862
36,0.24247259014110045,1.0164376268916333,0.31897236019010866,0.35238635016063624,0.4631777189076127,1.0,3.6257191204865187,3.392739765183988
36,0.5590823366418938,-0.9599999778998918,-0.8053317059036467,-0.213211282813909,-0.09194325393235392,0.0,0.5353970608595654,0.40045112034092434
37,0.7648933516168386,0.4381476918943392,1.6074061689682377,0.043553920740547425,1.7178058220304449,0.0,4.269226619009178,3.584438069369952
37,0.08958120827109328,1.8914088653186298,0.9667441993135639,0.884847614317005,0.24758882202035926,1.0,7.9047913691181115,3.7775022398453526
37,1.1069418055085545,-0.44527353482197984,0.747760068651121,-0.08208077507345135,-0.3438412488317715,0.0,0.42466252358720646,1.7320751232117222
37,0.8859965147838561,1.6438448842571394,0.17974384983854408,1.4946041151195502,2.541968417423754,1.0,14.62818537338437,6.813409247973857
37,0.9447852248999367,0.2680069316342979,1.2237523651461462,0.6788680818778041,1.1395453461285574,0.0,2.580571984400911,3.7208074556091018
37,1.4170671254723677,1.5583693365998461,2.2265855048526655,1.6045911821948073,1.6144863447755924,1.0,17.394751389526963,6.809078793592187
37,-0.36711148741825816,-0.5293867657496909,-0.040059444468012906,0.2123465448245796,0.1763503535254376,0.0,0.41712360528662806,1.9196112911018108
37,-0.35814268140190175,0.7232512107993339,0.019585960187632256,0.23558508085875396,1.5217636204433007,0.0,-0.11840625672730609,2.811802668693921
37,-0.7814789622229881,-0.3052402570697792,-0.06254664108202523,0.8707406526742864,-0.3876988935473942,0.0,0.3755702790805469,1.9034713851439808
37,1.7541517352482145,0.8338950296546599,0.6306811911067721,1.6006237922103632,0.7213510164234502,1.0,11.077349102661426,6.040755796307801
37,0.6724281027590395,1.5156247809391417,1.8186981496448098,1.8914882973064702,2.054875982535423,1.0,17.119034982842628,5.750335886270338
37,0.5753739911760414,0.5378878466789547,0.24289736040318977,0.5839207466263836,-0.16035403836306195,1.0,5.214798451880563,3.169994819006293
37,3.0211474380510026,1.7581949731734081,0.6713752058129403,0.32264154172038273,1.1617485732752326,0.0,4.292540261919637,10.562287046246238
37,-0.014289261435982636,0.9193573161644664,0.02876271475461656,2.587966159943054,-0.4841905118434098,1.0,11.461583321655219,3.505252653384091
37,2.739887745404493,2.273579358875695,2.8239053626902653,2.8162988548731254,3.090759980757382,1.0,35.69519538302534,13.151607495057487
37,0.7688926367512459,0.27542081358251624,-0.5495376938591758,0.6161832067220879,0.6647773861459514,0.0,2.156025754836805,2.952403282705771
37,2.788579671458578,3.8322212414065304,2.4073482875917778,2.1678266820799474,2.3316379644502563,1.0,39.184780359487085,17.70792391378762
37,0.9265344133196716,0.8077822917453541,-0.3242048073247661,0.3398552297483135,1.0232756104347551,0.0,2.9226826426944204,4.0829637995150385
37,1.949700833481645,0.8714113900700335,0.5689361835333808,0.7622010480182454,1.3474198887278264,1.0,10.798353514361205,6.291300753561931
37,1.4461122620716298,0.2052972582552487,-0.6516573926168818,-0.2933819265714308,-0.049156311732141855,0.0,-1.1185890839226293,2.420569501362319
37,2.037897831423286,0.7140269439920233,2.182749298613028,1.0993632143433116,1.7361589435283746,1.0,13.732623277349848,5.765744960612834
37,0.838573890041483,0.23638419868819915,0.3688818483935268,-0.03395303997435861,0.30597845910394306,0.0,1.2324696959442156,2.9888893987355165
37,1.633015040450637,0.6469108340384978,1.36251955579859,2.184514554369243,1.297909800374443,0.0,9.756343875346692,5.825624234259843
37,0.27918646472064057,0.8948124937050628,0.925050683877265,1.1594985879488418,0.18711067479300658,0.0,2.06466036484874,3.5744431036401583
37,1.4861566522585692,2.008898847091372,1.7745030202611765,2.329875858254746,3.193715523025139,1.0,26.41960887070786,9.179812571722781
37,1.1597523892940584,-0.2766195813718757,1.781426702598703,1.6077360562796588,1.910187362354057,0.0,6.399401731096317,3.5613548587446955
37,1.7193305799526195,2.148061147385845,1.377131325523274,1.5876052505129792,2.339935070799421,0.0,12.19785788438613,9.471715570688362
37,1.5507993732155327,1.5554781758544673,2.2443248561016613,1.7647556661766095,2.7520969588992514,1.0,21.19220591646119,7.72221424206748
37,2.017516861427666,0.5938166221427007,1.7804025716773642,0.28815551702108877,0.4729133557613866,0.0,4.815522671783589,4.566362732765883
37,2.2039514043586044,3.267976711191863,1.2792058064013365,0.8519250066112991,1.119545957440258,1.0,23.02732120554637,12.851240274237963
37,2.082865636604293,0.6674500458814077,1.3590331012897205,2.113222031769425,1.0171681356747253,1.0,14.513896083548154,6.220262304285261
37,0.21527658538234684,-0.1018407281446485,-0.17203920065257106,0.2794502909649058,-1.2989298423059945,0.0,1.2662878814697365,1.424272349609004
37,0.5270546415811508,2.162551568835556,1.6489259578695608,1.625922609175562,1.755277994395208,1.0,14.11381795499453,5.921599059603835
37,-0.14992640264757617,-0.23808077071570333,-0.8127346008764906,-0.22399551387903438,-0.05634950349001011,0.0,0.9949829416580857,0.9826664187194922
37,-0.6991536132055625,0.19483939322953225,0.6721763708395005,0.0038933071983058287,1.5021160058997167,1.0,2.4703147863996495,2.4831813810431655
37,1.154997979859394,0.2615676451648652,2.5038877396410752,0.551832229655269,0.9305145591911249,1.0,7.84424100489642,3.2000459193961612
37,1.313560986116611,1.0689892828115166,2.366857027583051,-0.055925401507329386,1.0228673406736906,0.0,7.032837319933299,4.5477512384967245
37,1.6224779504758384,2.633358102772698,1.9891784124120275,2.4306179411113042,2.006298695410593,1.0,27.194710861872835,10.20724838825845
37,0.3347123912470443,0.5162156091195831,0.6040866938643429,-0.5986169197016535,-0.40536991993117555,0.0,1.5910267910995097,2.2213188966446458
37,1.560700431011848,0.8412590521802468,1.003461857619295,0.486788414450949,1.1706561179594561,0.0,3.124225572083849,5.38177232327579
37,0.43787623729668157,0.3909926190593219,-0.1307009718094998,-0.3380041626539487,0.2271203295482792,0.0,1.9580748177240805,2.4563191827999438
37,1.3443866866433885,0.7262199494935482,1.2649609236008883,0.5703106070341383,0.5427401668324761,0.0,3.4700125046287553,4.501719515596454
37,1.875428617794914,0.5838582293777284,-0.6165561636525541,-0.3864309409504789,0.12073101596268043,0.0,1.721518645164916,3.6993744277903953
37,1.1252755503816783,0.5803730463268229,-0.34673344174885035,-0.19428464569809956,-0.5722130886533403,0.0,-0.06770789514891762,2.889776104215698
37,0.2463448532633864,0.05340054897516899,-0.7687299438462147,-0.31918842042571494,-0.41324073066346934,0.0,-1.101164355927731,1.1312423252598083
37,-0.075165579067489,0.1963808408350891,0.8228357036465104,0.3205679382482627,0.9075966772847409,0.0,1.5539314343290518,2.7514918650832882
37,0.05116305214750405,1.7141135624720736,-0.29033321929689504,1.2226427597200813,0.017058849561093825,0.0,2.9249239099850772,3.403170321401145
37,-0.0999640875544503,0.3139215209706935,-0.0193180592526776,0.9018976677298071,0.8376324088614433,0.0,1.9295047500051934,2.935517259066019
37,-0.3684408241327035,0.3203929281555391,0.33983722515308734,0.5270374212646864,0.5740322360338317,0.0,1.399382963166416,2.521192595090332
37,1.5266014549870155,1.2343784950970504,1.4001761074465513,1.5840271756391364,1.2926127059645849,1.0,16.430872191428236,6.573095571416827
38,-0.17925129989702016,0.3588671283506205,0.188911334587479,-0.5952672510944226,-0.25417729103503794,0.0,0.23584104838772063,1.6774231685002037
38,2.3919750292283672,2.0186135366030715,3.2983491183222187,2.285908361699344,2.0329695673613655,0.0,18.482018495943944,10.854642136200779
38,0.8010744560259732,0.9423191336771239,2.851230268354662,0.2499025649655483,2.5710102840037576,0.0,7.544837827852619,4.504495953195924
38,0.5118357002940457,-0.4866291038501145,-0.48563191240682246,0.411501394528925,0.034532881838757135,1.0,3.233077145857957,1.6281105017002167
38,1.600097847758621,2.128110620967367,1.3189384996565652,1.2334381228111,2.014374252699228,1.0,18.87076670489924,8.80186849939939
38,1.7039243895021856,2.3460600113758923,0.8493512072616927,1.758718021718801,0.8573126681680832,1.0,18.774827076495157,9.415662453850546
38,1.5197852867894164,0.5512310130726219,0.8716646785574287,2.2191255718375764,1.9898998128413927,0.0,10.427936840546813,6.057159257217526
38,1.499994664683367,-0.12679065203249196,1.9771198285289198,0.11029820945210755,0.05023689719486113,1.0,3.5485924272490217,2.1700093237936513
38,1.413225040993427,1.5718458489527474,1.1770885153301103,1.6102907935141868,1.153098538671556,1.0,15.543888165113033,7.067761465347331
38,-0.49905686183306686,0.38646181763839405,-0.15430047966906502,-0.5141084010865025,-1.394781069573145,1.0,-0.21984682616382573,0.70736036186178
38,0.669056823509319,1.3967357110486502,0.5884032060315761,0.7452826040408211,0.7941849093491693,1.0,8.839589395486735,4.863155198408615
38,0.631065249150653,2.01950399200944,1.5603163056035627,0.8853220369888333,1.4311326811136664,1.0,13.39124002477096,5.548588751665379
38,0.7173883136277424,1.6138454448877178,-0.1374685919159011,1.3978366321376954,1.1186908523379093,1.0,10.575583822028236,5.503466251441591
38,-0.12692307619950505,0.21788390061321705,-0.3505351971733697,-0.9282567979792953,0.17107393642740376,0.0,0.22615933227766816,1.4031559483077993
38,1.654425830400082,1.3606928089310504,1.2354976462260703,2.1945055923715513,2.5315536739352296,1.0,17.83962592506562,8.068554338480599
38,3.010877927296294,0.9354663925168938,0.859551308082444,1.2353180554596404,1.0328882834922464,0.0,6.6646673249951105,8.006403536689957
38,1.1326937296598782,1.4419079133953199,0.6903781525116961,-0.1764817030889536,1.099145546934916,0.0,3.7118939048233335,5.498067123681036
38,0.429816797706724,0.5588005311508298,0.11314941401653866,0.6488477886520986,0.41326781635877696,0.0,2.592329075972849,3.315728460581333
38,1.760386577099577,1.3446486975852134,1.6529615928932186,0.6025859818959494,1.2141599184686733,0.0,7.6674363925460165,6.572400056225738
38,0.9655416940568105,0.7247244521364544,2.023621766451561,0.4789446302257584,0.3159052458442051,0.0,5.789196652287429,3.5166126161072584
38,2.97670516834777,1.4146441779187138,2.338648849484521,1.863682113490046,1.3046569951447848,1.0,21.965120245142888,9.465555350206664
38,1.8550101755186934,1.4339711205653063,1.4780994578328928,-0.179732654760709,2.038310759489848,1.0,11.284515915209466,7.065424622479288
38,1.519810285334768,1.1432794153007868,2.104629781952207,1.4896491804408336,1.365757319873691,0.0,8.584701580351599,6.040293655015956
38,-0.09217188921394381,-0.2743390773301886,0.5835567313701424,-1.0422244194173884,-0.8521665409808246,1.0,1.0978920088791315,1.0211219425917961
38,1.0202211169301818,-0.15423734703497183,-0.1624506157570731,0.6229407842109669,1.4423413078728458,0.0,2.604688296238745,3.21388531630158
38,1.9270330477784916,1.5030796029158022,2.387344228487152,2.3824348158124353,1.705784853094529,1.0,22.27105032965733,8.120535959097202
38,-0.11783278595266022,0.5777278728893128,-0.05149912278237401,0.41178726839125857,0.15757764059209978,0.0,0.8170625138365163,2.4194793650154636
38,2.014703058019152,2.6686338041463067,2.5285664172942006,2.0502540917028416,2.478679878162626,1.0,29.911292673630967,11.42901267562702
38,0.23819905420778775,-0.09804585411765387,0.41414886182908406,0.5570572758741779,1.2953182136892882,0.0,0.02990045140984865,3.095443505342931
38,1.1855184463255366,1.7462327261078374,2.4418308219694786,1.812875572534352,1.6565352408206304,1.0,18.770416327587,6.726691914383837
38,-0.385899884714757,-1.047104296578444,-0.6731269188003468,-0.40737898891366187,-0.7282381003202647,0.0,-0.5840580010145013,0.5650793970052219
38,0.4993879760415004,1.772466845951816,2.597226569346504,2.208262928814084,0.5813115704347659,1.0,17.867355491652344,4.859020823756316
38,0.6289222028506486,1.2814475096506899,1.3196817546174393,1.6364607253934675,2.468086421332468,1.0,15.570995664556488,5.721713825716524
38,2.3619495191726427,2.5359759582870858,1.3028753771175026,1.6909734282799838,1.3414402283969538,1.0,23.003953195236985,11.871181584409499
38,0.8198891702427308,-0.07154780322053811,0.1508342347383571,1.1423074705880554,1.027990874972793,0.0,1.8339662310328455,3.464721772048271
38,0.4176375723027478,1.5635336412251026,0.2561069594030567,0.12842020459397452,1.9240935110065216,1.0,9.556277705529322,4.765269815851802
38,-0.01736188439740549,-0.1738451027995198,-0.11419743214067424,-0.1567837881329901,-0.7124668759633994,0.0,-1.589995470382319,1.4091772932389568
38,0.755389838354357,-0.6534584531397842,1.5668187576844759,0.20988711840012075,0.08890578477766042,0.0,-0.18675548109244633,1.49413320637207
38,-0.20395058377556952,0.5961833327375914,0.11787428911249165,0.09265810183245271,-0.20864684662794386,1.0,2.2665284536949533,2.0685280740201097
38,0.9098598297973708,0.6370134611653899,0.8856881296892856,0.8616440538269803,-0.17225039521105412,0.0,2.695936082119146,3.773327296700981
38,-0.20129862577872792,0.7551423598201027,0.04416882568306468,0.1539096201905079,0.5025707307612677,0.0,-2.134394967193166,2.474262052028964
38,2.2742967921038724,1.3199494021762157,1.3795811228353052,1.9635649878823105,1.345470680498506,0.0,9.769248272335373,8.333440274528643
38,1.2848622995046606,0.6769915114629095,-0.07661803561010294,1.8001721033288245,1.1134229280156738,1.0,10.133237013968438,5.266322547405398
38,1.537874586259559,1.2555150554594228,2.153223202948157,1.6640788047489925,2.7179965423187316,1.0,18.243584614968725,7.045116480122507
38,-1.187658407673942,0.376983830813286,0.5905501486017515,0.10321357031039402,0.4820914667179388,0.0,-1.4165281221638852,1.5654967602912657
38,2.2132361441117387,1.1730733525872876,1.7846865688704665,1.4238871362610948,1.5559450019963692,0.0,8.599336809384198,7.45943935570147
38,2.179433004139212,1.9859383461214621,1.1469310629696459,2.0459004150815225,2.7397231796121884,1.0,22.067744537532217,10.788469307585682
38,2.3233787784109063,0.29825555292130823,0.8878136195487947,1.0280999234224075,0.6228107196038213,1.0,10.052418353122055,4.904249414476478
38,-0.08217500776270992,0.5151874909909526,1.443087855326299,0.8403470567759547,0.7137629251859718,1.0,5.387247723014129,2.800131236064014
38,2.5503549979183866,1.6457757131788329,0.554319664079153,2.02740440423727,2.0670569602150133,1.0,19.557394800478356,10.470026927379054
39,1.1544392674216661,1.7367979052052982,0.11505390576089936,0.8829588213889998,1.0576160189418053,1.0,10.629720371446655,6.471849258067374
39,0.9943488974315129,0.3661683625105995,0.7884030903591657,-0.43000335986552485,-0.22052675496037666,1.0,5.373300853930106,2.8182730129886746
39,2.915922462921695,2.0451889389364375,2.8415872246580216,1.4446672164320993,2.763357815226178,1.0,27.39195219328739,12.013639312298471
39,2.602228612485967,1.3694428676590504,1.5713646091405984,3.866156661524183,1.7448156804691088,0.0,23.015122333648872,10.140039346711555
39,0.5406959414189572,0.9851592831407734,2.2014088972006185,1.7176000565832927,1.0304843724668817,0.0,9.04454036440539,4.180706280336845
39,0.09669757866943884,1.8672294622971772,1.5716687243105187,1.4219959513671683,0.4860626965205872,0.0,7.44144034987146,3.901511377001859
39,2.393933765064136,1.8882608931272074,1.5366240964810118,3.1435833721502737,2.141216004410328,1.0,31.05486574525489,11.106346154905136
39,0.41632500397101946,0.11061589336809718,0.1745586109287357,-0.7580342638711242,-0.2210383502748876,0.0,1.3091895202888635,1.8920689017139074
39,-0.854402995339276,-0.20349017647799328,0.5029523133032772,-0.6693098733538101,0.3056923818711156,0.0,-1.4180990135832536,1.5907467662880226
39,1.65319490080147,1.1651242717483028,1.1156206988712605,0.736077598022554,-0.16677607299637565,1.0,10.229812430755658,5.6174182698245865
39,1.1684975180626567,2.0001850489938207,2.4651014619945046,3.1508239045904918,2.4018748992273204,1.0,30.75134285554186,8.150678440008809
39,2.093155883890293,0.40285850743717677,1.2022937209856068,1.5443800914265395,0.8889252866762537,0.0,6.17192360764179,5.2692713659557775
39,2.3396201876131197,0.34985691108008377,0.8342983010298544,1.3069437842227927,0.8955066959038451,0.0,4.819275080745233,5.353342916242076
39,0.4631066155471,0.7242660574391304,1.6280184859135205,0.05361530959198213,-0.26646628954339957,0.0,1.3529556391457207,2.579491555665564
39,2.6501582643064228,0.7804941688480155,0.7890051633982718,2.6825099735610274,1.7774979361326577,0.0,12.695483472525922,8.112817477612188
39,2.630212796566305,2.042592040208815,0.5807891783012742,2.429403019555115,2.539349007260939,0.0,12.785738213564093,12.319654644153054
39,1.5758799770976717,0.5756113095858006,1.4810410902853581,1.2297458703982247,1.9975975441250227,0.0,7.439807118044339,5.426667006754175
39,2.73041003357271,1.9871129866676063,2.2467205804566923,0.19605947871203078,2.016953048692918,0.0,8.092860460859132,10.388642679715138
39,1.0519144369043278,0.6787708745451675,0.7241277070095268,0.35357415900377254,-0.417395017785946,0.0,3.4499268375303913,3.6585825476491016
39,-0.4272731289592471,-0.38726742978403195,-0.3675733825172518,-1.0556787574356,-0.5604023784571179,0.0,0.3877299756136542,0.6995735299747077
39,1.477202353788365,1.7086918018230728,2.8508973358192784,2.398405800907888,1.1015377752948505,1.0,23.381403626602417,7.33440626914311
39,1.0397801667942113,2.104065705601111,0.8958488560302877,1.8633679533417642,1.1710846898647789,0.0,7.604283105510586,7.349695782058346
39,2.15335802970215,1.3107905684853256,1.942725902778553,0.007056273013394843,1.8989235020299964,1.0,12.644457996095294,7.115614779801394
39,2.1927170417939705,2.4517225578126056,1.4287861208596047,1.3736650469422378,2.8732374222900052,0.0,12.98408629189095,11.677531298550319
39,1.2729037273253991,1.6165970763472706,0.8412180958911974,1.0831361849979886,0.4437621599026512,0.0,6.958738227366044,6.353136350462348
39,2.8748379872448053,1.6948257021688304,2.0028141532475,2.1894760192065483,1.7461168970931658,1.0,24.473743569670912,10.707680602185675
39,0.7213098927799408,-0.2731102913736059,0.05408275324899359,0.5554763558662992,0.43567536334026735,0.0,1.9387097465232128,2.548257766279678
39,1.0741459189119542,1.189423449303401,1.262689372701734,1.6952768199555188,0.9917742107752299,0.0,5.456114148316196,5.687524509497759
39,0.6750443415741622,1.6414885040906944,0.43242534625886175,0.23097553591929176,-0.6711868804870811,0.0,0.9396552194595844,4.170402971343093
39,0.6601776870313874,0.142865406550593,0.14075856178282942,0.47840584195790314,1.1704266772709195,1.0,5.170250155202992,3.3807435002061084
39,3.0689974039035497,3.609644415210511,3.1438841982397907,3.9681959154753463,3.1559065799291006,1.0,55.81501364851666,19.551306221262447
39,1.415846812845155,1.3043397863214101,0.7086079588598913,1.0369042959708896,0.14049976097365935,0.0,6.204940499920265,5.90911315717047
39,0.21766793839250798,0.27354432230027004,-0.9729776386059803,0.7093306913468462,0.802503716927486,0.0,0.8262669702548859,2.1374171610543167
39,0.7790545856484066,0.6088356164458115,1.0076581111734435,1.5012256631311018,0.3030444361636474,0.0,5.7070681359954945,4.108067832296538
39,1.305961111875597,1.600437041812405,0.8654687140324857,1.589976231482512,1.5140512375073998,0.0,9.14173946969418,7.176339015386144
39,0.8920749936556885,1.5670281365269507,2.3428078666925582,2.138135366051686,-0.06123718134506895,0.0,12.070433949219934,5.139733270516128
39,0.07178017446506912,-1.7343927106055426,-0.6185133408506929,-0.4982123662860216,-0.3323552018491407,0.0,-0.8337523137108065,0.1343996242616745
39,1.337615859623843,2.8603315235884637,2.2896916012346944,2.6198298493931986,0.8076287329658036,1.0,29.088663809032653,9.125019862364448
39,0.06408600663468045,1.9661113920553517,3.1153645919202475,1.5566237074069833,1.1909834216776733,0.0,13.88984412553405,4.072928723455594
39,3.1198926739972634,1.9508240356058082,1.5791823654514803,1.1798687638824243,1.3844540379768082,1.0,21.455063096146606,11.685086615036562
39,0.8549312320098323,0.3224077949567762,-0.6384863540417953,0.4073786573627971,-0.36185152067026904,1.0,3.145502140722735,2.3708251793155557
39,1.8463001334481355,1.3788746540947718,1.8840690530870572,1.153387095403278,0.7481805885137529,0.0,9.05355802581174,6.743048495844161
39,3.3481709554973578,1.5270190485352741,2.3796849737190895,1.7922244254463044,2.4161162037933535,1.0,21.776792649304173,11.120808179254597
39,3.4418038778112874,2.834332531589654,2.1712494736616943,2.2622798078126896,2.292545565883639,1.0,33.18236843075266,16.691305912953677
39,1.5843333563964968,0.2083385850076791,0.5499136325205283,1.6709342194945433,1.4224465146860341,1.0,9.779756934896616,4.900630585763082
39,1.3832312981835297,1.1561818843251723,0.972316623356845,1.0684935023626432,0.9204052310785972,1.0,11.453770858714428,5.912968304895958
39,2.2379342101006188,1.6217578318070487,0.46618858532953833,1.9548025575455525,3.046333410888876,0.0,11.609440065339982,10.186183575737935
39,0.2858656953522013,1.0334058659230674,2.028158699040283,0.9554345053611397,1.11034448162028,1.0,10.861129172086182,3.560436797613108
39,-0.14489547360174626,1.095465438607837,0.04956009496546088,0.23647849638072815,0.3395721144678895,0.0,1.082294654095695,2.628134501713803
39,2.472613001152342,2.683691797950143,3.7393272903215484,2.232764692328766,1.8645465475135383,0.0,20.56955367376557,13.305590278952986
40,1.5321012605295827,0.5783034999902317,1.4142990480856152,0.8252763482451112,0.5348701104643463,1.0,11.488462292685025,4.484303909281125
40,1.3461923408256045,0.7158483656685345,1.1797870270408237,1.016841404011963,1.2499070636386678,1.0,12.174382964763444,5.0990794194533375
40,1.5717113350421439,-0.12809172167316696,0.5787940379181137,-0.2630800687878816,1.1491800154412333,0.0,2.0663909350566088,3.0900565256817987
40,1.6125352717448695,0.8497388537779701,1.8787737559201507,2.4095521890055847,2.3763055207270605,1.0,20.27933062299266,6.630554817427292
40,2.933612297783368,1.1857681053850702,0.32092228352885876,0.5955810246688611,1.0300229453652154,1.0,14.575530179262,8.460482119495524
40,1.2846291287930744,1.6073737006044455,1.471344071922171,-0.10609793425565917,0.4227258538615246,0.0,3.768507301894738,5.504154880129852
40,0.49587575187444577,1.5254065917778359,-0.48861448613522773,0.1961533729598457,0.7353826983031984,1.0,5.491469382478188,3.8714981752123885
40,-0.9334603430316901,0.21868889922640944,-0.3376086426618914,-0.910377210082636,-1.8366492393368206,0.0,-1.557180712266749,-0.16029122687158104
40,0.04298226948747497,0.9043443646266914,0.9224606430171464,-0.1479488490306209,-0.01567238600979226,0.0,2.329623968318223,2.4958144272354335
40,1.520261282993908,1.2183008408443332,1.1962322282838653,0.27305778857648655,0.9050844942090285,1.0,11.567012658497413,5.7744708014716375
40,1.07460896577591,1.6321240448044128,1.7265219610562887,1.009789339481625,1.3962451907317894,0.0,9.60846444258599,6.01844288912871
40,1.5620965400381983,1.1876301633849389,1.1640165476259605,1.733424788056496,1.9333680382450695,1.0,17.426333417552556,7.041114942502238
40,2.0364626878119854,1.7352676771159823,1.1758034944528735,1.6246167214329048,1.7786792468477186,1.0,19.384426494580673,9.09402436471828
40,1.2382992790560534,0.29282529483529673,0.9894890816777473,0.8128681604453761,0.2740400290144148,0.0,3.33615485302433,3.7154832039373966
40,2.5008422749137695,1.6547413768023034,2.5536254618624437,2.24454686798991,2.3214881664461577,1.0,24.808334547309595,9.94379932640374
40,0.26414507203430715,0.04747716108616762,2.1435949008773374,2.004996965535625,-0.3190793219615571,1.0,8.730758104124934,2.5411221922158025
40,1.6601874262216252,2.234866373714916,1.5433008191330995,2.174353409289611,2.8006857757615786,1.0,22.2441791876628,9.944485998332745
40,2.2436374782633575,1.8826168177563527,1.9357777668536973,2.7100221862288203,2.6264989592098065,0.0,16.829678239851415,10.566254296549713
40,-0.4486190198351865,-0.9373782919363616,-0.12836086265616764,-0.1152176363007289,-0.4078387345493033,0.0,-1.7847323012541731,1.3935915076385512
40,2.008227667157897,1.7371470925409866,1.6211816105224686,2.2671571504439028,2.4630357167902925,0.0,12.932951690581202,9.486597504116629
40,2.783650279642754,1.8828172797655491,1.3702583241130122,2.5396399835973087,2.8912972213151305,1.0,28.004021654055798,12.17413297201728
40,2.081265341443559,2.702529476052242,0.9487772513158635,0.773535077347902,0.10587083475360404,1.0,18.421775790418305,10.513347180306607
40,2.3140393029708997,1.7947560506120617,2.597564503549393,1.8930044189621897,1.1794464302221486,0.0,13.071113178430377,9.18691068204851
40,1.7203233734384673,0.8738873608448959,1.5238330452515072,-0.34220804380746306,1.6594825950184267,0.0,6.6521177054962015,5.267974038124418
40,3.1514778060247846,2.3517883699533364,3.0304305934430835,2.3539449944565516,2.4412618349640294,1.0,34.28032900627048,14.082232793910029
40,0.18573651999138574,1.6157596312660563,0.48408257407913313,1.2191394484066675,0.4981235456417541,1.0,8.574005049812655,4.186628719126135
40,1.6953449278705812,2.4007013109418933,1.32146381950662,-0.5658859092566186,1.0961548485585473,1.0,16.756750872179467,8.29066345185588
40,1.097490275584796,1.2458441709287573,-0.7598062773741865,0.22663791074336848,1.4701486449157986,1.0,4.928743522305445,4.732428681697989
40,0.43491156214783533,0.47291420147332386,-0.3889751392479752,0.001993322067119885,0.7425747915046685,0.0,1.499117624776965,2.7626834373370386
40,-0.2573168518983351,-0.13536515530331084,0.7947710231247374,-0.16906281359023656,-0.5686449802807583,0.0,-0.74835587066561,1.5674705525845503
40,-0.12769567895085143,-0.3202968922783276,-0.06650165591230373,0.6459735006340642,-0.13444347276666013,0.0,-1.4002509820058964,2.037208009175419
40,1.857421754421689,0.27385594932091184,0.10963316696151959,1.1008631281620207,1.6016676331755895,0.0,5.49998116137221,4.974383115254195
40,-1.651606207545207,-0.35227728677365255,-0.3098920824065128,0.42145174144910436,0.788698270521856,1.0,0.21650387573944874,1.9823770567693717
40,1.4303287679089691,1.4846084435147817,1.695728484907189,1.6207609534731726,2.557733649692283,1.0,19.158566091937285,7.393450895052301
40,1.1218041047503275,0.8493698628195545,0.17859329158629578,-0.5199350282541328,1.205630121933617,0.0,4.852766899524045,4.354652336663493
40,3.4288654577582203,4.062192440172129,2.5514833773522807,2.8500516447081012,2.5181991471239322,1.0,48.67594857225651,21.803227497330376
40,0.9556938620947015,0.9059409545437996,0.9991382337617174,2.0063728760498085,1.0320842904788827,0.0,8.941590125393892,5.356444574580443
40,0.9310206177256903,0.6380869763880658,1.3923861408174008,1.0990235349197885,1.2925219970037125,0.0,5.340361188445282,4.448056983683484
40,1.024504692222203,1.0324926242182537,1.249308346245658,1.906097223866178,-0.09882893569300344,0.0,8.93307792112428,4.930559169321059
40,0.7066652941067959,0.42017170249588043,0.4673699532993407,0.358700380361445,-0.24994291899148346,0.0,3.7067321396463866,3.0411592807063013
40,0.43509510069766144,-0.3864553206481278,-0.05350099591451074,-0.11769803188994832,0.7053291453586104,0.0,0.8238367471449977,2.121809295213352
40,2.7329912327989776,2.2692562344940077,2.5453639243038833,1.2438109802748094,2.681231052482701,1.0,25.967985367721177,12.110724945691649
40,0.7010064303651153,1.1921183266165045,1.1827045894768538,1.3164568774960759,0.6786966267589664,0.0,7.020120149242746,4.749596792600768
40,0.016552531538379656,-0.48745762989073604,-0.5499770114148848,1.4132004971673735,1.1316019221756703,1.0,6.541212769567198,2.606428034669598
40,1.5414521359135216,0.972491272756338,1.5746177100417331,1.401767414085013,1.3752294847452478,1.0,14.237666107826845,5.928006384372191
40,1.596623269053865,1.2607061029417306,1.0101818325807896,1.2346137429806354,2.520497653774778,1.0,15.816582325116965,7.355890731023807
40,1.138604524012489,1.3839708176937549,1.0801521176231554,1.487715789857954,2.1158977837244333,0.0,7.97347422114068,6.650160147979002
40,1.6751275904255134,2.3727761988482015,2.1240658774594516,1.5282140166200526,1.7200871381288372,1.0,21.721082399720352,9.159366485005165
40,0.4028397788607153,0.3561843593230575,0.9726865307529508,0.38776551780857516,1.516100966389231,0.0,3.5857007478799177,3.524355218091539
40,1.6292853469476691,0.5015516369398196,0.7509349120980433,2.3563568957506345,1.2862170995924844,1.0,15.363093564554765,5.810394955341212
41,0.7032754585067791,0.5461693077258325,1.6624579605072218,1.3971600663762953,0.8150879120261708,0.0,6.4836115704155315,3.854649489889343
41,0.49583820348552443,1.5087148023198174,2.0767555454504607,1.2300803442398964,1.3918430452315116,1.0,12.779361475865578,4.615047706215613
41,0.35418951573508106,0.054458711356433764,-1.1644671045108748,0.7737479515544271,-0.6552423280183324,1.0,0.5340616367482165,1.095872180977494
41,2.524980723529876,0.5006425089218141,1.6852262707132244,2.0479042517064685,0.09158886296459945,0.0,9.392795566424766,5.575103614283437
41,1.0623412612882492,1.2550495366204717,0.6612546660870768,1.2792753517892128,0.8557520401519747,0.0,7.633251945178407,5.679349688661057
41,0.6137692787291316,1.8523736202302237,2.4528210905480003,1.5805414528639736,1.7884727297023444,1.0,17.772039794029663,5.508891728189223
41,-0.07656682004851745,0.032680194389410055,0.23842572711510523,-0.04786090448915137,-1.7145548272209958,0.0,0.09510455174522392,1.1852704461566161
41,-0.4843971888574634,-0.03060850121563874,-1.1508809354259246,-0.09646030696424512,0.5875607952261045,0.0,-0.36547907970675286,0.8351167997203265
41,1.393886532005597,1.851290824737705,1.536953043165914,1.181741872789525,1.477087848523861,1.0,14.970233490471884,7.334806231536194
41,0.1907663022589121,1.0819990544822784,-0.39921350307466774,-0.16566797851655668,0.20287592549409184,0.0,0.7328511724790052,2.5831558444197062
41,1.1260086781652476,1.4698428020402918,0.32045106379346866,1.5066352436271797,1.8970706571559455,0.0,6.9780742593341785,6.764153404963254
41,2.4079052008678405,3.070462217118127,2.545830386476131,3.661237128783234,2.413898260259735,1.0,42.65446930622119,14.615327537527289
41,0.7117112087300028,2.9358779886524156,2.027879172204569,0.47109946697726746,0.699926428835095,1.0,17.57211240178305,6.071412106622226
41,1.543437670131837,1.9298859428912818,1.3323763931062007,1.3833062651832941,3.420434869689441,1.0,19.308646199410365,9.019546785746874
41,0.2972413023600815,1.001598431341079,1.00152293763807,1.1465337898224475,0.8212275988620104,1.0,8.185594229617491,3.970798624142891
41,-0.17950306433868035,0.5008603924130826,-0.6340647408931139,-0.6122217836470711,-0.713263465295177,0.0,-3.278457751047092,0.8966238128384402
41,1.696419556821701,1.554627513554027,0.8425248408173334,2.113763183936083,0.5431042982879266,1.0,17.14134204160505,7.678100809292955
41,-0.600641673240861,0.5321611482428297,0.42869316897906873,-1.0481721196171154,-0.3124822535014229,0.0,-1.2486311938542605,1.0896507259639867
41,-0.3994319026579527,-0.8009920784351945,-0.8722458881560189,-1.5954151845318179,-0.9102838776034794,0.0,-0.5561276313437591,-0.3261343506690477
41,1.2286547250395956,0.4572838709819663,0.48487057019821056,0.8824872297744298,0.6075578473749514,1.0,7.874823108797395,4.277006393404813
41,0.19630955996871657,1.4036611933470242,0.9559246714940857,1.0965746861087846,0.7658114540042338,0.0,4.6352891760998896,4.061546582663942
41,1.5054645947145258,0.27003712685625747,-0.10354374993382875,-0.6787760816336919,-0.18533074789276127,0.0,0.5951534342199418,2.805101038444648
41,0.9092526421008914,0.0029375252682424247,1.0368367592091818,0.8056850759635685,1.2187297623335194,0.0,4.171540663062823,3.4983375473210394
41,1.1467102166540075,1.2943307755667184,1.2929679563896777,2.4097485337921176,-0.2564690098215261,1.0,16.661074346736044,5.702134502492107
41,2.2189442014910172,2.618754826458604,2.316148938858184,1.5951080102644015,2.682112392073247,1.0,28.420145689093324,11.848174052705264
41,1.265074710759243,0.015153673386290256,1.4040806155950731,2.8108396775831657,0.5880855396122372,0.0,13.099070119073037,4.226732134872399
41,1.3570838705124557,2.593084156692949,1.1586622160311122,0.8311212279318096,0.8218807090272244,1.0,17.0039885350289,8.300514430227025
41,1.956412820598183,1.7651895923764922,0.8724290589137639,0.4448812133462976,1.4041498163656272,0.0,5.964424571140533,8.317938846817386
41,1.4375007931591777,-0.3257946311448938,2.299492396700429,1.2556508692075643,0.593341371274753,1.0,9.58123385414782,2.4958679458875648
41,2.9791946429184577,2.8860842759718133,3.4003728065731886,2.166756351025606,3.016589258932753,1.0,37.022349183153956,15.856002623703317
41,2.303614435302906,1.3659273764527156,1.1318276578194126,0.7238026713524146,1.8950933033259363,1.0,15.903979198351319,8.281708884346358
41,0.49590796187536756,0.422109006258223,0.20789191583128708,0.25271533866164897,1.067437569058351,1.0,4.574560849898568,3.4108263050454166
41,1.0270553786975944,0.47596250923971395,3.4648852506304175,1.5069746073408414,0.4163068179942859,0.0,7.560609581409283,3.9862376035157725
41,0.3836914456051852,0.32478453356005743,-0.20585241464420267,-0.8808086842189322,0.5689322459774612,0.0,1.4257788237814744,2.1988777155459016
41,0.33473468195876455,0.47755959053516683,0.7570120212922127,0.43402163935452975,0.6407728411386386,0.0,1.3466646068245207,3.2087973994093923
41,0.8259745512836525,0.4970770851654629,-0.02997831594921463,0.036095024350453975,0.24538359545648114,0.0,3.8158150999406897,3.1973996764642907
41,1.3683806733616044,1.7364646784328202,2.1225193823098736,1.1662026269056462,1.1196466234699993,0.0,11.124492591611343,6.608596298807505
41,2.6835318551446132,1.183795262638299,1.1092667138957757,1.1599295236673366,0.5700995331199021,1.0,13.75566974373211,7.975381942025614
41,1.2291852250602642,1.4619670194527477,0.28646309676501736,2.295460206292309,1.1035804048417635,1.0,15.716668897430347,6.94460550113877
41,0.3017061023854265,-0.015993748721157885,0.25788222495704927,-1.3173584428673752,0.20175818611724972,1.0,2.6760851215541916,1.6761039987360093
41,-0.45929200133216197,-0.07799979899901888,1.7728578923087193,-0.16183946307759456,-0.050680692208784794,0.0,-0.5796511721777278,1.3466582734867214
41,-0.6638498364641494,0.8118549990907964,1.104735107193453,1.4875332357811375,-0.23770555931203585,0.0,3.7394213201826316,2.161705254494833
41,1.3362214642626742,1.6353136536688504,0.849567315898401,1.58521632942982,1.6889517727039274,1.0,16.75458074427828,7.39308462399841
41,0.7175503557923335,1.0303653514055346,0.5042894422190735,0.3936020695418446,0.7939902155421515,1.0,7.120463781035034,4.334755768351625
41,0.7178622592576918,-0.0413051230647099,-0.1421321607978856,0.5422536838041078,-0.3506378395065335,0.0,2.8473348439501818,2.3232852381491917
41,0.25950385616684346,-0.02510455639851572,1.5889308135695221,0.9868421887213158,1.2835628999993751,0.0,2.978710148105338,3.022219378995572
41,1.3543150214011996,1.833528260867948,0.9477981849922059,1.160090686908583,1.5009917362620127,0.0,8.558673880222775,7.465009479559702
41,0.5358525813556301,-0.41652692568281013,0.45982048710755496,1.6271055579843061,1.3593790406197024,1.0,8.401015674037119,3.455750519857216
41,0.5303942204577377,0.45614688241277734,0.726106370973427,1.766738595735052,1.269309428611914,1.0,10.851718796586367,4.364050709414803
41,-0.15878579518237057,0.7849039696452685,-1.1142701861008573,0.6288146110082923,-0.5073466191028122,0.0,-2.1562539124654676,1.1328590633775835
42,0.9238976180962895,0.7567383546843046,2.2367527232884026,1.1386261087704148,1.3930259510687772,0.0,6.430245704277328,4.305857686511898
42,1.0330407492234184,0.0724103250700755,1.6261132621252798,0.6310101473671222,0.24999981198137866,0.0,3.156306642303354,2.8258012359981732
42,2.301305214895406,2.2472156658598443,2.562966827549494,1.6421646638433878,1.6264794911976694,1.0,23.046547870171587,10.524380122378108
42,1.2162939392189425,1.5464558829513657,3.1812678713410816,2.196309280980312,1.96136938603111,1.0,22.08654614092212,6.9325800561775655
42,1.7265255147778182,1.5118528310961152,0.9587179237614705,1.2434282333394178,-0.8758483391105472,1.0,14.76005988115142,6.467160349884992
42,1.31203904401116,0.9094732023131739,2.3282040934858714,0.1600761484320511,0.2725166557102997,0.0,5.8330116420693425,3.997378734391084
42,1.8531154705155308,1.9424875659951086,1.856120129377865,2.7304285684305665,1.9523869382273853,0.0,16.461239722594296,9.485454918630465
42,0.8189364059760785,0.46584040049186815,1.2144606819311263,2.2123026812553843,0.41082126694744847,0.0,8.038036575322964,4.291516799177087
42,0.23186294362406756,0.6370198372979748,1.048187203836567,1.0544935599113447,1.8468866378392663,0.0,6.827096438968804,4.056069076837144
42,-0.09077646102701098,-0.2409629670863349,1.1754060773618424,0.6875267907457757,0.31112670447706703,0.0,1.9018928627437768,2.328202196009283
42,2.061253142436814,2.4154353814472884,2.252777172488659,1.8257921200507559,2.3362768235928204,1.0,25.418653782346347,10.794259049399528
42,0.6376012490714685,1.5405587813926664,1.3597034298640407,1.961117193545,0.7950711835964305,0.0,10.506669072509728,5.338816784142376
42,1.131165860622221,-0.15163596699176285,0.3051894549834382,-0.9972483544455844,-0.476769644181843,0.0,2.4147872190366493,1.6876152893009406
42,0.2873351629257084,0.17570407383959663,0.43160674773735763,0.31628362802630905,0.6993454081629225,0.0,1.7544765983314146,2.913918239463729
42,1.2651572538619165,2.8399270035316198,2.332742711040542,2.0672582822625705,2.544891774030376,1.0,27.42836033835921,9.427611812666726
42,-0.12028578112750621,1.5616217591444963,-0.26425252286891765,1.3983111192879587,-0.1722804827172193,1.0,5.56608391621388,2.979004155177237
42,0.7274082778170896,1.0335979827784445,1.4864251256637995,0.7856069844858186,0.5753454975733924,0.0,5.300384599390633,4.140310800126985
42,0.8975900239950112,2.110205608731411,0.4138091504985487,2.4261466593877516,2.2782461437749753,0.0,10.154200892217998,7.872694106204761
42,-1.4111295161823443,-0.4090069750507226,-0.04596421038067322,-0.38531347112766867,-0.7185114985177401,0.0,-3.2141968671406884,1.0911428108386405
42,2.345542747615667,2.3146380197584127,1.4932626481394808,1.190820762040274,2.5014397172467384,0.0,10.321854908112998,11.429390388086988
42,-0.6753443771433281,1.316210534208933,0.8779407656627876,1.2323342201539913,0.9891550909071294,1.0,7.886710633792159,2.6199896576192296
42,1.6484026941828305,1.8115784176367775,1.6543583426899224,1.5936291349179508,1.6221500807172191,0.0,10.939451826982937,8.067805276422
42,0.7947044596891523,0.9927824032178157,1.494779529386063,1.1293677137216562,0.5076561996669192,0.0,6.478227260311169,4.324557363549271
42,2.5725317823701292,3.1084510593427703,2.452124972677725,0.7436243960170249,1.9037804357410288,1.0,26.481494640525565,13.615260720573858
42,-0.6294972326502164,0.22865340641258247,0.2639249527701465,1.1278937336083004,1.0341906734521107,0.0,1.557509656574092,2.8340195881925303
42,1.6307226182084462,0.8176487694945294,1.6381869703394458,2.645686343324093,2.3857406100449077,1.0,18.702306121810295,6.82501135183278
42,0.7536311193197212,1.05730946952518,1.5119196894715623,0.6731386656355397,1.2776159066058932,0.0,4.144330241397437,4.492471371913853
42,2.143781180735383,2.0840126056462824,2.285627957131069,2.889796915016868,2.204150892882596,1.0,29.451164425882112,10.615861507496183
42,1.0964954961335522,1.0497802729376753,1.4447363999053766,0.21876696647159188,1.8630411043002248,1.0,11.459042269758513,5.113215781223156
42,2.6555797588228396,1.0002133134560185,1.5002683807946193,1.5675964851760602,1.7555607637376838,1.0,16.955214776442382,7.966225071338782
42,2.233415684761222,1.2369283318273696,2.166827665674537,2.6370720346515784,1.4589935694766292,1.0,21.977002283280875,8.067831222427461
42,2.4565815664847217,2.3315446017572254,2.9575594547181563,1.3630322522583846,1.4256002359322206,1.0,26.03110243066892,11.011674914747811
42,-0.5010882084836352,-0.2699542518676792,-0.6468749061876047,-0.4073184457206682,0.08565288930892778,1.0,1.3379718435379688,1.0634506033699949
42,1.3666302201655207,1.7629345352281016,2.540856750371712,2.7862313665990426,1.1610085500299745,1.0,24.571926842890598,7.393190453961115
42,0.3987797590595519,0.3741234623322992,-0.008298570396535698,-0.33070530114857144,0.2585359082509614,1.0,3.1991087056333654,2.4953760602785455
42,0.764662172008006,1.358545795167733,2.669078996227281,0.8144936823000027,0.845251026511893,0.0,7.715328449160131,4.374417342837974
42,0.9227470911809327,1.9160994880412252,1.3119280083104434,0.4732503863529798,0.8465879849894883,0.0,4.249350794196419,5.7593684502694735
42,3.434096441981991,3.1193417008554043,3.6866451444386246,2.930287940696555,4.302410790887693,1.0,49.683129287134776,19.59341116826687
42,1.1829685874590163,2.135948197334436,2.433530861866938,1.763532496246486,2.0464109500468908,0.0,13.821305428104864,7.548331328003555
42,-0.46861327177634715,0.06579877610992024,-1.0378716617850987,-0.1516303736637814,0.11150987803082468,0.0,-0.024884191595174965,0.7368170908827932
42,-0.2446260988498714,1.6232667458846866,0.3195877730413299,0.1998556136049684,0.8413215566141773,0.0,1.0859857811616942,2.921974393952208
42,-0.8466423437982376,-0.687221900341612,-0.5566059960432355,-0.5703299606877277,0.6449973123417144,1.0,-0.09002384871636704,1.4229827918873639
42,1.0539000395912965,0.41043644328881457,0.24990108279204348,1.6216942416435305,1.2142599837942427,1.0,10.713062143322784,4.676591768866031
42,1.0095651780090409,0.6270704136904482,1.8688334507569953,1.368230138058759,1.1151340149338647,0.0,7.073595360986253,4.333840620085404
42,0.09777865024910193,-0.5262482346480635,-0.06385873460288716,-0.47793009420853694,0.6169737686344057,0.0,0.5694471208117644,1.769863559444521
42,0.7428651630483274,1.1039894550646876,1.7273108702896272,0.22917189392128867,0.13585252706072048,0.0,4.117663426907319,3.6338339531386152
42,-1.2471493412232388,0.3793722785446617,-0.5222775488150808,-1.548050357696813,0.7952104376118312,0.0,-0.8735702440319344,0.32210410804491996
42,2.48741756868207,1.5545416512369477,2.575162135048597,1.821205700449594,2.216762550590766,0.0,13.048088669649616,9.350517203282132
42,1.6312637531459115,0.384808793680288,2.11261767303633,2.23377426643503,1.2542248343771718,1.0,14.580560436860546,4.920371974859344
42,1.3757690003563512,1.6936129722136664,1.1221893858106988,0.5210274959271683,0.9915716435477451,0.0,7.23568895104594,6.615816211213605
43,2.3023610172301985,1.2774262454356833,0.6032644164613293,0.6634246624928384,1.1833673733069607,1.0,12.896963949234632,7.77950623978438
43,1.0197095886151784,2.534085357787962,2.765796108718695,2.794613167222727,1.8992862639700543,1.0,29.230650829276275,8.160560806620278
43,0.5328911189748924,1.1908873448267432,0.8389936697866021,0.4058759531945465,0.8656684110323241,0.0,2.925595574465787,4.219983383280031
43,0.3849582417082189,-0.6987158174573331,-1.8276404587547224,0.9141345824945974,-1.0790088213825482,0.0,1.449347383506477,-0.6761420267500042
43,1.1912626965842228,0.4714410829488549,1.1260844106420416,0.6656303846989012,1.0415453982251939,0.0,2.4439639037658165,4.239789997193045
43,0.8186481919745959,0.14708213039243145,0.4315515165148076,0.5893485412034479,-0.27017454186334633,0.0,1.6408966520096473,2.8869543131958224
43,0.26940209710816476,0.530554925148343,0.40706312299927305,2.305385879052751,0.20847513165800946,0.0,8.27108737958628,3.9216607199569085
43,1.163309264809873,0.5513785378181577,1.8342749083345695,0.9216935802715871,1.4354309569854256,1.0,10.113199969052683,4.33402672952426
43,2.9837003074171857,0.9970988023132399,2.302203388406027,1.9961715481086468,1.3365753212793394,1.0,19.7216764472514,8.115001205938286
43,1.7366867587302683,0.8127507478506317,1.30640745829418,1.0110879393535055,0.38436321038830024,1.0,11.668377039425124,5.298460940098826
43,0.026551552553688906,0.8787112434540019,1.5831266555289858,-0.1306170859538942,-0.007527023280015754,1.0,7.39196779391918,2.186123802619384
43,3.1005410408346505,1.2667374742661344,0.6433882843140826,1.134969532585702,0.46241469766099463,0.0,5.87582589043751,9.03166473135179
43,1.9240640068896753,0.8833686418708087,0.6639455901505676,0.049866141787648144,0.49502738562938897,0.0,2.545511064108673,5.4953606725986
43,0.7149930655859433,2.099912322565273,1.309554640325128,-0.4023793536628939,1.5753737765975515,0.0,5.7506125023067085,5.408430281440842
43,0.4487328743054453,0.8316164340573916,1.5025158424168985,0.6177091823693504,1.311289275710263,0.0,3.8441947971089148,3.797332877456858
43,0.07743049978471417,-0.11293789868959281,0.16491202379127567,-0.5224041777332906,0.8631153294186569,1.0,1.0164132400517967,2.2127458521720476
43,0.6164070123136083,-0.4993642827181246,0.08466328897188113,0.7475248167712245,-0.28116560290356496,0.0,3.1200168661286094,2.022639174656418
43,2.3520388441171107,1.6976603045688932,2.9314852395207494,1.1029786769031917,2.490435444768573,1.0,19.86146044859901,9.302253717845018
43,1.7761293781327665,1.9872464702648074,0.48188546882902594,2.474943676393833,2.136377869149511,0.0,12.781587648568113,9.844020945236945
43,-2.0797348481568445,-1.058545702806748,-0.2788087807512989,-0.12200291426949605,-1.0222949666941812,1.0,-2.0375634009549017,1.8821847366852218
43,-1.045654569386603,0.5893649659274275,-0.9242559268456834,-0.02987665277611229,-2.1408262840037775,0.0,-3.582680881460554,-0.7894677452044185
43,1.0759242155088367,0.45852582675940134,-1.6382320622747262,1.0096939131104556,0.7827841544484948,1.0,4.0394802590743675,2.2703024286718514
43,0.3501249760363986,0.7512011484087937,-1.0145016060302985,0.18328150073646188,-0.364081065012672,0.0,-1.9275954948829666,1.7440700031402614
43,0.7737131009582568,-0.15099471156070843,2.1357259000567748,0.37870874365278606,1.7222118827771524,0.0,4.435653812951453,2.7774995383689594
43,1.5351997114474916,0.9625259362903948,0.843830435175932,1.4006142852096484,1.0862649981011974,1.0,14.263337822493067,6.056492851802801
43,-0.7768820454229568,0.8989183786039797,-0.44635615205976165,-0.5552165893789867,1.152142210084023,0.0,-0.5595859631192376,1.3399754214917041
43,1.8038178303027856,0.4422625584822356,1.3950028550500186,0.55312868968347,0.8795330415531367,1.0,10.029392722641568,4.509523011589054
43,2.6414378946047514,1.3308536985823125,0.9624961901207053,1.238463774254067,2.631092798963748,0.0,7.800910915961753,9.489012913378687
43,0.38155699353189976,1.3656226901638124,0.9229752391699609,0.9637996216865962,2.2043247235501715,1.0,10.749819011860847,5.0436528956685915
43,1.4424516879541822,0.5896589396319873,0.032741807526019184,-0.1308422252819006,-0.47571817558930873,0.0,1.2595608815288861,3.579164584813162
43,1.3417969660861413,-0.18508026153054313,0.9708228146400665,0.3010726969714633,0.9086410816537582,0.0,3.7450447757120755,2.9849071273413097
43,0.829816914931681,0.19848193646742496,0.9893089709302046,1.3345466885041057,0.7583172963675148,1.0,10.75605202616394,3.7692070195739475
43,1.5752428971763375,-0.03751941779191559,1.4720278109486706,-0.14245561940566187,0.6544906846560165,1.0,5.110884071153808,2.8003989908015443
43,0.26523270005431754,1.9645798170492972,1.088639632728404,1.9035612747277448,1.5098615281624337,1.0,16.31896032786552,5.350699362511683
43,-0.22526832606365432,-0.2681322687024261,-1.2741363476807095,0.2419449656018442,-0.5946701438402142,0.0,-1.9574663840036983,0.2925983673873554
43,3.591560383628893,2.357368241956637,2.375826646047036,2.39213664683432,2.748425905263409,1.0,34.02915405576434,15.478437642019419
43,3.2282691942111885,3.139038633554613,1.0260826986283333,3.395384887110076,3.1942052584156806,1.0,39.97174891705124,18.64332524098344
43,1.8807118754666492,2.415967791404486,2.2742290545883552,2.040717820847921,2.124047792349552,0.0,15.241444887397297,10.264737101857062
43,1.1529845484587398,2.462173710726936,1.7291702169146588,2.7473396885260075,1.4139766255131399,1.0,27.182693260504372,8.433957982514237
43,1.4054079832817408,1.3894814758648906,0.46933965388776944,0.9446622858283578,0.652066922767871,1.0,12.243562713023476,6.275134675102071
43,0.2109205702810969,0.39040149997538964,2.026867643987328,0.07967315301593414,-0.14417887935916474,1.0,4.49516474726778,1.9237613170490793
43,1.934340472487571,1.7282963263620097,1.5888123836477177,1.514612721312961,1.9223372856323724,1.0,18.227411409632975,8.669298044989832
43,0.8953818490066549,0.31841833982517664,1.2345158339216926,0.6167247478909341,0.889296592304588,1.0,7.863118440366443,3.59225289402399
43,2.36589965160128,0.9562621892923633,2.112187239146765,1.2851049353900885,2.76017965160072,0.0,8.04700455449889,7.48690872246745
43,0.09610926296817313,0.689732299022768,0.828651123891605,1.5058098741560038,0.24690915105968192,0.0,3.835635474094536,3.425766042262176
43,1.914247184680411,1.9325904143586408,2.1413662811299394,0.9787071176070467,2.261368478669487,1.0,20.157577489115795,8.773483691879857
43,0.9884666891217712,0.617850782416371,1.0985016804529606,1.3656355597342604,0.9751498288159466,1.0,10.782654399387276,4.588458112718251
43,1.435016257536253,1.1030082153492156,0.9289350931120708,0.7167380212531009,0.8053772495883571,1.0,10.141544264519284,5.6760594333843635
43,1.9099933345829911,3.1958808416569546,2.668546061198002,2.355648955969419,1.452680014870042,1.0,30.130146038456058,12.005301317049321
43,1.638892456569923,0.7683047526506579,1.1049584843897469,0.2949249591527009,1.713811726554241,1.0,10.291576114632662,5.468786578701052
44,2.083784858683621,0.4022114123645353,0.7611886655400698,1.1636604205250636,1.2068780477918235,0.0,6.709406431683553,5.371000355209979
44,-1.9614567140809154,-0.5621238229686123,-0.13689567783910683,-0.9212297540449943,-2.9845616603833194,0.0,-4.780052517543774,-0.1899078569126722
44,0.11271575068741535,-0.10857542722701963,-0.28528712759000197,-0.2236410903366588,-0.8805162518050882,1.0,1.3178433887365741,1.2546906511169977
44,1.6644420946396807,0.44117317946145385,1.2737289032856742,0.7044917420795501,0.3561539937839717,0.0,4.039507286048341,4.247019510158308
44,1.3498340809134428,0.6121418539618726,0.7144319329703703,0.251690590434858,0.07415588699683928,1.0,6.71479157761802,4.082882663465617
44,0.25320236713552,0.39348522978626466,0.11641020659426593,0.388704337855316,1.9786027121455112,1.0,6.318726460179291,3.658065798431075
44,1.806932244612987,3.0841845715179574,2.457199885914134,1.5926897048152262,2.1515918536979104,1.0,28.07854858405561,11.34440859709732
44,0.9595766087304236,0.4339835957785927,2.057915335762312,1.3872693590167198,-0.4105349582673643,1.0,9.552051053324545,3.1624635320797947
44,2.031722800878595,0.13743127193799876,1.0289015815704596,1.0477448013834458,1.8340587927643826,0.0,4.614006722231567,4.834912080237198
44,0.8878612019916111,0.23588061331585564,1.0189178787017072,1.5500293299845727,0.729151229812381,1.0,11.109198548443434,3.944637100651684
44,2.8308622175687956,2.460702754350214,1.8074191157166555,2.2930294604569736,1.9924931364150704,1.0,28.31759223231281,13.42374293448164
44,1.322231765495131,1.5913544746998114,1.5152499628587797,1.6561116061851753,1.1759796424081945,1.0,16.211902547727334,6.790120966998353
44,1.894006885149023,0.3423628175820209,-0.347959442313478,-0.11084692959421205,1.3367421224326606,1.0,5.739164777389437,4.145660719750953
44,0.0961162996558077,0.4140172713315099,0.7266327168339825,1.3352544677836806,0.9572517971429577,0.0,2.2191899442788863,3.5518457968734274
44,1.5021255923887358,0.49630505578008255,0.48419913390727987,-0.09551429597065098,-0.4554834784969921,0.0,1.5895258392527958,3.5963765655499804
44,2.975369782084365,1.730302443266997,2.7330128324622374,3.2719178344657696,2.4565513012720244,1.0,33.92606572351167,11.814180706040812
44,1.4252802720931457,1.766537184078894,0.563536448926552,1.442171512658505,1.292788112983819,0.0,7.671303673357352,7.608338667746435
44,1.9428872426703612,1.7311069892982567,1.561884082918824,1.479044631370651,2.165055912142253,1.0,18.87269444819441,8.812247240301375
44,-0.2983448482203772,0.1384717746916032,0.45435314841456065,0.13621618204235963,-0.15315854979998456,0.0,-0.5900574868257991,1.996001620090248
44,0.8385910584077326,0.4320867222925059,0.7019173623645667,0.1345262863669099,1.599458684045444,0.0,3.703479097193762,3.9792397019170034
44,0.1779114920097996,1.4771323762747244,1.6353950904658225,1.1909467423995106,1.0379520291574296,0.0,8.147042764592754,3.9579138455113623
44,2.632679524508825,2.6793466468952762,2.4145817444184283,2.305522538261948,1.9103078745985798,1.0,31.710890595000716,13.277915816336606
44,0.07499408579644207,1.4412168418410611,1.6537462568150028,2.119702845535061,2.2049506106797576,0.0,10.283033430760247,4.772533222552083
44,0.7173809283422565,0.22882128201232455,-0.22072179561562333,-0.3697025179195548,0.7602872157309817,1.0,5.219069999425566,2.6979242579329394
44,0.19615650822043718,-0.5888103895877326,0.7717181206619134,1.0147506432056517,0.946683174963328,0.0,3.2030584654752623,2.771463604954916
44,0.39149151903186996,1.4831821652631683,0.38682700297358674,-0.29095769422648243,0.8098722492531195,0.0,2.4079738457584376,3.896971598624509
44,0.007000890422841355,0.35129636347644366,-0.20153644189379682,1.1520981000492614,0.19232570370922275,0.0,1.0724040773502663,2.7328118725084534
44,-1.0362395516880216,-1.3647867580864594,-1.0203946130819834,0.16206745587002003,-0.42565457252108585,0.0,-1.5104003352327673,1.0947716561340104
44,1.6174045976902396,2.35223326729825,3.1961612108992843,1.4238099419596026,2.8223438081503662,1.0,28.0975381643264,9.511977808674553
44,0.5947758160969461,1.9313339404663954,0.6291715202789607,0.5554759894946595,1.8285215716468421,0.0,6.4698065332587,5.726865465023161
44,-0.679423331324766,0.9098084188671671,1.598269022505282,0.6469517356798546,1.8781614753228335,1.0,7.802879306237169,2.531269353701986
44,1.3541304213859322,0.21318811840111895,-1.1277400421729644,-0.038996845998730434,-0.10806374961956178,0.0,0.45984776761739465,1.8636461176367332
44,1.2278816981203824,1.6788224584949525,1.47845943997624,2.6381075725842265,0.9099758692408877,0.0,14.179992566915747,7.120224620866125
44,-0.34444093935870157,-0.32827668470127813,0.1450004924855397,1.5424787082080635,0.8218064068208616,1.0,6.158848448829315,3.020861756087154
44,0.6214734780820594,2.595733401835047,1.4180021553551725,2.138025448207338,0.7945421433857771,1.0,20.07777701953278,6.549268120269042
44,2.8125953161365413,2.5604338543368974,3.500980967861205,0.36311341114214113,2.0767609461357304,1.0,27.889104294399264,12.922294384093412
44,-0.1288502208271547,-0.9398240084893605,-0.9941648907299321,-0.4282215996311598,0.4373353976864739,0.0,-0.9846636391479754,0.6394370249701489
44,1.4583188103546478,0.6855681765013463,0.9447275107790352,0.47796566761823867,-0.1017881457405736,1.0,8.370154687446407,4.318136686276556
44,1.004448836285421,0.8225794972644758,0.12192912149926982,0.8253866161724167,1.4337504363920928,1.0,8.586769097607432,4.922862121817747
44,-0.17459536117116548,-0.3650422701066427,0.6189359916191535,-0.1720676636352514,-0.19713987092391294,0.0,0.07171777608842267,1.7332763220078768
44,1.4798820664690309,1.439439557949902,2.4201841260445325,2.1387812980152123,2.6020920111126973,1.0,20.313110641078826,7.41951409516956
44,-1.048982549373719,1.484928526948321,0.18095030360535025,0.579243040377116,-1.1448241397783119,0.0,-0.9712641460413578,0.4516665951747615
44,-0.10961798653889887,1.3828087829840117,0.9452416319765102,0.5581965927731911,1.2260195407378072,0.0,4.475621095224705,3.435290586351767
44,0.7809404098512878,0.8682166985439392,0.28345824821411814,1.8211450296600096,0.18507183424377616,1.0,10.77986473857686,4.607535601588561
44,-0.38501910251009197,-0.7240270581808486,-1.144407134327917,-0.25011119851768226,-0.37978258738162096,0.0,-1.5216515582109147,0.2506766992962862
44,1.6975909414410204,1.197039570963248,1.4268516747702893,1.7405296253096165,1.7994483791695899,0.0,12.535707645622452,7.106261704425617
44,2.018954537012264,2.627192901584901,1.7032770168237126,1.3821475904382714,2.131398422171473,1.0,23.84345976183519,11.103574763349572
44,1.18098529178281,0.18524108113384807,0.8450749816819779,-0.3446720108605812,0.611895948524386,0.0,2.4487085181139547,3.121704834873291
44,0.9168711506805439,1.0132664505177407,1.9606424021904902,1.6349306061513191,0.9951456631526953,0.0,9.460872823391126,4.8094168684198735
44,0.26505920717989495,1.2823941412091018,1.964877456213162,0.7871115348333342,1.6622603377882195,0.0,6.85149991207758,3.9368018008865446
45,-0.12265133446323473,-0.3648358005436658,-0.01519235423772014,-1.107339197688996,-0.056000724775724375,0.0,0.7040178310888029,1.2116224903479869
45,0.7848141201739084,0.3393242891851198,1.0789077502136624,0.3743378356692375,-0.96520866445082,0.0,1.7858295910651814,2.5446855599247353
45,0.3887828919891124,0.2924618040850835,0.30528834742586863,-0.2338431520045814,0.921730830651483,0.0,1.1422135461290779,2.9046748312134456
45,0.09560979823341231,1.0570154009773238,1.348750655684241,1.3883230782795104,1.0981455447958524,0.0,6.316410948961837,3.815208798489498
45,0.7117629008702264,0.007710237856454527,0.6928525659900089,0.6381706812013238,1.5582166392846353,0.0,3.9263806700808743,3.5792714891432094
45,1.1090309623993546,-0.20643043087119395,-0.4119681644250781,0.36792946757585576,0.04277765564341529,0.0,1.7875563138307902,2.1380665240561583
45,0.8522316262348012,0.3123694670361892,2.1271373481375617,0.5718899864636752,1.4296871653559864,0.0,3.860482195576985,3.3847863748122906
45,1.4318426044291421,2.248885191726118,2.2152292158686153,1.5802615236323878,1.6913945126236714,0.0,12.893920012842944,8.20311099047107
45,1.544584250288024,0.9119478431041985,1.658827197472931,2.1828997773623673,1.372093387086883,1.0,16.474979750863664,6.155839286715192
45,1.4816019761519637,2.468032262032456,1.4739250388821856,2.1447955877416907,2.4015181027063046,1.0,23.223334712486494,9.738297811932076
45,0.12768719633855286,0.9258126830815615,0.7582600009372252,1.4442036097712663,1.1384878911958867,0.0,6.8416477845241195,4.041473752049158
45,0.43556215379770824,0.5540226156795218,1.0622104258487952,0.7294494763801584,2.339797851800434,1.0,4.478378895483133,4.288775157504874
45,1.2450831795258344,2.3401001574625786,0.7351613556861771,1.4610619589621312,1.0657069873632679,0.0,8.175937493825183,8.07889870465754
45,0.7951163549410756,-0.16505843075121374,0.2627756976739505,-0.309146585555518,1.3009647388160814,0.0,0.3805317723727726,2.7767579081396576
45,2.9155437265935333,3.977188609781585,4.423144836164172,2.9237851096142564,3.1906115148277703,1.0,54.97509226766528,21.02557634990109
45,0.7247085572614007,-0.02058637749189618,0.6643879131130248,0.6089262004719113,-0.5267548821128449,1.0,3.4381557262561566,2.4977159131885607
45,1.1067960404558208,1.2851430985186534,0.3124647793120471,0.6373370059155743,0.7319267199472077,0.0,3.5835511877954733,5.41080389058817
45,1.2507769329112461,1.6951719855891354,2.296758348804902,0.968488093925557,1.8649106907937099,1.0,16.375580219698268,6.494479834295209
45,-0.06032463933560828,0.8710567541643238,1.21654292287603,-0.41025814482516165,0.41261744374813203,0.0,3.20960977487949,2.309161209010405
45,1.230860457174359,1.872143753823002,1.4459849093948,2.5358578602160646,1.2945475806628777,1.0,22.164558286844574,7.618532617315957
45,2.008530207180389,0.04062625039252499,1.0153466433572018,2.078439130601757,1.9328481383715956,1.0,14.294366750284338,5.146819669133725
45,0.4721191492018404,1.3401635543761654,0.35703291526002523,-0.2928760812351898,-0.2730035158586821,0.0,1.8117503033288445,3.371372817977811
45,2.636298708721288,1.388798732583208,2.882306121331059,2.3102668588542903,1.9968605755624043,0.0,14.756477068051378,9.301980653073104
45,0.31037137444362617,-0.6494621130982661,0.22545613032379697,-0.13241363406305595,0.005315412888544757,0.0,-0.9760348890781292,1.652751376645894
45,2.2774104142579956,0.8722286035719491,0.7279085963574917,0.9254909183107958,0.9540394417526034,1.0,11.76589159230568,6.611528957741408
45,2.2009774451148862,2.2831744843340136,0.857716273976209,1.189475257748983,1.268649655850921,0.0,8.154452890580675,10.579378571874035
45,3.3518370159805673,1.6695449317356263,2.5685470362677973,1.2663165603287359,1.9240859852175198,0.0,9.485102599115171,11.145954706454539
45,0.30078197567276377,0.32141602623396615,0.5993102875685201,0.23059579036264033,0.39679952311760813,1.0,3.759906219031035,2.84685280836593
45,0.8668846776944275,0.20161085875853713,0.8438401062253319,1.492951494688099,1.4566750893613587,1.0,8.899465388961719,4.270352880530898
45,1.2633551603768187,0.5888264924766698,0.6007980973835889,1.0005479324464672,-0.2591662240551942,0.0,3.182103553508731,4.165962429575357
45,0.7294293751270651,0.4969940068862234,1.595385712458791,1.1943799825662147,1.3509660101578314,1.0,9.95968287769186,4.021512663689871
45,1.3236805373204574,2.4265391688708524,1.5767932014206991,1.49408194920205,2.651296206082078,0.0,10.799723833267464,8.942161363646079
45,0.3888466862735369,0.10866867147779247,0.1741189847328556,-0.2759298955558682,0.06596657203211997,1.0,3.9751005744157863,2.2579705109321617
45,0.7882658482068554,1.02291882973435,0.20051040698578404,1.093274581406319,1.28194410870221,0.0,3.8635670600349847,4.979753914455253
45,0.4576072719096178,0.2751949077558402,0.23743333252869736,1.8027086333317475,0.7385631495688489,0.0,8.060235690407472,3.853629716830585
45,-0.4414921881109417,1.3468289479541051,-0.798026031296525,0.1423834297200295,0.25966795264701714,0.0,-1.5272143849790536,1.3581879857369898
45,1.3918278659372383,1.7029442410908906,1.087777057857314,1.3178654596950916,0.9383730733836909,0.0,7.101204494863364,7.0540542407760976
45,1.2109328591301665,2.482868025043011,2.1755981916509253,3.3188272143466975,1.7940392739660282,1.0,33.41422129556724,8.92912015995228
45,-0.5959306287875665,-0.26972972521325667,-0.5396633474135715,0.04366291947055101,0.5142746166204271,0.0,-0.5551984439445503,1.5949288400550552
45,0.8330046397961263,0.20304615169381768,-1.3870727665186124,0.4145703947448467,0.4334756800330062,0.0,-0.648900903156404,1.6003421614689761
45,0.042193579997472974,0.3504639954156892,-0.9682788498219697,0.5615066164423566,-0.4761682466793893,0.0,-1.025387517098887,1.3363643236460692
45,1.0788760540561972,1.7688032795736395,1.4075294519423278,1.5056309272336525,1.1307786119167067,1.0,15.083799214629213,6.516671163733955
45,0.9688844819839358,2.0064830132435727,0.4984106664831932,0.6395651015936099,-0.04610391678685399,0.0,5.001682156583066,5.856013348423481
45,0.8108835698631758,0.9603638551687006,0.6002434094580984,0.8769775972045142,1.5597682015237646,1.0,8.368069979646988,5.008059738998642
45,2.391916384591263,1.6901869969548209,3.1947762019557833,2.7086542184859184,2.1522324920414295,1.0,29.672458608943998,10.113083029645662
45,0.5389066443666437,-0.2944850842708042,-1.6548735482582204,-0.48180902314852614,-0.9962047276955901,0.0,-1.2707544310906702,-0.6869110378647187
45,1.0160527111177253,-0.12784621503611948,0.5935977350135209,0.9099640701189915,0.8743737523577297,0.0,1.1210671182605516,3.3321061995618253
45,0.5354639089911204,0.9484468984646698,-0.3525517660724893,0.20497467213168075,0.6976570526705341,0.0,2.033316360250504,3.463349127254938
45,-0.005540838881165966,-0.046591797086861675,-0.7131048666704616,0.8946190014035214,-0.3122655231462421,0.0,0.3504100475896727,1.6651505123661279
45,1.0320576176442853,1.2514389189339532,1.9580852792346666,0.9618097203045053,2.060294206610555,1.0,12.414062864822569,5.5457203920712725
46,-0.5765578737768184,0.5535433527676358,1.189156650341443,-0.3693900187254624,0.6598251418015757,1.0,4.3704308450748925,1.7815815273390307
46,-0.6929666734940323,0.27308899129236053,0.3428956123092183,1.0906520404982691,1.0715373262248673,0.0,2.7223855486294335,2.795147143806651
46,-0.8253071461746075,0.5559563644899684,0.9046325149802724,0.24862391054862865,1.150584411137842,1.0,3.6833479767893804,2.1763848045989573
46,2.4747515714312414,2.5399154518330676,2.2306899094759527,2.9608373029585,1.845219638042718,1.0,33.14713962735378,12.69833391295045
46,1.2958142212075598,1.2047538098032309,2.0548895428861327,1.7331557140043474,1.559088537730164,1.0,17.570088935453153,6.019582073734004
46,-0.3791152771689885,-0.8557735024062079,-0.9995621666785539,-0.5098278794655102,-0.8323267520910205,0.0,0.2698857834096109,0.07680469775857302
46,2.3811706506139387,1.7084147140378931,1.7825984977355422,3.1149427642522456,1.9687085501753372,1.0,29.0610954644841,10.33572242528597
46,0.8710884798515179,0.6278276683959574,1.0118437252715125,2.2884635897259207,2.27642084669443,0.0,9.291075675680025,5.61501409724481
46,0.9055440874473846,0.10380354385651336,1.077580547814932,1.8035698232452506,1.263470715674205,1.0,11.288147259681175,4.144443881731131
46,0.09443360156911484,0.15278318426990656,-0.44895380849164823,1.6052026476251688,0.34464671903679045,0.0,2.1314958910870416,2.7893857050952118
46,0.20344766842605577,1.5608804843820754,0.32065525368602754,1.4557522766674644,1.4608109675296481,1.0,8.503023928957543,4.767359914003133
46,-0.39575615769371675,1.357936413711825,-0.6069629086220933,-0.48244140726394114,0.9760647434875487,0.0,0.4927561846419096,1.7083927301387392
46,0.5539335472888298,-0.29773763285644406,0.21542247464593822,0.363175149343426,-0.10200256626860149,0.0,0.22935720124115844,2.1783547960896055
46,-0.3288284993931265,-0.4141486588013712,-0.6180914036666585,-0.5985692544952441,-0.33313483009188904,1.0,0.2369454262142543,0.8047834939680479
46,0.5541977226075642,-0.18430270290014472,-0.4707593691901504,-0.1737858973452573,0.5591858301137136,1.0,2.9247508307079744,1.9313517767041515
46,0.09681971947106671,0.26453047874686453,0.812357739189144,-0.05442336933456682,0.5196620688526731,0.0,-0.07162995462293531,2.5328739230478137
46,-0.290607027978909,1.0799856114301607,0.006601068539635047,-0.0004138632666406128,0.11485151349285017,0.0,0.7403549362788497,2.1413354553370243
46,2.288705178652193,2.245766830450391,2.1385978995789867,1.847018073920426,3.2041540732305154,1.0,25.717396358739343,11.46423931464793
46,2.505729399446774,1.4079012808430118,1.9663629843174435,2.5812987585627085,2.5563299038486678,1.0,25.806393272397113,9.651299644490768
46,0.9030593141868682,0.831239040758515,0.7235153411456565,0.13064766379264336,1.1905022121769078,1.0,7.775253447478219,4.389623070688569
46,1.143294052194221,1.943171685865872,1.3640333043113058,0.20025739689369804,1.0847580183419725,1.0,12.13164672455296,6.294666808816746
46,-0.10538255744911407,0.19235751802716694,0.3705299420070328,0.5342359951101665,0.23175934161448686,0.0,0.7459011479963291,2.523614571951099
46,1.6990638493730914,1.761697492952326,1.7492209011572664,0.884072508155128,2.0384908771325922,1.0,17.710779685089836,7.882029958874362
46,0.8959597043275414,2.377003563376896,3.364590436721693,1.843411188081539,2.6812248498197553,1.0,25.273460266367227,7.735555420812206
46,0.618957664191651,-0.13514173991471123,0.11206488767439027,0.9723124441358784,-0.2241690174553037,0.0,1.7514209253537598,2.5820924029060905
46,1.6558650478760029,1.6886031405810709,1.2568555332180562,0.8697298017025865,1.4380579693600302,1.0,15.68811125454479,7.55946387458061
46,0.07114344036693565,-0.03386939108909903,0.16502595730444802,0.501308251031189,0.3669134409013005,0.0,-0.8661590819861978,2.5192653557184466
46,1.633453837708036,2.384795796805715,1.702820417882896,0.28416671286292794,0.7601104752879011,1.0,15.777250054466268,8.146486579426368
46,0.2495128057443773,0.0669215930134216,0.5779947385526597,0.790368748476797,-0.29482422759036986,1.0,3.212749527090838,2.5492445222491575
46,-0.16566888752746167,1.7350211932884136,1.2258501557421866,0.7099243008524656,0.936191313579371,0.0,3.6963348891177708,3.2713660266957367
46,2.2180078369521454,0.8305436710424113,0.36923225205957844,1.7453573157311428,0.12406776632595284,1.0,11.991644163869958,6.418361492666508
46,1.9327090470616533,0.9155757090952878,0.2920134819945672,0.8566817395484826,1.3914942456129573,0.0,4.398980623910297,6.42144474172774
46,0.2912979754038716,-0.283937364855404,0.31616240217177316,0.30652918068723733,-0.9669395430803776,0.0,2.4836603954299004,1.699281550947921
46,1.8240458435410747,2.702426529343409,2.945751592529837,1.8028746728846459,1.960608332141963,1.0,28.823125864169402,10.56631901045148
46,-1.7180659309754565,-0.0708480812786405,-0.3106217024196829,0.06610493530136774,-0.9457763577721459,0.0,-0.9585810565741057,0.5842618363079672
46,1.6911760004056158,1.1621987179317983,1.1888455482194336,1.1733936145179025,1.4888442554487773,0.0,7.53271179444346,6.690443029293451
46,-0.9018088214098507,-0.5396984404475675,-0.0026034363805462757,-1.1225115330104352,-1.6779595727943777,0.0,-3.51809677575163,0.36441052353678716
46,0.8013252681668919,1.9676382729505781,0.9255228179605662,1.69599916074996,1.9141738302732554,1.0,12.918455354673213,6.830464918648323
46,1.7257376083645457,0.6451331386286554,0.6072783645272679,1.0954053364932024,2.0728111577036477,0.0,5.892543675970175,6.007717439226258
46,3.002919521341652,2.3552513307477154,2.2934125105871064,1.6924099783532405,2.031177767671556,1.0,25.961873326941316,13.098866477978333
46,0.5854587536299418,0.8554146433079135,1.3070626088107842,0.7074945661550135,0.2377037602865738,0.0,3.607791784341552,3.608064136219733
46,0.558624639424318,0.414909064654571,0.27408449064878915,1.3998683641271432,0.6037262572590396,1.0,8.029898546468814,3.8200582327151977
46,1.6933874481521387,1.9913979328415317,1.5118852683016266,2.5884575864630075,0.43511184750697396,0.0,15.241077615853477,8.541205294524431
46,0.9457038474185024,0.5898036154076527,0.920667617355,0.04558581455975097,0.19845844588643302,0.0,2.3949023814816615,3.513178082848813
46,-0.07221466688768796,0.4485847461518072,0.08006950575597171,0.9199548421096108,0.8524374503404373,0.0,1.7651841057050537,3.0788176900844255
46,0.07577707775104148,0.894372512529162,-0.38010551160304007,0.15348581181944432,1.4781010683070024,0.0,-1.0394014680635535,3.107213908816105
46,2.038172401106018,0.7423237756681588,3.2441586702065024,3.1542515552330905,2.9971699321594834,1.0,27.18868466206415,7.606277283856599
46,-1.4433149019450355,0.18403130320142125,-0.8738147029833074,0.6003084935815338,-0.29137474281911446,0.0,-2.946421336326644,0.4642087768789629
46,1.3353250387724473,1.3219624271449273,1.2024258207179,1.0937697541803761,0.6702809807715505,1.0,13.856126310484848,5.937227270880323
46,-0.2095098453580777,0.31204854352608746,0.6890544488436197,-0.2395364186708142,0.651991326653178,0.0,0.5807381577587684,2.308494334002006
47,-0.17726815462686707,1.8176278945980924,0.6034657025909168,-0.15444411121535095,3.115098420857371,0.0,3.896774338458563,4.1034061127853825
47,-0.9010151000271462,1.7713616176444291,-0.3883246859670919,1.6140919605571598,0.4761470936417129,0.0,1.0150137327101587,1.6156515744045221
47,1.6918033874792404,3.1495745790943745,1.8730738672426974,2.0904462408662843,2.0025781994228034,1.0,27.806057005761538,11.434503823267018
47,0.3713768799794116,1.1388993377284837,-0.7056075746416708,0.9178832277727647,0.9340545182882315,1.0,4.718019707329891,3.5124817595110636
47,1.1462447311296406,0.5420478807572323,0.7519721551558858,1.3427374905568072,1.0909771719028354,0.0,6.192698771681261,4.788652391525969
47,0.3875280727943359,1.4064687075205469,0.9222359533892548,2.3056242256146806,1.1206651958281808,1.0,14.323172314168556,5.220346900836875
47,2.234653131105981,0.7055237046617358,2.6628304509157177,0.6409452536595794,1.5005488805990255,1.0,12.890354505046808,5.56128563400198
47,1.186403368017269,1.9669181083731548,1.9635509162876115,-0.3245711810325502,1.5121284915076956,0.0,8.509038866079312,6.1030384056743765
47,1.4883105562245862,0.8592387140894682,1.1184085328373534,2.3021080095808766,1.384518131020299,1.0,18.91797428513399,6.292220394600212
47,2.1961309125421087,1.4808459194874062,2.882284181550447,2.066196480176674,2.06631719183445,1.0,21.79020414735693,8.631451317852672
47,0.05765427868486395,0.42850639294524406,0.5483690193406062,1.7840082446984438,0.7821411649341978,0.0,4.905815933893331,3.6784206578425414
47,1.496168535147764,1.121398987572673,0.9276340682003057,-0.045700210348772696,0.9356123628028169,0.0,2.687298188090578,5.495087637640581
47,0.6298610922270247,0.3553939514484846,1.0248670227760175,1.5437527833036446,0.39628538496825383,1.0,8.023186023782733,3.7181414795555847
47,1.329052110005375,2.2595803668573113,2.4464434002792856,2.3320184884577713,1.3060829857041503,1.0,24.639401519616445,8.071730616359595
47,0.738783991658091,1.070504989268633,1.4459911719018357,1.4834668153701283,0.5753566835348327,1.0,11.302444290412167,4.572405181087804
47,1.9706077366881267,1.647463550421354,2.755756539725959,1.746719810585226,0.9550163601477908,1.0,23.03757703591683,7.85780231860346
47,0.42759092458959747,0.11555795623757459,1.3773352822067912,-0.09104728668773387,0.5280655636951213,0.0,1.9045453398294137,2.420419270853274
47,0.8774282875132624,0.9027174868717748,-0.08530664961026213,1.021630000596203,1.9219524696883667,1.0,9.140718884712367,5.10764424995796
47,1.0877839588308196,1.220825999019402,1.1593376172631507,1.1883739352728788,1.2024397440418,1.0,13.387655600455856,5.657322281779863
47,-0.6140172469602612,0.44987255616442856,0.06411239637392008,0.6959497745397345,-0.19144450072358765,0.0,0.01820085335095714,1.9239524854714998
47,2.0831998980290716,1.055987474076652,1.4852726850014006,1.637306540361012,2.274142805792293,1.0,16.756034581592605,7.553207122361919
47,1.2747621980559245,2.029845338736186,1.0075404443713147,2.303108450395193,1.3302035948105722,1.0,20.582784850057138,8.094242059487854
47,0.932848843463562,1.398707454653647,0.9635290517277251,1.4502137631426704,1.6243731242231263,1.0,13.873044934914411,6.060244201312326
47,0.2015743862325834,1.2570935571608175,2.6546976049689714,1.7331447983717094,2.439070867574241,1.0,14.95435296086917,4.512398595773017
47,-0.983948480573442,-0.8837277915890216,-1.3475002257278401,-0.7865493810447257,-0.3662128881878357,1.0,-2.9578347901621207,-0.0929816773594232
47,1.6933378878243817,3.0751656385351027,1.8931705161626984,2.0275976923768018,2.5837027352697115,1.0,28.86434528039096,11.526962385585527
47,1.254120750209078,0.6969884919471445,1.0505648165836037,1.1601273532494412,1.0680180214228396,0.0,6.275978793652605,4.986098480641857
47,2.012727793286835,0.7025791903207068,1.6654844397172108,1.739463212019547,1.2017483102933961,0.0,9.153261983455065,5.980555452881656
47,0.7174050110813416,1.284779834122369,1.8968057027657474,2.046844369597495,1.5772020496545156,1.0,17.06751072422151,5.362960815842044
47,0.781389549859449,-0.1665296025766836,0.22595157758940787,0.38274939138563147,-0.15223055041664368,0.0,1.2682581870610306,2.380122054473683
47,1.2516071955610057,1.7863258073650825,1.5583648826753613,1.863247983060646,2.2095456997438516,1.0,19.543651868530734,7.582755142245217
47,1.7145043081690134,1.7250966829024676,1.3173357419459664,2.2345484774604607,0.492703745984978,1.0,20.26145733297199,7.950535647874615
47,0.5916372788708935,0.018657518310105647,1.010728988680594,1.0105188952303892,0.6898904448560856,0.0,3.301549481431092,3.2029982956155467
47,1.138958677446264,1.1123527514754104,0.5510775471831133,0.13585033768517296,1.3152340315610243,0.0,4.455212518758073,5.2456212984305095
47,1.1178274410004436,-0.5198855457462894,1.9088100953771576,1.2369046506217278,1.1009582317535092,0.0,4.738497951740826,2.5095512006747245
47,2.003597864125232,0.9508576694557276,0.4362764243797602,0.9569323433400887,-1.266160839132779,0.0,6.387110297711191,5.352219531864739
47,0.8316590515964807,0.9402295595123566,0.7859319581349158,1.1364492161688666,0.5885868781489434,0.0,4.800735069201724,4.630107986113275
47,0.46411433631536125,1.0578148606234863,-0.7437037529399564,2.044608358769719,0.8821375428825796,0.0,6.152784522272147,4.079398818341716
47,2.0107960111086536,2.23298094546118,1.2150816252648218,1.5047910973467784,1.2353762692340775,1.0,19.017463619068366,9.937842566007411
47,1.067085664143288,1.2531247016809068,1.0580660562302668,0.7161829584760662,1.642246382365088,0.0,5.3919992928387535,5.696102539029919
47,1.8823872900890528,2.2798016904370915,1.363081470506354,0.6320980584664322,0.8744565488281153,1.0,16.45691283890298,9.013606671486407
47,0.6088568921983191,0.13753437866421103,1.6048666824514757,-0.32491329916895695,1.4989676042652986,0.0,3.715217242624899,2.8123311189464038
47,0.8147503716677347,1.0405119616407568,1.1394416552914768,0.32471355156202686,-0.019192752069770336,1.0,8.068362644518677,3.91597167106189
47,0.6436196660581234,0.739133596777409,0.968800922431453,0.2935352111960039,0.7522268583692884,0.0,5.625869911068845,3.7406672726350543
47,2.7320388788076393,2.3550293206841477,2.3606456108976763,1.8286015822250987,2.17178747412259,1.0,29.27727643655702,12.447835914537794
47,0.8808624878454789,-1.2929225416139603,0.5738809406743979,0.07858008600918209,-0.39691544715252713,0.0,-0.7780882515492784,0.6226561565138548
47,1.7107537151956278,1.7664750040945747,2.216346800152121,2.979902900934137,2.2954628521726304,1.0,30.536755346207755,8.904836081794109
47,1.657264283002279,1.087778427494183,1.0916616335064235,0.9405711120535281,1.5717644315369461,0.0,3.438644349282173,6.438267759600782
47,0.7461401548189566,0.7513856346270178,0.9702799437827695,0.8839418083447789,1.505988101430277,0.0,5.075891563173501,4.554575402636825
47,-0.2903091052146991,0.7546420926086876,0.3130427587879152,0.5919930731659299,0.4357596697545545,0.0,0.1519282461342366,2.634885716829632
48,0.8809971026530257,0.33870708220587886,0.5626999556600049,0.3806677906092233,0.05445539424831203,0.0,2.825351376008208,3.2529814661923817
48,1.0279178741959225,0.3954183948277411,1.091200348884652,0.7793705328247336,-0.5061492639976699,1.0,6.738845915894655,3.2617573515169185
48,0.6751961252099183,1.9958457598813628,1.2089500167513523,1.4477186114373402,1.0152993248867348,0.0,10.13400158342204,5.873093830243799
48,1.113809726872972,1.119229218822024,1.2575058730888191,0.3512633773160875,-1.2652411157509125,0.0,3.0929030432144873,3.843082519565666
48,1.7476401228436553,2.0561503583851475,1.7058376477618626,0.5286631320295432,0.5852475634221996,0.0,9.397466832596647,7.770549021240841
48,1.15907458136686,1.5905947474512565,1.8823545725919362,1.9519761916386495,1.3495174395727934,1.0,17.43478340996522,6.503834472072519
48,2.3642579153251004,1.7726873675389012,1.2934378421852917,1.7123727106126183,1.9115158546409923,1.0,19.48102883290708,9.992042029887664
48,2.0152291121690262,2.0696626486958207,2.2059410960434107,2.2493728821376995,0.46600234050765443,1.0,23.854838003160832,9.080654404033522
48,1.0827025539844943,1.1160707226924431,0.19345356155507465,-0.2507604933093741,-0.3034839103919398,0.0,3.1393343645330907,4.108709983527212
48,0.8141834373365953,0.13228703755726812,0.13063108625450037,0.27523589101617174,-1.0070149264905401,0.0,1.9958932527762772,2.2718470637305446
48,0.24232884339473715,1.4373118115169348,1.4748039956036085,1.394606287869577,1.568681549937881,0.0,5.749733280821509,4.503013331475888
48,1.3367866565640358,1.262164136808194,1.696508419842054,1.612765281174429,0.03753327383635474,0.0,8.289483522649792,5.534741821815449
48,0.3187111253350605,1.6297844223022238,2.511132450479921,2.2862820578858822,1.430172466808142,1.0,19.951666613568367,4.799715392183975
48,1.3581512877428972,1.3507431516889965,1.047507819880749,1.2442891491219943,2.095543436639087,1.0,14.95368153041363,6.882362248788345
48,-1.202628769676021,0.42115766217141803,0.16005922767341563,-0.030994085466482968,0.35229774691533977,0.0,-0.36322003076662235,1.3306674153093592
48,1.1889178829817364,-0.769105290408117,-0.044629802308065125,0.4358090443175108,-1.2827957076033276,0.0,-0.4886467439350346,0.8486992854957907
48,2.062120644134504,1.2468244608380146,2.141676901156001,1.5617385012951237,1.8666712487725754,1.0,19.131904950090863,7.470245142570931
48,-0.07509014961951466,-0.25788376878798913,0.9620131795291594,0.14948343369645078,0.6987894038053544,0.0,0.725759428108049,2.3298902253783123
48,0.9356954009352515,2.478786690473705,2.095094719873331,0.6637892868404521,1.14514857871196,1.0,15.687683407621755,6.478040880497955
48,0.7337383624755124,0.9162672038880442,1.451093768173902,-0.6406836559008229,1.0184093736408473,1.0,9.147905544924734,3.5311298235375568
48,3.0392601152015897,1.5787401530781797,2.385322138903973,1.744687513226092,2.2120352971332755,1.0,23.191585604484565,10.550824301980587
48,0.3074592247938688,-0.07439080937797171,1.1139615751777463,0.7602373818453398,1.141163944763849,0.0,1.5816987097154764,3.0424531770897896
48,-0.050736755783869825,-0.6379083735536963,0.36233971310467683,-1.0073018323510805,0.9190329155624591,0.0,1.1611121942475657,1.760148276971731
48,1.0141377588632665,0.10330663190842126,0.907073964733727,0.7313448140417725,0.4935831040868107,0.0,3.4911487805404566,3.345543527607695
48,1.8483305066207185,1.360848924075949,1.4474705579330418,2.39815483772219,0.8235009399302629,1.0,21.829681726210655,7.577464855609544
48,0.6442711814555329,-0.6583447661851536,-0.24207838384185698,0.06484433020275049,-1.1196269324875878,0.0,0.2922952925133227,0.8912219942328817
48,1.8417281589904055,2.771362056953093,1.4876281261776578,2.9760453556897226,2.374285447595703,1.0,31.449420125994504,11.912692467147199
48,2.927097025048628,2.5713800322565135,2.1691852338764654,2.9857418853275344,2.7459521572592447,1.0,35.87428916010568,14.663044960764523
48,0.24172752738979397,-1.188795239714326,0.3376607543790795,0.5295325107137543,0.44539200202233,0.0,-0.9529953334749683,1.8389264371545966
48,-0.6424351118835776,0.1356728795102341,-0.06842091288288499,-1.069990509979673,0.4098193545440494,0.0,-0.08731068305622412,1.2928220304784013
48,0.672074833454092,-0.5585646293380317,0.2814380783910134,-1.1030047168804473,-1.4479366624792025,1.0,2.0376329590781985,0.5072632449347976
48,1.955483545006017,1.8833313741035747,1.1495511101806182,2.882702565285854,2.018897785175542,1.0,29.29142092654216,10.036703831884061
48,2.1090364956123757,2.491077134231624,1.1811665949481056,1.2422820052199977,2.092646017557441,1.0,23.14492642614644,11.19172263796463
48,0.27505361935258543,0.3670897601262847,1.6149929213263028,0.41426053362183757,-0.1462448878628848,1.0,3.896037690126007,2.3193631329838427
48,1.5120530424782617,0.48525536332773633,1.3239625490630746,0.26583355612775317,0.9088538696201326,0.0,4.720243790329732,4.226045970995026
48,2.241512071449497,0.9945000133736241,1.15719582952395,0.9216911152199407,-0.11173975344280396,0.0,5.0481658969595715,6.232672251266105
48,0.6518072439110189,1.2914375227662092,0.138148965757094,0.9724022323113224,0.12574621386282825,0.0,1.2962197773866078,4.4220120204486575
48,1.635857855408773,0.2876180850377432,0.3256640962645285,1.0022552859992448,1.2520004626503338,0.0,5.014247591278769,4.669638662137139
48,1.1157795246079296,1.4798524832102715,1.5285087854189432,1.0194730462912402,1.4759453118597339,0.0,8.289348511983608,6.003243615051337
48,-1.0227709937922387,0.7663656600464696,-0.3701683195852181,1.6922032491517642,0.6507068848175293,0.0,4.75650130461794,2.0066181380248773
48,1.076016190817941,0.8505079902024345,1.3345527684017022,0.61119750983303,1.0140852879341327,0.0,3.7995245021159265,4.592392425006309
48,1.7041975357999557,0.6945437164233915,0.0342181045546649,2.336734780687789,-0.8780107427725483,0.0,7.195158210934192,5.128896005162031
48,0.21306729648633804,0.8237138915195459,0.18604106904579,1.5763635150179103,-0.0768327810577023,1.0,8.900565689136043,3.519427204407665
48,0.598212934687894,0.7837193640029446,1.2689810619783,0.9334605744773896,1.216073930189281,1.0,8.588578382346999,4.1663089009085414
48,0.2569879426825613,2.2276041085886007,2.766741760031646,0.7595628949589093,2.8707700119525787,1.0,17.01813436851839,5.082738530922745
48,1.1083443922165388,1.1057679374645544,1.5381273427292967,1.666065800712338,1.642290873584281,1.0,13.640422257385882,5.788533039247171
48,0.9446851334092851,0.7172607841907653,1.393793464739908,2.201220835547496,-0.3591603129617247,1.0,13.734128615958412,4.302565610546177
48,0.0030011245494711014,1.1089795891048064,0.6478680024031205,0.04178290250665351,0.501380066941512,1.0,4.032689534379588,2.95220627289236
48,1.3820681532156596,0.78522557758337,1.1581942594271601,0.7134581926623863,0.600581456263094,1.0,7.659981075948521,4.805993469458757
48,-0.45476488567466755,-0.7316457164273731,0.33444198883500176,-0.5606921185839171,0.3027461997763268,0.0,-0.7789824727665604,1.7223631340051933
49,0.685377536307788,0.08302341049316586,0.3074593922472122,-0.050966554898277616,0.7144088792799457,1.0,3.076165837122799,2.8796592421370804
49,0.07124854392403035,0.6662196443986214,1.601277495140784,-0.5380564073128913,2.7013284917841753,1.0,6.237074611246081,3.267999615016363
49,-0.3993658095907704,-0.6335953517116852,0.8175039297717512,-0.0351897274602051,0.26038773318461295,0.0,-1.5533802525485243,1.9419507791737778
49,2.489786602896659,1.7318106487672797,2.452888868460574,2.7389697103435795,2.231495619923666,1.0,29.034888655617117,10.362244221436235
49,1.9643880789093897,2.133816856176842,1.9798844010260177,1.9810678526701313,1.3023814483053204,1.0,21.863430403364593,9.474640897148173
49,1.5233461695222381,1.1341103673202029,0.9237919881354103,2.3761757794820566,2.606562238797385,0.0,12.318412041279615,7.61243485187971
49,2.3766626362572385,1.831688614057508,1.7929747389584434,2.8051881154358975,1.8376977658492644,1.0,25.964684136056167,10.455056815095904
49,1.1404845390414315,0.026949755106307927,-0.06027224616357851,0.6520916765072982,2.0082769775711578,1.0,7.382242134368194,3.912685308033394
49,1.8241407122707374,1.4714997242139929,1.4171874421725126,1.6141317005881808,0.5101479850697908,1.0,16.851375081614478,7.255781849513924
49,1.9985094162353731,2.1016078821599073,1.9376638837710676,1.2777631192032726,1.4066141465633701,1.0,17.98606046658826,9.202469165366127
49,0.3361956606794344,1.168318298842937,1.6338906441556302,1.0245031343458653,0.5715236901915559,0.0,4.484335627936655,3.696946792731903
49,-1.4073393866681272,-1.7465042833278366,-1.2456556935919898,-0.3543559599401147,-2.4737660930342757,0.0,-0.35534957078635854,0.1635556124865407
49,0.9935229198756275,0.30763118372942055,0.596218271569379,-0.809247148607982,0.33559893378777306,0.0,3.081639519477055,2.8449657446462986
49,1.4023499099783936,-0.20983348860554463,-0.8766415027665271,1.3675206897765402,0.3630076613934675,0.0,5.216939385236601,2.368677731385654
49,2.6942810532630075,2.8957961195437765,1.463273374751797,1.0794735692742057,0.9258526842784145,1.0,23.961926789354575,13.438742909201363
49,-0.24089982638595986,0.3286257364980444,0.8756319507997161,0.7935612727378893,0.16918873883916252,0.0,2.2123648638953166,2.5243997338468147
49,2.0961500542783806,0.6160724632193373,1.9368207713564933,2.056672342598916,2.447621795308847,1.0,16.483423500968236,6.510142975587853
49,1.111324061803413,1.427111590414394,2.691907596088844,1.5468486739043792,1.1342152296849677,1.0,15.839340411693824,5.641102978428449
49,1.220740194253629,1.2072075146129486,-0.1682295258189086,1.5175954018002988,-0.1746245922886256,0.0,3.822373813769807,5.26091398721055
49,-0.8515740531720064,-0.5047417222237371,0.37316035947364723,-0.18491945165063983,-0.4180476000312723,0.0,-0.33256521221227664,1.567943577170082
49,-0.08697137956472845,0.6644302649519618,1.1883551381280653,0.6563405023102611,0.956118751582338,0.0,2.4637862744943075,3.0045366294498876
49,0.5977347917900013,2.0120233917455037,1.8982093028664977,2.1981947473458225,0.9365424635077263,0.0,11.701000989450648,5.702414219184137
49,0.6097703351562952,0.7669250082447976,1.7422209368950985,2.155984590905759,1.2345688626641105,0.0,10.036055180010328,4.551796735323535
49,1.2159070685501758,2.5769408939988843,2.0419313357815216,0.46952939676477157,0.8445034179883981,1.0,16.65019353115168,7.253828773324345
49,-1.0491600046480496,0.32494898342161016,-0.8306280509307604,0.2529150530613956,0.7298902478501457,1.0,-0.21887505658734174,1.0474718059357648
49,1.599896405057044,0.9636906963424123,1.7349267402090325,-0.5985021431263877,0.8888286953476939,0.0,3.8458867739995215,4.672830984753544
49,1.0484340668323422,0.23142012935071954,-0.13153706108436958,-0.07293651391718714,0.31774640930838516,1.0,3.87480369544354,2.930553729494002
49,0.07655831730667018,0.384724091245786,-0.7950545540565583,0.4101895346525585,0.27535643411125343,0.0,1.4086502601294781,1.905586561526476
49,1.0888001995911218,1.598839102108062,0.74960339666936,-0.22107157005078548,1.0356478325049048,0.0,4.553766793204242,5.598684965424724
49,3.5194639657826903,3.3187024600118096,2.7010078391420986,3.3215963967926134,3.151603171341322,1.0,46.98149462229574,19.781738224736173
49,0.8415432016795872,1.4663454433766008,1.2770878206880267,-0.05057258893050154,0.061256375260759666,0.0,2.5978530858878015,4.321327069097399
49,0.986278053129095,1.881727497146259,1.3212060695506709,1.7203262950885614,0.6695037496142632,1.0,15.518409457592739,6.3924342983209606
49,1.0541730167335204,-0.46568403102334366,-0.17802280540643856,-0.5022508202925675,1.3206413865663664,0.0,2.4721094200705624,2.107712579253727
49,1.503396171659555,0.8079469411249551,1.1026550091301717,1.7656032545166407,0.7940176468066564,1.0,13.343953690036551,5.652702211622652
49,-0.7737605069272606,-0.33406948004711623,-1.4089319877457154,-0.37128779066396955,-0.3327255654622634,0.0,-1.6182425806917624,-0.19073944014597566
49,-0.8759790800153364,-1.0647015958667856,-0.28566914515629493,-0.42583288071822945,-1.7346004830366222,0.0,-4.124756204625072,0.6987380347196046
49,1.6167120042901189,1.9811047462731648,2.1936907668932637,1.5000086374596564,2.0547970497463344,1.0,20.64720549018414,8.292643981590732
49,0.8406791044954787,0.9439825982349164,1.27698169767219,0.5215375640433825,0.6177982988300086,1.0,8.74001136998027,4.183681557715984
49,-0.7669980892970263,-0.020792502904664945,1.015676477774403,0.682279504057283,1.2572012396133672,1.0,3.2959521219538797,2.626676280775152
49,0.9249874747645397,1.4791466882060451,0.19978544260945696,-0.8806917926275508,0.968395784822301,1.0,8.622617836470631,4.694113140072928
49,-0.6720368726197941,-0.13103264774607415,1.0600415125774227,0.5367304255532752,-0.6005035887862809,0.0,-0.26853690233686694,1.673494053006439
49,1.7240691158290846,0.25123279478757443,2.3495115010437733,0.9744433069372685,0.10093165808525739,0.0,6.311444537578698,3.4308714517656487
49,-0.23692110183368054,0.2281255807321665,0.7292132454735873,0.12168780563252923,1.4386024478506307,0.0,1.3284627187282922,2.8320050593536994
49,2.2154956421097736,1.7706575703990097,0.4280307858617124,1.7756656012762937,1.5478505431564762,0.0,9.964454338937003,9.701519096916547
49,0.50732699743039,1.0225077329614265,1.2392593162966494,1.7022425442337146,0.8709906751972621,1.0,11.191906381777367,4.5154061331487805
49,1.1116097722466203,1.0241442773432345,1.111800972987773,0.5449991150517577,0.39330662645694614,0.0,5.011779055534857,4.67442683627356
49,0.11721455626913768,1.2854573009342638,0.7903216489476017,1.577458552070576,1.5085421379781174,1.0,10.994358090227243,4.493788200096229
49,0.3880439541392906,0.9776446384727151,0.7721986073665961,1.3313837336253078,1.54982802257888,1.0,10.311696094614923,4.60529697698335
49,1.4068192240157316,1.963744521953299,1.5075829708523345,1.1209837615355056,0.3674651720151402,1.0,14.761847276160486,7.0091026347381575
49,0.8772922824453628,1.7110764089443442,1.0988449619890517,1.3879093028940483,0.17511661408893675,1.0,11.654442694965022,5.580859110421108
50,2.7341084265708595,1.556440718231321,3.0495324198078273,1.1449311275040488,1.7489931400697523,1.0,21.285365868465703,9.376715150637931
50,1.1279015588416181,0.555177163143933,-0.17813842548476466,1.3708604523731858,1.6377044852628206,1.0,9.49803505020234,4.867113069563867
50,2.1603617561100714,0.9465174106285859,0.8468754019521498,0.5863571362525692,-0.11460437885274755,1.0,9.800899517758644,5.9199010480698
50,1.4146415153993501,1.0299449478630798,-0.20475374077596387,1.5474164931175296,1.0889113524280367,1.0,13.49635313423204,5.87419425096189
50,2.280536380708933,2.807034895749946,3.144891117359098,2.934832304727574,1.5823442619112091,1.0,37.3668179404284,12.776370121832326
50,1.254183324071348,1.4382036041579433,2.0552578011760665,1.048489838846253,1.1115360839259694,1.0,14.514969038756703,5.791874431298229
50,0.3187810682205491,1.2165945191915006,1.0063415934058002,1.0908791454168685,0.5368416979018733,0.0,5.069059039136189,4.007501522963915
50,2.512915191653077,0.7724190095791913,0.7111988989383558,0.7348678547068807,1.3547855168083802,0.0,4.431678479661535,6.741696547678832
50,1.4220695624222404,1.5014931703751204,1.3644367000188264,1.0138073365841236,1.068927375656802,1.0,13.106388173448922,6.525492937172929
50,1.4155621793747337,-0.2676944984226466,0.6755074841195221,1.3907924413384296,0.8235266460165088,1.0,8.707294240383218,3.4202986437692906
50,1.0116250534922466,1.14813923999234,0.7541938516377553,0.7698569481781488,1.0663798885877371,1.0,9.961608097899008,5.265407661835878
50,1.670147946727672,0.6559920184974888,2.199669024791892,1.7713412533608834,1.0947966570672678,0.0,9.336956133679042,5.203343680224758
50,0.1773455499316664,1.397310216563507,0.9318812134140311,0.8805014695922991,0.31616279497074207,0.0,3.867015325698782,3.695732278152605
50,2.3086515180506195,1.5688742561662654,1.965311885887561,0.9594668447780016,2.5005668187975774,1.0,15.986275642340651,8.889058588590139
50,2.1597783912094615,1.5802265179343373,1.4329316412178057,0.541729887017716,1.3807344724281876,1.0,14.111694025128646,8.098067917179026
50,1.2534192226698342,1.38841269641215,2.0384781651043022,2.463848715497187,1.3162980958457517,0.0,15.625342112113838,6.5196733395428
50,0.3943228803248262,0.9301012186242773,1.2653437908240706,1.0679635457640417,1.2570881829553637,1.0,9.583844263680906,4.124894795270734
50,4.379354375914497,3.8457286899230425,3.824617260029932,4.742843378177948,4.104837776758435,1.0,73.47548625214853,27.51483219368541
50,-0.20086094681214006,0.7012466446569405,0.02676314751053588,-0.15189233376889666,1.036457981557792,1.0,2.5446726699662685,2.5646460699211855
50,1.90359265857008,2.043581336406095,0.8397722635542617,1.899009626641146,0.49849037465018453,0.0,9.719734824824947,9.15000194999308
50,1.3911415914166838,1.1322190824432754,1.1806884216826459,1.3679107947745615,0.1565767482873961,0.0,7.544303279847433,5.569633590810286
50,2.390394925447752,2.8302240676446377,3.2289775736478714,1.6773205949890542,0.8839663218686236,1.0,30.787686437159202,12.274610624122191
50,0.3297206665831537,0.6500426635499972,0.477544715642233,0.550295294940317,0.5496171280610951,1.0,4.8567228400452604,3.3810687819599665
50,1.1509980984099815,-0.568917090856023,0.21013489379078243,1.8817960970068803,0.40843378208247705,1.0,8.347259704510138,2.864403186368656
50,1.0138212280547572,0.24181273657994817,1.2369639458740096,0.07046567224108247,0.10033601937738834,1.0,6.227902932239868,2.904520921139663
50,1.2184006683536608,1.262321862011972,1.8914388368494977,1.8589718198532024,2.4711898322980943,1.0,17.59879338722034,6.573998921091133
50,-0.25788423809359995,0.8120358222072692,0.24650896172546843,-0.6710856244610843,-0.4787485403659437,1.0,2.648172584083819,1.5857721636081856
50,0.16108116286787966,1.7223808517195778,0.48814194530051835,1.3052293343031371,1.5588064201658933,0.0,5.945762271985137,4.778468751356943
50,1.289835541558907,0.9232172301784001,1.416846316417252,0.8527360185641344,1.0674051125094088,0.0,5.956489831983676,5.119161118205064
50,1.5577890535950814,0.8017676044463358,1.4629498762882562,2.5970106364688537,1.4261663341038702,1.0,20.3879401600221,6.279464064461948
50,-0.24951296143634938,0.9655527012506765,1.2116882166418819,1.1068176417578546,1.512723310106535,0.0,4.08908262491043,3.3841559166479245
50,0.07283046764209034,-0.4564261721257734,0.810193777440356,0.20929877693411092,1.3544399041716848,0.0,1.9455624210324787,2.65128471496389
50,0.9601533281952969,2.8176122199675193,2.5025789185807765,1.7796584168069047,2.7111606896232274,0.0,16.73199012041763,8.288237176513732
50,2.4464998483238594,0.7044050249101255,1.4947199910293163,2.3998162319248006,2.008449769317288,0.0,12.77095376658252,7.326275193006377
50,0.8162590270148751,2.2700609362053044,0.815853915850336,1.739770869234002,0.7548927008611968,0.0,9.310640969828325,6.736623182685098
50,3.203550547886011,3.855554327822393,3.1486214736395413,2.630476379898877,2.905322587452478,1.0,46.55682360884759,20.223250539703304
50,1.628484924702407,1.9836857377379895,1.986667650767486,1.914238175057794,1.5972499220739134,1.0,21.10917052638134,8.381578384402786
50,0.6116866958914924,1.976519155925882,1.5659439038821368,1.220473749486272,0.8588935661228846,0.0,7.957286385453945,5.330621411379129
50,2.124765865013817,0.6055216105107448,0.8799887691641214,1.0284546066534521,0.9594056750202223,1.0,9.671948904551247,5.7228197119228525
50,0.5205308819564562,0.888986214500526,0.8817086862013569,1.0832977232552394,0.7009972927397496,1.0,8.504113690162589,4.136338441444208
50,2.4754304009222023,1.4589841539494333,2.3881256210382937,1.5894460492709663,3.002541247162673,0.0,13.278475008631721,9.33955625304382
50,0.7472380192874961,1.3839111802592947,1.3553558173332934,1.0873941177119217,-0.2489971722325659,1.0,10.600497791815148,4.410339805318888
50,-0.02562053655759633,-0.04133404183011513,-1.0456152704015045,0.379177997397088,-0.39008832807314975,0.0,-0.13344561032481306,0.9406885794868345
50,-0.8815926544224781,-0.9306088876242684,-0.6107979236165133,-1.0825546095302547,-0.6003139440287946,0.0,-0.4198563840156072,0.5866746023495164
50,1.9219337487247166,1.3505402698308573,2.0025819471475934,1.4697578031858554,2.1038499738321397,1.0,17.247710688866743,7.601487590234668
50,0.05277376635337638,0.30447111140156025,0.0652544151549519,0.4331130740468532,1.3495929124204946,0.0,0.6894031947351988,3.116542413016627
50,1.485035523845848,1.4979681552028652,2.516705925120804,2.450119060468305,2.0730551639277155,1.0,22.54132756184648,7.424948449182388
50,-0.6296230835836352,0.3556871295921591,-0.9091378253875864,0.060030201419503215,-0.4586587875832784,0.0,-1.5511685715228407,0.5996262012765784
50,1.1822429234811394,1.8473584443391349,0.6497014543311965,1.389216306400538,0.5999412528304697,1.0,13.74162605016968,6.81452107749365
50,1.6679763519966855,-0.014453489443158496,0.8381854813755145,-0.4094518531546294,-0.08968057547548636,0.0,1.2600312741878588,2.640992774161103
51,1.4588565026740599,1.1141961542491319,0.5970707058926085,-0.3997050052577076,0.30532969518077036,0.0,3.123192206213892,4.990312406662029
51,0.1766683773743385,1.0301060080300337,-0.07651391740111557,1.7063327757400932,1.3767622463523654,0.0,5.915603149497438,4.2857391400267275
51,0.5317605359972429,1.7760496746338217,-0.6268367641766737,0.20462441814942112,0.7795852757612539,1.0,4.354043881008112,4.086911763548408
51,0.3881885904450796,1.432069612866015,0.4985208938659049,1.3782826824667136,1.5496343664302632,0.0,7.135548290657915,5.057551880393853
51,0.8953703827461493,-0.01991513924409971,0.6031404409061081,0.10771870786530657,-0.1290456670054405,1.0,3.48433319528661,2.534361258411301
51,-0.5646152729513967,1.4819646494837637,0.9565973780005612,0.35499791883051157,0.9064900556229464,0.0,2.657361296418517,2.307281549309334
51,1.4092895520304338,1.0728521968749396,1.4868156433813562,1.2408402173496589,2.0437503051442762,0.0,5.848011950853348,6.222615351670967
51,0.7195566003724146,0.09045620131575827,-0.09419689358593941,0.25015664137821736,-0.007322616308356844,0.0,2.2551017203820276,2.539980075399226
51,1.3403635341397,-0.08175257935486391,0.27785022989756847,1.6511309724442398,1.3978089921624242,0.0,4.795179342761499,4.144769716655976
51,2.618577298739693,2.3571047147191075,1.6335376031259974,1.3636162454070058,2.095107963174857,1.0,23.842584753838885,12.143532688035409
51,0.9269098426761821,-0.5879077219253037,1.8496851257126181,1.0666932692621822,0.7850756682474239,0.0,2.674542705849237,2.2000030856254655
51,2.708307285246057,1.937829976078631,2.403585676554431,2.0384504201419844,3.284358425681693,1.0,28.59653166363365,11.694693971150745
51,1.1170607464852211,1.1418898664085722,1.1605409931083854,1.850637038283117,0.8618661754493271,1.0,15.010097132528713,5.740401243270399
51,3.703975017326675,2.4767891113023133,1.887788538653861,2.6121157262490833,2.754529119963947,1.0,33.34517304595054,16.579853705218632
51,-1.491365902560755,0.105372593014746,-0.16796639200544838,0.2146492716710281,0.12813537348042436,0.0,-4.5092218131927515,1.2231901587909197
51,0.15717454785425322,0.11883542063161345,-0.7195113681701009,0.14199155353121762,-0.19050617308492623,1.0,2.07362132455935,1.5247977296038524
51,1.5246591329529375,0.23926154436509306,0.5833456103289749,0.6547562393339119,1.4457056055503656,0.0,2.8208402147477485,4.4232808625341935
51,1.1863719702144193,1.5988049805604412,1.2920006075656403,2.676300772957301,1.4495275457665806,1.0,20.332149474314434,7.27347842117001
51,1.3710672409157796,2.410308470677357,1.1285911496990306,0.6538135182431141,0.7416544975441877,0.0,6.9968305188486575,7.885345988651377
51,1.219821077527808,1.6261235135883538,0.21701847823435028,0.13631337030891422,0.6655171858059581,0.0,3.058913446294297,5.8925203164057445
51,2.0624554177235863,1.7714581152152011,2.7936430147652667,1.9446917806315143,1.6452689507025329,1.0,22.658987567285312,8.822238224360529
51,2.540274260248601,2.5546274278872265,1.494551101210195,1.0578442090009417,1.4361662381078808,0.0,9.369588535405596,12.107357291702868
51,1.180629579856573,1.599398017504531,0.48291275402798894,-0.47889482770099634,0.8399795995977656,0.0,3.3190289919320897,5.585955283910225
51,1.8230312357399394,0.7987336491099108,-0.33291709644376155,1.0377456381011367,-0.19319477166846677,0.0,1.377777161298083,4.967908773738594
51,0.17180980230923626,0.6130957305829046,0.812031409923429,0.27780423462996884,1.2513471871250572,0.0,2.2686970720928543,3.3564057257129503
51,0.7244130952535066,1.0321286328062211,0.2983969017380643,0.4419983464426984,1.5393795590828376,1.0,6.187174803910702,4.7216547745341035
51,-0.03097792609650063,-0.088860229448529,0.7871611016944969,-0.14557020921965091,0.20222596797647896,0.0,1.470062760843648,2.0706011554550496
51,2.164871897475707,2.6686999089143084,2.7071586399041996,2.7541139815123703,2.043787096616515,1.0,32.30379108673817,12.039600788263192
51,-1.809099250560772,-0.5954153012051149,-2.442382997066785,-1.756287466906735,-0.9452434246693064,1.0,-2.4182356037767927,-2.4623999466235453
51,2.794400377274184,1.7232004424404166,2.197708022161294,1.9180938707700719,2.7190458079463307,1.0,23.027819583407492,10.90488970947847
51,1.2680638665243325,0.3441646737566947,1.555554574904702,1.0722199680850768,2.653895982243429,0.0,5.322179558244141,4.898613481441394
51,1.5746997388206085,1.276581965659616,1.1906233224001208,1.8117722908129397,0.8538794775284024,1.0,16.278929771641387,6.735092812442629
51,0.3235424769729107,1.1222416478417971,0.6159332497116645,-0.1323897768881943,0.6358177961666379,0.0,2.361072483658145,3.461900184325279
51,0.7772107304994967,1.5769351573235335,1.0229560169331569,1.2763547212200346,0.687605268628032,1.0,12.92120625286607,5.416986695460445
51,0.5444765130690108,0.8781266707951747,0.5437954973345908,0.6913390293081157,1.2271086926732524,0.0,2.93626822464478,4.276293655618211
51,1.1481860716473011,1.3792614541007513,2.2191994632378607,3.1505842248545433,1.4005535719107303,1.0,26.43314324178162,6.62862678616842
51,-0.4883342088684086,1.180615231537467,0.23440610805344475,1.9000968434299161,0.9968903945090872,0.0,4.641295325444152,3.307954832651717
51,1.4501509576607001,2.1253186916826428,1.1303712106950763,1.5353098128381335,1.0806512047910948,0.0,8.549200480839234,8.169257925975707
51,1.996398210969331,0.7373552192056345,0.8125810932338762,1.11223516362627,2.155380498538097,0.0,5.571056418561461,6.5666564188273755
51,1.3954606229930882,-0.44866355073141784,0.9599733627686654,0.5008984423340507,0.7054022908412921,0.0,2.3525660005438596,2.503985072949182
51,-0.3190609169642755,0.32893844754354795,-0.26641287445622375,0.7758933330542135,1.1221984910092082,1.0,4.522476704347209,2.680548330219283
51,1.8041466055255206,0.7194352272718076,0.9747457752604916,2.3567920042375103,1.129064615052043,1.0,16.956738801497178,6.351437194561378
51,0.9435925683952637,1.1807517024500627,-0.2580944933075564,1.090046490453114,1.008649847378483,0.0,2.2016939467977266,5.063499681327714
51,1.0251146974661254,0.4347173641726605,1.1997481312717475,1.807072169536771,0.4653481067085199,1.0,10.437890781537451,4.274227888314897
51,-0.5347664652197957,-0.34165308400289796,-0.6374309033207226,1.418743659538099,0.5780570498831589,0.0,2.960248376444941,2.227807102506511
51,-0.5560668709089869,1.391446648835815,0.8260469259982637,0.9480303075865245,0.5553202213920234,0.0,0.7600113097592445,2.4864388091234924
51,1.6490752759602691,0.7272071512243399,0.18761839674365566,2.464906596234969,1.5080997188199388,0.0,11.626672474883343,6.450124139749057
51,0.5202796066377515,0.5772745796333518,0.4669004578421255,0.9056921223883928,-0.31303345514673087,0.0,2.7966655788336663,3.271868590256108
51,0.21943144838698314,2.0052142583897146,0.5810187796194752,-0.24248392542989694,1.3795459769300817,1.0,8.098699812084668,4.247274238299607
51,0.8090639168407389,0.3408912174841473,1.0309071411952744,0.9039754564951988,1.0582453530384917,0.0,3.5306565427198837,3.8613852681845895
52,1.2672347443740546,1.2860287895306382,1.8433876948578818,1.873220036483162,2.663468735341649,1.0,17.889966330337405,6.827142341213126
52,1.4282692327735032,2.604658320208862,1.3732747064561233,1.8415797781903294,1.8281660367191748,1.0,21.150463434708183,9.454367123874796
52,2.2170671473239754,2.40869192281576,1.9675674543106751,1.8260797914666076,1.546837177629493,1.0,24.892094911919322,10.936911147857844
52,-0.04316090162426445,0.23438051338691668,0.45087223615457306,2.022949823382116,0.9980249941639121,1.0,10.004481599658815,3.7214846256584138
52,1.9854457618481451,1.3811293261412603,2.442912582148568,2.009562598274584,2.8102152949528656,0.0,13.869523841087032,8.291098306731318
52,0.7482232528880957,1.2528093018791167,0.6262237729114014,1.3935067699045103,1.8028720109678673,1.0,11.838744056065584,5.659445091609459
52,1.0728240557173683,0.8393735097239698,2.482754560247696,2.0834337758985777,2.0222651363152666,1.0,18.47592720737342,5.360121529281168
52,1.508174044030448,2.043760035932828,1.413228402989164,1.4501847484302903,2.7636531464063827,1.0,19.21599996111596,8.82876275313926
52,0.7975708303343148,1.08675127828398,1.3417715062568114,1.1339480597324598,1.4134015938082878,0.0,7.931028161068508,4.980510669409821
52,0.019546992521992435,1.9637261765453495,1.3631376476148842,0.416177465624719,1.5343503108803853,0.0,4.670225658532309,3.8930236839110846
52,0.5694671538252318,1.0273198717875947,1.3875955774500064,-0.4251387013902279,0.9075038375360401,0.0,4.123908338811052,3.500576481103446
52,-0.5323376746940709,-0.2863169122385363,-0.2181684810620872,-0.42554764350191543,-0.6275988407174229,1.0,1.7714864028126904,1.083728007169454
52,-1.1507628486055812,0.5752695388714903,0.7431056535839577,1.6437031474478956,0.00980796933032535,0.0,2.0706902262528613,1.984933813179945
52,2.1409235918686633,0.9255026231988751,1.5977426599308808,1.1702797165939536,1.48788151827263,0.0,7.360376767348573,6.615652382998219
52,1.7758253039444152,1.911284368537129,2.194835290609743,1.7558137712557422,2.24544899586406,1.0,21.11923951106263,8.751393371824577
52,0.8294665878760563,-0.01391707888373439,1.3812536939587017,-0.24104418976340702,0.1510600321593092,0.0,2.0265612580495618,2.2302755094856717
52,-0.6406134889962216,0.9375056999590775,0.6876073715251845,0.819913406920212,0.9108568158911895,0.0,1.7379225115906962,2.5298229082127506
52,1.2799712420463099,1.8946437055862857,0.9962309840527955,0.10420725730848268,1.3591536278264116,1.0,12.288383778057499,6.785662843782234
52,2.5553711806778336,1.7866738387007537,1.3164036660002831,1.850480377370348,3.039301683436716,0.0,11.493018089801271,11.091387872071598
52,0.22743760657284295,0.9805270686377118,1.2350783390345514,0.7763231427317215,-0.11179349943823458,0.0,4.369433896953409,3.1062422185575422
52,0.7944332222008789,1.6446533445380287,0.3124855126176669,1.0668265379770385,0.7882946112389566,1.0,10.084057937376867,5.5614862721187
52,2.9646159788333826,2.96793709495358,1.9276605569710725,1.5883126770461182,2.010644784232402,1.0,27.391735283888945,15.179041532787279
52,0.40217721312357635,0.4718741019973749,0.4913039123895341,1.0169106567271184,-0.7337984010870124,0.0,4.090111078848709,2.895729206653827
52,1.1047695781289766,1.406145807337458,0.9828931268973901,1.2850623774528116,0.6481940832641087,1.0,11.380784175284768,5.8216170815489585
52,0.7374879551867649,1.4512440622298828,1.5077921572975672,2.0641127821812146,0.5029187815218337,0.0,10.119579359094965,5.265015380134156
52,-0.7261764409083518,-0.08239767982369539,0.7967938395860283,-0.44915561309591556,0.20732283605793977,0.0,-2.0216038923329136,1.6320318080067098
52,1.6099846388574517,1.9777875363884068,2.097640311634561,0.9731224448398976,1.430959457022467,1.0,18.352851617896246,7.726146951013233
52,0.27563691542926094,1.3052575929042767,0.48279996370942313,0.09762249169146342,1.51304900221999,1.0,4.5445825335613765,4.082658642333699
52,1.7751232151342609,2.9818782831880695,1.5637122882363692,1.2705896581970608,0.8518801124316353,1.0,23.501069929337675,10.52187712309378
52,-0.9235496527544127,-0.8714319893260987,-0.013514524459626198,0.16407554980880634,-1.216147919103181,0.0,-1.457389505527407,1.3744351234281826
52,1.9155672549631255,-0.08620112352441556,-0.4953592063803294,-0.32373613666697176,0.15594168960441412,1.0,4.712319199247217,2.297780208102549
52,1.7511825276239166,0.692862122594838,0.9228645201333251,1.2527359453881244,0.8499526036964961,1.0,12.059051070407868,5.551665560240792
52,0.267850961126323,-0.07895145232991219,1.4379487578369468,0.5872935217572159,-0.37373240512061656,1.0,1.3749231784553895,2.0315146233398433
52,1.6550631226108867,1.9840789353600017,3.323892908346578,2.028560202850219,2.3716671669325136,1.0,25.116877902733936,8.981977769632028
52,0.23169343802037157,1.8839370327573126,1.1411697449940346,1.1783415475268062,1.451495019809248,1.0,11.704238300716966,4.796345588706631
52,1.1639342809786113,2.142294025563025,0.24322124969528813,1.454492487087203,2.355515486515234,1.0,16.58406979496982,8.143785458356032
52,1.300186367796056,0.6327136812380609,1.5234166727177425,-0.021230100167236143,1.385065642085858,0.0,5.483139782683267,4.280083764408125
52,0.03998251881018222,-0.2183654399851176,-0.9511854212151627,0.4902886307467511,0.1073105400773654,0.0,0.3036290699799849,1.30600305490159
52,1.3851412624763597,3.334196066044138,2.472201426402906,2.770396570064535,2.21720509044086,1.0,35.37889172232006,10.923703195978609
52,1.3132298666258073,1.2756032837339613,2.281082638318357,0.1697339617040322,1.270286736479021,1.0,12.88829859202994,5.178077701550166
52,-0.40025381795648807,-1.4158684306853067,-2.2491127356767033,-0.734728064298521,-0.5137902842933044,0.0,2.1426760744270883,-1.7176529403130623
52,1.402888469055984,1.3463799132980396,1.8111999796620897,1.1192189170661602,1.1811754314086396,0.0,8.004754926754867,6.081157520169937
52,-1.5488906525943502,0.7823715800542963,0.14975702053960893,-0.9495276436491755,-0.5002933590108714,0.0,-1.770549391830988,-0.25629219538737913
52,1.4282415931594419,0.8595545849454131,0.2324470521783124,0.04955294302959934,0.04664239141336102,1.0,6.540940279461222,4.508976499652502
52,2.224094066409709,0.5064077814983796,1.648503187513644,1.6486657736895514,0.20392054069542687,0.0,6.942314102426598,5.16446553620859
52,2.126290604193742,1.9915098929325836,1.645988376978541,1.6919983369250704,1.7490901982510723,1.0,22.270595980391516,9.761846261956558
52,1.6703629244167157,2.0341094330246197,3.342575849886659,1.75091978689455,-0.23802474299342946,1.0,21.806444105479482,7.697801833525686
52,2.3031819368052817,1.4393329429998296,0.9822376358710678,1.2839053685767645,1.5380567930509805,1.0,15.699149413761038,8.643565777118585
52,1.4367367958316641,0.029305111811451234,0.6305271231940884,1.1913534109274344,0.8563440398880927,0.0,5.769685628355807,3.9219538174729855
52,0.825917652065318,1.3664854834286375,2.3354713520403214,1.1614733211570392,2.763789958680311,1.0,15.63473814135827,5.662870834796498
53,2.2028364570424177,2.2875565526506323,2.663576534838303,2.1092767724023345,2.903474842646196,1.0,27.84722982357737,11.23456425979937
53,2.157891625256468,0.6906650352414601,1.6253932763011125,2.6676906741545343,1.0935098154072465,0.0,12.555523197067847,6.553385679046142
53,-0.49364900950838186,0.1629024248449854,-0.5063244653027592,0.837678207097911,-0.6499097283293089,0.0,2.0150723730037887,1.4694650145565356
53,1.189905762840456,1.168440094848492,1.2617705734147926,0.8389998794966355,1.0440825619102303,1.0,10.845632408135385,5.446063722703935
53,0.9225951069366196,0.3712329581286643,-0.19928022756854613,-0.5784972325624353,0.8227853426809965,0.0,1.5600365236047078,2.99212500517425
53,2.8724128533491853,3.4335353957599186,2.7215592909186146,2.4250196244067768,3.348078710079189,1.0,40.30697680047854,17.349758804640786
53,1.0680618939983946,0.5860657370993412,1.3458741886788457,1.0539173278691503,0.8457071508902024,0.0,4.954642346996747,4.29879809259175
53,0.9372529337355398,1.2243573809693165,2.007294217387882,0.7795192554611245,1.3360176510429067,1.0,12.351455857155148,4.866984946342697
53,0.8762735149220782,2.0353227877563516,1.5564114064294339,1.3402911458747209,1.5066091510944783,1.0,15.233212354572478,6.455337880535208
53,1.072610835986461,1.3500948009195146,1.4798000278304895,1.3673199240146947,1.3889240058765,1.0,11.503211043684784,5.8683718814921955
53,1.8678764317163763,2.577178617452031,1.954957589425225,2.790066148128415,1.7870118143843092,0.0,19.783318174861513,10.927614836155449
53,0.47905864631257955,-0.7829497175708509,-0.5325078333393922,0.5471264675786349,0.28485297306579327,0.0,2.016912807883173,1.4842480014756974
53,1.330458835050978,2.1210460853864,1.303155106052046,1.2737539324760683,1.275537573228214,1.0,16.572192649416568,7.7383976439222675
53,1.3630525139807796,-0.004392764793520909,1.1879735737469344,-0.06932250270752682,0.4883136581556953,0.0,3.5657850005233156,2.850365049224388
53,0.8104101173502074,1.4521168805098879,0.588217359814404,1.8625686980192118,1.0959134483475796,0.0,6.974372152114124,5.9133546133690995
53,-0.1411777558199121,-0.34508983090135326,-0.5859747209053121,0.5415801514089655,-0.875407276668674,0.0,0.7908561529196458,1.1788577410832821
53,0.9697529777285687,0.1783759103112198,1.4143262687753244,0.5855066662083522,0.7143703366339358,1.0,7.818357511137632,3.2599790162371867
53,1.1604005073501638,0.7498298995347472,0.2752152017885041,1.2636308285861348,-0.1777831768632221,1.0,10.13277562554666,4.4681163640009744
53,2.58387213958586,2.1600794014015614,1.8642489428156177,1.877964034768318,2.885348979914429,0.0,15.48253665587885,11.97786677148285
53,1.8571352181474134,0.03990004305625161,0.8340990946322986,1.9796276028737034,1.5471430226641267,1.0,12.096419905929542,4.874897514054123
53,0.9831139332373866,0.904934858241567,1.4314263730791048,2.1365928175079665,-0.2331293749604415,1.0,14.138244821953968,4.640042576442411
53,0.48881830195718234,0.04940076261437931,0.7896130639227434,-0.014878326128493491,0.4861230316259949,1.0,4.270613322666266,2.6278065381568334
53,1.5543827288700167,1.6534613890462961,2.1575440030246353,1.5560404785617403,1.3105826822075888,0.0,9.842995684953731,7.132461869769691
53,1.4096650293884805,0.6309361625170524,1.1476510474046522,0.9484814742650044,0.8941682419644791,1.0,10.481855980664745,4.815489973055412
53,-0.21422908625644177,-0.16933618508362458,0.6236306711565596,-0.32762128240762767,0.3631836985072996,0.0,0.2232570951723295,1.985854193682857
53,0.5271837303642082,0.8982247261520726,0.2944975920285061,1.071842386470625,0.8137544991856196,1.0,7.131966818151593,4.233229020516921
53,1.4974553023221069,0.5436871526081642,1.0288066132718638,1.9746835773000664,1.2101858402495056,0.0,10.097801861627094,5.457398019720994
53,1.5406670071554673,0.533489724036124,-0.13571572190815973,0.7532988916392545,0.009379102117566096,0.0,2.2224384200423306,4.1632942661791335
53,0.669592425211921,1.309731454474656,1.9391746084151198,1.4651258027872833,1.4204854151745454,1.0,13.566942319145683,4.9189381292932755
53,0.3153603157646573,0.934073669553542,0.6526329588015763,0.4308998495605113,0.5308658951498653,0.0,2.612465788305978,3.520973721896733
53,-0.17682004488619674,1.3163866079023652,0.730214565379491,0.27260123652386825,1.011585834264835,1.0,6.5798592237606,3.0892518585516773
53,0.3775029111503525,1.4142084173713176,0.8758938148203468,1.007768889157415,0.34462900652110273,0.0,3.319054626844764,4.184179874490626
53,1.352328727141204,0.8847714405421754,1.004886590892932,1.2205161203310928,0.662105512931905,0.0,7.375670621953942,5.294989978836092
53,1.8927401763654887,3.0909068000425473,2.619864294887774,2.540318307900077,2.5820086680988377,1.0,33.79800642615994,12.346243508678802
53,2.3359705597026235,1.2244989414082545,0.8295481345654376,1.8904597277728268,1.4059375943526644,0.0,7.440707837513608,8.378810093258352
53,2.2169255087153323,0.7974802483202122,1.5288989214239934,1.0565865497385813,0.2575422902921811,1.0,10.864849005769967,5.738556213157185
53,1.2732091638664502,1.727414027972927,0.7186653725082136,2.196997710164519,0.6896671150780278,1.0,17.233185884350352,7.255021157222606
53,0.09918034618981819,-0.9013598246032679,-0.16351241200295452,0.05335655829327968,0.7537618764342566,0.0,0.6028949404068028,1.8179776963308287
53,-0.586506949323901,0.7699095931947659,0.027576962889493184,-0.42254784502896614,0.9153293612788643,0.0,1.528771339910311,1.8999430144011844
53,1.4101044880061655,1.6258741669269057,0.3425969167337991,0.4960181952956709,1.8544708269219017,1.0,12.209807340798475,7.099070205994941
53,1.4995509015305222,0.5349529036957656,-0.29269446873850646,1.4011578925818364,-0.42112316430201857,0.0,3.714779208629604,4.1205810500102364
53,0.6030535052114709,1.1563900226059556,0.5300193877532824,2.0042282784178083,1.3833620538758118,0.0,7.790475543776774,5.398688949653167
53,0.23425221514129957,0.33894438586176756,-0.6343236343645713,0.5080882146906085,0.31286085206533665,0.0,1.3989755945215472,2.264782207076081
53,2.5112304537120127,1.572325546989279,1.8239900475024937,2.6833219170439824,1.5860099479159353,1.0,25.474392741222267,9.786413625412406
53,-0.9598015740640613,-0.22903504139640019,-1.3654460365824845,0.4068074057412472,0.4649373934938251,0.0,-0.730900375267318,0.5824693697329772
53,1.8336162532010432,1.867251108306863,1.146202609381426,1.6402375826178053,1.6833547908081075,1.0,18.7340185316158,8.921103761707526
53,1.7461965464060807,2.0694785552148094,1.1406309615210302,1.5506511854243223,1.6344233956216778,1.0,18.288627796993154,9.101427736170354
53,-0.9816483423202793,-0.8178564799987946,0.5125468895934964,-0.8980171512513897,0.44485991699906624,0.0,-2.2868117839660207,1.8042882192067582
53,1.3432225126797572,0.6963049444231539,2.036154515447791,1.8231137263447232,1.802931784593758,1.0,15.786622577257837,5.337413289368821
53,2.528464315696625,0.8986824444713151,0.42749165693407654,1.9954233517385958,1.6556724727556429,0.0,8.386872086985909,7.935162156844893
54,0.4902072371677557,1.8310911982115652,0.5695168345973022,2.0052782914078273,1.3354660976423118,1.0,14.489683249637903,5.85555559520874
54,0.6807745248593551,1.0283220203177266,0.16740239606888396,1.5622295501721895,1.1414784403905323,1.0,10.222270113747822,4.97617981070141
54,1.0199471947896115,0.5900129394410889,0.27110171417461426,0.6622939658105225,0.28255441265127124,1.0,5.8808384198267545,3.97821360562676
54,0.7361881881424606,2.7022753250742717,1.7741575920037653,1.0370481987163174,1.7197494872963073,0.0,10.598575802870226,6.77213010505499
54,0.3613815754918063,0.7894014854600458,0.24134593940716886,-2.046814305347628,-0.18018765417046878,1.0,5.610749013730233,1.8388558347331914
54,2.774440308465144,1.288090147583776,2.4861686228099042,0.8846395189481545,2.025425907483773,1.0,17.74157069510154,8.510321924494086
54,2.0037959674744457,2.465025800598238,1.5832503352834721,1.5207722752316188,1.4792385606334435,1.0,22.40605623148386,10.452996542019704
54,1.0784606585602698,1.121611344402423,1.7017345144713574,2.401938861609139,1.8844333635332424,0.0,12.79154734524086,6.173138723840497
54,0.9539591236704661,1.9444967425766846,2.1387235629484485,2.6011539693814605,2.690982422774486,1.0,24.01998835288344,7.481742490348025
54,2.0223743125013494,2.5005092381768126,3.4126686205584233,2.394131445065183,2.8194419999816964,1.0,32.384413721101645,11.668045115278042
54,-0.049964740588301915,0.8837555674345531,0.42741046836173724,0.9004184402922195,-0.2008018384239576,0.0,0.7038848225294727,2.8462945318558295
54,1.0895378845281223,0.1725653068159715,-0.49994547377845744,0.11002414966047314,1.8315057655972533,1.0,6.035657383986371,3.417468957591818
54,0.23485260473304015,0.2080139549730673,0.6483537176146412,1.1421655862246416,1.2710603261502915,1.0,7.769593784044599,3.5981547410216255
54,0.17606611033478436,0.08464778429086206,1.569967563188201,0.5652375002222618,0.8728429719182376,0.0,2.565917029716465,2.6501133346175463
54,0.4106238292136507,1.1845503925408103,-0.9283831472631021,0.3344245934447311,0.5754061442940432,0.0,2.170122056395016,2.873844825882215
54,0.9354707360003159,1.374832878888744,1.199219915326671,0.00750385472232018,-0.3639788635934549,0.0,4.572768382907027,4.225724899319467
54,1.0612893018074223,-0.7844540084366276,0.10441266013189787,-0.23019815821780942,-0.05909226354383468,1.0,3.184543862242187,1.208000067596346
54,0.38177509042879454,-0.7240395823138017,0.8649593120163235,-0.07475173575161698,-0.4136314565616426,0.0,-1.0265840354214102,1.3894066194784698
54,1.1951484895725324,2.43955604579792,1.11699830912897,1.1810456499747084,1.8706498142250658,1.0,16.879852544695108,8.255713180432018
54,0.19346889890679242,0.12165737129975507,-0.34329667473424963,0.8322302046144345,-0.35017138539652803,0.0,1.6354689689262492,2.1921312711087118
54,0.4006763509988224,1.0758413935107558,0.19270711823772857,1.8838132586024954,1.1185990529864154,0.0,5.868689611210779,4.748372165054778
54,1.6092734840917742,1.7451853996148983,0.7353991011663094,1.7102323121210121,1.0108444536911947,1.0,16.881947863179906,7.9555110259804165
54,0.6227177203382448,0.3951800470835567,0.43614089145835777,1.1993967149756803,-0.11512850925304852,1.0,6.235254834720824,3.421627719014616
54,1.0385844997278413,1.6909536932909242,0.023808438399678056,1.1186828379907843,-0.987005961360635,0.0,3.646297171425768,5.198426642151926
54,2.3645987098516374,2.05949906116949,0.8476133376274413,2.8925484526027327,2.412730052032208,1.0,26.84306088379814,11.820157946797702
54,1.4079924515648226,-0.261703221833792,0.13420843648585812,0.89620717888209,0.9772715065269287,0.0,4.409861024280498,3.1995195724578602
54,0.6788093295274746,0.5308896428275895,-0.22144083540857062,0.7423595424552487,0.5330279192942249,1.0,7.748157325786035,3.4677776453354916
54,-0.10144557675549404,-0.6306375797358907,-0.3988629447699188,-0.6090402900992116,-1.0782802867152839,0.0,0.2179504292122164,0.5763452426150532
54,0.9207372004055704,0.10544731471013224,-0.11257397179603035,0.5288920635417589,0.4148477800313628,0.0,1.8947538932816523,3.0194346981592703
54,-0.2869710469589062,0.4529993016205527,1.4905416824324158,-0.1858932821084862,0.7023086390011565,1.0,4.7171567836209825,2.0366634844461293
54,4.213021576152198,3.3828281940538703,2.2755408625620497,2.9421014401051604,4.340532795376035,1.0,44.970559630619704,23.181101360208643
54,2.1237398383283597,1.971239287664354,2.0122074489648076,2.5255310245467917,1.8050268573028818,1.0,27.000795658442595,9.978055878801154
54,0.31300868911195723,1.0901021684555228,1.693565085725073,0.252427687446241,0.7411957735113945,0.0,3.127467375478033,3.2639005601763396
54,1.7858914759586493,0.8877185610132754,0.32907904578982083,1.3434518691855757,1.7163962319961383,0.0,6.871289446854504,6.56297797421707
54,1.0321560315839309,0.9429719615797187,0.9878657080007822,3.1288508761773883,1.7825467406554578,1.0,21.34858095014907,6.460962789845677
54,0.3765754202357312,0.3079729591090248,0.565952827353603,0.19670787920177069,-0.46707903582698207,0.0,1.2719444510791995,2.4501181298072905
54,-0.056555410867878075,0.2881001983780209,0.8163197870910783,0.4736057355846246,1.341118503086294,0.0,3.572749227106848,3.099908135094648
54,0.8071844643278681,-0.2246889618731236,-0.06668312735338033,-0.5629287810449397,1.5822753273845978,0.0,2.8211891194540915,2.583991525390094
54,2.878421738316286,1.2110041124511217,1.6647877887127818,1.806287282019425,2.5154514113031765,0.0,9.902095405255096,9.429903598784044
54,0.8495868273750371,0.5878120880827529,0.2979752573133755,2.29350799347623,0.7771066958126361,0.0,7.51452139845731,4.858324720890978
54,1.283650579019526,0.4907603730392984,1.153691297807394,1.3112273140388448,0.9681487269014644,0.0,6.442958885857219,4.638819364462946
54,0.4892343662986517,-0.28167217352912255,-0.009678457077856972,0.10455078015766517,-0.390177724034797,0.0,0.6962462972811891,1.818277852686687
54,0.346277902444031,0.5961061263913248,0.3183188992490933,0.3991024457158546,-1.6054408650344616,0.0,0.7728670248339419,2.1833635280617
54,0.4776586786216801,0.5724693374048868,0.026640714044235625,0.10763767117779754,0.3460699729470561,0.0,2.31557517139161,3.0383282915192407
54,0.4898594414113868,0.8589323425471943,1.318779127958102,0.9686746154229372,1.8185407639071092,1.0,11.577827887673006,4.397507206738303
54,1.7624902265556988,2.4222784633754246,1.3341833664589429,2.213364449526848,2.320481759157663,0.0,15.206528782779056,10.530052559236928
54,1.4670920761177555,0.9860423134506384,2.120053396060853,1.140240638868951,0.7795514604558782,0.0,5.72659372425122,5.171051089184906
54,0.2250912598742828,2.0133837912411634,1.3102053810027265,1.3720381247810771,0.43982028632267955,1.0,10.739666714713257,4.3911161068535485
54,1.5395934324603195,1.4754848606294648,0.9168726932193224,1.175490877513026,-0.0026426402562009788,0.0,6.066359829023538,6.432351693359036
54,2.0147486588432297,1.0123411879599369,0.06695664351947495,0.35484051004886663,1.4838369723114557,0.0,1.9639679431591746,6.503734278353503
55,1.7939434987356178,0.2703434388389797,-0.6177447932699267,0.6333400408803507,0.9384273485143851,1.0,8.105300200443166,3.8093223616622733
55,1.7001481179616387,0.8755000729353591,1.8829045925800998,1.2146280209020788,2.1823747189472398,1.0,14.906943610963506,6.109191833661671
55,1.5624332275062205,0.5163405004074856,1.286791424337429,0.6446422053570242,0.4673904179358619,0.0,5.132956206818095,4.3257487976128
55,0.6465076191815564,1.7855185065117345,1.9055454538178647,0.7361337665344143,0.8962515182124785,1.0,13.920349721402609,4.810797518273977
55,1.2147630470569712,1.880160500508126,1.7262162751074026,0.031939822724177946,1.9999773509706174,0.0,9.916676004695704,6.555682997296
55,1.2336392284300124,0.6332821038690427,-0.28901238889023095,0.5591712758999285,0.7113627379783558,0.0,3.1417450392380295,4.163988942376401
55,0.8182037145919013,2.8265881618050206,2.2088402714549353,1.9670374184544888,2.5232772432973407,1.0,22.74548357712351,7.889072982219729
55,2.8058074664008448,2.0144256494205166,2.9533453878552294,1.5506032443448619,2.7017895338104596,1.0,26.932158154884423,11.682742422561194
55,1.0695578534502659,2.0688012668538622,0.2708294072831503,-0.3060148130580058,1.2037130268807261,1.0,11.3136138688595,6.329695348794523
55,1.9288316144611186,1.2392814342936131,1.6142684172593653,2.6136707468639866,2.48142029460099,1.0,22.45005203765136,8.285643064085082
55,1.4947407091609075,1.940574047947014,-0.6227714943382654,0.30043882880946515,1.1574987376368264,1.0,8.56798966228468,6.84816044051005
55,0.9628961381081411,0.9742700833614958,0.21027648062440008,1.8914150283366116,0.5135677810949365,1.0,12.763420610472224,5.192306898726391
55,1.8348556715351334,0.8285751517031832,1.04211714881477,1.5330901057582038,0.3510195136310944,1.0,12.777600770225181,5.819537898106136
55,0.9943754105060708,2.2188447996013485,0.4642556610089045,0.8108951165235992,1.0244729651106868,1.0,11.829309338857598,6.85694178137299
55,1.159815571093259,-0.7191457194191113,1.4164062569787301,1.7801276028978164,0.5599961341629796,1.0,6.410489713891522,2.418300972147558
55,0.2500682299670226,1.1918563429862377,0.505196531029332,0.5628994669999319,0.8487000531314992,1.0,6.29696056236013,3.8524850924735525
55,0.7773262811095152,1.5011935771854363,2.861369585215966,2.568650986892557,1.2473971345153008,0.0,15.630940896996954,5.683892234843093
55,1.0643449134311427,2.3906379063053365,2.0816289924631106,1.5950650729899802,2.0526275835539787,1.0,21.9456475573197,7.647711747850435
55,1.1010103572728491,1.5558564224436466,1.5093846534752289,0.25170156998778137,1.3967699207673387,0.0,6.334026495410469,5.68174857684591
55,1.726785675331208,0.9516846836430117,1.0588308418182137,1.084013915611223,1.1192402538947739,0.0,6.685009935466527,6.10352483334673
55,0.7535269887210044,1.591170815246643,1.3280506418622582,0.695085199429048,0.9837314424293114,0.0,6.130080455857476,5.115141411921869
55,1.5323255292286042,2.2917160871371682,1.4948100779924176,1.358661236605494,1.1687972470349983,1.0,18.820851957313597,8.510723302012961
55,1.2251525431394568,1.015871790381917,-0.08930174266764768,1.5399453992675323,0.3232095083167319,0.0,5.4228261125051676,5.248051905276935
55,2.7515077331072697,0.9129496507129059,1.764769417780002,2.12765139417312,2.894359357496511,1.0,19.341419564387493,8.544847814232938
55,0.75776949533917,0.9434097633489757,1.0460678305982833,0.79335378070711,2.2507583408008243,0.0,6.617764160388427,5.111544793130266
55,1.7124904997380543,3.0972188764353756,0.9829509808824498,1.5599687119495753,1.0512104761856893,1.0,20.220442648051325,11.060447017205846
55,0.016954477547204028,0.20578575208055105,-0.1227358872808364,-0.5691388294613584,0.9858711934831841,0.0,0.48078314865446486,2.2543347446314
55,1.11290852903254,1.35191201704539,1.6018771414844422,1.1172948383310641,0.7751097171724173,0.0,8.25666175351541,5.453029724972527
55,1.1606848618351735,2.2586171524566625,2.8389023026119284,1.5895131000010794,2.219355442805792,1.0,22.975577821189948,7.70054118774042
55,2.0198529481475043,1.3603181207899526,2.8472890426040314,1.6252125979496008,1.722896182937368,1.0,20.41707620855123,7.578422634572265
55,3.187459731939065,2.6954855017322554,2.272863093986195,2.4785802828822328,2.6524121683600237,1.0,33.239210417549785,15.589354823291506
55,2.442122301571875,1.5658257144734362,2.088345637107584,2.6431231046132093,2.1638761319887,1.0,24.60728915450943,9.780832450209688
55,0.21091697440202795,0.7610866850733251,0.19346260143039018,1.48161060450815,0.17330751908489972,0.0,3.8976855827116537,3.552062699549505
55,1.0092808059144511,-0.6794230611978909,0.48554916350400157,-0.4015355273757053,0.47122680585303645,0.0,1.7017353954242325,1.6412392296910256
55,-1.765652614496894,0.4905234002624774,0.605971929304167,-0.03536182798544818,-0.36012315144258134,0.0,-1.0257703472741293,0.4235338563790457
55,0.08395997522563714,0.32565338183740233,-0.6468156053381342,-0.9318321304259329,0.30665417831109065,1.0,2.4409290989174064,1.394158661039686
55,1.2119776182976854,0.08091003396743068,1.6042254506747442,0.11275916378012374,1.0332568136004159,1.0,4.807502947477202,3.086202792406255
55,2.1091028983287945,2.1613340493113276,-0.0519468676857644,1.1773511885245125,1.453786064142717,1.0,15.668814536147805,9.981940638818989
55,2.751972404561534,0.4412953683450085,1.831574067549178,1.5797886908110699,1.425609365473605,1.0,14.00717554450048,5.9717205493810965
55,0.298046404554169,-0.35191970795936345,-0.33336034382977053,-0.9091925101534575,0.8284523902928674,0.0,2.364250882737117,1.606072821082023
55,-0.20344090936447756,-0.34288853456776813,-0.46677284265271735,0.02334517800021918,1.6165362977485946,1.0,2.068038116198132,2.276172328192053
55,1.024462921681484,0.9504291625297954,1.098181751687389,0.816512804247827,0.8555042269733827,0.0,4.544786029510696,4.801440677267538
55,1.21403142533861,-0.7178369757376908,0.5874471133455973,0.8029065613554595,1.8123273461849005,1.0,5.5353438636105645,2.810319384901272
55,0.4311682555935713,0.10157692228851523,1.3498769178415764,0.7102769750164679,0.7543615610235427,0.0,1.8497456919563715,2.9365538398442936
55,0.9868009912472409,1.5218661619000795,0.6980029094303868,-0.24710571035425,-0.6739476703698024,1.0,9.340054450876751,4.4107146002961
55,0.6870112388153374,0.7525021841489017,1.8365121649942053,1.5862889759028915,1.9938340856780923,1.0,11.263710755226736,4.682451731448915
55,0.6702532446966998,0.37614998408328915,0.4834579955542927,-0.4241518247324394,-0.6493959552505342,0.0,0.399887922767695,2.3656652619066403
55,1.0211053477404815,1.6265249562604225,0.6785656321723377,0.5428099655191967,2.5048528770202423,1.0,12.35720155376203,6.626256559459558
55,0.09362537887377609,0.8863257510011726,1.0305663947694992,1.1695639179553519,0.7820345396922794,0.0,2.022705985353363,3.5783737681439307
55,0.2310561318367873,0.8566148596769676,1.387252053783139,1.3716861475184938,0.5952500147846724,0.0,5.987223702128791,3.6013711720522625
56,1.4212960766667464,-0.640347694007513,-0.32846719440997285,0.6090496952749305,1.485910525039179,0.0,2.7436664890114866,2.3101349660257284
56,2.4032169237634493,2.1049112356294457,2.6250207436635424,2.8953943739952805,2.3379134995172066,1.0,32.35513821316216,11.372269265773578
56,1.9573319277719472,2.1801244046512758,1.3174814773593027,1.2846498967407016,2.0647961334562734,1.0,20.3781074205147,9.920033416631117
56,0.4063637333419633,-0.2373515151660166,1.7804028571948463,0.5968251719302244,0.7007119017922427,1.0,3.3772185560645203,2.3189499684429267
56,-0.32587648003214476,0.12381643080408278,-0.6756136402926884,-0.0023023511535988916,-1.3836624585553903,0.0,-0.7953919108546783,0.60815522973941
56,2.4375067272738127,1.6084725082108986,0.6463287623773479,2.22292916661247,2.09061036877947,0.0,11.155013416829748,10.221886537888707
56,0.8973390752242761,-0.5952399012960958,-0.23780994073743233,0.9767813507966528,1.0731339617628284,1.0,5.930941703576849,2.4948264781419427
56,0.7859075881092855,0.8514509913910919,1.3710205075567676,1.5241467962940005,1.7696339052992514,1.0,12.127542007893847,5.0186913030951645
56,0.7307458372580034,-0.45768511340832463,-0.10209519840430503,0.47214432842336507,0.041256111922019945,1.0,2.9510243858163876,2.002524302151219
56,-0.056162830840730704,-1.1154056672516068,-0.175563831465122,-0.7736976938985074,0.5908885381955664,1.0,1.5125752546646418,1.2823018119170755
56,1.9587023366500458,1.4813680141014802,0.884400672295904,1.4765933860695728,1.8350899851842466,1.0,17.302085711412015,8.353389404226085
56,0.8096179181556586,0.9204867140703246,1.7047656886621239,1.11170477761511,1.8661383634879392,1.0,11.330028859311513,4.8180302891226585
56,0.647144494704806,0.8356753600097457,0.07182205140229025,0.16875527196043594,0.12775575321356936,1.0,6.729326051796427,3.4638010792268927
56,-1.1251838775078085,-2.809966001772898,-2.167982376541257,-1.1176361458678015,-1.4341693656846322,0.0,2.04173104046364,-0.7280582297370648
56,0.8572118023654336,1.9685525726029804,1.5324195788647477,1.1779190445027392,2.102323909206368,1.0,15.111360116077973,6.545047281155959
56,0.7260424400598711,0.21088314857942636,-0.61101664824932,1.3908056800268613,1.1030551711081684,1.0,6.562259704096127,3.3820602011867553
56,1.3714287767566888,2.2715411001687933,2.077462108789206,2.3797637546427737,1.7711287522145165,1.0,23.78876989492185,8.565654460353358
56,2.030023628276464,2.293560979580808,1.798370508809132,1.3967122162985108,2.182716447603812,1.0,23.072307001149657,10.28105995410489
56,2.023506310974268,1.9305042176033975,3.3765174749242037,3.9851868794030003,3.468394807268088,1.0,42.854864853868044,11.32591046936007
56,0.7596021861124491,1.4675724861962198,0.7836782505389537,0.9151393221485297,1.8269077104158953,1.0,12.94605551102926,5.699543143285293
56,0.39166475069414297,0.34676329959643915,-0.31307464146670916,1.5284602163248464,1.5470922565688319,0.0,3.482553748803278,3.837659026174086
56,1.2933429233437455,1.344706866104095,1.19175141593666,0.42572013035741885,1.0160232616570934,1.0,11.81221397904161,5.744972750809097
56,1.1832565313709826,1.5314833760110216,1.5061044244653456,2.8678847354396675,0.6688213352811707,1.0,22.208632454716877,6.755559697348757
56,0.6119132303225864,0.41865389514769036,0.30539594098314493,1.093408544247445,0.30672008922690175,0.0,3.626187367902258,3.57795368675971
56,1.9880921860786744,0.6663447027636853,1.678922976824825,1.573157466124002,1.7552078195417558,1.0,13.172256775036136,6.047701190796074
56,0.750240518620521,0.9404713350811994,1.7462891333116202,1.212081886218126,0.9438721711300263,1.0,12.652746909606693,4.327463828272082
56,-0.41881987184097325,0.3612965016415832,-1.174720600712698,-0.29987714553257705,-0.941626094784014,1.0,-2.253278003363423,-0.002390902681061985
56,1.9923431460776362,0.754543504837158,-0.3147491493029795,1.0891600924314504,1.4662399424362125,0.0,2.420036573978439,5.947952415195502
56,0.8971705069379878,0.08255552581343384,1.7847706234568657,0.8485321820399885,1.4706970197924052,1.0,7.003757458722214,3.403584083665054
56,-0.49266335119713256,-0.2328273033220576,-0.28489847703228044,0.4261188438394017,0.23748490650495513,0.0,-0.8981261301879306,1.9010029805519086
56,-0.4573141078071312,0.5327927379132373,1.6532411700181275,0.6743653638679636,1.0433023241307593,0.0,2.530398790458916,2.3971886318738904
56,1.1158356712525161,-0.17364523927275255,0.5530614820765187,0.5308460712755978,0.27632461641927064,0.0,2.1772110026170197,2.8083720805146024
56,0.9952982934114117,1.1392374723093557,1.3770204308513603,1.7306603791294932,0.6916264913135075,1.0,12.274545193985363,5.2933681311450025
56,1.6260864985237982,0.9397037671933984,1.7205701612750106,2.0692576302068266,1.115974636963929,1.0,18.36955206580374,6.114621452797945
56,2.5364970626761707,1.3149050218968643,2.405094689039183,1.3942774506439668,1.725341950368666,1.0,19.79627834537002,8.282485407357248
56,-0.6028525836768053,1.6566379136286686,0.606908584961273,-0.24031293025863465,-0.2515237166047599,1.0,1.5805505896575385,1.407135257060685
56,-0.6071288906491694,1.1020623193821444,0.7797096997170234,1.4303555797628915,-0.08010415069433896,0.0,4.239306447210257,2.3544710756345046
56,0.547501149046741,-0.34538215699051067,1.0764048487798479,0.028438314199329295,-0.5889983724546679,0.0,-0.1096095727338895,1.6443808465239462
56,0.8778406756879505,1.5918308186833907,0.5419938529772312,0.9391156342455436,-0.061684450436713334,0.0,5.033378947973812,5.1986039726097175
56,0.9022192590069245,2.10709447654462,0.12953940615186543,2.307632185315043,1.4148188530107402,0.0,9.286059274954873,7.323334804523256
56,1.0123634190948703,0.542768898566059,-0.2664635533349484,0.9567857457372412,-0.45913879345448727,1.0,5.996014767481917,3.4073453854621105
56,1.5230845645406927,2.1265042398449365,1.7280123085885024,1.1350051906149714,0.9573245809172131,0.0,11.492118630907084,7.817242092375386
56,1.5060608060359728,0.2803136544897996,-0.02639998523396825,0.779583088821061,0.387711096758395,0.0,2.1160211725820313,3.8854552794884527
56,0.9136721556413059,0.8938640027265154,1.9359874788028155,1.587400600827729,1.009385407809245,0.0,6.870028036007897,4.629725625537993
56,0.5805266412059029,-0.033063170308675005,0.9804359527177157,1.9197000455207234,0.25917814710763987,1.0,10.088738347232049,3.390855193174308
56,2.282154013164555,1.9537327562360542,0.859580083084052,1.9715201212012246,1.0673188098643265,0.0,8.875694507469566,10.178627583614531
56,-0.5742105170190941,0.6007224183604096,-0.29329970377398684,0.23043923889705054,0.1508075480522646,0.0,-1.2958220850161253,1.6695834647187344
56,0.39327123187130175,-0.2926875148822483,-0.19412350944822765,0.5703111590432194,0.9237270322086034,1.0,2.800157108878774,2.5663607470923173
56,0.1691098666395433,0.8764770175665727,1.641698974719878,2.287243138641343,1.2036872813603112,0.0,11.37766243707476,4.1664857949552125
56,1.1660229147969134,1.5914916213966044,1.4129351991368688,3.2484301297696843,1.5071695629277446,1.0,23.171093577095533,7.475946703939889
57,2.818327445818306,2.2065283978604806,1.9480154132513054,3.7325865931095277,2.3225439983001914,1.0,37.658132094221415,13.364383965410592
57,-0.15503568704394444,-0.52740412259131,1.4385731339230714,-0.4308123349368058,0.8182579849294676,1.0,0.9411307766550175,1.7853942014099808
57,-0.07215967741715779,0.029478814950057997,0.45695228353662476,1.684102411021045,0.7288038150679856,0.0,3.7478711534849998,3.308863003664754
57,-0.0991457985837414,0.8093138755506961,2.007113580277534,-0.2078243729856919,1.035732027584108,1.0,6.495516712719969,2.2697499722888685
57,1.4742602857524614,1.6360804355378498,2.2559062481611036,2.60259686158041,2.3228245420617846,1.0,24.576578823754897,7.9250844640631595
57,1.547560360728749,1.2394053360911284,1.7554460929210571,1.4222091424823484,0.7287437148544044,0.0,9.25891089879589,6.08113462786667
57,0.894182337954377,1.2655215241099294,1.171846139053408,0.7735715580112057,0.7274921363752812,1.0,10.485958156861305,4.936365029686142
57,2.456868446653254,1.3731136208984978,2.285871658100247,2.5887617673771643,2.206200558211542,1.0,24.59155709819146,9.173293257479312
57,1.5602014602791359,0.9943060521309662,0.8559579391089016,1.6896516778405557,1.2161137045884176,1.0,13.699015553659795,6.364928547242889
57,1.067427271597675,-0.754940269841627,0.3543322304691867,2.055395252498501,-0.2013186797769766,0.0,5.51194651899012,2.3924824600184804
57,-0.525268814099318,1.6550400225747022,0.6912702753087844,0.5273448188023616,0.25228127848166415,0.0,3.4996019095326445,2.2014296960972803
57,1.2190901993720407,0.4462808632644605,1.3136687946892496,0.35107142361356614,1.3987155179130453,0.0,3.79781159950321,4.1627735969287905
57,0.14049130059503112,0.031000093240638016,-0.4109775840669063,-0.6069951746001372,0.9737507751917667,1.0,1.7723733344966277,1.9847206591161823
57,1.3733656077076704,1.7888078696039447,0.3885967111497699,1.2041863879403212,1.216550229418833,1.0,13.43503964225647,7.367882272992921
57,-0.14780200461713378,0.6099477797078371,-0.01485216232856601,0.02261290203298405,-0.2144548245882929,0.0,-0.3903289633617767,2.0374640492153318
57,-0.08959467035538937,0.6117537123028615,2.131780562635898,1.9669930668259972,0.6508553437389392,0.0,9.333289976846801,3.049064296034091
57,0.9771107021094997,1.118000728654188,0.6245097907351722,0.9558744038957516,-1.2792789438844405,0.0,1.9920219353602175,4.101768659847768
57,1.7051551273274366,0.8446248161603201,1.0595687978631612,1.4621123219538577,1.046327212707976,1.0,12.458833903489264,5.988358671897796
57,1.5836136398177658,1.2571959886475403,2.231935301632756,2.202677033762697,2.0290748375316685,0.0,14.367833254510026,7.029144880877038
57,2.138851339442532,1.2070849380742334,1.7662383362541683,1.5071889051618925,2.083207839193572,0.0,8.204584628512132,7.738860767314252
57,2.2487400436271727,1.625197662308796,1.8291293766353474,2.5146244433115834,1.33118949268249,1.0,23.951933701566784,9.173618299793503
57,1.4400112095006679,2.038891659193886,1.7368252003340467,1.1741083112974704,1.688677099579957,1.0,18.22898173504995,7.810016440531027
57,1.6201463831840244,1.6530614245823734,1.6928546114521776,0.32090276718777566,0.6691012633051157,1.0,14.312814401891664,6.534479278027497
57,2.105326981336506,0.3573523470309067,0.9641002366540288,-0.11321036469907808,1.7553215562125506,0.0,2.5638132063247077,4.856945211519307
57,0.5159551495852814,0.5390655753109466,0.19686927228893847,0.27698522938962267,0.6477340363077679,0.0,2.125155780967022,3.347122044355766
57,1.6362509848589792,1.8916586318720632,3.5468498487945324,1.3997202785153484,2.2165345760458726,0.0,16.65982346603641,8.521734432428927
57,1.2316163750379494,1.2318526047954608,1.5615825294601398,1.321026259337315,1.2122715690471233,1.0,12.615201315898389,5.805558175507433
57,1.2198016598908064,0.8014981013952485,0.7748538951021242,0.009948704576326128,1.0383435405984827,1.0,8.976546398209546,4.614414923638801
57,-0.576593703135746,-0.5968402012901348,0.10180429806922386,-0.3419134186772006,0.0699360244617141,0.0,1.1739249200994917,1.6671532180775788
57,0.07507390561964067,-1.007040573692855,-0.9890484968697935,-1.5469050706166403,-0.28975817939426585,0.0,2.3224378709465148,-0.40495658304481125
57,1.537802733773078,2.306335858874102,0.8155331310348061,1.3053531260051603,1.5862086720783555,0.0,8.319781877226117,9.007786672560165
57,0.7924378950333674,0.9481260613911797,1.0060243694574473,1.1517948705050345,1.400151270742519,0.0,5.239850123590195,4.935821453737794
57,1.2510182434509771,1.3103870767572863,0.7591193765322501,1.4882177572972652,2.4309922484473216,0.0,8.630873311979185,6.984627900248495
57,1.6588096276428885,1.120408452654769,1.6329645764452232,1.386157330727848,2.108990832294097,1.0,15.102888612286343,6.750081526237911
57,1.9313608239289985,1.2402738275352458,2.2380413164864223,2.1781557966309846,1.8810281785623022,1.0,20.60594443670478,7.511022056684983
57,2.8262011187897653,2.5519187850026483,2.3991258441378482,3.494934547292871,1.4580642387220057,1.0,39.13605744270694,13.840555018429297
57,2.1130414972062512,2.1800255150771948,1.9905394064512076,1.0964293330468922,2.7617726525375907,0.0,11.422839134419446,10.269862732006064
57,0.8558115809820229,1.699018019518955,1.2650226206277453,2.7533358040687634,1.481493781046619,1.0,21.29758031493598,6.782411283047937
57,-0.2583085052093399,-0.3384160654796391,0.7173826195554308,0.2691166777726508,0.05940042313534133,1.0,1.5541757332482986,2.0655323354273896
57,0.8517310251702147,0.44966741598953,1.0113942793706607,0.0605778967731051,1.7956680780419967,0.0,1.3844623289490132,3.9981945214921826
57,2.3366494341534163,2.1105905501695874,1.67167714833417,1.3477384080574293,1.937901095745905,1.0,21.87056953003488,10.53327873410733
57,1.240299785962977,0.7185890755195181,-0.8188203620314742,0.4377362067913837,0.3354060644308614,1.0,4.753813484551118,3.5309544816967304
57,0.47470451588783535,0.44718754276309913,-0.9760503859106402,-0.568414575596603,-0.36580105103374927,1.0,0.5264708152774135,1.2783933067897781
57,1.5961461305442255,1.0662060872912216,1.0759463787780532,1.280301887369635,0.5531888546820266,1.0,12.354606133624513,5.962614994798772
57,1.6453998282057385,2.068624908954321,2.6807035948708116,1.9323097674413048,1.3841233762959857,1.0,23.79241651447085,8.36363836018869
57,0.2812639072892863,1.5963448000804357,1.2544837279384284,0.7077663800294012,1.7429282504936405,1.0,10.282793349918496,4.551451926982281
57,0.1822281505031158,1.5330502494758216,1.104611786547251,1.2376771071895372,0.6175315634924936,0.0,6.285772127787474,4.066395594412178
57,2.0462461757613855,0.6861872609066328,1.208635836069568,1.5154458558228767,1.3075605186600043,0.0,7.297982933998306,6.140441288047651
57,1.1713736486090434,0.6928818750309189,1.6567589650701122,-0.12730015812667217,2.3174161172441456,0.0,5.347530628883422,4.581331987768002
57,0.3903613651086242,1.6027346605653001,1.3568845997061665,1.6401917338952625,0.8414147883665841,0.0,8.187213305729788,4.753723349054319
58,0.7773678970125782,1.6827574750565022,1.262603235084991,0.3407307044701384,1.5165403677554914,0.0,5.66280864205601,5.4014588392186536
58,0.9963914585358148,0.12879161698414154,0.19826649999095414,-0.572870380692146,0.1693735481267984,0.0,1.3127479760641383,2.5687127369617
58,1.8349229267311884,1.48091044224354,2.6865218762068377,2.0870436054238075,2.0270974303475247,1.0,21.55517605722256,7.877374741448527
58,0.5146993649294133,1.0765062317852423,0.9180417278063319,-0.38387395154769277,1.3342798913802625,0.0,2.4010198016510063,3.8912807045883557
58,0.8730795480758773,1.3255076491259887,1.312000655812773,1.9099183419145416,2.079423052628732,1.0,14.772829011668772,6.163154757293368
58,0.9702419446867625,1.4770601516608315,0.46666522145147615,1.3677297746264372,0.4863686497617469,1.0,10.911015194648646,5.710212188477337
58,-0.49614853171037865,0.9332796238022772,0.8178786259657266,-0.008915792130556266,0.2161293491418148,0.0,0.7427908143595677,1.9518370273376138
58,2.106450374426304,0.2014621996473953,1.1065488923210927,-0.2794267272440827,0.30142549090317206,0.0,2.091073338666126,3.5903502561360123
58,1.7872510603348872,2.128138074496234,2.1795183085756076,2.533209439014195,0.6315917264350948,1.0,26.94436498161734,8.861551867165923
58,2.854209223499079,3.209218122361811,2.8784395000041005,2.628850140219776,2.141907734778287,1.0,40.38697472470832,16.05051776458628
58,1.3856342924291258,3.2199583359645096,2.9770196143006062,0.8146543539941229,1.5659556331845388,1.0,25.566642464824096,9.456807410715477
58,0.9133983573987989,0.9404529761468599,0.7083438272897464,0.9933973982706371,0.4810979943223179,0.0,4.982643849571007,4.636793865079504
58,2.3769630137457067,2.8596346260706436,2.4917378531947585,2.249488190465689,1.080553363295016,1.0,30.424866522744534,12.530262599398458
58,0.38495473822203696,0.8105467672923862,-0.1454246594690336,0.273818422956834,0.5986601394898097,0.0,1.4222820388221382,3.262745979439933
58,1.1761113718149119,1.5577048538528113,1.2703745234696777,0.978971376641034,1.5656709544016174,1.0,14.751775614688718,6.4023740771056215
58,2.2002285261425714,1.7844015131005517,0.5284275415584445,1.6632464745792919,1.3194372102953742,0.0,7.355681520858667,9.537562677711765
58,2.3629443959245835,2.201448766125103,1.6993301464970507,0.8700451936636178,2.3547875878316216,0.0,10.363825688271953,10.817998874559722
58,1.1424147541437963,1.583468655833491,3.14192403359683,1.7992414405350494,2.3399531658177968,1.0,20.491825109240963,6.812479035018261
58,1.7395912650440477,2.570445923120003,1.2041811641215052,2.7002076477912382,1.9587762997879594,1.0,27.522623486488097,10.916584015116577
58,1.4000435867721497,0.8209814351205347,1.3307709474702718,1.0354737477499905,1.4595192519449414,0.0,8.203732710443484,5.410531555880808
58,1.3729676016121215,1.029980690520606,0.06775529198516006,0.7836365395304924,0.41542668369208813,1.0,9.300198864310165,5.246719010246462
58,1.2415253569505498,0.9281468786699042,-0.34639494198778054,-0.20781610061943034,0.9518028992971702,0.0,2.6211434228284274,4.376552703410815
58,1.9843830144203487,0.6571452744511868,1.6742570085756194,1.0165356964022225,2.680229590118292,0.0,6.707030393527822,6.207027007869005
58,1.2972849536909736,1.0484000312145083,1.4401401909267526,-0.2844436371060348,1.5362828561136006,0.0,4.547943535114362,5.009190497355919
58,0.5603527874126404,-0.5362841384879018,0.4839282165632798,-0.07341239592937243,-0.5683501703547258,0.0,0.29528251146917206,1.5177829530439215
58,2.370879318587016,0.7499886852651263,1.372221235632874,1.1447348432204283,1.4539937865970924,1.0,13.430785701446991,6.521314221774068
58,-1.7971318535182874,0.719517402607422,-1.1462652132031477,0.09528814560374432,-1.116967558934375,1.0,-5.179770237716536,-1.5039536193543384
58,2.269835056363574,1.6000778793141845,0.7373965173334911,0.8333349736217984,1.5286052373711847,0.0,5.676845731239363,8.856759246304346
58,0.48561807364549125,0.9217360230826057,0.1958167644396922,0.3666179809600181,2.7096367426156487,0.0,2.5272634677364003,4.768213545032105
58,0.886281952935974,1.0813962665643726,0.5381058803199185,0.7668805261324676,1.2611166446769289,1.0,8.333881167556022,5.0839936076290275
58,1.0338989924398236,0.1560422215294388,1.3574533748345545,1.5263044008287787,1.3751156084883582,0.0,6.6024605674759655,4.097467433995176
58,0.8260021477228936,1.50981444525912,0.5355714485727623,1.6338292371935093,0.281540354127768,1.0,12.637604086231725,5.500465931779554
58,-0.4547034332854325,2.770231532682743,-0.37132764168269916,0.015554757856086066,-0.5781165426131121,0.0,-0.9077119485410934,1.3630319759237826
58,0.932404666518246,0.2896681087710111,0.47766544669356303,1.62755112830762,1.2207969827124936,0.0,6.178218528412416,4.432201615640434
58,2.626011830567821,1.4325732067852648,2.635361288508603,2.3186023950052412,0.8566761523520086,0.0,14.986945599578409,8.821988558289265
58,-0.6238247753979442,1.8186256688503502,0.5228087314501113,0.7901694445948488,1.4734918588178254,0.0,2.5689350948320713,2.72255187029811
58,2.148846062843074,1.6486115637152643,0.86182643147681,1.38325659838531,1.1282762839344007,1.0,16.99488142161994,8.77907317122971
58,1.0254438742844745,1.6211963013356772,2.0678055088273606,1.6644159956107742,0.6134631775427086,0.0,10.525872405466558,5.681809536421973
58,2.214326404790257,1.3441341697329274,2.354385232868015,1.490929628008839,1.9517553922620534,0.0,11.882417810262746,7.948290911015546
58,1.7717669615559841,1.2251439771658577,1.4768044635623696,0.3455096474358945,1.6429729216874325,1.0,12.61478064918137,6.495622137225869
58,1.2681291308585585,1.1959607308486646,1.192129602204314,-0.3137750289826413,0.8354661163138983,0.0,2.996347457414088,4.9752698921526965
58,-0.33504643777602006,-0.14223488482760094,2.2607737798346967,0.38296277283736213,1.061683237971002,0.0,0.11032813662462937,2.025204732701722
58,0.8350202888176349,1.1972479950610984,1.6366954321869052,0.011450385820205633,0.09666648506269593,0.0,5.419345875199653,3.8224152409363086
58,0.30239082415642227,1.1823593734787505,1.6408658152036095,0.5925238070854423,2.0568394976615263,0.0,6.555812058072977,4.175012118787956
58,1.2917617610292447,0.744683726976786,1.9289951729876735,1.0788606367595985,1.5253535770446247,1.0,11.685091590068634,4.896193431324881
58,2.064139123038338,2.1719112737079445,3.2533683676818397,2.521858272490223,2.1545131405908164,1.0,30.179558608626415,10.572262524450995
58,0.12599583829988847,0.2160810222994114,0.9928478711347566,0.11341225556843293,0.018498409059589438,1.0,2.6238525432962643,2.3069497522365077
58,-0.04429673015151292,1.1161821886285146,0.9767386121512823,-0.3190665225823375,0.7114052894904694,0.0,2.3414398359391315,2.7307663511311424
58,-1.243270228854021,0.1253378874390395,0.9592231712339202,-0.4621929311133657,0.6936695672690241,0.0,-1.0771126051864885,1.4547110535215055
58,1.3126540574927603,2.384304709135926,2.186584928080837,1.8749410461067035,1.454682885908144,0.0,15.621415841544389,8.158748612702302
59,2.47421025805866,3.1318181693368548,2.146518659212161,3.259499624723369,2.0247155715227505,1.0,38.71933360940963,14.722716957816086
59,2.0956028342816353,2.087553595553122,1.0374181959335218,1.7583244885534017,1.9674175280516075,1.0,21.148009993413382,10.356286679084265
59,2.2445696266149566,1.8974711445795316,2.173597163528795,2.5620771472828077,1.6416448031807813,0.0,16.717752295752522,9.951734155134357
59,-0.8953895336533719,-0.7620704942351424,0.1378776841628666,0.31608467872574597,-0.6488033596963527,1.0,0.49037976534425765,1.7467093525718123
59,0.5943886716474944,1.1864636269440418,1.5551917587043627,2.0474053681899846,2.199337602703338,1.0,15.641611541394841,5.512217988078184
59,-0.03218362137196085,0.8782628880955909,-0.2175390586094843,0.1203713172158064,0.8799032005035433,0.0,0.6984251358781814,2.7625732266323864
59,0.012868249026528056,1.2436846265585684,1.0025460135874975,0.42069185238992324,0.12657134127102976,1.0,6.85638557742956,2.957343245354839
59,0.1957917695880671,0.6009592183099903,1.8080943319221197,0.1809975312269394,0.9069706788665273,1.0,5.304823306617132,2.728992422073426
59,-0.30197750633995923,1.021969937641892,0.3295300651969738,1.1303839521965975,0.8069291114718369,1.0,4.174855244281092,3.1310003649182834
59,-0.022119984037287876,-0.09153515958981329,0.061406862172386,1.0895423801188273,-0.8320030346740523,1.0,4.74323482246329,2.1027854792849974
59,0.3748958664285972,-0.9916628301246257,-1.0972189739678675,0.9265961745624318,0.5981446605163985,0.0,1.2236705756299193,0.9896799878229413
59,0.12052798839913748,-0.09228524575632435,-0.08288499206213218,0.5068992392757596,-0.37343255240736917,1.0,3.162669943890306,2.024856268782563
59,1.5493005740359933,2.190446246569362,0.5188015300907007,1.2278901691967676,2.1226715577309343,0.0,7.561045531825883,9.066628718208268
59,0.4061490454810245,0.976910294422727,0.45989518464602896,0.28777348045288875,0.9073316655176333,1.0,3.5800023878092535,3.811900044041813
59,0.08817240315913355,-0.10325254403972517,-0.8472954569761251,0.94411062455866,-0.28897251960168346,0.0,-0.3931699159815356,1.5492898284571273
59,1.080726340684606,1.6484999524886352,0.6441220514004289,2.0703585725186593,1.8753471002948683,1.0,18.090708691907636,7.240731610197161
59,0.9647267462705367,0.8103067183388177,1.2730602081051887,1.6799465575073373,1.8692472008265013,0.0,9.129751876491442,5.373724962180706
59,0.28174466211432625,1.3251346866964044,1.1890308195869461,1.2786129438239393,1.5350447750002614,1.0,11.486090518989615,4.550693022756981
59,2.2484614349234584,2.1219475938589296,-0.0194741570452035,2.136425957546529,1.3376469238176307,0.0,9.04662694428376,10.683431592867429
59,2.6845267084502074,2.5466803248688787,1.1980341950282463,2.6753013730191735,1.2372069735809437,0.0,16.886298312161657,13.371695397689091
59,2.654631847246672,1.3034664217501324,0.26988573691596374,1.0557298472055667,1.7413236670281236,1.0,14.85453470569587,8.936543602698661
59,2.269828196234004,1.2044939644782162,2.1173109431092376,1.8217526427402282,1.643513734367764,1.0,19.026930589075715,7.742731418117954
59,1.5895718441955902,2.491740779500356,1.4346388722554912,2.7717364356370657,1.3678862617763858,1.0,27.027896374905122,9.92432522664997
59,1.4286782696450842,0.9705546345358522,0.23094322191675676,0.20433726268454588,1.2479670666727947,1.0,9.900810614646822,5.401301472113066
59,1.1116939054140569,0.7575391323769413,1.4577971711986237,0.45993365567369326,1.2112191636806808,1.0,10.60238485580035,4.454001982385952
59,-0.2429707540382866,-0.06373448095504997,0.30235874206117475,1.3636931263275949,1.173728923869457,0.0,4.425993273414383,3.236660169774486
59,1.0842090676621352,1.2705628352226506,1.526119794798436,1.714133266807956,1.8432393345953142,0.0,10.746283711619425,6.141349567668586
59,-0.40739370938363106,0.8839082142089686,-0.06110382402935444,0.19001145247610374,0.40065030029774396,0.0,-0.37919950705738564,2.141071312763633
59,1.4509930926593193,1.9481777711950115,1.2971655197141034,1.9802786079897938,1.7824994098254108,1.0,19.50037247755665,8.326578627037168
59,-0.7330031602963407,-0.8080639393699227,-0.6069206586855647,-1.2969852217372866,-0.6412582149351593,0.0,-0.2895175950314873,0.37060600717397296
59,0.6517000231061492,1.3577495214695643,1.8524152827666867,1.619749077362329,0.8356665048019533,1.0,15.76945261954245,4.7655744071084545
59,2.291398412961938,2.8638865132601126,1.2133321626159026,1.6625052781498626,1.669530807845996,0.0,12.776215871736555,12.762531421289957
59,-0.11216961145081061,0.39755852448921003,0.8808079444384127,0.23655413465857766,1.1267491370988953,0.0,0.566769793015246,2.8566843015139765
59,1.3687062083484145,1.1939316246519072,2.2058342918042744,1.3901568287293018,-0.3976770003078729,0.0,9.204192449674236,4.921409525134761
59,0.6321381571226417,0.726706642880026,0.986509264011582,0.7658995368648621,1.857249126597418,1.0,8.839520936740188,4.495235219407976
59,-0.04114535577827794,0.9200087479548088,1.3655900050535168,1.6012213415670034,1.7288439209441293,0.0,6.183833400838263,3.953174399754659
59,2.1432012321641767,2.2306380830978574,0.6747629846816372,2.351372642322871,0.7949773755875762,1.0,22.90527733707816,10.659037486573656
59,0.13743529940620025,-0.8702342519111483,0.16425350518300275,0.020949416324249626,0.6975020901286171,0.0,-0.37303118936241064,1.9418928186062185
59,1.247606213608249,1.6792589026357116,2.0241914244633636,1.6994642712216899,1.024951957128014,1.0,16.9684760903761,6.494770098471471
59,0.5497643487889019,1.1928067174785397,0.06630418587335818,0.3933018324962264,-0.0542916912086715,0.0,-0.27472901111798254,3.727507987620075
59,-0.7628297647480213,-0.06032359009745636,-0.09772917123273706,-0.09516321449564913,-0.24800717203442946,0.0,-2.2885650914052973,1.4092184779666699
59,2.2569483650747184,1.5987187953965512,2.358964536515321,3.0206290214836193,1.9258193841732647,0.0,18.594433630467464,9.479703038454215
59,-0.0328066541504024,0.9776942055282908,0.24803772393864532,-0.11876926404833132,0.6257130588071553,1.0,4.250194428098123,2.7872556902265915
59,0.9185100010304055,-0.17117408415264967,1.329123229140963,2.0836611615035943,0.9922784192468985,0.0,7.54219437092986,3.658301691433869
59,0.2568104929336035,0.7512215867179375,0.7899147209168531,0.14747926613694518,0.4710690041897032,0.0,1.0846715833495222,3.105075012803498
59,3.017317504028293,1.101426598419985,1.4036421603748344,1.0080018491402032,1.0760108558307515,1.0,15.730403484749255,8.292930096255462
59,2.474360274369122,1.4421980462233928,2.728613896198516,1.5644419648379309,0.7772530471175144,1.0,19.331944517630713,8.146021772432121
59,2.4979574034617187,2.4839822581453843,2.4944298689339597,2.1243949842926053,2.014885501465896,1.0,29.044480771962224,12.214909243701664
59,2.585283832178763,1.7664798538861375,1.5329557464007966,1.111636482971142,1.4214659670890792,0.0,7.897920490899132,9.813594297710349
59,1.9874165238497281,2.1712371219241344,2.2711965555850537,2.743775503994535,1.9362331827979242,1.0,27.464671502718424,10.22555822988723
60,-1.0351613480465613,-0.47611734561340313,-0.35441083123646,0.098630829524048,0.19251751307233012,0.0,-1.6905706444560051,1.6434387976188625
60,0.8695682908204727,1.7153166487595315,0.6315490559122697,2.0922011244468424,0.7060983443678521,1.0,15.269483536861362,6.306065619677077
60,2.5634949293481455,1.231182922991686,0.8185157303701582,2.4118781856823626,2.126892365967681,1.0,21.24258778957653,9.41541892032269
60,-0.21457976942138846,-0.36016870722156247,-0.3757402247174042,-0.5893734910156812,0.5235383347049262,0.0,0.007871980020103642,1.4993592323428522
60,0.6497364378514312,0.9506807774459645,1.2199104426989962,1.6632467528431816,0.2351929786615371,1.0,11.250956521746062,4.32080548476368
60,0.498617752777898,1.8452399318947381,0.6922738787025925,1.0892801834813661,1.615789166976717,0.0,4.94874694663982,5.560466459124113
60,1.9044727440557336,1.7354031722604812,2.237311352503628,2.77654439520151,1.0699512064933216,0.0,15.233447446429636,8.548618853511842
60,0.6565144578044273,-0.61804573429348,-0.12582852888333784,0.5486373354435454,-0.25766553458957464,0.0,1.1381072816729674,1.6881440676642414
60,-0.40825397249513307,1.0712094355918302,0.17874241905404697,1.849537024567235,1.0377729069466648,1.0,7.84439639274735,3.411246458307631
60,1.2209694021780417,1.8296542969007779,1.7962027827474858,1.749613196104456,0.7703370447117867,1.0,17.91240325871978,6.693837719841802
60,0.9889483921875407,0.3867409614065047,0.6052263181872115,1.217297494512097,0.6782210958044539,0.0,4.351020992014263,4.14305733839211
60,-0.4982329394722558,0.6107700913150462,0.8478880409564056,0.15499205993676923,0.49056454469600685,0.0,0.4378455766357113,2.1602534670454254
60,-0.3870575307555588,-0.23016346222611217,-0.5888461517490369,-0.4631659440648155,-0.28906998495866487,0.0,-0.864296004448251,0.9415170464902703
60,1.624151654085488,0.8720992765412785,1.1174712749563658,0.7469149657221573,-0.032333480811297166,0.0,5.180640068352575,5.018530485175018
60,1.730923238399074,-0.06906191790602967,0.24760679467017055,0.15549268926085724,-0.12898093339415873,0.0,1.0882146027324642,2.817950791853804
60,0.5232327756554642,0.4154349164016815,0.024706776304765588,1.5125557907067977,-0.36567190339269584,1.0,5.656431590982359,3.2721931453788193
60,1.0530603176602242,1.0922576853314385,0.33797337102360003,1.2530967365260226,0.6644378252871495,0.0,6.084369384869662,5.294054776613944
60,1.9382135677747598,1.301023974380949,1.6030233797076974,2.106254617393561,1.4468670105139538,1.0,18.884295229435086,7.687132119239606
60,2.5453494239109586,1.9636581233650225,1.4468894489838826,2.4992709041943235,1.8990147289742958,1.0,27.069259780841296,11.298877453606877
60,-0.3353710640698453,0.5046116598208419,0.8955638837357698,1.5899723091951126,0.8246295609171266,1.0,9.954473541258004,3.195549795259874
60,0.24750313580487993,-0.2519577528423196,0.3156861147634169,-0.20798923552901605,-0.45827099214697387,0.0,1.777537581579278,1.710708886586703
60,1.157104221699845,1.85697092348739,1.5457702400485624,0.7378482694735664,0.6385264727745932,1.0,13.923836690729273,6.141842433383951
60,3.803403054489917,2.8756221403158353,3.6114403314709014,2.3284706517280425,3.3080207989324197,1.0,43.334226843270216,19.008991258054063
60,-0.5975106029398765,0.4867915294857742,-1.1323275739293086,-0.5327965517909448,1.1413559715182484,0.0,-1.9805669278826312,0.8164468537447886
60,3.020937148032506,0.8506388545553224,1.3294613840858214,1.629995791271722,0.2347694315848149,1.0,14.49824583487743,7.3416269148390985
60,1.1304948904029672,1.1107008906354308,2.011357672381831,1.18553067394564,0.6239739454270936,0.0,6.446844825648062,4.860223441741763
60,2.3729570862493006,0.2857328457737426,0.907225307800201,1.3705897143341625,1.3374263211584938,1.0,11.083058402837404,5.430931432769845
60,1.0583783349903306,1.7031549792416887,0.8166534025409438,-0.23711404146865123,-0.23997280815944433,1.0,9.818940617336862,5.037796497891158
60,-0.024187149093520155,-0.07062428632490936,1.193443126014743,0.151409434311365,-1.1415070444209316,0.0,-0.10602217284515855,1.4244364245868346
60,1.3860077140405387,2.724538155208258,1.4107066967132704,2.910502643221962,2.652008410541143,1.0,30.927810241685407,10.477519401415185
60,3.3113172861203624,2.8450466819811258,2.63553986595554,2.192021292606757,3.214029892671887,1.0,35.76551311565314,16.645165124506498
60,1.4303581411346822,1.4914967287741192,2.0061529322743175,1.2048968370737656,1.444538894185981,1.0,15.500401492558584,6.500362485808086
60,-0.7653589203983746,1.1664895836980864,1.4490187854555456,0.5337827426377411,0.5649873878816789,1.0,4.621226974737352,1.7031533568296182
60,1.3500343211654338,0.04811711044430844,1.441232027726544,1.7809895933079645,1.7800313986309584,1.0,11.77800196916391,4.394364082060647
60,1.930355224943149,1.7644990170523274,2.995898530337777,2.8546926992579724,3.4103678856203694,0.0,20.21374938991099,9.894611203630031
60,0.0564161763984109,0.7484572592914438,0.7663186658316127,0.290831619053891,1.8726892544808842,0.0,2.6485011376286396,3.630050089920683
60,0.7151031963616237,1.4728356369639146,0.6359461670132593,0.8740818614717163,0.918221750276135,0.0,4.349192638117559,5.165833868948688
60,0.4187680544358179,2.2618240633221918,0.654667187256093,0.8993510357393971,1.573140383896117,0.0,5.225985264602877,5.644305644934817
60,1.2943534968180541,2.768534315979046,0.7671420627168282,0.06715731207776499,0.8117805376403785,0.0,4.18942511895972,8.15784318144415
60,0.7259505891715909,3.1843639719967283,0.9061087923997793,1.1058637207036948,1.2881177503072887,1.0,16.687807875560534,7.533706532076976
60,0.9812993658377752,0.6427457504906811,1.5475553716723627,0.9328357597683308,0.33343565937628883,0.0,4.773485028115131,3.8729008138672105
60,2.7388153679094467,3.2653284246987213,2.3798598007399216,1.4917551588898956,2.7052133287636897,1.0,32.025438209024585,15.509976587749284
60,0.5644158567883106,1.754951119902576,-0.9006479515649808,0.28544665356561816,0.28272641523081676,1.0,4.030877718717198,3.6050705668430414
60,1.1072855298203912,-1.2448954559662329,0.08552057102565502,1.2377763612234043,-0.2751525387191389,0.0,2.0683663080442187,1.0731578533840413
60,1.5985165303291502,2.423805942482054,2.017849717529451,1.760305523182882,2.4317113694983146,0.0,13.804261695783456,9.55827802299672
60,0.5873991039205286,0.44844809204296465,1.0464897058329856,0.819774408871574,0.2869796094144982,0.0,0.793108055946639,3.358576354216572
60,0.8805376350044947,0.31929478930280497,1.186685697947774,1.017138500696734,0.6901043181385911,1.0,7.807070043769029,3.702766269722693
60,1.5256379209276203,1.4757234626976548,1.7399404349514125,2.202351652665285,1.1140869099094464,0.0,13.675002423413886,7.111951132830274
60,1.3437701604553873,0.6373799377590199,0.6219942958091593,1.3546083795180524,0.7810796993723641,1.0,10.78812053955382,5.038626460650896
60,1.4135654750956506,0.4974925456942568,0.3223979702648647,0.3014326782186929,2.16371686979946,0.0,3.6424599453633952,5.001019424619416
61,0.4243622042984463,2.0888648253683706,1.3787120344612434,1.7970002339917182,1.9384791256672669,0.0,9.134082093386079,5.891049760834443
61,1.3609403226860937,1.9083792819514098,0.41852013742907823,1.0768726343651793,1.2557203209459127,0.0,5.78964904970121,7.5210980341705715
61,0.11317876143994077,0.4995089060253203,0.15273259550323415,1.2407418175902938,0.24754527866724296,0.0,3.49900386037043,3.171746511787441
61,0.1335778413940213,0.4488708162475826,-1.123387560760197,-0.004215541864412975,0.5545861868974328,0.0,-1.3377730166272066,1.4973058729773139
61,0.3148262294728317,2.6508124078255983,1.2448281894653657,1.328476328158616,0.27294889190656746,0.0,10.482836563613489,5.060717390924864
61,1.5041266929290669,2.542762493406668,2.089228042520444,2.469069472014026,0.9023614826353343,1.0,26.1898229146581,9.082892491677626
61,-0.5580722676838319,0.19961597955611277,0.5599624706001423,-0.8654722100876724,-0.14997271552265046,0.0,-1.1087827278066005,1.3289055315702123
61,1.182603411480874,0.9275392048381419,1.2080759380450077,0.6974532298459379,2.0711701265784628,0.0,5.685540192872023,5.495150913138486
61,-0.3294559610620056,0.5023788849882806,1.7835064793195483,0.9042316825381259,1.17417576095719,0.0,2.747276432679066,2.640796961006303
61,1.2496908725950902,0.5573717526352526,1.8773814622640699,1.613933188302544,2.0051674599840914,1.0,13.231507053582806,5.046509985854781
61,-1.2130350710331692,0.3752677488204471,-0.5462611805070503,1.2704497396185115,0.32398448093658416,0.0,1.7007463799091491,1.5044627106619033
61,1.2113357251337826,0.4424934323796892,1.973915255902916,-1.22200849348395,0.6452888790086503,0.0,4.986968448825761,2.669231334728056
61,2.0805108942748918,2.6295276255471274,1.7520386222686863,1.9256362960924567,2.0692437987724195,1.0,27.212545581736084,11.51898783069544
61,0.7547955968375913,0.8868549764958742,0.4648979953266009,-0.11284017981167094,-0.06928799583871914,0.0,1.8950353822767907,3.5254717299753913
61,0.37959980510883384,0.8066878795789068,1.2934940626080693,0.3307289729944899,0.5403026833130038,0.0,3.433005482101669,3.255387236081027
61,0.2872800022263027,-0.11590331122086517,1.1094362983980437,1.0495986368678092,0.5300062888206802,0.0,2.8762919824571673,2.8420786068916666
61,3.1061580144904775,2.9298376321042845,2.8387418732418803,3.1411107252956216,2.351476683611552,1.0,43.14117162534823,16.32971096140192
61,0.9403846669391702,0.8152308149280254,1.7021803880317972,0.4675891002543665,0.6923245538286714,0.0,6.0421886874378306,3.9444789199682586
61,1.1603477265611728,0.7723402373260568,2.2683302663549085,0.812286028765498,1.6090107449821924,0.0,9.271849903483867,4.565011157308527
61,-0.19136743295302128,-0.2547429060094295,0.2640217404353534,-0.2667591481236311,0.03408967707651289,0.0,-1.9328052935575624,1.8067187154932545
61,2.002355902575166,0.7425420240034677,0.5733938486461156,1.0636600069775395,0.7384662542902238,1.0,10.96153500305323,5.887107123508892
61,0.8084109189042243,-0.017485347548199304,1.2307056788324438,-0.2642463793655949,0.6830432179001094,0.0,1.0346166256287899,2.539651248042772
61,0.9884810761218163,0.5104263910142572,1.6910935277514016,0.47923842717459353,0.13429211294268373,1.0,6.425001504094208,3.2863053300993403
61,0.7522288106531488,0.35527532227410275,-0.42535847073326516,1.6144034596867516,1.0823674240544596,0.0,3.830446863619054,3.8675974755856735
61,1.803187126653845,1.7508474031638817,1.9377646872225298,2.436873262208307,1.3104384749520535,1.0,22.65838557992902,8.417873681174736
61,1.8171130339478125,1.1627211987705577,1.4792499039145128,0.6704994482024054,0.9313631758898419,1.0,13.112291517686378,6.234687830705402
61,1.4198214346534987,1.430063363513884,1.943940671310292,0.45996780221599354,1.8453142335952508,1.0,14.505055762328109,6.215443171190922
61,0.8163925605138788,0.8298946490696352,0.5696639825923935,0.194762437343863,-0.9570878587626974,1.0,3.9175036154012957,3.2464149562816464
61,3.352183872963567,3.6354072138020013,2.497794465100772,1.9513004192516143,3.8947253008867913,1.0,43.21698625560522,20.052437352882215
61,1.602814115422574,1.7127220688223548,2.130380902571264,1.833713007899219,1.7057411394362167,1.0,20.34092986058879,7.707026542981078
61,-1.1741879520769811,-0.2203165961343725,0.6376599760357169,0.23171217887469686,0.8006586901780879,0.0,1.0372334583679341,2.1999472534935225
61,1.6765778130702023,0.6777262607992012,2.257778514116918,0.24690731469214944,0.2712337249636181,0.0,4.187056896238246,4.067165814790551
61,2.477464598766412,1.3362608026550056,2.841480261054454,2.6800120054925225,2.8157398651704195,1.0,26.586927555682287,9.430714331039912
61,1.4203570333024849,2.087578389083874,2.4259935502524863,1.686710368179329,1.7159224386925875,0.0,13.76879559706703,7.878687214119068
61,-0.36924491842941687,-0.3190822477393713,0.2201838694698358,-0.979473409867591,-0.13755666855709547,1.0,-1.141456406268337,1.3010901180461514
61,1.294472588978008,1.0349177460203303,1.4233365138116345,1.229188717965387,2.493023555117007,0.0,7.96607925196374,6.224068204608153
61,2.3579050966279107,2.428762372771124,1.803728320415671,1.1341466714173862,1.525343563469103,1.0,21.246187510343084,11.120902866415413
61,-0.7081732651414412,1.223004558355178,1.087119456631093,0.24426866481412357,-0.0027383723317404574,0.0,0.6191447850415173,1.520678801671032
61,0.5007531397275906,1.6531752942861724,0.3089150181583853,1.722075680769172,0.4578402296756211,0.0,6.8614180235766185,5.101876392807673
61,0.9188156108574034,-0.43496835288873803,0.9651483117670672,2.3100012092059474,1.1886389880712445,1.0,10.696338814566792,3.643457121166372
61,1.6885997426176629,2.1005356389467935,1.3774131227598445,1.8360101158790685,0.8646731792809565,0.0,8.574042139838058,8.672759967511228
61,0.5712162559107623,-0.09539753765845616,-0.20949578723465767,-0.5375534905553796,0.836926453295316,1.0,2.549770836232177,2.2064912211340344
61,0.13560894748963703,-0.38042527666944137,0.2809401365999342,1.0763927520270382,1.1633177868861067,1.0,6.039086191259153,3.0471233033705967
61,0.6912949455854149,1.8816352846122273,1.5166409135549244,2.2647853871594887,0.7271195133759298,1.0,18.266417661252486,5.895631929707787
61,2.6820021255979523,2.1429587780025425,1.72551643459426,2.696454748469725,2.686838368704299,1.0,29.117771615902765,12.560201668829887
61,1.8371528367010599,-0.05785291760559641,1.0622880482425052,0.3005333424914681,0.3835422847543314,1.0,5.597823847269894,3.143421958112806
61,2.3427605732266734,1.255511444545136,2.489225424918973,2.679001876883637,1.3565574500331856,1.0,23.21120127890453,8.208242141577642
61,1.1736220093862737,1.1764293708355924,0.8055630244976723,-0.019850565042778934,0.280982069504648,0.0,5.080150315298635,4.781761636567462
61,1.613443191849522,0.769427268116051,0.31995642945649316,1.3568158618525659,1.7293658722500262,1.0,12.130211781129042,6.085180622144989
61,0.8005643226566739,0.9360965219059245,1.9662342204338756,2.4022741270625634,2.4543373301153864,1.0,17.88453372093715,5.64394641286208
62,0.2307913881907968,1.0939620465871989,0.462898219746399,0.5049811779028544,1.1318046017870234,1.0,7.717108242125884,3.8594578133503794
62,1.9345839093619361,0.8874311099077679,2.024658539908474,1.1228033704312221,1.7733479455564334,1.0,15.470099619005888,6.149782383524684
62,0.5780298653071545,1.9709286053000485,0.620143352355176,1.9308473068339462,1.4178287288800024,0.0,8.595069884495189,6.211939681131326
62,0.4416226978517789,-0.1940823068029578,0.11369075922305527,-0.2657181640310309,0.19588242799638877,0.0,0.1167648612874368,2.0535307191032133
62,1.7587966331232714,1.730597290789699,3.179277132827714,1.0740262408936363,1.680615870860793,0.0,12.347259661755183,7.756135248541565
62,-0.2750016951910925,0.04553681885887706,1.1236873937844094,0.24269365969252976,0.18942087947005093,0.0,0.026762738764516902,2.083006292993789
62,1.3510952994818615,1.7351586743803207,1.2130235312012212,0.7138555009654901,0.6415434063969958,0.0,6.0933300256901965,6.521891862775043
62,0.4940966196715125,1.9847370650648828,1.2838398364625845,1.624129365491573,0.7943961639120549,1.0,14.33588847656709,5.354285880815063
62,2.4291716452916137,2.2006150596423,3.111736508311203,2.2669938114935926,3.5205339900188153,1.0,30.91269597590567,12.110642874062687
62,2.999483662732027,2.6481168172187792,2.983880593425357,1.9105652040375647,2.0384431940278036,1.0,30.497476752243074,14.24563865634812
62,0.2091150253806966,0.5412438981924894,0.8579232589058434,1.1041951548631412,0.6582421184748731,1.0,4.291333445454207,3.45255186230909
62,0.6958693249070874,1.7588438621647562,0.7164426264194561,2.535781245669402,2.1835609594717136,1.0,19.507915986362047,6.92332114509207
62,-0.2341928332147678,0.7993082616438868,0.25335820424108924,0.6626214574461832,0.7813315592732522,1.0,5.173572458474188,2.9120971850684167
62,1.5775253203660808,0.555020864696711,1.3751737717812034,1.2420314134381107,0.013541511504874149,0.0,6.84949063083832,4.451583161802842
62,0.8392613289032305,0.8061821207090403,0.7512733485262019,1.666731292645142,1.3265653459998812,1.0,12.007358522483603,5.102424508567829
62,0.8242472936577052,1.7490830490392948,1.7705509498492895,0.8173753864860973,1.0035836111774756,0.0,6.524718653461671,5.325668275584951
62,1.5492410824249083,1.2914907840676655,1.5899607131806686,2.5597693958919834,1.4197602446104247,1.0,21.34792299779159,7.186778477027162
62,0.2567609657274419,-0.3675165800623461,-1.1497733780449177,-0.15961257977974785,-0.9515881382306179,1.0,-0.6625001873291924,0.1284655155288596
62,1.5706271142708585,0.48942422360893156,1.5001920157396373,1.6592546714241525,0.32158635016056103,1.0,11.679810719536864,4.6097908092104225
62,-0.5919241013460494,-0.6008021578218352,-0.33345534205792693,-0.4898965956675734,0.2961422045815074,0.0,-1.5727528354590259,1.4405782998733299
62,0.20647167068381722,-0.12510046353354998,0.3074902315750693,-1.135872160553928,-0.4053830696125589,0.0,1.370800617968998,1.3510695988425065
62,1.9569042265544696,1.913190949270609,0.48676492618289935,1.7011686978266116,2.2648049072666225,1.0,17.94550339010702,9.789199056714306
62,0.27305225050910364,0.7501083886986076,-0.055358639314975644,1.7964569179853551,0.6218159544248455,0.0,4.7140047405533325,3.8963243216165107
62,0.36173078891151256,-0.21188655568726555,-0.832390705805734,-1.1533818968267053,0.2613565237004388,0.0,2.3938776157495507,0.8091778425196684
62,0.4677231430149599,0.37338694828118113,0.9123750725963,0.7321951919904073,1.5263181824117713,0.0,3.9988973860111834,3.7925098776532526
62,0.8869233876949061,1.596428068648477,1.1442143667248788,0.31202302618160593,0.6052460130382671,0.0,4.39562810378652,5.102088314104668
62,-0.268376493971187,-0.7386295411672221,0.06059068594581851,0.10483079617071867,-0.6179726308890099,1.0,0.7541098196771139,1.4666171605469327
62,1.072887141549066,0.4040426182467928,0.09213301129487139,0.2720446166093021,0.7462067430034257,1.0,6.354057353206741,3.7229079506425595
62,1.442640308824955,0.5652950814775408,2.6084853733059052,2.397120499231262,0.8147862233355095,1.0,17.225914426889105,4.868449140029082
62,1.846327513927223,2.401986774810392,1.1267536050763751,2.3999437853299597,1.6459283587114888,1.0,25.658643285426066,10.57491792296387
62,1.6802828622630988,2.1994202149231143,2.0980087469132607,1.8459143238680222,1.9494407647710381,1.0,21.349004711355843,9.079055313879172
62,2.240263891150315,2.2507575946172826,2.1062191349447907,2.5582510346391345,2.1404557044352424,1.0,29.169504829506984,11.180059924412712
62,0.8081125245430134,0.6386853878359294,0.9090966820568903,1.1276526520376675,0.9440690847035148,0.0,3.6971412523819263,4.344396498624245
62,0.5870646226304335,0.5506913354473302,1.284206449239471,1.328754542243916,0.36112179502388353,0.0,4.435951484041476,3.661893613155371
62,2.2689793464074657,1.2920434093449882,2.159846232947527,2.4166535899794326,1.6020514955403637,1.0,22.146976610846224,8.245835547278237
62,0.5171252510344087,0.8977225376491459,1.8364884679761875,1.2281666375635618,1.373535750451258,1.0,10.529539567179762,4.128177129353584
62,0.5368537874279019,2.380718661240289,1.656451803936966,1.8099471172969945,1.3467979191736505,1.0,17.55379832192143,6.057931699451313
62,0.8642773758307832,0.5233915763243702,0.15780329064965604,-0.7125438325481401,0.9967813199393316,0.0,3.5108674148264245,3.3547852401564198
62,3.0775087665297653,0.8632090298706673,0.13715380017568746,1.7137455736584344,1.6836137032754728,1.0,15.856370159677324,8.384757945999812
62,1.4296352596370594,1.206365508381431,0.341836334313978,1.634297826065441,2.3154037719911624,1.0,14.38190998585265,7.130572699526338
62,0.4457674881486352,0.5140133477526962,1.0741244086684165,0.779316277549494,1.5246106003187425,0.0,5.4508252129611385,3.8745487224135564
62,1.1643909656286753,1.2605629297743113,0.684564338668514,1.5285424923551911,2.29914903081898,0.0,8.538892065076771,6.711087570415596
62,1.2020327162213533,1.3722472434335955,1.637400378973362,1.250240080576472,1.2241230355887187,1.0,15.528541150062962,5.925952989352076
62,1.6328329430287336,1.4870313888659838,1.0499370630444362,1.8343335373651835,0.7981047214955671,0.0,9.606060170352361,7.326819305841343
62,0.7895117355098729,2.695049263171266,1.6936166217373874,2.134613589333812,1.403636257192354,1.0,22.166497292147106,7.3634750138706675
62,1.7944394154353849,0.12694489340518578,0.5121089119604918,1.8160791240452578,2.0003893484483672,1.0,12.180205860358368,5.224488811766855
62,0.30892298315689803,-0.5334332953761423,0.8526371279423888,0.22933018854174125,-0.00467097609034739,0.0,0.4070697342063473,1.9196028398903433
62,0.35093574399088956,0.06533253333675892,-0.288827940960384,0.15585124434289532,-0.06436688911142086,0.0,0.34724048622531556,2.0909682371385507
62,1.141257727206847,0.09464402966782248,0.1886019667268629,0.533571936104252,-0.7540413714537455,1.0,4.480510774087271,2.6922976807067576
62,2.75606853030577,2.719044854529034,0.6558762012262578,3.045155041603279,2.252434616053454,1.0,31.340550485172447,15.000677455587399
63,1.6224412574248184,2.3367706934312977,1.5942623777527287,1.2371949860374143,0.6817126557215667,1.0,18.012481698775407,8.504000269949449
63,-0.3374806214990276,-0.5561315563599454,0.35375047463073883,-1.5660883717606118,-0.0862068572746808,0.0,1.8916966471208283,1.0296852368495806
63,0.407996157476999,0.3323846722932088,0.2735738490015224,0.7696478829415284,-0.28822540756614057,1.0,5.448095106880843,2.846111731864325
63,-0.9381009393650139,-1.8120066890256,-0.9346793050031765,-1.1881307633743097,-2.147314295472155,0.0,-1.7225920267274826,-0.21619439227679438
63,1.7561330470855052,1.787386587856011,1.4892581987989444,1.684274282490819,2.8598498851580905,1.0,21.10349107667502,9.008787462988941
63,0.7741618694021399,0.6372077137895337,0.44968054231092425,1.0338162186348923,1.1605619600601045,0.0,6.869217965153343,4.4216020764914745
63,0.9960149904676147,1.3236855853996654,2.428401902638323,0.6689232255364199,2.232984101844326,0.0,8.194588347199012,5.387137408769384
63,-0.7625118578429333,-0.876623177629668,-0.7307144138623995,0.3800291526366929,0.6869080513250398,1.0,2.505995423365392,1.7616772364259585
63,1.329992165693286,0.7214697078926089,0.6111593206127225,0.32077304218029445,-0.4053421136700095,0.0,3.122426521835248,4.067558450762682
63,0.443334347397095,-0.6523754641445221,0.011954730670095115,-0.7255987664793793,-0.046289574016337154,1.0,1.7680772986313082,1.2262207291174219
63,0.9502406825539995,1.4492445548275628,1.8371012529897688,0.30914148090895766,1.577395150619135,1.0,11.723905000712314,5.1755242766334995
63,0.794115243391802,0.874958944616081,1.4430576429769173,0.5941309193940311,0.20410210081394464,1.0,7.20552442567823,3.777392238987697
63,0.1035308594659472,0.25553390384847274,0.9547152432985614,0.500109027840179,0.25780975702713915,0.0,1.1756194392434267,2.640146225677698
63,2.254820944578679,3.2771697447495747,2.2674164793971574,2.5343849962924754,2.4208404427388928,1.0,35.475929257797496,14.12511832056081
63,0.23642410483743137,2.012609909262326,2.076153039333928,0.9616895330806703,1.273761077439079,1.0,11.22535855056186,4.272028732915556
63,1.5726250091628209,1.2868060668778545,1.5526375818981744,0.06006406178837198,1.186040619509895,1.0,12.017461241626702,5.870907819302154
63,3.171058977128461,3.0863772593980903,2.671287707485109,3.588239585836479,1.6270177505469103,1.0,46.53625276064695,16.967644814582513
63,1.1109564565242667,2.687867631452903,0.7091157874007502,1.8358104612982895,0.420793433327728,0.0,8.572118741735808,8.127313723539777
63,2.149094131746244,2.083837214326463,1.1371190819443087,2.069117744500411,2.3391862089431235,1.0,25.669896762221775,10.787749985585005
63,-0.10514776835682538,-0.9427726925510422,-0.03630841462579637,0.3189287776486538,-0.2920600181273616,0.0,-0.8473265750858143,1.5697913086070376
63,-0.649418292235505,-0.652530422239149,0.6346665217499148,-0.5678303881184574,0.2955272327291123,0.0,-1.2001436325015482,1.7592419818893898
63,0.4525827253720828,1.4045197802727094,0.6541632288909379,0.9651387337990753,2.562778411033689,1.0,11.351720121915667,5.448810206936413
63,-0.08038956839428746,-0.3879966147158156,0.7302255240873313,1.175128162974127,1.4184037977586108,1.0,5.775804278409356,3.203900519480574
63,0.6419283963380642,1.1384359728200104,0.07901396505684366,0.6637433123056331,0.643222264111466,0.0,2.0339133004478382,4.310846354074877
63,1.3054871055538364,1.8044707144826422,1.1709650132132632,1.0841152230966031,1.072327050831285,1.0,15.135952118840029,6.963658769984164
63,0.28375200427723,1.5858927492533248,0.7116643602945099,1.2496929848323315,2.0170012751474844,1.0,8.392189519992904,5.1312778729490205
63,-1.1834315312155477,0.5382393534738469,-1.122458658630546,-0.5990690675940855,0.25774684393791647,0.0,-1.5877389398332507,-0.2579878603204178
63,0.9765655082249775,1.3434999508117005,1.1632372887340758,1.5630626031704815,2.020935469137515,1.0,14.800886931426158,6.242035607973999
63,0.9522378244872494,0.07635095694509064,1.5252819712433254,0.9804515778504759,1.8511494486953588,0.0,5.5736306232622725,3.81093880166849
63,1.0236716481351353,1.2369749255703208,0.6966373362790289,0.5158123490670836,0.11927051767968544,0.0,1.5476451298665292,4.829443695548021
63,1.6285979937033748,1.7678671302885376,1.992042798924897,2.188141645925783,2.100248338399632,1.0,23.700367302537693,8.3086955392292
63,0.40476044346071904,0.4825201069303007,-0.22234773351194925,-0.5910566573211902,-0.2835772421390286,0.0,-0.6334133135090886,2.0658369264708756
63,0.8420109840795555,-1.288946613133851,-0.47538051664668024,-0.022054350550145374,0.3683782961705646,1.0,0.6071398677360005,0.5158153261622836
63,-0.4033395833750748,0.6758636809562659,1.1267995977827874,1.1567242130916529,1.7376878173286001,0.0,2.2254694254105036,3.3038173881164954
63,-0.5005893319611607,1.3888844223629806,-0.08986566396595319,0.7686787193938942,1.4318128229624685,1.0,4.148183827195597,2.8001645571874048
63,-0.2982185082572053,-0.21554011519500138,-1.0141861298610038,-0.5189611024705316,-0.7881021847420779,1.0,-1.560317456081194,0.17508515494330357
63,0.1899260615477879,1.3937197877755652,0.7507293289426141,0.8846936508604257,0.30002468330009024,1.0,6.685347354480629,3.7554420018482535
63,1.1041273553467281,0.9872299793712266,0.9349102303395228,2.082943046054208,1.2873765841101559,1.0,14.697808692136512,5.8822118764204365
63,0.5476336053441744,1.3855591762147332,0.19296467260107486,1.6611237562464531,0.8738674834515173,1.0,10.600567781263235,5.070793129609498
63,-0.9565177149559849,0.4738499247604151,-0.43666107543498267,0.34406775727925676,-0.28322992964545435,1.0,-1.233157839858802,1.0236774307884628
63,1.0423807700069794,0.8428784586941744,2.0609558296957218,3.244142315646051,1.6555572365190998,1.0,22.968259812971713,5.830790985242578
63,-0.2902647933164,-0.11011671625477581,0.20782064781335108,1.2805332287379074,0.8511057724290156,0.0,1.3301874228100727,2.9799849748768628
63,1.1991641376505395,1.1352622842165982,2.746963362021872,2.3274898395089685,1.7849448041324603,1.0,17.618396656676985,6.035138879246105
63,0.27811813856374124,0.6245498972736716,0.567576272601702,-1.3872355433021397,-0.08228665139121616,1.0,4.9515290874170645,2.0172661337527646
63,0.7457101466044374,1.9512344856289516,2.691302433005867,1.4156426838314422,1.232721822384051,0.0,14.713445898914786,5.573040311583646
63,0.8072356890454829,1.0821298865463618,2.212295015864477,1.0088755864339547,0.9539018654165868,1.0,13.379302273290218,4.307356023869838
63,0.2400739368588688,0.008166388821294612,0.8652051057259214,0.8298437519168066,0.6721397445037671,1.0,3.348553004407322,2.958158998075098
63,-0.4053136531178829,0.46061507149277214,0.777293520860415,0.16180151166665402,1.3417736936094504,1.0,4.366255830125102,2.6942058379840303
63,-1.300528663613123,-0.8728336001725996,-0.19048386071028767,0.17050043371577905,-0.022969030307113725,1.0,-0.7428606900975298,2.0089004938132016
63,1.5482157365647713,2.221268980151745,2.184867930893584,0.17471793746433173,0.34833000946273407,0.0,9.774334053378956,7.101503902854495
64,1.0652906684698085,0.5820347919969393,-0.4909265394212394,-0.08878691517535797,1.4196875368317192,0.0,1.531486842503627,3.74558243049405
64,-0.14539656739605644,1.5224496152744682,1.3514847606889078,0.007484420858543173,-0.19508119310329497,0.0,4.614786620317376,2.2666693006056637
64,-0.6166927905569835,-0.9920461014397741,-0.8893758965813638,-1.2117365057168819,-1.649786234123452,0.0,-1.0383717214149883,-0.43813420845437223
64,1.7056516220601217,2.0425458736542543,1.1662807819339358,1.4842714041785747,2.3667088149362816,0.0,10.763202396289662,9.260174381183292
64,0.406833737861084,1.037362201871335,1.2885583141435029,0.31705591022252666,0.006356845120863319,0.0,3.994426793946963,3.228623255619956
64,0.32961721190191373,0.29253488758730484,1.6710487718751366,1.2510542248665089,0.24673041380337968,0.0,4.612602082168468,2.891832691678304
64,-0.40027286423151964,-1.672555472011486,-0.7714896247739047,-1.3491625156943639,-1.722093104886635,0.0,1.5149594005018179,-0.5714353282490809
64,-0.3790464900257211,0.7280029390032041,1.5523351274504225,0.6405278060898303,0.46436007791908696,0.0,3.528647013030173,2.245602922178194
64,2.6455554196617515,1.158168598058954,1.7958961651096481,0.9400850437047525,1.674640542622372,1.0,16.317113715837678,7.947968413235122
64,1.972729667132682,2.1749313674215633,1.1909822483029462,2.055866824974487,1.4474844503929691,1.0,23.207748791379768,10.082296715875984
64,1.481379636620158,1.6712184614195091,1.5365784217529,2.859130833074024,2.4438890795124486,1.0,22.75176642618476,8.506018441288246
64,2.2746706602711515,1.5150012431459379,2.077473936241332,3.127284965661539,1.5082401433252617,1.0,27.890701349676515,9.212189392587387
64,1.1322171937975378,-0.2897773333847633,-0.23576066226637815,-0.0930219705609816,0.39313386637413017,0.0,2.8995808244144388,2.0976416128735655
64,1.9485842264485849,1.5173489092558743,0.7671420843932784,1.407975787455674,0.4783959537704482,1.0,13.861172698184303,7.736302862091543
64,1.186435891339655,0.9935372231804651,1.0963931676046808,-0.6927074458579943,-1.2053574615189189,0.0,2.8437308324041513,3.324726507903234
64,1.2647120024451963,1.4742825959556378,0.9373983804691401,1.636292833299731,1.0551206785169482,1.0,16.35342823882247,6.640333125065231
64,1.4871112001845057,0.5677435682008592,0.08600065779772215,0.554767039861071,1.3908257956650005,0.0,2.4871635042812223,4.883826172096522
64,3.3091852823633814,2.9068571512204864,2.3035020846039886,2.52312860928186,3.385840050479963,1.0,36.920120934801076,17.164702038841256
64,0.9278487579744097,0.9103188990029634,0.9770920833297841,0.47399748024627697,1.4730641288222222,1.0,10.869991376228711,4.785234139915326
64,1.9677281154025468,0.7499625438454318,1.0516152807780068,2.598648134176349,0.4092728525068956,1.0,17.542996800915247,6.360505113702276
64,3.1693055196941224,1.7907069062516798,2.934132917363886,2.211075581496305,3.2132633461440085,0.0,17.60154839286632,12.355982115912004
64,1.3105812314545646,3.341133660474926,1.970115624155003,2.235770188561901,2.6767143561113667,0.0,18.567256267106924,10.757193314091133
64,0.6558642766199965,-0.4926118838649891,0.462392062298949,-0.048959200025126215,0.5245178399981524,0.0,0.3214210226828218,2.1225029940689035
64,0.9916760163147759,0.5860199632727475,1.086566108640578,1.4223659344009694,1.6242081185201775,0.0,7.0390983866418795,4.902087227905492
64,1.1138730858350265,1.2786464013733305,1.9387868955287917,2.1264493806577196,2.665638404075252,1.0,18.185791015558948,6.626205641085079
64,3.0544582303662335,1.9051708494683572,1.0825517877042456,1.1783071064572255,0.6088395361290262,1.0,20.36300211258929,11.203004799449054
64,-0.005625399986341151,1.0049406070958935,-0.7379840480502886,0.6360763820381528,0.7056755947468236,0.0,1.0289510983165582,2.535714764293063
64,0.6963836214698298,1.6853873458121413,1.8407185203831884,0.04164059087375305,0.7348654641330834,0.0,5.971888530118138,4.406517466465703
64,0.13697893543088535,1.2438442461665946,-0.5863276487738436,1.1455030676092384,0.5098432390551397,0.0,2.2274829630951127,3.2282796049235594
64,2.272786084749624,0.8446219674493096,2.24459942247578,2.4927442035317693,1.5226997260287702,1.0,20.42997437999167,6.984408318788864
64,1.2496739690553804,-0.00753260957036983,1.2033809844680028,-0.02434034701501986,1.5294591458270421,0.0,3.0483961753148927,3.3251117450265077
64,1.4689296894165098,1.7087954856314438,1.3778778569492036,1.8154983212686449,0.7674708820998045,0.0,9.359206528161344,7.27111057602527
64,2.372634112269117,1.5468017854773188,2.1944662779932553,3.3049704964690485,1.912057629406597,0.0,21.116535194272153,9.751441696743907
64,1.3388213616938958,1.078991657788608,0.8625972592746125,1.3061143898720369,1.6462469356450917,1.0,12.830653888675123,6.211429838835196
64,0.8422970996484551,1.2049804196217235,1.4721135387214181,1.4663031803254427,1.111039171637988,1.0,11.892121171687243,5.161840916622621
64,2.5600280796995487,1.7254789501932426,1.059087762415983,1.0118572074384382,1.7104662512597137,1.0,17.052826950633744,9.940401362722298
64,2.079253940414601,2.504718151406909,2.5933290829613496,3.1273132706517384,2.858424173167794,1.0,35.31482061656451,11.936033549442218
64,1.4984851043379022,0.22790229008039808,1.1812609585004878,1.180463244824896,0.7406654430934458,1.0,8.045182167362716,4.135655339375127
64,0.4414145063587732,1.455536252813807,-0.1325923417210526,1.094405003123076,0.8481480777810044,0.0,3.761751218225255,4.487173072032805
64,1.1712469510372048,0.38885184683498764,0.7127440478057074,2.036709088111136,2.3197006272325726,1.0,15.327201582174686,5.526638180573418
64,1.8340439996858797,1.1273676593642168,-0.20347766571611414,0.3308384835022248,1.4314534792279308,0.0,5.140416309102365,6.307124616307814
64,0.23337635684081404,0.2776098171940712,0.3677115184144627,0.4168651222007538,-0.3415016847139498,0.0,-0.6936523567061204,2.4749705865018052
64,1.6666152158595207,2.6472641972229143,1.0923801114747749,2.749026832042457,2.090260571408605,1.0,27.539231664183227,10.99511804349764
64,-0.3550783553562864,-0.6084040302168732,-1.3546994001615014,-0.5722759973616776,-0.42282374065021866,0.0,-0.5360921926609146,-0.22619068827378752
64,1.8058040742455574,0.2775606660076424,1.462712257456762,0.07606406635659813,1.9004806384507642,1.0,8.919336021946474,4.3704047823367045
64,2.1411000961015816,1.4175191978925974,2.2486139696419416,2.722753940561441,-0.17284086003063148,1.0,24.194713847646884,7.586529076306631
64,2.318558972291145,0.21601436956797704,2.8580196958275597,2.4749747430489433,1.4689283792399457,0.0,12.001591695776137,5.209028235764854
64,-1.097547541811374,0.17707210950187802,0.10848290015130668,-0.6544493837974863,0.7958812380567778,1.0,-0.5983377966010928,1.464496101239353
64,1.6509804882625403,0.7903231023950201,0.8268292808858482,-0.012052414339937645,0.24785036415702044,1.0,8.001227194291895,4.733985568996365
64,0.9577535160582323,1.1214144906861352,1.3150197870270952,0.5305378516674663,0.26217842453571194,0.0,3.999709456020125,4.420487467936667
65,0.9255966101217463,0.1679423521024901,-0.4281347823307404,0.1698201253701802,-0.09165501679766441,1.0,3.2483500315001392,2.436973238883203
65,1.0922480457948935,1.2294070150163867,1.2799803969550034,0.3567581551131118,1.2177362252688388,0.0,4.8641728357042,5.21761631831718
65,-0.5508451989285803,0.4832241081804318,0.7593382539411626,-0.72009613681395,-0.28793339018231046,0.0,0.28257129715970175,1.3009538811537413
65,1.529880438027186,1.3687925846482714,0.969661950028658,1.5227858525632927,0.5085453734081644,0.0,7.366590931079363,6.609500449754057
65,1.9431021583173678,1.2142003251484594,0.5602787765107995,-0.24101414709135915,0.9573978714227311,1.0,10.81778433293583,6.423404760437329
65,1.2718358229706204,1.6937272614481107,0.9600676188385725,0.8724532152352973,1.631420024650202,1.0,15.156701420474025,6.942359569001962
65,0.7838728893993238,1.6681905999014552,0.7924775169523064,0.9547414989066753,1.5275830697881272,1.0,10.888092801157894,5.873165418133671
65,1.137912629430894,1.4520429508268198,0.9182920360632697,2.0876728260676343,0.6932160898637987,0.0,10.462280044387036,6.404044409574839
65,1.044085638770036,0.3516458961494896,1.2151584540325595,1.2108701536504478,1.8496702743305602,1.0,11.62618028334202,4.551052032205722
65,1.7441906372271103,0.9087182453704377,1.6691197834820701,-0.1464756293400733,0.5173542075361988,0.0,4.461172713518412,4.8332663680473855
65,1.1213738815130316,1.501157929104562,2.218934192134914,0.5655457821398704,0.8940833930625527,0.0,8.30632729082345,5.230203940597671
65,0.9329820831471637,-0.1481784664962842,0.4849458459341164,1.3289760124500531,1.2523253005680535,0.0,5.279133836078707,3.671977728341798
65,-0.3269345781037216,1.530416340463423,0.8062011311849614,0.20240082724043806,0.2266273642970127,1.0,5.968758332929025,2.411254445032938
65,-0.7762156223815779,-0.5943556561987693,0.9120774640756952,-1.0670803750108218,-0.4984413111061976,0.0,-0.6594871497488033,1.0614446558743043
65,1.8723192615583326,1.0288452089600288,1.6249142809075234,1.0985576280893028,1.1671270569656644,0.0,7.049837901162337,6.268116878510615
65,1.006870759266361,0.295670744717188,1.4831490491854378,1.0798920038039888,1.7796598369555385,1.0,9.795058198936722,4.207858526502985
65,-0.1510735202671265,0.42548948741297277,-0.8719538445486745,-0.7964572103526282,-0.5245897379473459,1.0,-0.7550022861050685,0.6197593298966029
65,1.6767938230942758,0.5428829100606303,0.6985328668886119,0.7323018950319683,-0.0995282435014917,0.0,4.101492536285372,4.451580852931972
65,1.8412842415125246,1.8120796605443004,2.9358616781079023,2.6484579767752563,2.368304346112458,1.0,27.803894387222474,9.160635754490302
65,1.0944792179720717,0.2607743373741701,0.04540756309808214,-0.5295266881758771,0.23448189159597643,0.0,1.7202275788979773,2.8371895074970923
65,2.119964495994758,2.364436550011168,1.1967742953904204,1.3735083799833725,0.9064904884149951,1.0,21.28185421770027,10.358470990796704
65,0.012397990642792789,-0.48275008984456313,0.7377663640845975,0.6350706134490104,-0.10394303089930501,0.0,0.8643227548478826,2.1332586216366884
65,2.6323259591209083,2.5369190421029737,0.9539350089170945,1.837390219652641,2.3217452753196923,1.0,23.98475156341833,13.397633400261519
65,-0.17209593868054895,-1.3462877227928742,-0.31962418165888384,-0.08036752627499344,-1.2026539970513617,0.0,-0.42623228844653327,0.620529537086715
65,-1.1780433762898648,0.812185441735026,-0.5388978862320244,-0.08239538873011232,-0.1835253601430178,1.0,-1.3158446508879453,0.3161468319092112
65,0.8798520887438327,1.5485409360511881,0.6106477353753987,1.0872938025384282,0.7488754741472541,1.0,11.424332350452351,5.6193687749239105
65,-1.106020072560785,-1.074665344201398,-0.9276005347052865,-1.0709212916795772,-0.29247594681379785,0.0,-1.1455911702092587,0.5525155656671379
65,0.637800314314383,0.32124513278105227,0.6565564921360372,0.8097426664904447,0.9924022029296807,1.0,8.439792349015702,3.705862467252552
65,2.0541969670029543,1.6894161367642546,2.9715664750613433,2.5292838263529425,1.8748444057277844,1.0,26.69362374329626,9.044467071974715
65,-0.3154127921443537,1.3512523973459305,0.6859550317972947,1.5320096416775435,1.1676137169842837,1.0,7.592771981385169,3.558321177463963
65,0.6085795691228943,1.2679733949851857,2.4375718302140754,1.324306527641793,0.8265290416911404,1.0,13.012508069487744,4.241897158080178
65,3.095846988572039,3.105265595281229,1.2536678191373782,3.1138510032956384,2.3832398853360925,1.0,38.68237225894335,17.401202332933224
65,-0.9811663435814828,1.0794305538878295,0.7033763887061064,-1.0046768206185201,0.3219728874573943,1.0,1.1265243958888813,0.7630301057145844
65,1.5756725538029785,1.6472146850029639,2.2983333995759407,1.6663198992989585,1.4555596485119409,1.0,18.966776504374526,7.251988758554062
65,0.30329601871011047,2.5908813543024896,1.0422915592874353,1.512605431262644,1.9340646010808469,1.0,14.608969149920298,5.981616161435456
65,0.8434003055163339,0.8742842980174252,1.2777850890479727,0.12174543979618024,0.6530633053491002,1.0,7.2076567471196755,3.911347287349873
65,-0.4313546284614669,0.551028287318302,-0.20931499610502513,-0.9018230008960173,0.8849075315424243,0.0,-1.3254285415372482,1.687206475646607
65,0.9049552227175653,0.4833021329980135,1.717283685982002,0.854740942764447,1.1200641973602505,1.0,10.439074823965855,3.8315758602762995
65,1.8180174588192202,0.5950608107237684,1.2043421120213706,2.2350465825586205,1.4326591733849234,1.0,15.183533163221263,6.082701344853279
65,0.03161267036160331,1.7188853943106437,2.5545437129343025,1.025999600584734,0.24352561124835181,0.0,9.0667548082209,3.009043139192081
65,1.4711919572964214,1.6482601443587108,0.39023080787026665,1.4754928872310098,1.9083368299995311,0.0,7.734840584907378,7.796484666034437
65,0.9020817294677385,1.8411422270195827,2.4497479137523124,1.4201506747516885,1.0426569581619076,0.0,10.880885709406586,5.718680058057308
65,1.3978941062634265,1.5761634212106448,0.9569524660659865,1.53121649031415,1.3467101053054562,1.0,16.630922253195635,7.183791684638337
65,-0.37601831295437704,-0.12148445541661235,-0.7465725053807521,-0.07228353652870068,-0.05851908629751046,0.0,0.5260389603411013,1.0922623113351024
65,2.321202301778669,2.1218432624402044,2.6097220357849498,2.9297396176883677,2.598241739512424,1.0,32.82794387611375,11.353742041566344
65,0.9991568120961233,2.5727339006465986,0.9438172374790407,1.076881360275203,1.6141807159253354,1.0,16.00123251986196,7.760650710238415
65,0.5466782142897756,1.357695644297029,1.756817623668198,0.5543495437784856,0.20434101426781903,0.0,5.725626034612056,3.767213343383469
65,0.5098004013278058,-0.07606175498509371,0.4793245524712403,0.02373823766687788,0.9239972394126773,0.0,0.8145805450788701,2.778929652751618
65,2.1981710136664243,1.3642211248387628,2.057873116907783,2.077210634839112,1.4407889364123132,1.0,20.2590985491569,8.099879109260083
65,2.998393649477817,2.5577313567944904,2.435394823161759,2.961603584806006,1.9929501840270558,1.0,35.017541850817416,14.38128748548737
66,2.692394520403568,3.5674239814552706,2.4373566990526783,1.3779614647104157,2.33888190191595,0.0,16.338642861209696,16.0498156066755
66,-0.617800850791544,-0.18085825246225973,-0.635459924665722,-0.2973201980559128,1.2380657921798266,0.0,-1.5020354462118173,1.6698464597104397
66,1.2741814041403259,0.7938953922412307,1.0698106725366903,0.7304486412703571,0.6885406943477945,1.0,8.915326987634574,4.770295446463496
66,1.2522512594818087,0.2414757140888063,1.537560403396669,1.0508773075442692,0.23963908546883617,1.0,7.465146724097265,3.496519956947478
66,1.6341238035952397,1.5445520517646636,1.9040329585375502,1.794473482814423,0.5745187302876443,1.0,18.677945296739512,6.922736470753632
66,1.2987941040810793,2.058815635843918,1.592048825773762,2.3579634802824567,2.053821096100217,1.0,22.936916361209825,8.333448281097883
66,0.3925617534791658,-0.051953913805931284,1.3018061569517358,0.670765120887296,0.8871836739996571,0.0,3.3054479016639906,2.845544332190403
66,0.8138391327412123,0.29033573965715886,0.3228690053977892,1.5589484602555599,-0.17530895904023147,0.0,6.199353822478145,3.589957295565476
66,0.841697461963469,1.113317812225027,0.9606733398308497,0.8541331876092323,0.9759713357711679,1.0,9.011817645927794,4.882941607397392
66,2.9833268436935443,2.0389475776295765,2.6989314558546176,2.0522455383817775,2.139090517164004,1.0,29.137779629908884,12.135503055881589
66,-2.9684725248796795,-0.8697346372256807,-1.22681759194931,-0.6708420225060594,-1.8269388731264886,0.0,-2.1470665906416135,0.13761596317786084
66,0.2967291301580738,0.9770817572348595,0.5659210445309827,0.9247485601789512,1.3105537671038152,0.0,5.012075598279262,4.171540849962947
66,-0.5418446396716894,-1.9546289187229857,1.181537697585253,1.2787098181497003,0.10075244938645234,0.0,-1.5851553986677904,2.4708710156643483
66,0.5418076497206609,2.181493065094023,1.5376831116238772,1.7924911959550855,2.5098908330179643,1.0,18.92863314479393,6.4967397223316965
66,0.939564950863791,1.611138571432498,1.947160668654826,1.2187062893014622,0.9988600303298404,0.0,9.731435936721587,5.503942869697242
66,1.0652881360440511,1.4402846892752985,1.9324189588110476,1.4127840725260854,1.5875859415843183,1.0,14.243836378918603,5.899706706130086
66,2.3945932272529706,2.2636812956145285,0.7303624107870491,1.9964227107119752,1.6741629859374214,1.0,21.271006044732637,11.695139886954443
66,1.9122257381866712,0.8521828696030005,0.8276776385856363,1.7703699854271426,1.173601534129136,1.0,13.755537348524046,6.574182581811932
66,2.4529609847152662,2.1726968984985127,1.8015245482679032,1.7250237378738904,2.0041176914625334,0.0,16.052169741409678,11.179016146237842
66,0.7068001338813754,1.58973056932495,-0.4079415645483906,1.732752992147427,1.6984772308271492,1.0,10.527505088097298,5.701470850868131
66,0.7479252654019952,2.01296490069626,1.2269679631676147,0.40208015660947594,0.667995590922048,1.0,11.020820025802538,5.371608093140517
66,0.7894545227888002,1.0166557005096477,0.9855719602229497,0.8459203453143856,0.21882016985427577,1.0,7.144659305041847,4.283201215783789
66,-0.44700055004716965,0.528128628497414,0.9654848496757469,-0.6687604831390708,0.2307735846212723,1.0,2.9671800601468643,1.6372574666186397
66,2.2826007289797827,3.1083023233252334,2.5087587934896147,2.3673277351790234,2.027566296453086,1.0,34.53632973622821,13.435936375637644
66,0.7144485364865915,1.9131036784885327,0.9261332085402832,1.4833446484586683,1.9618638620139257,1.0,15.469075485768073,6.467190292517357
66,3.0408823986582845,1.3580156429496946,2.7605698851884033,1.033919196876668,2.3717937214186935,1.0,19.68841217957654,9.4838715041043
66,-0.2525764122687648,-0.4367593384850723,0.5374159798499953,-0.2862941348983563,-1.3510698337869904,0.0,-1.2353045804280067,1.0747075910649526
66,1.7385459336570355,2.3985615078494344,1.9121958573408602,0.9076933057914653,2.4429415595676263,0.0,11.435207375394157,9.535172259137436
66,1.0694044759210763,0.7020990822086763,1.2625899281728357,0.5704398176810468,1.876183076625246,1.0,8.81436407594101,4.794536131226963
66,1.5624104043737503,1.41990495546077,0.2839325263748629,0.8754362287485973,1.2930141306161043,1.0,11.493321828830249,6.89578463241782
66,-0.0597458580527388,0.3184783902315882,-1.3701356042661246,0.07646959514653862,0.17935945968994005,0.0,-2.531195531368298,0.7525020661296129
66,2.2548622266417837,2.2043641555759788,1.1635061182554,2.2538335552638715,1.3293469741600354,0.0,12.455979182775929,10.969616644484667
66,1.9668879158819028,0.9276144161746306,1.119942820206491,0.9341832142587567,0.465266345551701,0.0,6.176112497171967,5.9671948549303355
66,1.4086807771039411,1.4524988460333752,1.2963015511131055,2.124010912999004,0.28802561353853595,1.0,18.59105869756902,6.601926715272958
66,0.09930181480861255,-0.5344505340111372,-0.4869802823499929,-1.2568883462324454,0.08370322383225615,0.0,1.5540099728357153,0.7830210209633244
66,1.6623865653861973,1.518142745907849,0.69534539105886,1.3153460396473065,0.5673213041065077,0.0,5.537214395542385,7.1708436007680305
66,1.74970357908049,1.2687110214365513,0.7237309615064645,0.9844704127965288,-0.11381628513359665,0.0,4.755518234897915,6.27560842329945
66,1.503135819079705,2.4537025270581836,1.2771422641730945,1.8429906810236014,0.9959547529322158,1.0,21.320165862215692,9.014162971322042
66,0.8977009802850844,1.8265668508789825,2.4865501587274084,1.3191562073373737,1.374252118641321,1.0,18.243859042665918,5.798801969277984
66,3.063786806629934,2.549981608701449,1.8194491606351226,2.780790682161614,1.8374221537561994,1.0,31.771345766554838,14.592216766708933
66,0.16237533077644684,-0.4948670820790917,0.5166929524083428,0.16249035027709613,0.9651900904484587,1.0,2.807846555507315,2.4450442522427607
66,0.73704931687199,1.7770202694148658,0.9978739706601454,0.905324276093563,-0.05314284794871016,0.0,3.9892735095737195,5.033904143625649
66,3.671161328378848,2.3329298715464737,2.8099295911257665,2.390195671927164,3.2726760996393534,1.0,35.21407340336784,15.857506075841163
66,0.3737920242563111,0.5388666004874545,-0.017025130960505397,1.6766824680223118,0.9735063641341367,1.0,9.701101756700718,3.974190276328697
66,0.8953901093966221,-0.09824254483409356,-0.22323388576404435,0.37997092540818833,0.023941764125016474,1.0,3.701812121841441,2.3761343991170865
66,0.06506230072840458,0.6955747162788564,-0.43705670310543976,-0.31066921922824964,-0.5397532781685581,1.0,1.3651865665380125,1.6878360084093291
66,1.73639171816544,1.738775720348582,1.9910713147965156,2.2424888622925945,2.338869516645352,1.0,22.251327127262822,8.63498280054236
66,2.600003387567896,1.9596094404421156,1.6287909962943479,2.4397272101281953,0.9740422546315852,1.0,25.47665717934006,10.838115662727049
66,2.260053273407638,1.0718905086541584,1.4755772066445658,0.7912443719251099,2.129112841156177,0.0,4.288516006912215,7.3815440521819
66,0.39912250768862867,1.6739718625151911,1.6429836247095566,-0.15962580086201417,1.0226939830783397,0.0,4.2138233336213275,3.8855683166245396
67,1.5203318723216612,1.8099218379224613,0.44635157508253576,-0.26983500965754414,0.880512873786491,0.0,2.9780175232188633,6.84735147633625
67,3.1130896544672666,4.406037290000378,3.2167161377375377,2.2167520738360693,4.111072815684401,1.0,49.395400770678876,22.251043532681543
67,0.4790903500580136,0.5965573501037509,0.44426642855076115,1.2859328840551212,0.41981300307583813,1.0,8.504275549756501,3.8015610717319235
67,0.5549911243821282,1.8809991934337331,0.12999255846986657,1.543215222196808,0.8361077946245835,1.0,11.623738932956924,5.508153662242935
67,1.3374096890211176,2.2138881002180195,2.5667045907573387,2.8971996909489057,2.5828681498647312,1.0,30.78103989736208,8.920657333556091
67,1.2997099631913798,0.8407168193134158,1.7891033921051573,1.0799977455471839,1.2407806263479502,0.0,8.421759801601489,5.001265119038328
67,-0.1152987679019255,0.6490523280853175,1.1453239104905257,0.7176639674488795,1.7370934597760206,1.0,5.386776644875691,3.4048336404857817
67,2.2001131572895756,0.8440967200639556,2.787935794594536,1.6054132483886265,2.8589929337911286,1.0,18.063014770573666,7.067271721120237
67,1.2584952505001716,0.4199255703567363,2.1983264643875313,0.4440801155318035,0.7249159797685327,0.0,4.579333469023709,3.4641987798809883
67,0.8346955569875358,1.6383050675803212,2.597976311724117,1.8012543755641752,0.7438077273098526,0.0,11.512692911764331,5.319661695097578
67,-0.5599123663509475,-0.2296098261042534,-0.22139259935709532,-0.18919967201568078,0.563170727608763,0.0,-1.337153410355465,1.785682109662992
67,0.35139622288329186,1.6018315452028715,-0.5675988144417321,-0.4251390277507483,0.3775181944418107,0.0,0.6317567741569966,3.0750759183769265
67,0.6940325498029511,1.4840222043072169,1.0671817064135989,1.6428472976838573,2.261568427667949,1.0,15.5322338476424,6.087380334909343
67,0.4575937416210317,0.5772505020880592,0.8979558180926436,0.0026990686723847856,0.39215312035440697,1.0,6.058148629943675,3.0511822736150176
67,0.75844936479399,0.2982483683566206,0.9298512974177968,0.8078151869591148,0.5002554721172734,1.0,7.4511292030002965,3.471469308985545
67,0.5077099744397512,1.6878258011276681,1.0902407602232218,0.2282194211222789,0.8449782732769703,0.0,3.212679502565675,4.498684998423657
67,0.8384858771407105,0.9998726248796652,0.6890522798755794,2.1609710216286913,1.160664293365905,1.0,14.52736781086368,5.534751050994506
67,0.8881190990825534,0.7125495038641413,1.51872612075366,0.9548210888668449,1.3390597118188632,1.0,8.362156368358821,4.391513265133973
67,0.8154604499823171,0.7211816371430702,1.1375775514818338,0.3260640455564985,1.1813890914854674,0.0,3.382556958563761,4.098725884564759
67,1.0834788357262837,-0.27207386047309545,0.3888317263401073,1.111688500906727,0.44088203953117144,1.0,6.715972492299985,3.006969944118948
67,-0.16062371319987978,-0.14962829065379646,-0.10759497421219955,0.21771673531018942,-0.09213630600816214,1.0,1.1690229426488004,1.87211782001555
67,1.0751140964854247,1.8676074824663171,1.5518309463187578,3.062249499095631,2.3782498868312647,1.0,25.746715938427478,7.994381330267254
67,-0.21302961362404438,1.195143158089493,0.3446257361517798,0.5717878120352651,0.7050262711946624,0.0,1.75497747581765,2.9883777582139617
67,1.2393149816004478,0.7747581505261931,1.5362275950175412,3.1366015770035904,1.2862701958772087,1.0,24.032545270917435,5.98131748034233
67,0.33362835238219746,2.2341022142215863,1.4324896683826664,1.5742705442848808,1.5913799104448332,0.0,10.179063773434143,5.4661613270972405
67,0.6149374397022135,1.26837396608923,1.105662540536176,0.5259811150955066,-0.4702574747263706,0.0,1.9220997284777337,3.7508618111156284
67,-0.2919679422588566,0.3229244046083012,2.23976824134129,0.8197097099302636,0.7564308517426227,1.0,6.137072422263184,2.2089692354161086
67,2.93519315476519,2.401711949566179,1.4915389676209228,1.7268666148234684,1.503118848705871,1.0,24.880428863217812,13.157877648182797
67,2.1464050636678813,1.5965967986136156,0.8114032644369099,1.524339263196171,1.2279699744240709,1.0,16.59874850661783,8.768782023337744
67,1.5712147379613712,0.4458974292812198,1.480665551869211,1.4225693844053544,1.1465705180111745,1.0,11.150392856237207,4.824068217343637
67,0.3562860014941204,1.6590486697101086,1.442028715005508,1.9543777389840868,2.179247788854699,0.0,8.47627990040593,5.515002329137623
67,1.5742737049365827,0.07107724009106098,0.0013407844348559683,-0.015820964304816387,0.4799851962431039,1.0,3.7913205252375635,3.1673221119438995
67,3.4286429317941702,3.2978213512615593,3.0875962888760533,3.1106358505734732,3.2588140219741604,1.0,47.44313499263161,19.40026453809952
67,1.9381232695395014,3.1300937740885724,2.656236287111769,2.632846542170581,2.2171742160004686,1.0,34.67543502906824,12.469235871951827
67,1.420902809657929,2.3532074394687896,0.9732879371645333,1.0175406346835592,1.4660869550068638,1.0,16.66390271139836,8.521776258502383
67,-0.5102213132430462,-0.5556110078236396,-2.2938045942964944,-0.9005290278504097,-0.19430978742359328,0.0,-1.1103585862286933,-1.6053966049516128
67,1.358428292632768,1.6491852828609854,1.7360267418957713,1.1407058055901558,2.204292338135451,0.0,7.918214410715323,7.12013956627635
67,0.5811883328530146,1.4577768905229294,2.7202353063254696,1.9401939837346214,1.0284857314529687,1.0,17.010615886301366,4.79864841630594
67,1.0107256490641643,0.5423173768540561,0.25900496621811797,1.791097902599109,1.4716419143618062,0.0,7.259196275894084,5.052173290786754
67,-0.523402721385297,-0.048684894513968846,0.5979022464636472,0.5044009662228761,0.1712279552666981,0.0,0.23168141268264267,2.2027218611193655
67,0.7016820571363911,1.401073574392182,1.0466604597913265,1.9139822539866884,2.6770033585582413,1.0,15.382166024281164,6.353774102473322
67,2.113555212565376,1.2090786501622657,1.4566341779980432,2.5517820536199682,0.768683509030387,1.0,20.31773415953979,7.719235616340015
67,-0.20490874364400669,-0.1738631552206673,0.710079469755543,1.2583989233469706,0.021218990923772885,0.0,2.9351744713356545,2.599398895808486
67,1.2777984314058344,0.8885120482594362,1.3597393192918554,1.4535427815418163,2.012060806763748,0.0,5.696501655101711,5.840659564398655
67,1.9472202547188475,1.5467933554416455,1.6853163049752968,1.7413322695311417,1.4734612349865819,1.0,20.302931179419087,8.09473923738725
67,1.3049142594110368,3.2243416620665233,1.0965136749653144,-0.1574587270022365,1.1789055109553506,1.0,17.171255412253423,8.987797999298003
67,0.3023407488674956,0.3053712414357642,0.14162017824486384,1.3331756238423471,0.16025663628553533,1.0,6.341486848016595,3.2036969961021766
67,0.3057736830909199,1.1070379702953403,0.7914658040029221,0.7048831041898338,0.9018374217012056,0.0,2.357673659226712,3.946805390359383
67,-0.11501050763336873,0.3059249322182599,-0.4986409855922318,0.029680743294472123,1.2198562609548413,0.0,1.3722591051304158,2.313953937360751
67,1.496931635470008,1.514221588651457,-0.150845173756871,0.3888176230376369,1.4590060792226318,1.0,8.329512770933954,6.609396499090883
68,0.4879798210950158,1.0264996700069162,1.098453196083664,0.2712076443300021,0.18445977914609912,0.0,1.5863264805867723,3.4901852819281283
68,0.453579051841943,1.17491366360214,1.0327578613429578,1.1443338819784732,-0.41109893820550414,0.0,5.756689520890521,3.742611564235066
68,1.1210660481496622,1.2825111007010408,2.5153659683814107,2.3077004408470456,2.0929549933792826,1.0,20.372551018858076,6.287334147736148
68,1.1376197978591984,1.9102111858420379,1.0727784839756318,1.7107865479870255,1.2196859100657529,1.0,15.805202417548921,7.176320117318879
68,0.9963476051962973,1.252252805771312,1.0735738895994726,1.958020199377804,-0.19882922113183166,0.0,7.256893818297037,5.26534787524558
68,-0.46338234307103265,0.8243126149859756,0.670506631652458,0.3506623632345409,-0.6594738868207424,0.0,0.21187676498759583,1.7628477331789725
68,1.517343282948675,-0.08536043038226504,0.5595790529546687,1.1935541344742788,1.9745159558112668,0.0,3.9610257674057783,4.29777355943524
68,0.6066935826019852,-0.09174668381888762,0.5034293357744861,1.414637065897753,0.6608309578330236,1.0,6.971170731859163,3.367193298477146
68,1.5057717944997246,1.296832157655634,2.604236332330247,1.904711697168751,3.0700310788171334,1.0,21.342811864548526,7.284459922539652
68,-0.16453050122257107,-0.2736036950724008,-0.13245041640054445,0.8024510210833211,-0.8360319548059831,1.0,2.573768615982351,1.7341746393457578
68,0.9789548514189015,-0.7342523118108388,-0.2273990624944615,1.5146945303197152,-0.0024549784255452067,0.0,3.455794826572703,2.0202277079550215
68,-0.16132010784887862,1.3472293141059424,1.628356134426293,-0.0969003250263738,1.528182202836898,0.0,3.9704579991322286,2.8479104019702084
68,0.054627854748404814,-1.5426605493391472,-0.4575694925300928,-0.8144395669478421,-0.16641499508184343,1.0,-0.5146683672346525,0.3496282580087646
68,1.6250923437450289,1.0893025476473879,0.802703233956573,1.0141878135394404,0.8666404291878196,0.0,4.0622466327097255,6.1639453990254225
68,1.432581944859916,0.6239145140084019,1.266340993978315,0.6625111046727268,1.2486340946051226,1.0,8.916306481574962,4.810573595525772
68,1.1880772331518876,1.1400287002945522,1.7113461118262272,1.4840934638921903,0.4927325785212895,1.0,14.44973665127244,5.222493688342855
68,0.2270621312903891,0.34676024152861007,1.6603541203800498,1.949867809562928,1.5004127619306225,1.0,11.143842236887716,3.831526528097332
68,1.3148334397441732,0.5076562681401675,2.8408845249348667,2.0829733075270984,2.413665715266897,1.0,16.674210354697024,5.292363081761292
68,1.8650589221726595,-0.3825582949244195,0.5805233780559301,1.3513532499393057,0.2549671022888179,0.0,5.215420061151609,2.9573541292279977
68,0.6340160818196606,1.5438559363545064,0.466399431139186,1.429399278529944,1.0798379217642495,1.0,10.756251996660383,5.448776970211674
68,1.6179232340794036,2.3055592624007017,2.0044497719386194,1.0323760808490576,2.3751605983099306,1.0,22.91828686835302,8.977763502550427
68,1.257561371403448,0.7021041189451978,2.3674747979296145,1.650723494992174,1.6778088337053212,0.0,9.512067490156033,4.995737320598961
68,0.5482575227233495,1.0987630896754275,1.2259078841154938,2.00494797945373,1.5462404790387407,1.0,14.35629572117629,5.152555298396276
68,0.5746401813220079,0.04922604858170565,-0.025586464018090727,-0.02970537505538018,-1.3773391952482394,0.0,-1.100827545224571,1.6235775475607725
68,1.5416321471474297,2.680846455656104,1.1596837922912826,1.6192784156387863,1.8326153277546942,1.0,23.41075274198191,9.949536556497213
68,2.1177627684548095,1.1452686333173445,0.598022413641528,0.5079150263996826,0.9154419961681801,0.0,4.953155898782774,6.894063320063555
68,0.5188561975475601,-0.329313555797335,-0.03848671563033568,0.87141810299427,1.1552958220373035,0.0,2.204588886005362,2.917278023987435
68,1.481319756214226,-0.04486032793058037,-0.12877808825217985,0.015388212395100798,0.5733366174644043,0.0,0.6044443918763778,2.873470149834091
68,-0.7170838703985261,1.7228709488769889,0.9756727127468752,1.2172263914060049,0.7409359343510751,0.0,5.436622640852623,2.2949792112776963
68,1.4396712732529597,0.9949534913770521,1.4602575795087676,0.9932350006181131,2.321267329102814,1.0,12.318264555282946,6.147412072718207
68,1.6956312395460806,1.4889496078364548,0.1222647892510822,0.6513087245770137,0.7548443525240471,0.0,4.21270330145482,6.873743792999208
68,1.2131820314753299,0.3989259962806143,1.2448941206756081,0.7035928895957606,1.0130409870077086,0.0,4.814490867695469,4.090951495164062
68,0.9124779355043089,1.1122947123954894,1.5683811658082352,2.466984138271631,0.3369338657198423,1.0,17.592541664543155,5.215895450327471
68,0.24569973327879835,0.4542197531515908,0.46460110845102376,0.7753105911530258,0.2591898670042483,0.0,3.8797743129263424,3.1051125652765226
68,0.29127359690551824,0.6416952600201945,0.11672135347452961,-0.1432983100213654,0.3860604963259202,0.0,2.551805885078834,2.8263308779139935
68,1.2237081039366378,1.6367230793389336,1.5423586963614242,1.038847520939544,1.4050122271735455,1.0,13.306533406965372,6.454629907637626
68,0.9808443289289488,0.19377041197360612,-0.4739671355820849,1.029551007959542,-0.36054602178763084,0.0,2.1395633419931954,2.7646495212402886
68,0.5515137224771254,1.1554268694479148,0.4399999407248357,0.054428876191990216,-0.42001159752913475,0.0,1.3577957750460006,3.4326643679432705
68,1.8956070985661793,1.8612651126167785,1.3247804494576774,1.4843634732040891,0.20674548740771648,1.0,17.702308954819937,8.15814991039778
68,-0.379618277897372,0.16282829054805104,0.18495947944022706,0.19957824346095276,-0.5666976433048352,0.0,-1.46688389952108,1.7216561543124747
68,1.1343106002696486,1.0077638943023726,1.7961091992172609,0.6941752601866424,1.3707679747485313,1.0,10.889583475847743,4.921269394837922
68,1.8641150077573398,1.6568126090997055,2.5509351896130923,1.4920379396913284,2.3380218986764434,1.0,20.098154115356692,8.208875859878138
68,2.1411093394017944,1.4862682696059466,0.9417500991776373,1.436989449633745,1.620803916719691,0.0,9.04616627764809,8.584097225949336
68,0.37365113858046317,1.540173707523976,1.8856633097634572,1.3652653207353718,1.553228050502835,1.0,13.475976993479726,4.624788426605803
68,0.7935396896180786,0.78187705947295,1.8818718389266107,2.2509800305704717,1.1209246262650447,1.0,14.940481624415272,4.72896439540107
68,1.156270314100975,0.798903568444331,1.1723706725132983,0.9347245507746145,0.7577614076767585,0.0,5.565232328821777,4.721731528652747
68,2.506977117151761,2.400588703863443,3.050273331041797,1.6489198284167244,2.6549279490628983,1.0,30.04799723367735,12.153231125580621
68,1.3669075596824112,1.970858817116265,2.24905271927336,0.6597417113464532,1.7211659903493055,1.0,17.23082970241117,7.050408927820094
68,1.822808794197011,1.1124008761786592,2.3369639738493597,1.4815586948369426,2.0987744254684055,1.0,16.937584855405742,6.760568635781604
68,0.3674688883187436,1.3044377400978548,1.4912429325972303,1.711744605764776,1.5971382170632054,0.0,7.685979377594668,4.794825986744077
69,1.654489116401022,0.8440563984585543,1.3569023473751172,2.658486919003716,1.6598364285184695,1.0,19.728396800247708,6.695634471787495
69,0.6741071434538779,-0.14506282216714528,0.18835343307655317,-0.5801617218411865,0.4087860331934794,0.0,1.2177803598039356,2.1575370207756457
69,0.7446117092708657,0.034524147429263574,0.01950434057624284,0.06705601981117892,0.15792185474190268,0.0,-0.37249664924701764,2.5373259167223687
69,1.7502943928938324,1.2794395753290486,2.4148102392902846,2.1713481806661434,1.6683449770296175,1.0,21.406971026480615,7.134198345844145
69,2.2343869453692617,1.0368374219510499,1.339752685934523,1.3270823507863856,0.45345030939726194,1.0,12.997958837458548,6.741444414026932
69,0.0747993919611416,1.381173357055704,1.1247177725355955,-0.7187209838947757,0.414493177334756,1.0,5.628498469357646,2.672973429115379
69,0.49235688990622994,0.8561555306516604,0.8503381579349084,0.4147468749209777,1.8079128115308971,0.0,4.707388084048177,4.292018263544694
69,0.5323519902047598,2.127011031942405,1.8608141916849825,0.8236036598056398,1.6922525910453108,1.0,12.626039866754226,5.364365944402853
69,1.9001070872010408,1.0410895189585805,1.5520771185043367,0.6150476201608972,0.9848809288321267,1.0,10.77461789117524,6.043500825293034
69,1.6369521455218736,0.5898561649531038,0.7355346037846263,1.6431710794316619,2.0829084429286455,0.0,7.821538423456725,6.051249682059263
69,-0.37097768232938644,0.39558340903939493,-0.1271614887968533,0.00508198519059011,0.032522169412532165,0.0,-0.21418953087215242,1.8126974466148256
69,1.0123351464899832,1.8356428590204208,1.735196386555372,2.430757523969053,1.6574830447143656,0.0,14.637772503896544,7.030332753562253
69,0.6772174917889522,0.31304660725116373,-0.964612525509561,1.3608483507793616,1.0177839950213519,1.0,5.841836193990217,2.9838779543857488
69,0.3213519060690716,1.4477669080410571,0.016468171537423193,1.124167172270667,0.9232847202427563,1.0,8.9623065887916,4.381626497250862
69,1.6308886499181385,1.9591491651649218,1.5107092725228306,0.1762430528082185,1.2740289632049315,1.0,14.812224571028947,7.530714592647085
69,0.7699454120313758,0.5803920424615424,1.4932571375613763,0.4965457556595869,0.022447369391092598,0.0,3.952017349050074,3.205625562934021
69,-2.2938245938218333,-1.107919972719341,-1.1233094346457593,-0.13360988983125566,-1.724867055060186,0.0,-2.2916207982723757,0.7823098506242676
69,3.5593262800879293,2.4123092688784613,2.753077171464059,3.3163568526528673,3.2653264575568905,1.0,39.82499689301062,16.313921354745077
69,1.6581843854521319,0.7139395919945319,-0.3507354209198721,0.6229694518711786,0.23759259289963974,0.0,2.4960166289554313,4.56393906887233
69,-0.5969194938694611,-0.573569935930569,-0.4501703298316886,-0.7325690222129622,-2.0138932599239094,1.0,-2.6114270289309833,0.05918705665493995
69,2.421340099493674,2.689142906188371,2.424933837398994,3.0755897064695317,2.741426693442937,0.0,23.82403675317903,13.43354151947899
69,0.6878898230474138,0.18000424361658107,1.2164140509267547,1.1212680766677021,0.44733366549875886,1.0,8.622578983338677,3.2972891092598204
69,0.863271841098413,0.6798372164869361,0.8265930509960989,-0.2162829321235109,0.6075049174870382,0.0,1.1147721570905367,3.644732305514336
69,1.2333027550636744,1.385979841988122,0.5658711114064767,0.8237783738894704,-0.00903597524246158,0.0,4.141700157160959,5.553402684345404
69,1.9028877213321524,2.390438645666764,1.2959115471450682,2.148394172925349,1.20657284472949,1.0,21.763330984083982,10.292274857522138
69,0.183439241718232,0.9238679701364493,0.02202896536919663,-0.13292179851357933,0.04623935660684131,0.0,1.889598105443696,2.690557879702557
69,1.1380825661097658,1.6030642250458884,1.4473575121267352,1.9467796885114725,1.6769917682878024,0.0,11.108767862302264,6.8536829045551055
69,1.4498170793481122,1.3413016974032836,0.7437911657144711,1.0577543547689399,0.9753399786396135,1.0,11.709205854353382,6.464551168057266
69,0.8231156198416066,0.5048404224635361,0.5181034140753101,0.8634991508754557,1.078699685858489,0.0,3.3959859293234875,4.178431178013864
69,1.5244039566143501,1.1094668681806037,1.293871616277022,1.0314869673804419,-0.03178351539842361,0.0,4.219203196040824,5.428397452852902
69,0.7231763197392571,-0.19448827493859722,1.193140405383332,0.8801848973607772,1.1555264520977764,0.0,3.5073870239143092,3.106863174388461
69,-0.5103906599563228,-0.16114898057924498,-0.05757772361304947,-0.3767487486367693,0.09851567970365649,0.0,-0.10031463405266983,1.5769165787674717
69,0.49951632080256536,1.3254969171509936,1.0296536166173305,1.8968831351297526,1.0929334510230058,0.0,8.43671488280488,5.099464831855728
69,1.1115670576517729,1.2551693427177328,0.8681984842136683,1.3170960657180233,0.991806041256635,0.0,8.346178175833945,5.813325839680754
69,1.530217127501071,1.140200444683401,1.9814273209702766,2.137068994682312,1.0748408328156371,0.0,12.08622873062347,6.277443663075765
69,2.7475465833464643,3.3925058796500815,1.8135412023816038,2.8637673234488594,1.668735779984471,1.0,37.47150556557155,16.323748393514254
69,2.0319344434704716,1.6634166904945773,1.0316742188799513,1.7543220188633364,2.2994532485800283,1.0,19.210102427047662,9.283736795370073
69,0.24012781014710427,-0.1192105895266713,0.6860194751546165,0.6028427576260512,-0.3201722038196395,0.0,-0.25932137314689396,2.2899514973304935
69,-0.616941542128449,-0.20949586302021572,1.126815975030392,0.2582210410688892,0.6109622551508762,1.0,2.7200630060118165,2.1435649451702963
69,1.4272941175771834,1.9279101927025446,2.438338441155219,1.1216406779625123,0.9586802894195547,0.0,10.41061019537613,6.925885016690708
69,2.523017954133909,1.6934636448611422,1.7486088198864802,2.461660502478916,1.5121020138301415,1.0,25.683023460682946,10.065188666330315
69,2.2756785226267264,1.0581750601478708,1.5558111778694814,2.180189481511518,2.2106168316626085,1.0,20.982795999248008,8.06328638256766
69,-0.5648148062984124,-0.195699686358767,0.8502733257132202,1.3167260214072507,0.5356021139798524,1.0,4.4236767744980865,2.7413553416472727
69,0.24419455992033523,1.5087904740789395,0.531358416238682,-0.36199871431918185,-0.565738915815714,0.0,2.5162584147180422,2.908860885840781
69,1.608100569777422,0.555373110084008,0.9952883710617797,1.6228835968026705,-0.17857931099746027,1.0,10.968400808290179,4.738889976176015
69,0.4998594439156655,-0.19668652142410314,1.8077953122667845,1.1569420128827796,0.9994426527991753,1.0,7.1093884017164575,2.8005742739516464
69,-0.5418988328376553,-0.3871474750771078,0.10912329291212697,-0.011122688369982647,0.07428406014149658,1.0,0.9034637743840122,1.8254659026386586
69,0.7106192381562193,0.3337610913216773,-0.9410438081027215,0.23447688023052837,1.3937466864576715,1.0,4.079649588263878,2.691901864671008
69,1.48108400215489,1.8293932717402708,1.1324203940217301,2.19722649026835,1.27610567322295,1.0,20.053182558585572,8.09206955058804
69,0.751265258014387,0.9239122336362036,-0.3151682027510816,1.159408027449028,1.3791348663118241,0.0,3.096657555793536,4.594123507396995
70,0.15191009152596724,-0.15123208177696368,-0.8461385221127933,0.6597601116038044,0.14830514736876999,0.0,0.21224080675022583,1.6212079647648987
70,1.2857239682705985,0.3714528404310672,0.19479496224666926,0.604431792933356,0.060090457670629926,0.0,1.0202689925306865,3.7169202091830185
70,0.738206042993823,0.602701619705262,-0.1990212894000023,0.0950880847057487,-0.13770695613722417,1.0,3.517689555261856,2.9748122769222127
70,0.6116919972729298,0.3981052744104817,-0.14358378233960223,0.056114258309980625,-0.30442221049845264,0.0,1.7022436123231748,2.542180125229237
70,0.7863783148482337,1.686581379720984,1.569351202245482,0.00738948213699353,2.3383372539934157,1.0,11.573773252362104,5.52175496375837
70,0.40102261019529906,1.5981966973082569,3.312025116060436,1.0287915057301018,1.6697445174914471,1.0,16.107488753839704,4.6602917248215565
70,0.48379029743403634,0.28190765643187754,0.8214357755541468,0.9482382378546959,1.0562342647840424,0.0,2.3238592157100224,3.613358048140132
70,1.5791855123403624,1.7659208381036666,1.9836792105113776,2.0901586732293524,0.9799423972022882,1.0,20.87162113468018,7.586908298582147
70,0.8780824950897096,1.8426260552638714,0.9671448593961972,0.724268992123507,2.24906305836357,1.0,12.67012728201162,6.516222802785355
70,2.248158071421221,0.3825833353124385,0.28095589440010404,0.7536525742205615,0.420690388764861,1.0,9.264460501782127,4.863918777793073
70,0.3141992674021782,0.28573276240928036,-0.38520531920180234,-0.07544982611025275,0.9190166815801473,0.0,0.9231491427101166,2.5456451112980663
70,0.530396096912312,0.22539677059507413,-0.6196788378069435,0.6801679278688458,-0.511983432064498,0.0,0.805464905930359,2.08576385134458
70,1.1092500833247185,1.5097282815867616,1.2862928877203257,1.6559441737878784,1.988263082299767,0.0,8.021676742711282,6.7300863626811775
70,0.4120051807620245,-0.03381554733390146,0.7541898229736469,0.884852642535949,0.9421405794316542,1.0,7.470180066772199,3.1945806677366253
70,1.7339184618573613,2.340132059539914,1.394540031979098,1.2504121681397478,1.4678837554707862,1.0,17.922154598709817,9.3263865264326
70,2.669797418073821,1.3466472712513542,0.4012217801579355,1.540050279318435,2.1684007444867985,1.0,18.310632620774904,9.57891867754936
70,1.426151958108337,2.504817591002764,2.2585774822167597,2.6228359243164974,2.408481750003131,0.0,17.362925535934423,9.547858523271149
70,0.20666980479273522,0.7300723931775998,0.6506658758838935,0.7771620430397169,0.7637198699266912,0.0,3.2338334894615444,3.5107095554508265
70,-0.1494578890596061,-0.14018537907450024,0.8537839310423911,-0.5499362916827186,0.11286051966550414,0.0,0.10765536443428474,1.7416198908434064
70,2.2605517757384392,1.9354508952383975,0.024531338755834242,0.3274957401302372,2.4636152863369514,0.0,4.202067219844881,9.880708597984224
70,-0.2070114737553308,-0.016332235441578913,-0.2913368268342862,0.19406161152300871,-0.29264714774763756,0.0,0.7289575359784106,1.6546086747777253
70,0.3708788404385547,0.04233735721797749,0.051919192115162494,1.293957002665651,0.049695644098851965,0.0,4.087127921522553,2.918748549699557
70,-0.7394186146748567,1.0747423930204394,0.9936215559838144,0.6258328655253951,1.7960206329363104,0.0,0.7466701850673405,2.6263734391175926
70,1.3989816783860327,1.0211428824052764,1.9029961240383773,1.6101267920871423,2.397190096907509,1.0,17.07154252103696,6.267655626394795
70,1.3934708537409382,1.2691185324106469,1.076633061324204,2.5071410799154696,1.425759941228331,1.0,19.03502365952479,7.078836604028463
70,2.161660336906935,1.170539250393913,1.9742400279930368,1.1826162624434167,3.0054171162870476,0.0,8.053567133833074,7.884956881562385
70,1.1990531109890414,1.5963926243300643,0.7594731435125648,1.3068308317264477,1.0118355139316169,1.0,12.821646580915996,6.57615102766542
70,1.4430871577139404,0.060536435243339404,2.984636788060154,0.4236243281357558,1.1708195925298654,1.0,6.3040440871149155,3.1410038086368646
70,-0.34056380580477774,1.640534384226288,1.1741591370648468,1.1890746290002172,1.6761489640618346,0.0,7.2807745221283655,3.4972888137397926
70,1.0708645541575428,1.1847284015069848,1.451874495289572,0.44084556873006164,0.8698021338046293,0.0,4.323918784674399,4.8963829511462755
70,1.0313522453593758,2.183586490029942,1.6300412235167077,1.3870799419976465,1.7592108757401919,1.0,18.63774358657151,7.188471972794799
70,2.2237741472067984,2.4303176391539694,2.1252865664844984,1.9716263069537179,1.3272749509243256,1.0,25.237497530207413,10.917107354567662
70,1.1300213575357592,0.6598828263164649,1.0700466016831334,1.2261252346124363,0.8859848654803932,1.0,10.454181100031327,4.711795479510016
70,0.9533911002839114,0.35721341826224784,0.6169498674255232,0.5128766946144385,1.763606344114817,0.0,3.9195033410774776,4.25822970853002
70,-0.09523295226225614,-0.25110078391221435,-0.3813861061465227,0.4511342524542431,0.25984638979413777,0.0,-0.8950323632643102,1.9436930774126286
70,0.916257005065314,1.7154614483217174,0.20598652009003526,0.1989903607154414,1.903358774434609,0.0,3.647725680753772,6.020690308295231
70,0.42688012005237463,1.563136898033878,0.38156448651769925,1.659606650321314,0.9806878543206269,1.0,13.15838627326114,5.101293270545709
70,1.0800265871265176,0.02645393283629649,2.0509711375428177,1.052209337418719,-0.2830959277429421,1.0,7.267063443399426,2.529919259657125
70,0.02709419854257522,0.13117959206596264,-1.2689693564044924,-0.28739757173254654,0.023896566639617478,0.0,-2.0007913095458214,0.6137210044400059
70,1.6722042455333685,0.4486601773709935,2.2602425694597366,1.205987547696438,1.0347987430373196,1.0,10.960673634606271,4.425088093440846
70,1.9615990544791568,1.7845538166550876,2.288286944539003,1.3198546384779477,2.0147712297305276,1.0,20.551803032331527,8.527615891435133
70,1.2105179058990336,1.431875155962739,2.9028524737667443,2.5806351530005887,1.4127656678544576,1.0,22.707499762062564,6.530997027036863
70,1.5744050345313996,0.93675996775546,1.1985467441166837,0.862808086883508,1.2699890509019798,1.0,11.815089636574692,5.759805914120105
70,0.01718017049806153,-1.0658431393361534,-0.6638418174784835,0.36885679342959865,0.24260252228689672,0.0,-1.2796049625796226,1.2187968221330814
70,0.21017127476629993,0.6250105803446825,0.5003257057240694,-0.2890475493903395,0.8991841646684977,0.0,0.9189498976834056,2.9816077221721873
70,0.2732642916523841,0.97451693999846,1.0817311783170656,0.267298714482442,0.010285386105278294,0.0,3.342091225392877,3.0396497690140025
70,1.969435483736968,1.2609430204019083,2.9082723756735858,0.9256524672820431,1.2877691016468633,0.0,11.137040945083644,6.686478071025011
70,-0.21796521621478515,0.5032158516226016,-0.28336703248600803,-0.44319767045721914,0.40688492325873327,1.0,2.477132665052462,1.8332213698892765
70,-0.3283077878626941,-0.11951651722796286,0.4517505713151643,-0.10899785979355747,0.634952467548795,0.0,0.01695029944024823,2.2038629252188313
70,0.23724363746715937,-0.2340515743981939,0.8695694346169104,-0.591021413127256,0.5564777973867612,0.0,2.075310448680777,2.0087372751478743
71,0.694339574496577,0.34522201630531846,0.09903706047636784,-0.4425849611452011,-0.02707530006480563,0.0,1.22460348557267,2.5692703404382238
71,0.23076066385420446,0.6016904920907831,-0.37306849723289903,0.8009377098344104,-0.9703232076046728,0.0,0.4028353669552757,2.2150584200131966
71,-0.4037205819176968,0.09457715874629546,0.2674231382405138,-0.18483461448382332,0.5834443770796838,1.0,1.429660123325359,2.10471701908984
71,1.7057824914257584,1.6847119629531437,0.6261745782033484,1.0956908024661531,2.0907852370316204,0.0,5.503175573840805,8.285600023284548
71,0.2991184889701102,-0.6737667318773,0.03779500997176144,1.1816285514534723,0.014288549487638691,1.0,2.80802248289968,2.227281700873023
71,-0.3630646839668674,0.05541981269074314,0.7038383992177848,1.500561626623847,0.07959704479977503,1.0,6.0753642498188665,2.730418917271229
71,2.1265706812168164,1.817957739639855,1.6737019505596875,2.0727209050542728,1.9698061902334008,1.0,21.808991242126456,9.593670263262874
71,-0.6911881892985037,-0.8352020830876676,-0.9531641211135697,0.020255849880403964,-0.5250248236606343,0.0,-0.1481165132413631,0.6642265686484332
71,1.019595703367361,1.1828246492355865,1.1947637799283244,0.7191527967007287,0.2905918798803695,0.0,5.22047813404876,4.776700461147177
71,2.2000829463868525,1.7720510164285384,1.435302905013433,1.886519325094139,2.5285668190250825,1.0,23.319475208155826,9.944999954249525
71,-0.7686075085875734,-0.39699828026270834,0.447928527526556,-1.193927026179701,0.6191029213671945,1.0,1.1428978986145533,1.5602313649695014
71,2.3114057132489743,1.5406060020128876,1.6147312344302125,1.2376377804907157,1.670615956147052,1.0,16.685296994125306,8.704543083500843
71,2.1267421233659376,2.404194687372595,1.9830166035537442,2.2581839766374032,2.2202167315074277,1.0,28.51011338651723,11.208634569764701
71,0.23115719468254536,-0.6309271154398066,0.6194937279672101,0.7144828841304889,-1.1656741099994385,0.0,-0.1678666418374053,1.5525954628149496
71,2.033713125616497,2.67430425166985,2.412808097335443,1.6677787839056613,2.2505047411666914,1.0,25.92313633821397,11.212337764112029
71,-0.6296387483991268,-1.5273826720163268,-0.6238854230537736,-0.24891242815197323,-0.33506090908118,0.0,-1.1794702205577199,1.090873975163301
71,2.4488159613386165,1.3586127835323973,1.1455664365552927,1.2615565792831784,2.277199914484938,0.0,8.076970925819206,8.98539871694874
71,0.23059273585834972,-0.8447229861850647,-0.14460959825802755,-0.3839839039467021,0.27825030760002023,0.0,1.618412975685849,1.3625385336676232
71,0.3438450505024704,0.9436908410772685,0.3598791142363559,0.6901323016325447,0.9179472532587624,1.0,5.5996851324116115,3.888170107041864
71,1.6627673423750482,1.8317795135273651,1.4831203845915426,2.0660033284463597,1.6599404447327064,1.0,20.393816970542115,8.48519231720099
71,0.751753305754552,0.9381002723877787,0.8475630803846321,0.9965990931853288,2.2030167240556624,0.0,3.665720757521629,5.235548213130112
71,0.4849719790314019,-0.06768311585196463,-0.08667421441308742,1.0688686899450746,1.7118688136802462,0.0,3.882370800233978,3.5190978027618387
71,1.0117694867354883,2.111305612368913,1.215701381260358,2.16973067645197,1.8760781256199515,1.0,19.569593430022902,7.6761266260026275
71,1.1571737989240876,2.4678667144660738,2.5147784510746307,2.904233427971498,1.8698060397136653,1.0,31.390790783690058,8.50277961672224
71,3.025237782187407,1.1471829948430596,2.121148460343428,2.493121228816584,1.7857028912627597,0.0,12.874295063773364,9.23371061880522
71,1.5066786536651144,2.366287439606772,1.616994153915578,1.0356608912668666,1.9451564415985882,0.0,9.736141518124164,8.754442167712854
71,-0.036868905730566004,0.0374399388568345,-0.9158716833505189,-0.6350934703180888,-1.370676818293986,0.0,-2.0754746844138054,0.14718364124514371
71,-0.4390043420550196,0.35349813240078776,-0.6284244575070768,0.6577089927293198,0.765091694319071,1.0,1.4047887447307752,2.0082025225430713
71,1.7900428166980968,2.064432883577669,1.6871174655699241,2.504847790630298,1.250156995452563,1.0,24.250181158141356,9.22766322952733
71,1.0806031907786877,0.6950467837066493,0.15930479685015864,0.36528628766598115,0.8605619596770627,0.0,2.209976039882901,4.318809084871784
71,2.970889040412332,1.6082866171688606,3.0921696932420457,2.689846729075201,2.732692311573599,1.0,30.651117735604615,11.326204346448298
71,3.746279576454865,1.8270853667934752,3.062945552766647,2.9470611728063245,3.1675257283654292,1.0,37.939513453404054,14.22331238209896
71,0.6167193074481394,0.35954759115418566,-0.08670294097322961,2.033945800164439,-0.32554552691731864,0.0,6.08388272047462,3.5169657109103127
71,1.24440803985888,0.5894970594470659,2.2921103635501288,0.5702148739496684,1.5555546149151276,0.0,6.9092999792779874,4.1990953533387065
71,0.15881607035511958,0.9205343897769206,-0.7182907104287519,-0.06438790656709048,0.5167100969797556,0.0,0.5503955221164474,2.305818334140236
71,-0.23717001670405669,1.4671873973050948,0.13813416105256493,1.3832581152808459,1.6229139194276656,0.0,3.8946293408676564,3.8296635660477487
71,-0.18764759712886714,0.22862992962573914,1.343801709421502,1.0885624638602598,0.8425440187465072,0.0,1.690852543521214,2.840093663626474
71,0.6084879209106397,1.5725185601835103,2.3195158645588574,2.062204427835778,0.6788949940287232,1.0,16.497472501473215,4.896968131525747
71,0.16149893364591805,0.324306109091984,-0.22808016727239444,0.000387186930922101,1.2756164436277406,1.0,3.3044058483754086,2.793341622903994
71,-0.2591256574415126,1.1738822236713813,0.44610918613966566,-0.48433628470313583,0.7638209561318888,0.0,3.165518642635252,2.4181248612727497
71,-0.07607199489127847,-0.4394806349285225,-0.32656313141805726,-0.3593766836860719,0.18619561731517387,1.0,1.0375836422323703,1.4729342020984586
71,1.0411170009519204,0.09658734880698616,1.1921439259887563,0.5246321781387604,0.5934125287319164,1.0,4.69704512658246,3.1941738875063828
71,1.7739312251642083,0.0024615422932794395,-0.998294199693835,0.9507261793934877,-0.1294721339174656,0.0,3.6501352040361623,2.3457798139181087
71,1.4677227555651693,-0.03759321331609167,0.3581192629795572,-1.6188229003592385,0.5033129188542059,0.0,3.2880535596062836,2.2177507004887675
71,0.7439811200826072,0.9535222674196353,0.801767189738145,0.39169827283127556,1.499088878098442,0.0,6.040327657955743,4.599869346415024
71,2.665646828791812,2.0157194609208515,2.7152097922951235,2.30734053605501,2.842593542697701,0.0,17.324729221749898,11.735983589524146
71,0.0978737852935555,0.0818198409085461,0.3412029549379564,0.2818832809530569,-0.4907529407613547,1.0,1.4604266336696277,2.1063742917582515
71,0.2508076650026668,1.2997296639520188,0.5734250629971336,1.8108355915769103,0.9072963919516858,1.0,11.244292638516795,4.587077116715355
71,2.1683693898164287,1.7877045317646207,2.2526103689697874,0.5536982113662627,2.5975516385149904,1.0,18.663595788700214,8.926168316579588
71,0.5797986005696307,1.7390730790551445,1.7819294170840878,2.502842178000182,2.3937106376945163,1.0,21.058123446217994,6.297421130605456
72,-0.6487257886940891,0.5331266685258021,1.1845736237259754,1.7173588232907635,-0.0822172075969887,1.0,5.6699508649378245,2.3828970961345797
72,0.7342711350138328,0.7072438792516684,1.0089980817587398,2.1131837124248243,1.1242376510910812,1.0,13.230865969804785,4.895984906273034
72,0.5803962675367675,1.1664493430324832,1.6071981316027215,1.3023796845816853,1.4999383471504213,0.0,7.416301557213071,4.718789965864735
72,1.5290386075744595,0.6898604640162398,0.5207117389110121,0.266013852786932,0.5446256938440688,1.0,8.81848393703206,4.697413772859154
72,1.28671849148167,1.7997584705571898,1.808905301917553,1.713791581871912,1.2975094198567034,1.0,17.907161773267315,7.033258758871307
72,1.2377651051704532,1.6794098035383804,1.5160028817567777,2.803673800181241,1.7855931341082252,1.0,23.302354888076888,7.644703245708104
72,1.0867820781311701,1.6353695174747371,1.1204156191585586,2.6582864593053435,2.2484227179691647,0.0,14.903040114971105,7.587236788402401
72,0.405758302485274,0.7605284897341693,0.035303180603822204,0.1129443091935044,0.40476317992025423,0.0,1.9104805379264282,3.167616387392509
72,1.4340699340868501,1.1174086186180947,1.7970715745590713,3.043135570527604,1.7818114144598138,1.0,23.762473637960095,6.964841375789167
72,-0.0653118215349231,0.4064490378988259,0.8565943893003078,0.6847052062516661,0.7631560479644923,0.0,2.45932350339002,2.951265099288514
72,1.7365155669206267,1.7246802954858462,1.188904903675552,0.320928933119207,1.2245637655588655,0.0,7.496302595449095,7.465407216099665
72,0.6929959726498285,-0.16692504985517131,-0.053388827602650846,-0.8750025775858732,0.5308921904365919,0.0,1.5544017158004404,1.9471826217734491
72,0.7207395853296212,0.7281430292063731,-0.026414951880309845,2.7800835533880477,0.7514151954727961,0.0,10.558945385456095,5.001435856132837
72,0.05025498910080439,1.2642029139312079,1.6516343181943482,0.6461083956338194,1.8910216093801984,1.0,10.12548737397416,3.7343936397119872
72,0.4945283753504963,0.6095664336089988,2.029936713110237,-0.5395501499820536,0.8030094781816243,0.0,3.4689625471798244,2.5570156391687098
72,1.512820843668224,2.238410840957102,2.7236230355920483,2.729001853548883,1.8271357441702696,0.0,19.23507265082063,8.987895768714084
72,0.7338554515927342,0.0937670133224141,1.7815864840986744,0.1586293917742312,0.9211902944045309,0.0,2.830480785757976,2.7040931185420574
72,0.8129456112943426,0.42484285202897576,1.1551298251808544,0.053092229193741125,0.5385435086774695,0.0,1.5667446094601343,3.2414509125261355
72,2.5109461009161227,2.241776625863204,2.7419946766464074,1.802309281055818,0.6521102572197756,1.0,25.15497239191512,10.68233127396794
72,0.2612561061798434,-0.17529123728048823,0.6049823880064095,-0.3050802142393714,0.4347285561788867,0.0,-0.29360523990482434,2.187014007862151
72,1.4999103560168945,0.580795389624774,1.371030384902071,1.1906070454813547,1.11951929541418,0.0,5.343849577383945,4.9505121881718726
72,0.4862577762880116,0.8931283114325332,1.0781788262991392,1.3353757184861073,0.48349749029816314,0.0,4.706051006327559,4.045443428087096
72,3.0369035933741757,1.6681989846910308,2.0969189168922684,2.4551949537172435,1.4022813359547956,1.0,24.466095604495738,10.893724290644863
72,2.3499351757232034,1.4792572351308753,1.276691101756134,1.5027322761540371,1.3436164587123784,1.0,17.443127598694154,8.742158345767095
72,3.1104037767384125,4.477224227349343,2.7816789443677554,2.4145486853391382,3.6401250239770633,1.0,49.19281852426004,22.202038256726823
72,-0.13548957790026783,0.38681466700259826,1.2114031507237701,1.0665966717539617,0.5528667835377696,0.0,2.516781869603289,2.840392735463583
72,1.0670137342555979,1.4946277904394312,1.6689570539844778,0.4151090274529723,1.2046231796609066,0.0,6.472411547807287,5.421950608188852
72,1.0063626743800778,0.5911923422035129,1.1852322485966427,1.1311606407287602,1.0725441210822209,1.0,9.234909404160886,4.464281783829888
72,1.0551413999576387,1.8485536961319204,0.9416954152980851,1.0387789443959825,2.1228583130631273,0.0,8.419449638670892,7.04241745093349
72,2.3896883873883317,2.281435715757213,1.7394764662249316,1.6873059381909612,1.7512190063140416,1.0,23.631214811135766,11.208601825843767
72,1.9914960247258715,1.1059088776547124,0.8611978636669418,0.5564925422061556,1.0401526351104708,0.0,4.116041002019116,6.631566313466457
72,0.2053035571161842,0.7027838228715586,0.9337046336760179,-0.1131792771592155,-0.25629258844919356,0.0,1.254907601347851,2.4753042711737514
72,1.5712275533914872,0.5237041716399429,2.1045843654684733,1.6182363714509518,1.1298723870450986,1.0,13.492664182569444,4.787872795869825
72,0.1640815200152972,0.9860182783207017,1.8506925354357295,0.6871732613979876,0.5406696265102966,0.0,4.343733077813276,2.9998490908841586
72,-0.5524632302757857,-0.35214013889185436,0.670111338195837,0.985779150691862,0.32558452739704524,0.0,2.046198931516974,2.5167328237638626
72,0.21634033674820952,1.6399780100787615,1.6824301246366988,1.5027604225619564,1.0584158378423592,1.0,12.893764390809693,4.293353683967007
72,0.8094701897257564,2.3269570820699768,1.7108849979101377,2.565927060667961,2.093094310292602,1.0,24.176528999159746,7.497138293387842
72,0.7599621103391122,0.26009112521602684,-0.25978258765037077,0.9865766229339561,0.20894821444048384,0.0,2.5897407930051415,3.1420029908204308
72,2.4368325610723724,1.7868959693217346,2.0362607470422764,2.2557729218156064,3.0282760668356543,1.0,24.987827509055652,10.677547552431975
72,1.2811707858630426,0.6394032337016415,1.5907498702586889,2.0887994683367537,0.6435822638000757,1.0,14.849007117863554,4.921085334958446
72,1.4581604396275751,0.8593089273515802,2.08488048559469,1.2159562543234832,2.6185732700517628,1.0,13.913427245246206,5.879712379101722
72,0.9000029767335779,0.5807498673543233,1.3324377257955686,0.4750269863349845,0.5891467382984912,0.0,3.2466279835759435,3.697466710368779
72,-0.4682979046024027,0.350677692088203,1.659343437537892,0.3311834922348016,-0.7203254982630656,0.0,-0.42562527864542865,1.3236375352829126
72,1.0157150460868196,0.9508679885681655,0.3250140763353343,0.09955093855737596,1.4538718191323712,0.0,3.0798349327295034,4.835967088794415
72,0.6622974734392406,0.41780659659229646,0.3832977878771354,0.24064025297980718,-0.18155447930362767,0.0,1.4498768725331357,2.9653924400706333
72,0.917823001783503,0.037966521776592876,0.9010155426775515,1.1227331139135635,-0.4067169384367766,1.0,6.325991999679693,2.942071313800166
72,-0.7986417076278245,0.6199709468812619,-0.8418898665051515,1.0936056029945063,0.3634847978634632,0.0,-0.44760186086941234,1.3891845897412978
72,0.14638688386813148,1.579040640173679,1.6330197238450341,1.6678411301657605,2.058771657637191,1.0,14.376986193329103,4.711497604090081
72,-0.19371285183329068,0.9342529106694414,0.7887703956812707,-0.5339114998938084,0.2256668567718405,1.0,4.395355885451938,2.1342743468408973
72,-0.9119269436425101,0.2035260073245636,0.050453223875736586,0.7592556376621418,0.9728524520978378,1.0,3.381397747725541,2.3502068449129876
73,-0.5965237504593903,0.1520557853337462,0.7573946330618926,-0.924090326619522,0.5890024496283651,0.0,0.15777685730540497,1.6248429499234043
73,0.07951892215890133,-0.23472026570693738,0.0647110182447993,1.7923566950502305,1.326342909866079,1.0,7.190602661376722,3.4933469098626055
73,1.1085824078870932,2.0740781388476672,2.1717936168924528,0.7788664730703494,1.8960243496131017,1.0,17.96039058293536,6.748493738963717
73,2.8377063981919406,1.693151940897601,1.8895698500736495,2.974715377595996,1.5390808849224404,1.0,29.37870309061133,10.958378212464886
73,-0.02521012868766692,0.3159306709393013,1.352424675016806,-0.19497364485121205,-0.48432486909946637,0.0,2.243652122059674,1.6905989323750454
73,1.1399840463607402,0.9349517601855208,1.0549491479448396,1.853686110748707,0.6694091860760796,1.0,15.006410278502447,5.385592182172858
73,1.5358626928976111,2.432997199539237,1.2324607058790422,1.5530166384527928,2.356303476455615,1.0,20.160000446843938,9.623987517121481
73,2.305467888834917,2.343018222152387,1.846794775478803,2.7672372783992847,1.9550099338472484,1.0,29.91383167622481,11.738009589867868
73,1.7202792790114567,2.315008171978457,2.3174514931842003,1.0196169734014844,2.6343350739199725,1.0,23.0041276629801,9.306618510732495
73,2.0147023236074046,2.697547772928923,1.113455581294593,1.896165490743337,0.7548761659278521,0.0,12.76136952382148,11.114693141832415
73,0.4847120020614012,0.916134340125061,0.8456013335595269,0.7010700801381891,0.6182013556887298,0.0,4.269385872019617,3.8902022483250716
73,1.0806437254060257,0.8509691096009431,0.18825131721938304,0.5709338175786641,0.42524620321457196,0.0,2.037058293896634,4.45994950313017
73,0.29296595950020654,0.6608256861644377,1.5548788486980327,2.329820238528245,0.7489628750501479,0.0,7.888172425653275,4.003243041127212
73,-0.3593477024251097,-0.6876712006424672,-0.2470370817292198,0.8829390882112194,-0.1381354151939429,0.0,-0.49355164083022196,1.942128115452173
73,1.7898582170864845,0.7667281136138153,-0.003960173968208469,0.05570211756773358,1.573645325971768,0.0,2.420740038925791,5.463313573080022
73,-0.4132000124805648,-0.5653715822957213,-0.3679634092225361,0.11414778174489426,-0.1592559792534527,0.0,-3.282278891831482,1.4708518183503894
73,1.1639817366996978,1.8840326774368328,2.1979228729046563,1.2679379376586495,2.696448262523501,1.0,19.28174204930631,7.211320872348429
73,1.145181572033297,0.3359734338258298,0.952092593437943,0.2763372548315285,1.231495606256987,0.0,3.253110242639959,3.935270484482059
73,1.299797557623029,0.9167654815326151,0.832846985462211,1.3090546144048014,1.7619633250824558,1.0,14.355213800548988,5.924595663843158
73,1.2023985152382286,1.4025766257631707,0.6620492955346997,-0.4656355291013843,2.0654916556425116,0.0,4.11712676897751,5.908630449783978
73,1.9415255321185794,1.0557585379681216,0.8872736319860252,1.060694035157978,0.1746680025507341,0.0,6.112105376351061,6.241270295379801
73,-0.11742873216055871,0.40838230840912604,0.3696083350661834,0.7717079712569844,1.5627853236253957,0.0,2.0885666399949847,3.382040692561752
73,2.015286595026981,2.168649636180392,2.766942667061376,3.507154459837341,3.4677635661094937,1.0,38.51944514090347,11.402713237981107
73,2.863840139359355,2.4257028352907155,2.449915842601846,2.2724994828224254,3.2403236973703176,1.0,31.551400070519325,13.80278856588384
73,0.11797021068245661,1.241144417597988,0.9718865065416482,0.014660870324808006,-1.1003901500584008,0.0,2.4912548531519807,2.33279636984079
73,0.9305560689533088,1.1966231367489641,1.2336546815285956,1.182672999900519,0.2144767091345252,0.0,5.077543796061338,4.8233077265081175
73,0.003607855287393158,-0.12318147127252588,0.5171648315643118,0.9399297003820319,0.9683548405464675,0.0,2.0347036104753715,3.0217178861638265
73,1.1772098682515884,0.7510189297903731,0.3834072515207999,1.2934019004348403,0.41387881435427776,1.0,9.64633681441339,4.820960705660095
73,0.6307741830339726,-0.509812843795552,1.383925216610717,-0.9940043857166794,-0.5730451752081751,0.0,1.3560713318653943,0.8331271098973747
73,-0.68629270472979,-0.8472946551293614,-1.4951222715838535,-0.639916855251004,-1.6143603030951477,0.0,-0.6331890577914855,-0.9843994038038402
73,0.9393625974583584,1.6621752077915959,1.40604007344098,0.36197107916475935,1.3186149511676684,1.0,13.5493198750259,5.569479065081477
73,1.1853970272048204,1.5657148880849223,0.23465484762128885,1.9491643160775842,1.3976507544570305,1.0,15.30717501371622,6.994879340222485
73,-0.3718387193017436,0.3852004328393661,1.5476869382150475,0.21994906190667252,0.8919849533715337,1.0,3.1358242121573765,2.2163662296243047
73,0.6192559849667685,-2.051334544119296,0.7239923011360325,0.23829671317396128,-0.37555215054258984,0.0,-1.431982084390876,0.056195241343328206
73,-0.23117615337329034,-1.194668681351005,-0.6807909905429421,0.2319697783681275,-1.0329146745767503,0.0,-0.07566370749767082,0.5994636557892534
73,2.108252337722363,1.9177608827447155,1.4411248995888666,1.645475916582185,2.565638741239087,1.0,21.489924926755087,10.011558588543746
73,-0.5677700907408543,1.3322925820067728,1.0501220292359743,1.4638133315904571,1.6583407535947994,1.0,10.052324509107175,3.2094286158580276
73,0.30871311296712667,-1.317108692467031,-0.0023525671240787194,0.7369813335068285,-0.08454856525836152,1.0,1.2375325209419126,1.4142308189599226
73,-0.4996451341706052,1.3033665650123267,0.7597750886081758,-0.15059579349570296,-0.2533322950016099,1.0,1.7607428303623347,1.6535543919149402
73,1.0554641459133611,4.045333187140887,2.5218599045836747,1.1623191830641368,1.5620511363155336,1.0,29.669216311582026,9.629184205989466
73,0.6069474734399324,0.5122985604455432,0.8853068708588038,1.3162409668278114,2.078319810921333,0.0,4.270640001281465,4.643547137873101
73,0.9158474426578123,1.4087687880992323,1.202189347839931,2.7790493837980907,1.5401549348686578,1.0,20.721883181612995,6.5735385704217055
73,2.5369776385958396,1.7346321059411602,1.2725444505654062,1.5362131892956739,1.0239533269015488,0.0,8.647875550715256,9.746732929153993
73,0.3416638982206207,0.8993199921234313,2.6416956781706507,0.16886768611227487,1.2147124261831892,0.0,5.296242426363389,3.0627630648136197
73,1.8266685739987156,-0.19832214957661587,-0.15940968035115644,0.0832800824014065,0.3478149536206038,0.0,0.5159946514423515,2.5750682119118093
73,1.849382569884778,2.4387511055200264,2.0742136874507775,2.9880189661740575,1.4489629634432364,1.0,31.190244660097882,10.427426683633989
73,-0.6463820406053322,-0.09108538668970234,0.499437611123688,-0.4407521899683262,-0.5848525019778421,0.0,-1.258725455060617,1.3049107507436986
73,1.7518771213535653,0.9915695101845409,2.110732593649605,1.7043359743532311,0.6658730662714867,0.0,9.796346399513082,5.835220745893318
73,1.0484009923206516,0.95983331840882,0.7290287853032911,1.102969588530527,0.9483799830953784,1.0,11.01321717313178,5.146418261699093
73,0.10726682279003208,0.6749119895751663,0.04561369615755273,0.01371640619913883,1.1505703560038438,0.0,-1.6826050651711764,3.0673951758686986
74,0.45365220422791275,1.2643802958888126,2.1020838710859753,-0.054731549166096016,1.9216498143477787,0.0,4.451967073948107,3.91046240221766
74,0.9113160592644971,0.33931866049238246,1.2919910295535004,0.8164122847755653,0.9212273226152219,0.0,3.4538550352974076,3.724566498896123
74,0.6292703820483873,0.9697048298868068,0.15977823955699455,-0.3450076278384908,0.006152611377746253,0.0,1.1461276637036883,3.307418335869394
74,2.631151082010059,0.8703489813689648,2.1503615772181384,0.36092669232381835,1.9719740336436158,1.0,12.717947485123112,6.7347406141075306
74,0.263075785659332,0.8980432972783577,1.0492310111748433,1.6889517392582372,2.129437161252003,1.0,12.791434700581204,4.7488608827743635
74,0.8956425393408386,1.09833908595222,2.3303076512268017,1.2327495107641002,1.1724457087013496,1.0,12.557331476176387,4.659894302775404
74,0.6667212934523706,1.1872378407985338,0.8032940345656878,0.7207213801347631,0.2808764218829084,1.0,10.975928748449398,4.315322172269419
74,0.6464622973010685,2.2079343087758305,2.085282361604301,1.1215106782724773,1.649412267536964,0.0,11.372914688998689,5.790559758449534
74,1.8840073819731011,2.431618294303346,2.960109751463081,1.8692494100296475,2.396944428446723,1.0,28.10648612385245,10.368574321901361
74,2.0197514425284187,1.894493221075017,1.7587826718425208,1.053439040785484,0.7764935085033388,1.0,17.114390464993686,8.391004262765408
74,2.5975509857197747,2.02283598292195,2.160737023566071,0.9837830393016247,1.8193604113380115,0.0,10.67304343010067,10.490241578342804
74,2.2289642236899945,1.4709627888178987,1.4111193656517582,1.0222625612496141,2.415796984120756,0.0,7.504072765154017,8.712275677953322
74,2.594283531966209,2.2820616709155663,2.8898090702096955,2.788116335761051,2.8676764497230787,0.0,22.426757845789577,12.66281892585764
74,0.4753005800421056,1.0823970166533687,0.7807426998290055,0.2915387740119163,1.7543128344076564,1.0,8.113636100972277,4.417000898808107
74,2.071483840625417,0.668059182318083,0.8759781986053614,2.2386763168677186,1.9645652502029047,1.0,16.689139914872,6.93350093668659
74,1.1923707147716904,-0.3268524793746095,0.3222255761165964,0.8935834835923084,1.9599954125078902,0.0,3.302638618906984,3.5794650053158676
74,1.6756084969167788,1.1341465071931618,0.7868112082043197,-0.7088284873557278,1.447524029470626,0.0,3.9653037670421956,5.774123303431532
74,0.33503782286741757,-0.3512644970014325,0.6459645924399173,0.0594782480756888,-0.6280784931848693,0.0,-1.6950287395964658,1.711401428079986
74,1.600140296859648,2.1180220540828487,1.715339885005473,2.0674225580717565,2.9437780211532774,1.0,23.428596614225015,9.467443083133736
74,1.8219540319273788,2.189955154096215,1.7800336385590572,1.826739762811056,2.5030196194630636,0.0,11.408889540021937,9.843134819558525
74,1.2377146106135117,0.7107156614557477,0.3619123910707336,-0.21034401144778725,0.7136861829946344,1.0,5.293368850479589,4.2217270021105096
74,0.33489322362270957,1.1561519284603015,1.2514357006525596,-0.15572172501748405,0.8372989514839546,0.0,3.640061001565063,3.413176065969848
74,0.5785920605342478,0.8907915351137023,-0.8772081793484403,-0.7445795461964457,-0.3732610166857371,1.0,3.3958863316849914,1.8918727595789426
74,1.7742066836219506,1.4707528151044096,2.346899943909189,2.0290134639470674,1.4783933564687317,1.0,21.358176507753022,7.458548509689977
74,2.1571300875606942,0.7393483215515039,2.3944233770376093,1.5405305892882417,0.7272744007302541,1.0,13.249916603326142,5.640608432080279
74,1.711813312813444,1.2567003726383874,2.3359029249082046,2.2777017731368554,2.386030054113589,1.0,20.109119799709358,7.442696754278419
74,0.2338813474371717,0.6811178604671464,1.9562143060853554,0.30971698911830314,0.4335705261532372,1.0,5.88907880715341,2.590604791119024
74,1.380127232988737,1.3150134164685314,1.871834888749581,0.5226410488338211,1.3373282954068175,1.0,14.20205910779493,5.731846045798667
74,-0.11158042690357872,0.0965233546334211,0.14725883417901942,-0.30785801810628866,0.9243456001745837,0.0,-0.9833451748833463,2.352751552190849
74,-0.5132278227259999,1.0854458151051,0.8969341619182624,1.345973791418798,0.371749255157103,0.0,4.308368721373538,2.660365204675042
74,0.35209916848755207,0.2772597694399591,1.0097370413057698,0.8452867746506694,0.5735708764938953,1.0,5.676443042622259,3.1586831342433053
74,-0.38530400402651854,0.35432491217793516,-1.6165171638511846,-0.11362305716739685,-0.6212304464798184,0.0,-2.403691452164496,-0.37340259668202413
74,0.6509083571149755,1.714855068703884,2.645514470962221,2.1619195782894507,2.005276629806332,1.0,18.63003894484986,5.825994520309262
74,-0.40272953505767006,-0.5516193635550488,-0.6212002409271631,-0.10784234594770137,0.002151003110606564,0.0,0.5976069321561489,1.194713657047275
74,1.226520875398864,2.1767678467329334,0.6871085724498645,0.7955290073541762,2.3863939830373813,1.0,17.71040327124689,8.079094637037189
74,0.741488520210956,1.3219757126361074,2.250616706261402,1.4947092124010064,1.746227944464473,1.0,15.092323075699646,5.12908551705524
74,1.651867001150829,1.757474596660763,0.9452139896014404,1.0611120899119795,1.8359896223320447,1.0,15.75418140121016,8.114512369105988
74,0.18155997587099948,0.626532420667876,-0.0534845521022842,0.15797265020975348,-0.7497278257046684,0.0,1.5468981019993908,2.193749587919437
74,0.3915506878122691,0.1986572992203186,0.7863718192028554,1.3026651364074135,0.292523129146794,0.0,4.118826793890189,3.2700864055456744
74,-0.6298934368199658,0.6997657319357198,-0.25632114663734296,-0.2894480569525246,-0.8848262535758635,0.0,-1.5533997322336257,0.8461897752359058
74,2.5121755262526806,-0.5196612920968495,0.49115357200234455,1.113382183305212,0.6351887747616682,1.0,7.6961597164789435,2.6924283729757192
74,1.3694025861135155,1.0366903250247619,1.4955940622149924,0.9708587727309131,1.3069627974504907,1.0,11.135022546409676,5.584532085571132
74,0.033610248494824524,0.42681490934234556,0.4455985096411613,1.4881319885357764,0.7338333003119195,0.0,2.4700820843735167,3.4806927038835562
74,0.9831657457133643,2.4194952479096594,1.6289252969506425,0.7499646922706489,0.8170168068799673,1.0,15.110273240448125,6.619952504914351
74,3.0369184640688935,2.7807444526088245,1.2101830879715192,2.61405670473452,2.0368274426473696,1.0,31.819764437613674,15.637107343268077
74,1.5749500639176246,2.1881651863614637,2.4735294832374306,2.0954507201202306,3.102736299449529,1.0,24.72089842416428,9.378643837644324
74,1.3197776342402119,2.1929666477364447,1.8221961060397658,0.2614434456944589,3.450139845268319,0.0,10.376868315544202,8.168730193876655
74,2.030515245561719,0.9683602554986674,1.2335069871813245,2.1223575423711702,2.063870274615228,1.0,18.012123966429627,7.506505796967046
74,1.0935766141650058,1.8145971919785144,0.7588724622348546,0.07824791262030328,1.5258316069762206,1.0,11.43215017243701,6.345576282030564
74,2.1327164013146778,1.7484682327413015,0.5989860776937945,1.6714597144405317,1.5027533323930722,1.0,18.23838090800826,9.38208645060881
75,1.0269381884019646,0.7499009071594169,0.49055393378332035,1.051294370727328,2.260947122086154,1.0,10.90697686756731,5.441991167834397
75,-0.006484100949923022,0.10511119875969077,0.06616687586426317,0.45708301350707903,0.7576269615847923,0.0,1.334582816521069,2.6868821935522678
75,1.096246285959292,1.2815849177402574,0.5601392092688786,1.6433170008047837,1.7604567515181238,1.0,13.988363596086105,6.4229859456217016
75,0.7429188656442973,1.1704197390763276,1.0453713405573821,1.1985543980997768,-0.05783467225251382,1.0,9.529852330453462,4.420822450610957
75,0.346770150708813,1.0188425474245706,1.2103183659563252,1.8078988233333513,0.9021876458170162,1.0,12.698838788714601,4.349034465389809
75,-0.6830160776618426,-1.357365291324585,-1.5343286503609477,-0.9562884106415017,-1.3006245931118614,0.0,0.147137597439152,-0.9522496003524785
75,1.3921113776994818,-0.371556264238742,2.297095936154509,0.1004066255030831,0.9008860075233499,0.0,1.7059301543155292,1.978116499187259
75,1.5495275009244653,1.372662471600173,0.6569764324961018,1.0464040009598188,1.2350027907959593,0.0,7.717784703287185,6.849107265446081
75,0.5949221954644391,0.022835991008341883,0.42238608634452934,-0.5076266724121523,0.6186875609006084,0.0,2.081547804405005,2.5013016088531055
75,0.4419300373733145,-0.11934530790903142,0.09383930479004221,1.0912518114544865,0.2692933010056965,0.0,3.62637378285096,2.831342619395229
75,0.5888192603698768,-0.24113258957570927,-0.37186610696739986,-0.2854707870980675,0.026262291947692806,1.0,2.1060571630423155,1.6479734308667107
75,0.8331602026790578,0.8048627114897643,1.7992201680785356,2.1187852864658545,1.2784328739613662,0.0,10.589058297699907,4.861367612955148
75,0.5704049139927416,-0.2767409703096648,-0.42929490856547403,-0.1773734063899095,0.6148061015257598,0.0,-0.2742500947947011,1.902305911493663
75,1.1447023396926848,3.1037232385273708,2.046255443569839,1.4863700842533505,1.3817576645706664,1.0,22.17301425105997,8.676496950037627
75,3.3629829944520426,2.5828601645487392,2.210767101477503,4.0442652098865,3.329092781467237,1.0,46.129246360354855,16.853926936736773
75,1.1089329240017862,1.8356166275197396,0.7118140423834776,2.2767708371678808,1.8360288498633208,0.0,11.522595569159876,7.677335529332042
75,0.027767991251443913,2.9446972570154264,2.0203548589170266,1.586202557075142,1.079229636757824,0.0,10.237558237881576,4.4763265049127146
75,-0.37137971612776965,0.09171104914280948,0.8777334140934138,-0.43166623543176064,0.7895277895778884,0.0,-0.3699979360781324,2.0827999791610465
75,0.6618489281901464,1.2898461749588965,0.47489879973636195,1.6313768541644884,0.47685402589922676,1.0,10.944926425722189,5.010434699741939
75,1.8645551380738272,-0.5417006782386389,0.6353248655996009,0.8692866328976688,0.024281722888334745,0.0,1.4249169009818259,2.2207220087277566
75,-1.2645602880185947,-0.5763501325921208,-1.2897974701537946,-1.60681823523656,-1.0114560003535265,0.0,-0.38118125940725817,-0.8683461063575599
75,0.9462926088473224,0.17543238545980655,-0.429366518070208,0.00595518036305176,1.0064958917279963,0.0,0.9899010666510258,2.9276447912709944
75,-1.26893442650981,-1.041502516833671,-0.2879703626510697,0.39571165648244644,-0.8711648338205569,0.0,-4.557742130939111,1.743490437963298
75,2.0932909273796136,1.6504641658304644,1.5785829712063455,2.298343053837314,2.256823031132253,1.0,22.19244757644152,9.385867173265801
75,2.241633157065838,1.3587568658701448,1.5979145103426204,1.328408511315021,1.2268677368900909,1.0,15.000096485957911,7.895509973764034
75,0.8437480380949216,0.4799006932135329,0.8371455107029248,1.553587742306722,-0.01548964310061307,1.0,8.728707161881896,3.9239471184807595
75,1.3711728409356752,0.7429370082532512,0.5304204314291002,0.4584023151774492,2.7828255419485273,1.0,9.188174551208132,5.824168569274781
75,-0.3058599179264725,0.0005599136837184382,0.19763517139051234,-0.48072955805516004,1.3542437450362212,0.0,0.39897926405626194,2.3632870777637707
75,0.3247222074055267,0.25971305168444936,0.797129066762153,0.8091696117356003,1.2996525451459342,1.0,4.809324822773906,3.528291153548472
75,-0.08002643048599478,0.03847876215036761,1.1863236760951406,0.4383927518793038,0.34691784342937493,0.0,0.973950820964504,2.3370343215939124
75,2.3604634255865014,1.384814525846488,0.037387675321758684,1.871281470542491,2.3103402658683247,1.0,17.358546079953406,9.250248883342213
75,1.5099943749507154,0.07562801591964685,0.010103279172688495,1.319478171931678,1.0796134880216133,1.0,7.763840592318581,4.111555505934647
75,2.024785048134285,1.446800251394753,1.2387898500296028,1.769189819505779,2.369867491944097,1.0,19.17186713285226,8.680116333977601
75,-0.40773181842196937,-1.8954518710882984,0.20025206631686787,-0.226160285061084,-1.31108389313609,1.0,-3.201633631698913,0.9327646062946986
75,1.372362493649474,-0.15329777877246098,2.091088022622227,0.6248901021383468,2.4807637144279586,0.0,5.520913856697578,3.5003898991508215
75,1.1540995884102814,0.697126655969467,0.7164664684259574,1.7089419073393761,1.3853315775407633,0.0,8.450694077455195,5.389667672957126
75,0.6603754015600418,0.6997461433383765,0.6188277804362565,1.4524371309127353,1.9815009975491082,0.0,4.441211205889081,4.983097865409782
75,1.3992652058176624,-0.1919535873382514,1.7793633769646573,0.9818712709945625,2.2253033891203025,0.0,3.924869970234157,3.621272634812709
75,0.6619102599449391,0.4319928705536408,-0.5990402976959963,0.7753286152656975,1.3136072257718143,0.0,2.482654576715182,3.4037169735929322
75,-0.7593381279171154,-0.5452583374870204,-0.9029980914932474,-0.9343093191021687,-0.30779605007640276,0.0,-1.9300343270704257,0.308444174540484
75,-0.3328728622879995,0.9641063691223473,-0.27799322456902464,1.2426873182869456,0.17385315633845833,0.0,2.2691234807999505,2.52557361831439
75,1.634940369995829,2.4784847205698997,1.3670218278881339,1.4399045607728498,1.539884738818357,1.0,19.99794717283968,9.48466000213438
75,-0.3493917000645739,0.44345384600549564,1.1513817188640096,-0.3136028023798805,0.34735007555149733,0.0,0.6161616155792609,1.891882344031821
75,0.6864730967101498,0.7016839370204263,0.8452235315466442,0.5986443283153549,1.1083654967995775,1.0,6.881875374972952,4.115446411120877
75,1.287379111760426,1.0847807782232577,0.6289852617383157,0.5901421422090716,1.081222378902402,0.0,5.89081945445477,5.54140387106729
75,0.8365019868142796,0.14483130849195558,1.9502944470296564,1.3926891625509454,0.6650350978472181,1.0,7.256249708760818,3.245373333944536
75,0.3307921959320116,1.1194662287016288,-0.2400876829171812,0.39877792297646375,0.8715253170579935,0.0,0.3496647469459573,3.581864811597781
75,1.5521818268329213,-0.25214638112928744,-0.5455796279767668,-0.9660416719146323,-0.06318911897144774,1.0,3.3622365771046563,1.3260621404503126
75,0.7716297685505632,0.8116605134938428,0.9921647473103087,0.7475953266777464,0.029341051610005664,0.0,3.7971708142624054,3.849375909380906
75,1.731647325645409,2.4432189071409507,1.2017836726783375,0.6525167810350945,1.576374845916352,1.0,16.72430425378091,9.39425897901209
76,1.1955253217191546,0.5245537786755543,1.4574590302731019,1.8750719798881297,0.789282927384038,0.0,8.523245568772044,4.66115865355836
76,2.5270441197372144,1.9359269198877382,2.7786074564375633,2.181852178750096,1.9006157714774576,1.0,26.64775151110851,10.619354915159814
76,-0.2758634257415167,0.9802883077193457,-1.1338075596938135,-1.3476695915956687,-0.9685069562495812,0.0,1.9085509745179094,-0.2199921834593933
76,1.082457385861689,1.4708434462299154,0.3931857121614786,0.564787293739987,1.9176802126038104,0.0,4.56787957486406,6.230295574827541
76,1.847077170140682,1.4493764239465472,1.251995578843376,1.9728037099547282,2.0756886831174657,1.0,18.172406244722083,8.289008848776923
76,0.7190731516561564,1.17036121943958,0.4772691222636084,0.6013104470400086,-0.05643190084128302,1.0,7.54116936522796,4.185619026633109
76,1.2312299824485884,0.9568554221288889,0.3133061046664962,0.32091610569793094,0.63651744378043,0.0,1.3564431788526758,4.858841425241842
76,0.3075888962305001,1.5817110048610004,-0.009705658610834611,1.3126414358106984,-0.7983173340543848,0.0,2.860094093067502,3.6834288147245173
76,0.31796412856772105,2.2728273316499927,2.1857909257711823,1.8851393081408814,1.433417726728295,1.0,19.150483969711605,5.1932931614578
76,0.8168545060760589,0.7258908441869181,1.1474224394292758,0.3871252617115376,-0.261485549700301,0.0,2.4115278238464004,3.411689743509523
76,0.834730352357526,1.4135314678421582,1.759877252155863,1.9723430439693215,1.2418625880820797,0.0,11.484537366069159,5.603133692272546
76,1.0785218897922777,1.191018175194923,0.5812508221480657,2.0002791192319362,0.8324375744840997,1.0,13.93198468829164,5.96206947878369
76,1.6321884488246525,0.8361818444847282,-0.12295312152501747,2.003265967781167,1.6130691459700297,0.0,8.907210319990915,6.338133273021659
76,0.5830327255458321,-0.8126074705411963,0.3560998675844973,0.17484469721038443,1.5612670922450713,1.0,2.6677488732651295,2.3948053260552764
76,3.655791162834132,2.9913297831959826,2.9721880700223595,2.4591415786427584,3.1791261093680445,1.0,40.35072506747638,18.578780012412818
76,0.5740876205598733,-1.5207966518247753,0.4476972919526676,-0.0688702471997904,0.018595263923087635,0.0,-0.8265066408511721,0.7537324203139792
76,2.2855771391754263,1.4619649956808387,1.3595122121133771,1.4931191626400075,1.951169825035982,1.0,16.772257968736493,8.826821071213159
76,-0.48224306910212644,-1.2594364572632424,-0.25338445989479075,-0.8572959062764864,-0.11505468412269826,0.0,-1.3073739896715055,1.0917167594596464
76,2.5250559534350456,2.7958322071421495,0.728741973609474,2.114998705213985,2.613570113003954,1.0,26.64962883624598,14.194744987707736
76,0.23744926504458364,1.755059658444631,1.9506462761046368,1.6324992656944701,2.8029418944163433,1.0,14.896027310378308,5.235254687391167
76,1.884342937188182,2.0480179021184144,0.5401700897586132,0.8655847449285963,1.3195749915336037,0.0,5.453418446810847,9.045634621546046
76,1.6375614701063084,1.9889687209512248,1.4758432708946772,2.234322264967676,1.071530739264195,1.0,20.719606660052886,8.555982211874646
76,2.3364233215537142,-0.7451048612145377,1.5463707967005607,0.7257155628336218,0.5847106554463817,0.0,1.9829606037781224,1.5076004643435463
76,0.2313603256379213,-0.2573068283066091,1.425613117699573,0.23154417866915467,1.6030538444790325,1.0,5.837011879307754,2.702275441270017
76,2.222241872305575,0.33872099583929327,1.8688611533908728,-0.2031323438270023,-0.3908965370263515,0.0,3.3067711347510547,3.3769466376207955
76,1.0542309344385876,1.8736386383626167,1.1072222384462478,1.6432117792870375,1.3078105870565382,1.0,14.46370002294947,6.9154527367377465
76,0.07350486366152087,1.496442960190545,0.20843339431012053,0.007849719918733289,1.0168488493108856,1.0,6.668755720598503,3.4898920183501305
76,0.9468865153754932,1.6787472944333426,1.5029560608673864,0.26928517071521296,0.48990160854180753,0.0,6.075371765594367,5.1012597417943315
76,0.6610544286677689,-0.3249315204507397,0.3936887175288767,0.9422319999840155,0.9440777888240128,1.0,5.892632744201643,3.0167636495919794
76,1.5854474838051278,2.345843779465799,0.5866340796282082,1.4942152799654378,2.0301283969642094,1.0,16.490126771099643,9.573155262900064
76,2.419673774129972,1.692011984369708,2.6171212254858203,1.1089827760257922,1.975109935351914,1.0,22.862506164951064,9.134978123936467
76,-0.22319364425549382,0.26186652420563217,-0.8106933167401076,0.23171335223359812,0.4949453435670622,0.0,-0.13157784489356505,1.6078682925118726
76,0.29489887346362487,2.000768624929502,0.791454303892154,1.2833877783158498,1.1663759457380771,0.0,6.028188600678844,5.061278678893967
76,-1.6796262307351095,-0.7275553878260625,-0.6487382808522049,-0.7892111400856234,-0.9892667456504318,0.0,-3.2835658752142045,0.6016689610963288
76,1.51198324769602,0.80059320966541,1.8589216507909878,1.0829622225330604,0.8602398333227244,0.0,6.437970750501972,4.983678276356207
76,2.1290313350468075,0.1738112261882666,1.3799156233494712,2.308981797151308,1.122815561757964,0.0,8.893635737709365,5.117050994819508
76,0.8731595114889343,1.2419035187863197,1.8281417345176025,1.3641188043426182,0.5237605217119132,0.0,8.781056278159918,4.74540763747605
76,2.070394229146643,2.267419859546436,0.8882918084925046,2.3934799295172233,1.5159846022125816,1.0,25.062272909496276,10.89297670171694
76,2.2583391796501884,2.9009654500091377,1.2322032098058722,1.336229260300036,0.678267738127583,1.0,23.718045929322315,12.086526770530744
76,0.060799845425101307,-0.3578262520459732,1.2854319527608462,-0.5804772673453726,0.4018506121103881,0.0,2.496908778927396,1.6646407730498978
76,0.3369028582279806,-0.10717592176093738,0.4595184474269056,-0.37765216919195055,-0.020827935988250834,0.0,1.5657956016436962,2.0055409429587927
76,0.5938509701768622,1.0669984687118732,1.654353768522368,-0.8207495273475127,0.5001117731041876,0.0,2.79588507027014,3.0474605576072817
76,3.033866588330722,2.0264449190084424,1.8493319618585078,0.8703284437400267,2.1577070767062896,1.0,19.69456375009639,11.841855010816555
76,2.0335375212597366,1.2394606557182575,1.2839904534996622,1.7125070510213023,1.105983557002935,1.0,17.62128385990286,7.491119388031384
76,1.618523914565868,-0.6738414495171794,-0.009433287480276498,0.1034061594404837,0.9048308337155286,0.0,1.4718402434314415,1.8810700915665293
76,1.1031266050342954,0.40673486293801275,0.9897492588792067,1.0775029629020405,1.578296906000566,1.0,10.255367047746873,4.575284815800868
76,0.8673962447912369,0.6400506363916969,1.6584587955196985,1.5218236929558633,2.3126103739567583,1.0,12.740462132685042,4.967797155184376
76,1.0042791534127204,2.309997973890486,1.1133016273404428,1.9088034089141188,1.7161682460936738,1.0,18.587140149788574,7.7878598497062725
76,2.8365429976618284,2.2684952966280534,2.926488911688283,1.55904187457815,1.7773873148532302,1.0,27.18377574668506,12.141708390702158
76,0.43500843695450375,0.8599892610675516,-0.6828415178979441,0.6072714135519865,0.8467231594383424,0.0,2.1865123125958856,3.182960816189328
77,1.521604563547359,2.06486167421849,0.5124567369146924,0.39034582655319894,1.8328247564966014,1.0,15.237436364857999,8.174492277490948
77,-0.6272195781131533,1.4003312456595738,0.077707975325923,-0.8262637518411349,-0.9987318035615391,0.0,0.29986575260798615,0.6315791249197291
77,0.1999935112582768,0.19991783967388732,0.7437992346340119,-0.10855049112489601,0.21538216967286739,1.0,3.82876347501639,2.4011548600928716
77,-0.19080580116658297,1.1058702104577558,0.7526963591057657,-0.13633794547564992,-0.08798268957869437,0.0,1.8193318700604766,2.240561883585757
77,0.8496006017254103,1.270893768539931,1.6318048499508233,0.7399946858748949,1.2469193630756483,1.0,11.194507372302377,4.888388060891645
77,0.6036207359454334,1.0890955976181318,-0.4481177519255395,0.8456565134034407,-0.4131488887458068,0.0,0.7411236456656862,3.3972180091277466
77,0.8600234383469139,1.58920531801671,1.405781038926345,0.6928499048575801,1.0024551294916844,0.0,6.340114334896805,5.306178647864988
77,-0.00358960484185622,0.023553508478027396,-0.027883224850504096,1.4321904317597058,1.114111635714619,0.0,3.34870242538433,3.2687181134133265
77,1.7648525579526826,1.8276890353939041,2.1913256501440768,1.0943108096963756,1.5426604815822722,1.0,17.970695442596142,7.854555052652111
77,3.1183895907615446,2.468147781932013,1.765801096211092,2.892345315198609,2.763201048859098,1.0,33.87519263618124,15.006817554134301
77,1.383764919673927,2.3475319522117575,2.130032975245851,1.099919762171535,2.1591681734570263,1.0,21.07638042799861,8.278101964944637
77,0.42293666169861854,1.4942129981162249,0.982043991102196,0.6097860872572993,0.8206123612965441,0.0,3.649743960412601,4.352077362146215
77,-0.8193750272520464,-0.8051792094377499,-0.15826222315274574,0.5439442897303409,-0.2405948155603448,1.0,0.6844320378663417,1.9075128959187966
77,0.552616087443887,1.1991413280255945,0.7317426289861726,1.3723053038037314,0.7448757125585683,0.0,4.131900421120466,4.7070164845157825
77,2.179307256770521,2.0155132535012665,2.483796719390499,0.9760966100646886,1.1835319479782873,1.0,20.925913258184398,9.020203891889835
77,2.683192095454383,2.742594392600221,2.1427811056480275,2.988762345937423,2.907735472962822,1.0,37.79025595132163,14.550138329573688
77,-0.9007590060615924,-0.348915453464703,-1.2626919993206065,-0.514141390252171,-0.9235094479033628,0.0,-3.1752568725111927,-0.35746713462314594
77,-1.858815959901956,-1.4837310218792235,-1.6615968939437757,-1.4432669613630433,-2.2496315440260832,0.0,0.8404195568795627,-0.6812141342371021
77,1.3053511158506461,1.2866975042631887,1.3569038215863567,2.2349342993706314,2.396542661588111,0.0,11.0868656983171,7.1820720256956
77,2.1137923850734452,1.9892054620708708,3.106148996239661,2.4383919617962535,1.8925197418690372,0.0,18.748583201337038,9.97542469226534
77,1.0926144605675752,-0.20966811581144063,0.46832928363391857,-0.6216892307913147,0.8066596936294866,0.0,2.6780592862531947,2.4313603184169086
77,1.082212100329687,1.336969741499536,1.7242954428231159,0.34606881259730804,1.3760816613314137,0.0,6.066721868865817,5.226801676020914
77,0.07477588580221028,1.9145512757162604,0.5617388889423804,1.1257664140147936,2.318247486861286,0.0,4.317906035915635,4.987032399959858
77,0.4416897452410016,1.33777406142777,1.9365630326871506,1.039370955881894,2.041176005549083,0.0,6.978722962198345,4.631502597091139
77,1.4587821901339002,-0.24484144886203918,1.3601144954241495,1.4790525690487082,1.3551230307124074,0.0,7.581630375091349,3.556071776719812
77,1.4087744410037566,1.456940712886143,1.472323140644591,1.1462181358601515,1.710181727407353,1.0,14.335764797528626,6.7480340320059735
77,1.0910989822324264,1.0922335284338711,1.079276960943767,1.8466592807948627,1.8227716966758916,1.0,15.283800659036933,6.129721046631437
77,1.4567368129549163,1.7187650301402582,0.43744266110954255,-0.3285572841621083,1.1400694235615294,1.0,10.87473461196843,6.62185458909033
77,1.3482353516959453,1.0470704179544439,0.8054120388376329,0.4879477231541868,1.3397181102769404,0.0,2.312947239044209,5.618703340133955
77,1.9224011517564183,1.599213260842192,1.1206719880580076,1.9290380750584069,1.6136608877334235,1.0,19.846977074687054,8.601899587475366
77,0.6490610736254827,1.1002304628780295,-0.515268392440116,1.3167078056507846,1.597911887517704,1.0,8.921380559559813,4.658598682411144
77,2.4485909151123346,3.250146909589272,2.0143918735245046,2.3542333129323483,2.568162390144297,1.0,34.98561524936395,14.846853114571996
77,3.002700475960533,2.491831890158152,1.8434423880229314,4.2309135560557465,2.774358686742193,1.0,45.39668581976866,15.384567604325014
77,1.6255262533167674,0.3288984068824269,0.2926709350065577,0.6024946198112363,0.3332438793485085,0.0,4.055747535392191,4.083526740853758
77,-0.7903877989506118,0.6310762420262006,-0.49094173197460544,-0.22054092900529065,-0.20624198021324802,0.0,-1.2965266723963222,0.8445762030123347
77,0.9393763159645271,1.0729234658034865,1.4696862173101568,1.8744098013289285,1.0779974660519251,0.0,9.782931437588864,5.326013444314573
77,1.873982757947779,2.848337236767966,2.2889199469017463,2.1625872295686963,2.391961277875959,0.0,19.23786325299292,11.462656256190254
77,1.54670640142364,1.7783693295385428,1.9620068059541043,2.6239283777363296,2.1278640879625548,1.0,25.561641996955363,8.388745007946815
77,1.3659832908389016,1.5444514903752389,1.4559606527395332,1.4434670771706446,2.640716934758741,1.0,16.81068635528512,7.449568098614161
77,0.26938055584887477,-0.3632823740067501,-1.148997832545318,-0.49481538186309004,-0.5745085530546967,0.0,-1.0648161971611747,0.15542897726520677
77,0.05728002892618589,0.18409489945158586,0.7112161196472989,1.3425935773033784,2.0646828881323813,0.0,4.6892047545866555,3.9480473254379165
77,2.661775895759132,1.1805843245971972,1.6537979202923676,2.802797098931597,1.4551510010391389,1.0,22.154512719343465,8.936597695435276
77,0.5657239208289802,-0.003028771252193474,0.8287954345922963,1.9163641078052671,-0.8118503684770659,0.0,2.9572567856564085,2.9220528702449426
77,0.8185138631006951,2.7166168719738844,1.7734182115245618,1.761163858437108,1.7175487869408872,0.0,14.468979256152242,7.415981099840796
77,0.010934403179958196,0.4304659764601141,1.2676417331128211,1.1409022724784594,0.18152761565255648,0.0,2.8631509453276838,2.8189753186718365
77,1.569588542721747,1.263483426786942,1.4938102023063098,1.1139884417502517,0.5971495297576144,0.0,7.629276005075424,6.079069281579861
77,1.067980622596192,1.9559857826346279,2.6010333947568105,1.131547274748141,1.1607873790497745,0.0,8.318500533168244,6.190201128669035
77,1.638237868642407,1.0259044863800677,0.8635447602262297,1.2737989426948197,1.5410569541840777,1.0,12.371398654940666,6.50169408983683
77,1.8168225943291745,1.0953507374449334,0.8788892457999125,0.24429339407302286,1.0680743536130621,0.0,3.5724303011475387,6.179779983554077
77,2.172283710226621,1.7830095817351386,1.8213739184963291,2.656456246009089,0.25172246995536274,0.0,16.9133245921421,8.967662079063377
78,-0.8368421219167503,0.40719246036266454,2.391909013427325,0.701338404330079,0.29115603108419796,0.0,1.5935298184202804,1.4047166157027717
78,1.2903295886654904,-0.2193085135593107,0.29453415535708294,-0.4241601930414025,-0.09943906597930785,0.0,0.6907494776659017,2.094935199728825
78,0.9751876151168962,1.8912642930248427,0.9184939379497801,1.109932051867336,0.8161910306309701,0.0,6.777711281616291,6.306889674295625
78,0.005870208812208788,0.5789962101421318,-0.17925534845074087,-0.7457541818563245,-0.05932588773846992,0.0,0.20451437347845705,1.7876410637608617
78,1.622462753447064,1.688204366984367,1.103042007239235,0.9777320608335155,1.2858583442437517,0.0,7.906462725844373,7.52858143963456
78,-0.14688543809692667,0.6312286981191328,-1.029958433349293,-0.0911611630901239,0.15694750298652205,1.0,0.06882438698495587,1.1822217589949058
78,-0.09481777400984903,-0.9744902284239769,-0.3175752761966615,-1.4430409179262522,-0.27492211394273425,0.0,2.2184497386894577,0.4899712029544252
78,0.04012639301559262,-0.7314254135694407,-2.0180926934242964,-0.8492557224711326,-1.3191192264772127,1.0,-1.5106666084434728,-1.9007622635941006
78,0.8766145599189357,1.4792762603562941,0.6519026081054462,1.2117897040617718,1.2277307682420955,1.0,13.316531453855223,5.815342984117469
78,1.8713817288015606,1.4966742294256568,1.6131638214782398,1.899078239244903,2.8659799661926746,1.0,20.77886467912889,8.631632978640653
78,0.45865742997002323,1.8111786987711187,1.1708583327252118,0.6157167017962009,0.7897865729418472,0.0,4.516075534673353,4.643170665613285
78,0.5400014162926765,1.4307689630291949,0.5196809319269751,1.571122056542547,0.33641903803014406,0.0,4.811332090520693,4.839591143423284
78,1.1802887607059862,2.0410953912278584,1.1828313228113654,0.8032604835232423,1.5573615949049548,1.0,14.137467338708156,7.169806169332046
78,0.9880893738728519,-0.06167114313602973,1.020867720461064,0.6755793776723198,0.7439591421949742,1.0,6.623965786301979,3.145101997072788
78,2.163189379199705,2.4137097217656525,2.6467813011189483,2.619412927226206,1.5404915063774225,1.0,32.06226013036418,11.03304534471366
78,1.5018983506273713,0.7894617061391687,0.8613233894407898,1.7539718465213894,0.453717692689686,1.0,12.71292837308772,5.51731170332814
78,-0.006231223451850676,0.09777585442435632,0.8218851936715111,1.8150185922242577,0.6034113143105211,1.0,8.737181253322285,3.34616224671374
78,0.5230850042476991,0.31832561422779293,-0.1848674893821316,0.42548688217528596,0.9916552696877274,0.0,0.9127766179856075,3.1863146126179362
78,0.8489233750299332,1.297386643604951,2.083536225637478,0.4780603426594985,1.3958087187849344,1.0,11.505492983784123,4.6626728578921375
78,0.9478266080479671,-0.39548997618840676,2.1025429515926986,0.9882744871671603,0.7427803367259215,1.0,6.638912275139132,2.311071711475975
78,0.9121460249530615,0.156862321647812,0.24895777564288524,0.5207404300995806,0.664501690791026,0.0,2.512420763746339,3.363855210587886
78,0.610262858145785,1.9827280576925002,1.1900913887017017,2.2432614991632036,1.8538322930509192,1.0,20.1297531808144,6.521648368064323
78,0.5111893384598021,0.37499949262204557,-0.3473412218200198,0.43547470466858207,-0.7112793826490065,1.0,3.294724914141543,2.263498288920066
78,0.3431667788844599,0.870900935215294,0.7544361322283157,-0.06945634622255015,2.0305229477682136,1.0,9.283767355717934,3.992307332183106
78,1.164602919848027,1.2698606686321148,1.343868718933303,1.0503387488261549,0.9202373340869645,1.0,13.05251414246112,5.57832260490983
78,0.6881783668232424,3.6589296382068914,3.039236817158466,0.9975926714272431,3.204021325269036,1.0,26.888818241741436,8.317209419007254
78,-0.13374676286537301,-0.013213913199349614,-0.7895686183338657,0.8935415147390661,-0.46556790252282787,0.0,0.6315410767191745,1.4516411605556172
78,0.5341398203838121,1.4347083941551244,1.3948009227517109,1.7017324147273056,1.4049492763265632,1.0,13.885953434315287,5.176588550083702
78,0.2666957102561477,2.1874074456479007,0.46957656790958846,1.3207417390886804,0.11518992782352466,0.0,4.713262957084729,4.65493785254896
78,0.4198722266154634,2.074669552990751,1.7384720379305127,1.8474595449435571,0.831485317441887,1.0,16.567210006377096,5.16018435422395
78,0.6164024092005893,0.5723775997654746,0.08905201966531029,1.12770733504023,0.20161690741718064,0.0,4.88327505489724,3.652430555593913
78,0.8871185315856057,-0.4757871188614733,0.5068338672405487,0.17725703075248123,0.970261113134586,0.0,2.0136971792976874,2.4850479063664186
78,1.098187801534647,1.7009980693559101,2.965292852025585,1.7384041640497943,2.123460971595541,0.0,13.70991276932775,6.6966878583821146
78,-2.218634193282526,-2.555303331917294,-1.908728381481287,-0.901520344760862,-1.6565797176077317,1.0,1.553772967984968,1.7173635464992385
78,0.3321791397302072,0.7562271080546764,0.7971543757493671,1.3315443082495273,0.6188368369307542,0.0,5.437289990756843,3.8679189662159947
78,0.02313231375186664,0.6346351890901689,0.7174571050762577,0.3679130915232264,1.4725867522609684,1.0,6.5475291329720795,3.3760228487273682
78,0.299270163590184,0.017901315792924755,0.5060494668815578,0.21870217572509132,1.0417431410574,1.0,4.414572245610137,2.921856713913031
78,0.11880409815569992,0.7890045270070041,-0.004766061537825328,0.6205185063621186,0.26149359044413534,0.0,1.3187462675728119,2.986252943837606
78,0.8104640800136933,1.470065683238449,2.0875884685226516,1.9290983206382002,0.7813658735710922,1.0,17.17463137025726,5.236632899367987
78,1.5942342965023606,0.5509622935086087,0.6546324425977929,0.9943287750498062,2.141062582780634,0.0,5.273224634514587,5.6392449551264825
78,-0.007665053586166426,1.0240962054975085,1.2424635947815443,0.822872486571449,1.2240147334869402,0.0,4.165388542976528,3.467506503710889
78,-0.643426261967825,0.7946500528770848,-0.8958755539383059,0.6576493760330115,0.03828515698338775,0.0,-1.7944813812124147,1.0891781334834043
78,0.36889361453149216,0.5111196369711346,-0.08869675404198607,-0.9644836873856173,-0.986027257500834,0.0,0.14223540305020466,1.6050205676743383
78,1.5452719081837816,1.2416314030348623,2.6802024674817035,1.9905172894585768,2.467629383868459,0.0,12.90375051088871,6.985849892072169
78,0.7336890939646142,1.2871202963052868,1.4640092686777944,2.198813959669935,4.1780277970634385,1.0,19.669164906010213,6.981760548394998
78,1.1974335343661147,0.18396168089947185,1.8857046513233655,0.6326523394181928,1.858311592454112,1.0,7.1130076971835985,3.7895844797585663
78,1.3066744117048688,0.8509884828381791,0.4768928486579861,1.8072717362820467,2.407923539326492,0.0,7.557033138418735,6.4252658411467785
78,-0.4480219598011963,2.0229862811113293,1.6112922799959477,2.8897715783289666,0.9810865584791778,0.0,14.32647805175124,3.581730205003053
78,0.8427744792287277,0.9864629709054871,0.8990568804678702,1.913167858003705,0.7386763804618083,1.0,11.681340861001841,5.143783563733679
78,-0.9439982433732457,-0.8948517084676741,0.2624715443174471,0.5363979083744167,-0.16629545622527098,0.0,0.6418893419601472,2.207352104379887
79,0.3571256462080946,1.3681587871692689,2.101016824080334,0.6640120987279721,1.3637146060987795,0.0,6.113737155137471,3.909894996594399
79,1.097230633321936,-0.15839034200545132,0.05384793502708207,1.437039769235384,0.6880026795051286,0.0,5.145270500144588,3.3836251525041545
79,0.6765380109683132,1.2664998004869634,0.7668819661302382,1.1929548950121385,1.2791290219738483,1.0,11.01323962751153,5.167914852735312
79,2.4683787402986956,0.7106933312386983,-0.4942656173935873,0.33353114079823243,1.170023294489068,0.0,2.200019536593213,5.728758081912861
79,0.2093656046354525,1.4921422248351761,1.1524293811070023,0.06135629537378262,0.5046239994710651,1.0,6.291937642790855,3.4286307979857717
79,1.833182106838266,1.4291572807884432,1.0636859746833625,2.438536854715525,2.4619265561120973,1.0,23.22579575806337,8.718803229482342
79,1.4450625632949645,1.363815445023219,1.5146749623548907,0.33725410136498724,0.8794465006484127,1.0,10.368891935079834,5.797017338223295
79,1.5211388687910192,0.22983220668370374,0.47710310159776037,1.0168831548441357,1.4213040004468445,0.0,5.629079087534578,4.571066295495264
79,0.11788635774500944,-0.8607492118158155,-0.13631167574915382,-1.0434656016155883,-1.0577610433532119,1.0,-1.8889236642767324,0.3990527630815027
79,1.0294726872959443,0.808639815763918,1.793248712230918,2.566737432533339,1.0910066662546913,1.0,17.356162505967763,5.256403020092014
79,0.5218092844947855,-0.7114679125586281,-0.3386138649535564,1.8696368702846802,-0.5396325785185869,0.0,3.2928918244420338,1.972831354817108
79,0.9960693114066163,2.9930739494876013,1.7920654674886753,2.5301917581290057,1.9924584579228335,1.0,26.64320937444625,8.913770581911464
79,1.736851004160896,-0.22634712743292695,1.007006528221789,1.2247379550407897,2.0569706230906326,0.0,4.523851648863717,4.040871557819482
79,0.4889435953207376,2.090185248293354,2.0829309958410125,0.9664034009062484,2.022583761619704,1.0,16.59678899100529,5.3574670372893385
79,1.3650805599242772,0.37646406025451074,0.46201396951909846,0.5518869249316306,-0.45982437198997617,1.0,6.11429011056052,3.556870924431164
79,0.18738764790932028,-0.04721246775140142,0.18396957576176654,0.17742552651726518,0.4401426198454793,0.0,-0.9797652083166479,2.4451346895925754
79,0.41597100105811147,1.3343853560859498,0.3413593988093713,1.2368662553107697,1.3222966349515175,0.0,3.625198217593992,4.822805388099456
79,1.2719500147410097,2.5702870771685276,1.0549710947266844,1.471649579512194,1.7542982303040544,1.0,17.095162120824696,8.824107558627068
79,1.4478397260094078,1.6895303762361342,2.080566664548828,1.172392876663467,1.5733191099384287,1.0,16.0626821352851,6.940016776166023
79,-0.018385602398263368,1.2273921300092316,2.095884464885205,1.134130670187649,1.941105784592992,1.0,10.511724421562196,3.6662081092226804
79,0.11160962152635934,0.7113924932986343,0.047854577487549954,-0.2884646448436783,-0.06478482625188331,0.0,-0.8393369405200857,2.337057045748038
79,0.09727529381400324,1.0495306411118845,-0.04435081779720362,0.2613728381029089,0.2571236985455424,0.0,1.6474112468230866,2.911585892050544
79,1.4098794967004256,0.7653054371528901,0.8511723673363878,1.071729001356187,1.047549175605065,1.0,11.267640254519048,5.310908099554712
79,2.8897482209695373,1.851391775647056,2.5622957816779453,3.0477483337029145,2.2165282200040686,1.0,33.13438464983521,11.797064481857102
79,0.9175969379264968,1.4028579049784666,0.3659115326591744,-0.4056406445187779,0.9331861818033768,1.0,9.160822221072607,4.828012076570881
79,0.5457304870565867,0.2174758466398864,0.19226561632890815,1.16085892047662,1.3063840572997618,1.0,6.307808393315751,3.8116144969764063
79,1.052965655656074,0.37809317519456476,0.8236121712283352,1.0666820983054306,0.40782812659066814,0.0,4.167400120397334,3.942285479974763
79,0.5857015096912825,0.4517958758443159,0.1834981133393071,-0.4267914932518093,-0.04064932463822912,1.0,5.3613579489614525,2.624606275831578
79,1.0128504560079898,1.4785662511039663,0.0676407170816139,0.8435685529486019,1.611822340563005,0.0,4.048188499123784,6.00250389929562
79,0.4689915848130839,2.2213682048957293,0.7345141351256049,0.9057137324419317,-0.12450008943918012,0.0,3.3971536869316417,4.887003259359666
79,0.47354964574225755,1.5814795913928799,1.322036094513904,1.4186955583503607,1.0204967217416692,1.0,13.160675066590407,4.903240449209616
79,1.2248319259339433,1.475406415997364,1.240285828245337,0.32189521089775286,1.5066932460840028,1.0,10.693775338025405,6.016207135014406
79,1.464738426802452,1.7243890118768053,2.071956613001097,0.797785672827976,1.7000834916420384,1.0,14.096045475904955,6.92481199392661
79,1.1523535464669552,1.4187634906444297,2.012566855621083,1.2035250394144557,1.2225801950716886,1.0,16.67947137726435,5.712271018133356
79,-0.39699726397081747,1.1896867568598677,0.32064555424086605,-0.9375244207931821,0.1443581773646736,0.0,0.9106566649700631,1.6368141649220171
79,1.7982713912455504,1.5860828726167875,1.4130633626831686,1.5350872294350033,0.7509938726975924,0.0,10.509006993366256,7.551036537756476
79,1.1122599390063836,0.9641409052340613,1.2880501575348062,2.1789797347360187,0.1857040518311751,0.0,11.101654342041934,5.215936522709319
79,0.9455402088636934,1.2255463341393908,0.06169090004802058,1.1201908385163704,1.5234814647556796,0.0,5.737612820762395,5.595125929759266
79,-0.062448224215408965,0.19074686862301182,-0.03833840979374581,0.23299377864350668,0.6426379153923502,0.0,0.5841893414274077,2.4701493342846583
79,0.8512449379101058,1.2310537671895472,-0.9435463030775306,-0.21797079565012,0.40743127819264446,0.0,-0.35314740278156764,3.2989552064931678
79,1.8343097051452637,2.1094932122161962,2.166017301605461,1.181790291223578,1.910480719112168,1.0,19.731479568410734,8.909817745987437
79,0.7935257406232454,0.6319890302065432,1.1063088213431307,0.2621759984894886,0.31748045895127086,0.0,3.703501326341737,3.505204251964201
79,1.503769893850451,0.8824641107471167,0.585999884654214,1.3264582367015814,0.5346383462145688,1.0,8.838800516532848,5.576847731759722
79,-0.011751356108901545,0.014605510563469704,0.10476851360162598,0.6483403513001444,0.7808262838192431,1.0,3.7439017978172453,2.762739814568908
79,3.2962907147312617,3.8613936235332624,3.969165600138705,4.496038490222265,3.820131601792309,1.0,69.24080324114331,22.77312119289695
79,1.1710058346525412,1.6643600898396946,1.398163327531813,2.9832646200267137,1.818689756555826,1.0,25.202989655552962,7.638493994058305
79,0.5112784259136638,1.3483120600735745,1.2938677045606957,2.714632099008857,0.5697961140629396,0.0,15.120982767883397,5.1817086549443925
79,0.6497696104098771,0.9650528349690128,0.6713732777892747,1.7295175120704154,1.9562587960344158,0.0,6.728437895195458,5.396016161023362
79,2.798651433645733,1.9412450730655542,1.4621073977580865,2.6794970570296512,2.0432110702487862,1.0,26.12090766939792,12.003699382548987
79,1.8689759782717823,0.5964470467585585,0.838424216821426,1.2694304821927507,0.38940436558569935,0.0,5.326007577273132,5.264721640290352
80,-0.3342602094026885,-1.1734988496228236,0.1257779751053767,-0.28697702102369593,-0.023258812741309587,0.0,-0.9240909880446699,1.538245885504984
80,1.8393470900973194,2.0284697983823956,1.697622741171441,2.290377785645104,1.3862588695312996,1.0,25.37812282405106,9.22561147490148
80,0.5391872090587684,0.3446103996802724,-0.39359834979988717,0.021228970270695924,0.5205839598235404,1.0,2.9581595038682984,2.6253506381241625
80,1.1261485392192319,0.9272032082628372,0.6288830537649295,0.8859829718318528,1.5495486886222252,1.0,11.976218873777576,5.4117368165548
80,1.3088001324062564,0.2875462322133362,-0.10378108209676618,-0.08030125791582399,0.10373864483565765,0.0,0.7415533466970757,3.1289614567774313
80,1.6910844509575393,1.6451707003732212,2.098620371389421,1.616883104184561,1.4275128486901678,1.0,19.737602993927567,7.518103612186712
80,0.19792398796252142,0.361760909377288,0.24314795758273822,0.1278124636569593,0.7539867370401738,0.0,1.157167956508217,2.884502075185967
80,0.09423194043939298,-0.07254127864909621,0.3065520246203951,0.8499983143365291,0.3036253227336576,0.0,2.5192740044378614,2.687477197841251
80,0.49863675797580986,1.814274155206722,0.7547671182624146,1.7152055391842653,2.1261932025033126,1.0,13.734382297244997,6.08763328404649
80,1.1682976341954372,0.5836548560929609,0.14293176076202574,0.8832737224932096,0.6149480341062291,0.0,4.805208740965656,4.368238225595892
80,0.6883596250750016,1.3753749683196521,1.7451019626635085,1.3911636432191363,0.7129919630029418,0.0,6.849236980448065,4.72982434178186
80,0.5186256060923462,-1.1063393091741074,1.6521446906719328,-0.26829503469667504,1.1351578793497872,0.0,-0.6170340151085187,1.3106123490280281
80,0.35578462012887035,1.8453009427791232,1.6284849339436684,2.3019570392204978,2.1910837824376737,1.0,16.401901391494285,5.760178739443162
80,0.32035059499108676,0.5189148292451939,0.931955276425536,0.7172643928585882,1.5355007167318067,1.0,8.578028307173078,3.7744930313469176
80,-0.2611135923491661,-0.21595166530307086,0.6844241847968184,0.3565201751242226,0.32083040779060357,0.0,-1.0164437957443537,2.273525891556849
80,-0.3544389924783591,1.6180042682636113,0.19421755103880867,1.48919511953798,0.4797135281297933,0.0,3.0236369440813013,3.1210609162233656
80,0.7757309941941254,0.30699585297632825,0.6507271868041051,1.5397512000259566,1.1284576115457885,0.0,5.422692932644756,4.2346211255507145
80,0.17836834584716643,0.8535283330319112,1.8597831649644703,1.7381881192740247,0.9875222902793706,1.0,11.655701357322238,3.675956341207563
80,0.5208425065289035,1.60265765502854,2.602686467398124,1.8270703392489636,1.2825306818064872,1.0,16.338366153156016,4.89435551795316
80,2.086542614877259,2.0392200846351893,1.987624086865417,1.2108527871629093,1.925728267981092,0.0,11.87101998227037,9.475041659410543
80,1.095574905993108,0.245131464714741,1.614612457490804,1.696735939580362,1.6128250102544368,0.0,5.846188240628954,4.357197658476444
80,1.6151701123533337,1.7252752925869443,1.7451124327098975,0.12168199402578961,1.7188013773377642,1.0,14.900017953793675,7.076199044400311
80,0.4382876063221971,1.9017498608698413,1.3463304833447838,1.649106501354811,0.5063358886813913,1.0,14.002527376992129,4.977004202301439
80,1.1925776144646092,1.746811248486504,0.8204770810299408,0.684938239034504,0.7636058503536047,1.0,13.615331458448338,6.369285322181001
80,0.2913533320162893,1.4897743725512602,-0.002189389950085552,0.25645552621863354,-0.8215461092205443,0.0,0.46663477366427875,3.040972196489844
80,2.8423830940535684,2.4845386240971354,1.803367188037484,1.4847400208178745,1.5666459742083823,1.0,23.99099916778566,12.92236810367673
80,1.0967279548264992,1.341409473164433,1.6220938342165456,2.1225709210005723,1.5847324567448757,1.0,17.628588197486234,6.303653575353275
80,1.5519430392471267,2.0940589679987234,1.030314399913416,1.8083661406519091,1.273609707121517,0.0,9.784210038827789,8.643555651427182
80,0.7474906492376534,0.5799234067362141,-0.3446209780271918,1.3101006988898831,0.4843924309704849,0.0,3.0922414829839466,3.7633339966917916
80,1.2696123330211813,1.1570651584790352,2.0594893738382067,2.0527004603781998,1.9495326869175826,1.0,17.349356877732955,6.2437518826141964
80,0.35343267033708214,0.34537506559019926,-0.4762365752209934,-0.04317943187479356,-0.008741551088996768,0.0,0.8577340394275589,2.0961184290297545
80,2.746286342051648,2.2849310184807874,1.9777247386816028,2.229918965019534,2.273035472431652,1.0,29.497917825040986,12.635232682289335
80,2.3888648471752254,1.3126914561802339,0.6299477849940931,1.0561899048537522,0.9318660936733504,0.0,6.724129919165072,8.103680787702194
80,1.774015750004984,0.944239920390066,3.070930397352978,1.7888273834523725,2.0975423870977883,1.0,19.674278664392403,6.515369948289336
80,1.0540425468215127,0.026079599001886833,0.761618616544017,1.18146021887659,1.033136987256379,0.0,3.9091908655419836,3.77937795327566
80,1.2476518300820214,0.2176582811711989,1.0713289892266715,0.7920380721246092,1.049673466030366,0.0,5.915779324290404,3.939695087504469
80,2.207464063005106,0.8603672269583255,0.1885620898301118,0.885458735820957,0.5016657103514265,0.0,4.262712290468913,6.203263429441515
80,0.10820441082875765,1.5315170008924741,0.053599488528752515,1.7107568822424435,0.17267979312346393,1.0,8.626576464400483,3.952659573844877
80,-0.7466008376104356,0.39353027427146203,-1.1547447046518813,0.2684862068475299,0.0552143072528124,0.0,-2.338057909736494,0.518284654507227
80,1.1526266331814696,1.5567928874000168,1.0936465666679491,0.9147042647904401,1.1513947479023674,1.0,13.377476217451807,6.18823264928919
80,3.8133009737468675,2.548537966892467,2.6933080954636424,3.185396101356765,2.3768659885673573,1.0,40.50155768279432,17.12585493860874
80,-0.29424437715810936,-0.07890531173770898,0.10013815302444118,0.4882804544594028,0.1980472729628051,0.0,-1.1260811208972534,2.22486590357631
80,0.29328356638764974,0.8705406745487951,0.2868388362773605,1.2527984986436396,1.5368936398735453,1.0,8.319952462000218,4.334635909549781
80,0.044858256220577264,-0.02729203490469656,0.167707089809367,-0.26936716087828794,-1.069562540307862,0.0,-1.8820094590794958,1.407917627553069
80,3.018001584635511,1.6729894849575864,2.1336542538026846,1.0726104268506662,0.7962694479181165,1.0,18.688372612722063,9.862242097169613
80,-0.5958845365703156,-0.38187776805731133,-1.5829009160494727,-0.05659822966160233,0.10919991491169734,0.0,-0.6396255626154366,-0.03858000452865604
80,1.9828836286646676,1.7581061116604908,2.596696152295512,0.49143636054188033,2.5114390454759086,1.0,20.02607691283891,8.301219533784344
80,0.4346199219675594,1.4170255603494795,1.0929493632910103,0.1156376467639385,0.8628103663168205,0.0,4.334950427902859,4.037257342082307
80,-0.24988393092586447,-0.10402883470283775,1.3507548680591503,0.3810276012254741,0.9867009108368063,0.0,1.9502268951868924,2.426550523759322
80,0.8602562419335171,1.127797365621104,0.7889588187243708,0.3957105612247761,0.9277536571034396,1.0,7.433819316591735,4.72501758625557
81,1.825942604407909,2.7325052321501087,2.1327051516319306,3.344400015009052,3.72546446167263,0.0,25.8631031047901,12.337103961766221
81,0.7753864294497028,1.205698584273624,1.6284251962781022,0.8387861095537745,2.098266296702787,1.0,12.02104479159874,5.1505666520128415
81,0.6351276274345732,0.4069282251297145,-0.5277052804677369,0.9050912874032574,-0.6361810291977847,0.0,3.2910426891869013,2.5140466283858744
81,0.834081529045292,0.8299734312907908,0.09441536086980207,0.4581464057112544,-0.16286325555450065,0.0,0.4455262945263947,3.7146884241531204
81,1.2734004421834721,0.9591943122742561,-0.9618910477030618,0.7837341903033441,0.6503403972280839,0.0,1.9632017430016684,4.145797439724066
81,-0.36834496700954666,-0.13144364030808942,0.3638152968501368,0.9832355478560332,1.4799919093454397,0.0,0.9053278647517637,3.1465896612078064
81,2.105783050973501,1.0667447879135386,0.28655757250346536,0.5110718926407853,1.1152602267518872,0.0,3.3935139638699523,6.748264425128675
81,0.7911859943388535,0.6536109665380327,0.9068165221881823,-0.32591172949890135,0.885200827298233,0.0,3.958862784589077,3.5888351357745067
81,1.670389019599237,1.3368046658774282,1.0181103837777803,1.8854746590395193,1.1011920721709352,1.0,17.223961576413775,7.2639444085200235
81,0.48320576088416056,0.33052204522307926,0.955695967768593,1.085451589005037,0.6000862140961924,0.0,3.457770523608656,3.464231434807095
81,0.870069903735199,0.24879180319039162,0.8269862600981035,0.5734116391130624,0.03555114608358301,1.0,6.574807931949573,3.170968261464374
81,0.7009883767399709,1.038723460999048,0.5871784836529199,0.83229197187777,0.5953891826157113,1.0,8.908259820861993,4.437925961950247
81,-0.17319538453864203,0.49630427273291644,1.55621031055641,1.3917477025181948,0.2905193240252494,0.0,2.8976496070075135,2.709421002326533
81,1.4963013570356187,0.4608914129606717,0.27812427846035903,0.5267876428925105,0.05960410965554486,0.0,3.0579456459002166,4.062058960755673
81,1.5754805281977127,2.6641840012438642,0.8681210555553914,1.9081599123281316,1.6050556718887599,1.0,21.994314355947353,10.154132141849683
81,0.2905916177011595,0.22119689318061198,1.7197109673215816,1.462271678715209,1.8871917628491333,0.0,7.295908638006261,3.7063945502951894
81,-0.6297540006651305,-0.6311704951991146,-0.7958103314661324,-0.851698475552424,-0.04288719362757276,0.0,0.8030902513493532,0.621527966244527
81,1.3925213808163845,1.4173067881321206,2.6276875735153995,1.2731444186139949,2.0960000037775695,0.0,10.314273043328532,6.506128601342342
81,1.7173903858710224,2.440233313421283,1.5901998967753497,0.3496399337081917,1.986078398121712,0.0,6.959957871061306,9.213201843266562
81,0.5811364652396048,2.364064191154413,1.5901175551723887,1.5986568752116874,1.9832814819189255,1.0,17.598889596225565,6.413152165729777
81,1.3338836493773472,0.565641229169623,1.2666500101434637,1.1169133340049733,0.5321991560934148,1.0,8.670861612909679,4.461622059022043
81,0.7511244213008753,0.9170979080510274,-0.45256051931183583,0.8576163387094856,0.70149261260271,1.0,7.880283715503229,3.9755704302761337
81,0.8753814223803745,0.5230072295559443,1.911282854228379,2.6709187203684372,1.5418892834614886,1.0,16.318977366444024,4.885124838860359
81,2.086232065129125,0.02063881219574737,1.5600578552002355,-0.18703128227731325,1.4076807198875612,1.0,6.055422827044417,3.4975847020684077
81,1.1082976866003234,1.1068158839230877,1.123674268327674,1.0010396769518597,2.674000222450336,0.0,7.831754154605346,6.165967655035571
81,-0.3813368932531134,-0.3723608182993967,0.24039049554633085,0.30807740511859405,0.06323354603166176,0.0,-0.8692994684170963,2.04224186417084
81,1.8568318853243937,0.8186196951555431,0.2403663546124789,0.5284384845559312,0.7154103234840219,1.0,9.370827788576902,5.571123349701516
81,-0.49053584060701505,0.41536840580242385,0.7467482359346707,-0.5665787810178309,-0.17936725798542463,0.0,0.2530553446324073,1.49296581592998
81,1.340189110078052,0.5207388909857372,0.6728878455428298,-0.507133205589889,0.05885694041848566,1.0,6.6743111204712005,3.5226834699717955
81,1.3753602193469519,1.5960056551208792,3.6725725364891764,1.4351796774051437,1.8289015061466842,1.0,20.181655200673724,7.28678119226344
81,1.5434022982015247,1.8217815747228563,2.029675691798797,1.3736315894597633,1.3764045379475145,1.0,19.465936757473045,7.441246034685102
81,-0.3856947583035659,0.4519362692140817,0.7455249165744777,0.3405750074033763,0.54143676341,1.0,4.387484698085236,2.4073115715112854
81,0.9683388591783102,0.4405905335592316,0.43459948570356777,0.7171530344326119,-0.04892088072645273,0.0,1.1004028289174788,3.5895602011540984
81,0.7423889810030324,0.8241341819587,0.8796630908002135,1.5994325178619224,1.244921424138679,1.0,11.28661705344433,4.894509010487148
81,2.6352530056583774,2.165087828128409,1.4472183805661964,2.1837589125011534,1.8016654655233162,1.0,27.416255186646268,11.945309652143798
81,2.1394311116842113,3.0113045004313386,2.141204695221148,2.5539662261247407,2.2086132916634567,1.0,33.368661019223794,12.929762638035044
81,1.0729321232652507,0.3349056114542842,1.7194558776128654,1.503923450051585,0.8914321209818873,1.0,10.985161104105087,3.9725429792416493
81,3.3709281721099837,3.2831950943423323,2.518902963266025,2.3100334366916035,3.427516416961917,1.0,38.26832882782377,18.710390169813223
81,1.3072899344403075,1.1402462514613962,0.5629384666625893,0.5137734094567509,2.2736871785367887,0.0,4.313067643663486,6.23529065007707
81,1.0698582285699838,2.016285062471848,1.2767935374348776,1.6307720095899196,1.5558781548823504,1.0,17.375308203530448,7.221718234147774
81,-0.29926790929781877,-0.24549762440866685,0.5481027993650944,0.5681276960016958,-0.545486420693293,0.0,0.6913654132246083,1.9399734610098367
81,-0.551681223810901,-0.3471099100902393,0.3718637164503119,0.44162505746999725,-0.1389875737162347,0.0,-1.9989832492728503,2.011000831323274
81,2.218345762971323,1.133471095323043,2.3965160872394287,2.537872535595625,2.0979498220580153,1.0,20.797364463545343,7.97147246295453
81,1.1772385543083772,0.8555735614471928,2.0739446868526406,1.5492959178556354,1.092330692196636,1.0,11.857498355814103,4.899219785059846
81,1.298333793699943,2.617688251487779,1.9719247914596694,1.051329741537289,1.0926233278377249,0.0,10.481322852158414,8.024125592364175
81,1.1615667409787631,0.9739454093393826,-0.7022674729494103,1.7850279220339094,1.164072801327925,1.0,10.582219061509809,5.0858547715479165
81,0.5773261242626166,0.37984065912648945,0.0536994914489447,0.22788844373505823,1.4783189739099574,0.0,1.563707112677952,3.57638731056119
81,2.4935061280078843,1.7394293320310372,0.7366462704585535,2.6036880497594925,1.4567889550627253,1.0,24.276525569501402,10.593032847135667
81,0.23828417996109352,1.2253426652385024,0.9692761696474403,0.9139311600178102,0.7750049967805019,0.0,4.067874788095583,3.918795818316503
81,0.6265881139384116,0.6253792790080326,1.500814104609246,1.7866795598143483,2.6733372065130627,1.0,13.297155002750957,5.068179467921352
82,0.7801527009240501,0.15763194561002958,1.9555600380461686,1.6132981660660823,1.9664994958097357,1.0,11.493146495311125,3.98420802712423
82,0.613517209635932,0.39366473568841664,0.1081468679689832,-0.13253260407723544,1.057097095839153,1.0,4.651933010104379,3.255624567554106
82,2.2321938119284743,2.4581250890916504,2.314404145134926,1.9668557446245263,2.8654790143845936,1.0,29.09049478742132,11.728592737520595
82,0.942976543979295,0.8384931551969711,1.2847238236237488,1.00315457388524,1.3982840545922492,1.0,12.151269262990137,4.80668198283787
82,0.4830610591623832,-0.11303316986028067,1.5601558824895312,0.9247232357499435,0.33279027325906174,0.0,2.011721291567636,2.5498869611701247
82,1.0797652940901123,2.4768379027146916,2.4659328928806934,2.719688693365538,2.303024181717338,1.0,27.07518720363323,8.416733590271587
82,0.8743056194219573,0.2415448418046966,-0.0013730860664851186,0.3536305305856283,0.7326370984449101,1.0,5.902185353848364,3.311555571945063
82,1.192366226991042,0.8813107812123279,1.289099567362974,0.6899293894417122,0.5712783595217417,0.0,5.241284229894354,4.640823303113952
82,-0.14951565338543316,0.27843823554796765,1.7263400280517414,0.5775599623547651,0.6353362205206751,0.0,1.5286347816604784,2.337531262271912
82,2.283747039242801,2.1227386478651007,2.064213656945205,2.844346691598114,2.0395965038918256,1.0,28.95329249054,11.051481014953008
82,0.8904387119800826,0.6456545286930861,-0.12486695255958824,0.7332822649694334,0.21308545992508754,0.0,2.0686574566832463,3.745927039519317
82,1.1896743525331521,1.1664147586294087,1.2570527173973352,0.8985144542152677,1.39694301323962,1.0,13.228252962047852,5.650575026146219
82,1.0929630716189693,2.0204400283487214,1.1019876689851138,0.5415382552026757,1.3510427224933212,0.0,5.783237790214403,6.7140760140536155
82,1.21616201594105,1.2850837060052067,1.5883438630134021,1.2845429838448394,1.7086627831922172,1.0,14.366628780307598,6.086721030842217
82,0.5740890823154807,1.039750520466693,1.1517885642866237,0.41629201962368156,0.2928836056390409,0.0,5.0584603143228835,3.741165569698652
82,1.6533701678451584,2.9796569708008382,1.0327034133535085,1.1556452392638092,0.9936637476443839,0.0,6.12783445918406,10.346495048384366
82,0.261326949988114,2.5240243328119885,1.2347197258267408,1.0134829310148863,1.4601614963279572,1.0,11.602809723624208,5.236239030772396
82,0.6032317399772924,2.5547938668200567,2.5327788925724652,0.9653333373772791,1.3870978237602456,1.0,17.3487159051053,5.74242358110875
82,1.935291881414861,2.346659169871722,2.5475816556410154,1.9767461278291458,1.6965519140359278,1.0,25.626237485164307,9.964183376256035
82,-0.7331283891322549,0.015150658046888865,0.05577866163985612,-1.5231003135574315,-0.6079848250077233,0.0,-0.1392236597969016,0.5906952922080132
82,1.473883626423302,2.5855146347907536,1.1047215563205997,1.6683208534074185,1.8787346929828392,0.0,11.326287982272666,9.61571856335342
82,-0.15358009420914498,-0.07216964865716502,0.3428373682547927,-0.20164134482545903,1.218967493730235,0.0,0.6118047192711171,2.520095354800345
82,1.2497033728921552,1.4399827879782614,0.8710464890703868,1.0474573425339853,0.7641941357390238,0.0,6.256459636193236,6.129769743569767
82,0.9853265999553856,-0.25647365077615647,0.17879959793571998,0.7817558136514632,-0.4011095190205889,0.0,0.9898324710652777,2.3754970019393777
82,-0.8473619946970465,-0.3617545950082164,-0.18195252273475426,0.28823099044670186,0.06380236537039463,1.0,2.090391563454289,1.7705114752282347
82,1.7686198249518474,2.0421236790884865,2.1011454081155367,1.4182611066148516,1.2179628338647006,1.0,21.628092733312545,8.379962349928432
82,2.716764465667355,2.391660137056017,2.0221079970227294,2.593505539691832,1.906487485337813,1.0,31.00050877754719,12.876693837440758
82,2.18628713823228,1.6780491726320648,2.2302622570943442,0.05823357527557782,0.7485980413523387,1.0,15.721170432780069,7.506717562100922
82,0.569712099168667,1.6015195924575116,0.3392033554695808,0.1595708026452437,1.0444360986968997,1.0,8.784249168002402,4.712646100109756
82,1.1276977679554496,0.6656346449341568,0.6637039624823655,1.8469226741059885,1.980210818848576,1.0,13.864762929353514,5.68043549332331
82,0.6687238703991971,0.4773806893531708,0.3547580336621097,0.9798370265492965,1.4601106912867383,0.0,5.392127101902774,4.2273715844011095
82,2.02186623694461,1.4928007740350664,0.7952154035083079,2.226070067640972,1.3145374125890201,0.0,11.2636754027675,8.643619411936399
82,0.17237279927661697,0.4951723710885809,0.046473369579824064,-0.2738087898260364,0.9487011356821419,0.0,0.03805564220645841,2.7787299979348354
82,1.0993245773852998,0.8287279302431586,1.53630863698435,0.2294561847294203,0.7419161959805871,0.0,2.5825307891461096,4.163388597946459
82,1.2428744124140934,0.11870266149375508,-0.23592882245100522,0.5305071387210472,0.8014749096131539,0.0,0.7626678876706681,3.348645302623348
82,0.7556894480533936,0.5188273939490688,0.8864975518407616,1.8672212111981468,0.258471374514163,0.0,7.397792432654155,4.1675556907272995
82,2.8677570682912013,0.417277003504979,1.2588654122053142,1.6031516589379082,0.7402599130855944,1.0,11.828493243301306,5.947201545639389
82,-0.3477958562089227,-0.8176676228700663,0.28611192191993084,0.9871896349598894,-0.013481054450673602,0.0,1.2567220940774577,2.290908357005714
82,1.0162875929633923,1.457368858492251,0.22314278723301983,0.4956867539343919,1.0230013633274022,1.0,10.909570124507763,5.5640563488984425
82,0.9950246492013675,0.19726472196648426,0.8254939645956542,-0.32639396232965723,1.2438845439659594,1.0,6.880788949989115,3.342114261730465
82,0.14209192834940876,-0.12721625019773164,0.42299170495932803,0.39952870766386284,-0.34651405627569765,0.0,2.7390568300093348,2.139229571897755
82,1.347384147858587,0.5784219560518801,1.3977515456807,1.9896526834001744,1.09148990316374,1.0,15.036886607920813,5.153889142532082
82,1.491607616254334,0.15176640087621085,0.41271149401743323,1.105153223811436,1.1981489220483448,0.0,4.074123863381791,4.3221063738495324
82,0.21871521958672568,1.0884259428636758,-0.39622183140934797,0.23917261637469645,-0.39311274013083164,0.0,0.4800376672075681,2.5390706275304433
82,1.3400973716663116,1.101008939126712,3.0761463926910393,0.4164570632149748,1.459246740111881,1.0,13.561833928668173,5.174078281139133
82,-0.2415801196986609,-1.3010916763067923,0.4927748617849994,-1.5488154292271008,0.8588257723846723,0.0,-0.389232325925978,1.3253981289469428
82,0.9261529719369652,1.0785885099129882,0.010698301906065688,1.9588026106139913,0.20499462712790384,1.0,11.809253008460567,5.088499238415913
82,-0.5806922238788654,-0.2918295822620949,1.0431437113254556,0.3302890169547089,0.08423986985067922,0.0,-2.182421967572473,1.965545175409189
82,0.4092093795372189,1.9740292071158443,0.9729828185482637,0.28045621370214324,-0.09089633943609177,0.0,4.644776844029089,4.143518442377429
82,2.099238378459892,1.7778786814630434,2.4701779793950056,2.5033059071883397,2.690688609959742,1.0,27.330654729019138,9.719893549615442
83,1.4962400881247817,3.1124965420652133,3.0715089857697633,1.7807488310572452,3.456773611934988,0.0,20.687640450721236,11.118380985067587
83,0.16963688111570163,0.8101324557137686,0.6023907713204382,1.8878670278686278,0.8944291190267567,0.0,7.284207124285033,4.14363979704413
83,2.1203935176287096,1.565202555040611,0.810636534590338,2.528793904346511,1.312740852065785,0.0,12.264909608401737,9.176766292778836
83,1.4910483312730745,0.8671733816118503,0.993770231485482,1.782968017869524,0.2664501959987726,0.0,8.23786030766959,5.539236459566669
83,-0.02573741715962541,-0.49896034721607485,-0.13459978854002697,0.5139011060432961,0.4376488836721629,0.0,0.31034847252483244,2.149923285434312
83,2.882609734002934,2.04741633210359,2.986700979487563,2.4193527796213856,1.6603226953132364,1.0,31.487011729625124,11.912075260402597
83,2.379868227625413,1.3743515159972972,2.4881551762044083,1.9808148595806616,1.47888204749355,1.0,20.694642192507608,8.327812635257407
83,1.6308319260711917,2.0381811658546214,0.9758543911910617,2.0713118061905114,2.2358345362189627,1.0,21.43092873123528,9.360398496767274
83,0.46963294350593576,0.38840323247107567,1.5368687576096614,1.886197685156831,0.9219787380534443,1.0,11.004579095795435,3.817868692400145
83,1.6852126554876858,1.1896158278711528,0.38856720308217507,0.6194536517362614,1.0618199464472085,0.0,2.134710713931878,6.4025431336934995
83,0.34023928939006287,0.2447298876120252,-0.04302837081794508,0.24800854900940494,-0.5857287300949201,0.0,0.5473055297776521,2.1844514580728625
83,1.543340631550088,0.3228886131173171,1.2226476414918954,0.48968559086650776,-1.1374267064389438,0.0,1.7387899389062584,3.0600531477038553
83,-0.943756199364377,-0.90605564320999,-0.7815283344910688,-0.28583634671415714,-0.8245220767902306,0.0,-3.160945865678362,0.6940841919230829
83,1.7691835146015826,1.1371160841984742,0.8054264239063751,1.7769183781861337,1.4129477986041508,1.0,16.684638405165764,7.155366922696388
83,1.8689392797529893,1.694180539993984,1.8977565675292463,1.2909858043655895,0.7920388063996141,1.0,17.629128518920893,7.6171052624642
83,1.2363149098273158,0.7993020400236972,0.7728890397117589,0.9970929613753542,0.6834183316515696,0.0,3.036436269357049,4.94859418485431
83,1.7362537347046125,2.676895031957959,2.417386788417442,2.786113217619361,2.6836201816221816,1.0,30.706447842562167,11.048877668969341
83,2.4187766443299266,2.0106925776384017,2.0983247118003847,1.7487272498801443,1.716905506952803,1.0,22.89754051766488,10.356730318657561
83,0.772189733185183,0.8304573133279178,0.45368386065210486,1.2061286073410777,-1.2102553633843773,0.0,3.2463236239881423,3.5662113304220187
83,0.8853104025490045,-0.34890434534699977,1.2282518571221632,1.3638101900956818,0.590273828073749,0.0,3.8994463634047576,2.886367140472704
83,-0.16293106338944785,-0.8295079829202328,0.19696566409435512,0.9441449751422631,-0.35054197021121447,0.0,0.5094064099901678,2.0148823236767677
83,0.6125947499179815,2.1737815916827063,1.7905057027445377,2.6809239395780935,2.309128444743387,1.0,23.03375698609632,6.897168410267222
83,1.199615499793455,2.366013274553069,2.5070923133917984,0.10646191377480718,0.8397960312924053,1.0,16.667654226296545,6.542427730350253
83,1.3395851126277734,-0.7372127604643879,-0.22539355218779633,-1.1868804551837817,0.9971400237115449,0.0,0.6182509048744214,1.0807661730789637
83,0.2026561320839959,1.0344494949004128,0.5184712402179366,0.30190068501856915,0.02787189268936463,1.0,4.782127192731585,3.1208900315881976
83,1.070606454954613,1.372209334913915,1.8797351971509217,0.772349437106151,1.7257466029030506,1.0,13.026768060366942,5.575371769518414
83,1.7389229506448758,1.08755311152444,1.4956297837453465,0.7409728846915282,0.08816349348273456,1.0,10.502218377614506,5.54188795881913
83,-0.3369260158046845,-0.22828316466108167,-0.45144925775909095,0.05660380817162758,0.49715387511263576,1.0,0.9757369478900626,1.7452799394463505
83,1.6021281582583282,1.695193866718542,1.893917982237192,2.5592412794761206,2.2440710838811038,1.0,24.328306355339205,8.395665803832095
83,0.3012548402803148,1.6959996104270982,1.2850818293735526,1.2705082245408428,1.3059058179529357,1.0,11.289066502824335,4.722146308288845
83,1.8370561510388739,0.44592763805340374,0.5062119151101496,1.619920204861373,1.578951136224489,0.0,6.10774007582462,5.687815131369757
83,2.6673217861805423,2.359673732645325,2.2402544280429875,2.600157224978232,0.8830393723713399,1.0,29.67087161703284,12.048671283574748
83,0.66826743719133,0.5601022197606849,1.2440135199581839,0.9200633979251409,1.5312279213227118,1.0,8.873739084790511,4.157133078754147
83,1.9029694263096597,2.199625281049169,2.709152872481974,1.8020562935228832,2.283830342279736,0.0,14.721327048637024,9.726690795142776
83,1.9333038741756035,3.06153499737112,2.493097244582832,3.1778377963032995,3.4549215347000697,1.0,38.76235521858824,13.182231739772277
83,1.242978932880385,1.7404909037073175,0.27644588542948934,1.0913226312377116,1.349553105756347,0.0,7.4369331551179165,6.975820821673728
83,2.4757464253203567,3.1471259699065137,1.5612601310943304,1.324645158249547,3.1790456373341094,1.0,29.819114066191204,14.644933582147168
83,1.7138144488685212,2.3414988414634106,1.8120331657954838,1.1503072251962805,2.256256152465655,0.0,12.307381493667398,9.410945630407932
83,2.253088171390959,1.4456155958366672,0.9701866024728186,1.9393736883155448,1.9796451810517721,1.0,18.666464253259736,9.116199614497114
83,0.529595164519441,-0.34284560361381744,0.18533529216193723,0.6348484310987206,0.03481601297763237,0.0,2.0436406883613105,2.3221797942705535
83,1.1127937719451562,1.331170927685966,1.2643652141083064,0.8062123510599896,0.7805740002333447,1.0,10.80784021890859,5.430534779945267
83,1.924031484233904,1.8843299709973855,1.7172588207069732,1.2476616741099609,2.2052295607184087,1.0,20.080907523238473,8.968826525236464
83,1.3011986215703344,2.366520624083099,2.578562915580532,2.782473050757896,2.2175153297599794,1.0,29.695682493875488,8.856806774995608
83,0.8413775927847682,0.8085346285288966,-0.022852558746664364,0.5917005298424625,-0.5752481921687329,0.0,-0.20186434773710404,3.5017778111982203
83,3.1376847247895028,1.9620749798310655,1.2382370549128536,1.4694322361835528,1.6297773239403854,1.0,21.742716216819193,12.201438997037409
83,-0.36305872146093354,0.1251670635161568,0.14120773147153132,0.24017246356609967,0.5183996288172532,0.0,-0.8977501838635411,2.2755478323762572
83,2.0722438755062393,1.9062461961324775,1.768300883133287,2.724883889768888,2.010257537436165,1.0,26.914887047885557,9.99495018230775
83,0.6864052374757409,1.042752999602411,0.28630750567377417,0.35379879565012695,1.1631638454373523,0.0,3.022564912163109,4.441258529734899
83,1.2440488646048673,1.6833553786814681,1.0216439927618954,2.1116279935562656,1.9421948919319902,0.0,10.034321254109612,7.617576293552039
83,2.2858569565176174,1.9308501204517934,1.7150976631830317,1.1770749108740264,1.2084721777456489,0.0,9.001316053375295,9.428522031482665
84,1.0103297789334984,1.0388958380288085,0.35035972207969324,0.10964945338144849,0.9423053962610389,0.0,1.7909732109096252,4.714646800873039
84,0.5770225923677537,0.610816704788478,1.7416989590733154,1.9487499058522162,1.3456986172849377,1.0,11.83363185673286,4.294376527492237
84,0.9564960398457522,1.99745043539155,0.5186440660470693,1.0287837187483666,0.273001012176205,1.0,11.208458258906633,6.166233185697959
84,1.0505486168128126,-0.8609605188361462,0.7742267911029037,0.8918281091972052,0.7919998375755538,0.0,3.574959674450109,2.1343023828703203
84,0.0824501556682875,0.8670582388073992,0.228075075548967,-0.23235470370359046,-0.3328619878813692,0.0,0.8660750609406336,2.3517759063475827
84,1.8188244450667512,1.9932781985333659,1.727115550448719,0.7288147665233314,1.8169807370866935,0.0,8.744320245070968,8.512246589383572
84,-1.0369126769172827,0.2311841003648355,0.34585120673737224,0.731527944792502,0.36004315172461565,0.0,0.819568852393493,2.016916375402594
84,0.9641463158285759,0.6208001891450152,0.4325359832239457,0.2298058917933411,-0.06425770831464739,0.0,0.22498681652435426,3.597963201640834
84,1.3947671096453047,1.1130858786373177,1.2002457905101256,-0.0787766538368706,0.31239787512581774,0.0,4.9945961116654916,4.885484230945852
84,2.5201931235185615,0.9424573607678696,0.36931751742279406,0.7087813205294733,1.3193263905781634,0.0,4.817809174886891,7.2377863409130505
84,-0.560556616833209,-0.32163836229401555,0.7005124353699613,0.8689231931828387,0.8123629993998893,0.0,1.5707224936569553,2.694610303574125
84,1.3055502637842047,0.6755494509395771,1.0959903258596995,1.699085252929292,1.2720256189233048,0.0,6.832002037933013,5.363230136709074
84,1.4185665289858977,1.6796070200773836,0.972619445422896,-0.18105045250572926,1.8870397600820827,1.0,12.582518144835984,6.834162302689258
84,1.1826525832426023,2.547099458153434,1.7359881508941695,2.224223570639311,2.4670501307993415,1.0,23.494631129575463,8.926399154045534
84,-1.556308331703566,-0.4590399460486454,-0.8551899169626487,0.33245235086744385,0.3049199917156006,0.0,-1.0610220147302343,1.2538999586431272
84,2.8660482631222512,1.2379558122730774,1.4969363712491792,1.4799810940794835,2.002444203877752,1.0,18.67443463458177,9.163516797132145
84,-0.47870282284664256,0.5014733044758228,-0.6362322075069327,-0.3020173828654431,0.4733591514940748,0.0,-1.519174224505989,1.3432235026285957
84,0.8274497314640391,0.9095589470054164,1.180072125671569,1.3330842217910495,1.1110179931347737,1.0,11.354564392914769,4.81406395153032
84,-0.6344714869777488,0.0713450746863259,-1.20476299845717,-0.6800968145892032,0.3124583609631396,0.0,-1.3455724217844038,0.24488401247698582
84,0.27326570059819677,0.478858049810163,-0.42334205970363814,0.3099712715188849,0.0517282056143471,0.0,-1.364586302968602,2.387817148151501
84,0.5449195104997593,0.6802725326511805,0.8829318080729162,1.6410550198574942,1.1527651152380634,1.0,10.218207122094212,4.456554519312965
84,0.9330296126387092,0.011154076042269812,-0.010843497360609522,0.06315775963574188,0.2410082452747092,1.0,4.251002179190172,2.629101391223023
84,2.2081540138834304,1.6579510073490065,2.4946449510501374,1.911906845158796,3.0844781671415924,0.0,15.46235134771806,9.541651367743556
84,1.276886506618837,1.6495056325792679,-0.5694991934550822,1.583411925592303,1.940255639995104,0.0,4.729734175700645,6.8886828613328674
84,0.8692115135482303,0.6902673476517578,0.6045766620336619,1.0615962230481744,1.8447521382122085,0.0,5.110549379041692,4.957933070755836
84,-0.4088705864689044,-1.6410510721161282,-1.3589188119745752,0.8196880180333087,-0.7908545981890818,0.0,-1.2126960060440208,0.19126978781133852
84,2.220898240131762,0.6919689070175505,1.3863264193945488,1.538266241600886,1.7546243733857803,1.0,14.236327794290686,6.516260079062176
84,1.5472622869538677,2.256341313644419,1.925642843516901,1.5446896207495442,1.7269338226193955,0.0,11.207461295425066,8.64414031675449
84,1.0269042071046237,2.812501317961374,1.8320030764869035,2.5371408452549407,0.49541747398394786,1.0,25.318321350311376,7.981906341066232
84,2.8418854703462886,1.9714707523042017,1.4117191189062104,2.387622931025006,1.868317877259197,0.0,15.361329902035662,12.001609294467467
84,2.994921034257806,2.6986764140891237,1.9583263971233882,2.199737310188463,1.5745292890395606,1.0,30.172236111618318,14.417515182123719
84,-0.364441649438932,0.3565277155683222,0.27084125888780985,0.1546826120451681,0.9076908963336874,0.0,-1.1355147426312235,2.4962630331279287
84,1.2542840021877315,0.6570586909300551,0.9532900570915316,0.848855658014017,1.6484341911842586,0.0,6.847395685073653,5.084103266873428
84,0.08813700088964949,0.29308350369116254,0.8851908261895022,-0.6811955984108657,-0.6663265261772773,1.0,1.7267564364415229,1.6184179108274712
84,3.086878521496396,2.576691265849727,2.8607029465042526,1.989374006746819,3.013085461828428,1.0,32.33065990955616,14.756489843902623
84,1.733892810276071,2.9245073874593244,1.260984982589025,2.6831411674333783,1.6707373489925756,1.0,27.95719627613199,11.512293148860099
84,2.5038626360263394,3.2054853347508385,3.305031475098249,2.7021989381778817,4.096681397042558,1.0,42.90561026827168,15.946051270200202
84,-0.21602387229961262,1.788862415173098,1.1680027411946563,-0.4211235099702688,0.36311720756052646,1.0,5.9052690675063895,2.346970387051115
84,0.012291544423021494,1.5203645816304523,0.6724105025381036,2.7367247471350487,0.939347391155702,1.0,15.620553211895302,4.741579514062447
84,1.6350163994760885,3.5411007943648984,0.4367532924768258,1.2291737162112673,2.03298731888239,0.0,7.6844398168057735,12.133403424807112
84,0.2299409940354865,0.22564614085736978,-0.4038137524588481,-0.07919406448400168,-0.47645266480765147,1.0,2.1485833842295756,1.7195177786693407
84,0.5706047178200226,2.258408404026483,1.1136055406069283,2.3608040669435266,1.2982408929512212,0.0,12.868914632774304,6.5309194567524385
84,0.20510572492216217,0.7724373935005413,0.4304430649796943,1.2239884760298019,-0.4284805953325266,0.0,4.07340689732739,3.16895932321009
84,0.520218063057992,0.7681348763261795,0.6658949189689943,0.154269722026674,-0.7541003561156148,1.0,4.299702923356871,2.863170501828156
84,0.10407251146071061,1.186053605156092,1.6605526745372683,1.7726694217227648,1.922316514426771,1.0,12.322799867635561,4.35663206066679
84,-0.7732786736462005,0.2873691136752774,1.0163274729762102,0.18458956306692742,-0.18315790839938662,0.0,-1.353919277328663,1.5702001812882558
84,0.455869628498498,1.1416307386910305,0.7157739030243329,1.2108233682458371,1.3891000678805048,1.0,7.953555132941658,4.731619264737826
84,2.0093982284758756,0.5804738976006351,1.063555394724035,1.4967435059482992,2.0165858029627297,0.0,5.477565948403727,6.235549066814915
84,0.22814664740459834,0.9588012162310442,1.2825512495773743,0.03362399603897437,0.6555831633497189,1.0,5.857156434876253,3.0823705609399847
84,1.6233584801141954,2.6216833307219902,2.1707130667436205,1.2845870557968824,0.7045437216993591,1.0,23.02448410162045,8.893800940687214
85,0.926240013212525,0.04796966161598504,-0.9861261202594898,-0.2818627480360134,-1.0260063552547658,0.0,0.16847493338725264,0.936463045156413
85,0.9865334204693328,0.9613789409242068,1.2083476283380272,1.449785913565257,0.8123542645129211,1.0,10.479994128416417,5.012197442815298
85,-0.19355253531743744,0.6284950813322424,1.2554098990817808,0.6107693503303145,0.8256144865721728,0.0,3.98925261824985,2.751905186730058
85,1.3863781841554625,1.1325964738931877,1.2291688612781768,0.6737170701987241,0.5857661207983464,0.0,5.926894309246586,5.409041348547055
85,1.4149798108126421,1.8341327613546188,2.616125690576056,1.2319188684517919,1.7149748929265964,1.0,18.750505935855603,7.136237040375288
85,-0.41276727994075735,0.746578496770887,-0.12967700223580358,-0.044885553231369446,-0.4274987090250435,0.0,-1.916826578682164,1.549315514323254
85,1.8376325878806083,2.3133358425448654,1.3745115946880206,1.5881597292475078,1.4707606203186203,0.0,12.469001665854877,9.738288276458295
85,0.4082684347882378,-0.6123142162375581,-0.2645119188668945,-0.09974405810877784,0.07224298932692275,0.0,2.5329139579018523,1.4672022676839886
85,0.8072154705926385,1.3815995482487515,2.162486192625657,0.6558172158373953,0.9997947288106556,0.0,7.195524626946708,4.5609407014472865
85,0.9064048640061507,1.4447543898298016,0.5174706775311685,0.10464216327503051,0.8789633756813136,0.0,4.287887861679887,5.104723313909255
85,3.1557434399959834,1.6566846525821708,1.9887503884191184,1.635428199539079,1.9763884595492964,1.0,21.394810480753115,11.028677817326233
85,0.21391083535077127,0.31764872629604557,0.6067130893260234,-0.4993844766410267,-0.11735848754223133,1.0,4.7316182295536535,2.15023989876405
85,2.7852722928686062,2.263769912828626,2.37522687663028,2.2245100308094576,1.9361128636554827,0.0,16.885281739848025,12.37722577018696
85,1.0488766057195884,0.6812486099950165,0.681326286460807,1.3178061881836824,1.2508437258824827,0.0,5.679835198590759,4.98133451325555
85,0.2110856844579514,0.893711895606729,0.7110281333314307,0.46139442733782376,0.09937106869433188,0.0,0.2081683681418447,3.134636695172266
85,1.1161792741562824,1.4361955631579215,0.009582238864562997,0.6135625598231089,1.4997355956806455,1.0,10.12015399634326,5.940633427773795
85,-0.34955732936260375,-0.8014897215917083,0.08715870511678359,-0.814265072002629,-0.13435727712147805,0.0,0.2656279198440228,1.270115343101801
85,2.014181349651465,2.4183584962307596,1.300095848963954,1.220901960310085,1.4721603829868006,1.0,20.26213011521427,10.351268070292878
85,0.4191702697354709,-0.23407141208479776,-0.2685381842245207,0.14507409301126628,-0.23663339076773093,0.0,1.1161205771529892,1.7785446895994732
85,0.28522339191935353,0.7354724496194669,1.5200862471305747,0.12165218807454004,0.45519003341620257,1.0,6.037015204614362,2.819274450684417
85,0.9180490471545444,2.1706270655063564,1.0712014038501778,1.4723808607824842,1.2557984239535205,0.0,8.267141104258137,6.915840520559656
85,0.7343481369479136,0.6201459676402267,-0.006643937355442109,0.44058408678881855,-0.9882552847864243,0.0,1.29850097785031,2.855470449719304
85,-0.3615293909881354,-0.14462986664219324,0.37098204947475877,-0.38004911691108534,0.38894873246804096,0.0,-0.8255661112576427,1.9211209231465514
85,0.2535919986324541,0.32299155067782503,0.7102295814458753,-0.2793146365888355,0.08208217467781753,0.0,1.6386376097269117,2.3849106143668224
85,0.6302868300545161,0.059871539035766586,1.4885748039395568,0.5010837843078708,1.1765225935240828,0.0,2.360941061158403,3.0480349307048114
85,1.6429596856675244,1.0498043648416266,2.4914574848271,0.7819963268121074,2.156185249011269,0.0,7.303574158190992,5.9899858158732275
85,-0.19177236293212307,-0.45252806435497095,0.1455303258687055,0.2687856640235552,0.010145873290977936,1.0,2.7221934524258993,1.9662922327981522
85,1.416121662075985,1.4505613743052614,0.5880323136472143,0.4218193308281777,2.010843610611457,1.0,11.878822754213788,6.829894343830961
85,0.267998838744539,0.9184392561807004,0.6021939319337422,0.4690239864097485,-0.11693304074053801,1.0,5.722210146815959,3.1405969828192886
85,0.7727014381357008,1.4645392719153363,1.2593878852803089,1.4310531143804945,0.5249059417891191,0.0,6.359359550563027,5.164345066927716
85,1.1274464444404695,0.6922017365132305,1.915401447516373,0.43187587019170415,0.4503357664010207,1.0,9.437532375583574,3.751225979504516
85,0.05855218565120768,-0.25313929265473534,0.31583627751288135,-0.33425649840999205,0.2848172823706272,0.0,-0.06693184911953293,1.9716200722976085
85,1.348278256945172,1.4925724026170426,2.2778385259649134,1.9783421984025438,1.7856825362521223,1.0,20.232886049706806,6.804172037859674
85,1.0973599575949242,2.638117623451391,2.057402588179589,1.7770448293172432,2.5890867697335684,1.0,24.221858896372357,8.50684175091931
85,-0.9365382413264354,-0.07879045748034308,0.34335145903796904,1.015701459933422,0.7131738958492491,0.0,-1.2761246134453874,2.543871039144408
85,1.1536559066940155,1.6984787727751116,2.4099097395723117,1.8728702461447835,2.3467896589967197,1.0,20.593118377972292,6.956261167320905
85,1.2298885074840349,0.1095047399966742,1.9311570529571815,1.3065172752628575,0.9141208729640488,1.0,6.9745029617016945,3.5276610327516216
85,1.440724879974037,2.2453219567782625,1.790182857612579,1.3647298428828067,1.794039169156628,1.0,21.562626836935262,8.334759660841186
85,1.6569127405657358,0.2007130212883963,1.3081209513935517,-0.1308123279992075,0.5640524987050779,0.0,4.10660485279154,3.391722488886794
85,0.8681466299562642,0.9150855623805749,0.41436030567312576,0.06682168756508255,0.10883010523903702,0.0,2.815209596340906,3.896424644060699
85,-0.32675948125139054,0.5201130130522427,1.0993737905177186,-0.6026123173121507,1.6957076368432356,0.0,1.5555186661006246,2.477113577540225
85,0.7334186089789435,1.656965792306772,1.0528004390331815,2.0407818486415144,0.05655591076551003,1.0,16.695952985556275,5.480650780500935
85,0.769202439703609,-0.9575367664859498,0.277089610201426,-0.11036665681947855,0.29423766820241015,0.0,2.6878858223878126,1.3616292001056678
85,0.3731915793333601,1.809072596601017,0.587255160637566,0.8843441781052214,-0.03784764394190354,0.0,3.609341165064318,4.315603263428816
85,1.9843290368925293,2.8185045892891036,1.9234414410347307,3.0518812728778824,1.300563767927178,1.0,32.706455101947206,11.786819198018424
85,-0.027084086505486216,0.02323178241949886,-0.6614709813310422,0.972667902203246,0.5971182373096389,0.0,2.391315519036361,2.240691709135872
85,-0.31724146228589456,0.4784915206664869,0.9528109808532044,-0.6357965546435127,-0.7228653926715514,0.0,-1.3283255954222688,1.3052964952011943
85,0.9449748431441063,1.125423569072923,1.6847202424113266,2.4800999103558983,2.035605992037887,1.0,19.586749393368382,6.085231593616482
85,1.1625633376296292,1.6574183427628701,0.8566492691546324,0.6680762361870166,0.7693233493881941,0.0,6.588949190032514,6.138842195252076
85,1.3935922070001818,1.5325446199234314,1.6324048818985637,2.889495802055281,1.7424631977737801,1.0,25.35565189002526,7.669423004747859
86,1.8239077608379755,1.5964020995797361,0.40868599538247774,1.6065831742588004,1.3896169621901473,1.0,15.050070240212117,8.241931980375504
86,0.6759924813513174,0.38550573656356235,1.0755205114482735,0.3762000320245028,0.7916782982716724,0.0,1.6844608894790076,3.3883218513382247
86,1.0235029333058228,1.5481594747891045,1.167484192617193,2.352697137295096,1.7740891246500352,1.0,20.768548475668787,6.909979073326358
86,-0.3187199689668545,-0.25699227077906284,-0.6561257377315972,0.22096464873908006,-0.24370603722489936,1.0,-0.07786310524788276,1.2469805577784974
86,1.541039354085545,2.36899335986067,1.610782029729426,2.415090134287031,1.4200931233673983,1.0,24.45450765635691,9.288735949224462
86,1.7071622147350416,0.01387236867535746,1.1231942568383555,1.343623544910114,1.1073763186388264,1.0,9.351629850679705,4.104101812011304
86,0.71563232594822,0.643483240885304,0.1638636759262021,0.13970082347266044,0.22917643280704614,0.0,0.8605843666354019,3.393030020239626
86,0.9299252268924267,-0.8854254176740313,0.8575667856920192,0.5002296993839592,0.5260000344063236,0.0,-0.4871802147482358,1.7950482602477609
86,-0.2107971066931391,-0.1912953245935407,0.30253255419792424,0.793458222175192,-0.8206905457371179,1.0,1.5655967984329076,1.9315134059269523
86,-0.5071888099516806,1.4003729965589287,1.2467679898298172,0.7977557035421526,0.10181146566163568,1.0,5.543998135911042,2.1278939972939157
86,1.4727915859206844,2.750772515958097,2.5341072603449026,0.5438977408424309,2.362228030740873,1.0,24.064617723971065,9.062127221893288
86,2.1315533287602966,3.533234658735857,2.6850494736285753,3.5410216203548686,3.2903084099227677,1.0,45.89185447180252,15.224280054370663
86,1.6466343641496697,2.7305204340999065,2.0036841242197827,1.4509223643368094,1.4030861879189669,1.0,23.296658088740006,9.694098546651816
86,1.0576626669053124,0.762464205872439,1.7057907543569986,1.7945649195600812,2.336524975928781,1.0,15.665180107920518,5.500348897445564
86,2.4086228936348992,1.96772503613946,3.0970743010502435,1.7070213930837959,3.2573341222138046,1.0,27.25572899568262,10.959387221691435
86,1.0030605545164173,0.9280422101230993,0.09655271877922678,1.972144717195671,0.6973304349249259,0.0,6.831721802596962,5.274790257945753
86,1.4218748421643004,1.292490011495587,1.2069331449050218,0.9163661848076353,1.1106258186492237,1.0,11.607445214651797,6.167791167349307
86,1.1271550313976169,1.993715222372512,0.9009652460071925,0.6743375122499128,1.436610455121954,1.0,14.318823505178102,6.934471453285084
86,1.1347938402033164,2.207312895911141,0.9621996169993419,1.4253498387963996,1.781233505697787,0.0,6.5621223353859435,7.832006618876837
86,0.76218679719698,0.6779133343323885,0.2599391775069899,0.4457241833642891,1.4523300410503985,0.0,4.0058643564118865,4.282148972424506
86,2.3068994729524848,1.3229987488606545,1.9342227697589298,2.1286837646744026,2.055019914543882,1.0,22.316959367975585,8.570458495709678
86,1.6662043311471002,1.9457012395124664,1.5844680768919521,1.5626706666053314,2.0077498934569817,0.0,10.648107394309045,8.611661612013016
86,0.4878241294561446,0.057777763825756834,-0.6140948338625738,-0.34097403396250536,0.16845484228075058,0.0,0.8524234802638297,1.7249746767538594
86,-0.9023918379784315,-0.05949275655177555,0.19458530097240878,-0.49175892940298604,-0.4323558206177682,1.0,-0.32134817825329,1.1891066961248122
86,-0.726753716127603,-0.8552073884926941,-1.1528460435059213,-2.0461390305724056,-0.7459272492983591,0.0,-0.1386291312050898,-0.7360235422107291
86,1.9440542025906864,0.4866919735120231,2.226847257803934,0.07275856345325549,2.0107838547559025,0.0,8.521334744908811,4.706731157090566
86,1.8355648943784812,2.1389364778708,2.0700849129806684,2.7258459295624053,1.687861094282855,1.0,27.702545128745086,9.676502271644521
86,1.089243533895913,0.6836484132072678,0.2740297858992985,-0.3167776426317159,1.0691996726227724,0.0,2.874655337521782,4.107019698322333
86,1.5669087879026546,1.7896133793239732,2.2092533682631443,0.8927949394944771,0.9188896671308501,0.0,10.19383679256056,6.896933871585637
86,0.3842761130770658,1.397229738484877,0.12517412197578826,0.1502761167252562,0.5169062771883057,1.0,6.276705119549585,3.816029140283877
86,0.9342866867372035,0.6290102420382429,0.25472244566124413,0.14187702289078408,-1.645404594055278,1.0,3.1566029282561323,2.712655066816396
86,0.5211502703521753,2.1171786913466732,0.10854441829023564,0.28216613095122867,-0.17452111402582826,0.0,2.3384389298490738,4.524742282067316
86,1.2784911651511355,0.6888727404107677,1.1972897736977288,1.3395975705749477,1.3370258520962373,0.0,5.142904770688771,5.166238720906594
86,1.1539992121525642,0.5753220942587034,-0.38917168484386444,0.10282739466373059,1.230146857508798,1.0,4.6238965229521956,3.9257068387334
86,1.640529651635585,0.9828930120684402,1.2328755446828135,-0.5479007267301299,0.3378180045115954,0.0,1.376819668784253,4.7670990540999325
86,1.2205504725181915,1.9027298660462428,0.25178969690217834,0.9764194445257974,0.9539447951667384,0.0,5.258836193301796,6.943563066784245
86,4.583981196097518,4.184394890760556,3.4992621992203334,3.2395477114491382,2.9198440993973023,1.0,61.698282758582764,28.457987304229224
86,-0.10096263226807523,-0.13568834536318342,-0.702254432977703,1.6953717711539014,0.6979911817947604,0.0,3.8733878683169216,2.5043161229594593
86,1.3974788851778535,1.2835289342734997,1.795974646553796,0.4571624136906922,1.2063094547690252,0.0,7.124997493322609,5.64065156776067
86,1.7590927450888305,1.0735513489335193,-0.03912167849940751,1.556771129711934,0.39959626433052686,0.0,5.688067967173774,6.26265613890469
86,2.4793226566399253,1.7370123706764065,2.3725431648646254,2.5024898512558336,1.3766644774226944,0.0,16.36889159545783,9.82205835631311
86,0.9834022695969454,1.3379821068508082,0.7504998388998205,-0.155173037618223,1.0709820037511926,1.0,8.215705208159289,5.040969299215403
86,0.43428665711184355,0.9162016507797424,-0.21629696771992823,1.0053937812542062,0.076910259215201,0.0,1.4749484672201874,3.482840710336598
86,2.119265508816222,1.9088334181689621,1.3258981185429095,1.0219144774414777,1.5320502196575476,1.0,17.741342524829054,9.241763268072804
86,0.6846783551825457,0.09885812143721562,-0.23130099791382097,0.35616694939689986,0.44638518009060024,0.0,3.491235489831171,2.718448792873719
86,1.4606272276907553,1.585550937645026,0.8370715222143728,0.9550491301545103,0.28248153705724843,0.0,7.665640562752723,6.545929679282762
86,1.2065324794450323,1.740265268953482,1.7886512638794614,1.3263676550683137,1.6617476125212756,0.0,9.60091811815429,6.745332948587133
86,2.0970625200949873,2.1432497635893304,1.4703132608380503,2.2529373156684165,2.002284065627194,1.0,25.592785581326925,10.577766270953717
86,0.9961114772912767,0.14356418944048654,1.1328115519051503,1.276283422849834,1.1724020176658991,0.0,5.210539568454129,3.927707589537886
86,0.9148573403828074,0.2768751272480018,0.8990649437030588,0.9345291411330777,0.7936007947211429,0.0,4.7124870625247315,3.7851070673034544
87,1.1729853609021719,0.9046309542643585,2.142491819439599,1.1576049947856388,1.1863003815429254,0.0,7.548242655022072,4.802066912516057
87,1.8028975196395571,1.8601253558920698,1.997445284043832,2.0735114997076614,0.47349151795919886,1.0,20.795332163683963,8.043528494554568
87,0.39383237475918853,0.21771721141809286,-0.7062596807465444,1.197004085350334,0.7050257664037158,0.0,3.1925119846804284,2.7501985969700598
87,3.106478743498891,2.0814204709558677,2.8465551332066914,2.6878235980884977,2.6491638654489886,1.0,34.13808819868672,13.194818121930348
87,0.3681407839369496,0.20354728981632686,0.6608837576158837,-1.1105224916326444,2.00684096970722,0.0,3.190825784046552,2.928829289940814
87,1.1924233412715386,1.5924433918921328,1.8574160350012998,1.5309407321788413,2.1214956284364406,1.0,18.200203761490037,6.763514780867924
87,-0.11605773320048018,1.0413861486234364,1.288759091536802,0.15075142424989796,0.6918453664042158,0.0,3.3168222343150835,2.6857942027620023
87,0.6668792071891885,0.8885932934478361,0.9540328814704168,-0.7981284843292824,0.6992738602593,0.0,3.6316417602287046,3.376307729826739
87,1.9827937026073637,0.9090542207535922,0.5351502858372945,0.8782831979367268,0.5023464412408232,1.0,10.646739450032548,6.066472906099372
87,0.10192161473867478,2.4614128236578945,1.8076843926891215,1.4129356981147625,1.6021670200498241,1.0,14.33430285204049,4.709253203588208
87,0.9266053783070567,-0.08458194221891868,-0.027726474165370663,0.6190205273179648,1.406974739755117,1.0,6.600600150395577,3.3413876778692613
87,1.9295277951072758,2.3087711340450054,2.897010465671851,2.628711584402848,1.7817228164666248,1.0,29.522139179105654,10.257471390272173
87,0.7011003846664752,0.8298109657247629,0.9358970708857153,0.35963378148385516,0.5453442032688498,0.0,3.6874675379219948,3.860770395414575
87,1.4303030202353317,1.0593589179280347,0.8015363138525283,1.6059100124967935,1.1927538447578026,0.0,7.870523317650671,6.255739117937586
87,2.053449278678755,0.48433348663252995,0.47554685689565945,1.7869520735117996,2.0038529238155993,1.0,13.439262647299515,6.285664048512263
87,0.6000475226029882,0.3156737813490007,1.665186445838209,0.4556046962934337,1.3545843936139557,0.0,4.143288898563928,3.2907176702051193
87,1.8954086010599407,2.249012529754027,2.1450785199136524,1.4316742875488664,0.8240008716620129,0.0,13.897965479090608,8.992152825135141
87,1.3011779630878344,1.2288514054121515,0.9293779528956454,-0.18536802595656843,1.5758548662216756,1.0,11.392384518963441,5.6222339614166215
87,0.6312766842497137,0.5204628691708004,0.3193168540968637,0.21455987950012867,-0.8563219332296497,0.0,2.6628457993008556,2.6926533426435033
87,1.661440457492895,2.1883738569074627,0.5625010862280033,0.7269480972493134,0.4029778474550433,0.0,6.186747343289891,8.252897454594455
87,1.1606182488060715,1.9990556772216315,0.34502677069593624,1.4062553216638662,0.6687249718907398,1.0,13.877785878185936,7.051047393010808
87,-0.05111657018864313,-0.5049878198638049,0.9647818766596931,0.6800967695817239,0.5390746862734088,1.0,3.8210974224623144,2.4093338873905203
87,0.5792210135350047,0.42293663798637515,0.4226139065788074,0.8826632957972791,-0.5803730735064936,0.0,3.6315536152133747,3.0205246527644682
87,0.9124079089760448,1.4630060537882539,-0.23821771871917186,1.3304884386470424,1.1458286688322121,0.0,5.174821392714954,5.613375054947618
87,-0.13539702409894905,0.687263624074056,0.5062439521558465,0.02788764184653092,-0.19048014244734035,0.0,0.5391623448201825,2.2292775404371685
87,0.29100753715120375,-1.0124442667032327,-0.8133765115187228,-0.724047523445321,-1.099167254736325,0.0,1.039089515355419,-0.2865939789943209
87,0.606838728202293,2.0713197792615636,1.5769475305997516,0.723953701026829,0.2635714050213397,1.0,13.455192883019798,4.872121467589134
87,0.10633660760932273,-0.015919469157067434,0.0785718459652529,0.5631638001572874,0.2825894288947246,0.0,0.10840286643457886,2.5025931045959635
87,0.9466941794233852,0.9010309037206826,0.3459947157376765,2.1022798770683426,0.9667314005800052,0.0,8.596993339069142,5.425104827824773
87,1.6059968984675363,1.8469982892627494,1.338907263098149,1.593614534039351,1.3213735854793327,1.0,20.40988733370441,8.04953524270936
87,1.2556843106833617,1.582937477523866,0.263895747614152,0.4914104878238137,0.7229581377729757,1.0,8.899790669613212,6.111493962381314
87,0.9438059937267057,2.0743168155351865,0.650905245472082,0.6937392550106187,1.4719479488188192,0.0,5.141865142547971,6.670645902859109
87,0.6100730604992675,0.6294640842114918,0.3013208368476019,-1.7771237402773368,1.2276482480462316,0.0,6.021332992953472,2.8346556469091704
87,0.45493426751545785,0.10137488783704907,-0.6551828587356416,-0.4121131900330546,-0.36993044216679416,0.0,0.6465812107797462,1.398596767305661
87,1.374606133828654,2.3967362383799156,1.921450638114203,2.5847883585422746,2.2781345846268253,1.0,25.394000584079112,9.228913934982993
87,2.407897967982011,1.1455624933563657,1.5779674192291187,1.5211247859394557,2.1093729564802395,1.0,15.876271742650157,8.132189380470134
87,1.8430596063318392,3.1637639299796305,2.558562541636256,2.03802793800911,1.8065463910784287,0.0,18.25342384827577,11.701187468278942
87,1.0442120559764327,0.5426365298671776,0.27341985943289604,0.8989230951148942,-0.03929295621557283,0.0,2.269404750185421,3.8894299768564307
87,-0.4159840290536818,0.13137225431770594,0.11850626585123614,1.0379605171474824,0.39969503745886814,1.0,4.226544084626461,2.574112609605469
87,0.21097990155768986,0.5339416523138015,-0.11889267514937019,0.6230493284635512,0.2723034041455611,0.0,-0.3594945201847919,2.866282350361975
87,2.6325449699274337,1.2480144259133528,3.1272421584335635,3.067350920998515,2.2729986862028095,1.0,29.005702113649726,9.459632646661454
87,-0.6493122365559854,-1.6888871988692555,-0.9324251779724277,-0.28120546126319956,-0.8757368293457433,0.0,-2.1517566524942238,0.4787198274794493
87,0.1432151661283907,-0.4997072090683963,0.026044876338948475,0.1685276519086757,0.7301444052668964,1.0,3.6658288787516655,2.2122076457052486
87,-1.1073921975429584,0.7184252610432997,-0.1773357943127294,-1.4774043231763638,-0.17114516190559437,0.0,-0.9981571703768437,0.08131253563205187
87,0.21103370606195848,1.3425295429348516,-0.20081203517244406,1.0921188134427178,0.7543727766712048,0.0,2.6856948299027104,3.8628453151585505
87,-0.8788299279827834,1.0187435100558684,-0.5319137145384556,0.6549049566500658,0.6808527188755227,0.0,0.2062024429442081,1.4384145306251956
87,0.8565003134066346,1.1715359322322085,0.8133337050404726,1.5857371817767754,0.5684556944283625,0.0,5.445543701866901,5.188282352788795
87,1.930917503387437,2.1558064536270227,3.4418103501401203,2.676814622224075,3.514108934423857,1.0,32.354997717049876,11.067141214366252
87,-0.1741445100600858,0.4753113302557245,0.783707342966415,0.715371623399625,0.2812752743254021,0.0,0.8515595775258873,2.666289032155316
87,1.2658951498338016,1.8387604372806028,1.4091231583593342,0.5677727599852466,1.4431305166125492,0.0,9.284237587211404,6.750988710663361
88,1.6025630799764525,0.6045286909942132,1.7207891701029676,1.1321120998946341,-0.8016189933214886,0.0,4.27420026155054,3.94855132865743
88,1.5883710998721021,1.716005571587786,2.068796257728223,1.885128365263175,2.0578330100759175,1.0,20.90908949217612,7.9060514542711875
88,0.3400591037996856,1.021012995572148,0.588688704823779,1.5523422004329297,-0.0653241075059583,0.0,5.203834643927639,3.897263730820973
88,0.5945735861243145,1.2811550599756905,0.775384738928685,1.5435117742512219,0.5852078614669877,1.0,11.394743526783062,4.865809241938123
88,0.7090857352265783,-0.23357187102010646,0.6080557282582234,1.573636468887182,-0.33923274301942064,0.0,5.250893748203465,2.8141244552206883
88,-0.3473737967363604,1.1338524726729329,0.5046593096906455,1.9653682798650967,1.8777886192721844,0.0,4.542943758631461,4.048616056149767
88,0.4295418296466941,1.2584002179982783,0.7702794936284352,1.140328179387449,0.5891288829665438,1.0,8.069562791066645,4.352090910089828
88,-0.6680097681724593,-0.20524341425526638,1.7300880884412801,-0.1417446641202631,-0.4240221599213376,1.0,-0.8856399468224943,1.1240196720718152
88,1.889855426641446,-0.04857862805023294,0.36435340752440437,-0.5307855629141893,1.5753013792656834,0.0,5.177583973202923,3.467620794000517
88,0.558736585185846,0.2591885680488554,1.2381388147028347,0.22971045555606973,0.8102692591488845,0.0,1.8237147991861362,3.0193959768999052
88,0.39904380017749375,0.44093078788238593,1.0887076042524118,0.2877825211579784,0.5858770142702248,0.0,2.277224429423827,3.040752414250794
88,1.7578470723780557,0.7117369799796789,2.141475355241157,2.361803098433614,0.23174398431500842,1.0,16.97853031248637,5.313224412739795
88,0.9429804814231362,0.3093138587962455,0.5934714241796926,0.636152706616763,0.32093858050812474,0.0,2.602664572590813,3.5221097683731184
88,2.3040211217952162,1.8775158919501258,3.1107018370983495,2.016677844644128,2.544504372880823,1.0,25.81278592631276,10.253023889075772
88,-0.8337139308471913,-0.1808816555765853,-0.703373264965808,-1.3021262202591748,0.021255896369231864,0.0,-0.40825265253789833,0.4140486913666209
88,0.7866117423016176,-0.049012547500462356,0.47775315123727125,0.5417147498369407,0.38108758424609857,0.0,1.7312981840703325,2.9185537256319614
88,0.9460533200951893,0.49014816296377817,0.3757378708929787,2.6424070450366846,-0.05083914232592557,1.0,14.654528777532912,4.595697032031488
88,0.8105430391725484,0.4425807915739217,0.6005826122863458,0.9936502323937813,0.12686726223510225,0.0,2.888088740649991,3.6708492559237147
88,0.8101959455006998,2.6948920974822705,1.4541228264880495,1.1466657752241365,1.2296216189238738,1.0,17.72276272232889,6.967548756165648
88,1.5595645282299548,-0.4431572172142899,0.25307579442273387,1.6105602475694165,1.4223362855394177,1.0,8.268427708471764,3.4782044188697117
88,-0.3433980338689251,0.2725316933084515,-0.4245948742436447,-1.422915185388499,-0.6785148190104908,1.0,1.2970389846403305,0.5191732427044132
88,0.29867733609527747,0.5473128459654194,0.14820811344971152,1.5720912836516263,1.597440070834242,0.0,5.867845470650123,4.234372034413193
88,1.9731736224470058,1.6934226365732155,2.3976972356538453,2.5063354562624767,2.404534616750496,1.0,25.125812548419887,9.093162332694526
88,0.03839573635080318,0.24776235951573145,0.36506807126454277,0.5591970189909046,-0.009939918082996213,1.0,4.069639961591726,2.543854113263728
88,2.002141804710414,1.6156238733225998,-0.04676747329529185,2.0021259556408326,2.258401122770552,0.0,8.763494660633766,9.149377340074349
88,0.7266098257178588,0.27158413753040767,-0.07457121203662065,-0.35264646130713095,0.1272648716406326,1.0,3.3717360164902437,2.5436771390079524
88,2.8411008509793145,1.0698728879381472,1.4384345203681579,1.595032719855283,0.4475295712386622,0.0,7.2639420520531255,7.867577703688258
88,1.5095292534789881,1.2274831687137624,1.5947087704204392,1.2173480766178248,0.28182415140689876,1.0,13.404204450867061,5.744458296830416
88,1.2844904286701724,2.4528835529585904,1.1280148454162282,1.301572019786673,1.8988486881525262,1.0,16.6048769051969,8.612064577965713
88,0.7302253485012136,0.4419994091313012,0.8244145536732497,0.7685035086311074,0.8223756811902955,1.0,7.072336226510379,3.7955053107472168
88,1.6758916930181527,1.6597112487052463,2.199427361101638,1.8867948538345292,1.0218029131092854,1.0,18.071707988907416,7.415272285096958
88,1.2293091651665113,0.7011574661510982,0.8562144133001243,0.3607611892536482,0.46611768469146975,0.0,6.279051747181475,4.32402092375814
88,1.0405169042011642,0.6625529355250788,0.4856323907347966,1.6432586239786044,1.7841078564213704,1.0,10.865559618866536,5.381811831154905
88,0.9849208810045545,0.6350854541628722,1.4801470270694252,1.9241218404499707,1.1600777544542862,1.0,11.814872026791027,4.808210605640573
88,0.3786194454591908,-0.324452719366245,0.6114415749744574,0.6230292467667702,-0.42384035024008604,0.0,0.48911741579704004,2.1283758251793534
88,1.132639237254468,1.385263219034901,1.5997148228234292,0.5152617334955404,0.8817786668983437,0.0,5.159429974363468,5.297417850017778
88,1.2176705712986535,2.572323998184864,1.1781928486154638,1.2907414562059782,1.8970839100621668,1.0,16.597282314747755,8.592844729100209
88,2.274999239909482,2.5855433270502903,1.0025182781090483,1.4059341988830885,1.4114080200646204,1.0,20.51478416250435,11.760492172724836
88,1.548554398659324,0.9508631545209003,1.641403582958424,1.623894481717398,0.9875326055414183,1.0,13.984166987164238,5.778038828757579
88,1.0181893824040038,0.4538058638856942,1.3340720600096463,0.7636132254802411,1.306552685371074,1.0,6.474291004239765,4.134696433582676
88,0.4682722304627842,0.7852084388955848,1.7144926586418907,1.505024519553928,0.07384698687611946,1.0,9.354629758359344,3.497911404321845
88,0.6290366411963854,3.3915614914907035,2.71336172868579,1.7417529204166682,1.2821661478822977,1.0,23.824693728651823,7.102654111170564
88,-0.5135293009770172,1.4426013116423384,1.477500179780202,1.7169803965070423,1.0676332751397208,0.0,8.447495464821898,2.947935749525112
88,0.9122952911523059,2.580602269423296,1.5233519271763094,0.1085863380932609,0.5933784073194849,0.0,7.6474738479731466,6.260805017607545
88,0.5224060303309084,0.5673912649333805,0.1871587515423061,-0.7805727238693838,-0.252146693992817,1.0,2.672336932776332,2.4010637985632686
88,-0.4158081953125101,0.42020196628731055,-0.684096550544566,-0.9883270848614143,-0.5783874198396421,0.0,-0.7410224911191869,0.4770582556493067
88,2.1228038193146124,2.2372294343324945,1.8861197359300996,2.5380409467046894,1.579982898297387,1.0,27.471531030757752,10.621163653919218
88,-2.398292928404664,-2.7302353437670166,-0.854495106425379,-1.177679453251085,-1.015544872218256,0.0,-2.234101789164868,4.116379669892681
88,1.3500775434518586,1.4787437478689844,1.5422804973399822,1.7599668967789772,0.6387655570891837,0.0,9.521815363645581,6.409847812774475
88,0.8779625899790204,0.8302926951821699,-0.3619297290307948,0.24545368060336759,0.3142529406330429,0.0,1.2386528203507967,3.6171973015002075
89,-0.5561873871370824,-0.10445970381134173,0.12870191139241915,1.4539898886377656,0.04579847119210112,1.0,4.743843660359507,2.533750094724441
89,2.1067738749108846,2.1267405794128162,2.2530768792265627,0.9655515652777079,1.128299803900699,1.0,18.936575639789677,9.140218160098417
89,0.7769545165027505,2.0901939843027133,0.8819625613279007,1.2590028237235806,1.6065354847062108,0.0,6.943270378134315,6.566947637564166
89,2.4807279106322957,2.0036141834775822,3.061514550108515,2.1549278226799817,3.3338456196386113,1.0,28.10951069248958,11.490941208713568
89,1.4245352059158956,3.2741981583045123,2.174256541978843,2.826160855859799,2.20214528983131,1.0,32.427805640593995,11.047363647326167
89,-0.30555124796041966,0.7313131395599888,1.105770051333194,0.0016343062819437204,0.8941322108354857,0.0,1.0749547323446476,2.4386418744478413
89,2.2840994103327543,3.299670174407608,0.9102856176021241,2.4326256434426488,3.145931053171801,1.0,30.45628951238191,15.186600877428445
89,2.034992676092159,2.0219465963372936,0.37865053422737893,2.5686206007765477,2.798985363239617,1.0,24.72967176481527,10.945408734658894
89,1.4008537036810766,1.8465651476501694,2.556649358917947,0.6985835258389763,2.568870063478429,0.0,8.406095895068272,7.288785128763629
89,0.27939165651588427,0.21477253748583025,1.797845584743337,0.6191198469123969,-0.007908264565722023,0.0,2.4366569616236573,2.286512838725293
89,1.4645658632957812,1.9409177502969732,1.8725430074265283,1.412291557442356,1.7346423725650932,1.0,20.54211789360107,7.757893733308244
89,0.6955611287201511,2.01144573461022,0.3735033493483676,1.6733834315824563,0.18315438636859827,1.0,13.769996299974443,5.798662242415501
89,2.8879364234972247,2.151158622274707,3.633583756240872,3.458004421397758,3.6027762149063043,1.0,43.10712245942723,14.197745011369204
89,1.1241289677946789,0.9243431415294142,1.291689609254027,1.7719773605712494,1.6676901965441013,0.0,8.889636147420758,5.7044925838758
89,0.4057383454731798,1.257712994127165,2.5268328178180117,1.3314550387833695,1.1613437830681748,1.0,13.374036097012326,4.034931890809795
89,0.89804428714287,3.296914191740863,1.6812122341755766,1.7746522878917,2.1152051403384586,1.0,23.28079184887784,8.733597340730068
89,0.24587534890585494,-0.6733566935338211,-0.6016783193767634,-0.20713118656808494,0.18361921078699084,0.0,-0.9932979123788898,1.132489170712665
89,0.8977100690472064,0.8265522500476954,1.343690708752677,-0.31284006977042234,0.4368015406913919,1.0,8.221778400976495,3.563119936935001
89,-1.0498757323456203,-0.5239635730202119,0.921227536122969,0.13441268855241917,-0.16109110815136196,0.0,-2.524556313283649,1.8152946162483077
89,1.9862562328504754,2.3919774557303244,1.5725556282676303,1.426603624054406,1.5361294499471188,1.0,21.16476950755532,10.20608202514197
89,1.2874594705486648,1.332329150249992,1.384309109607664,1.5660144937463718,2.3452226363796704,0.0,8.321298450532291,6.8583953818908245
89,-1.0879808714472952,0.017846693990002604,0.1322698377030772,0.4333687304334467,-0.06413055858194139,0.0,-0.8264420763359983,1.6875351455286296
89,2.2926568994400283,3.5305566823237617,2.3621293868698174,1.6207909559044387,2.2119896287153136,0.0,16.646985955075614,14.392126004157666
89,-1.6203003938096088,-0.5168478154215168,-0.9801908888399511,-0.24119406065349414,0.516762126654754,0.0,-0.9280081036489248,0.9734272067712091
89,1.472193300151182,0.4710183549548128,0.37347074339391784,1.2360434451443336,0.9086323233662313,1.0,11.142932987876376,4.855175808242332
89,0.46708355863561246,-0.027061731497225905,-0.24031876210743475,-0.047746174832833166,0.1355828702027464,0.0,0.9922796371888976,2.1023919452645607
89,0.11364536250368129,-0.6180794877311282,1.1540493575040203,-1.2957100901578027,0.9237020801746711,0.0,1.0745403421140673,1.4733497381415077
89,2.2288212330063786,1.14767336493042,3.2333734316625846,1.5286201875013838,1.5945251658832449,0.0,12.076484610867261,7.428674355625411
89,1.4070526203044238,0.6142032771455093,1.2761984163335272,1.9878837776029825,2.4460393547927923,1.0,16.381218276869344,6.020260160095986
89,1.0034027509357797,1.2405318512945198,0.5825797586772995,0.7626438059382374,0.05760132720535527,1.0,8.67970688265413,4.903178917822315
89,0.08911999091939071,-1.2595383418828443,-0.8372681206060095,-0.09440527716834546,-0.16919146381730688,0.0,0.34524448453215806,0.4216029559464388
89,1.1685601778177792,1.413096873210839,1.6621942121340902,2.2031299749949222,1.7746975477932896,0.0,12.988153510027786,6.670857437754947
89,2.427804267088118,0.6977837900517714,0.27593735881285764,0.059210431722806156,2.092235768164445,1.0,9.357668270993667,6.432738508850312
89,1.3257061237423202,2.2174948012582276,0.4885894007733377,1.5316346209562575,2.521088934736046,0.0,9.612746511451588,8.864999223203267
89,1.370185965345189,0.6503790490735047,1.5818500166461429,1.1835245890616788,0.04195028998793726,1.0,11.65776915727273,4.294031735497121
89,0.7605141147298401,1.3475705495175574,1.316524603330786,0.9883017986132105,1.6644134690746935,1.0,10.621461789899616,5.315049306465372
89,2.3321039677325057,1.089665427180913,2.1373277861451037,1.6946399539305195,1.8787028710049185,1.0,17.092092431750572,7.570724428485116
89,-0.25063808309770375,-0.6363092434573923,-0.3822743584161772,1.0551293213339632,-0.5577757232365115,0.0,0.5436434975960975,1.70136791395943
89,0.7311807649337007,1.6712461693267016,1.6953885734149923,1.2013383026003197,1.83803973939273,0.0,7.891589907957357,5.66630967623533
89,0.703837199913349,1.1348930326708075,1.1892333697753132,1.0872026113690585,0.2761077980973916,0.0,5.613436894163186,4.366788418913604
89,-0.06140267037691105,-0.2078416606408029,-0.30899496973590446,1.2160113622641653,0.051908282722640475,1.0,4.877383875524623,2.3102418871222765
89,1.1145874253111252,0.04296893569555871,0.610104228863977,1.1130290491832968,-0.6132722615242499,1.0,5.1382657572277814,3.0011896282389507
89,0.7728171063658313,-0.18212559120573668,-0.23651389560953096,0.62719343829636,-0.25018971842507565,0.0,0.30462627603943115,2.197001624371123
89,2.1517690722519633,0.6358748165139505,1.305724078118298,1.4871536775240275,1.6732290569594597,0.0,6.917832336139916,6.257110108804342
89,1.4424601214165,1.9793520711708923,1.3475297155261339,0.7254941170039122,2.3730548200118413,0.0,8.771258526453506,8.01049818215256
89,0.7751241053080022,0.736509170205347,0.893957742034272,0.9697727362925457,1.138430416490031,1.0,9.553679719813934,4.4541147523942755
89,1.366866357200495,1.880170799471574,-0.22054279360498508,0.09414350729969645,0.8358265048428287,0.0,2.1228514216298335,6.523953251124014
89,2.9745541562960796,2.444023272825839,2.167847454803828,2.6140717120157606,1.9052840678352077,1.0,31.891117206332346,13.760563703332693
89,2.162234201237802,0.27916329317848243,1.5657211376831017,1.481429577008793,0.5078168809298459,1.0,10.771935548762086,4.6068741325841245
89,2.6408802468961996,0.7587584169177419,0.6790412553509457,1.2815003440633772,1.182460651921958,0.0,6.2222472118548655,7.053285786216107
90,3.391127642980123,2.47853026752982,1.2217078230099891,3.0497851481794664,2.131382430109112,1.0,33.82783142147911,15.883320590545157
90,0.7493198488952514,2.0481606030596797,1.2329929605751557,1.1849210563662944,0.9944873427552205,1.0,14.158259239372953,5.971083701914483
90,-0.07381988525162919,0.3883729118191789,0.9483125938389977,0.8946428374011124,-0.6880475214378146,0.0,2.7234277939010343,2.289115647421914
90,1.7777953856794833,1.3533298971246432,2.2768628983461126,2.352838176481569,2.6166080238741953,1.0,22.084909788991272,7.945815063160965
90,1.4334599771979797,0.1766823195283096,1.0705366664864435,1.9462623680850948,1.6933204341311598,1.0,13.257677660018341,4.893051312234918
90,-0.6197149626762899,0.2182014404532222,0.4177682526828199,1.6098081280313166,-0.31439732212623284,1.0,4.910921858579263,2.4346067546017798
90,1.4263643182492312,-0.18600041752415786,0.062353866813159464,-0.18482662231312408,0.16055626900511633,0.0,0.9403678490022352,2.371975975801819
90,0.0899064095854959,-1.1488930930577386,0.3220629585175584,-0.8994590634545507,0.10829549522577009,1.0,0.5291697463734509,1.0812479613147343
90,0.17902788143324555,1.368541534785723,0.41821382459484946,0.13815595227067623,1.2493885625932943,0.0,1.6642394305660537,3.835486784513062
90,1.772638912888388,1.0639756484860952,1.5417421295807365,2.0317028463474296,1.232991216488897,1.0,17.956401720683683,6.736620123488688
90,1.5008725313213227,-0.08051150070896851,1.244334617025555,-0.16368734431188448,1.1393244372929991,1.0,5.032597348661807,3.020022505011635
90,2.7794447098032267,2.755225622714648,1.9998859889779066,1.9467940450062993,2.8044124047699985,1.0,30.99819661352868,14.384835503090866
90,-0.6351385478657394,0.09874009768753533,0.6558513132388908,-0.6853987748488684,-0.5038029332549891,0.0,-0.844070898417802,1.1949409906784194
90,0.46471924297528655,1.7633848112695836,2.4768384534200116,2.4659305725683947,1.8572428800251206,0.0,15.090008014497535,5.546468400311352
90,1.3915355149156214,2.480924772332042,0.760759229909823,1.7048743045597683,2.0337706440232415,1.0,19.998145853094208,9.362539915520124
90,0.6506731835046187,1.3788165582243617,2.709178289782346,0.6392583702813418,1.2875447191094853,0.0,8.603356428743302,4.321937896233609
90,1.3773211327801518,0.7076964861175399,0.9138006586865528,-0.09364428856736362,1.58729221517804,1.0,7.736249384870818,4.831699117712602
90,1.344952295621866,2.1242642257385507,1.5469854897685291,1.0665863098853436,1.123898563796493,1.0,14.722215580705473,7.484186076460682
90,-0.008528256763691289,1.3506260071843912,0.4152422914836096,0.39313431150566724,0.909131593541794,1.0,5.314434189613743,3.433303092243049
90,-0.026120166718202276,1.2282287196209423,0.0802531266372476,-0.22989811237631685,0.20786125993005888,1.0,2.419221276429576,2.594862320453281
90,3.2974803116914426,1.7084987807551122,1.4105996213987126,1.6374354771951278,1.9710845882427934,1.0,21.866245154215306,11.805802878195053
90,-0.1891809096312651,0.1705454961343258,-0.48795146692640423,-0.1684612387515121,0.3524319380344586,0.0,-1.0873610810441734,1.689723056621754
90,0.25370013736127617,1.6764020606326635,0.8954428257246361,0.29435739053758103,1.7995502646309558,1.0,9.49520765293304,4.510203030919003
90,-1.7113179248365724,-2.358271805614918,-0.24430070393706171,-1.0318986826445586,-0.8026953951086129,0.0,-3.6138094609314386,2.9318172629505987
90,0.3460743659924719,1.4587376967902614,0.4401506130484789,0.8977597283240855,1.1453575220104084,0.0,4.482894697213161,4.553559187565941
90,1.27686179528905,1.290015824812469,0.931524189802678,1.5587165769282474,2.412512459406967,0.0,8.880708733659242,6.978598812531664
90,0.9014016183234002,0.2259513895954589,-0.8039842582700747,0.6780763330276693,0.9121508383405746,1.0,6.1728040812392715,2.8543139638602937
90,1.1194040193384813,-0.7411104261590868,0.18234901260266678,0.9207061854053509,0.17258099516624692,0.0,0.9669270665732892,1.980783339456603
90,1.84800891086875,1.5256709836314641,1.013294104907484,0.6787715956061746,0.583002084867932,1.0,12.724389636777552,7.172895700588342
90,2.376046499611368,1.5215430445352807,2.2716879756822177,2.5922502666221976,1.8261546967432967,1.0,24.129487478244773,9.264198864829332
90,1.3076487798836327,2.0303627637885207,2.049995976457012,3.0973123143192556,2.7801807687681634,1.0,29.820171434545312,8.826682571365168
90,2.6865114248327018,1.7644905333095178,3.4273717112010633,3.0923347100532794,3.271130195496581,1.0,34.588352583602955,11.901800940588652
90,-0.15469705255916555,0.40863037229794197,0.06298009814687955,0.4449402287992066,-0.3940819219825713,0.0,1.4886545577718029,2.1186893572469048
90,1.701512315216092,1.1230994275786668,2.062316912374122,0.942878205318166,2.207941831049853,1.0,15.417437245527285,6.457874846816582
90,0.2684271685120925,0.365083692633303,-0.41055834184676887,-0.4630422926043476,1.11157237661194,0.0,2.0880369819976607,2.4506378031422535
90,1.2953858221885932,1.6080615662856017,1.5609957134412922,0.31351304419244963,1.4853398253355548,1.0,12.708717699170093,6.224508596354066
90,-0.48702165988904733,-0.3259496371762267,0.32542271283207114,0.6841000395274472,-0.5301181633262801,0.0,-0.4442678072700126,1.9394768451534181
90,-0.2390647796590466,0.35231218597264025,-0.10444386587821919,0.3444812220692114,1.7546714212677064,0.0,1.9513391487139082,2.9643033525727933
90,1.328545630613314,2.0178375102030617,2.2207667189033344,1.6918133591746651,1.9344895407087228,1.0,21.622985184539083,7.672352752161476
90,1.0546332883006282,-0.22088635944770063,1.0308833374586872,0.03884857870333924,0.08246301426294045,0.0,0.8812617781289431,2.2740781819391422
90,-0.27863026459424267,0.5994153422205832,0.2512263786236072,0.9208706417690364,2.706401525828454,1.0,8.136172781182145,3.9012348387543807
90,0.7313441001382721,2.3878192402020235,1.8421475101416953,1.392373786446156,1.3223256581042035,0.0,11.076687834525208,6.316289237041973
90,2.114277165835806,1.0547430349601323,2.4253722653182077,2.5318490011031827,1.60219651939944,1.0,21.07063534727401,7.339945536642833
90,1.5839634061266796,1.8297535340899167,1.7880464472449578,1.1984629146245007,1.2974597810838766,1.0,17.4071132029625,7.531560480898043
90,1.6774436405497872,1.0646041172757064,2.6405917616672374,1.9686034289723118,2.204967980972304,1.0,18.798573601146483,6.686816601698821
90,0.5080172316206291,1.2480625097587126,1.0829219721477905,0.8327838646675614,0.35878086263649855,0.0,3.5475868331332694,4.118069781125531
90,0.11339592872198445,0.1757806806326334,-0.2501910373194558,0.21636931243799695,-0.719412630389616,0.0,-1.3607360502156172,1.756769081214871
90,1.222502801158921,0.49035649261853465,-0.5938868861122799,0.9020048089967277,0.2613851039141387,1.0,6.773702918849067,3.569415241822945
90,1.5149500727991678,1.5571770984494844,3.2267532565744936,1.84210568718701,2.255166598981253,0.0,13.714091610193108,7.560745888821949
90,0.2853638858708337,0.4697815900570085,0.07212831337711911,-0.3748499749691456,0.7225186924268854,1.0,4.917104805172825,2.7189298341872132
91,0.7227110925646476,1.64815607248713,1.2025225815978837,-0.13579980489621923,0.7387989423185237,1.0,8.971925921631108,4.639340577307369
91,0.5946365872960497,-0.3375485666008389,0.8751541637577905,1.5841125723869882,0.4540656109512996,0.0,5.1700400937965565,3.0253699793615554
91,0.6793379598293446,1.1583301789590383,1.1066957133665098,1.3709414213068054,1.5681014372993967,0.0,6.850007751804221,5.176219745040088
91,2.262837420333372,0.5595972977090057,2.1493922619512684,1.66714389995624,1.6028473310187707,1.0,14.826025328467573,5.840337861866278
91,1.147329036658418,0.5470992652993585,0.43184971219284374,0.5520574400405963,1.3830098165689617,0.0,2.6801120207946547,4.5665686125177665
91,0.9097627927788743,1.2486789230819606,1.211733547615156,2.375241409000214,0.7760941434175004,0.0,9.417122324982408,5.748153968992936
91,-0.09444497556603992,1.1450666849937299,1.3156166601368509,1.6983869169291517,2.6481525546026674,0.0,9.00031229230612,4.500662386855099
91,0.5183148118995367,1.6061894047517675,0.2190957505543738,1.7287070778284854,0.5505504225596891,0.0,5.497924073251147,5.120034877335699
91,0.8650729755492454,1.0878735516460936,1.159743415274847,1.9087676664222257,1.200686147717326,0.0,7.666828768444116,5.451736642580654
91,0.22582837970671876,-0.8554251786841371,1.3156841379447588,1.2055135263286103,0.0064172636476970135,1.0,4.046566672098482,2.008183750488446
91,2.609300435140021,1.7289154698167442,2.379520386563467,2.086079784972102,2.797243912009448,1.0,25.680763650412352,10.588383055723472
91,2.0508357326271534,2.648152677326717,2.0052831728625162,1.556235550029065,0.6063836677889904,1.0,22.509808985715665,10.443426554456767
91,1.7115040576758833,1.3500257658300336,1.4944281871981122,1.4680406528652816,1.9344210395743895,1.0,17.4892733647578,7.3660783579846765
91,1.3707850719415873,-0.2113185968437612,0.5719595380951836,-0.43837077618227727,1.541486514081278,0.0,3.086007045701647,2.9684404274902807
91,0.5528342601020992,-0.69677634952437,0.2701157325286657,1.0982134260021383,0.16430130771402152,0.0,3.312492100418318,2.272882371173265
91,-0.3129098339575951,1.6029756322539481,0.08616236135227362,0.7162222507319007,-0.3456045126763534,1.0,5.390747332345481,2.368126429561603
91,0.5823068577175685,0.6192593684738543,1.1310763386341731,0.34429181902146344,0.6552265983142245,1.0,6.6213900330580495,3.452365575242583
91,2.7832940231459653,0.5140557877273386,1.8976019160902746,2.235739108786661,3.095125422495158,0.0,11.86124590686752,7.372657198230701
91,0.7315533898150655,-0.14523837508653648,-0.8109145203729191,-0.47294155728517895,0.07180871619148699,0.0,0.41019783075574956,1.2697199703423125
91,1.5463605405946867,1.5978648491969643,1.0509217729099134,0.9979761673391501,1.2941205935602125,0.0,5.3446757015695905,7.2112683831916895
91,-0.3415070460198508,0.6176415773980124,0.9608024589352002,0.49950441157934833,-0.0010541927737943713,0.0,1.9090086581340318,2.229627087856287
91,0.3654703244624925,0.9978310985274196,1.1629112903018213,1.2690183806730295,1.119457595248241,1.0,9.25036348475684,4.218690760799353
91,2.6680096959218496,3.8120901131634173,5.060422855071673,1.8373859551793474,2.353181589182708,1.0,51.49094895872631,19.37728870932258
91,0.980418266788134,0.7883494769820055,1.0175506564953727,1.8835892545222046,1.365640339580724,0.0,7.584709145515611,5.316137709534247
91,1.8566933846717246,0.2918069806844069,1.5828776028137705,0.9399406681128581,0.7593744546410441,0.0,6.476150641884361,4.245061653970249
91,0.6618779957798779,1.199716189386336,1.2964754974371295,1.4579753377680875,0.7112496546308553,1.0,10.68783548927675,4.728606307875033
91,-0.2680260450677878,-0.44822804661615834,-0.3489124078181969,0.4356519356935976,-0.6435946568988002,0.0,0.3022143230580998,1.4233272704460957
91,0.762359207793282,1.1124789449979864,0.7842415179503612,-0.5115473123208558,-0.8303026592608653,0.0,1.7209806981542406,3.214647596624758
91,1.339198427566662,1.5264836894830283,0.9456419011861222,1.7244355715087898,0.07041054158934867,1.0,15.914000910393511,6.4325721217657055
91,1.914767143205591,0.15150603565212672,0.46605712556915857,0.3083268108459736,0.7355517773075548,0.0,2.0582121930553825,3.97155025241082
91,0.05811924848217187,0.2981497118178613,1.1982768159217951,0.4923811676718507,1.9891327979583728,0.0,0.6140261480051814,3.3993213987213085
91,-0.04401849174771999,0.7715982573691793,-0.05345777069230628,0.242579675171267,1.0921046154563179,0.0,0.10764225680275674,2.969010024874339
91,1.018458911032681,1.2191559161902004,1.9829893740671216,1.9651002740279446,1.7572744471432102,1.0,16.36674638097575,5.812530010868396
91,1.4871753114994113,1.1244538416716243,2.437103929700303,2.425132521516229,1.78741233194546,1.0,19.47689916846874,6.54095618400162
91,0.8526872495785078,1.2966732831079137,0.16284041769649038,1.7207964016988877,-0.1081231068284898,1.0,11.941961987403591,5.05486466927386
91,1.3830448574501224,1.0653298419930926,2.142083703890557,2.245707094198237,0.11312075465783433,1.0,18.4406705935259,5.407326640261566
91,1.5185966362637662,0.4231372593397691,1.2066245673480522,1.832245223409322,0.2457625272905083,0.0,6.755959743647538,4.611933418491192
91,0.2590553791594933,2.108148764383452,0.0644042624393465,0.669888070559679,0.5045956172598237,0.0,3.8857844716256453,4.347100086654798
91,1.2359695214402038,0.45805601387108563,1.178817472747733,1.767579096722395,0.7998596163157085,1.0,12.56328405466215,4.668302062387931
91,2.498623660343859,2.0292774218061576,2.0658098030356973,1.4190615468900853,2.4978325043524605,1.0,21.739820034727686,10.850659537842535
91,1.7060209048506707,1.8907481621030582,0.41951943319387575,1.6924078296969496,2.5465956697701206,0.0,7.653041026868989,9.266586681170084
91,-1.2330984165671341,-0.39468545765267193,-1.4527493688744189,-0.8969887702304973,-0.43971346265923894,0.0,-2.849680488110998,-0.6041587419529912
91,2.6898997903337603,2.5876917359323306,1.5483145735926953,2.515882831564631,2.1476390037874515,1.0,29.421158102855202,13.72782528496575
91,1.7067607067982868,1.1017356646589884,1.4157177695854575,1.9923433367430592,1.385011550885571,1.0,18.36360586724872,6.8356413702973935
91,-1.4338652235291196,1.0491777138381804,1.372940177555721,0.1438395455964946,0.06124515147544285,0.0,0.8894034607951311,0.28885700466850084
91,-0.4370235152004718,-0.7860835737296932,0.863917935384258,0.272432482704423,0.6759875627650211,1.0,2.1891519279988363,2.2876157426397334
91,2.4295159960501875,2.9924733355780297,1.8626642892041805,1.8822434472460163,3.609669381383665,1.0,32.45401030515042,14.370803372553304
91,0.7891224153559988,0.6419147754151351,0.6250069405122187,0.8120842818304675,0.33705076328607864,1.0,7.765948316721804,3.920097984839158
91,0.7773946906762612,-0.21502695727604904,-0.34259821147832037,0.09670700990817838,-0.06898536092398166,0.0,0.11683885206861822,1.8984697849003962
91,1.355109248578839,0.7364213988473282,1.9511188514624531,0.4349820571872408,2.525277710128152,1.0,9.651466264010828,5.128166114162711
92,0.4494215809173082,-0.006199043358298573,-0.4239234382388333,-0.2517837502918847,-1.1874920035238223,0.0,-0.14336614806689232,1.198707782601058
92,0.24115809182491932,-0.989959024677449,-0.1252516787949396,-0.19164707768429512,-0.40017376192299525,0.0,-0.029042226772753532,1.0204929028155516
92,0.6723288353732741,0.9021866052574679,0.18278800144084262,-0.3151670111121829,-1.1337227407747545,0.0,0.8220182386247215,2.7441136497380865
92,0.5216829176655211,0.28621214360237013,1.6332182005802371,0.008389651520320007,-1.2322673053343483,0.0,1.1706706176398556,1.695548446185056
92,1.865060738033784,1.4569850674036582,1.2329196948565837,0.7083850026900632,1.8739512963686575,1.0,12.93782741864536,7.617501071495731
92,1.6921247823281171,2.4480223814178554,0.6003578323831984,1.8618789202380925,1.9591570447521984,1.0,20.554643174805005,10.248263334563216
92,0.6474031836946473,1.1441092374305777,0.5240668185413875,0.8265390979543521,1.4550542757340947,0.0,3.18006686905182,4.9050775569484015
92,1.5994293326132691,1.3293170679490776,1.2430412371522213,1.782104739365475,1.4994149777101442,0.0,11.021188996674965,7.174720821612642
92,1.9648631117786541,2.2335875153787828,1.4735004119669122,1.7211185121192933,0.8394525670089985,1.0,20.090399783388907,9.60209725394521
92,1.4367602280687195,0.7320827687424307,0.48129059573182686,-0.5021674788586303,0.29002819595941787,0.0,0.14960499463034882,4.157222774611335
92,1.7267293430954447,3.4833945635089525,2.3653173921387913,2.8347452137757956,1.9717199757091683,1.0,37.065971825525054,12.492304718072319
92,1.2809691783672577,1.5036913453181953,0.25591003771772913,0.8152901340708298,1.287849615006997,0.0,4.7507022493351485,6.4654707645608145
92,0.8820544126538791,3.6983219097698363,1.014724938927181,1.492840795357289,2.1948006698205633,0.0,11.918339742106543,9.431346093809257
92,1.922134574427542,1.33989217194282,1.046329837423389,1.7789533730045801,2.294028116911657,0.0,9.611756439367793,8.266873380395829
92,1.2209179172044284,2.0304121756639617,2.570531315546748,1.7761487704474148,1.0007275246977252,1.0,21.707903575091116,6.937007687285837
92,-0.21714531062921516,0.034177551286793006,-0.09483030591259478,0.06749227450486894,-0.680909183641548,0.0,0.44661226126948184,1.5424779929361492
92,0.9968837741571386,2.635163433712919,1.0439378655923413,1.2167573788186754,0.34658359274459793,1.0,14.934519204897201,7.249435000990617
92,2.331334413082949,2.445808584539742,0.898137175503556,0.9658633633086239,0.30111301970274684,1.0,18.730834482046916,10.796194088473959
92,0.9530756592395644,2.075433512849244,0.3902755255176552,1.5344764006601257,1.7424684884442676,0.0,8.166828621936832,7.250714229963945
92,2.949809569486282,1.3586753235507432,3.036277785138733,1.3162000487844772,1.729003606130532,1.0,20.39467052967534,9.208357124800164
92,-0.07312210913796058,0.42510534071516215,-0.6029240034495715,-0.2427270982605203,0.6935187103529813,0.0,-0.74960979430931,1.8925218934903523
92,0.510425186558443,0.7210799269470847,0.34532501105744395,0.5397820894164201,1.9866222676810574,0.0,3.61460685218407,4.360640082310562
92,0.3373567157734977,0.32774966895520263,1.0801681909548488,0.6112840502616044,0.09883483482686628,0.0,2.137753531585127,2.8094453024828363
92,0.5465968448440929,0.025688973559438888,0.507873650006009,-0.05728574072654191,0.1700704565077813,0.0,0.3474870014067488,2.484294173542582
92,1.8815472652927872,1.3584328437822968,0.6459874068066518,2.0745260302495394,0.6638863362185692,1.0,17.274503602226314,7.666651293536484
92,1.6124423543967663,2.7446526238837112,2.0707377435512537,1.5948871771668602,1.0343089684177564,0.0,14.084523325074832,9.474734446415988
92,-1.0448758724327956,-0.31930124588019626,-0.2678539047268991,-0.1682891966411062,0.0496052020554264,0.0,-0.7544343161068621,1.4226137666161431
92,1.040247079206684,1.6496466914824959,1.7027577982289035,2.4332471350503124,1.2105140883818486,1.0,21.255342724583286,6.6026677363858175
92,3.097628276747135,2.472067226896093,2.1457892962189975,3.0895571451442403,1.4501053866148919,1.0,35.86634178074437,14.241290119198865
92,1.192603505430545,0.5164457642148651,0.2909221707728471,0.20396743801504424,0.6193524282466167,0.0,4.976548792517347,3.985540453428257
92,0.8220665548417767,1.0206163806403499,0.8928596038494376,0.49119587300910006,1.2367639150970617,1.0,8.959424876735302,4.697953094354153
92,1.6142090677409424,1.5771479591741078,0.9161213577343905,0.4482584052987997,-0.14395491389381232,0.0,4.641481530828378,6.360638920938651
92,1.72493512727493,0.8650944355273653,1.3886231091075665,2.2778948150922957,0.9636239571379678,1.0,15.98398819014185,6.283484757811857
92,2.006131625528005,2.40723603838822,0.6531952307510336,1.08742061224376,0.42011804401834973,0.0,7.638160012078148,9.91042915000661
92,2.1874977125506168,1.4596676022874382,0.03240704316528098,0.1617250741931201,1.6036370789769436,1.0,11.506727956261381,7.914961734406189
92,3.2083327032291207,3.1109764028103246,3.106747977213376,2.6640571251879512,3.008034073212381,1.0,41.088798751196784,17.530728487251913
92,0.42490444866344035,-0.1401180007130729,-0.058739265885295655,1.0283287921524085,0.6365563876981675,0.0,1.0578486218938623,2.88420476440574
92,-1.3815558113591444,-0.2243147846932545,-0.4127443560194852,-0.10983637853099326,0.550245189584471,0.0,-2.459132351850252,1.4368237684976461
92,0.43931564598330075,1.0648503828390714,1.378770668537119,1.7927898641337827,1.6071653158074817,0.0,9.049262315704853,4.800099083595642
92,-0.05047448294692991,-0.9268065591081431,0.06834328683689406,0.5353190769368869,-0.4094168458467491,0.0,-0.905362416407903,1.6529278262468514
92,-0.04139591534084164,0.5904661587457603,0.3780722882928196,-0.3998335021070123,0.7214966161944616,1.0,3.4281442106547146,2.5293378731465155
92,0.9711483545922392,0.5821731226039866,-0.5682328539097983,0.19460242424530272,0.2636349091590474,1.0,6.140770218516151,3.129892717235017
92,-0.5650269553454126,1.2196695950594272,0.2202402334661725,0.05501713034233913,-0.46981016149430466,0.0,-1.6828989389693825,1.5167437183020915
92,2.1141837069787393,0.5372645454818922,1.9582575598056529,1.0995349310284839,0.6490239248219232,1.0,11.242479982592922,4.937169218617872
92,0.9981001474644636,0.08520314696089759,1.3312425965924382,-0.07781061292802205,1.0002866495809406,0.0,1.7811716853340798,2.99082136135157
92,0.9714094944196777,0.6337415764296315,0.14616143765760148,0.9502291309440877,1.5373803964256085,0.0,4.219668456294107,4.724421021860858
92,-1.2104282767466201,-0.4463713734360091,-0.1721427895688128,-0.5764647071076201,-0.7602921853881155,0.0,-2.2617687908613684,0.9426708485491662
92,0.21061749940223473,0.4978296233001108,0.05938010561403806,1.5139635618385683,0.5892721920802955,1.0,8.185895453623699,3.538620641000469
92,2.3129473578835817,1.7742815913946748,1.6504387381415473,1.971906900287682,1.3016950481375982,1.0,20.86504843209827,9.529896492992707
92,-0.5172533380185196,0.14221313377382283,-0.6508931472030188,0.6991216295890887,-0.12801638216549582,0.0,-1.097984003725842,1.4945686903859365
93,1.5952367711718072,1.951153835426683,0.0888093695498875,1.3292796618449776,2.5373220941509214,0.0,7.985244217951069,8.859512249750239
93,1.232316596049596,-0.1291444269241897,0.05343757472284261,0.01178963020091095,1.0259493908687545,0.0,-0.9049290824131546,2.9366001144072085
93,0.7990955241254147,1.7878363782741409,0.7677726828977021,0.16372876594885544,0.158536824932353,0.0,4.896034056234247,4.986596537332469
93,0.9204320517238932,1.6471377732561465,1.7990968304074757,1.3087667843595954,2.676548084531915,0.0,9.892717160855124,6.465746709670997
93,1.2568876510923932,0.7619162837385025,2.7920742436644232,1.5531965489159885,1.5826360252994127,1.0,15.042079394657536,4.991460804464698
93,0.7655146625114875,0.3144826559418955,-1.616101720342948,0.8477982617212548,-0.5604907816688942,0.0,2.7530705911536115,1.0710527269860557
93,-0.007190240567250594,1.3580601704952506,0.68082906564862,1.51501996974235,1.4965122539551763,0.0,6.500868052125448,4.2889019711885235
93,2.124815163038373,1.545065287700122,2.082324927039921,1.936918108816223,2.392717827743413,1.0,21.844956929905102,8.834388054868825
93,0.280408660140845,0.9692689959191734,1.1110938773315415,1.093196776855204,1.6590100580166505,1.0,9.812563034622595,4.271962071008652
93,-0.3609803901580493,0.009648735113967688,0.5691463271177104,-0.23738566376243053,-0.3630570542815761,0.0,-0.14996137417429234,1.647564310430814
93,1.3321760957724276,0.49142749270681785,0.8927135865627006,0.5072630701383964,1.5274291432642464,0.0,4.649978346815416,4.657473713168228
93,1.133434556571542,-0.28713302807000907,0.6420594082301276,0.33411389532057145,0.8636857077233748,0.0,1.6450438478673832,2.8184979621784034
93,0.7285420501180343,2.0566496113904256,2.138241242375078,2.306716452765551,1.08068259776542,1.0,19.51352256907314,6.116292539935392
93,1.0154623846255613,0.3296104917306143,1.036827924509405,0.5746712853139655,0.568098599583235,1.0,7.079604388145705,3.605995715961216
93,1.6576758094647002,1.7053206565042625,1.1255854600363588,1.9532934365845136,0.845447495336201,1.0,17.271280574000315,7.901178429945217
93,2.320746683541921,2.2154878684432298,2.4270776768157685,2.690195783048942,2.9221415924577068,0.0,19.419875840172875,11.67399978321414
93,1.9993365246815231,1.8573255576594918,2.5610509800798447,1.7785543527418146,1.3984437804457808,1.0,21.991728634468004,8.674608746290332
93,-0.029482981005636955,1.117318078870414,1.9460509697981543,1.065642155543892,1.2908807528851165,0.0,6.39475109025098,3.2957531558856097
93,-0.2673339310525835,0.44351389808203356,0.16313177727249695,-0.5087727181267749,0.8817501047096348,0.0,0.08804429865038876,2.224301745271455
93,-1.6225628016040536,-1.302262934724605,0.8962254418831549,-0.6486031375179915,0.5369958167289004,0.0,-2.4902146191063053,2.667461834246097
93,1.3066190448851627,0.6159343973170164,1.136232191762577,0.3690371426559219,-0.2857067288015973,0.0,4.2496905655079615,3.796864726311896
93,1.2024213065882143,2.6041461699751878,1.7108630196280212,1.68171137613361,1.2639589049739084,0.0,11.856643682643472,8.22322207425369
93,-0.010158855999270688,0.5020034492400101,0.03216385948060896,0.20686178754934847,0.42673046347805177,0.0,-1.5574574118643008,2.573183358784981
93,0.7506552024636187,-0.02418034990942619,2.205534908436837,0.5886906469960733,-0.7103450971970906,0.0,1.0012360386829557,1.7940595163696513
93,0.5185058742867454,0.9263582505777576,2.012471357454949,0.13966160237105596,2.0123270010983987,0.0,5.784499692981404,3.8575298839150016
93,0.807030435809837,-0.7698655013665388,1.2242064799598122,1.1976837584440079,-1.764354420919176,0.0,0.7733680059810573,1.065737899913518
93,0.9456922784194779,0.5670087747232296,-0.7770908177572864,0.15434509758163528,-0.10381690518053532,0.0,0.9203110939874053,2.642241528719597
93,1.2847793655937343,1.5738552645956774,1.620258037587487,2.0321139435503572,2.0262237173816504,1.0,19.191281910362083,7.241230387168337
93,2.4541304162293476,2.250987319739127,1.7236224718449829,1.7989729578591458,1.5293432527980149,1.0,24.65396406357634,11.250512714700315
93,-0.033325020734621846,0.6880808124989943,0.1121371298662387,1.3418665796871303,0.0823711146987367,1.0,5.482816088197006,3.0663542184555785
93,1.0343805209901291,0.22601018581648424,1.0879414505041636,1.9431607383904848,0.6198778214029192,0.0,8.666157207865846,4.153775443360328
93,0.5700435106406407,0.4488780493161858,1.8869804362030531,1.0504701782881494,1.4185140339094375,0.0,4.886761047148246,3.632381022557582
93,2.3470667959385887,3.041245164297841,2.8107549791555373,2.658467103183849,1.2076806706634384,1.0,35.562892842300755,13.224842330970448
93,0.10019389067481033,-0.09079506759398548,-0.21589803988461242,-0.9884307756360824,-0.31525318255317036,0.0,-0.9179844680322237,1.2125957072060753
93,2.167193923536534,0.9073992717985719,1.1352597180344277,2.3731300963706845,1.0914797280440036,1.0,18.129386747111898,7.225638532035708
93,1.413749115984296,0.011319557529884228,0.549095816697177,0.7904000658295726,1.0776206660459346,0.0,4.0586278143708725,3.790092404065148
93,3.2913933129940367,3.272209633555335,3.8746674407684623,2.6053102707042477,3.8816339328749456,1.0,47.0470408631172,19.489615801229345
93,-0.1275285764168559,1.219251797078476,0.6236667192455105,0.6401537850919226,0.43094133445974103,0.0,2.7521803129146267,3.0494955811627493
93,0.2571818689142309,0.6105562636202165,-0.026065054588135572,0.8902343669102454,1.1332597391378665,0.0,2.5389920499674146,3.589267918648522
93,0.5068013806857592,0.41740644521354997,1.6092848356830385,0.4865040852707512,2.004256575285172,0.0,5.184532808740358,3.685189816808898
93,0.7022472691286781,0.5738161793903975,1.3966545351501294,-0.44406532160899537,0.47014559485041896,0.0,1.8809904556062569,2.9256229464509036
93,0.1264247240018529,0.876362921406111,-0.34495583281015696,1.0352744476324045,0.1759215944263789,0.0,1.836687063157281,2.9863982566779796
93,1.732005848752981,1.4290373951141813,1.6023550065038608,1.2303130769513428,0.2199619421803839,0.0,6.161204687401428,6.550384319685277
93,2.072799454623592,1.4892956432938342,2.503239320362859,1.6406383042100212,1.5499278734571686,0.0,9.630150949572398,7.911883443281961
93,2.475571990951999,3.4288119715032996,4.412131424807958,2.482207922966627,2.6877803292431866,1.0,47.583803822953406,16.935756449533606
93,2.4390000371637948,1.5278483424840545,2.4102701496924537,2.709693580709289,2.283773613347387,1.0,28.20996768797162,9.667423212548183
93,0.8409444406013357,-0.18544896497525287,0.7358497982043645,0.460988691378449,0.29712772284920097,1.0,5.014474039301067,2.6600391897689084
93,1.0393130423030927,1.236970322904968,2.2284241227875197,1.3957972409818888,1.3152609943977362,0.0,9.241007556402261,5.282241145342212
93,0.9983818828722143,0.7660007502791457,0.3908076515637664,-0.06566914852780137,0.485860220370234,0.0,0.2826355429265348,3.977053648087139
93,-0.7689662615854178,-0.39960221036355037,-0.0417791675278929,-0.31515902128347095,-0.0674965889089667,0.0,-0.5687319666632257,1.5099063705114233
94,-1.677004757341785,-0.7613366377442501,-1.438719544058944,-0.5531403656136826,-0.7204438191927871,0.0,-3.0931549310337987,-0.16686427833574746
94,1.1388002792675387,0.6549771635176901,1.4478701868835748,2.1976032781392645,1.2894668703258847,1.0,14.694242261694736,5.2328638534064265
94,0.29498845852673217,0.6036204047529948,1.0854916047191743,0.5240884969189858,2.086266478948671,1.0,7.48572505236702,3.941766692452965
94,1.5400474662365045,1.0663153406976122,1.9304403920745437,1.955746881643141,1.3089430800206423,1.0,17.714366914306964,6.190981726193513
94,0.7134171649652208,-0.2447998069722641,-0.07498281805595863,-0.0013342039171249098,0.812899125081805,0.0,1.6429437258886064,2.425145451679703
94,1.7074764997405403,1.779737615791996,1.3706660226090466,1.4402294053787412,0.7595938625964282,1.0,15.786474093525282,7.766508893613051
94,-0.4793528406594234,-1.1956968804927546,-0.02093885624532743,0.04238972955857867,-0.7963617959991847,0.0,-2.1066945456714703,1.3479611644716198
94,1.3049826673766005,0.8227539088647113,1.320270931889737,1.0157659981163345,1.180637717429119,0.0,4.704143245077588,5.143798189157392
94,-0.48260603799148516,0.4472280990113261,0.348127856937422,-0.5611484982979063,0.23681491854826298,1.0,1.087350292870707,1.718386208172813
94,-0.3048128645452082,0.402100538571575,0.48902448149530886,0.8761226546568247,0.2682170476449568,0.0,0.8986088946322962,2.62555205488458
94,-0.3446845858231491,-1.32963991090147,-0.20063267538144824,-1.2010759918819058,1.175346460884931,0.0,0.7703882888684954,1.4879037189368591
94,1.4838302456304058,0.21685411066052906,0.7922397059738715,1.4240428217545422,1.5940150815963368,1.0,10.369535856439413,4.779518240266944
94,2.282320156572419,2.409760577563681,1.6000843602946304,2.2153608359145043,1.0205008429724618,1.0,24.88753789842481,11.234574678825087
94,1.9020971032188543,1.7787900674042283,3.003190725089897,2.5720131817033542,2.4641926543272836,1.0,25.838658378862135,9.25313556874623
94,0.52207859271867,2.4840024066103297,1.1949031354664599,2.164712862342726,1.2568137316635926,1.0,16.67443447722644,6.475203349363865
94,0.6646406680196536,1.2887326671400903,0.42704261715539715,1.4993956065527343,1.0421786949182716,0.0,5.102059884798447,5.2277338871613015
94,1.1856443600433686,1.800279648140278,1.4135125804824555,0.9465592437245322,1.034072046061478,0.0,6.935189230125477,6.481161412979976
94,2.360123914626772,2.830771231657394,1.6086958548194739,1.6669004152186866,2.0303918849954465,1.0,25.578289864577112,12.891522075639013
94,1.560421406818679,3.0677142295864983,1.5163677333601298,1.8259845912295003,1.6746671472044432,1.0,24.726621836146247,10.663906231501766
94,0.15107850049000615,-1.1124689233764578,-1.2493325703173932,0.5910010840194784,-0.081708146380435,0.0,1.131824591228108,0.29717050805156925
94,-0.03223263646878727,1.2855161467862182,0.6726090119963037,0.386972726759812,1.1763187641869433,0.0,3.150488860115571,3.4853552721118968
94,0.3421769247372185,0.5863823881853459,-0.1024606367578651,0.34981234745563117,0.7005856793732255,0.0,1.8750317648179964,3.1336503733164776
94,0.6260509993532318,0.28692362754350986,0.9687873653034306,0.1718912099633204,0.6509752549379393,0.0,3.4107529003077826,3.0982424526326895
94,1.9087850787183345,1.922643932897315,1.8565700571728807,1.3093087074740488,-0.316685959430163,1.0,18.253617891402705,7.7283250727831545
94,1.9036741277383227,1.2269727765811638,2.305290433217496,2.640121069221533,2.375419098742588,1.0,25.266137073724313,7.8912833005382375
94,-0.32377145073120905,-1.1374984408168451,-1.4988125511592316,-0.5939891029581041,-1.0186624933903365,0.0,0.14137458976537332,-0.8461558733561954
94,1.6914517942106881,0.37247183390098915,-0.482768780941232,0.08547131640747974,0.05287687198759217,0.0,1.2870127782513279,3.37548262864517
94,1.1436997251796093,0.1995677260838863,0.8161037310958644,0.7104653973444683,0.12763543567923752,1.0,3.7277552000867016,3.4120463236457272
94,1.5854790749868324,0.9456105014442027,1.8796602168949286,1.7430410593139296,0.2872814333595116,1.0,14.294026225913004,5.415805321924454
94,2.8633558928227227,2.7196530294703463,3.120814629848531,2.128638708301839,1.9457089788738806,1.0,36.626817430626694,14.176636003395004
94,2.1501023408554776,1.926646514543417,1.5930148632028582,2.037291193438035,2.606133638168285,1.0,23.83021995029667,10.276864747651357
94,2.8410612287247488,3.557707104381786,2.777492970315458,3.020254537258077,1.215595734717526,1.0,43.440571306639946,16.87927475516161
94,0.7014756536856079,2.486647955087788,1.1916248990176943,0.858641799855721,0.7033221131225986,0.0,8.037912156920616,6.085330086621219
94,1.1185725287805648,1.6270799944168202,1.173282847099197,0.27162855003296404,1.0794495662033687,0.0,5.918264782512583,5.842140631111139
94,0.4224096521079733,-0.3649551185459783,-0.1260325998610985,-0.24885359612687874,-1.0010944162363429,0.0,-1.1140246603755983,1.1786447951771157
94,0.8156052186711393,1.8208805827346162,0.45805983433660313,2.1088243896880243,1.3651720700101446,0.0,9.090511292785548,6.666302896955122
94,0.39585137211509946,0.23022909589401885,0.8901339249249904,1.1756591317783753,0.7482678827050333,0.0,3.8218277735670583,3.440515158873202
94,-0.4273965305380263,0.8144036437973974,1.2381625651754753,0.19828870689783007,-0.13816144016401877,0.0,1.0205408247328451,1.8211087324027269
94,-0.016198196609223725,1.455787135789191,0.1134185211093004,0.18866688007714627,-0.18992480004948464,0.0,3.1612303526918133,2.7458686553384055
94,1.147624235581842,0.1483303386832695,1.6218859806099553,0.7202127835234348,1.9483655521634544,0.0,5.475638842183606,3.9123695054103815
94,-0.4315839370339749,-0.8066905333865106,-0.8253303722530774,-1.4206178729865173,-1.153535149914212,0.0,-1.6407991023194017,-0.29241000202854783
94,0.3288964678039017,1.2622523079651642,-0.01567176651060076,1.5327129906542853,2.1387919023228603,0.0,6.209792634707965,5.0385184770654625
94,0.6033155370557297,0.7810885404376882,0.5241571559873229,0.09960070242020258,0.26821343561946787,0.0,4.148272308449629,3.4751766166184344
94,1.2120316483673692,2.2418967717928346,0.39694526396288765,0.6292169877647262,0.9337694961347975,0.0,4.385263618940193,7.346426188796865
94,-0.3088784872579382,0.193709956338167,1.3226586225304324,0.07808718548034854,0.902852516605605,0.0,0.3576579194166769,2.2799811883778958
94,-0.2225077477267816,-0.08207088421176167,0.8179724697901526,1.0953633477384208,0.27387715727580675,0.0,3.4426590542102495,2.643280803298485
94,1.252282199465618,1.117656178872924,1.8083563681465953,0.5760398244400273,2.007812573054733,1.0,10.716499503892763,5.545362613197529
94,1.0265568198743082,1.0772570047383545,0.4227609517973472,1.443752742457814,0.4460219455265867,1.0,10.667551046884439,5.225999911785582
94,1.7189524902984714,-0.26962552801803463,1.6729011439099686,1.4367769554265926,1.3782766562948279,1.0,7.710277240750437,3.40323989036785
94,1.1025820002315354,3.320405902411354,0.6367650840576028,1.3062639725634226,0.6618449774837113,0.0,8.313771623154775,8.978974184569472
95,1.8877320361241388,-0.5708939755227964,1.558172938954943,1.564375192770852,0.1301266367413466,0.0,2.7242470053571455,2.2196846202962393
95,1.7429540017995895,0.18564699688490782,1.0166811463275431,0.5520149314972793,1.3717821572049442,0.0,3.371897721306462,4.2843048785174105
95,0.40647114517769334,0.023145783195738567,-0.5494277778904537,1.5892620905943713,0.8460059573984415,1.0,7.343481054408036,3.0199601678969374
95,0.9199281869268496,1.5264295649872364,1.337490319006982,2.017378542608718,1.0710126562014428,1.0,15.993748121892825,6.071520437551679
95,0.18919054078609776,0.6128884898677767,0.630465361781313,0.5120246267217244,1.4209129978110966,0.0,3.3565581994097444,3.6064469686978455
95,-0.5996996201882789,1.3282107215939185,1.0592828554728204,-0.04269035747282568,0.2265184468356385,1.0,2.777369469290318,1.678781118905046
95,-0.17610037612873786,-1.6275734032306515,-1.278206235481254,-0.12422874652499827,-0.6308259704317458,1.0,-0.9675497391436817,-0.3434178751096919
95,0.11091491799873787,0.27158247535761426,1.271306291026063,0.8770842159793728,-0.3983403746495915,0.0,2.6273823048448364,2.391429291657545
95,1.336955472753,1.6434649819349132,0.6300978759667528,1.2630690609884085,1.3998159685614018,1.0,13.42807488959922,7.141911023307201
95,-0.3326524516264484,1.509996947626997,0.344460036968661,-0.42194573651836964,0.4443576594613784,0.0,-0.12646581700665638,2.211061970490198
95,-0.17771994929748547,0.321136852441421,0.27953305173255816,-0.5563675771401781,0.0929918229394251,0.0,0.7473273281046252,1.8838990525272123
95,1.040222297273143,2.574819714462274,0.7136336912624273,1.4182436773615619,1.5336416040930385,0.0,9.452691952435822,8.074653682602374
95,0.9616365739480729,1.0965927232677752,-0.08983497334602486,-0.17331610363187067,1.4936207700393473,0.0,3.541135647473743,4.694840716364639
95,0.8262050455670794,2.56227873237289,1.2656493562247788,0.4667162647089452,1.2098222031766164,0.0,7.605240720519334,6.582736777256819
95,2.6340333415077124,2.5860806929173297,1.6430859440127175,1.0092078298733524,1.463112633041466,1.0,21.45928654180363,12.40735631769439
95,1.2374490194977286,0.6216370797331401,1.6500225071930599,0.49266736950595,0.7526366244707823,0.0,6.467170590447591,4.067307169579194
95,2.0639719662343667,0.983012905983248,0.7952718309014369,1.9100328827109494,1.799118176986136,1.0,14.72157599941895,7.504705651787534
95,0.5884423844759679,0.7721004726068201,0.7782031392798149,0.8836750741122019,1.2988334291908585,0.0,4.555563617155948,4.327139977818582
95,2.196615377445544,2.080836589652277,1.2519905881915485,2.269049542729257,1.1562285322648376,1.0,24.332186389258815,10.36159066726584
95,1.0359640643115469,0.3763161951558007,0.12302659603986243,0.8898199084069023,0.8228319763079226,0.0,2.510388114038049,4.006271193824544
95,-0.5320387229443908,-0.07108486538757353,1.0887130214666954,0.3372823229540395,0.07212017886207622,1.0,2.6056171350325923,1.9489419218327724
95,0.5642706282762219,1.232710622415152,1.4884879266801283,0.8373282293295972,2.0058487651659505,0.0,6.722136316326866,4.8421209795042595
95,1.9708809452659173,1.750161482891263,1.7213384156260143,2.172943571541066,2.2725314570515147,1.0,23.95751631858744,9.24331374170836
95,1.7772741664171452,2.049784360299414,2.5929261024315755,1.4788089434061575,2.059569536456144,1.0,22.45434777524424,8.768989604189038
95,3.430619047622198,2.555105387268088,2.804029998320722,2.02371146470552,2.7062328225162178,1.0,33.08533748206324,15.581877883015995
95,1.7405853831012612,1.288980150067988,1.8509706283846297,2.5962942936672064,0.9334024415986294,1.0,21.990635320575205,7.172173298869869
95,0.044348804588787316,0.5365054650201548,1.2953061164395536,0.2469561117227861,1.1070449990823303,1.0,5.736503428835084,2.9108928195639345
95,-0.44576158150954526,-0.686373500733404,-1.0447799020153385,-0.030091987148739063,-1.4780543237037729,0.0,-0.2912962428728225,-0.034479428049670746
95,0.7685704048912831,-0.7916593164391657,-0.14241160958571775,-0.49567085574496783,1.1575714935861394,0.0,-0.437665783460609,1.629630730530316
95,0.1204526486825549,-0.15319054500648543,-0.020853003656752467,0.87247276170896,1.3967908633898833,0.0,2.0070940978163057,3.089166739657914
95,0.4710206311302423,1.508448938244444,1.333404163370548,1.447062187169329,1.1013060753665527,1.0,10.984329641441994,4.876300298875442
95,0.5478094925605862,-0.405835310940623,-0.04351426372816869,0.030238518522200608,-1.4283512177949325,0.0,-0.8496195543763362,1.1269065773645137
95,2.620277227030723,3.2875378797278225,0.7590574821975113,1.7529120922525407,3.0952928933374784,1.0,27.175582118484172,16.097284435945703
95,-0.2754036975774372,0.3570901342517966,0.7900805863781268,1.0543441624514625,0.4385100672200297,0.0,3.399601870174174,2.787754751590061
95,0.4028621136363293,0.046909380549448265,0.5217152096109956,0.5645441832876585,1.3359174995689371,0.0,1.7177901058993386,3.321837855494388
95,1.837919222252982,1.7288304203416933,1.5780938327376581,2.2424959343984057,1.6510196348640236,1.0,22.688346161136224,8.689332742685885
95,1.182434121452852,1.6216250723290866,0.7504464792760002,1.6551151517368186,1.4049947088810664,0.0,7.914247574693595,6.956157042938338
95,0.7571938335018102,1.893446400590224,0.8826749498288782,0.8428659089095507,1.163665977402771,0.0,6.169278383607318,5.838716653014318
95,1.9387384585657115,1.3337263566481685,1.0159713756612767,1.4035482174523883,1.509392429640473,1.0,16.742218222806695,7.713229517842672
95,0.3961652415582867,1.63925356160447,0.8133972266514478,1.7243460916990108,1.380427916314432,1.0,12.001656529568798,5.313244193316554
95,0.9946045824766389,1.0451201197699167,1.1638643868176022,1.2620656805783061,1.2908595534997445,1.0,13.261906565828633,5.3135320965472985
95,0.746028781699543,0.4608184149406317,1.0100215508984132,1.2179012479017213,0.20124375396263017,1.0,9.342561538358702,3.6936331466481347
95,0.747844456357297,0.8527000408268276,1.4307603810834046,1.232669759966312,2.3342802605888906,1.0,13.431250657126437,5.076393156451942
95,-0.19699205426623334,-0.40195445998718804,0.06556585540653304,0.004373425107457529,2.1036029161764103,0.0,-0.6453514685043018,2.864331005220799
95,2.024634206824751,0.859516044848747,1.07791439205768,-0.01123956553482608,0.44974383949561636,0.0,3.03812172720606,5.413656800526164
95,2.4234675582428276,1.7226129159228347,2.222866926168188,3.226739920408842,2.195657601974154,1.0,31.207705717182808,10.46353550066707
95,0.8593505016620644,1.844793274608993,1.5171674170910525,2.0410498669407025,2.7834761486453714,1.0,20.608408114017987,7.1618458372124705
95,0.0565701292430969,1.6781839906215625,0.8115253334676361,2.378299501137845,2.6247581087955725,0.0,10.481176521212282,5.557996468681004
95,-0.4996922543546536,0.18519437269699757,1.9206220545723816,1.1801371166926597,1.1409423243807153,0.0,0.21442157555346197,2.528327517728491
95,1.9230236943518333,0.8659088345940114,0.7786551582964504,1.3219338890503347,1.7438902305872752,0.0,6.20293286315286,6.693727803853456
96,1.1579283115576322,0.09926528111287514,1.2387763129157479,1.651035735959605,1.6431282528325368,0.0,6.702070282422164,4.335962411182497
96,1.0270657820665812,0.1833008541852572,1.8286713524525255,1.210366316907721,0.44516180306751485,0.0,6.045048463654789,3.280518670393132
96,1.7885589636710757,0.3337964518649833,3.0590092550990704,2.1130624326225425,1.905922490350088,1.0,16.176855147443895,5.200597504095531
96,1.3502842253173637,0.29523569825623375,1.8371985528857833,1.4763295795762237,1.0672637546689998,0.0,3.3666838863803283,4.148545723355286
96,-0.2483001505525051,0.9577039004250444,-0.13817346660760532,0.9187083967658322,-0.6903332582392809,0.0,0.6762408394178004,2.152473912674131
96,1.3445389855268433,2.359430568677114,2.1491550742930796,2.4898195936755174,2.1758506647525766,1.0,24.7600004126665,8.885093473809903
96,1.1781892701224288,1.1188137019195352,0.6761580994742797,2.066288362505742,0.8651763078721332,0.0,7.19852792815625,6.05046990431501
96,1.2893683577118722,1.2594966234641867,1.1630210399535224,1.342203737144592,0.8729868687002598,1.0,12.247791945898586,5.984061418903927
96,2.1173130932748627,2.3208618865130313,1.2396709994286095,2.0437671435181595,2.115159560541912,1.0,25.554735605106092,11.157485031966122
96,1.8103403854587246,1.1002186685086641,0.44127033857990816,1.6348317358994375,1.7663630392265603,0.0,7.905433617638957,7.272492218277851
96,2.3074625017659884,0.6978515140292294,1.445312404177371,1.7185978550885521,2.6360108237298268,0.0,8.938831877088594,7.138038615479036
96,2.510997191511052,2.698051901010811,2.200240845585795,1.7443258121351812,1.8230183938256033,1.0,27.83147670681272,12.67442199504844
96,-0.3933572684348947,-0.3865104624585549,0.3164175564675481,0.7497162369420993,-0.14319720690797744,1.0,1.6810370095665919,2.1739273689604146
96,0.5535501533444818,-0.23568178615597368,0.6998207564783103,-0.7512513186597409,-0.14685315068747506,1.0,1.9836100070924572,1.6942882851370094
96,1.8945709897972798,0.9666159067743847,3.2023684237840433,2.119015026142796,2.111746275307816,1.0,20.946057431694676,6.980327044871793
96,0.5276449896914397,1.905205841678448,0.44268893106093055,0.9403532940431276,0.21555466951948843,0.0,3.2177130831385905,4.924599251597927
96,1.9851775853108937,2.0428121413471296,0.17627017572534487,2.0609169880818516,0.01881701326764118,1.0,20.379470573295364,9.181846422551754
96,1.573758038035429,1.0627398087595723,1.0905353289533877,1.8719067195942722,2.0141886437731795,1.0,15.920946521925297,6.9410702495044925
96,-0.8293018140963777,-2.5415192899079266,0.6903363697071743,-0.7603961816089115,-0.4659373247805958,1.0,-1.4551457799635192,1.9253092968826642
96,-0.7982425921530667,-0.8717257926195943,-0.12219509677467189,-1.4930317849355395,-1.167752127351262,0.0,-0.4236740369414528,0.46191842371672287
96,0.3063700791183417,-1.1121456129189653,-1.0603308681093258,-1.1807850705355571,-0.558682153755722,0.0,2.3076383266723193,-0.6549315320243427
96,1.3377743913628526,1.3289703171260852,0.23251212903583707,2.0300066695444574,0.6195289693674866,1.0,15.612967479023741,6.525349309700788
96,1.5363056487227427,1.136109219857901,0.6988202866287574,1.64158292563946,-0.13416092494714915,0.0,5.665113662139574,5.9503412370879545
96,0.17399993109551637,-1.3930171933163007,-0.3747323189133698,-1.0478322842660521,-1.480354720196865,1.0,0.05730401243917027,-0.37274755564761697
96,1.0108867065542329,1.0653091002709891,1.8486954413128274,0.8766385654676374,0.6488161390687581,1.0,9.70469704172207,4.527743811418823
96,2.3591579972717733,3.165823132158511,1.9202646112754398,2.5059462996074986,1.3830708928536322,1.0,33.29747863046754,13.793410146806412
96,-0.8963848220397321,-0.9852010419066097,-1.1250058604407176,-0.6686959153831684,-0.5572984452259431,0.0,-0.9776156559841016,0.1979974472302446
96,0.6694838271931146,2.0724310384990394,1.5006057768035421,1.1955068359887033,0.8834830090834203,0.0,7.405489827819256,5.618347236433116
96,2.0367273200152027,1.9310945834836541,2.0292066967786964,1.4710101435557232,3.0286639718563153,0.0,10.950827817203049,9.738941298851437
96,1.567666028633153,0.3328621329715785,0.20756301258527776,0.576834258231945,1.0913960346472449,0.0,1.4916572512553494,4.388513415770013
96,0.14442256275495002,2.0571751405240333,1.1276365436554419,0.9480341519378309,1.5963313421716134,0.0,7.64488378131348,4.6626985293749295
96,1.1544354445883254,-0.509664639038421,1.2797040424189263,1.3994805908770651,0.13250302213730059,1.0,4.834715531788435,2.4268530354599678
96,0.648575194179691,0.41086755234320405,0.933489149240484,-0.42783710576785516,-0.05025148214310682,0.0,1.5381331821226354,2.618933533763562
96,1.788881635162412,1.3741550360157384,1.7352229276484556,1.3645640936758843,1.228722970558445,1.0,17.347409503254426,7.0402873467484595
96,1.372386455531329,1.4410699551687471,0.5022542111715709,1.328424197881953,1.593554838386836,0.0,7.685770777299988,6.973049323714629
96,0.5013400271843601,1.2390258662842388,0.5226382966629158,0.24866920566424222,-0.15564085763960334,0.0,0.8636563505458412,3.66569477427868
96,0.2910417330654852,0.753761169182127,2.095957284133643,0.5737369480853303,0.6110096891746795,1.0,5.981772461594105,2.8807770903974004
96,1.3401821171847947,0.30588665951576866,2.421859393157094,1.7728676884090107,2.0960733970948646,0.0,8.083556784358997,4.626396872273785
96,0.7480706140418194,0.42063087477509353,1.7341935112973248,0.42669831512958645,1.3977346353343203,1.0,8.06769070208345,3.515654498010138
96,-1.0974647335774854,0.4651251541622401,-1.6023735340334904,-0.7251015656124713,-0.9690412121653944,0.0,-2.0960152117786706,-1.5064583587954647
96,2.2496787922062245,1.718964502405826,2.7359162830741997,2.598789955691401,2.412288317322931,1.0,27.585707901711,9.806101226688144
96,0.494874741427232,1.4864325149030613,2.6314488584829085,2.5327635683138983,1.9343458137217655,1.0,20.649533496821185,5.4028563537624
96,1.636806516620255,1.406272217174577,1.6131963842006747,2.2213158120987346,3.1360405175506543,1.0,22.267312023700498,8.266223898710388
96,2.1485288866297996,2.176193203810654,2.574063179352415,1.6604754442544416,1.1468088437111448,1.0,24.268376244239093,9.685417160737998
96,0.9048825089584358,1.3095277642750967,1.2273757113440535,1.0410620281593714,1.037197458535506,1.0,12.326256080360178,5.28170144055229
96,0.8316922408810445,1.1035191938903675,0.6570268534096667,1.3469623095073562,1.7047499363363283,1.0,11.091146722550276,5.531575241718646
96,1.5433407965980113,1.664117010394981,1.544488731112605,1.3146038358849648,2.318099198585382,0.0,9.520003190279848,7.786929019995041
96,0.6221177139678769,0.22421046639865205,0.6667282485409948,-0.7703251933587831,0.2971062530318527,0.0,1.5436709731743834,2.4452532260091977
96,0.9300996436527736,2.6575564640444105,1.482480225712942,1.2596809710386374,1.638119565966759,0.0,10.162132633863472,7.543962094237644
96,1.5194895895340834,0.8229545824870197,0.9037595628146904,0.9777221441948188,0.9304385708516187,0.0,6.074599784750473,5.446313761166886
97,0.2513858538597723,-0.22572016498879854,-0.0515314222582397,0.8967594571083152,-0.008847446189345964,0.0,4.093439798157528,2.372952832408029
97,1.6918891246753829,0.16765337991644813,1.8371744803228671,1.171583873845368,2.2165793809243137,0.0,5.220889008485964,4.562851985397528
97,1.702236309141583,2.108761237371467,2.795911822398773,1.0640140564296885,1.1624458015707275,1.0,19.230197108317626,8.065449579351299
97,1.6339977189950856,-0.03682505767239608,0.7546967098185746,0.5690605920498777,0.5541317618399647,0.0,3.128869068126229,3.405838153286138
97,0.9362594617528393,0.0003913540792810366,-0.1389277775912907,-1.2030365508614516,0.6056654413449867,0.0,2.2380582388514605,2.0909074215540264
97,2.931536154747624,2.460574739139261,2.87338621523641,2.688540311591412,2.2858703202228794,1.0,34.46609504996959,13.868969934489286
97,-0.04596121054157032,1.0400562396747193,0.519155034096251,0.28233789343914417,-0.1527026182271467,1.0,4.7354186666032145,2.6418791420190795
97,1.6492057759682428,1.0343445018971014,0.945408529944208,1.3823708154467735,1.240312273926915,0.0,6.2178883359493575,6.417079593342328
97,1.185199367316014,1.6760180531397801,2.2204724456783524,1.8369444645051465,1.5969809454684627,0.0,11.360730910943126,6.63929463675607
97,2.6271079260659764,2.2050896260260417,1.7944020886470557,2.896385477635305,2.8426171200084216,1.0,32.63784589517784,12.754062502816765
97,-0.17965102930927945,1.038310663199443,1.103437708449734,0.7380545882140586,0.5908295012853892,0.0,3.5267743781985037,2.9094868726605103
97,2.0450662503564043,2.9827559458989485,2.3470732916960317,2.2865679426799903,0.9957232591232542,1.0,29.321459150733933,11.727899067693567
97,0.35549353696838315,0.8204457266575655,0.22109315264990048,0.6122160522673741,0.22028199318222663,0.0,1.206484276261073,3.3820866921199437
97,1.0124791206377446,-0.7821826711234647,0.10935082926818485,0.8548032883636183,-0.006274494562722666,0.0,0.6522130641601285,1.796171566628302
97,1.3328495127966402,1.350813969273529,1.2877993077482879,1.6735447310698541,0.39397262903634755,0.0,9.850300762965368,6.0991565203638505
97,0.2559840682473761,1.1222300272511117,0.9984943212692892,0.6622714801134335,1.9630868455391293,0.0,4.918572315223008,4.329875056997988
97,2.292881740668573,2.882168477820769,2.349197597123678,2.9677072041694625,1.109408119565206,1.0,35.45176217704825,12.707011083650539
97,1.7292116014682812,1.5914941745082656,1.5769022953980005,1.6518763356050654,1.1586972578986399,1.0,18.23353551638349,7.60001509200615
97,2.108136661983273,1.4815972717998496,1.656460167126316,1.194103226934511,1.392152643835087,1.0,17.74111336374543,7.9540754051161215
97,0.632931666151847,0.9414808874383913,1.4918374482546812,1.1643359228912524,1.657829965389681,1.0,12.334714386916236,4.618977870997382
97,-0.5142625784052042,0.4159485368129704,0.07667082490352761,-0.07137689458075536,-0.9639676663131391,0.0,-1.5132877481084246,1.2546615760292426
97,0.49807542391645,0.9164216117901004,0.09662727841602181,-0.25489328343369033,0.3084802783673075,0.0,1.8110607423715332,3.234137953059798
97,1.9863408496116097,1.845581548521523,1.048852340843086,1.6863214827518953,1.960851091984322,1.0,19.93208353216154,9.4284939041742
97,1.5569306270205263,2.0322498002571465,2.262853393961537,1.3999164387379008,1.5099688371404039,0.0,11.597670433976697,7.906909165138654
97,0.04963382540428607,2.317218740603229,1.8195148539090709,1.679979764760919,1.8586569832562136,1.0,15.78391335352527,4.731352392904302
97,0.7743255076263407,0.7910077699604728,0.7289389758215294,1.4112949376828179,0.4690498586876827,0.0,5.514606427989441,4.445687565470869
97,1.8672987306002309,-0.34344281807710386,-0.2935551207446747,0.4789833996698152,1.2029487427299592,0.0,2.0126285400918373,2.772027356266668
97,0.2978703671530897,0.275341186304885,0.6558534726252294,0.25999309208272403,0.7740691029749913,0.0,1.2930636633913162,3.0061073294194602
97,0.7946245173345,0.6572019252770765,1.3121507504548813,2.2981627348159415,1.1482577989954381,1.0,14.63129131148725,4.883199041142303
97,0.8443534585252193,1.0549676295343569,1.038164509404635,1.4099051619868375,1.5984744683319292,0.0,5.485864125639462,5.371500518979142
97,0.6217787981714542,0.8979369456721911,0.12490769411624147,0.7565726235032523,1.3220160338949858,0.0,3.2619704485068732,4.412133373806675
97,-0.47868461886141045,0.300211343935483,-0.2877976242574207,-0.4740647312085502,0.22340283679527162,0.0,-0.559794476994229,1.4566983757394139
97,2.6721735514963703,0.20012719396803602,0.6741242511943595,0.35445198253557497,0.4531917424583827,1.0,6.233942042247297,4.493062860248097
97,0.6857111178761638,0.4344110253668618,0.4087414393720281,1.3846931408947492,-0.015786170791364906,0.0,4.227664447206237,3.664387516523504
97,2.4434972968326036,2.7498691758569214,2.1221640364395613,1.3344405029826676,3.181085303425566,1.0,28.20775862415824,13.110973309917124
97,2.175627626124816,1.929525271153483,2.1773629494293654,1.6332072951211942,1.1831089507590913,1.0,23.473880947605693,9.177294603344684
97,0.47152983853993824,0.25452043574061045,0.7402860769404273,0.7772128221942547,-0.5124103802301105,0.0,1.9848688832487857,2.7238590068537993
97,0.6559056543944195,1.932939408867827,0.254895968114602,-0.41692844082870484,1.048893689636648,1.0,7.3355764270934865,4.973368559988249
97,0.5682415302930114,1.2281171818152246,1.3272218727404363,0.17152613043306286,1.0778275817711063,0.0,4.2971174891966335,4.12550743876783
97,1.226889961922645,-1.1404762746897514,0.5916677887503008,0.4732759032113071,1.0660330863456071,1.0,2.768138231865814,1.539467970778961
97,1.6498936159349866,1.3127018945807005,2.2997121667950164,0.8507529299548575,1.3286008780711578,0.0,8.761320550343934,6.220587863201028
97,0.3635743711635103,0.04903161827925051,0.8058406869818209,1.8927803771083558,0.17524289885056699,0.0,4.809752518756802,3.353566613200556
97,2.8557679195700887,3.50020067731417,2.2035712046905394,2.123696883763481,2.3120135756032214,0.0,19.505450952092843,16.90200127225569
97,1.6327441891371768,-0.28529937069875255,0.3028902128530472,1.7564737693546986,0.8600708883127541,1.0,10.127223148106458,3.622097338703817
97,-0.6268788092590982,1.124442689254024,1.2619848494653436,1.443192847320278,1.7798932347256622,1.0,7.8384511150223455,3.0903546628449527
97,0.8967492243024358,0.007773964007300571,0.02912025681582686,-0.7349624408202589,0.16020480460183784,0.0,0.30247561372331866,2.185990235929431
97,1.606121941940065,1.696607685921848,1.7107336904016153,2.5741741868468004,2.269846210264671,0.0,16.77147256985789,8.51421959809877
97,3.2375892913938813,3.5429417246171098,1.8719969259105556,2.707138976417848,2.6102636314522725,0.0,20.147179866553763,19.158888493006003
97,2.857914670381824,2.663393206158893,4.292264569089568,2.2179134494478063,2.976763979020923,1.0,40.320372045988655,15.70800140544508
97,0.42428380093623763,0.8831649220748277,1.2094758718891359,1.9440641370075444,0.3264316564330494,0.0,6.3677195014628705,4.121932499517101
98,1.5951301762568901,2.4112620842811054,1.9085276329571224,2.496139808646438,1.6343675903207666,0.0,15.724360356448429,9.537643145680649
98,-1.179830380530639,-0.7406234543082144,-1.3470391226212484,-0.6784324928269454,-2.0496195758877875,0.0,-3.7893110225395628,-0.9020677410637432
98,2.0916207160654476,1.6370437807161204,1.8530451175319318,2.309090705588148,1.038822696674905,1.0,22.485538667282597,8.610370032603438
98,1.3112118267857205,1.0087908883146262,1.0600771284217783,1.019370611375527,1.181752105146071,1.0,11.164882642636238,5.602144620538584
98,1.3622869921797651,1.093816775471403,1.0443417923085865,0.2642721076394876,0.5826343855957876,1.0,8.97894753888626,5.166239509194419
98,-0.8169893837507709,1.199593253070877,0.6863548584924404,-0.4524311381717212,0.1849028814405792,0.0,1.52295048870071,1.1942214371365631
98,2.7236037829304114,2.858242153051405,3.8119078524090324,3.8363681447865217,3.1628586333815867,1.0,49.76943300265129,16.197583530963694
98,1.555850669661301,0.07263530135867968,1.2076985964554003,-0.8149140089025153,0.03758647570291285,1.0,6.161659237413735,2.497609893822931
98,1.2835014673337726,1.141140022458712,0.9734706816604135,-0.05495036622908289,1.9200158982901319,0.0,5.136160531281759,5.658676961515345
98,0.49358208278085547,0.001781992625447426,0.6328996916548669,2.4657556345976133,1.0074128178522146,1.0,12.28438145522964,4.107911444924325
98,1.823050642743293,0.24273106761597651,2.6506163663463713,1.7896115826591816,2.034241717634713,1.0,13.982766027597927,4.8307637451906915
98,0.06446365975455381,2.156289092799614,0.8092765385314656,0.7947029038531395,1.5153833361890823,0.0,5.654984988148021,4.499082298302941
98,2.4028982288692915,1.1345965267655378,2.047841893706435,1.6681528436840836,2.18969550484844,1.0,18.002504754300322,7.988755886737062
98,2.4910915530272293,0.7973560773946338,1.4395792167849824,2.2315029311200396,1.4577650697623468,1.0,17.864430179469252,7.325775299408142
98,2.336673782213182,1.410076533053145,1.9306754720568113,2.0327991561281262,1.1428256826759442,0.0,11.773154158576334,8.369253055625718
98,0.6642431386483161,-1.2028483761554143,1.3799060861232113,0.4672425546469128,0.333709175542398,0.0,0.4465018290825286,1.2118755488400854
98,-0.45921047369539525,1.5592761640480979,0.1159313545040721,0.8054218516259812,0.6575894156746274,1.0,6.186510613693635,2.6167556938030065
98,0.3218242631335989,0.6144120355599347,0.870434054232102,-0.7692954710262916,-0.1831394970700031,0.0,1.2035078436144429,2.2693451193160943
98,0.9827565296558382,1.413207032553764,0.2492421968924895,1.0401486466722685,1.55084789829125,1.0,9.939694496494788,5.976039218005902
98,0.87581089409193,1.3464803261097607,1.6769461116549278,2.109616971038699,0.6618760517381841,1.0,17.090952580863224,5.408676763812936
98,0.17278190995326792,-0.03600473430828344,0.7654518945690483,0.4940054316167971,1.4506177646221001,0.0,0.7218643674593115,3.1382744965477856
98,1.8153560974087002,1.0813263705877887,1.7233438257792582,0.7421888078282654,0.7016599148148246,0.0,6.305838270218204,5.842973390186749
98,1.6622224109368395,1.3830227810189384,2.0243545750872936,1.6633649100409573,1.7353406195142806,1.0,18.27192905331724,7.094877321605406
98,-0.04771482221572465,0.42877866760125527,1.3045493541621482,0.3916841091035008,0.19670378711403402,0.0,0.5064502516086096,2.379653958135761
98,0.5265210063824914,-0.12388965983124645,-0.5187162852557463,0.34051506445329605,-0.8792899402361829,0.0,1.411265147078179,1.4757959011933803
98,1.856044241033224,1.7837743717962966,1.5039354840184682,0.7776609293838034,1.554398322501568,1.0,17.273521512494657,8.115481862875235
98,3.9631980041878925,2.4739264777344294,3.07075887019175,3.6298636882777444,3.0387984534113053,1.0,48.11941940910503,17.89544088963721
98,-0.1974847296019535,0.40143610150985476,0.23432383724433425,1.1167931448283472,0.9417589379119866,0.0,3.127384374166351,3.1418077047476562
98,1.9854862920908884,1.7400384140248097,2.373866891619482,3.6296473373426466,2.4982058532910596,1.0,34.17380249319993,9.848952824035704
98,3.002418711584933,2.096825861560407,2.0374469548142615,1.8570846491157207,3.091528414545289,1.0,24.319641166683596,12.888303940678448
98,0.3483376137914982,0.22810441439776008,0.31498290446259347,2.2400462131865035,0.10843689376026422,0.0,8.301410803860916,3.65021304246012
98,1.0418992908380822,1.4196687987279986,0.13431903928976918,0.8651710940386066,1.212415779479375,0.0,3.9519616025947633,5.806881667973633
98,0.8845393505858574,0.19420831718504872,0.9277807147079684,0.5098658293751617,-0.5524070803994254,0.0,1.1074524361959104,2.7533899964265993
98,0.05885263403940333,0.07795076129959333,0.5263151488522242,0.7498939249322651,-0.64028354795631,0.0,-0.9518269718900854,2.2556160919774118
98,1.2597639618103842,2.61862999832035,1.9750476379600266,2.6448040117173655,1.541745487923952,1.0,28.002948490525572,8.92552072176404
98,0.5066317181942792,0.8728696516409867,1.788401992382799,1.1442235981319566,0.4014416305418209,0.0,7.092404754991182,3.5831153718857562
98,0.9713185968217161,1.667042374854498,1.5691627550936897,2.050783024193942,1.0428150132108922,1.0,17.93114942070202,6.2714237134480415
98,1.1097203574719277,-0.39938374385660214,-0.11353699117614613,0.2795078304799483,0.4810526814991686,0.0,1.6523485231840647,2.229037392751745
98,1.7402831759006352,2.9186359479267976,1.804042990976301,2.5677684818989577,3.366935930131129,1.0,31.965102561834403,12.046948815916693
98,1.3883067017788455,0.5637160563485571,2.513521213041133,0.9214764271509963,2.234009587405432,0.0,5.707578955132692,4.783963566157236
98,2.182670415372262,1.234424104332886,0.3356393363132941,2.5453575270600064,1.3670800839944466,1.0,19.048910722582544,8.471126628649925
98,0.38279726767491207,0.99981559054245,1.2044918958838233,0.9704792919672672,2.1819263294742006,0.0,4.987938348386867,4.610649354368235
98,0.8148357405998174,0.6926150274179561,0.6172543776006638,-0.2855320641468744,-0.1612850020765173,1.0,5.499948974503485,3.218782208637964
98,0.8748435958287287,1.1282967383542424,1.2549509554540608,0.9272558342667595,0.10852773650542191,1.0,10.95384775353848,4.444640742384246
98,-1.2412463801673383,1.0132695157644045,-0.6006665383771295,-1.0114682084680746,-0.21721993617514102,0.0,-3.9586786660356945,-0.461423816565774
98,2.1659886598948157,1.2603549293080363,2.161711277233162,2.246343711535535,1.215184285138196,1.0,20.83007053583749,7.697584856407819
98,0.5599800898011212,0.623052227535358,0.6631170539085196,-0.11218081808925695,1.044040449932714,1.0,7.35507402273227,3.525978622393497
98,1.214530086877677,1.2338387568483782,1.1559830530030824,1.6819698272882124,1.5050138756969087,1.0,13.491713411891864,6.297221139562334
98,-0.137595861696296,1.0376282926048122,0.6546545065467272,0.864262874987348,1.2690148094275027,0.0,3.2352055154949646,3.4944672931903042
98,2.2323888273943755,1.5036561222060176,2.054104685944374,2.0788267684459067,2.5874438515470723,1.0,23.143629583149,9.120244114407773
99,2.189237800392732,0.9813344547438293,2.6830482395200814,2.8356375459996963,1.5834784751737012,1.0,23.87236725556695,7.388044988399054
99,-1.6963822545432459,-0.41115097462181227,-0.7407389422408712,-0.44772179321424144,-0.3679640484406086,0.0,-3.331906780716081,0.6034603080956693
99,0.46352106970518425,0.5299385778394878,1.7914712143303682,-0.32772835021703006,1.3742697712816558,0.0,3.503047300585959,2.942485643591582
99,0.34996508013740635,0.13651125947064036,-0.33529883474195743,-0.2815037757731107,1.316743845536085,1.0,5.364802201754131,2.585294980989935
99,2.314413948810344,0.9019322807716854,-0.12950598201967245,0.1326099272119311,0.5581151061844247,1.0,9.4008227297522,5.967853106291971
99,2.2006716685765717,2.0560202565510908,1.253132610100192,2.0117811074666263,0.8895736771354577,1.0,21.452106791944452,10.042563209813672
99,2.5375754919833104,2.273315525210794,2.1100980033691457,2.1046507451479446,1.818213751717098,0.0,15.202538037974016,11.67709961275774
99,0.43913722105927855,1.1582485697442513,-0.20540669570208347,0.799551639324518,0.7670495522414346,0.0,1.997868450451977,3.966898315210818
99,2.132192031264979,0.8743538735498964,1.648237886039818,1.3670863418351646,2.446111671786915,0.0,8.764346747329961,7.020917086831368
99,1.075145956225939,1.345504875339186,2.196046366560304,0.5236670986640152,1.9680436820256024,1.0,14.647273763452052,5.415518087534338
99,1.7957719847993423,2.336476889933933,0.5175637700668769,0.42060937282914423,1.0848527395502672,1.0,14.57922872695051,9.142444238063439
99,0.8413468837467665,0.4158601212077784,0.8589254056619346,1.3521896343847342,2.2244194142526474,0.0,4.895436870541372,4.849504811312176
99,1.405596951253087,1.9405207532676536,1.3427081213591696,2.645283271496149,0.8042868515736973,1.0,23.205626918134318,8.022903687034898
99,0.7440713372244754,-0.7283127692412255,0.5757776701446272,-0.6303367801041286,-1.1947228145728879,0.0,1.3757937434493583,0.6800907902218998
99,0.24254461741003808,1.6797302541473256,0.6610719402865781,1.5334696204299518,1.1227181864127045,0.0,5.594329028563022,4.816511394284143
99,-0.3716267590003537,0.6978601523119969,1.7122563501623427,1.0309934767067979,0.2444997016188406,1.0,4.8016648682271175,2.2566592503665106
99,0.6968010925951549,0.50634132165292,1.267525793863345,0.9208961848800561,0.312085045511881,0.0,3.2825127407452532,3.503286985447537
99,-0.41397118914781417,-0.46494494679816745,0.3173104363367367,-0.6269010490109033,-0.7382111315156574,0.0,-0.8656779211753782,1.1791929030348742
99,4.071827054005382,2.3594977053007966,2.0832567998244262,2.197562646380481,2.9149585146202317,1.0,29.75883399306817,16.930694819028176
99,0.5606127052154816,1.0588464990779636,0.9677152424332863,0.9509216236221134,1.2205316886516924,1.0,9.375239301298802,4.540099397687948
99,0.3681310842071629,-0.07683144836571665,-0.10982274251769963,0.49074697867135164,0.4974854261055385,0.0,1.9151936143872228,2.550546146028896
99,-0.7154368227654744,0.6656585149493894,0.7092725592573458,-0.15988049181060937,0.6155111693179813,0.0,0.43689696846455317,1.8401616972321277
99,1.1501875513642394,-0.2355907298157216,1.0176776759011366,0.23915233415671677,0.0701072205951282,0.0,3.3219861488571887,2.3751369106118423
99,1.6349862039911018,0.565318254202861,0.6270201874607434,1.6400858409205905,0.4086590481842326,1.0,10.849288801760817,5.172101773167382
99,0.6299154030367533,-0.3785579750154693,-0.6300698814748766,0.2614807397718035,0.29568592652644843,0.0,0.6796670579682262,1.6587539430522988
99,0.015866184021320007,1.8098946471013762,1.757513893561684,1.1184401596898776,2.09050158093274,0.0,6.014509678091521,4.2391898341720315
99,0.7483639728043392,1.3733610874849036,0.6093111225894723,-0.04815636723282779,-0.251470252861103,0.0,2.9162894016305856,4.063521199701408
99,0.9122559667463068,0.877480514656031,0.17081191291974573,0.9660103181666435,0.21086023824536315,1.0,6.640204063167452,4.354643391305284
99,0.19317271140257464,0.5482218264560305,0.28596150067980963,0.730951885284467,1.402816862357514,0.0,3.1164889202025052,3.645854765779606
99,0.5826006641560348,0.3549367171328963,0.16566108073126595,0.12364192036353194,0.13055548983567689,1.0,4.388166402615915,2.8717938590017833
99,0.8842285206869691,0.5703706455555054,2.024035486383981,0.20074935502163682,0.19631357457490806,0.0,3.2409703547782893,3.004306844258304
99,0.8720640324583612,1.5605612021459128,1.0103867801109563,1.7543432299954511,1.5486143816654196,1.0,14.356191799837704,6.265427251914305
99,3.051132601690622,2.1454901793990366,2.5135833827874046,2.9678572517138804,1.9522177062282244,1.0,33.82282305210241,13.052116859779378
99,-0.006050110609067572,0.6633268448179144,1.4493203805782204,-0.32952810342845407,0.6692784239996289,0.0,2.7505045602384706,2.3403379254133387
99,-0.48364596468485566,1.1535809622556759,0.39322498454878385,0.900121571231413,0.3136467290615049,0.0,0.7890842531785478,2.5042175143264056
99,-0.4056724499974804,1.2234237971926973,0.5755489026949371,-0.2418281767127639,0.349229166520872,0.0,1.534784570364961,2.092934954288316
99,0.32952893635129166,-0.30234761336152194,-0.4125546859387854,0.6731012794190815,0.16863520525297238,0.0,0.9755490868991716,2.04464878294482
99,0.101156825545901,0.9783596540228796,0.2840415988919781,0.6226593823122948,-0.3937615408415116,1.0,5.074595995343127,2.855126390297648
99,1.9019580921332468,2.935579349305809,1.2237124234301275,1.424255804556969,0.8599810511826503,0.0,10.319823800628741,11.096249310611231
99,0.013791988973847147,0.38255116065392236,0.15636831208091628,-0.7627969694152776,-1.2222654553964314,1.0,0.8102229393875711,1.2769000256074454
99,1.3186456285890849,1.9322344807896736,1.212846902771077,1.0405101680745636,-0.3041823755608035,1.0,13.172216692298363,6.498314320279437
99,0.5764311246952482,0.7506972535008671,0.8647388812175033,2.117125628843842,-0.03831902885242133,1.0,10.446849302976988,4.216901021683464
99,1.3602375802196365,-0.07937099386561997,1.6583186943948562,0.19168640725793373,0.0037061830385057837,0.0,3.9691638139330965,2.371914855791725
99,1.9732003550844865,1.3316165255584549,0.5483064295494244,2.014779399667332,1.0063262341424646,1.0,17.94800784793297,7.918069179754584
99,0.4701753801857418,1.1805769546512062,0.054544279357948366,1.9156176353150118,0.6223063493764869,0.0,5.736102957765263,4.675201347488424
99,1.2513652601712262,1.7575327263676355,0.8744526077920821,1.0396321664725092,1.2467274002864195,1.0,14.064616074456387,6.925587387376543
99,-0.6917377445919659,-0.7330764094599256,0.12056049222655607,-0.9355951664531046,-0.45249513525859064,0.0,-1.4476875919594607,1.1536660224744653
99,0.15982438683188005,0.361976313372565,1.6085301066160091,0.8578948032914034,0.8228426563084232,0.0,3.760626259422116,2.925661949549809
99,2.094201319943095,3.0033543739362862,3.122636425509155,2.477109299164674,1.7994680540961383,1.0,36.14350869577422,12.538193094390323
99,-0.08801513084484536,-1.8815981481890245,0.16016657886752184,-0.6706188681846479,-0.0213247578965714,0.0,-2.958087972684952,0.9021146747187607
