rep,X1,X2,X3,X4,X5,Tr,Y,ite
0,0.7974875431014324,1.3882325844669308,0.729807831016822,0.5746999148647973,-0.8844263489141074,0.0,3.8723486528979976,4.155301495552333
0,1.8146191538930125,0.8033269297991347,-0.7919499739164922,0.9640359453837496,0.1062289920321652,1.0,9.279562511543018,4.608321765275035
0,-1.4661221421950537,0.41581647707949854,1.0104695399715837,0.8092344252531886,1.4030859075797193,0.0,1.0426325932258254,2.008067401068305
0,1.1965739514266824,-0.5059834803466274,0.0104150376478887,1.95105573621277,-2.2603364597930184,0.0,5.907264794133486,1.5903615041245196
0,-1.9502018121790554,2.331535470721409,-0.06940545713015726,-0.4533801199464877,-0.6847567848572249,0.0,-1.7456853545851125,-2.9624766438921553
0,0.06563675954615586,-0.4639901074998785,-1.4248015281662036,-0.5630966881175024,-0.5505023775029179,0.0,-0.5505214285973397,-0.3533550608181283
0,1.3439179370017078,-0.20040014418100535,0.8411114184677928,-0.2216564681488219,0.2555293813255518,1.0,3.246688499665307,2.4065645175442505
0,-0.262779989934706,-0.5101872829705918,-1.266589258717648,0.7799370306573274,0.3803871021503373,0.0,-0.530276283823382,0.9939875548632788
0,0.9696179321746827,-0.4499192490917421,-2.565644317238006,0.7728962881620375,-0.13394219936164337,1.0,1.2034579085164352,-0.9784217314634982
0,-0.38892592390544345,0.5387556140931451,0.4099295545686409,-1.845837184570289,0.1198597241724923,0.0,2.2333244527597547,1.1245037679558545
0,-0.06473850827962004,0.3610305881785134,0.0072932379239028676,-0.3846719346789831,1.314947849555023,1.0,3.7802816499799716,2.593531439085608
0,0.8762544160451955,0.31913264236607247,1.7384085104591487,1.581072758374535,1.0548581315568928,1.0,11.380597754821757,3.8976761429921485
0,-0.1275890576048356,0.7662232062447545,0.07910523568007555,-0.3748443399602634,0.13475032192263117,1.0,1.2711356547455572,2.1379337984300513
0,-1.7086416481483937,-0.0855312392639285,-2.219955046808536,0.08246019559588771,-0.7925535171458518,0.0,-2.777878054046152,-1.8204848525482353
0,0.4192349748273826,0.8028531905578363,1.2880654431951954,0.050518983576942,-0.6499196695143827,0.0,2.946101683023474,2.5709397438003085
0,-1.1906153302737785,-0.7502656574076743,0.5143979986744882,1.9826468206578691,-2.5096879116598934,1.0,5.705411583833387,1.7871048246956827
0,0.35795986902766364,-0.31919008624272094,1.494252671236449,-0.32513055029361343,0.5508453945662566,1.0,3.4898419074848777,1.841580341130004
0,0.9802623263847904,0.8394672603190311,-0.5226102323657879,-0.16045374431969692,-0.42826565531593486,0.0,-0.015543830470165942,3.043617359047941
0,0.3640502764051087,-1.121401415054479,-0.49301590439660364,-0.7918017505674838,0.06699812589113449,0.0,0.6362214013719226,0.48507765639835243
0,0.3316143806553464,-1.6111546171528974,0.4079498761376157,-0.9684022822811004,1.0670304944940718,0.0,0.2737290123277839,0.9971729788262506
0,1.3117425670842942,-1.088362732315382,0.23054750100895388,-1.9530405669395066,-0.34366200495788646,0.0,3.101066133742876,-0.37549791131039045
0,-0.2710945329069449,1.5873536907037271,-1.3407349061060505,-0.5774492434821649,-1.497244827513424,0.0,-3.315634794943538,-0.25187049062605515
0,1.1574352442459963,-1.5244165311068973,-2.2855703201976767,-0.35711871584838467,-1.288581305395108,0.0,2.899169969765639,-3.5689859780658093
0,-0.14892179899708038,-1.155703955826422,0.13404585028957564,0.1359314299107821,-0.7729827121265158,0.0,-1.1471792319577716,1.2593232182671399
0,-5.414613024050013e-05,0.23004412255104184,-0.36548974060430317,-1.3546040658402823,0.34458130639564166,0.0,1.1183228147365296,1.3611751187725307
0,1.086783566119324,-0.6210998190103707,0.9065690114806036,1.5081276014790634,1.0695359070369688,1.0,6.613408864762301,2.9164079673674492
0,-0.2084796970590004,-0.8632469445418323,-0.31475589744743104,-0.4365448710718082,0.39409466589100284,0.0,-3.725204336656495,1.4163750669483082
0,0.24380415342519826,0.22740373382306273,-1.8669003582750472,-0.6429036125744897,-0.3905170136147633,1.0,-2.184131476509141,-0.45091058620272917
0,0.35140515707918224,-1.4165257860900495,-0.3577728956748146,0.24973119933476262,-0.2552859064676388,1.0,0.4150575588246146,0.7246804712007829
0,-1.6162673630694937,1.2920676087121072,0.7822158154087021,0.08655764827395264,0.5434802601060936,1.0,1.8377357444283207,0.16505373455443273
0,-0.07369101676888741,-0.40742749614994417,-0.29288361776391975,0.1346448914319316,-0.3899615382426072,0.0,-2.3497194283443332,1.4727796734270835
0,-0.7764040696448037,0.05057723486515648,1.9742106095366505,0.5719634272736247,0.06814424803391766,1.0,3.5587072680510103,1.5124165249831276
0,0.1040532134966954,-0.8407070134181647,0.7386976466983396,0.28947410990044453,0.35783728490935307,1.0,0.4721569279825626,1.9765454477402065
0,-0.014590288342517247,0.46914045049357445,-0.7098738723232411,-0.2747987199622471,1.6895373932766842,0.0,-0.41921112099254854,2.3313066713626664
0,-1.8569162904698735,-0.6266695300752855,-0.49746272230491256,-0.03662325086290426,0.31419807263436056,1.0,0.2100936002339795,1.6907321700699445
0,0.49113126267419766,-0.8016045766089249,1.7686297170514207,-1.416148701914926,0.0004447813975049634,1.0,2.301389530658385,0.43098772906111427
0,0.8242870196680009,0.11705035921666347,-0.447213859281055,1.4881961058054756,1.6847460688729832,1.0,7.481553868915105,3.8316714199674085
0,2.112090001041903,-0.7349029607075044,-2.7210475120212054,0.5296990556513302,0.7237481998735401,1.0,3.0500921739052327,-1.5102543206021315
0,0.11671220203577479,-0.26134713907581686,0.9441965920090649,-0.18355689574132594,-1.168130634998659,1.0,1.155877201063684,1.279828511640561
0,-1.8606173982731935,2.367687392499686,0.031937067559674515,-0.2989201952966282,0.07210416800884875,0.0,0.9214209792946403,-2.2497747837034594
0,-0.4093425259381954,1.602874367121477,-0.41210351805165635,-0.13655317518472057,-0.014144070830776885,0.0,0.0782342693906608,1.5755212088450077
0,-1.432277346172486,-0.022052784057326247,0.7083451911313271,0.8143936247331931,-1.730394832133868,0.0,-1.4337589194733544,0.9600321272331993
0,1.0409913467605056,-0.09039189385319164,0.9691426933513876,0.4641742506340209,-2.1820055472989757,0.0,0.25673098054765964,1.5728647488181138
0,-0.084871401946968,1.8534768851790402,0.29491201078579415,0.532211729600363,0.17179298257838024,1.0,4.9277545164052095,3.183281641964962
0,-0.00412812207815243,0.5486758838738771,-0.23675968957758944,-0.4281019602883956,1.144570539477309,0.0,1.9684531449664666,2.4819664291442893
0,-1.3415964355250056,-1.0894645945907409,1.9887689809734101,0.480698361862287,2.2144471955447127,0.0,-2.3339224552996916,3.1821401015602753
0,2.7287094865717685,-0.5399306918557139,-0.3036283956371643,0.43660358963909934,0.7146323425468113,1.0,5.634553028736519,1.9991371033069902
0,0.25391991570355704,-1.6327755173312108,1.6994565866393816,0.5625049802029106,0.03687312797365288,0.0,-3.464647492538459,0.9170897334795466
0,-0.11304549446500531,0.9600823109642252,-0.7761345326565038,-0.3959432279736442,1.8445806022997118,0.0,-0.5441297033120354,2.3648635732142154
0,1.022055523233131,1.8023159562345157,-1.3456452781457755,0.23637671615228828,1.4556557408951014,1.0,3.9276349812385867,4.650699907784386
1,-0.0693186388821329,-1.3558752504904448,-0.1999884821749565,-0.12410535271751282,1.2978641985654116,1.0,1.2584690361215545,1.8483445300229782
1,-0.4209073561000316,0.21068531509459054,-1.6704968851506607,-2.433184712942111,-0.38802240303130536,1.0,2.1241711302194117,-1.539177486502537
1,0.4524183411236381,1.4912886221925539,-1.3493825543672804,0.27382472769143684,-0.7363622237313747,0.0,-1.0685645876626775,1.9601888824772362
1,-0.8711068968251708,-0.8873732377706547,0.543931263120452,1.4869652389769363,1.4287140615535279,1.0,5.633383193676039,3.479243016852534
1,-0.013747302584714204,0.5341650716039028,-0.10833489938403354,0.823447738767319,-0.2846231905720694,1.0,2.672252508251386,2.46224789193308
1,-0.13745690487586165,-1.0273636388109444,-0.47290302700014114,0.49397551978362936,-1.0255616565548735,1.0,0.7816666946420686,0.946813164298864
1,1.578965539680934,0.504271291293124,0.14825259997630022,-0.6447305156692477,1.5064351017576838,1.0,6.0190203829222995,4.331854696561223
1,1.889289767965697,0.20567896904791363,0.623744106094005,0.5076024303328309,-0.6554308978262193,1.0,5.159464626942073,3.4857266593730056
1,1.5868447112560438,-1.5973304982283616,-2.481566927152796,-0.049237541967332536,0.8676896112002732,0.0,4.376835270399565,-3.161492233611618
1,-1.1160894636897032,-0.0843725500860296,-0.09206052690402661,1.0383224787982392,-0.15038590315846243,0.0,0.46740902732299416,1.8876397533370575
1,1.4843738600185057,-0.3242376052906001,-0.11812220141209309,-1.2750248237213084,-1.5288689431580897,0.0,-0.666741147550999,0.630801998240981
1,1.116591756529435,-1.11833649868555,1.8565789762520444,0.1933629947552165,1.4990595912347597,1.0,1.679158604114834,1.2429946508046747
1,-1.0835942015542948,-0.592030870917548,-0.7191656598412568,1.2645976822398168,0.5625530887959117,1.0,3.1433309555501325,2.1100568567428577
1,-0.3203932039312259,1.225949687557259,1.921748084864748,0.5184405554197269,-0.3775975790124193,1.0,5.622236756108439,1.747496116619416
1,0.045784745080974985,1.3243261931290011,-0.8182697395752623,-0.4933058912081408,-1.7979706817703958,1.0,-1.253908192226159,0.8744015081177724
1,-1.4345910432223243,-1.236620057921521,-0.637673156021464,0.3544504691090931,0.3012182252707293,0.0,-0.8050593144978353,2.250919443464057
1,-0.7783131527849755,-0.26987920030692514,-1.1672335568234393,-0.4008727487637219,-1.5883481220949511,0.0,-0.8099308018253359,-0.49957546681244425
1,0.3183965735638005,1.0328569591921448,1.5545419011030863,-0.037543797051911985,0.5743976204518064,1.0,7.223841162239502,3.0664364553652743
1,0.16787888138210771,0.48159805630804375,1.0721492427239747,0.6662740930715931,0.601019279822282,1.0,5.341569621756319,3.0535477243963793
1,1.3620386020746187,-0.12541188993120228,-2.401102927004141,-1.3010016437721852,-0.80976844577123,1.0,-1.3276767210996965,-1.546577240919338
1,-0.3878629888697109,-0.40276502751419463,-1.2988745244634003,-0.4289109269882502,-0.6267700081563214,0.0,-1.3865806447715436,-0.14779097047039497
1,-1.6408031570980302,-0.751743318231708,1.0724365037840808,3.1660572330476753,-0.5544765958304102,1.0,10.106333914236773,3.3571836463727047
1,1.371656142986762,-1.8108796242855514,0.3552457319705252,0.5903384987419161,-0.7200346274368704,1.0,0.3137085225565333,-0.6531800534271386
1,-0.09652525682349926,-0.056095418842626615,-0.12592495601790799,0.2230609946094721,-0.3300807097307038,1.0,2.7096927800042847,1.8047138754744512
1,0.6200676538030974,-0.9083865766589728,-0.4477770570347071,0.26030435388967255,0.8995005981400861,1.0,3.3046134219173466,1.5500051330972857
1,0.17498695264449943,-0.8308654133450938,0.03437845898028145,0.762266011024423,1.4846014094089257,1.0,3.7957082483506257,2.6667022215958522
1,-0.7966232242929302,0.27656983758157405,-0.8189676090670727,-0.6855185112279032,-2.2045639862774165,0.0,-2.7427253460181618,-0.6518980304857317
1,0.4015363679653976,-1.2188173414153631,-0.5291994555012952,1.5827462947931348,-2.30477691688743,1.0,-0.443575613389362,0.3395564819245891
1,0.7124816062109326,-1.4112945337422134,-0.2578358382764946,-0.6416308538423029,-1.2865542656363604,0.0,-0.70260358207076,-0.48099426037932
1,-0.04557718602716039,-1.2450487240499064,0.5046618742729833,0.960764571305359,-0.9316242751287709,1.0,3.088669107180718,1.5536719596318194
1,-0.7967336460726481,2.1935379197452893,0.5349213797249205,1.1824860793854701,0.7850790387716977,1.0,6.044740008559189,2.062288631638846
1,-0.04723808700798374,-1.2179940039381116,0.2504694223760086,0.06220682813620144,0.23415871948173342,1.0,1.8289072350157034,1.6671333242641846
1,1.2167496236711368,1.054926874633891,0.7090677603640195,-1.677827624405752,0.4783681994065796,1.0,8.789978676325946,3.933193506191166
1,0.8460504670742267,1.6955170016692915,-1.2614953680372574,-1.0205434386636727,-1.6304598160799424,1.0,-0.23702131257770453,2.0534202156969776
1,0.5924362295937534,-0.7545096526948423,1.6038960771416004,-1.487342354818635,-1.3812460249523761,0.0,1.8738614261870248,-0.19347542339925056
1,-1.6459222244030727,0.6496999775782456,2.6591235760107046,0.3222737716368625,-0.765447112411224,1.0,2.5066967641768185,-0.34534368970164064
1,0.34515389057077933,1.4034456065883134,1.570418389708148,-0.7553790220401535,-0.8145428481863879,1.0,5.984845535900549,2.3593306567165246
1,-1.3359391859355414,2.111201829597969,-0.06999715638201934,-0.3040915055750591,0.9095162173401659,1.0,0.16009859030707752,-0.1675409549159943
1,-0.44166476033840196,0.0280875364945744,-1.016869603410242,-0.5571101529863317,1.3373417618976275,0.0,-0.7789230461380465,1.1885179343658119
1,-1.1825359462470209,-0.19218898746758684,0.8046401345983518,-0.575211259261564,0.13588533143671475,1.0,-0.6593023013678938,1.4159356148277666
1,-0.030134913299912944,0.929961459128028,1.342001615279074,0.9898950535396348,1.148088678068754,1.0,8.665766526764097,3.3886854477469317
1,-1.3780032385660725,-1.5999822157304437,0.9998412997684064,-0.33813311413278496,0.33861376541680743,0.0,-2.9493922222200233,2.7563847640064125
1,-0.31378967493697374,-1.537844938847124,-0.3884081024271813,-0.08684659873998196,0.14618537787565855,1.0,-0.7865802509702813,1.317721003620155
1,0.030205460506904588,-1.6608287384439337,-0.10212923309713771,-0.3436082081267773,-2.008264484429004,1.0,-0.7131150230452865,-0.097689357330352
1,-1.0136778800941897,1.4812602586909964,-0.17627240649021736,0.32423157224403537,0.6748137420591295,1.0,0.06365813052822678,1.128161089802631
1,0.25283938995289834,-0.7826771842618476,1.215273236028784,-0.5326376974515337,0.010423770289208842,1.0,1.7407871070560712,1.23179992735901
1,0.7650732319582462,0.6438951274405443,0.17472876071726395,-0.02571726799907391,-0.3182515152043201,0.0,1.4808771619436603,3.097264822296614
1,-0.6400142946917032,1.9314032700544859,1.6888396804141885,0.5159856267388937,-1.2632128237096212,1.0,5.41717586466382,0.762605623806526
1,0.602130186230477,-0.05373771958906798,2.6711672601784726,-0.4238176402090331,-0.1777063569637437,0.0,2.507591259558989,1.3852852090294228
1,-0.5777020825935387,0.9595763547572415,0.5768809381344382,-0.9661945804348732,0.23995964023750066,1.0,0.05887739038624673,1.4000787754261559
2,0.8477635041227509,-0.13956553378458653,0.758019428319186,-1.989832746932354,-0.04893932961434491,1.0,5.926242262577256,1.3216031415890233
2,-0.07926864976744141,-1.0346814193466227,0.5445919207133457,-0.18489643271968162,-0.16338811276643506,0.0,-1.4411593794464364,1.4785352273652512
2,0.2509121989214821,-0.21515543818932148,-1.8304855303930494,-0.46202672691958196,0.1297205183193453,1.0,-0.17959619413148614,-0.37428280218929433
2,-0.09050254388147488,2.4571051014114964,-1.3770840475372126,-0.32530836243355443,-1.4337230954703213,0.0,-3.6056361435600635,0.5853723230066565
2,0.29078740950264464,-0.24754911127840978,-0.2746380769875357,-1.0232592390698283,0.2203407558605496,1.0,1.9927141414089355,1.373380117898717
2,-0.08190931947430669,0.6888138610393514,-1.3623683762034027,1.5927983063802993,0.41769961072835177,1.0,4.669448477268582,1.7780188966038135
2,1.5241689876353142,-2.0178246760501066,-1.170151721364407,-0.5152388831378819,2.731624375266319,0.0,2.766172577425068,-1.4092047702649524
2,0.17721589089713669,0.16503066721713885,-0.41407062708381237,-0.9651414210478108,0.7074897212972823,1.0,2.7406859029543837,1.7799988113897516
2,-0.34831813869583755,0.05256317494558493,-0.345870565188797,1.4820856246882563,0.3262110248248585,0.0,1.5252443730105798,2.5058075268026934
2,-0.4743212783571433,0.20168477033964266,-0.7969486946781856,0.7882387147094491,1.6745689957378618,0.0,0.43389064757808243,2.299840210862631
2,-0.03446619749405426,1.03950506274088,0.04306925399108672,0.17819326005534955,2.018934932678445,1.0,3.794219408355288,3.5858630322387754
2,0.9967265574649837,0.34454385967738144,1.8347905658698096,-0.8050294285755888,1.126776619635288,0.0,4.430816263789264,2.8313816186689924
2,2.27709926061125,0.043536355738426916,-0.8850802749780264,-0.7358835700556496,1.5395046203585203,0.0,2.3711067611794685,2.851952172738355
2,-1.6910088333046664,0.9409766594321977,3.0043417418620733,-0.10531898376930877,1.456115465353795,0.0,4.1311647208088775,0.22075731145386568
2,0.7026127124268325,-1.2035153973082249,1.3443559140754655,-0.5940266758041298,-1.3115629816190322,0.0,-0.6499118749778683,-0.15216319583712734
2,-1.2486398781251804,0.7979988455781263,-1.0605785334509559,0.4731113824676674,0.7312479045417234,0.0,-1.2732924884925045,0.3385239924670298
2,0.2155693259060713,1.4209272362790109,-0.22360986548244813,0.04046453065048513,-2.2632806890613213,1.0,1.8135634012099677,1.8764469085743074
2,1.1389956153609417,0.9401524498332765,1.3772411399151858,1.2939846724751725,-0.5333746872411615,1.0,9.799878648854126,4.371678015971301
2,-0.27831749252211024,-0.26079858488502133,0.11130610442876217,-0.14554762062483473,1.2993931752537906,0.0,0.5426159711182574,2.4294144672972684
2,-0.020178881317867613,-0.7753447524341837,-0.3742887121960652,-0.026184248003145585,-0.2231835996834168,0.0,-0.14541793314361395,1.236823404609654
2,1.2085630773647458,-0.11495809235278265,-1.1306545674801711,1.68186645771736,0.3834098651153349,1.0,6.396122254949697,2.301246982081952
2,1.116090336239072,-0.6928594304083088,-0.6020703781714407,1.234019277521957,0.3401022436138313,1.0,3.749981892175831,1.7485121331541897
2,-0.3328442586445698,-2.188283209119724,-2.3367731352504197,-0.18357642638750707,0.08110748510539437,1.0,-0.5389844138181981,-1.445068590148641
2,0.8809892131919888,-0.5144103366275331,0.3388661115789753,-1.5495406912525047,1.4907192111548633,1.0,7.844358575554173,1.8132539928480724
2,-1.484655988478506,-0.5180445600767356,-2.1122712522826332,-0.8090103780820451,-1.3749355042115123,0.0,-1.8248874817041787,-1.8957413715117664
2,1.9528177562663274,0.9216933239636096,1.2942965243979456,-0.06037147591100833,-0.14806904500203383,1.0,8.772119514892696,5.053072709349177
2,0.9319192011783013,-0.6343631328606318,0.3877938373553917,1.464055248471586,0.043545111493545945,0.0,3.080672819479456,2.431045514606605
2,-0.033736086293940516,-0.5661429415384983,1.7284041823947651,-0.4855077391325667,-0.7593429271457375,0.0,0.2414570233490193,0.8039805284609256
2,0.3552036568216464,-1.7449578950235594,-1.2083821332592999,-0.021921979713013698,-0.6484459857481508,0.0,0.15884864243536134,-0.8995349532161678
2,-0.3838882253806419,0.1846252840636555,1.044832979777658,2.649397814423642,-0.16814419386826418,1.0,11.04580158627561,3.094582736059192
2,0.628631087296553,0.03754659613724407,-0.7843739967153521,1.0540366118225348,1.8752856287895099,1.0,6.561628028962287,3.1369965266369366
2,1.795781854197305,0.03560531572063274,-0.09010944642028147,1.6203349711188146,-0.5170717275906824,1.0,9.985306178430232,3.4821527535584975
2,0.297286952648427,1.081903189453256,0.16377328007229988,0.18160834443543625,-0.6629494329366482,1.0,4.149001330672079,2.839065973791283
2,1.3188107735580439,0.769813013380467,-0.6801107438814132,0.1920513978776952,0.5224399788262659,1.0,5.308016223418542,3.8542429845547
2,-0.645301296110601,-0.35936311381162556,3.211463038854629,-0.8400356489055867,-0.5423579923133676,1.0,-1.6303301576278721,0.6465399194762373
2,-0.518975505284462,1.43188512149311,0.8667004584003614,-1.3246589489541731,-0.3347371816822294,1.0,3.8186581210337227,0.9643386352356095
2,0.9949894305486001,-0.5477482621122106,0.7254257351102901,-0.3493659999035254,0.2108103660684335,0.0,1.4036667258716073,1.720268937553751
2,0.5730474686500765,0.22716481879859368,-0.8145933460257565,-1.1635197875185441,-0.15644585747316211,0.0,2.481064133487382,1.1491671418397469
2,1.0920402752564031,-1.0315907870510217,0.44143590911625286,0.9531333812180031,1.4040302712842858,1.0,5.689391138514482,2.207124958213913
2,0.08176373137457761,0.6026822748431805,-0.39016474612795443,-0.3961706345654358,0.3260515643505419,1.0,2.9157283046800524,2.0862050592986527
2,-1.0319134818555566,0.007547513057314661,0.5226057045808148,0.3958846768512974,-0.2519506513128354,0.0,-2.844025378105891,1.67982001236098
2,1.6574646318952122,-0.057546830183849096,0.14685810597468127,0.028900183601195097,-1.9459122038784622,1.0,2.785423446118951,1.8087358236142421
2,0.9031005100988089,-0.7852525290952291,-0.7998481990421568,0.06283353483102222,1.1358121718633436,1.0,4.193235017169041,1.2459763814067824
2,0.6523557393699202,-0.6234682120131793,-0.9941646363366805,0.012777318466822549,-0.22036422380247472,1.0,3.1807019823071023,0.5520482946127552
2,-0.7785808938769861,-1.3639524116930402,0.9295171060369357,-0.18026066640194982,-1.0997318203381425,1.0,-2.7316461426809617,1.413663954763996
2,-0.3266785813748336,-0.36239991230230384,-0.6446998679367927,-0.1875263224654111,0.7795002724799649,1.0,1.7572426684670046,1.5467662533184274
2,0.8148163695589202,-1.7181553998408516,-1.667158440360549,0.45004032928037724,-1.1131996076768678,1.0,-0.0926860645720348,-2.113022571623855
2,0.8121218874864697,-0.8872804139829251,-1.0060482227460472,-0.18448827810686558,-1.8887646879451716,1.0,-0.762846077043244,-0.7626066516027477
2,0.24751169502857187,-1.0514153951907266,0.34748283455220047,0.46385877652626484,1.7833738297063975,0.0,1.9325274437849176,2.5754011301290767
2,-2.024129596124034,-1.2212889438466392,0.1502539882859881,-0.4343648381698275,1.2212206098142053,0.0,-3.0101411101417868,3.306625797147379
3,-0.591087681984077,1.1288488637673657,0.16701621183075152,-1.1610665278961074,0.03401837883743899,0.0,1.2739856025945695,1.1077011472118694
3,-0.9522124142087904,-1.6457699758664701,1.8578155134762642,0.5054366705783633,1.6853014899114527,0.0,-3.1382973322977783,3.009313631046749
3,-1.5418871845149964,-0.3672070444245902,-0.7055576354660776,0.19106605003314286,0.05374644584932176,1.0,-1.7779395811100245,1.14252221832019
3,0.2545027452084672,0.13567193791746487,-0.20757465607482392,-1.8349626583222969,-0.9709157227377818,1.0,3.9174356753418462,0.701423328292609
3,-0.317423014112929,0.00037611420442495584,1.0752042930707877,1.3395303332858532,-0.6013316605289631,1.0,3.005324930030241,2.22361118479784
3,-0.3902874369260377,-1.3945967979588145,0.14327609722443196,0.3360262026380367,-1.8471631427974016,0.0,-1.402416741939873,0.95767459723372
3,0.587133691205927,-0.10842270511356805,-0.5212602055933607,0.22792653503965646,0.3185579752956538,1.0,5.798030330802397,2.055501341968143
3,-0.45364402620357874,0.559204522054943,0.8109919496450734,1.3979301215691375,-1.1238224739387441,1.0,4.597236313759198,2.030429893150361
3,0.9806499399908127,-0.15353699092772308,1.1391383779316981,1.053288258307066,-0.011954696363266635,1.0,5.2172403416650015,2.771603651053869
3,-0.004657627795245535,1.047203193866219,1.4650781033759406,1.0476447125932937,0.625339412010469,1.0,7.8701808918650995,3.190947823906215
3,0.33502852326761295,1.5706348641764742,-0.782098217923287,0.39636924582066607,0.45823175904331803,0.0,-0.3173253271548152,3.224726907038236
3,-0.4970266389502774,-0.5582374193058693,-0.3159029855406909,0.40008604622670535,2.4826833972057196,0.0,0.5643734756344352,2.9837762995984303
3,1.3901619832482666,1.442789382506486,-0.7483318427623883,0.09080490570142517,-1.0828345654875653,1.0,5.683211172609305,4.284830811922452
3,0.267199841982344,0.7018355363494811,-0.05643574774692299,-0.003093583480381799,1.4635773803488783,1.0,4.535622977285834,3.372479983954475
3,0.8285421568639171,-1.6661078132545424,0.02942425020858842,-0.5166911107123142,-0.2037455385506211,1.0,2.1055369325291737,-0.14516245090253832
3,0.5481742417875938,0.6085513265429185,-3.071567319167812,-0.23206629602576245,-0.7159631098373518,0.0,-4.157834892169956,-1.0953926443052482
3,1.227257856793432,0.41547028516013007,0.2414197288695841,-0.8140356672417938,-0.8675617554703151,0.0,0.9306554441481384,2.5821639185379337
3,0.18596161427375643,-0.6998015787885771,0.2203680467728001,-0.09626734073472606,-0.8732076560316534,0.0,0.47066551419649283,1.2142073760101013
3,-0.8810925574491203,-0.5885282195714058,-0.49624859463807497,-0.4358148886134215,-1.163105825403297,1.0,-1.4054452985338273,0.6155276933626195
3,-0.9001482338386545,-0.3786899773671667,0.8626714950245832,0.45187729821936484,-1.222844225185709,0.0,-1.6592281771887278,1.3977208624772908
3,0.19554047606897204,-0.8529561640323567,0.2143295986539843,0.4108500461660724,-0.287790997150015,1.0,1.145265187231716,1.650318228526595
3,2.280870139221216,1.6968386692223019,0.43298756104725333,0.4063278993290763,0.6333603331243812,1.0,11.87441928072488,8.503177220740188
3,-1.3776137732037632,0.8706574963314132,0.46535097504893147,0.41787288718488885,0.03356020699029099,0.0,0.7201714379062317,0.8991482628298664
3,1.3770991494878444,0.4809244269883879,0.3150360922999863,-1.2056317152802087,0.5805896575824845,1.0,7.728091515110646,3.387074621218641
3,-0.9635228109774607,-1.6469666668818614,-0.07041275226324271,2.3166175810425553,0.8454337086398004,1.0,9.08425312514663,3.8249865284520457
3,0.35432426835578557,0.2534021577671943,1.3232339886890236,0.2467672304964093,-0.2509041272032913,0.0,1.472965699748111,2.2982396388467135
3,0.8386897325386758,-0.5092014596311634,1.2145895101342814,-0.1507052224931411,0.07500974932893453,0.0,0.38880624652021384,1.6558507982016237
3,-1.2686599771975682,-0.2829244792456581,-1.053052918760698,-0.637540462408918,-0.1955940725162141,0.0,-3.0241754533699847,0.13496956893323697
3,0.22565038043185606,-0.05228120630102715,-2.603231632133644,1.9024714561346898,-0.683031675000967,1.0,3.3559361094892184,-0.4755587993613084
3,2.0173540290995655,-0.6841469197300025,0.5210950772217028,0.1281992680702705,-0.612582703539045,1.0,3.092889854958043,1.1720673678716227
3,-0.6004218252043331,2.038597115328763,0.3250222656421451,-0.5893607614699269,-0.6485064221681887,0.0,0.29103432837334614,0.9862906017869992
3,-0.32188823769580155,-0.38372316718778,1.414426766933734,1.2280032908743252,-1.2730171755888349,1.0,1.509531551946,1.6111498077350852
3,1.3014089233587793,0.11670608497172878,-0.18794193130342593,-3.754403622655664,-1.843027305525062,1.0,13.277128951948363,-0.04935574547243782
3,-0.4935941087671803,-0.29848161088787056,-2.551830014780489,-0.5766891349735894,-0.282790110500947,0.0,-1.2627475651650066,-1.7854364394514883
3,-0.4755469508321064,0.8924932040338732,-0.8239052890708799,-1.3985578968052277,0.47887419740575565,0.0,0.21521201186725397,0.5916168869088549
3,-0.15930480567364588,0.3532005311782347,-0.7233331047223382,-0.013927997954590883,1.3463232597277637,0.0,0.7344358452100773,2.094816158219135
3,-0.24394663978582112,1.5094742972095794,1.016739524326985,-0.052977230634881786,1.0311410725838945,0.0,3.8214932698110364,2.7881257711368628
3,-1.712739355675031,-0.025623213872669852,-0.7393063785883911,-1.5787579179714695,0.051908526351685594,0.0,0.1171160959793649,-0.21943720147669954
3,-0.720142614439836,-1.4670440218371832,-0.9895748818416791,-0.08792322938653217,0.5306101062762006,1.0,3.084421936330195,1.2384888175837498
3,0.31087305658543357,-0.7419401711002592,0.14570421289044597,-0.7277943687841795,1.2218745381416474,1.0,2.6139501376789815,1.8631133321665239
3,-0.7634354964888972,-0.12811470002975048,-0.47662396278097996,1.2702404964540008,0.7848356953818278,1.0,4.290866562320397,2.329807174580295
3,-0.7810505676731297,1.1563615981716457,-1.5460803589539587,0.11228015822331844,0.11395876035443046,0.0,-2.7754561445404096,-0.3507286361196468
3,0.25263659254751736,-0.8938780609480658,-0.292527769931025,-0.2466056277392402,-0.8572083036045769,0.0,-1.4369467069676167,0.7129001011316491
3,-1.0932180775776699,-1.3183112358079658,-0.09676606094736039,0.4827589342920405,-0.16335181158897602,1.0,0.8865000173899564,2.3420793658919434
3,0.05435185120691863,0.7200245144841172,1.2489602422864436,-0.47882948063003206,-1.4223582911269446,1.0,2.5000424025975465,1.4165179892354538
3,-0.26424351487168896,-0.09565115231785845,-0.7835877726135977,0.05792243762083128,0.21290566375745767,1.0,-0.04734344147888825,1.2973337887885465
3,-1.9568905457635124,-1.4013548135378255,-0.10155738820381419,0.41771506127700864,-0.6724502956296456,0.0,-1.4694442187788783,2.8798764742287393
3,0.12622392706499275,-0.0819403459759765,-1.463449300202141,0.5646489265693075,-1.1247983818477527,1.0,-0.8772354974689924,0.10714055906031793
3,1.3189250628376228,-0.17402748355865555,0.9608587572697869,-0.8897247789290479,0.06890325559030887,1.0,5.026936500370147,1.9857544848860582
3,0.02369244763772686,1.6314483469009167,-0.9189041218533182,-0.2861566292156154,0.8723640948808052,0.0,-0.26235130375113935,2.3065667488261816
4,-0.35751073337580247,-1.2766336846387172,-0.6266911218055736,-0.9244187434303294,-0.5323589597817999,0.0,-1.8135359629442536,0.4075761129179436
4,0.7740634980066883,0.27312879522348865,-0.46026094714978766,-0.5096361719628385,0.6087912278586909,0.0,2.175955869975714,2.4503988516512036
4,0.8932235725872295,0.6533197646855645,-2.155651738243198,1.436474435473075,0.09712986223571797,0.0,2.794949141268398,1.4937297312879654
4,-1.4960836429101751,-0.19419448242794615,0.23643646877807736,0.1301151499312815,0.8833713390312767,0.0,-0.6225905433309629,2.0425324713103383
4,-0.6163032587173509,1.5940174569344288,0.9762767797159246,0.5310766294060907,-1.1545579373918227,1.0,3.200773393856082,1.2429674852688208
4,1.3803947509991938,1.8218141871404934,-1.8322420410175395,-1.008459206247199,0.2471034465349275,0.0,-0.825244142254559,3.560650903448709
4,-1.9789705970363718,0.7564436431039716,0.37159999517755893,0.1466542487429954,1.30519069224019,1.0,0.6685997302771263,0.7352268326304033
4,-1.3356734212524028,-1.8565591538406618,-1.2910074245905028,0.4962840359056961,0.622970127176649,1.0,1.1214822189306095,2.073916564190831
4,-0.6300694885920475,1.1047728481512165,3.0650344316560783,0.9609552611869253,1.605586950942523,1.0,10.5754749152228,2.3599854877959334
4,-0.24829516059012638,-0.7243495780978385,-0.5800437089971984,-1.1812474949147997,-1.1690850399236414,0.0,3.0270740311805158,0.06478069909484652
4,-0.2831790716939484,1.4413565280013922,1.2766909152157966,0.10666400229944008,-0.5519448039504334,1.0,4.327199794438023,1.8765155711390107
4,0.37114966533042354,-0.22256943337266438,-1.9118180406212546,0.520823824267831,-2.5361209353437046,0.0,-2.667945658941286,-1.306324173965164
4,-1.2243939689404995,-0.03737799124906507,1.5933904639183953,-1.0355472850192762,0.2123102356110425,1.0,0.0023597920489102364,0.7773638994099922
4,-0.5221307595712598,-1.6238849373415605,1.357394332323719,0.7696064789893914,-0.9554184842091121,1.0,-1.7341355784520864,1.5724495337675841
4,-2.4956137769876117,-0.28274444733535825,-1.6863942887987526,-0.9321140883802386,1.2099421394704928,0.0,-1.048113947457359,-0.5031819730586499
4,-0.4372529418746395,-0.8546151102245787,0.3320931774169054,-1.4097529285548782,1.6686423522028742,1.0,2.7039909740924584,1.9686022375833259
4,0.027992196348018326,-0.9074222043178355,-0.9991595376957182,-0.05064424096649902,-0.6099143147826801,1.0,-0.3138163399334427,0.24603454837806416
4,-0.049047753027477214,-1.3676082445843798,0.1928958663939205,0.009474228573594388,0.5881295570164735,0.0,-2.2436761534170664,1.735453146797712
4,-1.166749003617059,1.016843953318643,-0.28418236176563244,-0.11909692148117576,-0.1930892710845194,0.0,-0.18992779638492374,0.4003527452480339
4,-0.5646965900643222,0.876737782426907,0.0029577910842607893,0.058166709074517875,1.752767026216246,0.0,0.5307108844027582,2.567871148990915
4,0.16253086931275204,-0.8412542997536926,1.042487385572234,-0.7609395405765956,0.36818336342473257,0.0,-0.2322142930261078,1.3528476579366004
4,0.32689019583198425,-0.9154454033918628,-1.090023995676197,-1.5834259940549467,-0.2370479068643643,0.0,0.9981434990748137,-0.5863125877361406
4,1.3724356999649117,-0.7708903181031657,-2.1215689655251286,1.6858762612772158,1.254264343809032,1.0,7.794400516463361,0.1287153510744512
4,-1.0977772472011555,-0.3069691904238707,0.05483876865524678,1.996520494880374,0.7027655941027781,1.0,5.959016284319835,3.010169734359038
4,-0.7604302424624021,-0.6264108605754468,1.6443739194921323,1.5880820548045225,-0.8391058029597944,0.0,1.8106275601078163,1.9060850734445252
4,1.1029542535404049,-0.5705784932495412,1.1564302986366266,-0.9229694837363961,0.8004398311793994,1.0,5.421854347051454,1.556425918497273
4,0.8683958491038057,0.606405701267612,0.2851112256872859,-1.1258033990707619,2.2244946750777466,1.0,7.886146511393273,3.9155325946771695
4,-0.35124746075800317,-0.8007807251123655,-1.021098071680361,-0.38312784271731265,-1.9085230083639433,0.0,-1.0494581287370883,-0.4286863977713532
4,-0.5743108917939758,-1.11718086076521,-0.9139285480610233,-1.2535968070951005,-0.3156134737571745,0.0,-1.297603736352752,0.16493326367284533
4,0.499846686341356,-0.9559737632605209,-0.998515033933817,0.04021606757745578,-1.1860289492451683,0.0,-1.2407697914393891,-0.23651654850511522
4,-0.2291459852950403,-0.8774203809319371,-1.8061327384689099,-0.01948896690172798,-0.31044794858659097,0.0,-0.02058458914273195,-0.6534307898935722
4,0.08341316216731963,0.6206735448442482,-0.35430473801180934,-1.7356805566014013,-0.17587824951965625,0.0,2.16140217179573,1.208771853032599
4,-1.050417527983127,1.3134415048963344,-0.5733733959273659,1.2335089865559214,0.11740826415542602,0.0,-0.543149620803053,0.9806977328565066
4,-0.4892999481547753,0.04977963185979385,0.11138467617553516,0.38077577328137374,1.8721815890747457,0.0,1.5066486933552725,2.931856827567856
4,-0.5640943167270087,-0.22871314670752574,-1.937787844036689,-0.6329493812242295,0.7680638690665974,0.0,-1.743630267909235,-0.5275335325641147
4,1.014749152724065,-1.9261957892073651,-0.40503917852767146,-0.7939553677204343,2.239677760102133,1.0,2.4993566714629907,0.029099702992009258
4,-0.13255392110316613,-0.9694302016411891,0.747668757530483,0.1328048101293062,-1.9402347230998431,0.0,-2.5450853075467483,0.7809050797811581
4,0.14373386281154013,-0.7544330426981877,0.9931361278776962,-0.24494062283840348,-0.4494420133063262,0.0,-1.1570176315637113,1.2816548627029887
4,-1.46511574244444,0.9400985788224001,1.4640368501195151,0.5168173007233238,0.06205099275644436,1.0,4.568934798934196,0.4881475548715548
4,-2.033051434835562,-0.7803753396484362,0.05034558057978376,-0.07330805447638253,1.0986825498215593,0.0,-2.4464612119436118,2.7164227836296972
4,-0.6916159512145625,-1.0387807003355958,-0.13768144702150953,-0.3908629539361404,0.5563467052457044,1.0,0.6552400200375597,1.8576770010168417
4,-0.3316384156681854,-0.6261016082838929,0.9986009842289837,1.1748889812032923,-0.1826600972008808,1.0,4.148923189089404,2.265663275469007
4,0.2669303993089361,-1.4494524966923654,-1.553465900206777,0.7019459948690466,-0.6824201953740772,0.0,2.1198512176793693,-0.7278044736819316
4,0.8901916128618422,1.8181651770670106,0.3669255451117412,-0.4796923798584532,-0.9976570568357696,0.0,2.579174869018389,4.350916548479994
4,-0.5197242195881637,-0.46166689791635035,0.9408486559702172,-0.5701238416336977,0.056131227164708204,0.0,-1.8216515861697036,1.551774403950123
4,-0.11253874841405517,0.20179557205268733,0.021119716306862952,2.068401305586698,0.5621955733494192,1.0,8.047977074865708,3.3475538754076775
4,-0.2014500711145184,-0.20557310215266109,1.9666547329338353,1.6289750821589926,-1.2746641633914335,1.0,5.264795533495937,1.6127836024120668
4,-0.11111061525993221,1.1634115278705746,2.114065561928185,0.37716583578313495,0.14177133765499075,0.0,2.4799481561329655,2.1964471628269884
4,0.23876687007086753,-1.4020228249893003,-0.895548254740557,-1.1149640981594529,0.24196123520764268,1.0,3.182120948310359,-0.17556916892110325
4,-0.9758238119774564,-0.4319076396351781,-0.23726901813720538,0.7147406100267596,-1.1035795456935285,0.0,-2.2148306404427576,1.376529569985015
5,0.9787016067396088,1.4878759807304185,-1.4164986186375703,0.7109163898534624,-0.08163185858753595,0.0,0.18897378964270384,3.449554551857776
5,-0.6586190409803503,-1.2722601864952054,-0.10913177117895208,0.15612716530154458,-1.15126874271122,0.0,-2.483066831557385,1.3144095318716884
5,-2.180947564583212,0.03000885006588769,-0.5722220537255541,-0.4203418552200945,0.059580316607446435,0.0,-3.310605105072144,0.233290924398046
5,-0.2767151619219117,-0.40847966482149006,-1.2551655432619875,0.1392400744542667,-0.5935703483382111,1.0,-1.6123247477526612,0.22610335089891437
5,0.6819955337247121,1.3758751649158059,1.5320785350471942,0.19665637319376555,0.8972233858701875,1.0,8.676561152708402,4.318963332854009
5,-0.7021497225136708,0.10297978132891437,-1.858377672660055,-0.5542705187833309,0.9759064055426359,0.0,-0.7350897028249095,-0.37389681888637155
5,0.9473325934388399,-0.5277593650559584,-0.7786827513617196,-2.0081063137220476,-0.6301612234722461,1.0,3.008786801811177,-0.28681286326359917
5,0.3330350570624153,0.6121854832830174,-1.8350022454463641,-1.7984711016957977,2.201158926523733,1.0,3.312222789053993,0.6991894635213667
5,-0.7406765943374598,-0.9269829785345549,-0.1969195779159186,-0.3780057575591587,1.4476870720370865,0.0,-1.9492845736324362,2.269819589739856
5,-1.8052210556255675,0.8705279829177506,-0.2667787029654297,1.4672636199150384,1.4569095190514116,0.0,1.6190839866611895,1.2544803530354502
5,1.2010623916286693,-1.682616276303436,0.17321708571146902,-0.677757492790837,-0.5960260397003795,1.0,0.1461565586937863,-0.8269519012266022
5,2.3790074813688866,-0.29852120058647885,-0.12129207605172103,0.22024423499693596,0.0008312959731370048,1.0,4.65571351307461,2.3726038282013953
5,-0.4443670870257436,-0.6446030888329425,-2.453632773827869,1.560433558799105,0.7423048430264723,0.0,2.6110918239560115,-0.10603489854468712
5,1.6780297786570584,-1.0346961713297995,-0.7996954633356519,-1.254107842088431,1.6036735573818417,0.0,4.7387275244799545,0.05727608055633193
5,-0.19886243718990942,2.1706060015635287,-0.6132278585335134,-0.019331417040516274,0.5228098360242894,0.0,-1.7922668897213083,2.3171396787172163
5,-1.1399621641643007,-1.364000097286619,-1.5676931726137602,-0.1555196358461614,0.42641347171030036,0.0,-1.9105030480507275,0.6576308529237014
5,-1.3438300200931421,1.8771966594804648,-0.5525779976591222,-1.1063568250852356,-1.993939104895931,1.0,-4.74407641353486,-2.2312126646235235
5,0.14547639517342162,0.4097517945266717,1.8644267988587666,0.4634162730454744,0.975175647752184,1.0,6.102194252665269,2.6993034580486053
5,-0.42132939897218125,0.5542467632451319,-0.017929647207755448,2.1899421279614484,0.33039596569630647,0.0,5.076965860174743,3.0839817179026
5,-0.22676843807946304,-0.9918625213906065,1.5619832927066715,0.8241945995343682,-0.6445029451451484,1.0,1.4923705308494515,1.4952580285827906
5,-0.998831841177026,1.7824392615959164,-1.5898826387418872,1.9697677827245144,0.4060544682566003,1.0,2.146913063257129,-0.01466872626825344
5,-0.46164087873153914,1.1409078145773754,1.8155081687142636,1.626764566155679,0.4342628817375343,1.0,10.636756630144344,2.5089348283408928
5,-2.1755376508146367,0.3215447537817919,1.0133871489671218,-0.18073025539747653,-0.12747213225419995,0.0,-0.7818114247142207,0.2550525441611592
5,0.17131495874770253,0.15879939474752353,-1.4957370330639945,-1.1071572282553594,-1.8880903935570335,1.0,-1.8746953402046291,-0.9782416047438178
5,-0.5289930075575002,-0.1759525080884031,0.601490201964794,1.5808720143195343,0.046795821461380956,1.0,5.472772061116729,2.6796771749767068
5,0.43131352930408207,-1.2353256920352222,-0.05953117308669393,-0.5477614621672017,-1.1954387512278508,1.0,0.6058353671701358,0.16204408429450312
5,0.8573766167239381,-0.6042757955808683,-0.29100249545360235,-1.4072238944230713,-0.04856304905444486,1.0,2.917076406328897,0.6930204821616491
5,-1.4116924765383232,0.6744275533742876,1.5119483772378473,1.5380337104246222,0.6440879211201359,1.0,7.2138706931597,1.5851322293075758
5,2.1831108741882446,0.08633054083431049,0.7668952370732622,-0.1700959903918599,-0.5114965685993504,0.0,1.551556667070368,3.085909729875552
5,-0.9148011006171907,-0.5506798824240062,0.07644075499115438,-0.029062700956275816,0.6922216150300858,0.0,-0.7968609619813442,2.137901733371324
5,0.6836003864357089,0.7315704028911293,0.2186413145155678,0.7190388678166729,-1.6476800127911837,0.0,0.8382359266924637,2.82888034344977
5,0.043207737908640936,-0.5366456433540253,0.8866879040423065,0.7272329890714062,-0.418976835725705,1.0,2.503255004062424,1.9595481374099388
5,-0.6866243559904124,0.6295057310598613,0.2582809779682345,0.38437400022684637,-1.251166453085493,1.0,1.4718129217744202,1.2017814600991734
5,0.4459572875031162,-1.1104331884515688,0.47327437735895456,0.30937485555233374,-1.0031153912705533,0.0,-2.4709149646039608,0.9524037884255894
5,0.2506233699134571,0.8415781090878574,1.6503123502664268,-0.1151673690918415,1.1499978718298602,0.0,3.9049770390536387,3.0201590517485966
5,-0.5963833534907068,0.0332568445847316,-0.0669860728439353,-0.07770448686379833,-0.9667355409796841,0.0,-2.3158646006713433,1.1406471385324761
5,1.0020311777640905,-0.7707956083321241,-0.33670228777138245,-0.49252405667000104,0.8886355955218697,1.0,3.1400412821718278,1.3168104608412041
5,-0.4301472337734267,-0.8563590902243585,-1.4912779498461084,1.0403571269758631,-0.4366465719314641,0.0,0.9466284514504073,0.3607582364169425
5,0.8417917060118117,0.8110504132829268,-0.07953059141795536,0.3163143343720018,-0.5563984143045005,1.0,4.709456600959594,3.346188344155741
5,0.33439225474653345,0.1344521134850771,-1.3267782618464574,-0.2638248179567789,0.1842618745668447,0.0,-1.4967907075169002,0.8178149230427956
5,-0.1931174658222322,1.1369689439327635,-0.362451983778445,1.2750049961027625,-1.0367087191694726,1.0,3.156708444360615,2.1253095648902507
5,-0.21983537841049897,-2.009901836112275,1.5982123802133512,1.5480351135115984,-1.160111833102749,0.0,-0.7823599230227232,1.2926341347122146
5,-1.8475640878270172,1.640893843132432,-1.071720373855858,1.1273116034220045,-0.0940574438424008,0.0,-0.9792045045596991,-1.6756103595426626
5,0.6651513643564093,-0.8222201384039883,1.1029362586585898,-0.5273866866996484,-0.25032959678811445,1.0,1.1627223687138666,0.9881521081949507
5,-0.3202006595218418,-0.20092334601440742,-2.270926031295193,1.2745692146734429,-0.41896478213338184,0.0,0.27497405026458965,-0.5482038995307423
5,0.7426087217118048,-1.3629783077265771,-0.21402894623216412,0.29977901523388417,-0.2819287325260402,1.0,0.05709819742079936,0.5567494017894428
5,0.2151113852663515,-0.27784081659359594,0.3276636659558003,-1.2279736456387793,-0.5575782751683227,0.0,1.0994845529825588,1.1267212676039733
5,0.4019762746795539,-1.4613015732799766,0.2686917468334851,0.2365377032835483,-0.9758889667903337,0.0,1.164501761462771,0.6117180535061666
5,1.1833236638478104,1.2599531214212563,0.706553552853628,0.015539831498527211,-0.6415844620895716,0.0,3.6582351036508483,4.513429075959787
5,-0.7280996400503453,-2.0724452368814292,-0.36880497059571876,-0.3296910670528566,-1.1434683052913943,0.0,-1.943080740593425,1.120450841912907
6,1.1783088581884664,0.47982425160837383,0.2583084847114199,-0.05004942802052624,1.150153931621384,1.0,5.740768379926107,4.040477666180667
6,1.1670588513778355,-0.7103183984180307,-0.5314422526411761,-0.10609295617923196,0.36232601341722903,1.0,2.7106211829544296,1.1238593212198156
6,0.4240660788625568,-1.468687096904898,-0.4155360123733793,-1.0920155095106365,0.6744750855053808,1.0,1.7506531907920153,0.35323096878179616
6,0.9711386581467399,1.329088467527988,-0.01960964919765192,-0.7700327946493215,0.9942373159095924,0.0,4.3570685936792675,4.5429479267724435
6,-1.6099994725992826,0.7161168196200806,-0.9526325918123063,0.8200911985473907,0.8034903511678881,0.0,-2.4329946241094675,0.315125135805857
6,-1.521578234624742,0.7301225048448394,-1.0356775234897475,0.6743756307977861,-2.0583161743244625,0.0,-3.35265592034908,-1.206532171792845
6,0.07579712883064196,0.6929011392155692,-1.0282969005260878,1.2734722483335719,0.23054780492375165,0.0,-0.8938557429811245,2.1910087903981825
6,1.3031279124622466,-1.1305635329824562,0.48794412481254495,-1.236039533496295,-0.028523188933095946,0.0,2.369675934477157,0.10800253566128604
6,-1.5272420062231145,1.1293280213801902,1.17421857238287,-0.7867639655430985,-0.09680998646980765,1.0,0.3306772317790775,-0.39212790414051013
6,-1.6857181096448937,-0.6374916725050714,-0.5008222177785789,0.17351491806384037,0.1665141478326624,0.0,-2.3583491968535824,1.709817863165681
6,0.2034184068666962,0.18381480091700259,1.697077482488606,0.4904637308340907,-0.7325661921638406,1.0,5.24551915491837,1.8325496380222286
6,-1.1279161090433665,-0.018043501245266925,0.5174479617628042,-0.47441844053382765,0.5176464271218835,1.0,0.016210577789513625,1.5967941341535987
6,2.1054979011041564,0.20828917058269847,-0.5639822461722899,0.5682789973411109,-1.426557902391155,0.0,0.9799846098423937,2.7294484561202497
6,0.3904893027771006,-0.16205393917432423,2.0692009665707536,-0.30796405482388894,-1.0816307674427912,0.0,0.5585378584935456,0.9127155554581365
6,-0.007901000656790636,0.9052147325770225,0.12402682422307916,1.3711785049850482,-0.030234309471985514,1.0,5.743666947034082,3.166308801431434
6,0.8065007745266012,0.13580235949973693,-0.21289150225713566,-1.2123422771681371,0.8555323886014304,1.0,3.9279407071811057,2.2732496444630734
6,0.3780052812847514,-1.058281567960964,-0.08017773870427299,0.08467053501835503,-1.3904938295248939,1.0,-1.7616788625046425,0.5636128049044666
6,-1.2437143116138152,-1.1974168406786674,1.2465965754651809,-0.44296203374615345,-1.1452896011205473,1.0,-1.7864821015881036,1.4164016833343542
6,-0.4586726952497589,0.02139378583518704,-0.4186729218573084,0.18242212817517167,0.2320067230827272,1.0,-0.3079751858543214,1.6830550306836063
6,0.337365654311698,1.0450309531661968,1.988884061944753,0.7963304129444274,2.581579919384862,0.0,4.134845393002134,4.321139411468936
6,-0.873713538902034,-2.063318986375623,0.1803023750813329,0.26784093621481103,-0.31229118227902536,0.0,-2.201611955088442,2.385949049070102
6,1.306636793928858,-0.9567380645745645,0.5659100175839616,0.9601272410015766,0.5843854021951381,1.0,4.241624170401114,1.8241525507099765
6,-0.7293247025190314,0.10354235754764919,-1.135909237192664,1.32122359736805,0.3150493693785523,0.0,1.2663890774957196,1.2830826967981563
6,-0.5947265589426916,0.5490553489003513,0.7595987154719652,1.5806880189562569,-3.0587094215550055,0.0,1.1901121736953748,1.0165276589853862
6,1.2696837867124138,-0.2608837263131729,-0.03124017686881583,0.286405880106367,-1.4402927446490557,1.0,3.4876153311133358,1.5801087373367158
6,0.132977491956068,0.3443162429385687,-0.4021524472093009,-0.7713940619695809,2.3117915756259926,1.0,5.369177452142598,2.77377636967223
6,-1.2287869778311509,1.9370249911091477,-0.09443973353365125,-0.8328100376570858,0.21213396758573397,1.0,-1.2559417239163593,-0.3880860981703327
6,0.44295205740642557,1.1381028558130692,0.5398513866234729,1.5009929315912511,-1.0714202134914548,1.0,7.978099887521101,3.637149589871517
6,0.9761611077558099,1.0512808154422832,1.5162216384187444,-0.5452812418414136,-1.1252099312643231,1.0,6.170837604686546,3.0173532411858632
6,-0.061610628343755684,0.02934242937804149,-0.8496267577290855,-0.09907645127573998,-0.031868569146671244,1.0,0.060021741640862825,1.1520357154422038
6,-0.9047901203755601,-0.141564556273148,0.7257217233591076,1.4210157875558191,0.3757033234156416,1.0,4.922357254437991,2.614149917479811
6,2.3394721369231584,0.07210180383969801,1.1666840154070328,-0.8592861675503388,-1.6189992959366815,1.0,5.385705188224055,2.111869135951264
6,-0.21300200097142002,-1.0852345816249303,0.6290886086518799,-0.8358284510614284,-1.2291693078189307,0.0,-1.6692404115868817,0.6726483850824605
6,-0.5668765368917853,-0.43377672202576,-0.2084015676987164,-0.4785466307696148,0.3700742166016802,1.0,0.20914654418322431,1.5654970997665352
6,1.2252331073551086,1.270385202446581,-0.4473407815366051,-0.5485313319919166,0.39132415100470197,1.0,5.329170085256939,4.403653768410986
6,0.8429350000090541,-2.084508762897864,1.4605520731757742,-0.3432604823485532,-0.49221983325365526,1.0,-4.17085170045293,-0.9553353217955485
6,-0.14478412475578167,0.5542094065170322,0.5139491130007634,-1.3432450297679899,-1.1630822457231778,1.0,1.4902200848610092,0.9990926758940447
6,-0.2809727740357781,-0.021262727228220493,0.7214381897152689,1.86656934824158,0.9116639567984504,1.0,9.186153596728456,3.355548875899242
6,1.1313264317483815,-0.1428261684830187,-0.44973803579250604,1.0161740882415449,-0.2981198694206054,1.0,5.790188038985012,2.367386220452814
6,0.24002223805490966,-1.4602346978541094,-0.3724606692877691,0.7496078558871706,-0.04748542054910008,1.0,2.2029125956727196,1.1356705608078488
6,1.4319026525616998,-0.8487785272169237,0.7703370040869031,1.3437888439512513,-0.16852329170452512,1.0,4.69188564044184,1.766671144707619
6,0.3947990808987608,-1.2374383025172746,0.6130278649448178,0.0038941766297751843,0.07047064614797066,1.0,0.0892791206385668,1.2517469264949415
6,0.9652831130341247,-0.03461372871987157,0.3181417550493146,0.7611416664030056,1.8184026478997857,1.0,6.5767828173161895,3.830583999599952
6,-0.8707711647330378,0.16485436582066865,-1.3598878456391978,-1.0450491065183187,0.502611426643176,0.0,-1.3985869138512954,-0.23832325399568316
6,-0.6489505128005599,-1.0925785821705702,1.1936210899233248,0.12005440112199363,0.8772751646137706,0.0,-2.02243562204307,2.302035946959424
6,1.7389896160607814,-0.5256725120604459,0.7815786640158056,-0.47757114722603095,0.24756127116875215,1.0,3.6504311476301243,1.6781063167569195
6,-1.254509975887934,-1.107249929937814,-0.9170935452299066,2.350867303543419,0.97223410942319,1.0,10.457315609028553,3.019310038550339
6,-2.0355336483495994,-2.093321122024797,0.8191476074868947,-1.1245264001760615,-0.9689761173669689,0.0,-3.426206769104044,3.2422649230687988
6,-0.7244230352186657,0.44178152222942596,0.7713516425247309,0.483847111568227,0.04618405812490116,0.0,1.1522771270441081,1.906303026494432
6,0.027464143240564,-0.267000986099195,-0.12242033243314752,-1.124488221096505,-0.8411687424323157,0.0,-0.8422967475755727,0.8213759621213221
7,1.839053403249507,-0.7093278928973373,-0.2949092271942003,-1.1004171176771789,-0.8160078935849361,0.0,-0.5913517128198515,0.11153229014632582
7,0.12131805288550343,-1.5735320163629496,0.5826738917485514,-0.2657998001774016,-0.7331809708904634,0.0,-1.769093753561412,0.7098360429766971
7,-0.20764072613760404,0.7890356586520347,0.1601502581115236,-0.6133993570233577,-0.2531837428713607,0.0,-0.06373186628535979,1.7608484416329446
7,0.7684553402954681,0.6556998821370746,-0.24540629310035564,0.482959491934252,0.455060663132303,0.0,1.0587435487403085,3.5322993142005887
7,0.004685474574228375,-0.2367183656419042,-0.3161159793502321,-0.8259616254439285,-2.0223418250407863,0.0,-0.7502598760066936,0.25111473980123367
7,0.1322581240289472,-0.8258378848172133,0.3415884268799764,-1.063445107808038,-0.24631768306454815,1.0,2.0512865157119324,1.002122924769548
7,-0.8699848317332158,0.8289961484569464,-0.8108148933204393,0.28359807921576313,0.01047644435524993,1.0,-0.22327723102849273,0.6888293860698548
7,0.9348043777248988,-0.27586767072058815,0.6557543846888453,1.3358630687704536,-1.20495456162536,0.0,2.9340467421318692,2.257505655235464
7,0.27812053950597243,1.3776989716109804,-0.15479144453400495,-0.6192966363206126,-0.1127343801123921,1.0,2.1228548603133452,2.755708612436826
7,1.1956801316899401,1.1407244194390698,1.3618840800456828,0.6250789616971438,-0.2963377743533424,0.0,2.8427361259254993,4.5848523537395085
7,0.09124553659617868,-1.8681408147785294,1.9154173244783812,0.4298596771929287,-1.1022468167930226,0.0,-4.696144415478818,0.2247679590762537
7,-1.3476110984654193,1.1239728696240665,0.17638702548097387,-0.3037026453004188,0.873511257977945,0.0,0.7860967522810247,0.7310844905103889
7,1.1500210063846124,-0.5286861495653372,1.3756686241560983,0.8171942621713361,0.27343235748607897,1.0,4.6003148854076565,2.1297066882899602
7,-1.1700219611588611,0.9793145564118697,1.3041884758368858,1.9608428961555477,-0.5950157344368491,1.0,6.860893318654498,1.3572952323610699
7,0.0553417130535468,0.7526636213570493,-1.5715040915455432,1.1403377760522644,0.9930774255463892,1.0,1.8312735353000185,1.7259041516992821
7,1.3176701699688997,-0.38121137941941635,0.8888349034645286,-0.1351629533996168,-0.19654121254840184,0.0,-0.3751886629602701,1.8748008636914482
7,-0.04676478153198377,-0.5936936115005947,-0.3427389799687878,0.8491987090772785,1.0967585592818565,0.0,0.9276362200274899,2.4509816156469895
7,0.09492105478908502,0.5752131812927461,2.165316205474017,1.0157866317630826,0.38881559768653745,1.0,6.813799024006403,2.614515099240006
7,0.0673199299054533,0.5578439656132689,-0.20814293448644774,1.5246153406163836,1.3852820783940107,1.0,6.692392632745584,3.6794295584138306
7,1.5532924943624902,0.03989795391352556,0.15360859814499853,1.38444812233299,-0.6908930090282003,0.0,4.251467964841739,3.2703756512840867
7,-1.336356459199963,-0.9608936330554583,-1.5328400283312704,-0.4031997186919021,0.08999974399521482,0.0,-0.21117862171629764,0.25039855079910267
7,-1.047604648450621,-0.3143625237971792,-1.6513510624332006,0.08483807096918171,0.15333801092481117,0.0,-0.5860598564725674,-0.13871107824039144
7,-0.21307380944634627,-0.045421252821982845,0.8050980566717476,0.259269077422704,0.3337582311624829,0.0,0.43347285654970297,2.2725337802989487
7,1.0420409487666487,0.4690002551190541,0.2569676072081981,-1.4617888736454137,2.7631129515287434,1.0,8.395912195586014,3.990549018286198
7,0.4395193535670457,1.0410821073380299,1.9668476696139376,-0.6458758632038747,-0.2714533662025689,1.0,6.216412028576322,2.336857323612696
7,-0.2030444722069827,0.6375850576511751,0.22860065372184146,1.0426757052142368,-0.5665304578398653,1.0,3.4959786462420346,2.4141695828506733
7,1.8214826663652777,0.8676545240194227,0.17962949241266096,-0.29591244939739464,2.1472480428414236,1.0,9.558403420212457,5.9243787710884055
7,0.39257495575439244,0.3122947405898243,-0.17158606147079689,-0.2512807755985664,0.9171057820741979,0.0,1.321239981147721,2.7074686083967556
7,-0.37850509124082593,1.187271425690566,0.19209198351717927,1.8014048282836246,-1.158577384981478,1.0,7.132095412194559,2.3540615982175384
7,0.8056232674481845,-0.6180906869212234,-0.014961710175373984,0.7232522950484154,0.20984143181933168,1.0,2.513712316514213,2.0547721355351163
7,0.00693046952953099,-0.5264408239733905,0.15246446224108431,-0.007939288941762384,0.143136872335278,0.0,-1.5565942696544357,1.8688271544940012
7,0.7396456050192877,0.6512126757764387,-1.056240923256736,-0.7297985348945577,-0.27299830068091896,1.0,1.538930978545873,1.6397247258577083
7,-0.8079742938769934,-0.265045259937222,0.7235962372521465,0.5378908140928383,0.23083901594667566,0.0,1.0614912216307435,2.1732325824959835
7,-0.4456859712578838,0.0968114652848934,0.615985663451531,-0.4886602336242237,1.2659995730476836,1.0,0.9494057615179619,2.2952820998201258
7,1.1213498866828506,1.1479170587502312,0.8893469379944144,1.5332662119312714,-0.11001942198753238,1.0,11.520619025777092,5.208066368789091
7,0.8339689501825353,-0.21454199813539296,-0.45579984101584725,-1.9851678347265789,1.924744702794591,1.0,8.293984029139946,1.7705898654978773
7,1.3603682311146674,1.1165404191037862,-0.6960079332373527,-1.032070053183884,-0.7122415952662581,0.0,0.8664328443333073,3.304608495157727
7,-0.391899154444444,0.37047938450944307,-0.04709384798868123,0.029644128363503084,-0.5471575743247754,0.0,-0.7045632554330123,1.5606872002036747
7,0.9542840762568834,1.4342712844752903,0.7987427286542352,0.7091400810388588,-0.9024026988362158,1.0,7.759535179400208,4.563328053316194
7,1.6764750484972863,-0.22691309902131557,1.0393281684063842,0.4416012525179711,-0.49085049206704473,1.0,5.312826471326895,2.346205823832535
7,-0.7981216908449613,-2.3028373668244813,0.705206971473022,0.9168458985315461,-0.8920901608367382,0.0,-2.420464518768474,2.41392368963421
7,0.9739479171275853,0.84617766390313,0.7731620026936273,-0.2752655215290969,-1.2762618485549337,0.0,4.216130181583054,3.0607189829516193
7,0.7930070914018181,-0.23151225236748735,-0.3074495577479777,-2.3315627815382545,0.26419057184199435,0.0,4.162268824895728,0.8628541840522572
7,-0.26484764032172403,-1.7689873178605486,-0.14251904945262853,-1.3278940400634955,-1.4417561790531626,1.0,-1.45284919970224,-0.014628657664193412
7,1.518001744116065,0.5145018174007903,-0.08377528804156052,1.7204552170230516,1.2608618610464417,1.0,11.73106265907142,5.24253023436935
7,-0.21483592700903437,0.6662274230229207,0.3206167348221398,-1.268055689228676,-0.15201698089285098,1.0,3.871795639667683,1.4818794277497473
7,-0.2866849056238023,-0.23591535366759103,0.26035497047362227,0.4814459049056139,-0.3355178073593555,1.0,0.7706795126416199,1.9757734365122896
7,0.6612993883298732,-1.6433947450010313,-1.0237485725891813,-0.737301394753376,0.2553538827966928,0.0,2.0769100662334714,-0.8105035674155998
7,-1.6426172714395935,1.0366003347745747,-1.1316777432106335,-0.24873381156070287,0.7115030650455022,0.0,-3.6038242440090382,-0.9150584899301657
7,1.1415864895739198,0.48226866598104356,-0.20687543266752845,1.1759416295029448,1.0541418956092437,0.0,3.855932357361227,4.352760503870704
8,-0.3613724713751954,-0.19209674945501456,-0.381062389481783,1.3775517259144514,-1.9468332131782478,0.0,-0.006469042695044669,1.2457819778725983
8,-2.3818245989887616,0.23233403019370147,-0.6355958668063642,1.811875529393594,-1.0176017661626637,1.0,1.518456657065392,0.25593285429722246
8,-0.0376071805756951,0.3610671223361845,1.261337691604933,-1.8552755377632328,2.669021893277857,1.0,7.377562054990476,2.490236309854194
8,1.0278597243227308,1.5055866323073952,-0.7338776044328705,1.5741228814067019,-0.14619116460826292,0.0,3.292651936892554,4.903865045351788
8,0.8006499323289483,0.4509069502032609,-0.30901801448723465,0.13479062510006598,-0.20410296631075153,1.0,4.334144297896499,2.7502645564176644
8,-0.18910137668414986,1.4961559238565663,0.3415048722734511,0.3161743659761703,2.2786691234526835,1.0,7.5958163640100045,3.7810280522411626
8,0.7053532924950043,-0.7102669052795697,-1.0841382246322409,-0.14786844642626895,-1.5304264696477365,0.0,-0.5711488870714763,-0.41698787758552386
8,-0.642131442657254,1.324167874049674,1.6159629182832602,2.135588083676119,-1.278550292379295,1.0,10.284583238369901,1.682077506946738
8,-0.044921714326054074,2.3512174317285113,-0.8188549343307765,1.4878053466038625,-0.769156461918985,1.0,4.20841795609645,2.6804820859294285
8,-1.2890590004157767,-0.24940871823400984,-1.7408618204931285,-1.0265981582157815,0.32346959884596527,1.0,-1.9267128685731107,-0.8389733945300614
8,0.43930289665010225,1.2742864049228646,-1.5449102097658722,-0.2544029944340557,0.5260050714582105,0.0,-2.313243060313766,1.8058215193767246
8,-1.1584984403335026,0.25061288428544054,0.16302690058343147,1.8561755202531198,-0.587190144318955,0.0,2.816513282441861,1.9584692458545785
8,0.9356980021241861,1.1515764619175286,-0.16822959015833436,0.21138615803981564,-0.4349175834938176,0.0,0.9936649456437031,3.9111672631891765
8,2.064572762390352,-0.19460496125984655,0.5219493503417124,-0.8267202995105268,-0.6255949179599981,1.0,2.839202956643194,1.9348738025408347
8,0.21201844407629059,0.5766760784821886,2.3610049479334,-0.3912448251084191,-0.8108647137820417,1.0,2.85861195183755,1.3855608367271692
8,-0.20041763703143778,-1.2878897872318467,-1.5793809076471519,-1.1582702100272726,0.8395937457299789,0.0,1.4351255565844614,-0.4436510456024261
8,-0.3439988781797938,0.7204301362243053,-0.2626342168465538,0.7708495381051291,-0.7752002940605219,1.0,1.6933048276061107,1.7726054040145685
8,1.5059693830459686,-0.5852410377128904,-0.24777470919349084,0.152615120282145,-0.9988325853697868,0.0,-0.5226319284029661,1.0014735690535912
8,0.7961865471316957,2.1603664736514876,-1.0668088072343198,-1.420635178409975,0.8146338538901872,0.0,0.783032853637057,3.8448472631695987
8,0.5093489496533409,-0.03304108594108371,-0.0073185436109139594,0.08946803597325671,1.5529186548455163,1.0,5.413327170116705,3.0388317826198015
8,-1.0100670489751322,-0.7520497688890307,0.3900716790107974,0.951487843583306,0.06256043367801456,0.0,0.8944643113638935,2.5055040658999386
8,-0.03670439806175076,1.858116910104721,-0.8271857133919583,-1.9864574697820885,1.2530392504592147,0.0,3.2258094726960644,1.7391530620787607
8,-0.15701250814233494,-0.6240655902943096,-1.2549428857413314,0.5068840753683661,-0.2795654593883661,0.0,-0.003821699779114649,0.5042627264416845
8,-1.1592712763475843,-0.5779925536862288,-1.7360129463797431,-0.22036471033676366,-2.174666995864567,0.0,-2.033049541728948,-1.4285700805459478
8,-0.44111564212196636,0.29859353195760985,-1.0026859881517345,0.10282812369199426,0.776759421171248,0.0,-0.48131410551441983,1.2735156241681755
8,-0.23625048753141017,0.5860279149107471,-0.12416421321409721,0.547899872077624,-0.28079916912236197,1.0,2.544421058905879,2.1002091001228314
8,0.07522158790464852,0.5841124985861145,1.331805449798034,-0.38136953434442816,0.440135496128532,1.0,2.7191269756958283,2.3056129247645445
8,0.1016249492084341,0.6847420027555894,-1.4481398442253894,-0.38561000750326874,0.6488689983988375,1.0,1.1718615908531969,0.992679081192721
8,-0.41519540618898826,-0.5019036609831834,-0.8626630551489499,0.9155966447421375,-0.1835371253373982,0.0,0.22747602180751658,1.3349537734446262
8,-0.256342995383476,0.4905851029835494,1.072651342365049,-0.7211067146677916,0.5266747739973866,1.0,3.3649725441852834,1.9082694852082438
8,0.02800746441132212,0.9333623855019282,-0.13735044387905979,-0.31632611559553164,0.964821354223316,0.0,0.4401202061958352,2.7529806834901773
8,0.2510336441336217,0.31364153063015465,-1.5848489549846034,1.2317855369041324,1.15687437131042,0.0,1.8722275134264417,1.748925474698632
8,0.0535810269658207,2.4554792413336552,-0.19855707107010118,-0.9484102412677035,0.956260323908437,0.0,1.7289551618717636,3.2710959625749783
8,1.0592296277722988,-1.6735078594777297,-0.690043290654217,0.6153285700059645,-0.5382941310471522,1.0,1.1670938465128609,-0.6150541906056552
8,-0.9782378928926144,-1.073542463742651,-1.2338363616982797,1.3126145951527575,0.3291814592567293,1.0,3.9367674875720864,1.5588891341557694
8,0.06424757228967802,1.1823029476441071,-0.6105880335164895,-1.3512548907403445,-0.2919770611676298,0.0,0.4839548448038494,1.3916363722392309
8,0.49879756855086554,0.15346164041327953,-1.0971779504383343,0.43523489036480173,1.5240895995948796,0.0,0.18474931997077126,2.2898585105635103
8,-0.201727786846356,0.15105758267542194,-0.7351716919380238,0.7801911897069246,-0.16865638812013944,0.0,0.13674695802386422,1.6240895489600802
8,-0.013217167318881238,0.12584705185892334,1.4520117818540488,1.460676396956231,-0.08231906075322969,0.0,2.8657517415822022,2.5883415646370924
8,2.6460306127823867,-0.6659082179941153,0.9164383739862271,1.2293834170747502,0.8533519851101253,1.0,6.969781880060725,2.3362844989782525
8,-0.7917812432348922,0.141505773934841,-0.03517268378811223,2.6137998862082705,0.43789979367372195,1.0,10.51395859501551,3.070465650709985
8,0.18754600934580182,-0.5097576937687682,0.3613621778684626,-1.0727269244151736,-1.636221994644134,1.0,1.198533109753355,0.5049138613640778
8,1.2291555036147737,-0.2550518026310877,0.08632715499259042,-0.2623811573154368,-0.33427391320357025,1.0,2.972185711818494,1.9146656904789874
8,-0.17528582690256703,-0.12015407740389056,0.046944954771811244,0.8546145819165477,-0.9483207598915007,1.0,1.3589811751937657,1.8488590310237472
8,-2.0358496181774584,-0.45453011707422347,-0.35677858356718883,1.0024071648937047,-1.4931514307411453,0.0,-1.0841218398086871,1.193430460540051
8,-0.625518149581743,-0.581203851282909,-0.7264375617955507,-0.529956729290349,-0.4042933457906758,1.0,-1.0132574042433542,0.6773940894122159
8,-1.4366112888128444,-0.8799146369934366,0.01495996506421236,-0.09169765396973745,-0.5339424419684203,0.0,-3.508129391050216,1.8003803741658826
8,0.5342412279291106,1.8276832208646048,-1.6486447833823688,-0.668630973931793,0.29538089963888103,0.0,-1.5093595338649581,2.0686686752283627
8,1.6581354021538692,-0.14742260320523728,0.522771242133967,-2.1186456272035223,0.0794258871647418,1.0,6.572816433375992,1.6191243870068825
8,-0.10231704310472013,-0.39882514568643734,-1.0261903357208266,0.7040756510559626,-0.9090233360065167,0.0,-0.9505923500451013,0.6927476273786392
9,-1.1267230110660407,-0.6458035023091503,0.5422146116498624,0.4714757160966009,-1.8338203552037948,0.0,-3.0047684135327857,1.2878813636830202
9,-0.03944459548911148,-0.871202677970687,-2.0777845544549756,-0.762362512217725,1.201627190685813,1.0,-0.9341042066505114,-0.7257658665197542
9,-1.2507105291260239,-1.5237682775630292,0.011510301181242086,-0.07589569288337909,-1.1507528889568892,0.0,-3.229776173624142,1.910918242236989
9,-0.1757405512678947,-1.3030545836979628,-1.0590755482372847,-1.6442033413958967,-0.30986465783966166,1.0,2.1636581192174424,-0.5272914869368144
9,-0.7340427619719228,1.075707206194175,0.20141359203837564,-0.5449679581733192,-0.6133875441310668,0.0,-0.2254232984574409,0.8825309396155813
9,1.5821866734102392,0.6872355075579616,0.13906788684558505,0.24915276303945894,2.1451942498704466,1.0,9.113027775474148,5.479099037913851
9,0.21869809453465466,-0.5848668795125425,-0.5793277862732746,-0.5553536564036086,-1.4020464056912088,0.0,-2.4766750617372937,0.257473261334793
9,-0.569229883413181,0.2320459740519667,1.1860344752163217,0.6735673448344242,-0.6944355416491282,1.0,3.1548328675389303,1.6572420922801134
9,1.1920963889030287,-0.08195924294187053,0.3387987096320443,0.44263047904971237,0.2254555107312893,1.0,4.985146010630094,2.9039622051586274
9,-1.4590900561762232,0.24516896026451893,-0.9228629860459598,1.2613766728204814,-1.08299228829875,1.0,-0.6127355425678265,0.26661643983785493
9,-1.0832162206661748,1.4323315269498187,0.7441097585191472,-0.13801055105753798,-1.0282372941109366,0.0,-0.2820827484484286,0.14765503609414954
9,-0.49539610016071384,0.9438668766847792,0.48617738965516755,-0.7676814379586769,0.2697938826150078,1.0,3.6566379388160426,1.6349177627843894
9,-0.4911718271484839,-1.2445157673687952,-1.2894271734811575,-0.5041665616230416,-0.6827448376196236,0.0,-0.9224480662960547,-0.21707077888131976
9,1.4990055033687164,-0.20287524079730493,1.696976617017753,-0.5128212557810748,0.6818767444958099,0.0,3.413586821594189,2.1511243542216807
9,-0.10391259396974713,1.9600967170261667,0.44401662812536574,-0.1279811162694899,1.6433103646276195,1.0,7.198361398116156,3.6071197945514366
9,-0.5968743790649443,-0.5320752343300316,-0.006071256016248034,1.3689951278550416,-0.12784749935431639,1.0,3.9866247609238505,2.3706270246331265
9,0.6524570716564969,-0.08189932359698769,-1.3055144193788348,0.32281107610669346,0.08837861055077616,1.0,-0.34134079049041377,1.046862039296239
9,0.7733015154823143,1.427434188343093,-0.9944356513472403,1.8621221910851766,1.457181697770863,1.0,10.027882741502175,4.911615147019111
9,-0.8260698746022781,0.6308540448237819,0.7997135758496211,1.8641466642401336,-0.4285751417958258,1.0,6.676760485248012,2.1958172614325173
9,0.8231471931740971,0.5798934125239122,-0.2217991814561311,-2.025012825719755,2.280300479675187,1.0,9.540439275349385,3.17110540929337
9,-0.5547036777044256,1.789066320824852,0.492808506724061,-0.8061211973585238,-0.1450752393849275,0.0,1.68354730373988,1.276593313317549
9,-2.544849060418598,0.07786895291650124,-1.3499728884698874,1.8479956781545681,-0.4576286347090504,0.0,1.6426894455767016,-0.19242456756282456
9,0.7636968475447915,0.25184523044490403,2.2252639683601205,-0.7157428932004501,-1.9645340909230227,1.0,4.885739058476398,0.8638609683970253
9,0.5673733101751356,0.03131306541852347,-0.9149138702114149,0.7847008334589688,-0.5987127125125067,0.0,0.4340916683531165,1.562505347161188
9,1.2650360713820399,0.6091569088198521,1.119800336636301,0.721507665951302,0.8730247722400486,1.0,10.117760468746987,4.500730494976595
9,-0.5868207590176312,-0.622061830251174,0.61258717105361,-0.25913401917121337,-1.1405893740385098,0.0,-0.8723780649753033,1.1851925599233386
9,-0.171779869168896,-1.1271259512412255,-1.5013007083297858,0.831629465493859,0.6541343468948528,0.0,1.0452579489218432,0.6058358824229599
9,0.9035657917059664,0.8287111635170805,-0.6456512201953434,2.0344157677532024,-0.7120798465246228,0.0,5.466620580754272,3.751983971648877
9,0.11932305296949021,-1.0026835057711727,-2.037832243899739,-0.08958311229384851,1.0232869202399644,1.0,-0.9517912606194883,-0.563629318904401
9,0.3067874533143845,0.4368401655281172,0.6691551141417303,-1.5259068622979346,0.7094961056419817,1.0,4.985631619387589,2.2165491183904833
9,-1.3950046229818096,-1.5668963465210632,-0.8232582684181806,1.3823359131129922,-1.347541450419312,0.0,0.2889521220273148,1.9904805803194234
9,0.8888874666411387,0.38520546364184827,0.8209938967926498,0.411179262485325,-1.1449877168983218,1.0,4.36787312254489,2.7045376819968316
9,-2.229381683305121,-0.22004988832101288,-0.9535251993302704,1.1796348847095162,2.9514805278064205,0.0,1.36737153854113,2.433466540533168
9,-0.6161234768798273,-0.8311018225073292,-0.11285304811633141,1.2117981984719426,0.49644450094284603,0.0,1.875382695834122,2.5797823707465084
9,1.329353103574288,-0.630135234205331,1.7872985331567446,-0.8797584879995359,1.1097641885311371,1.0,3.8748499883186636,1.3057740150851396
9,-1.1794554954102054,-0.42471244060029045,-0.16125624532972782,0.13736713440243592,-0.12310943641469252,0.0,-1.3287028828955725,1.6123725420367072
9,1.082180519442004,0.4443207357835297,-0.2481684155799068,1.7703882336002115,-0.4661825621877984,1.0,10.062544427675773,3.7414684376671024
9,0.016306900252794448,0.5028644311514462,-0.02958859341590155,0.7024629772150773,0.4140075408835566,0.0,3.7497871254134347,2.8107890776682596
9,0.23285878832118248,0.673270594637831,1.5817005935078556,-0.36450159208234745,0.18539594115367924,0.0,0.39793110446793145,2.300235087026234
9,-0.43637940277209947,-1.79665445960467,-0.30723364355020444,0.5851672002357214,0.779045290561132,0.0,-2.0641140266688396,2.149169318268335
9,0.03216837089158879,-1.1757383070902987,1.4680125613858972,0.20199992824589347,-1.0854047023973443,0.0,-1.001763539036879,0.7853002240086598
9,-0.25215529783329915,-1.1921163780744595,1.7586456104476003,0.2892211191855579,0.32046038097808655,0.0,-0.9372589326014635,1.5758797304648002
9,-0.4593626981954102,-0.15801069760382977,0.00276835276921815,-0.906744698817536,-0.8164982643093563,1.0,1.2653478250230135,0.9036563854304969
9,-0.5303250541601942,0.13482241998586492,-0.1435571814285641,0.3002822446589854,-0.23424228292873003,0.0,0.17654377058462611,1.6817037181041248
9,-0.23171143322466434,1.230956966698604,1.5748648964549028,0.5783027948170669,-1.2063228175664,1.0,4.109499594516198,1.6837498421628014
9,0.2561771765882516,0.015358995211058196,-0.8740168877381463,-0.6604457979646451,0.3019014993188319,1.0,0.22489458570840148,1.1651732464415825
9,-0.771029701046471,0.7254045354085421,0.790848665916553,0.18034370966962254,0.3857478646797472,1.0,1.6414572692900045,1.7995913048871925
9,-1.3857503152548587,-0.5663186357579971,-0.06876663755873963,0.24630935716139643,2.3662737950559984,0.0,-0.2434367499074398,3.0782865162429243
9,0.20936427805785893,1.5947663347055852,0.023892933973525685,0.9633197783196517,0.2637203419475174,0.0,1.4655736344806962,3.861133513270458
9,-1.0566039109011454,1.1080496668459623,-2.1418620580400383,-0.28555351606262347,-0.1333231248962679,0.0,-3.199422085855291,-1.9659450652754331
10,-0.24347878173797066,0.6082549761973224,1.3284678505128582,-0.3634956088896162,0.7556983688583377,0.0,3.343615076635825,2.13458993931155
10,-0.06863842179776153,0.023305837860362853,0.16787146064635788,0.6682784501383314,0.10610739119761295,0.0,0.07637164034296673,2.432805328334964
10,-0.8946637092691151,-0.7688262727505988,0.021176474712726795,0.06354306618937601,0.550919123367871,0.0,-0.1608024445079912,2.173691092926191
10,0.9174171275267462,-0.2685590050488639,1.0621739063017837,2.1927798644055163,-1.0017705631031943,1.0,10.456267500623197,2.691614543159233
10,0.5113950399693559,-1.8039216506108515,1.282937462268611,-0.32660182800083915,-0.46695501214288115,0.0,-1.4422184274622143,-0.040189737624018784
10,0.46000814200623336,-0.6301841100699236,-1.9086849807514308,0.2316055761407719,0.4028228360034094,0.0,0.41999988434077506,-0.3436019589111128
10,-0.878355039987137,-1.411488032653646,-0.5345251290574698,-0.8887217717072341,0.22897661460037702,1.0,0.3853598010461796,1.3582415889245705
10,0.42298806293124314,0.39796160285672033,0.45296453358141553,-0.10556891534493036,2.0479111205026186,0.0,4.137241406611884,3.6756148873172156
10,-0.13862307538293944,-2.107051136853051,0.4280402694789574,-0.7553020107513752,-1.57705982746807,0.0,-2.6316403102563073,0.12686897621747173
10,-0.07843055180922012,-0.9946913554970737,-1.0974744146439657,-0.8701908910420699,-0.5954484036300222,1.0,-2.0903761978114597,-0.2842581237783004
10,-0.14104345246177818,-0.5245149001288569,-1.0106476453867,0.26751837631032066,-0.719194565679627,0.0,-2.836334694227583,0.5413504618406806
10,-1.3681487077651182,0.7216695139676252,-2.025910223101909,-1.4208238767947587,-0.5930760469113951,0.0,-4.344851110818955,-2.770060502840107
10,1.0119712320004437,-0.6217408573451101,0.28095150542129615,-0.40508264375902187,0.6566286632461744,0.0,0.36881209884121136,1.7929721377902061
10,0.13934360250956646,-1.0064727017720148,0.6038052841903275,-0.13300711487535352,0.9337693637006127,1.0,1.5299090757183673,1.951654704301885
10,0.49525328006770736,0.017081121093336336,1.871412451819604,0.37675991743717707,0.5668632334242361,1.0,3.9162780297786104,2.376035725918891
10,0.3479288987193635,-2.096967194253539,0.626382018195815,-0.6011274389166105,-0.38959116130828997,0.0,-2.4464038179953818,0.023870804896967912
10,-0.20741108142053913,0.6090577413665991,0.8308918731419789,-0.05202249723743785,-1.1077494315423797,1.0,2.571466983588563,1.5842753279469217
10,-0.3562279841177979,-0.21996765494196682,0.5349729455294442,-0.7898620781828007,-0.4389742674971843,1.0,-0.15745733746057666,1.3036115371252524
10,0.4635084696826229,1.576136546199195,-0.10326735548281407,-1.8229555984088248,0.9417473479357031,1.0,7.004992172938252,3.2528100069653383
10,1.1858353051783104,1.974127093478249,0.27472721344610834,0.6197804963189961,-0.23593725730205545,1.0,10.077789250654522,6.2127552660875915
10,-0.5751922223637789,1.874769586309813,-0.012535535113425537,1.2689380684817801,1.297910359562665,0.0,2.917067469624643,2.848513674877537
10,0.20044263630412323,-0.667705036334695,0.33683501843537855,1.0877572616772615,-1.124327749124055,0.0,0.7382655849758946,1.7264699301535553
10,-0.6180246995289154,2.1692776523514796,-1.1425507314809384,-0.9913498238109034,1.2641569491993467,0.0,-1.4426981039035947,0.41536297200169126
10,-0.6134609266837805,1.3366339073688995,-0.11216146563673274,-0.7733872475622835,-1.5592894475390695,0.0,-1.9713655935198315,0.3129112287909779
10,1.4884024934591242,-0.07286036116213565,-0.2764939352356046,3.258067653571324,-0.06563597196731367,1.0,18.55717973587774,4.019312846356017
10,0.5573894495162389,0.8355261796747645,-0.7739015036409931,1.1381629243380926,0.2539712615499602,1.0,5.8321785629438665,3.1864768714829745
10,0.8331070995806271,0.7808570713321792,-2.1891531518689256,-0.8818924038654148,-0.10165491146124411,1.0,-2.8388452010385636,0.2914723896810615
10,-1.250092095259154,-0.7074578412454828,0.7183939958236373,-0.5150200592658836,-1.6930278281140216,0.0,-2.3766061741860365,0.9136492747152805
10,0.6170042175023474,-0.023797119840495293,-1.7289365770999474,-0.9505581003409275,-2.0921304860824774,1.0,-1.4329127954409597,-1.2613738927558509
10,0.27578242547904763,-0.47207426996045787,0.05108987689857053,-1.871254715485715,-0.39560889825862744,1.0,3.938390337571181,0.6624726182506872
10,0.9447839372899185,-0.038071991689621866,1.075598572165501,1.434689922958406,0.8734083258426047,1.0,9.642999217893898,3.584440236941818
10,-0.47705091496742397,0.07091847979543836,0.09055626118025396,-0.6910725842233061,-0.7055962505872395,1.0,1.7152858213041924,1.1059483529039844
10,-1.8433610861123348,2.104668961590676,-0.6978176843330423,2.330997200080181,-0.5501176463371082,1.0,2.5621324783206596,-1.4412337392605412
10,0.1103910875947422,1.352894763404224,1.590706346294843,-0.9462233504486727,-1.2842493025680906,1.0,4.144482225276628,1.5411985923640055
10,1.0239301087663522,1.4164798330319184,-1.0575360120070274,0.7509103248087029,0.5408526723506139,1.0,5.582222680542435,4.278714882068289
10,-0.8095032090797375,0.3079543557828613,0.24606579305006987,0.9330491902884068,0.6471251587196551,1.0,2.4740346367088675,2.3829338643040523
10,1.434986295535897,-0.5318406075561504,1.9568316252965525,1.7803130257635698,0.277322690836821,1.0,8.929523252166504,2.3191040833512027
10,1.6437632794870727,-0.9591486108266927,0.029643984964473506,0.12643767632418026,-0.922396064662664,1.0,2.280395886294816,0.3820975158482264
10,-1.7545850257752151,-0.09870203106643148,-0.011620731311159146,0.4361074800239446,-0.33922644401451496,1.0,-0.34965045360776426,1.289100209712807
10,-1.2888746669636149,0.1343374665255295,-0.23280184005622725,-0.3964445704047115,0.6111209674882542,1.0,-0.5026419041193604,1.2135483383616417
10,0.08937143311589942,-1.0809853826436808,1.0939717342873736,-0.9250649623099928,1.2485080394621766,1.0,0.5157274921848041,1.5752514999760503
10,-1.1407656184067407,0.08593001935509839,0.3568847935550425,-1.6083692632061515,-1.4274061088309045,0.0,-0.1711843314377776,-0.02789941277821839
10,-0.8586555061090384,0.8279535146071817,0.6075030170677258,-1.3524049952045352,-0.08767009113240784,1.0,2.1250435040737967,0.6785120269039101
10,1.3912765851455962,0.6128566996850704,-0.1366877171821177,-2.725433063224811,-0.8291641374942174,0.0,5.5352128548851,1.9997501294821218
10,1.1289862789146419,-0.08796767998692086,0.40712736015189555,-1.272161798039174,0.28624329232384277,0.0,1.488063399663713,2.050061521204815
10,-1.5029087688685865,0.6812283352835729,-0.6257257817379114,1.1858906101777362,-1.0848501749177586,0.0,-1.5589962571855933,0.11353132430488799
10,0.1620774158535392,-0.9833934905285369,0.35718814959556544,-0.4586416224694912,0.04407918910948073,0.0,-3.0280548921096275,1.338152610053233
10,-0.05729121350370774,-0.3942902243982736,-0.4458760607778616,0.704243281490743,-1.6498105691473453,1.0,-0.9993426091427088,1.0033101840702032
10,-1.6382521632805425,1.5255013181416606,-2.485710832266815,0.9938669386962036,1.113055347613438,0.0,-4.531150017989228,-2.5374359803018205
10,-1.4160494779233128,0.44736058342440455,0.6293630517918277,-0.9124381745356062,1.1832773791180906,1.0,0.0029545551975527218,1.1406745594112144
11,1.6994682807081014,-1.0877701993396678,-1.708268996390162,1.040211380691355,-0.8049544222591394,0.0,1.719875446822335,-1.4163279974274539
11,-0.45979340392693596,-0.15562135526931645,-0.8740696624628618,0.600717593096144,0.0649347974355432,0.0,0.021327213902441133,1.301348312290799
11,-1.271019299662147,1.8812026870935472,-1.3937770725530039,1.022090582788108,0.24276541687284736,0.0,-2.2421105176143876,-0.9743175700724531
11,1.5379395962896245,-1.1697413348672554,-0.3035807992242269,-0.08252463596505479,-0.07015332241620681,1.0,1.7425888506496414,0.11125040374516626
11,0.0242276787533732,-0.6566919480186261,-1.3517471331709339,-0.359112666934451,-1.3015254119274913,0.0,-1.1090686331213404,-0.6210332271454496
11,-0.056743636263252344,-0.7317454616753438,0.7759699844356521,0.130985047794931,0.25425531090340725,0.0,-0.8234421188826533,1.941624505283625
11,0.15935580703284877,0.709311232832577,-0.8550873391211502,1.3577004698749784,1.5495260853952562,0.0,2.681086188348636,3.2295885956281203
11,-0.5908512925001449,-0.9863464705467253,1.200847469063169,-0.3231312064174616,1.3772472013504247,1.0,-0.9578407628273746,2.2832346876069676
11,-0.2661206978955207,-0.45062266469418305,1.647821079446536,1.1501806281196307,-0.6428552008957069,0.0,-0.4670828952098973,1.762172977051232
11,0.018878352665876917,-0.42087433598612595,-1.9922558334367093,-1.089246271941418,-0.007316234553432553,1.0,-0.14386872714636267,-1.1624452534307073
11,0.06775042024490775,-0.05113471911073448,2.087316785331208,0.12137768205034617,2.127360056375889,0.0,2.3416634400117493,2.679013190531463
11,0.45670280614927883,0.26296049562218193,-0.456515005974834,0.6165981846896398,-1.009011590671018,0.0,1.7953477494162189,1.9530564507032837
11,1.3417568164476543,-0.32371797296737637,1.0698605435032429,1.6418602869799144,2.9227379619317286,1.0,13.448177674331966,4.3721445767806495
11,0.05169771964058414,0.22937778779978021,-0.2035248255257764,1.3892013435312849,0.8188810670979264,1.0,7.062446212707591,3.134035071039462
11,1.4251628296412815,0.8052119238538716,0.7521361690754682,1.1436583069419082,1.230290845340814,1.0,11.538737046776111,5.556019246201197
11,-0.9319251098195956,-0.7905824515059466,-0.417383550129483,0.65772453031096,1.535199920883185,1.0,2.77245308386706,2.677433006275439
11,-0.3664259092722816,1.0570924283270653,0.8213199827046544,0.8125553979262385,-0.5930407960146341,0.0,2.3798063079836065,2.159660010983529
11,-0.5122740840144211,-0.14179490500556355,-1.535561616948564,0.04227502560741782,-0.6782605196763491,0.0,-2.14903075057824,-0.3049427751995494
11,1.753204550555618,0.5578119995397035,-1.1320546812553336,0.8153035682324783,-1.0525399908625273,0.0,0.8861901386489605,2.87362188889982
11,0.8594018600987727,0.9092220939936371,-0.7709090669112922,2.438164731718638,-0.4906123169787285,1.0,11.60254791975437,3.9712983493268124
11,1.6924439139671834,-0.8412215333541625,1.5707673023513908,-0.953308185245999,-0.016831547806000942,0.0,1.4749784151126333,0.30223373497631334
11,0.6058097432220441,0.9290176924265541,2.6861160867859373,-0.7868292186662005,0.48501224426893547,1.0,8.61337260994007,2.6243197506848066
11,0.22525497937349967,-0.5647065743447729,0.5725536950076554,-0.8404076603645417,0.4844446543583476,1.0,1.8804195641355888,1.6518867550828085
11,0.4834311408350728,-0.8540069757732527,-0.8867171873735533,0.02270744357543531,-0.1787567733119303,1.0,1.499737374262741,0.5124348687937165
11,1.11159481556944,1.361848548855219,-1.3376085056792182,-0.9620398325195243,-0.1203954321473755,1.0,3.6711153378510524,2.7716038177332702
11,0.2210261539540794,2.8260560179219927,0.1409015820152406,0.4372896679396741,-0.7981937971421251,1.0,6.438767939670418,4.028261889063104
11,0.4742122056600602,-0.906504763983153,1.175111963288607,-1.1177410417423042,0.4410633650855832,1.0,2.147736014066087,0.9886350043955021
11,0.27552223095888306,2.2826495695541005,-0.9213456970102244,1.2682324590773102,-0.6701611476666997,1.0,5.96535927052217,3.3511183790628394
11,-1.9959405040542053,0.29429382395844905,-1.4672084645802423,-0.42009915886286364,-0.23543281041093084,1.0,-3.4010476836190024,-1.396183816035742
11,2.3050778678710233,0.9587245828495614,1.701793895085225,0.4756014619603957,0.06972936437047542,1.0,11.999671271051088,5.834775174722255
11,-0.6887159275036326,-0.048660096804743334,3.1552013257850082,-1.4233949091699634,-0.030294727742779488,0.0,-0.9690616941268482,0.515673412535643
11,1.3857926762548882,-0.3564922350811989,-0.9314751338595677,-0.24934963829167817,-0.8809871632864921,0.0,0.9678833421118826,0.5863707599003618
11,-0.5367906158296724,-0.7214552425517329,0.5524393198212127,-0.9378311138593902,-0.792210688029944,0.0,-1.6391760655741763,1.0205932193451868
11,-1.032771454469954,0.47172431472773313,-2.5049268520530696,0.995706430099558,1.7555112871272565,0.0,-2.0530012262316686,-0.4486440078355689
11,-0.637004744019922,-0.2064635058892209,-0.23826472233205614,1.3232085746000295,-0.035337860135018176,1.0,1.7471936719643153,2.206336096094052
11,1.2854082080269118,0.7603429403948968,-0.19738922858526686,0.9195468607902428,0.5185751041796441,1.0,7.608400064524323,4.601174916236546
11,-0.8564648994558037,1.4470552867376478,-0.4433580716623596,-0.10809622039177216,1.2148884225052536,1.0,1.603482953655543,1.290976427587411
11,0.20812002180340253,2.2634576154769457,0.472733544426933,-0.206046064237482,-0.16094692234915092,1.0,6.838498809048509,3.650056919784875
11,-0.8543380126307819,-0.4336785796491312,-0.06160014450613727,-0.2951579454729026,-0.18206484625749833,0.0,-2.6474779272035054,1.4551916425731475
11,-0.5182441074838932,1.8320972375647209,1.1518324902630617,-0.35101677675886317,0.7855477167477988,0.0,3.223049620786421,1.9074488073938336
11,2.4750989493766684,0.5330511174420016,1.680667743270493,1.4395350887774199,1.2105353333305162,1.0,14.8834306686778,5.87914788329148
11,0.4936169821398281,-1.0057300307515638,0.4444188168512191,1.3171409012341877,-0.8734852153144148,1.0,4.060596550519418,1.5943959922618474
11,2.9159061196053484,-0.1543349886855839,0.4685796778463635,-0.6097639859260421,0.5304856283557884,1.0,5.397812319961154,3.017620520736782
11,-1.0392486780672285,-0.16904778576404458,0.9049824092795866,1.6014999316394367,-0.4323019071600498,0.0,2.5594227565216414,2.2263240864721867
11,0.14497583368894845,1.1846551612752714,-0.5174442099893933,0.6721252294921125,-0.7413815043271889,1.0,4.05910087643861,2.412297889974508
11,0.19584693036737824,-1.340514452086012,0.5959686641876826,-1.5561498202676354,-1.078529669741146,0.0,1.3619536942460415,-0.02661964868699296
11,1.5534031682159148,0.4738107900294507,-0.05486922001630301,-0.4001898185093984,-0.8862877901522243,0.0,2.1658112291422125,3.0774478091223934
11,-2.5532708129974973,-0.9374976763816706,-1.144079630894396,-1.8170466851148497,-0.035172186124086194,0.0,-0.42273006416751213,0.5640361084715813
11,-1.267723020858711,-1.3588197257753254,0.6411672772270762,-0.09320088894546487,0.38240012184254585,0.0,-2.624181041829652,2.675917048268979
11,1.1697886677686655,-0.6880381068015379,0.7479385160331253,-0.24931568292697995,-0.8336169382099294,1.0,3.394871558619826,1.0016115481213115
12,2.0408971950817603,-0.4056147897139892,-1.1055481619824528,-2.228363154655404,-0.8080619130513863,1.0,6.118540033242737,-0.6325188960753824
12,-1.077268436880727,-0.8993090998133098,0.657445616087009,0.4155464569817407,-0.7492763770035336,0.0,-3.61763727867685,1.9339221762320387
12,1.9844589084330486,-0.44204413748860205,-0.770113458972768,0.9285838551874033,0.48937738225905286,1.0,7.25265869816641,1.9357445303504281
12,0.16176273907191865,-0.010187321918574207,0.19763365169199182,0.1572477240324099,1.6763150461847356,1.0,4.204799076653737,3.0702719446799196
12,-2.0063297292413163,-0.7239807120262383,-0.7391864106423491,0.1208961215232596,0.8508130841572034,0.0,-2.0763928119226835,1.9426671105524145
12,1.7853217385775795,-0.03854826212258042,-0.3123604113438864,0.44661285120479594,0.2929120807593258,1.0,5.545293532765048,2.969758801892261
12,0.12566494975070613,1.2860663820660116,0.0285130122707287,-0.42351139729968423,0.8496522585031094,1.0,4.050066122032259,3.094399601528536
12,1.1132545566637169,-0.0797649580808908,0.286545143954533,0.19125768397387866,0.01704346343269217,0.0,1.943445897750924,2.634595320439049
12,-1.0715998325679206,-0.29900167494813196,-1.284220264752919,-0.01900848384020149,1.127370217101808,1.0,0.191767581651211,0.829849713087806
12,-0.19452605123159858,1.6907045477557854,0.243404591798413,-0.054346894305808614,0.0364931328968164,1.0,2.6658418053346766,2.50250165048269
12,-0.3338417907042931,-1.21880335402255,1.8818309626656142,-1.0275081592014847,0.8769168836691488,1.0,-2.259227619278245,1.1901409739648168
12,0.16860450273284558,0.26302144864088356,0.27696606376198973,0.20114147999214652,1.4062450396557833,0.0,0.8479901058071161,3.164225327245933
12,0.48331701067587884,-0.4689765131996076,2.0702549072268472,-0.7258041242121207,-0.10198316562030643,1.0,0.44483974365813483,0.9227894030109209
12,-0.0751811554299764,0.14269260145358406,-0.1426067422303526,-0.20576097994411713,-0.5107154449685039,1.0,1.038590017304732,1.5833352241774672
12,1.040330895987256,-0.32133340357455276,0.2757443493065301,-0.22787182128689532,2.0239487312354885,0.0,1.2558547298567988,3.023339113436591
12,-1.139032656664804,0.339429287328347,-1.2945658636244834,-0.8961985579540057,-0.35499617453188764,0.0,-1.639876569178313,-0.7865720657680049
12,-1.65427127898219,1.0032892618260651,1.6214876200757182,-0.8203094305883968,-0.9900066694902901,0.0,1.4392598569255033,-1.130287445547384
12,0.21112323935612698,0.16702364490436913,0.023835082078559208,1.1158515473209834,-0.17027402797557914,0.0,2.179361315127991,2.7087582736823346
12,0.19074085609054356,1.209089483196194,-0.019023868853803874,0.49809888809486613,1.4811781760868403,0.0,2.398877111990058,3.910483582086465
12,0.43533545028330345,-1.5828923285448258,-1.2285031262962638,0.7288245403433867,1.772266577391473,1.0,2.5784232243417664,0.7090745508412093
12,-0.3934486722055417,-1.6138766851899677,-0.7882350474262879,0.13526250469000517,-0.44723112468666076,0.0,-1.4286689831596306,0.786311085060909
12,-0.17604119262364298,-0.06212873400542942,-0.6216975317733892,-0.3524044497969647,-0.18772594502120415,0.0,-2.156960115044518,1.1238292486684194
12,0.589542222140375,0.10835110491891495,-0.7557280195401899,-0.7981114512066841,-1.0505642473365655,1.0,-0.6031456043550085,0.838394802342008
12,-0.046342639862791135,-0.5742369398965959,1.3163729480224926,2.510108173430442,-1.8265763553053407,1.0,8.575168484690161,1.9679616404286873
12,0.776372682913172,-0.6590848696289947,-0.1495126176293063,-0.5529933723496407,-0.7328932216305549,0.0,-0.6051150987889686,0.8180926063433153
12,1.6824072526871117,0.321189566285049,-1.0056453272162715,0.4734645719633607,1.1309496486989676,0.0,1.7496078488011109,3.3770978544440036
12,-1.4443098563575576,1.9197541523635007,0.6920921039746962,0.35413675576568354,-1.2313062800300878,0.0,-0.6662827035186037,-0.8576237800165987
12,0.027661539412055982,-0.978548043970891,-0.22521349253125136,-0.3969404231560832,-0.17468994969863094,0.0,0.4862832440611064,1.073813123054924
12,-2.081918076116042,1.8162617814627597,0.32343639353723536,0.4182619090684458,0.7662709831466469,1.0,-1.6118375344935403,-1.2120028971828556
12,0.4037244341644367,-1.128553835370764,1.0106722014149196,-1.9420556303069634,0.9089931261421723,0.0,1.1927094700229386,0.7020567491039171
12,-1.836099001650359,0.17858415771032946,0.8530246443738657,1.1880444747805372,-1.1833908523120633,0.0,0.2162268259699553,0.9298912921509033
12,1.2031615169638175,0.5473696561607414,1.224358368783727,-0.99954728306311,-0.0978937773068664,1.0,6.221770326236488,2.936847900734603
12,0.921409044097004,-0.6749501126411075,1.1364274784772832,-0.7234815961227937,-0.6601289854665395,0.0,0.2784689475743685,0.7985707209869315
12,1.9717898885258704,-0.5381011288036961,-1.165143188228711,1.2471651160238917,0.5167628686526711,1.0,5.872478290464634,1.3498333908132647
12,-0.9229212914507269,-0.5769987874424272,0.7503245127118654,0.8889065575460035,-2.431378564788302,1.0,0.44426994201392944,1.117958309268722
12,-1.246837497645407,-0.27037608786103506,0.1725523817804902,-0.35442975679778904,-0.46108376631154174,0.0,-2.1706081174817515,1.2421774204577303
12,0.9899405530590698,1.4702819717518958,0.1364065615125384,1.2981130309960522,-0.27797855925477577,1.0,10.250698791115049,5.254584568809778
12,-0.4852285028393696,0.061482736509960466,0.524116448027563,-1.1606146496185643,-0.2833430562329584,0.0,0.08711747796879879,1.1641397632766917
12,0.8556418331370702,-1.3012482691743523,0.47328949384505936,-0.7237695250102564,-0.4862637369666272,0.0,-0.972987058457411,0.18549614402322778
12,0.6688537914635041,1.0269052567563441,1.2870748020799883,-0.13553225221760404,0.494630307049544,1.0,7.677515255982432,3.6377457451699593
12,1.7068721912859226,0.3446805743830634,-0.8114071597685535,1.5795120145156991,-0.31943106600329874,1.0,8.043016183006815,3.5269175273754363
12,0.7391077159922806,1.6722372399361647,1.414014936789686,1.6894096791861346,0.6780119207121009,1.0,15.618695524034091,5.488494080589861
12,1.2213253734185985,-0.27604629441772033,1.8047788122741728,0.11618053376940696,0.6897486193514845,1.0,3.2570858084843475,2.208997860903507
12,-0.922280667635957,-0.3201990676510572,0.5396683499356678,0.9067936855818529,1.5345841123780717,1.0,3.2991449425642174,3.022475763618877
12,-1.3192539363344136,0.5472386590055729,-1.4618817050919553,0.7468489668737176,-1.4206940250898932,0.0,-3.031207074306032,-1.0671183573158545
12,-0.36457157832956094,-0.6464223420527266,0.7996032517835637,-0.9363215711642029,1.7600985873543957,1.0,2.7175430437535093,2.2388516515606973
12,-1.1169551078555735,0.41690628552655884,-0.3218878916760674,0.6308186560575549,2.0503295093421086,1.0,2.80636889150116,2.312579979824085
12,0.9019065783189695,-0.09273919635473807,1.6191134026384373,-0.7696218143653503,1.0853418391270828,1.0,3.0251894089586218,2.2400600350735727
12,-0.5766437715743135,-1.360042917300433,0.3127495870217843,-0.7651568943406252,-0.14401794863514197,0.0,-1.9166963994211585,1.4691954906680869
12,1.1286896662806725,-0.9913416319842198,-0.8751569575998825,0.9083819742785871,-0.9704697600531196,1.0,3.261630596974199,0.12201096816881674
13,0.32938529108121334,-1.430902551506146,0.36854099881909214,0.22321286146485939,0.09117484886065462,0.0,-0.44099111604317787,1.252241421369075
13,-0.8624614626569261,1.3577243980533351,0.7991585332910884,0.9890830040592686,-0.6025675101953633,1.0,5.226308087417125,1.366793604933255
13,-0.6337310625585161,-0.6047891495446122,0.2849557706402408,-0.8366415069431417,0.3711103857782039,1.0,0.6431325154929174,1.6333999761836526
13,-1.3605519799954415,0.5310298745902131,-0.04184203104977211,0.30684687637419417,0.6915742880028486,0.0,0.9059973543064526,1.3401595165763143
13,0.5973942101479284,0.9590739265995878,0.45888649006007604,0.743799508527244,0.2533003896026182,0.0,3.253429996981613,3.9757187558667924
13,-0.9818783337426403,0.7347401107225401,0.11633570997536537,1.049385881435457,-0.30081177485881766,0.0,2.0508093925063626,1.5807010310110996
13,-0.5029539180996205,0.008929936026354623,-0.4073894273880271,-1.4877721307682246,1.6515950068783234,0.0,0.14069096685203641,1.5448716821123185
13,0.3190165787000187,1.8303376907406148,-1.0295225926935088,-0.7746634431305347,-1.716996672908104,0.0,-2.1040942187228904,1.4132219154075294
13,-2.504722855018585,1.4382772326075715,-0.5190640044112216,-1.1565593947176216,-1.202421216055445,0.0,-0.9468752474326507,-3.7064470980786464
13,-0.4223961685074205,0.007446439463382416,-2.337297295612098,0.0418586352640428,0.6765839647275994,0.0,-2.637445178719922,-0.713666550300516
13,-0.9418187849583923,-0.33518158210581295,0.4250863344092983,0.8530874079193497,1.18548743166366,1.0,4.884493697923128,2.8200138459510518
13,-1.7039193388267309,-0.6263418439725952,-1.347470432808684,0.02160132451711322,-1.4232870319614397,1.0,-2.246828488062058,-0.2509985392900229
13,-0.09311516189291584,0.1348231286965487,-0.4849082812658659,0.09772063028681349,-1.0960415350475594,1.0,0.6226198660488231,1.1514030183609747
13,-0.10790979605949504,-0.6004948047290616,0.19071443464386437,2.7498850961102477,1.0381498952887616,1.0,12.773305355370985,3.6818407417158845
13,0.27163706179460984,-0.06074072340384301,-0.6030717687954423,-0.7862796730386912,-0.6199462193534364,0.0,-0.30046925916549555,0.9078971796390783
13,1.525818119809882,-0.2382991959819011,-0.8608139530610953,2.2641074995945605,-0.9940295948090059,1.0,9.413284122445956,2.136610610442888
13,1.0626064037220408,-1.96244260775569,0.02843434104882645,-0.13067497165424433,1.1541849470910934,0.0,1.3717283901958945,-0.009654254351203262
13,-1.0034884699422388,-0.8053716026304818,0.23248263112413478,-0.20613625828473042,2.100492021162436,1.0,2.1695368647122613,2.940267688890314
13,0.07754253404764236,1.0027429620223707,1.4288159079323408,2.5063791109042968,1.7077934259193577,1.0,15.242546446118945,4.580896082837845
13,0.8649342229747856,-1.416825580337753,1.9902500070861426,0.5848501046036649,1.198963728155259,1.0,0.8935829204869276,0.9783637550715247
13,1.9539554729721644,0.8894875565090204,-1.23848886547899,1.0750819391460928,1.2210268994578108,1.0,8.23786972728035,5.014775700389752
13,-0.41413537091190095,-0.9640220282350289,1.1697638015154617,0.23167633528028264,-0.3687475390188866,1.0,-1.1671766914598436,1.6168723728641243
13,-0.007519184706110561,0.22326845168578643,-1.5916163924511861,0.2918265506753758,0.8819329873867322,0.0,-1.3429099723356206,0.8764488480425942
13,-1.828982634067869,-0.22732695741408826,-0.015490639661923721,-1.0003087346305646,0.6951948053026654,0.0,-2.1804967663650308,1.227199999570575
13,-1.6495309179121513,-0.265175963984722,0.2632992582919234,0.02777472161411005,-0.5913447661346201,0.0,-1.1764001848556451,1.2954636621244098
13,-1.6280416720762672,-3.207774250790573,-0.41320172668711613,0.4602919637171695,1.7866832348935056,0.0,-0.29836766484320043,5.637208815579143
13,1.4603784506791608,-0.6027357262363788,1.5144818370822706,-1.011461077074727,1.7988068240833082,0.0,1.220043770647054,1.7557976174210876
13,-0.44525501794159805,-0.9287837957092674,0.883537741001308,0.7958872388233964,-0.0864805678913141,1.0,2.1274438468886196,2.157418932952817
13,0.42587830662545195,0.5467996329820132,0.20412801726582755,-0.42768973419925094,0.19675738413790003,1.0,2.2878267092879456,2.6850450244930713
13,-1.2100943040495196,0.04851991732588775,1.647536255465748,-1.3030723298324485,-2.1084293078318948,1.0,-1.0468556771326292,-0.5981481904430612
13,-0.7089670936476434,0.19329760633609544,0.06277030566681142,-0.7498757333073426,1.3563894600578768,0.0,1.0300720591340895,1.9377962215112505
13,1.2529180594357212,-1.1432870491019957,1.572202343943848,-0.5967688293551551,-1.225591337388441,1.0,-0.9637887753847207,-0.504114413857572
13,1.6369479007589902,-0.08434878699623599,-0.06766028779737317,-0.2557576876730166,-0.22024293799148217,1.0,3.8734937748843166,2.3641064461606325
13,1.5774742704023412,0.6219238364406084,-1.5216840591394056,-0.6126802679719419,2.1553742448817053,1.0,4.9831118288829925,3.1403653892250114
13,0.23250213691315527,1.3335875019377033,0.8427377713885177,0.7533288535449666,-0.2685221296964207,1.0,6.909810454413692,3.422300675318452
13,0.025378856871092068,0.1125988115064736,-1.379193551258938,1.2438500318580652,0.12024159471352705,1.0,3.3001175628530994,1.2547280850543092
13,0.8800369536847042,-0.9305537488524185,0.4976436119579595,-0.14124041419594646,1.6328741492890566,1.0,1.8261441666339804,2.0291684265970273
13,0.8051067727531094,-0.9326050542109943,0.9459209435631872,1.7472585602407975,1.2148749062746826,1.0,7.460840695932936,2.72442762765582
13,-0.9113369878341516,1.7351142743264925,0.4087400313134815,-2.2113562452137336,0.5589112130421879,1.0,3.659444312147337,0.12638465648529928
13,0.8340302548607657,-0.6328836175723057,1.4838360980337117,0.7424113671985194,0.6142983173009029,0.0,0.27254515095891296,2.079852795189172
13,-0.5843416492411136,-0.0985541898033063,0.025509629330162677,0.23151672295243306,0.43652155999098313,0.0,-1.8009132609442862,2.0625900014735388
13,-0.151674075215332,0.7268525979122382,-0.1471812142767692,1.364406552930471,0.5946383327261876,1.0,6.294584683981718,3.0724647847208617
13,0.8968812146552119,-0.05480297045490319,0.020927600021322292,-0.9305944955269335,0.1475207030649836,1.0,3.51813665252545,1.9905952969422924
13,-0.31761623595915506,-0.9491912307560373,0.1936530987058518,-2.2178331631924038,-0.17884498521190081,1.0,3.31292585014853,0.5478700516984243
13,0.13248775429054047,-0.9874310653461951,0.22404527760451998,0.061875531453624184,-1.054540974474249,0.0,-3.556896400259819,1.0324024048169012
13,-1.157300622427315,0.8660333033260671,1.289221271813638,-1.2286033683087711,1.030304665151527,0.0,0.7582598006310011,0.6754357640979263
13,0.8615001031557031,1.5594258881062146,-1.4217200480683596,0.9800763002674363,1.3577611683097686,1.0,5.650521648693761,4.160491989321912
13,0.6472761239344639,2.385231023561195,0.3097693412757316,0.6390007986452249,-1.3251858650558712,0.0,1.9008684478030538,4.82435271178658
13,0.37917050550419695,-0.3573302163882321,-1.2123745552421588,2.1917334004499627,0.394898310411323,1.0,8.857076613403635,1.9133563797620072
13,0.8251681651580152,-0.6690018026312561,0.36565907258050734,2.303595512736318,-0.5021171199806788,0.0,7.581359577090529,2.5435012267751227
14,-0.5084366454749135,-0.22617277222682505,-0.2977977400358173,-0.21709784360275944,0.535437045534783,0.0,-1.7668962613818573,1.7139455319596135
14,-0.007635115982845963,-1.148373976045922,0.23996968622185752,0.36779191219567836,-0.4391934523745644,0.0,-1.6246693278060127,1.4863926755763108
14,0.5465666545255026,0.6500946657578954,0.3731445470511836,-0.9450847558486701,0.3423592198591432,1.0,4.351888032456327,2.770045853495766
14,-0.3569960792997831,-0.06280372349589437,-0.07009327657619813,-1.9954469694131227,-0.098021072402713,0.0,0.9383457282897631,0.7282845943439602
14,-1.5896555593965374,1.114698555038458,0.5889808669460541,0.6306367080618835,-0.5105206036278356,0.0,-0.659473244680903,0.176590481832401
14,0.9602285296602334,-0.13250757726250337,2.474961646946298,-1.6158890431431887,1.0159087893216474,0.0,2.9487159367581013,1.4382043053188625
14,0.5263939354191345,-0.4445792815638446,-1.8848241965347223,0.24406522045165843,-1.2529675534948632,1.0,-1.994034702010412,-0.9488718025374607
14,0.37694134716881933,-2.61564517681988,-0.36622310889347653,-1.2027024645733295,-1.4960695420037238,0.0,0.07047789437852217,-1.7041078145322932
14,0.7640021423525344,1.4075847389488625,0.32187193242298656,0.791026780746082,0.5299584399483874,1.0,8.741757520564535,4.931264681269286
14,0.5063519509269405,-0.7557404562759902,0.5604372367121282,-0.21025912781539252,-0.8159471956953657,0.0,-0.9775455996417532,1.10677332542311
14,-0.8693858951190298,-0.36178016824584075,-0.5871392061711185,-0.0010515679907619484,-0.061762176923626864,1.0,-0.09111407697792678,1.2064959790259926
14,-0.6238533545207966,-1.6917569217925155,0.005992375198237425,0.9989074748026746,0.040397793977614484,0.0,-1.3436534396509638,2.420233960300113
14,-0.5162039088630852,-1.0594796884624482,1.2698749803467761,0.8602736655755324,0.1567441174251345,1.0,0.29902383654350606,2.198912416543659
14,1.1707426133992573,-1.1534042074469064,-0.367554488638613,1.337690569417505,-1.6825680082647803,0.0,2.202681383430797,0.235322674570543
14,0.37187102962161145,0.732255469829887,-0.8582799239971155,0.7732456189207556,0.4753856165116374,1.0,4.199015736297224,2.6732835501121883
14,-0.2664022114923966,0.334809002135784,1.9645311376339365,-0.1960411505853542,-0.035909400142869426,1.0,3.058540319774485,1.4276597142889524
14,0.0394347235022249,2.459734352754801,0.9251536619538326,-1.0108328025999636,0.2730418264138523,1.0,7.915699330471025,3.041976692752676
14,0.37097699539789203,-0.9024005788512198,1.9529876225228997,-0.18427194023258484,-0.4140981269972699,0.0,-1.1980950140994417,0.7038725744375578
14,0.42639063770881974,0.959808038455476,-1.0836815488871763,-1.2452186068976632,0.14279930131685595,1.0,1.9729501058560437,1.4773802790271953
14,2.17965136207278,-1.8918466055959744,-0.5767447451207381,0.18829821649153206,0.5456697750321071,1.0,-0.9238470452313783,-2.062809856782881
14,0.39379838576684434,1.440497533073518,-0.027083044738378005,-0.3065496550435487,-0.3006670003289163,1.0,1.9308706725658258,3.1668969893505965
14,0.009569466100905186,-0.5783438228138124,-0.3341696062242717,0.08298928411411328,1.4053547169550789,1.0,3.3267209517906147,2.2318485693216528
14,1.608446218820853,-1.0261439901426606,-0.14967356122861888,-0.35775946703054357,-0.3324330305622074,0.0,0.5216038724971958,0.2095404716703988
14,-0.42132244829268406,1.160383162351577,-0.5314776183511574,-1.5338191243096584,1.0939404828504704,1.0,4.925949087523255,1.2570158957418753
14,0.624117087453223,0.6471676430210663,-1.034338626840861,0.45997947552270607,1.091727557152614,0.0,2.158766949353832,2.8093294634588384
14,-0.4217033566097555,1.1239590537713973,-2.6044583829679184,0.3304466094480802,-1.53970127897887,0.0,-5.669253331888628,-1.8888845153755895
14,-0.08993314570221679,0.7590025824247141,-0.06881966902620194,2.7766202045352415,-1.0531875779344881,1.0,13.755180177164984,3.091214568373609
14,-1.2744017086984285,0.5871171878758099,-0.8285564014593422,0.955257285005796,-0.3292004154136984,0.0,-0.04601292779177113,0.482825159359052
14,0.8376811246099952,0.2627778553346342,-0.1625507506904761,-1.6923510519421539,0.4859387888787712,0.0,1.8504983317576198,2.0726897236544266
14,-0.2521055702919498,-0.5030962057171702,-0.029658774989875385,-0.27155991802044976,-0.03138417256783172,0.0,-2.3757864562381035,1.5824912458329967
14,0.722213765498722,0.18913524640604842,-0.29845303972589127,-0.4111352846398529,-1.7565234604867255,0.0,0.5635854920472193,1.315007195883759
14,-0.7952966314062698,-0.726953116627151,-0.41670016408368354,0.7872060789379197,-1.4924950532737096,0.0,-1.7193937327753546,1.1704534308057022
14,-0.44881101269766616,0.29428187147893803,0.5367678471712041,-0.9162160991949834,-1.5320794074085176,0.0,-1.3345364922742184,0.6942606193310012
14,-0.2902728862525814,-0.5072166657135475,-0.13563981398755512,-0.2292321454945221,-0.3222025336376083,1.0,0.10697832423620707,1.395764238597388
14,-1.1252253493275288,-0.5809481918888377,1.3096905483049288,-1.053305022291352,-1.12259260371779,0.0,-3.292546456744602,0.6256563304520457
14,2.5541488073697063,0.2987260724097295,-1.1322324509346595,-0.8408968038099053,-0.26047933697160874,0.0,2.3429155833713518,2.4972636761758817
14,-0.5471548766887935,-0.4322652909258137,0.2948656554889673,1.2686018007024515,0.0007682943780795329,1.0,1.6258906604433103,2.485765046420307
14,1.0359409839607665,1.4256411023194302,-0.3056870680300526,1.0879243848670626,0.06141310063854203,1.0,9.159360984973468,5.083136703795538
14,1.2564770436217465,-0.6865785182352901,0.1667240028514463,-0.28300025693610603,-2.4088474219564713,1.0,0.1317053381648786,0.14585099595685547
14,-0.5367630233238253,1.0930156248390435,-0.45445758980676226,0.26819345727842536,0.8777536308558669,0.0,0.46550757704046886,1.9356799434598595
14,0.37635035295695884,-0.04487439969554483,-0.7297548568087999,0.22507714872162016,-0.5664006446139261,0.0,0.6187045138527003,1.3586481626189801
14,0.12847529369865965,-0.5428319715215418,-0.5215899204739157,-0.8097073661053127,-0.2834966850990033,0.0,1.155112078434358,0.7827122615285607
14,0.689391687574395,0.4680360523083411,-0.8936113848936432,-0.9055032794511121,-0.043434765806642975,0.0,0.8164228843290976,1.606700941892488
14,2.2551478907503353,0.350552397689877,0.9865946237984685,1.3458909287489407,1.1383029529302986,1.0,11.286010263833639,5.380325553795393
14,-0.7023337116039611,1.2127484925555883,-1.0621799913293923,-0.12950418000446173,-0.27699047731193815,0.0,-2.402738806680962,0.15608511046525236
14,0.7762184631415234,-0.9876947879596352,0.7595169537895494,0.40681852198697427,-0.45240026121066035,0.0,0.48940399137213525,1.2097312215679663
14,0.754690491089436,0.4632921951646958,-1.5839239622019283,1.1155590078485922,-0.8751460242364769,0.0,1.5774821486212967,1.273750809766721
14,0.1030052006032145,0.15447537283653975,0.28947371224276797,1.0639531097640444,2.4138206492494683,1.0,7.840905017477606,3.9866700250696594
14,1.5061953762883844,-1.6708422591417744,0.24852649389985804,0.9293514446070185,0.2242791458546872,1.0,2.2546052136698878,0.07141613648845913
14,0.2032470445804366,-1.1558136736025997,-1.4480252876155766,1.2507688321481625,-1.5134157523471077,1.0,2.6073765794186596,-0.4440722758823598
15,3.583207573332958,-0.48503067363483165,0.7924738173369694,0.7455382954322118,-0.0888015835148344,1.0,4.940025187857436,2.237814010927635
15,-0.9492529268660286,-0.6236197256172895,-0.011328165674997915,1.2712745515506152,-0.4669938950338761,0.0,0.005494025106317801,2.201948605990193
15,1.0099371854787902,0.8437476867502537,-0.3173169556595704,-0.9428463004150812,-0.534990512116141,1.0,4.263653258264825,2.831473712488656
15,0.6540910276821238,-0.35180980814430873,-0.7466499225619168,-1.0380932517043895,-1.5854041765624645,0.0,0.8790693012947015,-0.030080403245053233
15,-0.3277472902425661,0.4684149912314972,-0.013979649587865767,-1.5856866255882578,-0.5703847744844386,0.0,1.5276852534347583,0.8316888678691358
15,-0.7486634877473545,1.508680169702148,1.3948749298555796,-0.6573110164543143,-0.3473708670796014,0.0,3.471526266322872,0.6206264939714836
15,0.27862730967702004,-0.03349798001793496,0.21297019660153785,-0.34965122048938085,-0.434872392290031,0.0,-0.2071820023477858,1.8048619393126768
15,-0.17899132048543412,-0.6125947534756828,-0.6717711825856438,-0.3241556992600006,-0.2279646531192037,1.0,-0.33819274177932346,0.8846308968154776
15,-0.6968220729311896,0.7318294959149602,0.98736864849041,-1.2845203969109449,1.0281607368906338,1.0,2.9056757101846555,1.4239410960489016
15,0.9348832267821869,1.9258465435157717,0.5198903521715283,-2.431668661917571,1.6920636802048779,0.0,8.614502217502334,4.988822857556667
15,-0.17382628105513892,0.9936607902942671,0.31429681667133813,-0.3627195852562797,-2.0414186347982857,0.0,-0.6119421532570319,1.1432861947257904
15,0.5907688208361325,-1.4565989752525679,-0.8877136405421063,-0.9559564219465599,0.5592595095286317,1.0,-0.13986324508547887,-0.3044465674700486
15,0.261090013432235,-0.2913705951880889,1.1327458474912118,0.6756970813202282,-0.1689034425614764,1.0,2.582348536781547,2.1527303243073446
15,0.2781976951976477,1.523239316297864,0.3902418260488163,-0.45270438704633564,-0.6558485413871762,1.0,5.438998815047784,2.8901417149356226
15,-0.8668333514536802,-0.8939267149719691,-0.6859173674175484,1.5792903676399561,0.10254327690375505,1.0,6.196059347690499,2.166301923348828
15,-0.3578315488905718,-1.1768146042710994,-0.12481248629823076,0.45483548585783634,-1.6750089502598484,0.0,-0.20302703885141793,0.9735063686788583
15,0.9891082436776221,-0.7595617460406163,0.7141326588717911,-0.38802318431169086,-1.6041678948938791,1.0,0.3297805745559006,0.4801168551298063
15,-0.014673288618718179,-0.9981394227250818,-0.16400406339610193,0.7856859857134074,1.8582266476119993,0.0,2.596184379463205,2.7347753681430595
15,-0.8407975128803659,0.6827828216260832,0.6084675277305747,-0.705845180250815,0.49837788365665714,0.0,1.615732675496181,1.3679356302192187
15,0.17077719238135858,-1.0324383393843195,-1.1784398322234486,-0.17761901168996255,1.0597278438196494,0.0,0.24946227370554475,0.627053906224001
15,-0.49112905053551376,-0.5068678660197491,-0.4598298397440868,0.0792212937696361,-1.217061738108244,0.0,-3.0851773395371995,0.8472319603425351
15,0.3987691368292458,0.8885020065375924,1.0994671064859656,-1.168725583485012,-0.5736849365175806,1.0,4.657065589806581,2.130542018763
15,0.03518732104474661,-2.337589770394815,0.4985988334230871,0.1736261474731627,-1.2789021574680424,0.0,-3.134730066014345,0.34146012056400765
15,-0.7906634381657379,0.0931004154054974,1.5267046906256563,-0.12501146679084923,0.2686839428170809,0.0,-1.0307816911311625,1.4568733287424918
15,0.6082383297801315,0.2221627665236498,-0.46539316043460005,-0.9143765917546915,2.0271877806300855,0.0,0.8915164301413798,2.767682666848437
15,2.0448467946718805,-0.9756018520397646,-0.1778693660062007,-1.115888846214825,0.36143409756991407,0.0,3.457814711139725,0.05772699983742746
15,1.1899379751178172,-0.8471354111657889,-0.876709900440354,0.5756653711795129,0.0008280444347505663,0.0,0.2774247262744818,0.6529379425200427
15,1.1015924358579483,0.42160071240486396,0.9553935555807787,1.2300495438203958,-1.3749523101638976,1.0,7.044843677505479,3.2085615727984877
15,1.395671612213388,-1.9502596569354476,-0.5827324167295219,0.8399689069205966,0.035073885335117454,0.0,1.8556822005133315,-1.0180987747777621
15,0.023333241859846192,0.44599786955892773,0.726409108165115,-0.4236747228140624,-1.0732203526511759,1.0,1.851151143835669,1.607393397822486
15,-2.175804887731905,0.5912834879145812,-1.5595186465063116,0.649619919201286,-1.5603458292610388,0.0,-4.461768066388059,-2.3026230400019476
15,-1.2539960595910282,-0.8464395068171129,1.283560512638967,0.11171980106511152,-0.3298452873019021,0.0,-3.2276479465141152,1.8272339081096738
15,0.7746412791488082,0.9108300332069199,0.05950515080150882,-0.2666835412045421,0.4476231930210917,0.0,0.6428601473198505,3.666754690354451
15,0.2170161863513427,-0.683031068253494,1.4055607858342454,-1.8998789504529676,-1.2475699696418945,1.0,0.07305057910156854,-0.08769563731420824
15,2.014382586622951,-0.8065338741727613,-2.8304450239811065,-0.43144294448839543,-0.947118867770499,1.0,-1.495342308730952,-3.0772297020518904
15,-0.07747064428035967,0.8483329235604078,-1.5672289876333845,-0.7003952352098083,0.5861953054591361,0.0,-2.8338006278673946,0.4825631143907747
15,1.1306413847309753,0.6715374104971618,1.2105912827641498,0.6491368536972165,0.8442584780962097,0.0,4.423670407011405,4.364816818521514
15,0.2988077314438032,0.6285571472879821,-1.7402090041611165,-1.2607908760500326,2.131883673406276,0.0,0.8300974014331576,1.0483386075477514
15,-0.42281118590960065,0.05126164709440528,-2.1550931922767984,0.1879562703892652,-0.9439508101726105,0.0,-0.6361631455356287,-1.2146056673669516
15,0.9631231148819858,1.1261016724815207,1.574678864416144,0.4512382022158635,1.1324035021322765,1.0,9.994898669000817,4.704464700671148
15,0.9755213734124629,-0.09023018256607598,1.4592682491711935,-0.6154032892581778,-1.6428703223246532,1.0,1.3828814302698078,1.0664184567482704
15,-0.7270953373835478,-1.625697821755632,0.40908807926535795,-0.2104820422437901,-0.7100734564610146,0.0,-3.2924853505777114,1.6673909584426827
15,-0.7524934054884798,-0.3121166242319505,-0.23425426494414583,-0.2225000775895539,-0.21620783568556598,0.0,-0.23817568028300728,1.3387673075836746
15,1.8964253990363884,0.13687364420958362,-2.0058598888853387,-1.7682770684731481,0.290603603086462,1.0,3.278916682809551,0.11298545675371918
15,-0.3914983532541057,-0.4663921885784605,-0.9885426620904614,-1.5118778059275992,1.4162987923557928,0.0,0.07484809809326154,0.7614933148909921
15,-0.26605773470461425,-0.3392594023397902,0.349134084602724,-0.3247552517221164,1.2088131864322802,0.0,1.3541932220852866,2.34386931032419
15,-0.10538767090117701,-0.06877771459367729,0.13551850469350574,1.1429855072176098,0.2551842844132609,0.0,4.271492429475431,2.6778411908649318
15,-1.9856128299109495,1.5253202088123996,0.07806135545299725,0.5937919620118772,-0.9621094249190479,1.0,-0.6872601127793869,-1.407014981386058
15,-0.02739369710122937,0.12080004041925643,0.2984229232805213,0.8137459581559178,2.2272589669999214,0.0,1.835519248651031,3.6689092950882563
15,0.1836207073089706,-0.4577174198506688,0.2500512842634551,0.4602903633266701,0.08986609978638384,0.0,0.020869632571216767,2.147908853543456
16,0.7944061571203767,0.6845079045339425,-1.2757021456404882,-0.4050356572204108,1.0262309780278651,1.0,2.70077480469987,2.246810873934343
16,-0.46415412476998935,0.016701945329975803,-0.3108611657928584,0.5636213368272488,0.23403176555447444,0.0,-0.6839517527866238,1.9639881124851257
16,1.0325886857852913,2.1805368796978932,2.085179107907995,1.2605649429747412,-0.28404372043254883,1.0,16.044512492804937,5.89701306473324
16,-0.2597010543203961,-0.08748132556929207,0.10389550838092783,-0.4997955755681253,0.9637753513373012,0.0,0.230258821164443,2.1276731593869105
16,-1.1530113246730131,0.018196546271299595,-1.0833451572595514,0.5093927781507163,-0.11268173523915018,0.0,-0.9988124450684389,0.5366701747222413
16,-0.6904719666731596,-1.5743394089118046,-1.5209028533792812,-1.771118131668519,-0.4307791395208945,0.0,1.364541855557292,-0.8568957466610296
16,-0.42814029103521967,-0.9450700767771981,-2.1817109053645254,-2.124350350074163,-1.3937422089387212,1.0,1.4567093618603917,-2.7055011912939717
16,-0.9727794697203209,0.013414955989573466,-0.7655062258726425,-0.47536151532709137,0.568355582129282,1.0,2.4696710803673505,0.8920435546982954
16,0.93783580601705,1.2098733384842533,0.8841231610222419,-0.9813947973918302,1.6365828717158,1.0,9.872699215579534,4.6121405842761
16,0.07834040582888642,1.3675584705197878,-0.3028867814672231,0.6793126648397954,-0.3342757757351491,1.0,3.4593790730468577,2.805638984974005
16,0.23337793923914518,-0.9942238062640942,1.2108515867743919,-1.0457734737233841,0.09322532411285084,0.0,-0.10604923320758626,0.868921397119008
16,1.2826461150483681,-1.857817041746601,-0.2680888111553464,-0.14764668868125222,0.5283757122644375,0.0,0.4739643904133115,-0.649908258155132
16,-0.3329151413146716,1.3207426121046746,-0.560230337828773,1.3433262952709422,0.663329677745835,1.0,5.956965556698375,2.6245640759030837
16,1.038581405680966,-0.9545059691337133,0.40383168266644665,0.6295625088291171,-1.4095786341437424,0.0,-0.6602182070325264,0.7821754545328986
16,0.8991697338937785,-0.330924288903888,-0.3522761670856656,-0.25325511812224805,-1.0745510752288387,1.0,-1.0300800053102652,1.0851142248879366
16,-0.06321036840514987,-0.6638572109328648,1.2464387931650351,-0.5618498304582488,-0.08988811014832464,0.0,0.03818898026799866,1.2944791817588015
16,0.3527802765900191,0.7834701094780694,1.1137040820225206,-0.3901069219340309,-0.010228777073960348,1.0,6.404481685996276,2.642542918967929
16,1.7107348815652226,-0.15317433752045842,0.8354809846935455,-0.27256410002219217,0.1821527010968462,1.0,5.18706583045344,2.5600954355104326
16,0.5387985424930684,-0.8650442723229619,0.4414139357195489,-0.10951592250715217,-0.0742947110978662,0.0,-0.6150976869544179,1.403742701023298
16,-0.683268335466574,0.8548520749397783,-0.022922698427434003,-0.9479802532384682,0.1178330188752497,1.0,0.6381454273385456,1.074900835479303
16,0.2604991175212151,0.5862251721942612,0.3052236345475527,-1.4707829499871488,0.895806073238946,1.0,6.2224484857631674,2.3949764365705635
16,-0.6648079325803585,-1.3663440919093965,1.576230525181929,1.5296499574533242,-0.3803931293947922,0.0,1.6692858313295793,2.250089883669731
16,-2.0847871475232806,-1.2961715161265366,-0.7112568963603818,-0.4924072437127568,-1.7377857948359028,1.0,-1.6991071422169077,1.2985794082132012
16,0.6647895500416142,0.3582765320865243,-0.7244415748161062,-0.13315774242007078,1.2049731458911208,1.0,3.485407223347964,2.6722680667207115
16,2.0387374437162644,-0.47499495929632723,-0.3835330981095301,-2.190589399215423,-1.6050578042215005,0.0,4.793885586871769,-0.3487605739166657
16,1.3150368665723742,-0.21808141787264818,1.0248447507989915,-0.34108911943063286,-0.1710563758621111,1.0,4.47739273013013,2.0372738219581796
16,1.3084511742433576,-1.2927931673922646,0.9291738521564846,0.8957872891487532,-0.5491265930985654,1.0,1.9292244624090547,0.5526855743812384
16,0.8662861736178399,-1.1442256018893597,0.1953521421324313,-0.6400479494534979,1.421786642829361,0.0,0.20552332990492972,1.3393282605652992
16,0.976163018844048,-0.7300658487963356,0.611503473425804,-0.10109974606546034,-0.11007010102889175,1.0,0.4917894756783887,1.4293379160615312
16,-0.09941510775929233,1.1558309241295694,-0.780575723655623,0.7068844426531806,-0.5195405478106272,0.0,-1.2359354226508685,1.827193463522349
16,-0.383493617933722,0.40868188460307664,0.11791246685743079,-1.240186862068961,0.6364787732562446,1.0,1.719910331330981,1.6060258034919952
16,-1.8924002449352775,0.6897448726863779,-1.6921859187969457,-1.7673505356157402,1.4492742273469434,0.0,0.7690204913295342,-2.03282385587667
16,-0.46624620339905404,-1.7436897705495515,1.2991750658333088,-0.4339517562720999,1.0295782278664964,0.0,-4.094835393546974,1.923715126748563
16,1.5913251562030901,-0.1864592424694585,-0.5937180316674519,0.718114027525511,-0.14526896235876155,0.0,2.678337904923998,2.224145563077147
16,1.358629821329892,-1.2797321793699266,1.3938039421563704,-1.0696706017230315,0.32657125140202237,0.0,0.14292333130195511,-0.19781144055439803
16,0.2820403252936546,-0.03616724127582792,-0.7311333956664873,0.5826676103832414,0.7712361049484079,0.0,1.0643626194554516,2.1685391780791985
16,0.2964838207559886,-0.46716087508311077,-0.6798902560223524,-0.5233602664109508,0.8372891079979775,0.0,0.08183998820989247,1.3708168447823443
16,0.7327170241743675,-0.27272428403547133,0.5206400000408743,0.4523059691438787,1.0509269350832384,1.0,4.251158033904609,2.909604095046333
16,0.267750979436111,-2.613338575180331,-1.2773973524631426,-0.12736485905816713,-0.6463771518545701,1.0,-1.2005324507897357,-1.608879829298172
16,-0.30989089161031114,1.0641031574110345,-0.655652250717969,-0.1910498945304287,-0.650403015823918,0.0,0.001340740411078123,1.0914481110311838
16,-1.7749503038497225,-0.06999422548458463,0.16851563512200768,-1.3520068997019488,1.3573268186000467,1.0,0.25606337414745206,1.2745165935002376
16,0.14525538848267433,0.4024264250886465,-0.5767329939999628,-0.5063284782811002,0.8160112933147534,1.0,3.0027016840956304,2.03701900431816
16,-0.12282488038232724,-0.24340914346442025,-1.01662730887018,0.23932870598712616,-0.7440308078638792,0.0,-0.34816068921900856,0.6123518479506982
16,-0.2490275315924097,-0.1524388352882104,-1.4245157753063398,0.8762372963102938,-0.8737113298404277,0.0,0.7631560791542107,0.2719928031668183
16,0.5185189673168679,0.3530612779027099,0.8451253174182212,-0.016559514268453757,-0.7847331500594482,1.0,5.389536960213687,2.304412961839321
16,-0.5111464712398338,-1.1365950244921699,-0.7051979614377066,-2.480632644833448,-0.6068072582868775,0.0,3.3984652359661642,-0.3777398930160656
16,-0.13193619219593136,-1.0378890426097793,-1.0417371584328492,-0.09471672853074233,-1.2883653162102195,0.0,-0.11516450247548382,-0.155665729390716
16,-0.930634635150491,1.8171609226923169,0.1553313117819737,0.2834553744875685,-0.8415955134500294,0.0,-0.1970148874837501,0.5387061664847778
16,-0.21066632827791645,0.3558826307941578,0.3609516888348917,1.1659237316841478,-0.4548127407874583,1.0,5.791418586608901,2.469228148444244
16,1.2396685662226306,-0.030481134125220927,-0.384513366741896,-0.7839759714169569,-1.084184120070987,1.0,1.6638258595945672,1.3674515655897705
17,-0.07355271386463767,0.21064902730009938,-1.4996329335115313,0.8920832158865658,0.5238472934180786,1.0,1.0417086010384604,1.0823064808594096
17,-0.7771786593014717,0.756577030998814,-1.5363524083314388,-0.8415745730518144,0.3792345368624376,0.0,-0.921237642147793,-0.5632054507704363
17,-1.7810419227870251,0.5150826183544017,-0.11677341680527123,1.995119698601752,-0.14604617091697408,1.0,5.905789825610574,1.3089763948342288
17,-0.4713261782308699,-1.3673991623388493,-0.633196037209528,0.42422027220984376,0.7742283161928828,1.0,2.096731923318113,1.8138950827054137
17,-0.2716999217167865,-0.18430554099055668,-0.09514354368959621,0.6019604217664618,-2.122437954165385,1.0,1.2838910273669952,1.0097397980125535
17,0.21845569326722636,-0.7843209390668002,0.4573533158550297,0.5603442162530435,0.63303915481123,1.0,3.8673014231637155,2.2683206942478584
17,-0.7050438409334651,-0.3130206064233537,-0.6422575134379136,1.0419379441428782,-0.1676008036067883,0.0,-1.158942070723361,1.628446378923936
17,0.3855413153316034,-0.4848725433911817,-0.20436546521228655,0.14993900333631852,-0.7659936924804398,0.0,-1.2532086979441812,1.3323758684984155
17,-0.07084178283790894,1.4145109767907038,0.13099981521017076,-0.9627549856882885,0.4280726745164092,0.0,0.996516096831744,2.361218657507039
17,-0.8809891839954356,-0.37365552181677847,0.8735313329167832,0.6516917287562791,1.1052919301329212,1.0,3.631065763737627,2.659245048582845
17,0.9362593259122683,1.0802741650029068,-1.0044778547475646,1.0872280282003257,1.0979719534865082,1.0,5.543626207628329,4.14657348722805
17,-0.45168775858685395,-1.251620678854479,-0.924119465019428,0.729860520319816,0.6519848892487021,1.0,2.2893948345503246,1.5450880650823042
17,0.4952603382656503,0.40733059343421946,-0.9170679346752055,-0.2265515851939066,-0.7290678634556139,1.0,0.31003391564933,1.3248367667830028
17,-0.24649662011043033,0.9905107309655019,-2.006316616272315,-1.2406530228120036,-0.3827911960970626,1.0,-2.593356288235935,-1.1089130887768808
17,-0.6823235744506719,0.40793011841465315,0.4845629140176159,0.3135264999566614,0.6060562031937076,0.0,1.03862580115901,2.1714143817780482
17,-2.0452703434690807,-0.5048267464091745,-0.26890920827806347,0.10934270767229586,0.5964200988460193,0.0,-1.6264926484319813,1.9399466985929252
17,-1.5152296735919475,0.9491608521330501,1.1316373075436301,0.9727970115225533,-1.105456768528897,1.0,2.637048023215171,0.20343611217737312
17,0.22983518934013414,-1.1920283614252516,0.14089501500881835,-0.20339068744820626,-0.09304674824400226,1.0,0.11580028727818692,1.157252845908932
17,0.8192292458911878,0.7676231266154037,0.20771803783230677,-0.2522284850331234,-0.9428224540586198,1.0,4.5285150302827395,2.907123116211385
17,-0.5061513072585208,0.1925968782339567,-0.44453952092925986,0.4960279583660861,-0.9775342873855781,1.0,0.3922506551678199,1.1855254853599346
17,1.889757820063651,-1.8943500027582154,-0.016742141997072447,0.04076955802082152,-1.7513479400385772,0.0,-0.6387289413524401,-2.4459592313903338
17,-1.5825275279237776,0.6159601244750266,2.0615317096646195,-0.6832056823756852,-1.155604935240954,0.0,0.7747576594936476,-0.8179716221133608
17,-0.09425280350459679,0.34814569942330387,1.601458744126971,2.340043143457288,-0.8883183274596241,1.0,7.982538925471771,2.5900669069832154
17,-0.9875656871896938,0.8028918372741867,-0.5982773910527225,-0.515783563870512,-0.2747680056777737,0.0,-0.32631560394203585,0.24664721378783472
17,0.2474239408924788,0.5661226864227864,-1.1101681204639282,-1.2830457597894338,-1.8167591659724804,0.0,1.2663360998911128,-0.11362997817215159
17,0.25118583708585057,0.18747292774525207,0.8207587641961083,-1.1487525196733035,-0.3981969123503389,1.0,2.68792333659218,1.584990836466279
17,0.2914991444306414,0.17180286195987454,-0.4549854684206803,0.009863075748849176,-0.5260593855003733,0.0,1.4952556744436836,1.6944079155463854
17,0.32852080431532577,-0.6030173409460565,0.00027335190566659594,-1.0233956501740369,-1.378079082492429,0.0,0.8088816643915745,0.46404726207991565
17,0.31474783759262503,-2.0391095008984736,-0.539088097020346,1.0724625886385608,1.599327105455809,1.0,2.825537198638301,1.4205418276821855
17,-0.48566746684828466,0.47994392741863817,-1.0630631756723437,0.5639512180813283,2.41908733132523,0.0,0.776822565132242,2.2102303800892624
17,-0.422689300734948,0.8882800281380893,3.2345330067941,1.0805146731850392,-0.10614244122561083,1.0,9.360250302232124,1.9660973657548588
17,0.28873215668596103,1.6419109336931055,-0.45207235706675036,0.2179892570017326,-0.3114476721994765,1.0,3.987204534114028,3.066172409570129
17,0.7078864685503593,0.748549732199563,1.4610431725570794,-0.565751919509045,-1.1791978947368622,0.0,2.2986840211146538,2.225685949636152
17,-0.08110105615021775,1.727523547847812,-0.07123151897447819,2.140210628230487,0.12388414965481326,1.0,10.904216239481762,3.7770029989185345
17,1.4616881226176668,-0.15755821796289818,1.797473324119505,1.1744484210909059,-0.7496480401019686,0.0,4.58038903744034,2.3081600543124883
17,-1.3054818470698597,1.373469930560246,-0.7046888708290823,0.35396351510042184,-0.8695334861061844,0.0,-1.177375230928815,-0.6073623038905291
17,-0.1642816501566663,-0.2571604480587283,-1.499652065963549,0.8642305832922561,0.019901352076572804,0.0,-0.12823502510148654,0.594849888193132
17,1.8913057098174686,0.8630578995828121,-2.503374471003145,-0.2493580330382042,-0.9966416197843065,0.0,-3.0405414319641477,1.331642498889394
17,-0.3805576559953357,0.17634466601456755,0.4435984586591974,-0.7894898794825319,1.205748328401641,1.0,1.8147618742461995,2.1639257292592173
17,0.6409842234847507,1.1441796076924389,-0.12258414789349459,-0.32496102336952504,1.78048794903374,1.0,6.622813521306421,4.284950349090652
17,-0.2753190246808843,1.1650387711952952,-1.6735638184664787,0.12063667787327262,-0.0015698897094474527,1.0,-2.8661700705136424,0.2442673233449389
17,-0.9873241911295673,1.6399450536214402,0.5080395211570987,-0.10994104933113283,-1.672025047852243,1.0,0.11484334183829686,-0.056110389320459864
17,-0.5580812101962787,-0.9148888942739007,-0.8985518564408215,-0.07255234971953728,0.1057964672919611,1.0,-0.5268603693168327,0.9641870655401505
17,-0.7783884767452058,-0.39020113793977956,-0.18234387678365757,0.6513441036613871,-0.08738575391089087,0.0,0.0449083117319754,1.893661865939189
17,-1.5683533803567455,1.134350507481332,-0.2676381331765404,-1.4716047641462735,-0.6897246106859991,0.0,-0.9085239376253222,-1.2461494516042997
17,0.8331275413070326,-1.0146099918694262,0.9795497462182614,-0.8951722716136384,0.6429262146559298,0.0,1.4859495445256223,0.985007516310564
17,0.23606391708026592,1.1548544210473686,0.4915832952738333,0.32972272303070327,1.0065799139760023,1.0,6.082381472310876,3.763608206744622
17,-0.21860471589213912,0.3232994543434503,0.48317134676918233,-0.7575493555145837,0.41065429677508875,1.0,3.214199307018486,1.9353367307677931
17,-0.7767938751272148,1.3331169185509073,-0.5007490651993783,-0.4978902139997682,-0.10716844939214201,1.0,-1.403569789823023,0.5669237949894921
17,-1.725664867572175,-0.3459655662908725,0.1899919017146275,1.3038815987510444,0.5077177661282409,0.0,-0.38691589361491496,2.5440068040215995
18,2.7495910654721243,0.08932812876604516,0.4087923024648755,-0.1968626952382376,-0.2053827547723092,0.0,0.07361832193054418,3.585950401473611
18,-0.12772235080839417,-1.4792308861733374,-0.37451574961384243,-0.0007095458252376568,-1.2583163857857695,0.0,-1.222873008769756,0.49936826748489427
18,-1.9921434019223938,-0.7756654176459497,-0.07138210825031172,0.13135440696355616,-0.26313035307737653,0.0,-3.2248860606720426,2.057206685821831
18,-2.0227738008644884,0.1645135160017276,-0.7225618803377581,-1.503343919215039,2.1435695848071825,1.0,-0.6437366146355818,0.44704211936607385
18,-0.6150715044067631,-0.19215478546329537,0.22810111824848786,1.187061461658626,0.861919557303884,1.0,4.1864838188225,2.8272143983495495
18,0.34953274736387363,0.2956298604040244,0.7686196580092536,-0.6245744554082796,0.5148653626486623,0.0,0.9159472710917805,2.474239793892212
18,-0.8761762313168302,-0.21605838375281528,0.11390573934432759,-0.39538657388231524,0.19368954062179708,0.0,-1.3962629785246152,1.5928120182550964
18,2.0703626504666186,-1.2355450312414444,-1.0719016194020072,0.19679571246519653,1.6485974466699673,1.0,1.2168317123910466,-0.2754164457391035
18,-0.7099151056769868,1.0573132417361952,-3.150612537317854,0.07070821614859923,0.0881470435164485,0.0,-6.551133342767963,-2.0727415336621915
18,0.4966956007850866,0.5099424184797166,-1.2281806678554907,2.0461646064290813,-1.2601592175713088,1.0,4.87642856832124,1.8714693992397073
18,-1.1942916215540478,-0.2722761737719787,-1.0272318596252563,0.34100333220408713,-1.075536694261823,0.0,-3.5632344477778997,0.22820063804012514
18,0.20468991669033076,-0.5567509467476953,0.49401849785627566,-0.4100261010280786,-0.9865640735910536,0.0,-0.19512379908978855,1.1391568721709096
18,1.0513664619886762,-0.3753103800767298,0.5687826954720029,0.34984351613486486,-0.4284997724841077,1.0,2.336463124815084,2.0310597618277506
18,0.21236448872490274,-0.3721534306132277,1.0459799214657752,-0.0526926370773188,-0.001607776308630725,1.0,2.2864027824730493,1.8379672374395843
18,-0.7969246450751771,0.004902297453635648,0.9101287603830629,-1.3130028536093892,-1.6349785502132417,0.0,-0.7016089744363684,0.1947998304085763
18,0.7041826420668799,-1.6431634527550862,-1.553599406070805,0.1609801519398655,-0.20207290700350009,0.0,4.489079686403077,-1.4067275943027728
18,1.1990252919733204,-1.0479657726748977,1.6722107707206755,-1.0886399809016711,-0.9031496561126773,1.0,1.7328575888176037,-0.4420378339665153
18,0.9729872677074908,-2.4869858303146226,-0.46535195701852555,1.0965048126190609,-0.256258074041517,1.0,1.5089960839413823,-1.0956937536918945
18,0.2788541515168372,0.6444367798200465,0.8394158723657922,-0.23288069235342126,-0.43875249211959994,0.0,2.106756950380533,2.393138359627505
18,-1.0217258796057027,-0.30738192490628197,0.16917374393086834,0.7550958840510442,-0.09284663366834382,0.0,-0.3949011253307956,2.0509418809080255
18,0.9915886016217196,0.8359819015123359,1.0951361859563813,0.31074783938830547,0.011900523603786517,0.0,2.4017646039887808,3.9095530566713763
18,-1.249003602807586,-0.873091066046021,-0.7206232615533316,0.8199243759952206,1.7014417370100055,1.0,3.283481200496118,2.6812125924010175
18,-1.2088956220462113,0.14829993465537014,1.85853401647616,2.09623862794551,1.1679761174166772,0.0,4.183908534910978,2.568013745280843
18,1.3089552299250589,0.6676054632282187,-0.07447481904842902,-1.1591638797014006,0.3898688132006326,1.0,6.920099767312309,3.4374890986666937
18,0.7048646738513081,-0.8589110789131956,0.9753461309748265,0.4366405698185486,0.6016219755839659,0.0,0.3218225947722674,1.8852465848301145
18,-0.10836561307719703,1.2095661148911196,-1.5249811355414236,-1.3128324813656858,-0.6370896142889019,0.0,-0.9509055168537452,-0.272127573276588
18,-0.04890218157542583,0.5640598455599226,0.24365999258723722,-0.23793804970832533,0.5810525374237647,0.0,1.2590044880288076,2.4938437963064057
18,-0.41780068752055516,0.842929390595376,-1.0068354048215193,0.7574230366141164,-1.2625258822485157,0.0,0.920923858586205,0.638956681060598
18,0.1617788121949672,0.18560373999739554,-0.23290961014032358,1.33023756515859,-0.822081130944987,0.0,1.918059742970825,2.314340389510858
18,-0.6626826247828418,0.9580436268473623,-0.11999051038378898,-0.7801318110005245,-0.13488068087025293,0.0,0.1194751564778197,0.9881099064413601
18,1.599202396515141,-0.1427365906323886,-0.5653215896235192,0.13751336228346286,0.5006763307497214,1.0,3.7686758500909394,2.380818629418488
18,-1.5572097836136978,0.9528347722694119,1.3570052855663628,0.23492849927659418,1.1218339215595134,1.0,1.4068629294552206,0.7830988664787553
18,0.5727207579892325,0.6821340879959782,-0.610261328102849,-0.39183234211155943,0.06873966353687733,0.0,0.029168198586933924,2.3709210550739863
18,-0.9177382085028856,2.2701032988279,0.28419366093831316,2.929372330049458,0.03915550783141276,1.0,13.272996561151608,2.179070808879912
18,1.4539829042642192,-0.4449829537944357,-2.147372504342582,0.3424016484901737,1.181138788516085,0.0,3.436351927591212,0.0004295033933376935
18,0.9489272401227151,1.45891778806003,-1.066211215952251,0.1974865532367817,0.2837204558409168,0.0,-0.445745889011974,3.7792715391383656
18,-1.0497223701810858,-0.6605963523446566,-0.3814041394452469,0.38378591988703936,-0.8799802372956123,1.0,-0.9209068524028341,1.3276270752309651
18,1.5068490245675021,0.6123123530304869,0.9264830393330138,-0.3832686525603932,-1.1112931908883126,1.0,7.3999866651823645,3.2988531036089705
18,-0.3242606566096397,0.8987772778775861,-1.1105265507643174,-0.302640773073515,1.1259480074591475,1.0,-0.569117062266819,1.2964003664677075
18,0.48704590765880484,-0.08478415370405748,0.6607391918981457,0.6862854091677768,0.8186876368572541,1.0,5.987964683509373,3.0322320255444186
18,0.23853074381494194,-1.7754462128111244,-0.9475744903974158,-1.5119963656440976,-1.3876790394588907,1.0,1.8176488447405836,-1.5319268643945494
18,-1.1686929535922324,0.7778466065656802,-0.01395386854087322,1.6757270781169367,1.790791410703467,1.0,4.408295908294585,2.621697934913584
18,0.5719579908098027,-1.9671516945092073,-1.3052217052476967,1.0894290733282637,0.748463364519063,1.0,1.6860178801343328,-0.29392582853431826
18,0.004704518825309634,-0.2948231326178312,0.8066868618097764,-2.07780570256259,1.039161675491161,1.0,6.22470305580387,1.4294694172861546
18,1.1165472746341263,1.7002516809310508,0.5038271382796761,-0.33662892216432555,0.7249747970046403,0.0,2.7014174923111347,5.628638676454157
18,0.41589535952927303,-0.39056750483065944,-0.6143119580791586,0.056202092716112685,0.9199123839835182,0.0,1.1057406790050877,1.8483001990060102
18,-0.6363304485997542,-1.3394133521120408,-1.967358734194741,0.5828577335087806,1.0544973761721164,1.0,1.8326859485632947,0.31318597139420784
18,-0.41268596765913895,1.6265616771069609,2.9718814129670945,-0.7201211735391642,0.35837549244394545,1.0,7.766047241233674,1.2551129621770456
18,-0.6222231726303676,-0.18212311367976775,0.27878773537010626,0.45260508311615927,0.8676642636010512,0.0,-0.6394863927578158,2.47206636772198
18,-0.47067840164867564,-0.07683482250301238,1.398512189181637,-0.6419048744515116,-1.168265585707231,0.0,-0.20878812490106746,0.7280118608928527
19,0.15682406773583668,0.6665977862595432,0.018089682731716968,2.2547173071791677,-0.535416379810567,0.0,5.559351140487328,3.3847811945838835
19,0.8924964709665814,-0.3586833083416319,1.1827695212333493,-1.048151773080275,0.5682107077136591,1.0,2.4722828721420806,1.6765598731199292
19,0.2165399205103378,0.17332768695957865,-0.18659377011744555,-0.5842995902937358,-0.7819509284834794,1.0,1.114162487612504,1.4386858567306082
19,0.9766064445185229,0.573999110962716,-1.8966948255257488,-1.154830991928988,-1.3979747882251108,0.0,-0.6399501552701606,-0.20903641401364653
19,0.770767659985484,-1.9865417347496859,0.04950284634687013,-0.13914784985324555,-0.7147030495416822,1.0,-1.2631900291186702,-0.542448203968554
19,-0.07090471412094315,1.0012716753963873,0.2941945625082444,0.8582694009337651,-2.170577370746794,0.0,1.0162332883359249,1.8421678998023867
19,0.9897295289549999,-0.6124007289363974,-0.730813569177405,-0.46762022752047744,-0.6446597107517232,0.0,-0.41654445345555113,0.40563817251339473
19,0.5420406565054843,-1.3074255634808885,0.862479765744457,1.698251558575892,-2.6221124784224914,1.0,1.6884568498251005,0.5284953507672444
19,0.22517730051015183,-0.08215231613895517,2.260533198180712,0.12562667616823234,0.6976954135418333,0.0,1.8165798216305078,1.9586070760588292
19,0.23128647440877728,0.5580235323698718,-0.7713279523921226,0.5002892340775231,1.8182312077180716,1.0,3.142823421773781,3.0143001459548833
19,0.5594319187805102,1.3370559528007901,-1.534908429212078,-1.9717408808861392,-0.3980407597269512,0.0,-0.5654652692295035,0.779770872565603
19,-0.46342390848789156,-0.6436163789844065,1.2394537047383007,0.18844804246097258,-0.7394587877849469,0.0,-1.3037642751223126,1.4142814671515
19,1.0245912886335342,0.8652274829798293,-0.6845147359356105,0.24655846863484335,1.066178240074853,0.0,3.9851938419593287,3.9202508833174985
19,-1.5908354364796005,-0.2399426613641812,-0.11825090647527403,0.779653706119362,0.7947426768485094,0.0,-1.2705321989605998,2.187409482676153
19,-0.4186042425364725,0.47008428724744905,0.2067427723837198,1.7654661220909575,0.8869250576401464,0.0,4.884581944546053,3.23723244806712
19,-1.0476588499510204,1.2578643349478764,1.1852540727641208,-0.6299753823150892,-0.28175532883099286,0.0,0.1025395308465269,0.30011336245565956
19,-1.0029349493663167,-1.1302926363607004,-0.06544633518311302,-0.39742726973720466,1.0579072946774128,0.0,-1.912060958118754,2.362372192945559
19,-2.347183949295768,0.6461245715888978,-0.25654286613864496,0.65176340627962,-0.8783045449485383,0.0,-2.3032817453224723,-0.6413719517229197
19,0.4688164198335493,0.28419126004566253,-0.8626334903068242,0.9966229171724286,-2.3081108015202867,0.0,-0.8840731119017283,1.0731161187082114
19,0.11820200538418593,-1.155273755339642,-1.103378988935488,-0.853339314993996,1.9510012172342794,0.0,2.2414608412839803,0.7926320648935296
19,0.7959001513049938,-0.010590033628043841,0.14936107165730286,-2.3578228231465777,1.5216623805409426,1.0,10.15210723357255,2.0296931203625683
19,0.3259252948579954,-1.6915417516730444,-1.579778115549411,0.3270808931349757,1.2873991137785528,0.0,1.0592492069377355,-0.2257551948951786
19,1.763454717219143,-0.049322063446089255,0.045141750671591874,-0.19440289541437367,0.9362462448190597,0.0,1.673188444445798,3.1625629356614846
19,0.20189182626256308,0.3049807692740095,-0.05526530024820063,-0.2209192087113502,-0.5173925665406224,1.0,-0.5378060699919915,1.9166941464425555
19,1.649544639084008,-0.7831308351550271,-0.34454821492182247,-1.2381035181300104,-1.362813742877351,1.0,1.2207641408277576,-0.3901069580592127
19,-0.09189696306219453,-1.6933199329317805,0.279371622922682,-0.06956222329443935,-1.2586574335472933,0.0,-0.9433310560199764,0.6998073984865962
19,-1.2587531925773052,1.083887884185705,0.0924390820287766,0.9948461087715915,0.38125428026742186,1.0,1.6396568181159974,1.2782202962784517
19,-0.5176853478055788,-0.6372304954335235,-0.043445033519168445,0.5524277337961042,-1.0389479297904134,0.0,-0.5029256403370769,1.4865007672458945
19,-0.246145483075385,0.4296610848968761,-0.723790269826108,-0.10184213548013077,0.9646694030325103,0.0,-0.6082322372488307,1.8048182535035264
19,-0.06683587411964763,1.3399928110852843,0.3099724367274174,0.951502895817103,1.9063065850554566,1.0,7.141687493120524,4.083251814378181
19,0.9929593293691298,1.1748953517328204,-0.5350688623711596,-1.8936956343140943,-0.5581809857874586,1.0,6.090116937548395,2.617311418222334
19,-0.1266696744937122,0.7854013564494943,-1.553014567293402,0.3192862414200427,0.020360122793749467,0.0,-0.9740062189102837,0.6409760277140509
19,-0.7746560845179603,-1.361976777841654,-1.0389199178870854,-1.131267002163397,0.5241881135138547,0.0,0.6105827611476025,0.6708991926381842
19,0.32568772214154196,-0.6226069506750005,0.7226951271021491,-1.5522943205211488,-0.254653085995561,1.0,3.445529659893598,0.856664681815521
19,0.9936796630165999,0.8327796218924703,-0.6884325701281488,-0.9676234510757579,1.1552214874020992,1.0,4.375851498569196,3.2625713441729074
19,0.14085542171301252,0.36670698993126755,1.1357863967090567,1.051828894799153,-0.8345735804868499,0.0,2.783735252981781,2.4033741356879346
19,-0.7098475637894918,0.03460590675296447,1.8922102188151788,1.1455209458233708,-0.09087413789222586,1.0,4.252472231184963,1.7953344041251165
19,0.6413974218781382,-0.3300812629789504,3.6717549818952993,2.1146140461320937,-2.003475154910731,0.0,4.532614413826452,1.9726667481461693
19,1.5615534973506369,0.8647489947382478,0.09680637721428458,1.5449013087043022,-0.17203851863859393,1.0,11.577908674301202,5.293655567626521
19,0.12125037508220898,-0.7749812567293148,-1.7106001787458065,-2.05095630679647,1.4363346830608603,1.0,2.901586700810469,-0.7227919931496242
19,0.39865981399421163,-2.056276775574356,0.42913624302443415,0.22597493359500379,-2.0762234628360083,0.0,-1.2279162405729829,-0.4497940551546237
19,0.025033518677270158,-1.3663077300938637,-2.0584403078918063,-0.7186366201195892,0.9615792845096091,1.0,1.6808100373395374,-1.0811352085596317
19,1.3331764141560363,-0.4299784473225663,-0.276248251690523,-2.1281638313130067,1.8793708777474174,1.0,8.403408939683406,1.577926745223162
19,1.3974350180632373,-0.4014169022503338,-2.466595622417414,-0.06996343753254815,-1.6518868971512215,0.0,0.5132088652234843,-1.9378767630326443
19,1.2608495869351761,-0.1392674233035345,0.612201529578631,1.2926004935029762,-0.14684534729650495,0.0,3.7105569217096472,3.0825589944622527
19,-0.3322021222168522,-1.7076252238647711,-0.44235403830675857,-0.09992934102006078,-0.655554856639502,1.0,-1.8175835038165888,0.8521904117859633
19,-0.6181584663974486,0.11491080707298178,-0.11338829335919293,0.8099246244153496,-0.4307962266151121,1.0,0.827650903811828,1.803791566299386
19,0.2870924648608233,1.431464604824324,0.4528203402689037,-0.3865253841638195,-0.021847120200733563,1.0,5.027200282789499,3.1916819265028753
19,0.18591519361611725,0.4664588012775341,0.20118186833910237,-2.0900962008248793,-1.1795162162560464,1.0,3.5856688114513116,0.8585245938485786
19,0.6264284299925663,-0.6190258635750328,-0.031072145220782846,-0.06012560700259096,-0.34627813734852997,0.0,-0.7063683685866438,1.3967052383126612
20,1.0222470328063318,2.081659347557422,0.8976888838767318,-0.5177594507362714,0.6049518575377051,1.0,9.672726109384676,5.795782592896007
20,-0.2113383210553033,1.1015963563583822,-1.0239703688303168,0.09192782447941981,1.2001268289089517,1.0,0.6320158824338522,1.8663402873868626
20,0.3740967182478737,-0.5972428611036894,0.8575845323613716,-0.09358587471256767,-1.3828754306046764,1.0,0.38520675136029203,1.0098280550111187
20,0.7573435562330563,-0.9415190391063362,0.309111053967157,0.4189541852042787,0.6362668522954721,0.0,0.7033863403898964,1.8296293011946436
20,0.3754078726591036,-1.0516690500233072,1.374979163819057,-1.2058863397552528,-2.2931886479126473,0.0,-2.2071507671594652,-0.600415195405217
20,-1.9492920278189445,-0.15163228266666434,-0.14121203827003578,0.7783662623336258,-0.8139983161406099,0.0,-1.9431706639390935,1.1467375358078173
20,0.06014623817113722,1.071797550419735,0.8727438613569586,1.1715564724214313,0.608399975170382,1.0,8.752026500839191,3.599513549370355
20,1.1394037268299744,1.3830707118696288,0.2881706041547488,0.055286649378392026,1.137808097715397,1.0,9.16810448233773,5.536511210109422
20,0.9679188100584774,1.6645735988609416,-0.828031925936339,0.9668780887905349,-0.18422096503526111,1.0,6.607635349604372,4.581057656156433
20,-1.7527632075301023,-1.775671526845021,-0.2511110978936721,-1.8519808879130624,-2.507165752977327,0.0,-0.2318377152944765,1.0116224180025553
20,-0.33467301104165426,0.3128771532787291,1.099261664545036,-0.0011521999496989289,-0.3018298845658558,0.0,0.17798770217966034,1.7367843298802779
20,0.9228571767822444,0.5501323495066004,0.7933491557667728,0.6029268304219986,-1.6302134867244698,1.0,3.9737005829573064,2.8286818886819365
20,-0.28207876696297546,1.431323173089285,-0.4380760408448234,-0.18480329288546415,1.4701765012305794,0.0,-0.5438220846772245,2.5000943893481162
20,-1.4053662006231442,-0.01799464570259615,-0.7685523263834433,0.5132709883008485,-0.18726020170415558,0.0,-2.4392224617589267,0.8112555674001158
20,-0.8710794097776249,0.12876714424034047,-0.3503223173523578,-0.22002778706054515,-0.5540740074070941,0.0,-0.8157075486236781,0.8937275454585983
20,0.44477227218993287,0.24079995836171814,-0.5024907904370238,-0.5731441905035211,-0.06846111231126632,0.0,-0.22030421526967603,1.7542249055760761
20,0.3345007322892084,0.32747232966902357,-0.5400061832814012,-0.5685047834286597,-0.006789279442899245,1.0,1.181268542241554,1.7405816442812903
20,-0.5537054400314064,0.8438264737477469,0.10660080160294308,0.3018904019826308,-0.7611344055816758,1.0,0.5601207522585078,1.4958311200137364
20,-0.09992007443878728,-1.3166721458348285,-0.4764217067695335,0.09404871187387642,-1.196859958714669,0.0,-0.07419578634140667,0.5222910138158383
20,1.4613717213843915,-0.1458760636266776,-1.4219452450320598,-0.1757205367476226,0.26507011478117193,0.0,1.0983541356607858,0.9265728581382736
20,-1.3493798805381332,-0.14539080941251112,-1.496608316028897,0.5494882059023238,-1.2520773347734977,1.0,-5.0670336400898925,-0.5766766583133845
20,2.100890092100685,0.14064271892428182,-0.41368561588652275,0.04349988535732675,0.5876504061586266,1.0,5.8284934771453365,3.4406191143426534
20,1.4616608954256232,-0.7451165207806228,-0.3678898733702043,0.1998162262665993,-0.634003391552783,0.0,1.1061864089993476,0.8012143107705455
20,-2.1477582176947134,2.225728553283534,-1.5691975977626293,-1.5777392213617063,-1.4834667686405636,0.0,-4.216210104349411,-6.0549446884092895
20,-0.6962379945620605,-0.7725090740227817,-0.8004992755101953,0.5429748579060827,-0.5083853530443104,0.0,-2.1073797108104473,1.116870213059612
20,-0.05367026659351907,0.1372640510078274,0.6600627721007882,-0.43554580865877035,0.4327398610525257,0.0,1.8569868945374597,2.1530120495512755
20,0.23166387308723618,0.11474472370873952,-0.3838868457198427,0.24615766479902604,0.14509814046107802,0.0,0.15441880760060928,2.1306868989225016
20,0.1510918951328863,-0.007981977231275311,-1.7908397143098136,0.029898272177665944,-0.07509463501665282,1.0,-2.2461512245005055,-0.06594105633096586
20,-1.3824495831799986,1.1942427975345375,-1.5232284112946297,-1.2193446061018856,0.8480308118701146,0.0,-0.7795957272497622,-1.6448049744295485
20,2.5733601870081158,0.6853364201636942,-0.08784001930469194,2.545667651414705,1.318110198816482,1.0,17.85982319522393,7.277079222881193
20,-0.8301933597888981,0.048100347031295454,2.248507624832292,-0.4064680331993094,-0.04637959581369874,0.0,0.4433061461900649,0.8398391563147256
20,1.1658623870540719,-0.41793291115750264,0.6495755121268003,-0.8196853766414188,0.5849174766737161,1.0,4.302198725603562,1.8904569037057404
20,1.6779700086851244,1.113003672356614,0.22824937707766813,-0.49615494276922684,0.39625354392851403,1.0,10.249699996390051,5.301311616902265
20,-0.2760270433108669,0.04342594570471253,0.7201907207989583,0.15530329954779995,0.8769156548682677,1.0,2.1560633343044335,2.4995975105055344
20,-1.9173331599053587,0.4037446410720016,0.4628157922614621,0.3927271173286206,-0.23806339876398183,0.0,-2.1018030240876255,0.672631388811147
20,-0.2524408735817973,0.049814682621932664,0.6473721512902644,0.030727587451120163,1.0437504010957084,1.0,1.8059320404736827,2.5447080987623663
20,0.11535363738074125,-0.3533850545253883,-1.3913033703684996,-0.9085566652081486,-0.6564742703066311,1.0,-0.42713537370606647,-0.4594164141377581
20,-0.524929292754942,1.1762384500888003,0.6752491889506654,1.3506471916571938,1.5275482761502217,1.0,6.041045106488258,3.265486098718065
20,-1.5177674546163011,1.2211569320876712,-0.24257124792775545,-0.18928511674064344,-1.0092498873755902,0.0,-0.9416407764372126,-0.7515670635575273
20,1.8395452133823982,-0.6478926023788991,0.42034977925896533,-1.993973828533506,-0.5359294673529433,0.0,4.917619241340901,0.26216807000597353
20,-0.3024163663994758,0.2615140436958153,-0.10884924572555142,-0.7551906431460783,-0.30863500789618575,0.0,-0.4686647941534682,1.3082070310692324
20,-1.3638090083476453,0.43646314295799377,1.5722352917533415,-0.7381508982575536,0.7742445161764989,0.0,-0.25804026928631363,0.7438001915016262
20,-0.7897033970754328,0.5192996214466816,1.128461039860538,0.18557222329115142,0.044216665557010364,0.0,0.29591928130092526,1.5618815578233032
20,-0.8428447581536315,1.0769206069278885,-1.2065255441465277,1.2317627109632805,0.32308340504735394,0.0,-0.029490870587822654,0.7397893421991455
20,1.7467471901163931,-0.13410510897945815,-1.472856873483098,-1.5515340423894168,-1.1008911540045445,0.0,2.1561332699267366,-0.3927847630389344
20,-0.4434108182084585,0.27790564594280026,-0.11429207892702106,-0.884488227584891,0.7572154837517983,1.0,2.6804251824841723,1.666714399620063
20,-0.4792706822785228,0.9020145668924227,-0.40689804900542714,0.1224479414693975,0.9351129839160861,0.0,-1.228915722662872,2.0227471187217887
20,-0.31275939558444027,-0.3440210686212624,2.496688842842967,1.7293087471905837,0.8263099827727601,1.0,7.458922383662358,2.5062017837157162
20,1.624103099402482,-0.49964751860694206,-0.414222505880885,0.6211892119597884,0.12044474457332574,0.0,3.8553805677912294,1.8298839538158314
20,1.6195584250659294,1.7426480473165307,0.5848301624494134,-0.14532625009632408,-0.11889233398450287,0.0,4.650388196582504,6.497535210384692
21,1.3152003740776976,-1.111678051821634,-0.9701457259674451,0.8708391869132164,-1.0769239286865748,1.0,1.3420285732773856,-0.38325414446234396
21,0.8562758798523394,-0.532372689391072,-1.5779484814568119,1.2502886364685,-0.6483991072495642,0.0,2.9963212228748377,0.21091213240799978
21,0.11263865249426451,-0.05282374863733798,1.990926712432945,1.1859709383898343,0.37555473277021906,1.0,3.7738542229777856,2.3923041445814945
21,-0.7500003012084696,-0.6487831050737694,0.788190331792499,1.1683885892360983,0.6382062845311772,1.0,3.1067169638876977,2.7897180900359833
21,0.12079762800778725,0.3911254308039511,0.0024108809925559777,-0.5128474356565467,-2.0337427722079626,1.0,-0.1893657689478221,1.0311159840923614
21,-1.405244254455778,-0.10144134175090552,1.6688984505004154,-1.3306570125717472,1.178428020082342,0.0,-0.15397346502333797,1.0495969503962823
21,0.47822402585317697,0.0697108224946889,-0.12404239620415375,-0.1963213160923,0.47294388044534275,0.0,0.7591692923979739,2.375911499711251
21,-0.4914152873302261,1.456840824669409,-0.0993649902582183,-0.5342125710296496,0.37785197374810864,1.0,1.3551885965406856,1.6340034823048564
21,-1.6704045974786046,-0.9160384267475095,1.7463204167745716,0.21443817856296699,2.0489578962734263,1.0,0.6219961544266218,3.06716733422797
21,0.5283551266559706,-0.8208207704931771,1.1142940401081756,-0.660898779161954,-0.25125262365274526,0.0,-0.1886124694284451,0.9619648975509333
21,-0.8050510741190036,-0.9111719467627406,0.03451514887725066,0.7139734294292648,0.014676838849214818,1.0,0.8015786356461923,2.256415563964791
21,1.5070171367033236,0.1946423879686747,1.1864420539358536,-0.3996526818292441,1.3559907762602457,0.0,3.4259882861791624,3.5905098503067623
21,-0.020296754969998183,0.9393954318439476,-2.0541826279235442,-1.6551623375767455,-0.3494491524256073,0.0,-0.916850584101963,-1.0536945535186544
21,1.0773295220640153,0.4201536278236423,-1.1632605812423533,-1.3240498575550095,0.026759504780631764,0.0,0.8412810354739674,1.3674581159105366
21,1.1077145427640975,-0.15506151371890625,1.9704491360149199,-1.7468595383183878,-0.4725548438255039,1.0,3.6681845949729204,0.7909814627290248
21,1.4491277940689706,1.0205006183959116,-0.7292266061909206,1.0937775790493354,-0.4177141098725744,0.0,1.976638727740262,4.432758379989533
21,-1.2263630374390755,-0.41234985483853087,-0.485892333241926,0.044527998262559446,-0.22333942470193002,0.0,-1.59273493367083,1.2382408782198273
21,0.5277569746424683,-0.08969426668404333,-0.5545210088625928,-0.367349836622122,-1.4167313622712607,1.0,-0.1638645540905893,0.8525462192067791
21,-0.5736342403935817,0.10890236031005486,0.4324104894827811,-0.5385393903262118,2.1279438445923105,0.0,0.03936707975830567,2.6240296563091396
21,1.559968760858025,0.6599748070851734,1.2759168062812845,-1.0148147138255876,0.36167068932957736,1.0,7.714975654670622,3.74152282985356
21,1.4432094066109957,1.0608208088322626,-1.216888537123474,0.8782209790130567,1.3396656017882174,1.0,8.696067794956445,4.630066750531371
21,-0.21899567892415686,0.2285834455763328,0.14046563926914574,1.4533627900224895,-0.07447247823516784,1.0,4.886722180641387,2.7045639841112985
21,1.0321216416757972,-0.11932638689146768,-0.5919928935867608,-0.7156479551654521,-1.159557720373549,1.0,1.7007999665374898,0.9294692579234549
21,0.374810805502665,1.6300219586133846,1.1473772607711246,0.3847528935562757,0.3917325205993222,1.0,8.634213866852281,3.9861775378057773
21,-2.075674598718049,-0.5290330875036541,1.4519958675926001,-0.234291779899065,-1.4296831321118242,0.0,-4.563342403080169,0.8082783832773976
21,0.6103982819517451,-2.3820107810882023,-0.6860726244368806,0.06812349244659052,-0.349442649821411,0.0,-0.29782251521462455,-1.0497374476449832
21,1.342261646800628,0.20276437773870784,0.46267530646910937,-0.997998890963363,-0.5637225340579548,0.0,1.8504331137498475,2.390014395628871
21,-0.2114658682754314,-1.359527171642841,1.2670291754358076,0.856601160585956,-2.9970793913569027,0.0,-2.346741932048859,0.36438954454669337
21,-0.09804979610638673,-1.6052207221067225,0.3123824944799118,0.48472843757726386,-0.04942759775472181,1.0,0.8423719659073788,1.6312020397542135
21,1.4308058477234262,0.965522667677441,0.5390579485693577,0.26212001475693236,0.314942760592305,1.0,9.600297021361028,4.995892741929373
21,1.5638223177417336,1.2275462611122052,0.1718499000831464,2.3940936573126725,-0.03794861119805013,1.0,15.249218436734575,6.564616111960726
21,-0.6713419075006137,-1.2930777266650353,-0.9723763878380121,-0.21624223932416742,-0.7213548268658597,0.0,-1.1046783768856008,0.494238411913017
21,0.2467375018678439,-0.14280997625327416,1.2724357205312495,-0.34913178074776946,-0.9671588623213612,1.0,1.081046215472228,1.2887533623405953
21,-1.685368539058239,-1.314194358832671,0.8140520949789258,-0.36420959604449954,0.4567926627257446,0.0,-3.195317436968324,2.854995858436781
21,-0.6064899707519916,0.8049793528640841,0.3392027624845108,0.3020234849987563,0.3671840959398236,0.0,1.0790466661543685,2.0582581929124664
21,-0.7229191816500721,0.33747414938487763,0.4684968865291543,0.4505060521959584,-0.6515744144196614,0.0,-1.556857264029035,1.5892732303518002
21,-1.7453047820317908,-0.8662180422859297,0.6407943743897596,0.4560414562091852,-0.8631188603605706,0.0,-2.6535627205338077,2.1245326725405635
21,0.35230702819978116,0.8936471114629081,-0.6720530685304184,0.7622429220927843,-0.22168060004230006,1.0,1.493979671666982,2.6546149427398764
21,-0.16278056743490305,-0.12090972482102999,-1.0979680680544073,-0.9653143404316921,1.9851717809004612,0.0,1.7956307962746798,1.294187350186919
21,0.5416989453040069,1.3314239780781791,0.1734184396488713,1.2794351414564114,-0.39183538650708344,0.0,3.9921021890666677,4.173302193420664
21,-0.4253208846546202,0.17898555578761463,1.098245706946909,-0.8298553081184011,0.06777134254575702,0.0,-1.0096982639622463,1.4239457728490559
21,-0.8903650013549289,2.2732857757213862,-0.268944704196599,0.058628055824693236,-0.9868026597085838,1.0,-3.3949764735532946,0.03289848059077971
21,1.0653138248027816,0.7198640198121112,-1.4517628422811764,-1.0607776271441196,-1.1535572895040778,0.0,-0.12838857340216098,0.9451737217288503
21,-1.7795889012094257,1.1951035745127498,1.9968723160633084,0.21462547805758186,-0.3403308123967818,1.0,1.5246750225006127,-0.8967530402561563
21,-0.6488338269215391,0.39616530413947415,0.7217456062295629,0.1171263033666359,0.4792907875391568,0.0,0.791362392970598,2.0263551951038936
21,0.9697225727260691,-0.3592323675431097,0.2363504047466374,0.6638528663419445,0.743250707927169,0.0,4.093122163089199,2.750815378859298
21,0.49510678966092503,0.5103424420641115,-1.3903643722073429,0.05307731216376293,1.2401657169196527,1.0,2.1519133932446963,1.8862924849256824
21,-0.7399259001161846,-0.5171672998074143,0.9646814286484201,0.7719554660151907,0.316531145879643,1.0,1.3918242782452874,2.3503816287785457
21,-1.9561695767217027,1.3188317218607526,-1.3198823740317058,-1.1891923611068511,-2.492482967780287,0.0,-2.6656393527314313,-4.151016874022498
21,0.4571536936464736,2.232940984815433,-0.07135845787459504,-1.6500589888729016,2.2979771478738518,1.0,8.137885737237308,4.65157947412381
22,-1.1709610547955838,0.5395536610045308,-2.870979107454861,0.3330491982945005,-0.31766040617163993,0.0,-3.4195073328980676,-2.3389022415039205
22,0.4691595011210634,1.156195515652535,1.7894229858538822,1.3463602857151196,1.0935400787642544,1.0,11.573743570035061,4.252890117092244
22,-0.9077335737969229,0.2666040662906532,-0.01736260448812898,1.5434507846349803,-2.549772152183177,1.0,3.420656023132569,0.9254370721151419
22,-1.6997110004730305,-1.785014760731003,-0.7687858603201893,-1.0468506738800047,0.4757267151871431,1.0,2.4430018407143175,2.34044678038308
22,-0.6666261976064598,0.036912389021880716,-0.7739221663728285,-1.7120442213419151,-1.143870155602239,1.0,1.3837199461129108,-0.43920714504408487
22,0.270322038554938,-0.06897299213386623,0.2505617928591274,0.4571519185184985,-0.28588828454479265,0.0,1.0034256530107515,2.261715595828609
22,-0.05396816535379854,-1.4348887435228805,-1.9879633296249701,-0.0366074558687386,-0.6115727136108743,1.0,-1.3985141189202976,-1.3902339328361455
22,0.27684359196767794,-0.3614578519786456,2.200927500690826,-0.10880968801139927,-0.900787139581255,0.0,0.15753876508140963,0.8640401714672499
22,0.6731325098700887,-0.3235245590422576,-0.10116295091481776,-0.570017542769159,0.3412480852269501,0.0,0.11864430719653218,1.786950263844632
22,1.237639139510657,1.0492635815031295,-0.9600100284868527,-0.16361890390617395,0.6209519910265945,0.0,1.484961321970379,3.764234336746825
22,0.7723778804771888,-1.2291642811929706,1.5363546844704692,0.7251605307378446,0.10563925354064133,0.0,0.2815415629448556,1.0402395652126732
22,-0.4230681208838357,-0.06010755867498434,-0.37568957954802507,1.0087660598587282,0.7636394303363031,0.0,1.5420428494415623,2.4124545340934427
22,-0.37976201681325217,-1.6544009252023648,1.229020307938282,-0.008478698507015684,0.1913179323909724,0.0,-2.9475046891784227,1.6522878472500864
22,0.0597319402785189,-0.259349035186511,0.1213502519977683,0.9057594888982126,0.8919985213327084,1.0,5.689861707922295,2.8369002518007167
22,0.6253100117591592,0.28434485698201306,-0.21562265983014386,0.21524722875963878,-1.4675762249524156,1.0,2.3091793960503106,1.8754986541747445
22,-1.838254996624163,-0.5204350153472818,0.3215710552761784,0.881859421100073,1.076849756080678,1.0,3.7020038547598553,2.866227422995874
22,-0.2073116627908777,0.5195581526202648,-1.7792462420024184,-1.2752210814776057,-0.05289015567403714,0.0,-1.8403676303263328,-0.7122095783645206
22,-1.5043762556675935,-1.3368914158669363,-1.0963170711066057,-1.2354829763672348,0.18045857395556814,0.0,-0.4485851461433827,0.9717584209740111
22,0.6537954335734439,-0.987095827114444,-1.0910642629469842,1.3562306908167339,0.6943433279692974,1.0,5.864632968244169,1.129287437844481
22,0.06198272490267381,-1.2302775357050826,-0.1506442324868246,-0.8944354278222064,-0.41390533985559635,1.0,0.03226059968599099,0.5987787403223855
22,-0.2890106001613895,1.2448382884321443,-0.9428992466803819,0.10172262782968954,1.3112092083567768,0.0,-2.1746767459550425,1.9406029174454724
22,1.0127012311806651,-0.7624226470434025,-0.6243258188229671,1.684988325619244,0.41534492991039534,1.0,6.95116261097156,1.902394053825001
22,-1.1530659995177919,0.035294485471616434,0.29617077205450476,0.40376458386039,-0.4999892880764651,0.0,0.036225368143060876,1.4568515022877326
22,0.06766292097118472,1.1606400858347674,0.8523603335163519,-1.102624601569139,-0.9501659359140009,0.0,2.3204928177566018,1.7506767365947749
22,0.9057479655869554,0.7770116403733645,0.2696931412730356,0.3576158132709113,0.927945553973252,1.0,7.335584088530941,4.286636469602596
22,-0.07735211072134632,-0.6944636131342431,-0.01596126958404462,-0.1764135270327821,0.48108427592939734,0.0,-1.2814062871613605,1.812037725664529
22,-1.0772206858167443,0.10518361465584157,0.2771958011130756,-1.4367188795071923,0.8896830504823064,1.0,1.0563226358203062,1.2275820998022844
22,-0.8687366303092703,-0.3145952472767836,-0.7450247771414907,-1.2701694962208399,1.8225968929651863,0.0,1.5222430627020636,1.3204068899911765
22,0.9826421529359685,-0.3772137016797578,-0.8176814747887127,-0.46400664237230344,0.4479036830268049,0.0,0.7436391879000313,1.199070476774256
22,-0.6943380056489674,-0.11520151552868658,-0.6334182985141323,-0.05971517084350316,-0.5743950908532915,0.0,0.05491020736894736,0.8474636686279722
22,-0.48947064974370835,-0.306241106452505,-1.4392068386727392,-0.500318445610268,-1.4383050629860923,0.0,-3.806010614777982,-0.8056649643291434
22,-0.475809845177272,1.292406397071297,0.1279170892753366,-0.42061206052840794,-1.5220245555524423,0.0,-1.0203697949944017,0.8778285837598023
22,-0.4053404381077977,-0.5933412862162922,-2.090842417654315,-1.194057860151535,-0.32052013321461337,0.0,-1.6943251548909162,-1.5584659866176764
22,-0.5916588640448255,-0.4728076217996578,-0.6839622228819359,1.1563300332422954,-0.8617842354401568,0.0,0.2663712740025825,1.3278745684948383
22,-0.23356708666534032,-0.7415511140190185,0.6075309364518203,-0.41798253853644624,-1.1866344462341853,0.0,-2.021442981127383,1.0081597729867742
22,1.0690682285637838,1.2499095839904337,-0.4539060827135639,1.4233511338974651,0.5820878315522465,1.0,10.463302057303745,5.170235198516988
22,0.7602953908838785,0.3454793247807298,0.08839822756762009,0.7616648188142576,0.31584700047335235,0.0,4.597098410643881,3.3946041398239792
22,-0.048924021836395305,0.8780527232436973,0.7164713534191125,0.7431360885298629,0.10300931802065023,1.0,5.7851609944126485,2.9070426393715914
22,-2.393361919968339,-0.5179309909950834,0.13729433754002998,0.1743077518093558,-0.0730903373337992,1.0,-1.9324506280212117,1.8937956593739718
22,-0.7868923226110891,-0.0817726370665329,3.2371373926340907,0.9854168585270249,-0.3882817999073756,0.0,0.5659121082653029,1.5517109334422545
22,1.5762238890434963,0.035735462298317755,-0.41661061357556567,0.9289917533508195,0.0342902322473788,1.0,7.2170914268328215,3.0501082017023977
22,1.6344744965899052,-0.7462184496574356,0.30748020759099803,1.6298826267956257,-0.5971274000653493,1.0,4.384355964545733,1.84766994593584
22,1.051664945078486,0.00947570624871665,0.24211177640747358,-0.15460430992387403,-0.21321153517591937,1.0,3.5583885154420964,2.44851739394731
22,1.0336102681735777,0.45684981360564497,0.7618342343276339,-0.2721776481735732,-0.7975061449256267,1.0,5.638248323468449,2.7870810686211804
22,0.6459961657617451,0.4163864266943282,2.516346596241527,0.963101945062642,0.43031695749255433,1.0,8.726796080488201,2.944238953272519
22,-0.12851715500393443,0.15880119529389225,0.45054371254543907,1.0410451482231566,0.42927995360494564,0.0,1.0794787445458827,2.8553782225513706
22,1.2668648212130544,-1.182882680891858,-0.3352042433200067,1.1359212720845224,0.022756183525145905,1.0,3.423514878767844,0.8995183612894903
22,0.8614209829928177,-0.515429620768721,0.7223368792070337,0.3040745357836498,0.8847419463053244,1.0,3.6622775571472745,2.4348332465815785
22,-0.4419536156967584,-0.1796591837544234,-0.9702973023184264,0.7836442932387293,-1.1973351451203373,0.0,-1.280625049989899,0.6416548147737061
22,1.4238895926503055,2.345356491973435,0.9049675696443251,-1.239402638484324,0.2308518619645138,1.0,13.056860991165138,6.790071222505997
23,-1.6440088253232215,0.032733203362461515,0.831630833619351,0.7311533932764842,0.3827877514403042,0.0,-1.0301929799406506,1.7870059228388806
23,-0.2856077978996226,0.48894604781038753,-0.9316117593500995,-0.06367669428578736,-0.8129663722365954,0.0,-3.719147132581427,0.6544360959071528
23,1.249672914520387,1.2411866954024628,-0.7180434585220004,0.15567392437034958,1.1046011717173396,1.0,8.696931885138904,4.82071742165404
23,-0.4668692386912256,1.3948536735349477,-0.4114292187684951,1.1964571673511648,-1.1993336925593616,1.0,-0.5287537025489977,1.5221752591765645
23,0.10927759130157766,1.1600197056153287,-0.12114956982155031,0.3713714784727613,-0.8189857611554607,1.0,4.566015759372365,2.4697012438381605
23,1.362052011487179,-0.19140876261730505,-1.649121082784278,-0.7380896787458519,-1.1729746348605077,0.0,1.18337494819037,-0.5337244604235714
23,1.4882258222706497,-2.307435948908818,1.6110221807162362,1.9711541195996145,-1.985395769941549,1.0,-0.6700080150336096,-2.085415566960696
23,-0.589975503883603,-1.6057173440774433,1.2696468455688366,-0.5174278437955511,2.121699751992853,0.0,-2.6544236042967526,2.583065004611155
23,-0.37952972610259994,-1.1943807013720154,-0.37691020250416124,-0.26483577148734355,1.9579874164090414,1.0,1.7849096580532082,2.2542747579091182
23,-0.5558009574090375,-2.4734435301416813,-1.0290987501511621,-0.21895817891469938,0.6143170453746527,0.0,0.7573086197070824,1.058841372897625
23,-0.11825570086027179,-0.5684174538783684,0.6349899612754761,-0.9372177624240132,-1.2992524263964569,0.0,-0.2446522717728955,0.7282195644263376
23,0.514634753681848,-1.4502955109790594,0.2192336606003735,-0.023008143555760818,0.12598795463232731,1.0,0.9169762762022529,0.9229682848432371
23,-0.8060584928222142,-0.7708804138502848,-0.7325994128873312,-0.40233738586772944,-0.3891720402867666,1.0,0.06887417208876256,0.8142892489001066
23,0.5334660152101244,0.2545037574387321,-2.1159723920549354,-1.0384114667071873,1.4986495385913214,0.0,0.9850134349099369,0.1833181908985304
23,-0.5659567722819937,0.1044164335843604,-0.8891821260293016,-0.5262277724372348,-1.0569417807491785,0.0,-2.616903339624516,0.10400616606478119
23,-0.6245505303473243,-1.1722848138743578,-1.7324920570422941,-0.7552131670841153,1.2811707163551775,1.0,-0.22065128890991004,0.06947412830924604
23,-0.36549458419487707,-1.1753357202413843,-0.6581389251105255,-1.7495259231792055,1.5140431089749538,0.0,1.3789473840115156,1.003484737591634
23,-0.7517517128992371,-1.1381627280131512,0.13564002241827186,-1.027414831792201,-1.1107843987438897,0.0,-3.292810273650348,0.9001939432701502
23,1.5043959209872182,1.1324210289358458,-0.8955021957857039,0.6174080546112134,0.5013459189000325,0.0,2.816397995434854,4.7587708604124614
23,-0.5740500498458527,-2.107509694920175,0.05655704727211152,-0.6679589235231683,1.6967124195241985,0.0,-0.8022361251627056,2.4100925211495414
23,-0.835859819631606,-0.2812760826207726,0.8149994783707882,-1.034509696972261,-1.1807309403878588,1.0,1.0855432876142692,0.662287618124803
23,-0.4527649216744412,0.49478224422953676,1.130309095718212,-0.1736964936664929,0.5290878456298446,1.0,3.1684265203852653,1.9662190786816385
23,-1.6475024311797306,-0.9456878604499049,1.7127837721078012,-0.7223876831902168,1.1585245780531126,0.0,-3.562526406499911,2.19437739900311
23,-0.8112745261603589,0.9229485504536743,-0.529127183583288,0.3471617706301389,0.5221219387762505,0.0,-0.2759521948907169,1.3403986067297922
23,-1.30746425983889,-0.30552465075908736,-0.543119909628242,-0.41166567494491085,0.2005155703090132,0.0,-2.1257470431652776,1.0719335506772465
23,-0.8543222286064538,-1.4341516373144665,1.15191889736006,-0.467396651071012,0.044579834815961436,1.0,-0.5672506630408939,1.8522769201265807
23,0.2952061446812556,-0.8194944500259559,0.1276706618613956,-1.1674527898542433,-1.402262794644442,1.0,0.7059200144133182,0.26677475400829065
23,-1.914912375590294,-1.112888101421999,0.7448246634338251,-1.6982585334765135,-1.2708038967557178,0.0,-1.155921241917892,1.2402708404853922
23,-0.14160280499851827,0.34825640846614325,0.780101139563606,-0.2518712267940824,-1.0667695520269624,1.0,3.3861637345167734,1.4955853028103827
23,-0.6143921545926342,0.38203350969971583,-1.074666237163757,-1.0580697667208234,0.9024290086864368,1.0,0.541209639667665,0.509974580045431
23,-1.7016546135360067,0.9348069656660605,0.8427800441678631,-0.10090281025477545,-1.6157127579688946,0.0,-0.6200461932900494,-0.7456700633992135
23,-1.1440921348784263,1.8779767510724097,0.37105616123458474,-1.1810749031874537,-1.1253026271102138,0.0,-1.094522056247074,-0.8173519053396627
23,-0.3417545091655019,2.0141001935572502,0.403070969344663,0.010840009040141544,-2.1221007864013504,0.0,-0.2635439040835964,1.213610876027544
23,-0.7564140719724182,0.04709380803315491,-1.8877096720157436,0.34721030025451294,0.02563267298447886,0.0,-1.9920242378864483,-0.45935100518044025
23,-0.07282920854634443,0.01978629820570063,-1.1741541159043627,-0.16802971209089662,-1.170602794963813,0.0,-0.39522466277529333,0.10196763716249374
23,-0.09887087998292261,-0.6086729820276223,1.1051009750794305,-0.6428293526601788,0.1284404197241795,1.0,0.41156266011010467,1.4508083367665092
23,0.5854468792478444,1.253877571443826,1.6924110964703316,0.11827808170783978,-0.8123136712976631,1.0,7.063613425854288,3.0316134821494627
23,-0.7415827441467078,-0.47470379212164077,0.5017508698266704,0.34301325284504386,1.4007253330852094,0.0,-0.39156184601090616,2.743375406038134
23,0.028621816554260163,-0.1855420535100509,-1.682808427575801,2.0324286373605416,-0.6707312748597601,1.0,3.6203952942099784,0.6438957812587173
23,0.1744034860531824,-2.2628462808433425,0.01509957341785323,0.34632322870181576,-0.30974416602366356,0.0,-1.0651097157751044,0.5868556444785933
23,-1.234155876700218,0.5139056840500593,0.8744619128865252,1.2397750033398627,-1.1804167791715763,0.0,2.2710574009802778,1.1139550227768904
23,-0.9643164801040384,0.11360362050220456,-1.048733818384649,-0.9362560945434937,-0.5736600516988898,0.0,-2.2901476217672396,-0.3155622914818144
23,-0.46272750117314015,0.18473604451652148,-0.6202158570681595,-0.4444414744714003,1.1789201099168667,0.0,-1.0192613017419507,1.646406229760823
23,-0.48682459218510665,0.1931815255075973,-1.0302457310474566,0.5138610597147978,-0.544069062387521,1.0,0.6371135026577313,0.7435142468783558
23,-0.030322495467845666,-1.0614694076701658,-1.5754529647652382,0.57636307718328,-0.8071767680484029,1.0,1.165099708656776,-0.421499499221906
23,-0.8012671870934028,-0.17225549262401899,-1.3448430532920126,-1.6813296803975044,0.4793184719806456,0.0,0.294309412234434,-0.3981302906646236
23,0.2733259862750391,1.9713994473589975,0.9412480793669087,-1.2198740711907772,-0.4185370481066959,0.0,5.667622511159883,2.901395564476306
23,0.23882577991808615,-1.5469664407850987,-1.1831994967838753,1.2750662124557814,-0.7260032959355792,1.0,2.5473445074042687,0.03737051843799233
23,-1.0114059568271196,-1.2548694609533873,1.7585043898484871,0.3643535327205754,0.568213431518079,1.0,-0.42712045727162895,2.2949727068783408
23,0.3706078009273589,-0.4936859433271402,0.6418424957503656,-0.7221678402855946,0.20688038941482595,0.0,0.12112077087954726,1.619768656405517
24,2.2646396506318065,0.8329941427618702,0.811614794328785,-0.8679948619721379,-0.9425920696822503,0.0,4.495897683516616,4.62409035216075
24,-0.027105597519366833,1.3588621077748488,-0.17922594106579243,-0.14505150078334647,-0.1705544023563345,0.0,1.2422820330448159,2.3656115411189838
24,-0.2648264239765676,0.694473162531419,-0.5419427009750988,1.2282747508044667,-1.9620131771581169,1.0,2.712764684609347,1.2497762123988148
24,0.7332219157878764,0.1207141220604439,0.3603444611263206,0.8918689985733421,0.8047223675134964,1.0,6.10406676505907,3.479721595748016
24,-2.1423902912534416,-0.2892093268238922,-0.005141400343880964,-0.5488970321410002,0.2808161994943241,1.0,1.3181637896264555,1.2671751114238716
24,0.1788145268742283,-1.0643412854161747,1.9708969674388293,0.1275436725279773,1.9390256293528723,0.0,-0.2334423082956761,1.9961390354965527
24,-0.45326907406990186,-0.14062042529983748,-0.9639853341766649,-0.9233243992447843,-0.7145198887661341,0.0,-3.0840582922481943,0.036130017181691176
24,-0.8978524142595133,0.07024071672516785,0.12861364200413217,0.435266471574234,0.6667170277865437,0.0,-0.6899347676410825,2.130167584926526
24,0.3366081370128307,0.3637658255694344,-1.0860234424506614,0.04312557531058699,0.6089864717077804,0.0,-1.2362067328338127,1.7216852443241737
24,-0.16115849438437835,-1.9203794192008636,0.11614846022453994,0.5153659334674661,0.2636055221941297,0.0,-1.3502594203277394,1.709538804206911
24,-0.9674784581351538,-0.875649745064209,0.38605122716914075,0.6129640491211173,0.29380061756733294,0.0,-2.2889297034238973,2.4984192332355137
24,-0.6144153177955471,1.899700167814261,2.559437719832624,0.30775936658024733,0.4172324788543064,1.0,8.636839626626076,1.2823725719275987
24,-0.4652881202916771,-0.2949692081024527,1.7522471147223193,-1.0512866098346803,-1.8793429192942022,0.0,1.0092284165128602,-0.012530936086111555
24,0.809308539422041,-0.327510829430969,-0.011644374850100562,-0.1525046187126592,-1.1655743267689649,0.0,1.0992157850456068,1.3109120888512102
24,-0.551321617090218,-0.1347794693484117,-0.8738265386050013,0.8021803847888466,0.7341947204011662,0.0,0.06378426167790638,1.704427674360373
24,-0.39967868952594277,-0.7657248933509626,-0.5651877250362916,-0.9297199807180881,-0.6189699903669807,1.0,-0.9488579363377052,0.5108913570012816
24,0.8679813723674289,-0.014036734167465648,-0.6604530123091935,3.019734520746035,-1.3616640400475173,1.0,13.251624940281975,2.7033118304731953
24,0.8395184237665585,1.6284644777054607,0.592315010924426,1.3317205188771082,0.7997043488203994,1.0,12.707920043657042,5.7926377933156825
24,0.11438137682042884,-1.0617123810210616,-1.6928885450893667,0.8189800975686932,-0.8585593314452106,0.0,-1.2448095269067216,-0.583128631663417
24,-1.506875521794055,-1.4356989017699733,-0.04720431542723242,0.22431619217195672,-0.0828587519701324,0.0,-2.0233011321494803,2.7381449655148224
24,-0.21236642978616357,2.3540034872926547,1.9441547849248026,-0.702785019879203,-1.729300860619786,1.0,6.424319113309808,0.9621970956051978
24,0.4359527471353868,-0.5552874735245126,-0.4314961747317605,-1.4771744307278343,0.7704618105172739,1.0,4.602358196817876,1.037490160770607
24,-1.0765056950243486,-1.0645859558450073,1.6127999013231684,-0.9003732835918588,0.5596013571196014,0.0,-2.599746862244275,1.6695097818360867
24,-0.9840630132778821,-0.38331126926287384,-0.7053763964647107,-1.0210734521513416,0.844764323312501,1.0,0.31514282572613816,1.01404011890702
24,-0.5000083989432301,-1.601688633966131,0.8990180511957652,0.5707115178665341,-0.5342083079685138,1.0,-1.0498760630629782,1.8401487389510423
24,0.23106022911979454,-0.3702149340883122,0.433186556753492,-0.8604205510125102,0.9398741999277002,1.0,3.3806473079232617,2.0088335574276086
24,0.81224739240382,0.08098151679738323,1.8199935936074638,1.3834320581127764,0.3418605602925926,1.0,7.132518499143812,3.0384084849883157
24,-0.13062725705673128,0.20185631161914994,-0.44684897180754235,-1.2363547624184155,-1.8912369469357098,0.0,-0.9554350711128811,0.1238394688829586
24,1.8472178926950775,-0.2338673217734152,-2.2317940870770085,0.32693980542417483,-0.37141058104212965,0.0,2.920749779288359,-0.37736581671086655
24,-1.5521672780101672,-2.386204718698888,-0.6784391151250483,0.1450626337652051,1.7720529643109206,0.0,0.027273281451357656,4.132494370767976
24,-1.2248462111754246,-0.4802667821643659,0.3921195269767128,-2.042757085396637,-0.16638477296464402,1.0,2.4193264298756563,0.7512864494563685
24,1.9903518643235485,-0.15559179071176202,-0.44657356459646763,-0.20954722464417802,-0.7431234314311502,1.0,2.782850774147773,1.81000771066895
24,-1.810736042167041,0.5234803483643354,0.5878169696382478,0.6051837756270423,1.4682652114300376,0.0,1.049042156906142,1.5712736484638234
24,-0.13697141379852246,-0.23739429609898458,0.19478582528157884,0.3205921906145644,-0.6952839722856395,1.0,0.48151348873456135,1.7364695461624808
24,1.0229745950387528,1.773733210196281,1.03969849684458,0.20933548028269583,0.536451258089123,0.0,3.0779514863339497,5.612060784448882
24,-0.04370843682733733,-0.4651129657719178,0.6535399631523331,-0.4891469857018357,-0.48840786159278265,0.0,-2.111586494753255,1.39784769476528
24,-0.6771125947200863,0.7129589885314199,-0.6109169463993003,-0.2707412436455944,-2.7187705836662697,0.0,-3.897056889611024,-0.4459223160153504
24,0.7958822684838275,-0.5959414714605136,-1.9204590543275297,0.5843180528712693,-0.333647557255232,0.0,0.2038699885053994,-0.5518040944397133
24,0.3841939924487926,1.6806234562776543,-0.04600813332250676,1.3109517338342809,-2.462351628457822,1.0,5.603826351457692,3.078331958374163
24,-1.1547252708329188,1.5114274559271057,2.3621951803806045,-0.34983072910004825,0.5249113929616941,1.0,3.1070214387830593,-0.009631617355149835
24,-0.6506524566959727,1.0015735868972293,-0.7508242731106513,-0.26829957989239017,-1.2931228041112306,0.0,-1.7945492842906376,0.09878768553912654
24,0.7077312765262053,0.5753075866317436,1.0680934100739279,1.3456223401046805,1.3212748665735818,1.0,9.162212970633085,4.397973729651075
24,-0.0944938610805858,-0.9898120255931241,-0.5909951192953519,-0.30006134422504105,0.29630893478373876,0.0,0.5182376613169553,1.0843910745149383
24,0.80347353550059,0.5614474513765588,0.6244412263055388,0.5932939256281113,1.4743418008075173,1.0,8.431839685557774,4.290897068414792
24,-1.002449328990667,0.43581130310018207,0.2814013741203902,1.5280163647248992,0.782155364317095,1.0,4.922910314358524,2.536256007376302
24,-0.3291490899942229,-0.6687843323444251,1.6966926521111736,2.110793105586569,-1.8058902233843108,0.0,3.8381159478211613,1.5963967953086975
24,0.3067800659103209,-0.3874946171132814,-0.6744791009079557,-0.00046541149394258567,-0.46548581687393453,0.0,-0.7238684623740779,1.051584289228432
24,0.12818419043834967,0.6204910237813768,0.15142640291590678,-0.12169030235889786,1.9780918698252714,1.0,4.056217220539152,3.4463456449899548
24,0.6844145293833318,-0.47868140522784985,0.6125121384357439,0.3878831857166751,0.2547191655642096,0.0,2.151720499535471,2.221013608914345
24,-1.192120277936031,-0.26128703037365003,0.38633039067259206,-0.5899041658013096,1.2296260008592244,1.0,2.0210931572588304,2.024105998240184
25,-1.7912777037690208,1.583436596896549,0.3509646050083493,0.9564712158544479,1.0803135434864677,0.0,1.2816675159607858,0.1926209723163037
25,-0.46755802958353854,0.6570954342805435,0.3453477965331471,0.4765432510968681,0.8657991736990365,0.0,0.7805229670434466,2.572341338572108
25,-1.0672308793817404,-1.3447210052146776,-2.4467297268959554,-0.5900960017584558,-0.9922308858907932,0.0,-0.6220653267956656,-1.5535179429781454
25,0.8968185695975927,1.3814404958616684,-0.8633795862292531,0.28118986673018964,1.428351314044285,0.0,-0.7644061640026527,4.450984372297777
25,0.17652243928591976,-0.392303452916246,-0.3775815205069748,1.5721436290877269,1.9390569697390339,0.0,3.84647547716465,3.319227652248104
25,0.13791422691199026,-1.3572938426364674,-0.027947713924617062,-0.21752840710714358,0.10423102903601776,0.0,0.2251735276236645,1.1321070032027136
25,0.578453583887385,-0.20285858929662362,-0.8382553274886939,-0.9363381755608972,-0.31634647973405966,0.0,0.9335690443968644,0.6937441956281178
25,1.9964866595458368,0.7261055256081101,1.053007079170514,-1.341524558450009,1.2975600579238493,1.0,9.260818690746653,4.8104377690597255
25,0.006761079383886746,-0.1464979159242132,1.262449275483294,-0.2835419077004522,0.735827493529437,0.0,0.013240979536221165,2.0899925902353393
25,-1.0064769167309349,-0.34206204002001167,0.003124817989682419,-0.23061704632175942,-0.033308767910921355,1.0,0.0962205321864043,1.539602688633301
25,1.732726188949973,-0.7812334375339774,-1.1297792622515093,-1.5086421593353634,1.2178127012847235,1.0,4.231641759522958,-0.1613621858972175
25,-0.31941768689549926,-2.939343257579396,1.380479984141864,-1.4723299915492982,0.204659014540681,0.0,-3.5331955864081164,0.5550717910036067
25,-0.47429968853576476,-1.099728281860638,0.25564156487470074,-3.151379563771416,-2.421843097342446,1.0,5.541712866751066,-0.9567024869993719
25,0.16924508095628568,0.4526525064381413,0.25608259822874274,-0.985930336135393,-1.722533872196061,1.0,0.5368008200292177,1.1287568469925764
25,-0.5472062393562794,-1.1402210986149197,-0.6922595039633184,-1.996857377241123,0.9132734040881934,1.0,2.377133009675667,0.6621064810561819
25,1.222845081018388,-1.1089232923047616,1.437444764400081,-0.272940005464685,0.2130454287936184,1.0,-0.28917347713995256,0.5226512848652438
25,2.6459997511986235,-0.3431647883963202,-0.14272702371912768,-0.756210199760097,0.02734522724217477,0.0,2.6934363977255695,1.7974393159198971
25,0.5436331571817165,1.669015425895349,0.32216052684677743,0.08536280527644254,-0.5821609659820396,0.0,3.058688114298957,3.874891173629594
25,-1.2102827612627682,-0.3474066227806904,-0.4760223412738336,1.6198071081731216,0.7305799103044532,1.0,3.7335121400610065,2.4676225942778913
25,-1.9127550122141366,-1.7356366005276436,-0.48741175868198544,0.4089869662114312,-1.4594393525266396,1.0,1.2910156919072753,2.6102677234220573
25,0.5186225191400748,-0.002974366018915871,-0.08800835557132815,1.001840680675235,-0.5955362713920076,1.0,4.782307446474843,2.411559293928302
25,-1.9957297058516976,1.6897060853292036,-0.39614269465952723,-0.5324335758480885,-1.0860744755022753,0.0,-3.7203073169939613,-2.609977568321367
25,1.5732628686127574,1.007213123325617,1.5451978669094895,0.8497016590005005,0.7661013099471563,1.0,11.724451898146956,5.480945085884407
25,0.4926430925313475,-1.4082071030958359,-1.1107723637629892,1.4718933876546256,0.5382996915520676,1.0,5.1771155555810315,0.7421544292185084
25,0.2735952138733935,1.6524128938103635,-0.8181168264443249,-0.29617386537641294,-0.6831811510505819,0.0,-1.8480373078602073,2.1999572627663824
25,0.8863620228884113,-0.23886412617682634,0.605835424928416,-1.400526722332845,-0.5283559982607572,1.0,3.094865104686596,1.2725318630940357
25,-0.9915294002221204,-1.6697653065495504,2.0056471766237727,-0.35780851424421073,2.0830526359120753,0.0,-4.9749636076865915,2.7691445518169107
25,-1.5312175730544397,-1.0595899342542927,1.390959831178229,0.7343346435233494,1.4125446932571675,0.0,-1.1615173929087113,3.2748472661639743
25,0.23397385564650156,-0.17728144891895767,2.243858057931714,-0.5873928135179951,0.5854014502397941,0.0,1.6735840548559058,1.4844174026854937
25,1.8740151403552423,-0.29449280248872667,0.8611820259484921,0.37541618827034107,0.09692102629505615,1.0,3.9302606948546197,2.556178041611137
25,-0.551962289724254,-1.6234298276882568,0.11792765403861387,1.256024047940973,0.44819769468901344,1.0,4.980760711674429,2.7125052734450557
25,0.3829224103537884,-0.013511981440629352,-1.5106115657846053,0.594318210551278,-0.7878680016333381,0.0,0.15796819697585035,0.3875989295164879
25,-0.3400302899494631,-0.1198102368042869,0.20636381667854659,1.027253660581412,1.5620002273872788,0.0,4.313638178199671,3.1874101442993226
25,0.15507025259722498,-0.2177839163334906,0.4200019924265924,2.1131106622466582,0.4172686647193846,1.0,8.21535206116045,3.3231501487884634
25,-0.44064454947932474,0.18688006253907166,0.36552957980142425,-0.2901232476583429,-0.011003529801480474,0.0,-0.71198605953701,1.7569060737837705
25,-0.08858833396834848,-0.20119259079842325,-0.3546428680688122,1.012282810041033,1.2806722720763801,1.0,5.502841139581029,2.7798595257064083
25,-0.22505953297510556,0.35251637161217775,0.7114785710071978,-0.49220507885837395,-0.03463119634446165,0.0,1.1155925528778918,1.8341096621312474
25,1.0802682271025448,-0.4232243263126279,-1.306535545816414,-0.6859565002754298,0.35133715719513087,1.0,2.0850128335930043,0.31194449521504275
25,0.17654663097091966,-0.9048340947769847,1.1465585595195584,0.04289713309756282,-0.8296856666079365,0.0,0.13985013466148333,1.0676221085771185
25,0.2958791313483033,0.16130287111789784,0.5713566315360963,1.4853339112600346,1.5855472078568975,0.0,5.465777851715478,3.938604148743756
25,-1.1156898675258278,-0.1787099058547842,-0.08518747606128262,0.21856000970218287,-0.6466214600984611,0.0,-0.19405613410468714,1.2919342219786007
25,1.104011476362307,1.3051211554860724,0.23270080301906973,-2.0001993940728022,0.3010166773352461,1.0,9.542536105958659,3.8852412150116624
25,-0.2590420696383868,-0.578125453932301,0.8737558489980698,-0.09880559843413385,0.4872194052446824,0.0,-0.48864424297876563,2.0042111820473076
25,-1.0944794727150329,-0.3588056170042696,-0.42003399173667927,0.7479657390884507,-1.2903995905432646,1.0,-0.6051442936936681,1.0979039953494805
25,0.021628986796434137,-0.7674043604931405,-1.3781298929172303,-0.27965784472410765,-0.28814139448986503,0.0,-0.6760155859655934,-0.17097376184102503
25,-0.332515259339538,-0.46434025053792227,-1.6980721272163648,0.2454376128242511,0.4234432582688239,1.0,0.7992591629365364,0.11444438338547025
25,0.7143827157068233,-0.24096609031934615,2.0806092936223486,-0.8008535493961881,0.07510553212683094,1.0,1.8302963692641907,1.2539829347034375
25,-0.33205129114054255,-0.8494449436011958,-0.37393113014230783,-0.15243078664772627,0.30375317583757117,0.0,-0.7538444578722181,1.5109053903878769
25,0.2754206057671564,0.36417798068422713,0.022040951373217432,0.26642410362108476,-0.6930084999842812,1.0,5.194542953688112,2.217586798842479
25,0.6972471289727155,0.4499935812709443,-0.8963510794163861,-1.2364941801741909,0.7345926940547589,1.0,2.297200813909182,1.812714926317176
26,-0.03491946087663853,-0.2215795732469909,-0.7670651171027553,0.7250042401825975,0.23012951380533095,0.0,0.22407294976390063,1.6934728908307148
26,-0.2238789258794046,-1.1100169844246546,1.1263090589146725,-1.0317765101004093,-0.048108561928115925,1.0,-0.623138534681525,1.034768474730873
26,-0.08957023776918858,1.1045352096470913,-0.6195195702445161,1.0337865918731661,-0.17665852170442625,0.0,-0.9565959439285706,2.3415107638536723
26,-1.0881261493153052,1.210448366584428,0.9971405904350156,-1.1605047936440729,-3.2818694869826213,1.0,-1.2619808936065937,-1.4358700525804315
26,-2.246843008932899,-1.0127051983699578,-0.23512831595493863,-0.5608395352172524,-0.9654402207907962,0.0,-2.4898777620039887,1.7373959112910935
26,-1.7152581854982478,-0.4396672939395164,0.3734837807800974,1.0286744457775594,2.173236313889744,0.0,0.8718295808200746,3.395439356896868
26,-0.45194243774753495,1.849169707473463,1.1638001184210396,0.7825234798570104,-0.16127213552665587,1.0,5.500811054912542,2.151273794835981
26,0.14024751953672587,0.8928525123339791,0.7285525939959402,0.22811669508504925,0.31736464723551494,1.0,6.264769991097377,3.024926186817914
26,1.385286589942643,-0.6956056037499836,-1.3859757474049854,-0.45159888996935865,0.1367475361494821,1.0,0.7669938259823342,-0.2854160007334693
26,-0.44385730691246345,-1.1818476330116958,1.079032141398727,0.20120881460490153,-0.7077647317782149,0.0,-1.400040330907279,1.4701391034514222
26,1.3971289318519569,0.46938607045340197,1.3108623846533554,0.2553402599373079,-0.43145548907994435,1.0,6.031168053861761,3.4134406518256943
26,-0.6293136058141762,0.6794519315463042,0.5646480292280234,0.6142979144856238,0.14226511309864298,1.0,2.4539282395662116,2.1028633450756864
26,0.15352697290549258,-0.0422515366816978,0.577352735396131,0.16830841563318227,1.6664845233756003,1.0,5.021199586188274,3.0931342864100952
26,-0.24896670329928372,-1.7524226252474726,-0.5590209907872512,-2.1051678506914424,0.9411297989636745,1.0,2.654992002170081,0.4218454393462181
26,0.13499567557408224,0.1717186311676802,-0.39090475368404426,0.7954341065282583,-1.5374372003087617,1.0,4.078197674963603,1.5346492067411266
26,-0.974310396442884,-1.5829315181404664,-0.08841289301360379,0.579701882966087,1.245415833284582,1.0,1.5452231722017937,3.128092214777017
26,-1.3263205790467278,1.0778584580734636,-1.453386918377567,0.25459681958824404,0.2837167757647499,0.0,-2.492102084041845,-0.8942137294747935
26,-0.2149880031490295,1.7628759521014263,-0.5745425499493663,0.168959016516174,-1.751457729751856,0.0,-1.9623763969994366,1.1558671540015373
26,0.7374031789279942,0.08872973452885964,-1.0420897458069112,0.04993537476309946,-0.6275218839296935,0.0,1.7981341196806822,1.1730748651344123
26,-0.7737444236360599,-1.2147120065338217,0.4991269960839541,-0.8077875770186179,0.09672230627546409,1.0,-0.2639462106912638,1.7176800567560966
26,-1.3694463506490147,-0.5418497849780602,0.7063506985118869,0.453009427835322,-1.3693602643862652,0.0,-1.3666558768845125,1.4421216327672954
26,-0.3551424950229983,-0.5708580737357022,-0.09623650613501175,1.0883557216454938,2.0149485832032648,1.0,5.481490876973685,3.238642415875691
26,0.7503760068349006,-0.7832847742329827,-0.813282661004408,0.08633116372059445,-1.3923317371706805,0.0,0.19572556071891625,0.02326303096164961
26,1.0742054705190236,-1.7816688782159273,-2.4179430927128562,-0.947361228253958,0.3809131655169234,1.0,0.7912927787541424,-3.5092000004322843
26,1.025589822822428,-0.2983393468635639,0.5373714546396956,0.7848346908309977,0.7352069529767128,1.0,5.994746343507098,2.9454151358349434
26,-0.16996762209283223,-0.41272340437908367,0.34674053933166776,1.665802113507745,-0.12127691771067914,0.0,3.2570486402492467,2.664922352754981
26,-0.3897957723191305,-0.6485874954200755,-0.7389379086131495,-1.1863635028094461,0.24842046114834043,1.0,1.8211863090093114,0.634368852154911
26,-1.8180337838061758,-0.30045136256105703,-1.6425754390046559,-0.062156474093715386,0.3239457466797868,0.0,-3.5168020521864856,-0.27512241973906665
26,0.1891029256051008,0.38402937133701176,-0.0806024518202925,-0.4091091587781117,-0.10655724122632305,0.0,0.44763903626587687,2.057806180855806
26,1.377323400577556,-0.39818765135169576,1.9486594709382983,0.04379438364644234,1.2741346613685625,1.0,3.56077764979125,2.2054937609435186
26,-0.8889083839748677,0.9370210561495445,0.34769331343634924,0.5574460071860967,-1.3839045115720188,1.0,-0.2908334208486578,0.8919090386439361
26,0.26752417869819,-0.9018395475869174,1.6071672659442033,-0.01863227508632641,-0.2732284090630684,0.0,-1.4420416112253363,1.062868801341429
26,-1.6914009474865146,-0.30260162077293573,2.422934971013185,1.078404117012982,0.5665552706699575,0.0,-1.0960269277323795,1.7960764082033531
26,0.263884198282841,0.4974229175488424,0.13439600625553422,0.20144686960940464,0.7942814366841822,1.0,5.813676202377808,3.067960204156229
26,0.3039544075084298,0.6047574047527497,0.8501948633781222,-0.6367273755279872,0.11728132009322496,1.0,5.387646240896238,2.463385725068121
26,1.0688719446667223,0.6636173386312986,1.309538569021955,0.5113891422941186,-0.6765969628252425,0.0,2.1863286216502864,3.4060278038853333
26,-1.0068534592223048,-0.18851176386212773,0.2329508519626766,-0.12285597766371291,-0.36081437096825936,0.0,-0.5058778236843808,1.4397507906204368
26,-1.1384970043441818,2.7905424736251025,1.1203736042237238,0.18060392728389246,1.8952635665271764,1.0,5.231999723387922,0.6824651714917342
26,-2.1228979776936976,0.7781478549098304,0.2835681135422511,0.4563245866693651,-0.5119585603690301,0.0,0.6996110608903737,-0.25027324473498513
26,0.8829648225560177,1.474187666176591,-1.176900177465046,1.4842744181168417,-0.5373855233689746,1.0,5.3306948013561914,3.749015558284905
26,0.7008787704857652,0.7572433996685736,0.5102479345305418,-1.7423229174186134,-1.8101336162184085,1.0,3.290206095632498,1.6113160532680937
26,1.5659704738581917,-1.0394745869549882,-0.4693852764692752,-2.132304426337194,0.8250119466393389,1.0,4.956403450380599,-0.3610309265503987
26,-1.0352368179405445,-1.3506391317849258,-0.43768457610928,0.00621813345435491,-0.713906729104136,0.0,-2.508348541882266,1.5383422637141877
26,-0.32916034530464133,-0.4000549832975344,0.3230928948549277,-2.376453656791567,0.2311600580237278,1.0,4.72792732651262,0.8042321783335409
26,-0.6987583407986709,1.498057503168296,0.4237520313349014,1.2085633563769196,0.7415247579208202,0.0,3.5698410459737415,2.451342065464791
26,0.5245895496789096,-0.3174509506755669,0.20073740701936593,0.7712338020606575,-1.924501953951037,0.0,-0.8261187361780405,1.4406922870366303
26,-0.09913827544635895,0.24271086756538626,-0.4351220941771072,0.5322666520854126,-0.2999625448591794,0.0,-1.3938303541298471,1.8531339495254895
26,-1.335803009415534,-0.07472207002373843,0.19572640991251913,1.0645340647019337,0.17779192227386978,1.0,1.9243871428278911,2.09448428152687
26,0.38258744156052565,0.3617661913212824,-0.6465268957405018,-1.7181781678887793,0.7652187349078018,1.0,3.3298044894639798,1.5090217221108966
26,-0.9962797201323341,-1.8748451204412084,-0.7921726267670469,0.5551246617554919,-0.36182134226428947,1.0,0.3369062251902907,1.835173421110279
27,1.6039036972248528,-0.6569145743197996,-0.22157335963163488,-1.04736458039377,-2.3781187912945945,1.0,1.5376921760327042,-0.42810863082456674
27,1.5636718326847883,-0.8813623819433895,1.4963218899972497,1.4107658879069898,0.4293844026009239,1.0,7.294997062595873,1.7056348957902854
27,-0.7666368457061429,-0.874342774563489,-0.4490483183375181,-0.3905941271318808,-1.6326812838626037,0.0,-1.7226136283295683,0.514512355202777
27,-0.1775501031151162,-1.3615176963610365,1.7296384192085845,-0.3847172401716437,-1.2113608240480147,0.0,-2.8716476116167744,0.38080890303242304
27,0.718686898795724,-0.6728371355680831,-0.5517954619571062,-1.2664605848804114,-1.1959552727962346,1.0,1.3292465498656187,-0.11615532916467275
27,0.590164879299455,-2.6244661730184338,0.672873532313822,-2.112550025486546,-0.4410654155429963,1.0,-0.2745937516124708,-1.7243553544850723
27,1.017409881082916,-0.11412116371833579,1.224192177687329,0.35478591294920725,0.09392602963574088,1.0,3.269680219317186,2.511694286018797
27,-0.23757514781734698,0.4236627411181483,0.3446651008574515,-1.9053541681907562,-0.7550218703960179,1.0,2.727586770018628,0.7757252510472074
27,0.49450525086979996,1.4690230430321687,0.19510161425728906,1.134431085366688,1.775641347197838,0.0,5.222505551220702,5.241818753832222
27,2.138248635150571,-0.33606144292493995,0.31061443076719375,-0.3584210267174959,-2.0044807568569847,1.0,2.6155797907955085,1.1085129507687261
27,-0.6947311402417885,-0.2574248122120793,0.5916062044708561,0.020253910129240986,-0.845534639911902,0.0,-1.479938312461009,1.415971772485077
27,-0.708730521727954,0.5901454185246893,-0.470397406802145,1.047114728237376,0.37751460854187,0.0,-0.48856972486980466,1.890957580726557
27,-0.293222549107993,1.2490702709789359,-0.5863847453289426,-0.05373220837392766,0.040138650969944505,0.0,1.66452321947404,1.6446257719841222
27,-1.403553020613773,1.2617086610482726,0.29866864873296745,1.4880862320042951,0.305854678751701,0.0,1.9573183168185906,1.1602366811587976
27,0.638808883808397,0.05823736424891322,2.0049605092596745,-0.6388920105442272,-0.38640236485456697,1.0,3.181610995136121,1.4549064602362451
27,-0.10574203625470062,-0.16333242694456965,-0.12115501736662332,-0.734627693359515,-0.7204336458232987,0.0,-1.54751239139183,1.0872953975077704
27,-0.34335458567558264,0.9352307866522981,1.8493113703151316,-0.8224376638123274,0.3649711725087433,1.0,3.562819451868262,1.3958165418392872
27,-0.07296792311772393,0.660531176620463,-0.22582634388044387,-1.4573086225779102,-0.806191564284909,0.0,0.18185634442641596,0.9755301849638893
27,-0.1922443373597996,-1.069352768552376,1.2341738307955359,-0.6726099621992463,2.6732350858876197,1.0,2.965102729411452,2.5224789770896088
27,0.852815556231046,-0.41032240130973135,-0.9355042560128731,-0.08001247137785622,0.9068660409079685,0.0,0.6754273854571411,1.4104045342840987
27,1.8807079965072924,-0.3420282468479658,-0.30195112273146,0.6611437663294877,1.9822773003993948,1.0,4.954993490717515,3.2515776628235886
27,-0.3553422665145668,-1.1496525130344637,1.0310505453495287,-3.335758454033825,-0.4341641004805546,1.0,7.012918522403465,-0.1994953350904689
27,0.34639413396378665,-0.7543320949078379,-0.5354248811763777,0.7627621762284266,0.6093531213210756,1.0,2.144321651428479,1.8131319447489505
27,1.650528184059437,-0.27113348963364853,-0.15758118018067796,-0.13332349016279582,-0.6119395027988132,0.0,1.4601620811642808,1.7783715514159661
27,-0.6699814343772045,0.4591990536335234,0.5164613404643259,0.8940984460980379,-0.6702127797397507,0.0,1.3010303043024873,1.8266995046088477
27,0.34466397242272256,-0.2936505084287638,-0.09660782497863384,-0.21306537687611093,0.11528292894149095,1.0,3.029514251516939,1.8224379371751107
27,0.39939485484870946,1.8652786806231383,-0.6323228110231457,0.3243269419386819,-0.9310387356442176,0.0,-1.882312434229229,3.0644590310407622
27,-0.6083830165396751,0.1128717648263284,-0.3940605862225423,0.03913160674384122,-0.37109818361870023,0.0,-1.8967924668814402,1.2439191789802257
27,1.030333206907958,0.5356037100891379,1.078585092015013,0.3679414699851774,1.2692594790057206,1.0,6.564594876580924,4.165287548358924
27,-1.0813862089878878,1.9313666897448742,-1.5118208055499132,-0.8935594998465021,-0.0888457551268312,1.0,-4.879262705510888,-1.8517347527277148
27,-0.11276037625474361,1.2836307776955267,-1.054351484287615,0.050358959607871824,-0.08656637851041427,0.0,-2.365989640168797,1.3892048300773951
27,-0.4216715564268984,0.5122958598702431,0.12806949042907753,-1.241878449224498,2.235122337725509,0.0,2.0130188419987998,2.381758554407384
27,-0.8827764712746445,-0.1047275138404373,0.013828440725775739,-0.270208878751503,-0.5922903091569103,0.0,-3.031136141138886,1.1742680076017424
27,-1.6686928384263868,-0.5668700651780978,1.8986602743687535,0.6691006093630524,-0.7044971915050909,0.0,-1.8799458470828327,1.4377609177621617
27,0.5168181689246827,-0.8592008748687137,-0.20237890377815793,-0.42208321132469756,1.6071299397036882,1.0,4.963589187665822,1.8556831263188038
27,-1.660896145675634,-0.2363465104142665,-1.5143039057625838,-1.370192615400044,0.48459521183327364,1.0,-2.191275390395894,-0.6995625969507561
27,0.06356870390296745,0.6482525902346439,0.5766745452387558,0.5924969801138397,-0.05968411888718729,1.0,4.561679968966558,2.7901433775612876
27,0.10681034944023812,-0.16931938993924373,-0.666196296577739,-0.49690571824831065,-0.13178795687609662,1.0,-1.639208215314508,1.0893934671804892
27,-0.6183974860234821,0.21069325685194834,-1.546401850187124,0.6909837206208059,-0.07981392071642052,1.0,-0.1789281387724786,0.2226317371064461
27,1.0728651646256875,-0.536559748785827,-0.2853122957407543,-0.09899520850172902,-0.21375649702135743,1.0,2.1495701434760273,1.3530382456624508
27,-0.018300391416126743,-1.2472447595265208,0.8452913890607909,0.2673566846963081,-1.5793998135351672,0.0,-2.139535638802445,0.8201899256428808
27,0.6903608534334214,0.5913193780847795,-0.9248751563934192,-2.306102164521851,0.17270514651595859,1.0,6.502243125426064,1.1218620694539199
27,-0.32049097383705644,0.6750698950074804,0.4508532781595047,-2.2653673996000103,-0.6030640436708159,1.0,6.2970974821102645,0.6522221979774725
27,-1.2384718916859436,-1.5929295750963384,2.853632772863709,-0.07704336523921965,1.1492965721527137,0.0,-4.393688695299083,2.561215503081964
27,0.17127725363219534,0.5846268658016923,1.2321755359095607,1.3700330363307127,-0.45682683726185686,1.0,7.210834140081939,2.8829627307232295
27,-1.5127047473188704,0.05551109735627771,1.5503137070061441,0.9627182426927055,0.7434240346965684,1.0,2.538872715868304,1.8361404543302415
27,-1.1344737728267353,-0.24686312942984912,1.8033038323589667,1.169458010221351,-1.8363187898246696,0.0,0.08262662469777046,0.9271945428994663
27,-1.080783820105957,0.25725869838058496,0.4839302320388735,-0.17468502809273198,0.48456465634057205,0.0,-0.2831248317027255,1.5922745080564646
27,-0.4016224927442877,-0.1461072096751452,-0.6989360824221807,1.6420272008115067,-0.5870417183575484,1.0,3.9740524548108134,1.7283669393701195
27,0.7336861726044264,-0.09628411817142495,0.7071659418430062,-2.4685124915541268,-0.49349131581163713,1.0,5.83151688460059,0.8808459311087918
28,0.16288754021600335,-0.16896818477829437,0.15157949385507324,0.4804813796078696,-0.6658861532605866,1.0,0.6704981492684163,1.941058033855763
28,0.29281037740767896,-1.41622367720205,-1.532252998556129,0.05181582280388782,0.9134292713752066,1.0,1.712442281030174,-0.2213618058052763
28,0.3341505900553437,0.9029003583346261,0.4634596760837205,-0.49696211236360305,-0.7302817389702879,0.0,0.7703482188413199,2.4328492954285412
28,-1.1895911630543685,0.805036232101488,-1.0019890418390083,-1.650174194726021,-0.8033032333735536,0.0,-0.38132971375403735,-1.3390471709108422
28,-0.8472488662576355,-1.5726904562475228,-1.0111020321590558,0.3009696377729774,1.4807512601313286,0.0,0.4649247601869461,2.0387271403214253
28,-0.9556086802762482,-0.11661224576333194,-0.693286879184802,0.5152616986069046,0.09093818305942468,0.0,-0.386836124479666,1.3009313443454253
28,1.1558881320761025,-0.5429804891758782,-1.5839753062575925,-0.19411704021416493,-0.6472433331506048,1.0,-0.49907634634886844,-0.5470173197147465
28,0.9673004421824891,-0.11751869904591919,-1.0957658800849144,-1.1454331218189313,0.4025987277400121,0.0,1.0829678016825495,0.8492803679390987
28,-0.27979152060371737,-0.647327939259122,0.8923563549944816,0.12553207539003527,0.3242373908939065,1.0,1.8233560369995865,2.0161992731615284
28,0.7297666095606594,0.8142855266881942,-1.9371710980659704,1.6052076342108796,0.49761438552193354,0.0,1.5350318601576252,2.0908567537168685
28,0.13957546537008825,-0.24181334966810303,1.0947150739699387,-0.09119558865568751,-1.7014305618168233,0.0,-0.6607242685663479,1.0244740387072295
28,-0.386462407950457,1.058428349077711,1.7251679343059363,0.15955004448041415,1.3818297813104774,1.0,6.651740732318687,2.4064548723579664
28,-1.8937167203582703,0.5770176850554226,0.07814560967401325,-0.2314678954422926,-0.7298914085404856,1.0,-0.8716770312553137,-0.19571621756675783
28,2.1483601423026095,-2.4676778601534552,1.148011669207652,-0.6384203460425287,-0.9519416317880053,0.0,-2.17678564662658,-4.271993263165236
28,0.9142417912421519,2.05499305111488,-0.25111983365833684,0.7597187925792166,-0.6416780778642004,1.0,8.16845428006755,5.26547315271476
28,-1.0497260028714628,-0.699171216575928,0.8185836224826135,-0.6876508339678442,-0.40233167495087335,1.0,-0.8591533195359699,1.4070462547033107
28,2.1171138608193263,-1.8553378927120021,0.7042526554028418,0.5397260796468206,0.3953543246726958,0.0,1.9616124381016509,-1.2153114116399353
28,-1.651797598444498,0.750644920222239,1.338391206958388,0.1757276902969048,-0.15685406410850888,1.0,0.5202403090782322,0.2184612472136136
28,-0.46613657808913783,0.6534448451814779,-0.5659920953329173,1.823539239166775,1.1951537381497856,1.0,7.142006120556241,2.8594670317689053
28,0.195356907937524,0.2501451919179905,0.320213749630245,1.071842579755317,-0.22595895029416577,1.0,4.53053636943139,2.803835488614163
28,0.453000388526002,0.9088385658502826,0.8146106725177371,0.6905875655182618,-0.5619571292126269,0.0,3.7886732431376533,3.2503959200815267
28,-0.27277531452633647,1.4423656674849115,0.5178992550625304,1.2654437312353672,0.9837017064995606,1.0,7.719407912456807,3.443736856713417
28,0.2833819973316715,-0.00872109873611861,-0.8519315483338256,0.9514384638900156,1.470895730205489,0.0,2.5885576472967173,2.578591151014144
28,0.43560895390048965,1.4010179819799053,-1.2912422807084138,-0.2649779828657935,1.8618195723629645,1.0,2.9762573947010114,2.957336134525016
28,-1.1736964597083857,0.6758497205085872,-0.7484960524445721,0.2572972251722765,0.8786811019021575,0.0,-1.3137654890827755,0.884288533405291
28,-1.1438306253412776,-0.0779061379465427,-0.3249242575097161,-0.32179522699849017,0.5032971020670928,0.0,-2.5249662635263546,1.3542067625599532
28,1.201621945848611,1.0206515342400786,0.9794286198935066,1.689579921321077,0.9775391682643482,1.0,12.02653314101895,5.718344862880107
28,1.057879125232593,0.2837079617390947,-0.7941496928039865,-0.20337176369738227,-0.9425963740389799,0.0,-0.1790135734962192,1.7017548747691413
28,1.7211155251641592,-0.11922665832546936,-0.7541032025109488,-0.8603920570224248,-1.8021626047501629,1.0,2.701043731193614,0.6162984640231843
28,-1.928634116535079,-1.1343016775880579,-1.243196161828285,0.7092183285702842,1.4989287949009389,0.0,-1.8371664590106862,2.460432249499051
28,0.18677140851601964,-0.6661914470508313,1.1874061732965344,1.0235501283251798,0.36342303152279865,1.0,3.643774220476616,2.297120779924722
28,-0.8815684575274352,-0.29208739603673484,-0.5163731692875162,-1.38599773466438,0.4421669438309143,0.0,0.8678750913515683,0.8101806966184277
28,-0.7554416717398234,-0.09278981628294461,-1.6896769038014328,1.0425775420066317,-0.5903635219360247,0.0,-3.179754003156355,-0.09135065164338006
28,-0.8712406533449022,0.5532818611308318,-1.4059115656627317,-0.4713751499231897,0.4907078568737488,0.0,-2.1577319079732415,-0.17017181947301518
28,0.6092362102150883,0.3139907606491414,1.5933055170014045,-1.1179035411716962,-0.7230545106364837,1.0,4.30478666191967,1.5065744695992245
28,1.8514972809934667,2.337958221321097,-1.4282719880261139,0.8865113354505184,-0.22453530755706683,0.0,-0.1138555222205164,7.182345368957394
28,1.038917924400058,0.22540402606971724,2.234750991558022,-0.9508157667294452,1.0125197167392375,1.0,6.049378950488445,2.39832852503882
28,-0.20570746297945414,2.0684416317023158,0.13584395515596223,1.4794116204038121,-0.12643980201799598,1.0,8.16190983144856,3.2410684808950476
28,0.2645381250397302,0.9234720955952822,0.3709038591304353,-1.4475442544759216,0.1990050499151291,1.0,6.107213886702345,2.3314811297005975
28,0.06673022424791772,2.6805299188373226,0.520719512324386,0.6924406543228353,-0.6002724478818887,1.0,9.836319618161575,3.7264077372040187
28,-0.728864501519858,0.7770860463411225,-2.1292712511560765,-1.4130795489752586,-0.16918629512204605,0.0,-1.644783131856587,-1.9279416615815086
28,1.3020335966958554,-0.376230461995905,1.0307251780437132,-0.6676089960837801,0.444910643487022,1.0,3.709041281059309,1.8912472937076856
28,-1.3410309170367292,-1.2787482058521606,0.027775220157169107,-0.8048743209133272,-1.1824562244165817,0.0,-2.959462404138802,1.4247879484922752
28,-0.43661450276791003,0.8898704331707563,-1.383488011083967,0.013817864898422403,-0.3095753552353059,1.0,-3.02094247344852,0.18468984642465847
28,-0.31875334820414286,-0.2544726781606964,-2.051998695523623,-1.3639743443109942,-0.9248716974921765,1.0,-1.0560389072611105,-1.8387667001029635
28,1.3754799904331232,-1.6473678568378767,0.057793023220084526,-0.7423996914002848,0.341182095554084,0.0,1.2572019728821722,-0.575247295470839
28,-1.0221674429554062,0.8151561821341671,-1.0251742011769227,0.4045834377567337,0.1793889805055123,0.0,-1.1053670629551169,0.3616173545707525
28,0.615415103246023,-1.3136544290668106,1.1696912211215722,0.8843376590433423,0.3855361444796908,0.0,0.16637661289920702,1.452656047359367
28,1.5816127871717554,1.0945339299351042,-0.7726233608777965,0.4161025746458019,-0.36988414784118306,1.0,3.5375070508212154,4.422081738513302
28,0.5007327901522169,0.017678049706902545,0.8331917898724169,-0.8318698506451878,2.607031994808876,0.0,2.576302719086137,3.244751370642259
29,0.496736156775181,0.5926942081145393,-1.8622012155123575,1.128070760136526,-0.81162666108388,0.0,-0.5790530218593984,0.7789510988191213
29,-0.311697169823081,-0.7701146338518203,1.8407526709436814,-0.028447489633048967,-0.3847320750202168,1.0,-1.1551797277177593,1.1462338409228936
29,0.366629609000672,1.270442131715633,-1.070569867680812,0.2995511933096101,0.552542329137367,0.0,-0.5801915679880633,2.6547036626287586
29,0.050005933765757835,-0.5042819122954558,1.1852063110772428,-0.5131758065582266,1.0387109080768366,1.0,2.1111309005704646,1.9791215261161612
29,0.31521988415981567,-1.4175738796835953,1.4428983964739368,-0.6756315277944581,1.0979322967132734,0.0,-1.9607131074152397,1.0621246363487844
29,1.4737848022723787,-0.9795664615558662,2.514564063282768,0.5884882429398497,1.347876228134133,1.0,3.634314538580443,1.219128744645614
29,0.35878979956050644,0.06213987134875269,1.7233486040645605,0.09133402262889306,0.24320612766683214,0.0,1.0532561814710686,2.109743103668492
29,0.4170789053816035,1.2253064657642663,-1.1974476192844947,0.6852707703340843,0.024763580259865157,1.0,4.438107301516263,2.453271020892603
29,1.8426170550121084,-0.9792154231622532,0.7402915149137864,-0.39281471793053235,0.21980547898759978,1.0,2.837762058481103,0.6492948770327567
29,-0.02480025765157514,-1.3307756102707406,0.29206896437732155,-0.8977056897557072,-0.8282925879069706,1.0,-0.7562194823143253,0.5959011874395876
29,0.6039022741484055,-1.3880896298820746,-0.8079984024154246,-1.1320657518096642,-0.6641709958558099,0.0,1.4149038676143808,-0.8415349548727626
29,0.8056554680097593,-0.04337399659555143,-0.20093950249113526,0.11180649251821566,0.8022479015793282,1.0,4.432422853863319,2.682633178986004
29,0.5377140770912487,-0.7710537798595638,0.691574439826874,0.30316929123952024,-0.4917162711360788,0.0,-0.31345460896960475,1.4904802769707268
29,-0.9892276643177914,-0.04590482903218193,1.511907081421097,-0.6114873929305412,2.983536145186272,1.0,2.128097220030488,2.528677210816601
29,-0.6434970650129169,-0.47457797000093266,0.20671370899200134,-0.525186996765369,-1.5377892726921898,1.0,-2.0868562609775325,0.7969314252414696
29,1.1111390281905438,0.7923525235728579,0.46937163138559834,0.37653364953175716,-1.5710482249135556,1.0,4.187103670778946,3.36144080859832
29,-0.6630444861283717,-0.4950957874261378,0.29251079888009773,-0.3471086146683125,0.18015694040084754,0.0,-0.08990740082236237,1.7695028447915488
29,1.284340885436262,0.8989060113073496,0.8294861971771833,1.3885472426744445,2.425067147131826,1.0,13.690298508116317,6.242930306544748
29,-0.48772810975632863,-1.9924488277004562,0.09644391755933675,0.5240395703594113,-0.20108022323913127,1.0,2.7344170094145817,1.936739353255126
29,0.08446656209771268,-0.05884989225705151,-1.021222838716062,0.8947866941031354,-0.5279620480572565,1.0,0.7136237727641668,1.2029619600347559
29,-0.057494322002015444,0.3196345142722601,0.9070673436286175,0.5658582006713918,-0.9732978241814201,1.0,1.5768080417900259,1.978565236600191
29,-1.2242179332496828,-0.41306136481282835,0.42531740732345075,0.001885514578122308,0.2778036579009857,0.0,-0.45872071209387766,1.950448584634577
29,1.1369519550909843,0.701025317652169,-0.015339890020905961,-0.37669636597056844,1.1952819016430396,1.0,6.57940685581113,4.117525910864487
29,0.983097659222429,-0.11235454775057373,0.21429851914519524,2.3244183473698716,0.5266291879672143,1.0,12.703081361296308,3.8347149030384378
29,0.7535828582135041,-1.0033392777447774,-1.661486142414425,-0.5641394349336362,1.6447481018478967,1.0,3.488808097139414,-0.26198177970741476
29,-1.0513172496730858,-0.4997632520323259,-0.4331383769409645,1.2503407469301322,0.40321519397138117,0.0,-0.4370809456711817,2.2677312364662914
29,-1.3098607950550387,-1.1646294158934314,-0.18177852835029293,-0.2985845351927421,0.2648015411605485,0.0,-1.4789069714311118,2.1640002737366646
29,-1.2683681174433288,2.252012851363428,-0.37910091313056626,-0.5088237027005093,-0.22090351143541595,1.0,-3.044796344196431,-0.9899752475063227
29,-1.154381041236667,1.4430203410964308,-1.6492364874335617,0.7439976139136333,-0.27300309183052046,0.0,-3.029549861228244,-1.1889564034685294
29,0.1423336359495853,1.3357189400878346,-2.1039138479863833,1.346653169455885,0.7505914001016175,0.0,0.20409616430035427,1.417588682601092
29,-2.008679574864926,0.2741654322735187,0.21732505664723645,1.3060958707235977,0.182556775694543,1.0,1.9645564602854466,1.4114989853811075
29,-0.17035125271427898,1.0317730897733617,-0.9516483412997464,-0.22811542961749434,-0.30115138829377497,0.0,-0.8518985119925261,1.0948310140401591
29,0.6151231483841487,0.4219829673620254,-0.4983439829167226,0.31257104532276037,-0.018707374233591423,1.0,4.551833167365742,2.5542596884794264
29,0.46544657338933165,-0.03303070978910024,0.3406149469874553,-0.9439060125766161,0.11029283185351123,0.0,3.702421482309414,1.89688419464699
29,1.8778012606426098,0.5283370753111365,-0.3231367510133737,-0.6081012572815998,-1.5249926373117544,0.0,0.4362419110327892,2.915309904101712
29,-0.28814549743386114,0.42778045003569976,-2.2866929415027633,2.0903342401742036,1.057040544054491,0.0,3.936388832899611,0.7206012063148404
29,1.3697815374954978,2.108419157001232,0.14026008645905247,-0.5389523648229385,-0.39170048420497366,1.0,9.9440412587921,6.2221572699729535
29,0.12623881633857978,-0.21936569831615585,-2.0165731421602398,-0.9276110622794744,-0.19020921992747647,0.0,-1.195350518820425,-1.0726115314590938
29,0.02443277447413566,0.2752818016418603,0.05769544554837147,0.8921098014074411,2.4402526899884887,1.0,6.30455145425758,3.849948234131454
29,0.45145442201000724,-1.268018222026851,-0.4070322076683125,0.18845517613568646,0.33108093213734574,0.0,-0.8933562419039978,0.9938173886561498
29,0.35763099266126225,0.7543411585283374,0.4839767303646693,0.05973005750064175,0.7399422220201088,0.0,2.524625828613649,3.3527379005874693
29,0.11949318301076783,-1.388206579624214,2.0263339357625507,0.0682170557938609,0.9118042242474009,0.0,-1.8701905385903859,1.2629945232602058
29,0.3365753892274654,-1.0041171401429745,-0.22403728166385012,-0.44559430653158993,-0.6779011651306419,0.0,-1.8217303084430005,0.6295100744945975
29,-0.5085675311527321,-0.20231584923161702,0.3079728463140255,-0.7713043750467878,-0.10436536732588349,0.0,-0.5558908536319267,1.4165511472004833
29,1.2502251991476219,-0.6378789412287396,-1.290266607678218,0.3729456367592071,-0.5950097579430033,1.0,0.4041884507660618,0.02938013740380485
29,-1.430777895258829,1.4993976671087013,0.2662942956744843,0.4608699630828036,-0.8081818592454895,1.0,-0.17625837008425876,-0.18675124803983767
29,0.5768487691483534,-0.804900039161221,0.3643849731623671,-0.444967454640803,-1.5084176555638023,1.0,0.5249201792995192,0.5615118174715534
29,-1.7804140921423104,-0.6660279813295473,-0.019598827966789908,-0.5609595079192239,-0.6122122986416317,0.0,-2.9353416448282315,1.3660071988392057
29,0.1900929208518341,0.9006869236061973,-0.9760341682751591,-0.3506365539808581,-0.34613923847828154,1.0,-0.7109246419085313,1.440510920525392
29,0.8306253927902516,1.3786158177589674,0.7548967749102539,-1.0072298274112612,1.760892734477318,1.0,9.686268659663584,4.732356029682528
30,-0.24662642429121073,-0.3736352004204037,-0.38266668059454045,-0.6497620500612903,2.0711155552492184,0.0,-0.07489385431300422,2.2290331217895805
30,1.1214994903758364,-2.882330950212456,1.0871629842231785,0.005625734494351787,-1.1626608514077519,0.0,-2.011271047060828,-2.6828856111678174
30,1.51926346219743,0.4945151445666331,0.3367116857984107,0.5645491696856829,2.7207539800626073,0.0,4.704072435027625,5.513041688688595
30,-1.0510579977071959,-0.5580367352375143,-0.3073565461286108,-0.24809207261725943,0.34459501145989613,1.0,1.180660880747512,1.62969145347115
30,0.7048926977437,1.9889541999562703,2.21964154298392,1.0407401273912198,-0.9341829237630059,1.0,12.595360382753688,4.307755416110029
30,0.4702927635478469,-0.07877321082782336,0.8032242215267691,-0.19812396087762416,0.09602975165369172,0.0,1.65961392511911,2.203668488561012
30,1.501509704081484,-0.5963348702545395,0.03408491810154758,-0.9719697046705594,0.23261679690478632,0.0,1.0591630986910283,1.2039699929278476
30,-0.23809200213963,-0.9846469761773747,1.5826421638468071,-0.03797211078929417,-0.42821983459718566,1.0,-0.6004023088272926,1.169446630018865
30,0.04277360289644263,0.3576035925427811,1.6557289610628414,-0.21978129811129202,-0.1329889019234005,0.0,0.8070527561915751,1.7821334122054597
30,0.8890262160595596,1.5942299612207531,1.0342481000870307,0.3886195018868617,-1.4468452921724486,1.0,6.499006990566402,4.158123792212251
30,-0.49794912284447546,-0.2646908969162787,-0.05531179537664633,-0.4942361614744842,-0.6954782326469832,0.0,-1.729751837146608,1.126440187916947
30,0.37240305689765824,0.018814229885028656,-0.05227686448943902,0.5833042086561182,1.903455244822825,0.0,2.6050901834134192,3.418490290490581
30,1.3631263850874218,-0.5845968169958232,0.8494498478525406,-0.5036306646375692,0.16360979285067861,1.0,4.19996050142828,1.507496290708175
30,-1.653465182046519,-0.0912860886549504,-0.5239725017817879,1.3673468007374472,-0.837543570188016,1.0,1.358097576563148,1.1473165784468742
30,0.1943334217415045,0.5775813259281155,-0.19453051275202587,0.9720038702017247,1.194869314157298,0.0,0.520837927859453,3.4655105973829827
30,0.6247481772227967,-0.2903966548439223,1.4457025639040977,-0.6423355563336635,-1.0258127952743927,1.0,0.3735544854404629,0.9992958507106968
30,-1.0818206492959785,-1.1666790210074907,1.2432890452448928,-0.47542588918694934,-0.2215315727337325,0.0,-2.6511049654159495,1.732737219425861
30,-0.5759647560828294,-3.1610852670847085,1.6085344758212143,0.45320530460318137,-0.672119673869216,0.0,-5.785788306483671,1.6092295544198305
30,-1.6603908007171668,-0.9061685662923148,1.2752829369669394,-0.6832514601874484,-1.3981320947270204,0.0,-4.454047334085101,1.1094949831665961
30,1.0147171286743086,-0.6070427058523824,0.08571630724626887,-0.3035905599104813,-1.4605858308877198,0.0,0.06605470668565691,0.74495914423009
30,0.954857420944713,1.1461127653184644,0.08328773091165353,-0.7369773525290362,0.2579451436904932,0.0,1.1060451269106233,3.9435207148412736
30,1.1095832962655183,-0.0421143698752541,1.2949195309457968,-0.7471451486015105,1.0826656699163981,1.0,5.317836131833143,2.5746157708667927
30,-0.5033161369846433,0.9733412423465561,0.950368089212447,-0.48018260595529116,-1.5841952363315164,0.0,2.435873005981279,0.7694929626701446
30,-0.41724264765730756,-0.1540265413078529,0.7861424853557741,0.036747478218452666,0.8412120620301395,1.0,2.4299732868716393,2.317263130481481
30,-1.3206120521800682,1.1513887478377178,0.01748650797248998,0.5491881727150273,-1.2547791227348637,0.0,-2.8189221239819333,0.050645384581408326
30,0.7049829512329336,-0.7058394909809805,-0.021300499788706902,-0.0984490542233813,1.3844203544596232,1.0,4.246974213971203,2.134075475832714
30,-0.770032994108168,0.8439121257063921,-0.07562937257238199,1.876528847636195,0.2567231916097249,1.0,5.777474272713162,2.413052180128563
30,-0.9425176249147582,-0.9322609818051815,0.17850709601353015,-1.0283907437171351,2.005636806999644,1.0,1.280842978179792,2.5032695529358047
30,1.7371929261548709,-1.112146864308754,1.1921359689941255,0.6020743468113493,-0.21801358375589774,1.0,2.92240148179833,0.5382837900411717
30,-0.5611872226209929,1.2811871260576957,0.3900514526750011,0.36936062058862423,0.3081840819912559,1.0,2.6245010576986427,2.099701681337769
30,-0.7558681320533095,1.4284218514017377,-1.1892482200301107,0.03499079131020718,-0.16725957709463773,0.0,-3.6535347088901564,-0.03182250347326265
30,-0.5785937848757203,-0.1232106307881217,-3.4600127046361333,-0.13380951256939963,-0.23703397683632227,0.0,-1.6385516298243679,-2.144772631873351
30,0.14599535256839344,-0.5865470844835465,-0.48738797005142054,0.39099696816727997,0.7130575206324269,0.0,1.9962040631377387,1.8859833812014994
30,-1.2797788781751835,0.08112088036908256,0.8825100102147357,0.6749559735429598,0.0716318842923279,1.0,2.5601271258182154,1.746617722544378
30,-0.6672584482645257,-1.5137177656887153,0.16606385705922444,0.46009243345779227,-0.5601345104958246,0.0,-1.5760284736631056,1.9388068066452926
30,-0.26179195124011956,0.9945834700555002,0.769158016079762,-0.5525506522459886,-0.15740811694696083,1.0,3.2249588212825704,1.8541179852963463
30,0.08006877975977485,-0.03842056765904222,0.2830313524504478,-1.2798399661738413,-0.3035338704628591,1.0,2.2615781728876456,1.327789868595635
30,-0.5162964256624828,0.6782105462119601,0.04354849150860075,-0.7761738037059034,0.7082181629467705,1.0,0.6214481327771091,1.7176477190862722
30,1.1236037943549622,-0.12753277899036758,-0.32386122256303107,-0.05863304023504631,-0.9960819472270832,1.0,3.316179548270582,1.6134648218051688
30,0.10737283805222718,-0.7075679965481246,0.5953099912281156,-0.011086802861510356,0.20604967387936443,0.0,-0.08789134276183955,1.8470399742256485
30,0.4855844446305669,-0.23186207178293233,0.8005989169993012,-2.049873183335505,-0.3691455038508714,1.0,5.269755018918833,0.9013396336332384
30,0.3523990179825371,0.4265321013368039,-0.15374470495989212,-0.46475260548235353,-1.3395857981860653,1.0,1.0504467939427917,1.548938043853701
30,-0.9331578706937707,-1.6536620359116805,-0.017152847646747547,1.6611036704588573,-2.250730999750896,0.0,-1.0149996828858572,1.9461805960220158
30,0.7286853736117422,-1.2788325672292487,0.6836638274621577,1.1081993217512154,-0.5425580447738335,1.0,3.2088552238266965,1.192976084209374
30,0.3349669520250693,-0.10779897569418044,-2.1806217966770443,0.23702938830143386,-0.49484224034295693,1.0,-1.6527893341056759,-0.7144668286246092
30,-1.5249722872379095,0.24434386674818837,-0.3859696442925583,-2.1839801448104317,0.4603708176598263,0.0,2.7868326091061713,-0.14128748304976657
30,-0.7985229125274902,1.2317254219013105,-0.8968388971240457,0.0806179559561626,0.8233360955091054,0.0,-2.7040509500503243,0.8606808958819346
30,2.315813053129965,0.6628711804943086,0.4392931566903044,0.24570361218870013,-0.529896522687644,1.0,6.15719360624921,5.007030481876936
30,-0.761941691293567,0.7575733969327494,2.3223603098336976,0.37379479585005765,0.9149324473749131,1.0,1.563506867247252,1.5433505991322325
30,0.3184507297717527,1.0979294544141078,-1.4125890884536796,-0.31125239054199727,0.6744616606670311,0.0,-0.9595231981666159,1.6906847072410023
31,1.530891741705069,1.7196391382204255,-0.15327059397727852,-0.31217179053388244,-1.0874952947051932,0.0,1.6219725298467615,5.469654994789298
31,0.6196298943132886,-0.4579661319464628,1.5785476165737984,0.7375480657797179,0.5267818735653587,0.0,2.692185172090372,2.2107499410461324
31,-0.2150651403851733,-1.6292641034781166,-0.21831636783283082,0.405268584231495,0.6933206586019719,1.0,2.0720841077955066,1.8446332131304324
31,-0.034621737525131376,0.8445503190159096,-0.11866164332382799,-0.5627907611663578,-0.3289958827851358,0.0,-1.93401409483687,1.863468311915291
31,-1.090117095998634,-2.0757425749495395,0.8923648028911265,0.4953182812430902,0.1443520924904561,0.0,-2.7484830182002,3.0734628675269287
31,1.5632848679636642,-1.9501326730039519,0.25612890314791437,-1.5778150663401487,-1.2936663543192417,0.0,2.016970363473617,-2.5823351409970714
31,-1.122623908062979,1.0116083695774718,-1.0885621630624323,0.9868921707863338,-0.13080753771719683,0.0,-0.46035312267828676,0.15635743777452626
31,0.6728235323224301,-1.9058353734732059,-1.17124501175121,0.9052298387634824,0.6343528165379809,0.0,1.3027217734972198,-0.32562294989337803
31,0.1983970951409886,-0.2474967843237455,-0.4540996251193307,0.16811562624689882,0.9012035097251981,1.0,3.0543237009132236,2.1326136126230675
31,-0.7402602366211222,-0.117166153009318,1.247918697375543,-0.6459962605165824,-0.9606177667536319,0.0,-2.4467942445059294,0.7959693865765228
31,-0.6814900681343034,1.1237910981193315,0.9601632461349782,1.1951235774689162,0.05158177214136673,1.0,6.008693444142087,2.132118589412843
31,1.3455044576151902,-0.2469940908997785,-0.011914360534042281,-0.05893160013737992,-0.10632811536348177,0.0,4.375471822960156,2.1282655198761176
31,-1.7120558013743326,0.16520396309126928,-0.42848916784714985,0.08439862626241967,0.7768126355927353,0.0,0.030900865460144145,1.0696912582805231
31,-1.8332333278431585,-1.047336884261475,0.6059518585858321,-0.8780609478853456,-0.5267861079838762,0.0,-3.625207765199809,1.902240521054366
31,-1.0916581218897323,0.7859576948105057,-0.6980631736816552,-1.646191315653082,0.3582334054242317,0.0,1.705054692535265,-0.23776936679506022
31,0.4510071283279926,-0.19544262637672732,0.6662947654275408,1.0297482883603162,-1.390543489573554,0.0,0.19055214833172118,1.97850319432714
31,-1.0411937452227389,2.6749547251688357,-0.059793268400190606,2.147426997969271,-0.07687367153099714,1.0,7.205509019134345,1.0353273054518701
31,-1.2426539983375926,0.47544755037909076,0.06314828780914344,-0.6737959846865517,1.2970141393647034,0.0,-1.5695569555500448,1.3667700071463753
31,2.018800599875651,-1.0044942993807882,-2.131932416332032,-0.0517984615530328,-0.4961462605260065,0.0,1.0297046104522245,-2.3928075256996126
31,0.4445085789043344,0.6196285154856247,-1.3541810488884547,0.22414000209336646,1.7242741641900452,1.0,1.535132520037937,2.3195405344340476
31,-2.3250700672556,0.013794644167334995,0.80994385993849,-0.6744361842685936,0.3860917861826397,0.0,0.15433657478409435,0.7626275985319202
31,1.0650909294190987,-1.8021561902422003,1.2405188050689369,-0.2002054417417113,-0.10778617747924805,1.0,-2.067247670491252,-0.497423685894127
31,-1.1227757408302048,1.0646184955202758,-0.21942421708984694,1.4786301743401689,1.0582733179272783,1.0,3.5875390665140974,1.9103561353679768
31,-0.21982816549477638,-0.8077069382393945,-0.7904735511382756,-0.5565009537001399,0.7549657173645989,0.0,-0.35007254395056864,1.0712936370317585
31,1.3019392419347484,-0.6198718318192769,-0.8050307762213544,1.2386844311869842,0.22367023357571492,1.0,4.322662470420421,1.5557492367630856
31,0.6280578230651342,1.6432694373849495,-0.047518353800990475,-0.2872450672632815,-0.5857264151626275,1.0,5.381959042446341,3.7063581531141123
31,-1.510353912725782,-1.153294285999942,0.13032272534070588,0.17297910643455897,-0.7980136892765737,1.0,0.3630049348638027,2.1542225151270524
31,-0.23738399132743515,0.6427482477974096,1.327516154708149,-0.38119264869852126,-0.18639581244448017,0.0,0.1317219063260966,1.6709553281791578
31,0.8371436916466658,0.7222003651810222,-0.3288661603999281,-0.775381308222897,0.24274533212552193,1.0,4.271122373196895,2.8999155881365057
31,-0.009339489294967241,-0.8129636404320281,-0.11100967652810802,-0.20055648626567826,-0.6443190230354976,0.0,-1.480990278416669,1.112343258198167
31,-0.18470838671627515,-0.6639072076770358,0.3729608533255953,-0.48309033955930863,0.4256981398832677,1.0,0.03576543920760211,1.78735832911166
31,-0.12913745644032368,2.9894858091142926,-1.0229402167797343,1.0821043802823105,-1.5020535571357205,0.0,-1.6673452033705924,1.843533196409193
31,-0.9087231181486903,-0.492434024857353,-0.12816414072149568,-0.46177583691034557,-0.07848942212799746,1.0,0.09085317012960151,1.4044911238232172
31,-0.3491028147537046,-0.7938665376557972,0.5846305374100609,-0.7740956621266234,-1.3365830899017506,0.0,-1.587207282736425,0.7765483053149287
31,-0.30047291903837353,-0.4075783230389193,-0.18259457821874409,2.46570021496197,0.9296119822950415,1.0,9.794885621078224,3.358175312482917
31,-1.414334515208649,0.5643384605120503,-0.8858850795430655,-0.29776916087631167,0.4194616737930224,0.0,-2.205023289821744,0.027346603582631412
31,0.8326032181365374,0.8906933158263726,-0.48498607329175253,0.11034506494727447,-0.5829276773401715,1.0,3.780882666475317,3.0091394870394113
31,-2.2945763871522495,-0.23606366763083328,-0.49952691226062923,-0.5777814520730863,0.37501182752868345,0.0,-0.2060098390461147,0.8030070958356201
31,-0.3669123916810629,-0.344446389423871,-0.39596410285389333,0.05420576501336269,0.18529337008256458,0.0,-0.48061814937478176,1.6150949149055327
31,0.732160118516654,0.3671965098786634,-1.6056121038816311,0.8331256256709374,-0.4438743089623942,1.0,3.3314990226598944,1.1755358168794456
31,-0.2045613575586947,0.12694488809235954,1.3193429247662576,0.9351975256698783,-0.7340720122424171,1.0,2.9899559866261187,1.944269882453184
31,0.7950189590642104,-0.47957790636345704,0.6536802205952001,-0.9570670779470974,-1.7199107671225182,0.0,1.5857299351904772,0.5586493792254085
31,-0.7897565548315055,0.2986161180548718,-0.06669328035481677,0.7707675270701122,-1.729849664210339,0.0,-1.5876691477240108,1.0034848636678402
31,-0.5704325726527882,-0.1189477590429239,2.2152615373873923,-1.308727783621615,1.1477125992964758,1.0,1.8594280424795158,1.1495136844131861
31,-0.32537112913485494,-1.0999744140387149,-0.36502685076274827,-0.9747754282470701,1.030202315527241,0.0,-1.5457896352915323,1.4245413402542741
31,0.7418774020196804,-0.8457356883227987,0.572269845275972,-0.7353325658299424,1.0754989378914173,0.0,-0.33074435103942834,1.6175306964072609
31,-0.9938766986457652,-1.0380830461285362,-0.6303345016577733,-1.2202727936246196,0.5040795799439585,0.0,-1.0512592788856956,1.1503132139619805
31,-2.3866409987941313,-1.022736822157928,-0.6059004841726571,1.265428648943492,0.8465147137724985,1.0,4.115872411106396,3.3112277625162543
31,0.8132414978067826,-2.3926471276481225,0.5177087925528246,0.7278399004337093,0.447410424857996,1.0,1.7892199464661411,-0.02006783352079089
31,0.5843172227261849,-0.1943966333551951,0.17644258469028665,0.6831708595961924,1.2265303996270953,1.0,4.562797050591391,3.1089172643584617
32,-0.13885032924812382,-0.8887990906870505,1.581479659217684,0.1064946626389375,-0.08576753073599445,0.0,0.5064222233409132,1.4000056027672925
32,2.6710181201645984,0.051055595192241655,-0.702857873751536,-0.5057543703996661,-0.0846148512464462,1.0,3.7073474807090196,2.613791703445766
32,0.29947433387192773,-0.9039091492800037,1.8238583767160894,0.27637219415484293,-1.0458996964169174,0.0,-1.0023763018222664,0.7038807861861924
32,-2.044976579490496,-1.0160062978255258,-1.6110970745656032,-2.5975046131287707,-0.48430315196448037,1.0,2.6074604891907915,-0.8395246143975625
32,-0.5490310932338063,-0.34266030967108563,0.6882152033068101,-2.243198660735641,0.010134468863215182,1.0,3.3041746691785914,0.7422418441416876
32,-0.1639122617727311,-0.4730683896627589,0.8132792967805661,1.151491287715307,0.5417168426333907,1.0,5.189143673093367,2.6994146748228522
32,-0.026217075752690135,0.5598665772294912,-0.9860979689021482,-0.45454571086766493,1.3981026147213484,0.0,0.22124850098069476,1.7828240282894088
32,-1.5149858703004841,-2.166208842762954,-0.28141416350847065,-0.24316865289019998,-0.5716554599313962,0.0,-2.42927813905697,2.85372295958931
32,-0.08772026056284052,-2.3572306676571606,0.5984201922625166,-1.3179879872912834,-0.6325142178920287,1.0,-1.106951409031489,0.13448702895721443
32,0.8801017614226823,-1.1873086637725794,-0.16673597524534156,-0.22043028929242459,0.6423946812224951,1.0,2.411522168254593,0.9151900419979694
32,-0.5417099680478986,0.11660216173706199,-1.6135825802827493,0.4260574756596983,1.2089503870463456,1.0,0.883312925312419,0.6922209846032767
32,1.8618510696284387,-2.3021704504012344,-1.2389039124955175,0.22371636699087774,0.1755122832384693,1.0,-0.9570996812347983,-3.600463085917447
32,-0.6674535211231988,-1.7504700776365292,-1.5105946910912669,-0.7539855239476183,-1.0943603296497857,1.0,-0.27766930968806947,-0.6599093766575617
32,0.07387737651584766,0.5425301485429884,-2.285904425712003,0.6326945774548638,0.12940066149769217,1.0,-2.1557134001927363,-0.06931916442329888
32,1.0952224249823381,1.4315106138700389,1.3502554245619438,0.3659103045570813,0.005837887017365981,1.0,9.15186600497534,4.9109483096453985
32,-0.6672507381882749,0.39794268572635944,-0.48997608550935434,0.014876194528196997,-0.09856295843667816,0.0,-1.2983173925887808,1.1953311113888028
32,0.009809666168113374,-0.5158376452910282,1.360640143613954,-1.2036944170792798,0.605007366084352,0.0,0.5389965659871817,1.3315150109331049
32,-0.29163600792154815,0.5499854175852184,0.06077174821014285,1.3014740756953993,-0.8484306758830736,1.0,6.365625432448562,2.2238406928068146
32,-0.13282221790772175,0.5139299515646792,0.08823190626439031,0.8363359097027804,-0.012780066681344897,1.0,4.07893284227201,2.574296515333231
32,-1.0312011832726315,-1.4196955127778648,0.9275979494674322,1.417832884841506,0.5433408190335827,0.0,-1.3218311794544937,3.282686958646533
32,1.6651279873497224,1.0404472577315682,0.04161486860211948,0.16258007071375513,0.6688506784311592,0.0,1.988587964216788,5.520922505936078
32,0.8891325974667273,1.8380096326652067,0.05384496337075169,0.17940024615858635,-1.2880110969717777,0.0,3.5406473943898327,4.46897316037389
32,-0.08682370591753635,0.745906194202164,0.7069424022077436,0.7266728173392978,-0.2800376077203571,1.0,2.746353625515825,2.601919083468892
32,-0.40677500839227476,-0.8549318427154552,0.5886777358184975,-0.5501146352414733,-0.5327855330636566,0.0,-1.095507657457031,1.3014758744356056
32,-0.031374251816754226,1.3960994233962605,1.1166583741384564,-0.45451927821560445,-1.179116897396025,0.0,-0.09236106821996737,1.8187599172630586
32,0.14622448031045202,-0.3357155777521506,0.011098739897304583,-1.6042740110321037,1.2086712483149995,0.0,1.9086304900746311,1.6638510135989053
32,0.6158137856741647,1.0918005670086657,0.1942942519667931,-1.3174847582415927,0.4315766318531238,1.0,8.425342284674958,3.1615302550703173
32,1.1927927328114716,-0.17444892902196127,0.41926160653644634,-0.07857027929813067,-0.4494480481791507,1.0,3.565307727499378,2.1601019056589763
32,-0.8270261261805255,2.0410085108244993,-0.4011571082208067,-0.06209249941230048,0.6800013065692423,0.0,-0.5285539555152312,0.9480094579156505
32,1.6248097879249515,-0.4439020649609106,-0.23521001761614443,-0.5468866997743564,-2.808526904559946,0.0,-0.8902515369654789,0.04635104923492184
32,0.2605912783429567,-1.4341732024108476,0.32306362226724405,-0.10278167503826913,-1.273175033325044,1.0,-0.1604823883451758,0.4612967185523251
32,-1.8266812479144958,-0.6031221412516233,-0.5883798477434911,-0.18537102170787415,0.9394126013995052,1.0,0.03303468312574105,1.8014820547248296
32,-0.035956550403183705,-0.8568147511254118,2.482008473317861,0.36542182629417547,0.8742374341592667,0.0,-0.4742820910807265,1.6550092096309224
32,0.2435332043063716,-0.496960585026589,-1.2994870650503811,-1.6786103990935501,0.4208422058979031,1.0,1.1365485034918645,-0.25837468708618333
32,0.8324557169473987,0.1799363500556295,-0.8602679331404542,0.9867089347317728,-1.1979666242570186,0.0,1.917509939633819,1.7724566590691109
32,-2.4258146907950366,-0.9002604251464573,-1.5474029551379804,-0.5029402159386491,-0.53618146818345,0.0,-2.377124181426179,0.25095632530636625
32,-0.20518627980291154,0.9716590183443043,0.12947513721085344,0.71380136809871,-0.5195469296077472,0.0,0.7014772120546406,2.337359855181714
32,0.48740936898970116,-1.0091140414916788,0.08999258901386778,-0.21339503322324804,0.13360751502636542,0.0,-0.6426825527698308,1.2483519600287232
32,-0.060870423745442825,0.2238021897739494,-0.03153348106000179,-0.4969856848957427,-0.8061407293606776,0.0,-1.2308172364451235,1.4000158622121253
32,-0.5692975276657442,0.08522695340003987,1.5624440329779652,0.5480808972517855,0.9936845927830629,1.0,3.0681336959409804,2.269902177219232
32,0.7545238403658621,0.2053174076092715,-0.6282597587757076,-2.4894858487978477,-2.6682847817076194,1.0,2.839171864727635,-0.4491261535111081
32,-1.9729130674456585,0.0901362984914275,0.7831514319625693,-0.31312952501278823,-0.11520557311053073,1.0,-0.8655009242230156,0.7668823755138784
32,-0.035933810903974496,0.42936120850151693,0.19424758843591916,0.38486128822236054,-0.6266418727110216,0.0,2.590744759785097,2.1387118003171723
32,0.41118373502564903,-0.6042590994181957,0.45642628677800423,0.24912428133539982,1.1703595169124887,0.0,2.1899101039453255,2.4905891623347856
32,2.3818640539019102,-1.3944060111627723,0.4101100706128754,-0.2574818353481155,0.10693024435259897,1.0,0.3617519082406033,-0.7807003512671469
32,1.4581491402370503,-0.1518242299556071,0.5968442342445891,-1.3920861959167299,0.0028485028388290697,1.0,5.083991328749998,1.8626967369843552
32,-0.32186055935402236,1.2367872826829727,-1.4614912153161677,0.3580819220245481,0.45496238904091596,1.0,-1.15875380972363,0.8442544486381572
32,0.7672358866883072,1.489227828261259,2.037683121675835,2.0640945223828786,0.5095576138658718,1.0,16.29995020284468,5.1263800595257525
32,1.4283619339109888,-1.2806906500929611,-1.0537446457200408,-0.2635178908342957,-0.9901515000176774,0.0,-0.7743630371147836,-1.4148417758307132
32,-0.9248434891051363,0.1710034553015009,-1.8681095981275628,0.25044424737354165,0.32603224035958683,0.0,-3.3816727486784206,-0.47384041755887873
33,-0.1828515636638129,-0.4693040631869072,1.161734912540867,-0.03890649269124767,0.7176508432235905,0.0,-0.3586413507343261,2.0777231559018556
33,-0.6870536031151832,0.740694427877263,-0.7189550375707906,1.113548171145607,0.08886901971582044,1.0,3.7356506091425605,1.5121490643042779
33,-1.2594589495740163,0.988623348904298,-1.4304594629206429,0.6448287616809398,0.5384126739424304,1.0,-5.372281849571132,-0.36428066380157476
33,-0.7100452036068468,-1.7662037620898186,-1.0962700054901429,-0.5084858397065907,0.7462842298816312,0.0,-0.5937341697885459,1.0436413762301404
33,-1.599827377275162,1.9452084201979176,-0.8023932152514679,2.052685657218465,0.10453265851650269,0.0,2.689970096865731,-0.566906685172822
33,0.19601831590186766,-0.1170310750346485,-0.884206480947605,1.3123082187549149,-0.370362487912641,1.0,4.604738958534133,1.6793264294731782
33,-0.04907100244381121,-0.3021855112075017,0.16162619569000106,-1.7082689208219233,-1.3522153210800878,1.0,1.755767212173334,0.37673816156904993
33,0.8451844661858536,-1.3275799885172155,-0.38826351116283714,-0.10085832367889216,-2.062182284340799,0.0,-1.4771678064546343,-0.7133319466885114
33,-0.6307935669448725,-0.003132593699001914,-0.5227831392222406,-0.8893577301800177,-0.5390854679656141,1.0,0.7659884884402465,0.5758327048073769
33,-0.21672207818118994,-0.04803317443293786,1.5552435816002204,0.20317533091781304,1.2595486007942285,1.0,5.434428684915159,2.4025680979326376
33,0.3517986870711644,-1.0670315252656393,0.17635678777229735,0.7846789400364225,0.9472437642742381,1.0,4.14342668793257,2.2056324420993754
33,0.17150378751469286,-0.0580903647616226,0.8745444307885615,0.9312468246505567,-0.8982440995951575,0.0,0.9119906713010177,2.141864032545773
33,0.4166715996052958,-0.8401742230578368,-1.3346271238909435,0.076563466070081,-1.12062656194988,0.0,-1.1137415330295877,-0.517193266387204
33,0.7481313667118733,-0.37547147804037156,-0.09174385499482388,-1.2722300499872803,0.8290907477886044,1.0,4.183907530586042,1.6337808592850107
33,-0.212638225836805,-1.3386710398490556,0.027746502411192555,-0.2835100785037563,1.163918996976644,1.0,1.621958640411698,1.9626908029887857
33,-1.6060070940247864,0.620454616318518,-1.2792159790804185,-0.23773608800947155,0.174052478660773,1.0,-1.7517047405198394,-0.8732143224852056
33,1.026722979616929,0.15518660321457614,-0.4197301983621514,-0.2748572254189819,1.2584729706999978,1.0,3.1849480439947615,2.9454301380401366
33,-0.7349693704421635,0.49158977970373463,-1.0467581073735484,-0.038736690536930796,-0.6265241937303528,0.0,-3.7350188916780493,0.16137779913004446
33,0.038191136039573206,-0.35256644804400183,0.16932879985370958,1.7903879031327234,0.32499460129205787,1.0,6.893262734083349,2.9574011830675624
33,0.6645263240151622,0.8257606882040223,-0.22087156094397925,-0.4479721075357615,-1.4733167035377417,0.0,-0.5298115265343167,2.1985099130328445
33,0.11361861517902108,-0.6295247971061725,-0.20451953072555346,0.6310680104508263,-0.05938208094938431,1.0,3.460498171160716,1.8332630520292073
33,0.6539747214862603,-0.3745209096596363,1.9194618929555705,-0.07391252062657111,0.8202067141630595,1.0,4.354995035747393,1.8860337697835439
33,1.4806111707918828,1.0762556240604122,0.30554093830166285,0.6266336484870927,1.11013315837169,0.0,6.5347852606927885,5.846787742558655
33,-0.2584459773511594,-1.4496065314513111,-0.2876428035907937,-1.6552393447522384,-0.5006255642765824,1.0,0.46798608606363024,0.2577801243513447
33,0.5092692079553707,1.6670396483209358,-0.5334815084764617,0.721952789500017,-0.21066792257954858,0.0,1.027621126791753,3.787069895154104
33,0.5851133185861026,-1.0092724627836227,-0.20563583350873751,-0.13760199722913644,1.8563650491062076,1.0,3.402115614085489,1.9328766288257313
33,1.1786738735382738,1.156282615030469,0.35406344271460005,-0.21947329708779267,-1.2659049869340564,0.0,1.6645649531527225,3.902672548230951
33,-0.7750013037437761,-0.7946868426031158,1.1230982766170206,0.2592745086823327,0.4268995247471371,0.0,-2.3270419172739842,2.1685670203951823
33,-0.15220943417821242,1.0324808161442314,-0.4002593844243368,-0.36003573574279296,0.6208440581278735,1.0,2.7996316918010082,2.13421679310506
33,-0.27757107628662236,0.44878189428394605,0.6557542056979456,1.1771426517715988,0.5686983585479832,0.0,1.1354886393226507,2.9544224148127993
33,0.28586558231651815,1.9473562567488403,-0.29271396983358033,-1.485420635672606,0.3119821136673721,1.0,6.700348501418986,2.8976810856452797
33,-0.07516535093725386,-0.5467785948757061,-1.0865433904604584,1.1686316373953824,-0.8152650879866742,1.0,2.0266241846880004,0.8290857324398957
33,0.27799895148348436,-0.4200787062591509,-0.7289171482458192,-0.5432626499743355,-1.2321649917828024,1.0,0.37696794093957275,0.30590237400416964
33,-1.0278931980026322,0.09777964765517597,1.1638652469509132,-0.17967942239240514,-0.9052054938994444,0.0,-2.6808662148462385,0.8697192401479468
33,-1.067717482905373,0.5420066997770234,-0.4096630997022185,2.1570575895724287,0.35765185621320217,1.0,7.399336390111641,2.1282128146416843
33,0.39815979038694027,0.8163546104524566,-1.163715145279466,-1.1368347956177114,-0.2944158615543111,1.0,1.4613778065977379,1.030744604373158
33,0.10338976166658528,1.3271180790480404,-0.963788064949606,1.3096156533945802,1.2464049889401667,0.0,2.372852911709942,3.2189933587337802
33,-0.10483299059720642,-0.31377934950642866,0.32031163675465213,0.04026211060597349,0.7454962305967433,0.0,2.065704153792106,2.3257605880115575
33,1.7192913454247747,-0.37818876357086023,0.2461489350179215,-0.05242378741560628,0.758187142312969,1.0,5.341616645274123,2.4661487710032723
33,0.9464471867998524,-0.36332885721892766,-0.9735128740007425,0.4524483409431874,-1.5674336039583507,0.0,1.7615882118485822,0.46583685105388956
33,0.6272723806373661,0.5248851154464165,0.09092813080018097,-1.1180632033984292,1.0029614918888115,1.0,6.184338042032627,2.8891067786184017
33,-0.25465082010613943,-0.926753033131089,0.23576842512031357,-0.21059988368206542,0.1913122047905271,0.0,-1.1702069321793456,1.7258719982458106
33,0.7298005676347329,2.0224430638945776,-0.39626278260084885,0.2377611164443096,1.0841839244353162,0.0,2.0069843913919563,5.237452940435761
33,-0.27194910180049003,-2.083822939624068,-0.15134481137358896,-0.4811762498501905,-0.11318053478737222,1.0,-1.4801957024372046,1.0045261758157573
33,1.2715444533407636,0.670863831802891,-0.37300214383358465,-1.0074681483164658,0.28128077974684706,0.0,-0.9956659133609769,3.205880094875408
33,-1.3757187261462853,-0.43208578860258345,-0.09926291386439785,-1.5032341577335793,0.9894539891420653,1.0,2.040574940863239,1.3790821928876467
33,-0.6384597478709447,-0.8132066565664104,0.05869825798995102,-0.7678698802496063,0.6787874470979636,1.0,2.778284117975143,1.7764521789569354
33,-0.8587008586732006,0.6788274909242499,0.6142796909923994,-0.784301737281477,-1.3127759596737492,0.0,-0.7289751283603765,0.4029433871925554
33,-1.3287308261324473,0.37789617427763794,-0.06304718633321474,-2.006208324691265,-0.27999310820292594,0.0,1.5063406854109647,-0.15415074697876308
33,-0.7173902297607895,0.41306287336140995,-0.04703815209992737,-1.104743769240855,-0.6947899865957429,0.0,-3.9612156738985878,0.6271170082951457
34,0.4562221456832296,-0.12863708938112323,0.11614014643221406,0.819320093064442,-1.5065883327629912,1.0,4.767704171216879,1.8128047032274626
34,-0.757318649292122,0.20574185758026783,0.018432983821519106,-1.0218225691421503,1.205413826554891,1.0,2.246835027077225,1.6692416964396164
34,0.9837612288541007,-0.47108579291748265,-1.1359514697656954,-0.028330748489621874,0.1577087755415374,1.0,2.4341169079429994,0.7108847598583943
34,-0.5723731394395207,0.41262512344453645,0.6073555640607661,-0.564506425101787,-0.35448845090551484,1.0,0.646175886051574,1.3492908601768128
34,0.6044394863245712,-0.8643659720841478,0.09652211813363848,-0.18435851799786954,-0.5338956987089938,1.0,1.2884459973158875,1.032059139466996
34,-0.3618271097791787,-0.6001546289038867,0.2814189874096135,-0.14113468616954508,0.5090567320720445,0.0,-0.5114346955879672,2.021494187813352
34,0.7996222194858762,0.18874158885687378,0.9145697669714786,-1.4318861470745183,-0.4490482260226373,1.0,5.095573329790065,1.7720530748872783
34,-0.027723520400839845,1.5895611644852707,-0.7826511370179113,0.9021131888013002,0.6034707409733715,1.0,3.654308507641465,2.8073635388065994
34,0.43998122328502265,2.3549642390121868,1.8542902506068861,0.4007554389509184,0.3476349717446686,1.0,11.180166221797089,4.455241299064641
34,-0.15296065571340245,-1.9680617903380864,-0.030864548005796955,-1.0378288744356763,-1.094156140412486,0.0,-2.7307405157414597,0.15862374513077593
34,0.16749674550121413,-1.7388869758136525,0.45863583446375134,-0.12389777838082598,-0.8888000211713656,0.0,-0.9305220950187816,0.5426732753481708
34,-0.31458950851409995,-0.19833237707342682,1.010562731981412,0.728882292884632,0.1979089960092377,0.0,-0.0870801080628989,2.305993450496059
34,0.18242171247025404,0.384022737304199,1.8738296025653967,-0.004159692933735878,-0.4534826397519293,1.0,4.707666615599065,1.7629533034553042
34,-0.5171717007691292,-0.9528576537649761,2.012161232282997,-1.2003487611194048,-0.2344834578172285,1.0,1.2782432569071935,0.6192668743570975
34,0.0370887627874744,0.042320915118547915,-1.572201564098548,0.3019089402215985,-1.087727128609873,0.0,0.18219542006245715,-0.13914064374978605
34,-0.25942395762722,0.5104748103887996,-0.23279255279046734,-0.20144673221099835,0.5783061896132128,0.0,-1.368929883853799,2.038155443176187
34,0.497836976943467,0.22903573692956034,-0.1972414357189756,0.8352080476211552,-0.7886069847079096,0.0,1.3219707893577184,2.3827495196918873
34,-0.3830875877517328,-0.2158359053494157,-1.6425971834672124,0.12099914444548837,-1.6696389844151698,0.0,-3.1401777036399334,-0.8841353812645516
34,-0.23367925100101605,0.8532846333240519,0.823823520097322,-1.1263218446687673,-0.42172227596847867,1.0,4.389841120237077,1.4277181534165946
34,-2.3715881572341058,1.2540553481619876,-1.4066202153114897,-0.0718211110388867,2.0101607657046756,0.0,-2.904011475288649,-2.1035699204956804
34,-1.8766908628888836,-1.089537590114037,-0.6675833742232293,-1.0067727982163739,0.33246006077727064,1.0,0.022882533737753785,1.6759830241822433
34,-1.9296077901591078,-0.12966420125581687,1.3953436076520696,1.7197559189159768,-0.12700375739830858,1.0,4.898770630659952,1.8891668660162355
34,0.360779987881376,0.7277225040443145,-1.281124799800868,-0.17989541083782187,-2.058318007731691,0.0,-3.1931559642296357,0.33276730540568134
34,1.084889500594812,0.6066001014213513,0.37098275026892147,-0.993042168006764,0.08372856987393557,1.0,6.558470366966144,3.16664497594818
34,0.8255900981727956,0.35165114305015854,0.4289996469048237,-0.9543311209772694,-0.09899438766432837,1.0,4.707867300919578,2.476159704255433
34,1.3049518810882281,1.523172864310402,-0.6806997421683496,1.1676456953626775,-1.1563271733080391,0.0,1.850306188059944,4.844171592574631
34,2.0503425871157894,-0.18475503633250462,0.46438384895512164,0.13221174362922491,-1.1047184065313607,1.0,4.213862902755036,2.1940189413422253
34,1.6684701095950565,0.24074096696539946,-1.098772627929736,-0.13429542148176,-0.2732640051832686,0.0,-0.5509575557579233,2.0577982410349946
34,-1.3480954385991042,-0.4158674307314447,0.41903772322855704,1.0184099156548778,-0.5778111629185568,1.0,2.404247626222732,2.0219466856627424
34,-1.0562713950120919,0.4032875117947513,0.3042175479233666,-2.2345706666948346,0.9418027645895436,1.0,5.305397301865588,0.7073334442008208
34,0.7010472395512449,-1.2885920950710248,-1.432050755158129,-0.6839238306062586,-0.000523618344601665,1.0,0.0048309012999431244,-1.1170846108246937
34,-2.0199252569607404,0.1678156545808469,0.4309056198917445,2.0796992412634787,-1.5555923402224392,1.0,3.7977633273128597,1.1210642305677982
34,0.4359823959421766,-0.4930516449847361,-1.870914016300826,-2.0660799912310366,-0.5394615566957714,1.0,0.9279582590895263,-1.7773568818326568
34,0.36535844009360813,-0.2313556513815589,-0.6107979123904426,-1.0253410361214936,0.4529774409820609,1.0,1.5226260328788337,1.2100835596247128
34,-2.1320395197184863,0.6892743469160487,-0.04625326726736497,-0.1568835177449943,0.3552964583036551,0.0,0.10008257418167532,-0.1159323889853946
34,-1.7366627766220435,-0.04018597134605403,-0.06310607449577489,1.7328771600735515,-0.9596635965308384,0.0,1.923226942810019,1.5344283235168201
34,0.48509339520337647,-0.09361149377947266,0.3374159777901922,-0.5787167968353809,2.0622135149661376,1.0,4.565148897616774,3.0044002364818074
34,-1.378300353185032,0.21552195970066823,-1.0343973836117102,-1.2315786696673225,1.1182820082318157,0.0,-0.7453702905786579,0.05875379464034802
34,0.6189712789298742,-0.8549442629014631,-1.190727651335746,0.7332261478679071,0.19270312565321387,0.0,2.9077920944338103,0.5914126202935038
34,0.6566596815419703,-0.8734614154840578,-0.24692715889456723,0.4719720053465425,-0.6741541607141854,1.0,-0.5487281299829703,1.063145660134088
34,-0.07415538189030262,1.3756434532313782,-0.8152718788213619,0.08567928635665024,0.24535990526407542,0.0,-1.2075645129410661,1.992286841383063
34,0.555525774447386,-0.1468275881370093,-1.1244209265434395,2.2647740435635777,1.229897570557604,1.0,7.908451748484955,2.739606851025568
34,-0.5580281288010009,-0.7304084247702349,-1.8637671190724547,-0.46484743257317873,-0.7114611061493772,1.0,-2.6167553257030143,-1.04546536172094
34,0.5222680827795615,0.061437684657130044,-0.35258190187040156,0.3794734853784026,-1.2229308823119023,1.0,1.837454904194106,1.6644044304037138
34,0.22726151158643387,-0.2656618875383001,-0.7345788351315822,-0.33451101251274873,-1.1734187235044842,0.0,-1.4709642702580978,0.5412839196690341
34,-0.5408649475015871,0.8319127927048049,-1.2983570380225806,0.2574947971193112,-0.5166184634982719,0.0,-3.7257928656642543,0.18591265778977173
34,-1.872369737320892,-0.13778459605201088,-1.1061324437532352,-1.0236236006550337,0.5801088819006677,1.0,-0.406952596088308,-0.0737946924883165
34,0.7642317826470011,0.6491659539503697,-0.7771008001542944,-0.34589951651154605,-0.1442946699529442,0.0,-0.8741982993590808,2.282114124210165
34,0.27466464089335224,0.4338979006378113,-1.4467746322293422,-0.5136621280837456,1.2116319999038645,1.0,1.409049051250049,1.2227593031322652
34,0.5675963742265931,1.6305273347635565,-0.71570820195114,-2.108590257919819,-1.3596303646517929,0.0,2.342738917047346,1.687207587881002
35,0.8300154518551275,1.437718114042271,0.539784198183692,-2.0859072787713524,-0.02686640608514809,1.0,8.422359387809013,3.3985199025512545
35,-0.29766466945168785,0.9792272762876851,-0.6228734372209909,0.049509750997590134,1.5974187532545026,1.0,2.594820871654317,2.3735330043733502
35,-0.4503148683584381,0.5340890828940076,-0.11450929724452266,0.625526924621912,-1.3294178753550372,0.0,-0.7543512461020602,1.3856296994526374
35,-0.40882790341287006,0.8903290383430899,-1.255594869664105,0.8899892037032329,0.0446590088648915,0.0,-0.4897025315434336,1.0262938944735407
35,1.056911084081203,-0.33810810806849523,0.7097498068264094,-0.3966946471903241,1.2459889262525492,0.0,1.6132935304329823,2.5400982605285387
35,0.46589543349666634,0.9817209394826734,0.5138601212821967,-0.5764211167271514,-0.3110467467642909,0.0,1.1466242721861022,2.8652372048309322
35,-1.8583961159744602,-0.4470591102196329,-1.0479207573070297,-2.120614456816448,0.17525693555285066,0.0,0.2824379504434582,-0.31918028390517006
35,-0.25574404332673933,-0.8615191350973475,-0.7562597898198965,-1.6683658820182727,1.234493522617745,1.0,2.6237555845238676,0.7940383690044512
35,0.1780660981077267,-0.1374067102094615,1.5951873686437348,0.5629545269274763,0.9054475254686627,0.0,2.0002097986794247,2.5032683042724573
35,-0.1826889710453415,-0.08190972508027844,0.23956152592808896,-0.7222137584769834,-2.3466100117247732,0.0,-2.7971121533037158,0.43947564110660153
35,0.6064433366518982,-0.7177543374588188,-1.966693661119878,-0.9478204135731799,1.7060084892499312,1.0,-0.24420929119525292,-0.48082189870058256
35,-0.0323361312098655,0.15049584255128295,-0.9894733871928696,1.2357403453104858,0.3034442620971665,0.0,1.1183298519596985,1.8781990589338637
35,1.6830205882255593,1.6258742662175152,-0.6631827400766116,0.33411822254824125,0.20643905821099354,0.0,1.610164527192423,6.117551403446676
35,-1.3832386755484487,-0.35675799482777,0.30860792816097554,-1.4772514412111877,-0.7059364628011622,0.0,-1.876353219226371,0.6389504436823654
35,1.543918310889422,0.2488352144704714,1.1711754175472586,1.5605877215433581,0.8425676837077358,1.0,12.890129779849653,4.456792566724391
35,0.22845309751573709,0.9143689697515018,-1.336238213730866,-0.4874451091336432,1.0837580318241407,1.0,1.1668138327802031,1.6427520329364302
35,0.11085556256692919,0.7435506327610227,-1.4398780034181018,2.322001924937981,-0.40814750617042356,1.0,7.835047391499167,1.8771626913272836
35,1.6587503143673967,-0.13644350446039688,0.04349937466703512,0.21589117008065584,-0.49523214020233935,1.0,5.08926142341826,2.4159609526849897
35,0.12713746947805138,0.7776138070676929,-0.4570178564161862,-0.9480425112989234,-0.45371673431805043,0.0,0.38873745984546026,1.5192233671047455
35,-2.4090802164580696,0.30380473346645054,1.3466961759756297,0.5584006682970994,0.15070871810269132,0.0,-0.5214990879376135,0.4656041708752626
35,-1.3322290572314595,1.1350747408704915,-0.9272502632471383,1.6789812446417987,0.7302037934532005,1.0,2.459684603765252,0.7302466405235963
35,-0.012151891867281737,0.38304944832262783,0.40728361656991036,-0.8914006617471482,1.1611828180713417,0.0,-0.3862581358913524,2.4375271028620387
35,0.15247823006487657,0.016641739741731335,0.46037400530590583,-1.7548615583460319,-1.371019537383815,1.0,3.5102345071048786,0.6502303386243
35,-0.10523873079246016,-0.14488493508820843,-0.017474473037228717,0.14855907660764883,-0.08856312463104905,0.0,-1.4876405743562897,1.9112937384901043
35,0.9577133623387529,-2.892182531263653,0.01864114595696269,0.21731439350418155,-0.27781320765998513,1.0,-0.8768054513634875,-1.758219016205854
35,-1.9233223591316295,-0.9954893380502602,0.07826902334145637,0.8797378544180453,-1.2562623940196849,1.0,0.6035351855290999,2.3030518387834182
35,1.2854338507483634,1.1959393500827222,-0.47849289281606744,-0.6144075044558851,0.41693505922896834,0.0,2.9039663586844178,4.327694721313499
35,0.7036080041168553,1.2781901877893973,0.44152419907360324,-0.43837042867168285,1.8528434930820714,1.0,7.25188494916208,4.722343970589087
35,-0.4495477950662748,-0.41682693665105747,-1.2424572681383808,-0.3724254510295889,-1.5013906875450274,0.0,-0.018300481607604446,-0.48146917761604735
35,-0.48716898692518096,-1.1015412182500743,0.7400515212810551,-0.2984824730329662,-1.2849897927834821,0.0,-2.264952759881511,1.059005062068379
35,-0.06744588629450404,-0.8498767499082487,1.0481747854697632,-0.6041622733112181,-0.6765710203314478,0.0,-2.8660913550296616,0.981533570132832
35,-2.0728679117878808,0.09064753557679739,0.42496036292205525,2.186459166740705,-0.5283760547555133,1.0,6.302469793370687,1.773566256997616
35,-0.3477698956145925,-1.4915930875542012,0.4061130625607412,0.6619709611778833,1.5455302517343652,1.0,2.359237004513432,2.8245200788944853
35,0.9505655206142071,-0.20575267602064493,-0.19742600504543142,0.17538527167019133,1.5905481738187355,1.0,4.585399843850699,2.9416534473615794
35,-1.6114702676069717,1.1921042067719658,-0.5353382388160153,-0.20764246325102714,1.403482816051905,0.0,-0.09883644610563658,0.05962367351149389
35,0.48457321646116086,1.5146564396806281,-1.0981087905019513,0.16950243636202342,-1.3571556046414646,0.0,-1.3070994132140261,2.0459765605524427
35,-0.69253275105688,-0.37876450837007664,0.31127451837762404,0.16582691345526998,-0.5146240637592551,1.0,-0.5863517893819435,1.6598408749763145
35,-0.02033924284594456,0.48163608544394404,0.11149039043690555,-0.26984579789889046,0.9563885667399905,0.0,0.8492357445079215,2.613660269201236
35,-1.4919441148431174,-0.9117234848187256,1.1154528746119716,0.8070328162566688,-0.1356955145667749,0.0,-0.8186190274794168,2.4915725734509637
35,0.9913475401819075,-0.8346663670822887,-0.5762699587389551,-0.46157072147303185,-0.10710972081233489,1.0,1.7980636712268088,0.5169219142968086
35,0.2763187535797419,-0.2903713098219587,1.022842534449911,-1.2138559351910299,-0.05621219909299285,1.0,2.022119673493418,1.3100675772649826
35,-1.248278586399495,-0.413174127044133,-0.2028710266233852,0.09106396776100714,1.1222138695271087,1.0,1.3801606309770778,2.1697256183003035
35,1.1615389524393829,-0.18337053893641467,1.919060299909136,-1.285710541553412,0.2650888649450403,1.0,5.170610283440192,1.3840449794188339
35,-0.7148665427760412,-1.086572486937759,0.4039502872678496,-2.3503006560804898,0.9809544062226195,1.0,5.498374770851084,1.3128523182821759
35,-2.0764426584161284,-1.6672786762332859,0.4657279088767075,-1.203114384841255,0.08581005995831317,0.0,-2.975924060851498,3.157854609372135
35,-1.9851823272397338,0.08174265044739677,-0.7796864997981751,1.2539089299030166,-0.24256132140059003,0.0,-2.857683804276762,0.712970632219439
35,-1.2658317062818145,0.4738759663895196,-0.49897874226095845,-0.29204781326959495,-1.0314118723109464,0.0,-1.991275954616643,-0.02897258576577777
35,0.41435050402816365,0.8645359094401041,-0.822520734708944,1.383110042221568,-0.5257470443260073,1.0,4.716671208654033,2.695461245272588
35,-0.8079976937220841,-0.8711230848301074,-0.007907437705744669,-0.28408733747308657,0.4083410494315744,1.0,1.3656953833208876,1.9224469277184384
35,0.5516590615613806,2.1136223386652584,-1.0602734457097842,-1.1665942963387839,-1.2181012936883515,1.0,2.1220128992215237,2.2647886198104454
36,0.932584955002061,-0.4809130952896307,-1.1078229133235247,-0.2521508981741345,-0.7957280398034994,0.0,-0.5201481952484308,0.14610316196897466
36,0.31600728888748886,-0.005669341085451316,-0.12436824231445215,-1.0563093202058955,-0.7341350726329771,0.0,1.647683428914251,1.1882473366614086
36,-0.7184833990268954,-0.6057163423127612,-0.4991686390249526,-1.0864878714537511,-1.0328946448198975,0.0,0.1972784026977188,0.3418025224041439
36,0.4769992175532536,-0.6263208899883023,0.2470144943079141,0.2947002247033355,-2.1649588603301932,0.0,-0.5000617543495314,0.7846092471299893
36,-1.0727932088734138,-0.441741019683178,-1.7830091671931532,-0.4330978104886146,-0.6477275017763459,0.0,0.25928864478779134,-0.9259112020304279
36,-1.4623964691466642,-0.5758146867810324,-0.6103279259580728,-1.0744686056262285,1.2639560668012195,0.0,-1.2800454868111157,1.4320036701435268
36,-0.371659409538128,0.545032575411651,-1.3316328383715073,-0.1812372135743353,0.7595343509015018,0.0,-0.8655267335949506,0.7443422551527894
36,-0.24776487408779466,1.011539547236946,0.2793929098322352,0.8555185009846813,-1.8415594396747508,0.0,2.3707164844943804,1.7391623875846303
36,-1.2508629382009806,0.40166247486982615,1.2339255161299858,-1.1353028827136127,-0.5000093892891841,1.0,-0.43884372339084426,0.20281709330507297
36,-1.225849695447551,1.212788974367477,0.3950466944663291,2.3001833740685305,-0.01875527948144372,0.0,6.729643765714558,1.7679886340600215
36,-0.5513949287634441,-0.08720097891064299,0.12343494641617724,0.44578350075238243,0.8838249741451657,0.0,0.12260957264327527,2.447697509021703
36,-0.5117122613243218,0.8545791798221238,0.2820873718124048,-1.2856636590741308,-0.4040689011003878,1.0,2.743297348190545,0.9907887085023501
36,0.5027613141461402,-0.7120763615117887,-0.5646050666800243,0.31909286163026945,-0.6938728380246927,0.0,-1.2917857796318368,0.9124454955913004
36,-0.318085274719792,-0.556475427905708,-1.0737801178695163,-0.4346414922809935,-2.791250817698014,1.0,-1.5920908496490302,-0.9333050405659657
36,-0.8763009578202979,0.08297236235715526,-0.6703840509684365,0.950872069948492,0.506277950590531,1.0,2.2174007445144728,1.7075930442595941
36,-1.2310124891926224,-0.28994904287561873,-0.5554974376296112,-0.025179109687786444,-0.24096558996825343,1.0,-0.4543418038065153,1.0352672720353735
36,0.6262178604611638,-1.7456609332669588,0.39939029031172,-0.16510302103619948,0.5275528497181011,0.0,-1.2550590629402445,0.6493327232967931
36,1.2588538561822809,-0.23482644410915102,1.3921132704968386,0.7972634940165086,0.7786450884626305,1.0,4.129422572246293,2.878146209620492
36,0.5846281037534748,-0.3548155322191791,0.30857911675689403,-0.09365752991782907,0.371744675474197,0.0,0.4732252790754476,2.153570346247414
36,1.6057941828717077,0.300362883864586,-0.4647291224927405,0.9447723300001516,-1.6461060059804722,1.0,5.289969810593509,2.7463111062559173
36,1.146027293223134,-1.0695029985072764,-0.03254227480402821,-0.1702995006898248,-1.8210389097865634,0.0,0.9270749449485288,-0.19988727485361468
36,-0.09872064334398596,-0.46584273424595923,-0.5542103743693718,-1.8792145364121626,-0.5528232102587924,1.0,2.2155919284381995,0.1208988083089485
36,0.7732832954999775,0.9854147344097924,-1.1537467644613812,0.16896742367907897,0.17679737103335375,0.0,0.031872003432294904,2.642427453511981
36,-0.4563382727379164,-0.701902618988388,-0.39367999088129185,1.0328381264653734,-0.006079903037410326,1.0,1.342480308606447,1.9812274095977511
36,-0.15998605998020676,-1.8412293739464902,0.1140238377146026,-0.9973849230038755,-1.4217016861511997,0.0,-0.8815881526774145,0.1349382527606131
36,-0.5484800618672233,-1.2308637304969816,0.4935840158889806,-0.1668882182105732,0.18376062836105686,0.0,-1.7843793783996682,1.9213009965992713
36,1.534377685229094,0.12289498215106645,-1.0570947432549578,-0.9181369968303049,0.58609289692046,1.0,4.676651335942909,1.814038662126244
36,0.1086031634341532,0.5468356913774384,0.8277422777836269,-0.7486875987815783,-0.8311190180939387,1.0,2.738149455404373,1.6876154265041168
36,0.09851562900038953,0.8663259369440758,-1.2663313805739098,-0.5651788159522856,-1.2233719486884402,0.0,-0.11341535415909276,0.34010912779500685
36,0.1180765186900039,-1.01009516377269,-0.14716538227240336,0.7709551846151428,0.5266601686660896,1.0,2.429835139886254,1.999137847413786
36,-1.2229697826370503,-1.217809180111826,-0.7857186735899894,0.05099281465462276,-1.3804833117540352,1.0,-0.7642663230132458,0.9182298715160657
36,0.3746724420126384,0.6762731384544578,0.16766448780537166,2.0012022179202957,-0.6579156356334387,1.0,10.048067467490851,3.5203064395290617
36,0.6419175313878757,-0.14637605587231012,-0.5052587543210985,1.8270426787207736,-0.6036422749100452,1.0,6.4201898343537795,2.387929463926458
36,-1.4479481359587796,-0.09003349827497548,0.07143565099372075,-0.8970774580092163,0.38417291837356243,0.0,-0.23375086707446946,1.1380881333098418
36,0.8034797570749422,-0.9045670341764575,0.5920295694550671,-0.9106263670836491,-1.4319879625404008,1.0,0.10919364916797095,0.1771724756389612
36,1.7723679348318944,1.3919701442455141,0.4590787020162,0.2179966341310659,0.47515892260546305,1.0,12.053301915423466,6.521830544502507
36,1.194834014498483,-0.053120074656800687,0.8444463148105611,-0.15919665236062436,-1.1588646078722005,1.0,3.9898456252439387,1.9347251464105883
36,-0.5319735554711881,1.6725101884259375,-0.042765592612994674,-0.030052272931582937,1.2450127338697066,1.0,1.3474270769847025,2.265720250546117
36,-0.9178709820284624,0.7137091153902124,-1.8836212047344143,-0.7803757811169848,0.9911965363423431,0.0,-3.4404162342378037,-0.9013216864843456
36,0.7082984531852,-0.5591014316928029,0.7161631070900667,-1.8098998776755135,0.8539669745569474,0.0,1.3078559965643124,1.3130331108562139
36,0.4245599688373177,0.08832022012255653,-0.14767696492755045,0.617278436762822,1.5858390633117296,1.0,3.41031115720739,3.310773151656703
36,0.17212089868594121,-0.1310032520714908,-0.5208995483946942,1.0925586060847456,-0.4353960864613325,0.0,2.446856949139347,1.933513772337724
36,-0.8505665987260537,-0.3937293469839214,-0.3795652258149127,0.020440119909095947,-1.4284333298552523,0.0,-2.373442259879203,0.7477916551913901
36,-0.691591152497476,0.44390996053406434,1.5566148491198406,0.4300060049993443,-2.191775993499434,0.0,-1.5497883684674214,0.48075863544746217
36,0.5686919108294008,0.7415353249175798,0.12236572155809188,0.04442708111775964,-2.5881027863489665,1.0,1.1792961203252008,1.8586864190860777
36,-0.632517886373773,-1.0231256736273444,1.5942000405022847,0.584649277855303,-1.794762730234599,0.0,-3.168367034182003,0.9879652253734474
36,-1.7303589986907575,1.6039070080138345,-0.6586024364971163,0.16398194642746872,0.7193624096480614,0.0,-2.725051641585303,-0.93534163047528
36,-0.2172299690366658,-0.31589778433230575,-0.4968485701208224,0.8238077347214064,-1.070678687888071,1.0,0.7147435920759414,1.3092879050812085
36,1.470827915445525,-0.4025702276991882,-1.1542828390784534,-0.22179951863947256,0.4314777539759988,1.0,4.022223705598381,0.874289498559601
36,-0.8453219100497935,0.4929000022029959,-2.0343395249513705,-0.042525983662054845,-1.2721604042422356,1.0,-4.655221379236149,-1.7145032868412575
37,1.982721092641829,-0.7418681947079556,0.565545250814552,-0.2577127937738362,-0.18739333413307002,1.0,4.102614159441743,1.054024831793757
37,0.5836233995359996,-0.3028816540710055,-0.7398508243243045,-0.09794991269102693,-1.3822043271234996,0.0,-1.0497032866146583,0.5921686579244085
37,-0.8052887287041988,1.3765269634811734,-0.20492152203605188,1.232905855754019,1.8608306629054623,0.0,2.6707712282989764,2.6006019242922056
37,-1.1899908756615618,0.39723847709016913,2.343140926589709,-0.7145883380285118,-0.6776382728731815,0.0,1.0496480745615817,-0.0914457415561496
37,0.09677749048094948,0.03485182640931711,0.6973266352911265,0.40491089577187334,0.4533684799375067,1.0,3.1793320676849635,2.6135522171913093
37,0.5740611770246298,0.23678760108315716,-1.2752845377524293,-0.7651515951215215,-0.07838624327172582,1.0,-0.5341939154737394,0.7731732628417495
37,0.21884574954573363,-0.205476209283889,0.2841856442038716,1.7629332849809987,1.5175152249653898,1.0,10.679294113277166,3.7039245487917203
37,-2.181978723953005,1.4009286820061297,1.5368632102222308,-1.0267573766154259,-0.07483592458756907,0.0,1.7897084468434625,-2.195760039513189
37,-1.088690605232839,0.5354316231536157,0.5311440112116161,0.6855837947839581,1.1189724290160992,1.0,2.904503597333169,2.1705294188206996
37,-1.8553767022528038,0.01759924788780287,0.3464598226615471,0.7409384416655195,0.8251565678330927,0.0,-0.376668717961751,1.9453161972433433
37,-0.8982637974278792,0.5688715418338659,-0.5844482705734192,0.2852476125742233,-0.3956452095980276,0.0,-2.0608146736131028,0.8109008506149818
37,0.24502535262995334,1.3269954237689932,0.9257886619352226,0.565902324269703,-1.3778598389087862,1.0,5.212634677263933,2.769278046978835
37,-0.3999864154838985,0.8145643565204322,0.12071956376409819,-0.21265460713962303,-0.45000818512490864,0.0,-0.42566879766662397,1.603224917393058
37,0.9420627714570448,0.6580733753981016,-1.2786237960171931,-0.4555446334099388,0.3424797366551481,1.0,0.7301585170385616,2.012203517839231
37,1.7533844111097332,1.178416483332748,0.22540068684608103,-1.0559677913147747,0.9940650086710987,0.0,4.609490323788229,5.588571124028017
37,-0.5583424623786276,0.2023690700120473,-0.3655659796669119,-0.4372914554741569,-1.0480199768334293,0.0,-1.5988350908177114,0.7175049384870064
37,-1.3442964443986871,-0.006821896605216892,-1.666528325315441,1.8434013365682795,1.9645326023124243,1.0,3.3277344691736594,1.3087284466142035
37,0.12084195922397757,0.7750158668472934,-1.1060404119813152,0.7975591476815576,1.4546025169663461,1.0,2.986060179332026,2.5628485946347883
37,-0.1470143895096494,0.24163344219960572,-0.650489692777413,0.18550022224831342,1.1961814553991235,0.0,-0.5074009496512057,2.1731692734888686
37,0.0697361183947695,0.07899292938630445,-0.2941423447869855,-0.5415171744167271,1.7257805641890562,0.0,0.07489129680643569,2.4819848515991425
37,-0.18537205988104696,0.394262469620389,1.4666847932741716,-2.137846059616192,2.26540459724989,1.0,6.902615367088271,1.9324051784695673
37,1.0074946183397582,-0.05148950880200068,-0.4038702887823409,2.1403069175467455,1.0964568646519182,1.0,11.891843180554021,3.762120836441742
37,0.3672283700882902,-0.885957512008458,1.6272346630909225,1.1184118605744124,0.33828915990921277,0.0,0.7388870717062026,1.9008461586958667
37,-0.0339143966896794,-0.5876846705963306,-0.390970117719966,0.5418112328073932,-0.13941111501681205,0.0,0.9449688689216279,1.6393862346070254
37,-0.6826750512799904,1.322683285400639,1.2103697073361277,1.3058572576723917,-0.9262185346010051,1.0,4.395002048319216,1.5647189255776859
37,-0.9585319756119285,-0.01661001495236146,0.006051489239811674,0.1410184427783865,-0.6701862191749813,0.0,-1.1779633896607933,1.2667737813815618
37,-0.5365650208386922,0.09437947930607653,0.4711594772910168,0.6624786594404776,1.3951242464744653,0.0,0.6687922870850209,2.8836902711991366
37,-1.540400350300363,1.0025582381300433,0.3169605104839268,-0.12303355392210744,0.273261821285473,0.0,-2.5663977522636214,0.3705194252491296
37,-0.17561305547645348,-0.4673593499053649,1.0144581779380346,-0.4297828646319874,0.22496562977459839,1.0,0.457972854148022,1.6934887936748366
37,0.0066341450288705025,0.2917031419788758,0.08341493152964767,-0.7498787499114437,-0.31442784042070127,0.0,-0.4138292971952676,1.6571810064526478
37,-0.9399861525941287,-0.8838396197878783,1.1124707788321022,-0.49026930772559646,0.9957031551032172,0.0,-0.4847965891859769,2.170283518996848
37,-1.577548419989143,-0.53567075596752,-0.5914756013059874,0.16148260538071085,-0.3932996120331665,1.0,-0.32006626240972424,1.2069094704548529
37,-0.2785005801938296,2.3412554280343643,0.017555196009597165,0.5636172073924631,0.530382383727607,0.0,1.698500562542974,2.934959733899483
37,1.1089794990108353,2.1246416077548504,-0.5434111693950088,-0.24717822502755338,0.8988640525592015,1.0,6.559236895658207,5.883081757825033
37,0.13348154653924768,0.6286843828513915,1.486786855518977,0.3027715833430499,-0.2320466396309368,0.0,1.5750513126739478,2.3276673167412194
37,0.5995001693451906,-1.9977518187772427,1.055738877663511,-1.7829233334812895,1.0525227606377805,0.0,1.6736460645250029,-0.24152438018839784
37,1.0372749118365554,-0.7974750375357988,-0.40384923607850975,0.42664283519062557,-0.7697468553834287,1.0,0.379309992705152,0.8387776708383459
37,2.373773884679591,-1.4437742377557599,3.0853877214474004,0.7310383646690722,1.4314834765908893,0.0,-0.372807376914406,-0.3366598947017625
37,1.738080060643421,0.4644585028477481,0.30241994562380003,-1.629239384642179,-0.08798060435839133,1.0,6.125697590745555,3.1557538725566823
37,-1.1622003848338798,0.7768450476822528,-0.8851292438195579,1.3711734558350996,-0.3738049590466263,0.0,0.07434138340452973,0.5937818170065575
37,0.1826196610041546,-0.25155262044286436,-0.5959346323421522,0.9177949202917564,-0.29863995138567395,0.0,-1.4187818239105605,1.7588295018890676
37,-0.9929186853926345,0.19498060464443512,-0.5101667858944229,-0.5840740274046049,1.2031029037615841,1.0,1.1577450519149057,1.3345251936451352
37,-0.5633317371619253,-0.9595637065879206,-0.6086125506132892,0.25623211304105753,0.2354691738770522,1.0,1.252162748081218,1.5410913893062848
37,-0.03083206837773973,0.916038099811087,0.03633803241777998,1.0590471450637715,-0.3442013062274582,1.0,3.213653035856488,2.7892914483603293
37,-1.5210569631631674,0.3240715172604568,-1.5005436920521307,-0.45040552990342914,-2.7705314219333905,0.0,-3.788893555838228,-2.381969421644531
37,1.3642832025259186,-1.0698015400350567,-0.6627177874880273,1.0174225818622,-0.05472846860602989,0.0,2.666849954720985,0.6260397176778303
37,-0.6713559295900676,0.5020010289838327,-1.9360439859074874,-0.05546063541346724,-0.9136348942314857,0.0,-3.2814248441225606,-1.2314492033374869
37,-0.1336323974194475,0.7841588775983868,-0.31095756685787596,-0.4810278431272212,-0.7412201284717645,0.0,-0.4475132714563362,1.405912459366593
37,-0.8856336136367639,-0.08029239954904167,-0.14892210986659554,-0.26313819477698436,0.5593654001299694,1.0,-0.2548062538956536,1.6507307705035066
37,-0.9544118347467029,-1.5117599964188047,1.9286451820896442,0.4812900226024786,-0.1753447987954857,0.0,-3.4813353889366203,1.9767907489741656
38,-1.083111115991859,0.28347640227270987,-2.517005582145175,0.9889087991270862,-0.8730604050267603,0.0,-3.7204532968364425,-1.7186370470363195
38,0.15040212777443265,-0.04210417443228211,0.7426969339359111,-1.034567066509519,0.9014524539539683,1.0,2.73542126201428,2.0892549453146496
38,-1.0463126245748455,-1.051478817716654,-0.7209595435059275,0.11958644920293206,-1.2552536209839718,0.0,-4.0136137401207215,0.8741391575161579
38,1.2410429109790573,1.4309265152612929,0.42888939394989567,-1.1905168295295843,1.3903809178908397,1.0,10.280905526997673,5.3356308304078075
38,0.40244777989642977,0.49679908316420207,1.717294243062074,0.2797332679946994,-0.6361117349583035,1.0,3.992374814089792,2.184042543607087
38,1.22272603609479,-1.6646532883148983,-0.08109547393801185,-0.13871585726251917,1.553993761192079,1.0,2.913738225644207,0.4074262359354708
38,1.4771778625256133,0.23881298469643886,1.1403452761913309,-0.5770161252719954,-0.1064576138984271,1.0,6.4469237451771635,2.8564811959585654
38,0.6540642556572074,-0.5421181446690087,0.5695429933496873,0.40811308909224414,1.7003992715599934,0.0,1.6082491870245599,2.882568134394892
38,-1.0014913516380464,-0.5987473087356998,0.4492120499512676,-1.5547273498685024,-0.25625834656485424,0.0,0.0006974901738603934,1.0194236519902962
38,-0.27453744887228704,-0.44442605280947955,0.05867589653724638,0.7491630960517133,0.4625043150722138,0.0,-1.0672612686123086,2.395980561153611
38,-0.40190777588025584,0.5499172980505848,-1.7699018746644082,-0.8377144152040351,-0.4112852765112036,0.0,-1.9282581824759086,-0.8542546890834707
38,-0.11659660899017704,0.06757036296963195,0.7499353188301885,1.248404475118475,0.8749744081330629,1.0,7.369236287673535,3.135998459375707
38,-0.41852120984488556,-0.6936202639494911,-0.9215308891351123,1.3192905524330978,0.7664207673200438,1.0,2.9753341616500744,1.9209157397896675
38,1.3109078725912877,-1.967730513137777,1.3220738290571563,0.4916768530069732,0.748911859377077,0.0,-1.2307858666284965,-0.3804275004656017
38,0.6185098079244229,-0.10314648816721067,0.18975317813945292,-0.08059911464359872,-1.817195359202757,0.0,-0.7993737362606086,1.3219147171490555
38,-0.4518815490360661,-1.2893430223433808,-0.40117987603088207,-0.3371004541522802,-1.8552995601348101,0.0,-2.609107007798236,0.3358289789602136
38,-1.224830293397889,0.8326178658418781,-0.5514624205242967,0.7604073384190126,0.9323042972298897,1.0,0.5802521557960613,1.2064620310416956
38,-1.08148142944275,0.5419450011041319,1.013953187165876,-0.025706645783252595,0.08653239276914963,0.0,-0.018145264613620156,1.2100266878756085
38,-0.8346219941168623,0.953031106130154,0.9007440294622642,0.6926327124019639,-1.182266837593126,1.0,2.149466052688001,1.090365763858173
38,-0.765459039908667,0.7448383207115984,1.0128026894030624,-0.45010742990766867,0.013987972549852812,1.0,2.107492546903802,1.2373732595098144
38,-1.3902132579799855,-0.8836167047344329,-0.06263223736927005,-0.9503940663381024,0.2721566687408829,0.0,-0.5076227313278685,1.7191051015718966
38,-0.3091512170070585,1.9403096955764294,-0.8779417445197516,0.9151832489546892,-0.034398940825280944,1.0,1.370900759242949,1.855887588313234
38,0.7173310631967138,-0.6597803516594007,0.2919929514018433,-0.4578464546103644,0.9936978375996602,1.0,3.4654706416024856,1.92708866583178
38,2.5488784563167037,-0.6158431334675678,0.3795911885148454,0.07290311906157128,-0.026776357824415304,0.0,1.6639272760619697,1.5384835354523867
38,-0.03768000226990237,1.2354431072199443,0.5400438504748755,-0.4277288737036386,-1.8723103287766516,1.0,1.815237644093199,1.530018512819749
38,0.8250348056580431,0.45509745533688595,-0.135215811711802,-1.3227648496678224,0.18754396765047643,0.0,2.993780401733409,2.3711912862161277
38,-0.5394700965173546,-0.5851051609199868,-1.3364368413905938,0.7959371844338156,0.3843345971734854,1.0,1.4411996213017475,0.9074966071858939
38,-0.6372594916787433,-0.9470243712236064,-0.12983140802005805,-0.5826921574790458,-0.47624862031288,0.0,-1.3860521841426208,1.2085559799559185
38,-0.24808353535904487,1.3245233057321193,0.4835381125266468,1.2005692016005494,-0.16138236882120194,1.0,3.377286302396137,2.856345481188607
38,-1.703852699048558,0.7063969043417044,1.068881896441329,1.0178734757755605,0.14872746569878106,1.0,3.7478091308931005,0.8965219792569641
38,-2.9098870439346514,1.6508212542862906,-2.404986866724325,1.0967540405626859,0.4599962453814146,1.0,-8.491595827224444,-5.598107542308166
38,0.8267523690132862,1.5767407877265298,-0.009217930579398733,-1.3053822548487528,-1.4522897107874562,0.0,0.9568372526968478,3.1218333270136345
38,-0.884092991251591,0.14477360908635445,-0.3804421362884739,1.3794291248711068,-1.82535437982769,0.0,1.4395448714918957,1.0176638275958294
38,0.34045214894860937,-0.13168009602319136,1.5585397382839439,0.43032081567369346,-2.0316033160576406,1.0,1.2692984293746268,1.050440155388896
38,1.0312948298443432,0.25460549541313565,-0.842581624776485,0.8015257095116313,0.5868617949629891,0.0,3.3213229462267067,2.843964648148493
38,-0.8686036605438825,-0.3461012209207349,-0.4714024557453852,0.8076204643592714,-0.00435570332337583,0.0,-0.7129510162594329,1.7501357579492907
38,-0.9111859438239176,-0.19995426611561293,1.567094859310705,-1.3897625811811425,0.2622693349581421,1.0,0.5699713171903554,0.8501276772982425
38,0.29959886920790196,1.061090711838713,-0.06590673939343884,1.1087447646592816,-0.1368215068682309,1.0,5.420635493911654,3.449083564008231
38,-0.9159662811482718,0.756904266397806,1.4817190826563635,0.5341823497669855,2.3051373867145495,1.0,6.680754756196246,2.4766491059575406
38,0.4972411009438336,0.16738721569827128,0.6013205991361512,0.7022388308482684,1.6152529382652427,1.0,5.746662028836343,3.699541374942276
38,-0.3700637480393302,1.661677426668999,0.6361909873914247,0.011452683065844535,-0.03459311165390925,1.0,4.100441179986228,2.141770200893743
38,1.2734735123395464,-0.8737032298733006,1.7864208212923058,-0.6702834956575299,1.0752445379035078,1.0,1.7860784970336685,0.9689806490717408
38,-0.39985501472498997,1.1719677667946582,-0.3140409056917883,-0.5964731683999213,1.2611679149743535,1.0,3.017860942797726,2.0438591926092626
38,-0.22812656433103448,0.661083192557237,1.042820308776086,0.15947818453062163,0.2965981283483951,0.0,1.9587611734158261,2.3189019884596656
38,1.2328964619028249,0.16907826601639037,-1.0947788078618994,2.069570292173033,-0.08234736171108833,1.0,8.929833379596863,2.8139085036684777
38,0.47414508917148185,1.2271134457625223,-1.781498184431151,-0.22596580133872163,-0.03209332127646158,0.0,-3.0410839223939883,1.203534141196799
38,1.5240457198725426,-1.012110598836451,0.16373331136514624,-1.3476780805328796,0.2522625254246196,1.0,3.723824013173786,0.23424923294971578
38,1.859226939801336,-0.21190455838686217,-1.579691374628244,0.219180393024061,0.31260074674777705,1.0,1.3549920787981806,0.8968324791244753
38,-0.39353522973066857,0.9034752040451758,0.13283449444438036,-2.8423696980025572,-0.4829676372199592,1.0,6.588382080521848,0.2943597084587446
38,2.357657917110365,1.8867136654987553,0.20943838789107888,1.7688943454330202,0.5569202509155845,1.0,18.360708860121715,9.816185528290369
39,0.2880241537034806,1.5091464739717286,-0.9052958460481476,-1.2495322321189435,-1.4264931087129555,1.0,0.7632040912320384,1.16004824850899
39,1.9623886710875205,-0.14949572451289042,0.7606425665644646,0.9498892218865052,0.5353069030354702,1.0,6.642253434914049,3.4603902861162017
39,0.666936701824969,-0.7821339133861064,-1.0470601417679537,-1.0213279988043977,-0.8835700240890796,0.0,1.232699711965663,-0.5550925053552569
39,-1.615686381271282,-1.0788815594482657,-0.37906952829633606,-0.45515293164742177,0.003008060129849995,0.0,-3.6481569257398996,1.9092524368578794
39,-1.8019771118262482,1.147506732846069,0.5105102380254747,-0.2864539278891957,-0.32303197039161274,1.0,-2.021317480512153,-0.5720085804172523
39,-0.3149161269462103,-0.8385961032940343,-1.3313716451259734,-0.5398507426168592,-0.03485846762549468,0.0,-1.9287156298845602,-0.028565347306120925
39,-0.10541633884941347,0.336978971507114,1.072972201247567,-0.10086162926474769,-1.7334645505249477,1.0,1.0754700273573619,1.1770961333438903
39,1.8851990765574782,-1.333154795486404,1.9386256832022446,0.2535851219139234,0.4779894639153203,0.0,1.8641363544052831,-0.2617307455728195
39,-0.649828128975526,5.582788137899434e-05,0.8199157446689782,0.5998629740322202,0.656671739382737,0.0,-1.058275052545556,2.395585607767112
39,0.0449547963266521,0.4659150780823152,-0.6044371102555469,-0.8699000890711803,-2.017203733096285,1.0,0.5769155407977896,0.3534317060861386
39,0.024618612085068277,0.9916829614699685,-0.25761714851969675,-0.47473342101949656,0.2825907613860119,1.0,0.6935479564969278,2.2746845595984135
39,-0.21226630046246348,-0.6165949227547056,1.906467714885611,0.47610283372117795,-0.5747983100506587,1.0,1.4930624646410773,1.2909346692439738
39,-0.6306450544337002,0.3439325738778183,-0.7129015852265879,0.0009170785651269014,-0.202985432446313,1.0,-0.7573156214692258,0.9387267484010254
39,-0.7166484516098508,0.03932702472905513,-1.038721832405281,1.6831527686394205,0.015039593133055468,1.0,4.335405528050211,1.4702130404250506
39,0.8244917294954855,0.1885687714644821,1.4559188185727558,-1.0985206391584865,0.9266640175845982,1.0,7.426857816539296,2.4186597463328856
39,-1.5395809442280877,-1.7007530393058259,0.4966291330223243,1.3089358652247098,0.7997391055603231,0.0,1.0095866312632922,4.180125682967815
39,0.13218858805997508,-0.6687397224192188,-1.1594230762794049,-0.6623008798361185,-0.9661477369703233,1.0,-0.9122640962720905,-0.35074278502954204
39,1.8149281909715114,-1.9878693679781887,-0.7191727998657595,-0.8699155560362566,-1.356196079149843,1.0,-3.1275060721118457,-3.414602046989045
39,0.3365200597090461,1.580873844971466,0.056028210593671926,-1.6993557814826261,0.4826629902239962,1.0,6.7727514550027905,2.9087912530729136
39,-0.40124589028242147,0.01836409398204793,-1.0041225962450424,-0.5574131930654139,-1.2118357438268146,1.0,-2.7955990514083737,-0.048666502813904056
39,-0.29656429155795194,-0.8198066561800096,-1.6437715657418814,-1.5613447351964216,1.028605851416146,1.0,0.050945222314387584,-0.4762258044034403
39,-0.37310699035200096,-0.023399400145807932,-0.41222502008952405,0.4824617540122168,-0.15305807795627857,0.0,-1.7612555266646064,1.6852982520838298
39,0.46190100559916114,0.1648535526873098,-0.7460606913717642,0.7483493786849232,1.4078336030821867,1.0,5.945227153510646,2.8289528162590725
39,-1.2624809295184694,1.392462410227152,-0.27571786666141496,0.6198952265829448,-0.7088652625388315,1.0,-2.1676223485258417,0.08691956623001618
39,-0.6717480451852317,0.7025498909145129,1.2009977732268557,0.046471860349750385,-0.6170927308587124,1.0,2.8509892135236514,1.2200804689684104
39,-1.9859014897037626,1.1906813738712372,0.0741957297059031,-0.4817438080291629,-1.2815503152069256,0.0,-1.2137400799288809,-1.6094864094874808
39,-0.8640434945147939,0.694773757307027,0.4777414633566963,-2.2373728142599116,1.0330762546669106,1.0,4.061844385928329,0.839808442924747
39,0.7099533805264039,-0.04588899880188371,-0.7436261817583875,-1.6467318393171797,-0.14382905063118165,1.0,2.6054627618977726,0.7683782236156442
39,0.6166271322421023,-0.030980025827643365,0.9845711614416393,-0.45140798793243614,0.36902919789542593,1.0,3.9499453791050447,2.278037017229665
39,-0.9619639165750876,-0.07703867304430627,-1.1846481617630058,0.3654450652692419,0.00352350630006763,1.0,-0.6085571877222687,0.5233903402620355
39,0.8046593496734239,2.144341060564677,1.3684625266558113,-0.4807702048985746,-0.4093291306812863,1.0,10.877532129041793,4.640101951125198
39,-0.6337516377593504,-1.2361869079896604,0.7044570965898346,1.21511096528956,0.9631291247708077,1.0,3.631946213350556,3.051778057246189
39,-0.8390170813476102,-1.3756546099152962,0.15686927575954535,-1.939110674853441,1.0374554449927644,1.0,2.3656558647952544,1.6621901188860115
39,0.031239149495790677,1.5672462424936737,-0.3645255902755335,-1.8118278286659866,-0.9965380293027605,1.0,4.525668921688721,1.1960494077942432
39,1.4462831460863113,-0.3640243771618116,0.9591859931129378,-0.013150263606260655,1.975712121418029,0.0,2.0300880493221576,3.0497076120389153
39,-1.830023046231687,1.3299794424302303,0.6869812062154852,2.367571246087945,0.030322686514113864,1.0,7.182343331910727,0.6316868091896795
39,-0.6472718687138295,-1.3239976051160678,-0.6494503162452044,1.4245626428789357,0.6940667102543736,1.0,4.30228114472575,2.402357524964131
39,-0.3008790512712086,0.3248535138707273,1.9259004362070686,0.014294628818688865,-1.6946831904107031,1.0,0.7343759055898836,0.6893135703750854
39,-0.5616530957718248,-0.02914623157188919,-1.5870011015125043,-0.26179841011364496,-1.687737308800067,0.0,-1.6204403406294918,-1.0635020682047274
39,0.7457378990342208,-0.026841430932695778,-1.0549961889073625,0.9169889663739955,0.919689844429329,0.0,2.8100653837450036,2.2235039181646044
39,-0.05060315120315145,-0.4760154298164263,0.030896170570711368,-1.5439283824273027,-2.258308411665907,1.0,-2.2484689627178556,-0.12536897021308424
39,-0.4024140547148779,0.004146434205616649,-1.4907994050841527,-0.8060414755490193,-0.7406854265904645,0.0,-1.7146044307495447,-0.6396539217429285
39,2.4261694290756473,-0.8314348208898107,1.6072776853280535,-0.013149275305290706,0.9314855403215656,1.0,1.3314728244467442,1.0064992675912392
39,-1.4813476969062414,0.7769035322975638,0.6909094733930743,2.535980672699139,0.48094396584863214,1.0,7.03396368495898,2.1214974978598375
39,-0.060145229149014406,-0.6946839538314988,-0.8420182973523546,0.41303308853216064,0.45904450429650534,0.0,0.035339846223839955,1.3453555379988908
39,-1.2601663823526683,0.640163305804693,-1.5689560899828412,0.5258869791556047,-0.21260890800615545,0.0,-1.0398220673530008,-0.7427125891081044
39,-0.21745618084225696,0.6031002397253066,1.3057723052195012,1.5862909904946172,-0.37493699151324283,1.0,5.707830129804636,2.582169757862478
39,0.7221674229284164,1.2761830304301118,-0.9436192773151821,0.10493985103803162,-0.6217281134022977,0.0,0.7629611698490117,2.7774506589467483
39,0.9659732820052737,1.7137995139383442,0.47058212726149856,0.09441155883417456,0.31047192047464034,1.0,7.034641217747293,5.324408242128345
39,-0.397950547961192,0.6734878456723665,0.7898690419372565,0.2892045584767115,0.7963309803264097,1.0,1.501096048666736,2.511394418100166
40,-0.7846165291825512,-0.3962607952058833,0.09403409319102138,0.08318870238675655,1.4848834340992259,1.0,1.6330153005727988,2.5471092739714036
40,-0.5272166554806361,0.7954520463088227,-0.7107320351768406,0.2176753324825889,-0.46485121892982956,1.0,-0.25887657417866805,0.993672674741406
40,-0.8279426203447294,-2.5481498862834706,0.9303653382475963,-0.050206843490479415,1.4503915798715203,0.0,-4.599577037429887,3.184491757853193
40,0.3087750217781444,0.037424144318750845,-1.1580469638382795,0.8280287779531323,0.8248387119678957,1.0,4.54559152356607,1.8331948033492829
40,-0.7082010264706876,-0.5308482226907519,0.8360363759227615,-0.3214958707523475,-0.8441536224443845,1.0,-0.8186815989830177,1.2620251334854447
40,-0.8542342513165173,0.6826372997757052,-0.9908631701021327,-0.5829333011059419,-0.772458206254004,1.0,-2.667835707494866,-0.29408995355835144
40,-1.3590478212879185,-0.13590608967784315,-2.1982242190784067,-0.7762310488609685,-0.09094703182838756,1.0,-5.377077954025324,-1.6825397079223128
40,-0.3421298040434685,-0.6651591156466231,0.3811113333795711,1.2877746697058923,-0.8269448456700812,1.0,3.6084043020424477,2.0731487226400023
40,2.7427924430193675,-1.064388905956666,1.0516509369191045,0.744937399212875,1.2495598331724538,1.0,2.4158805368173786,0.939016314918756
40,1.2528634854725986,1.655928264303195,0.04618897327772146,-0.6115640017916948,-1.1421544109645416,1.0,6.325360391537062,4.67421669106168
40,-0.01471550941674765,0.7431023016099948,-0.023620442036787013,-1.087828494628095,-0.3034739106787724,1.0,0.5253313527329639,1.6455178938366257
40,1.3116007085229828,-0.2102131400465681,-0.737917162206659,0.7346719864233172,-0.8413960442235274,1.0,2.1901536737959213,1.592528859052446
40,-1.136229257089265,-0.3391310466032511,1.3140863626322947,1.5070418421164258,-0.7905213940645305,1.0,2.7517482621999356,1.9168535792390033
40,0.280601401596631,-1.769806039667245,-1.068896530163437,-1.023421654552931,-0.07875030110359396,1.0,-0.5614999960316679,-0.8456547164114873
40,1.4029029954093704,0.6163093638248072,1.1712055217211914,0.23768319565410212,-1.001043511820103,1.0,6.702715388950641,3.4671924512347654
40,-0.27343072601881135,0.6750418655606699,-1.2694864355126914,-0.5903484151963274,-1.8789596377007551,0.0,-3.6239097374025073,-0.5563975221141356
40,-0.7015151970321422,0.39602485790195724,0.26884483649294966,1.7480412006977644,-1.2056261824480272,1.0,5.543693007739104,1.9391456732755592
40,-0.5820260984432539,-2.0198934010151914,-0.7314641309200927,-0.9840537741834834,-0.41347738750296414,0.0,-0.08629522874526496,0.5543704989657403
40,0.6514785730031385,-1.0799147347477116,-1.0357470053809115,-0.4897376556673694,0.47834742884579834,0.0,2.497309336637107,0.0685554611417315
40,-0.32413949091440086,-2.150351143135249,-0.7459876899919877,0.5316694228691985,-0.21354743018837125,0.0,0.8852337708449868,0.9802534771101519
40,-0.8537895206930074,0.8776921054967901,-0.9972459474899462,1.404036492296692,0.8457332154062761,1.0,1.424157006582956,1.4314665596140932
40,0.6172581873461491,0.15995120751053635,-0.24564546545532137,0.03051803603905775,1.0097294983453884,1.0,5.588121206831623,2.8546174854675304
40,0.17659842438258153,0.5050926261046519,-1.2342344685746722,-0.8723460081435885,1.331321396157453,0.0,1.9144087441220732,1.3726583501802663
40,-0.509479544864731,1.1784992849716354,-0.7834243216624053,-0.4200732472654685,0.9749077264057703,1.0,1.0374031945489222,1.3282947891560664
40,-0.06348650007254673,0.9906167879811287,0.5283588218773445,2.0653374443454635,-1.2768744693781582,0.0,5.6925531017227735,2.9227208280264234
40,-1.3378648567527485,0.9049913531700311,0.5662967309414315,-1.0070179093464713,-0.2569725781087391,1.0,-0.6310490352197305,0.06785384315075982
40,1.0430007549064209,0.6157057988844393,-1.0372852778341488,0.36355840267783984,1.5821489056682294,0.0,2.156768699888423,3.434305482068144
40,-0.09420423224944982,-0.3391074762884994,-1.043525604544881,-0.3670759874311122,1.3463399506116365,0.0,-0.6895906950081253,1.2863353056440308
40,0.7792126741909943,-0.10571323166274078,-0.32870867285775995,-0.10197686542764832,1.0247984164175001,0.0,1.069351596430994,2.4978930705838955
40,0.9786178885505982,1.057623971340486,0.3851984672659896,1.1953260049849308,-0.14575414826940794,1.0,9.999543057255634,4.69723970787566
40,0.14833350345228744,-0.2614888155212802,-0.6815951908515616,0.7277268067515718,0.05803710118997528,0.0,-1.982259836824391,1.7332878353687988
40,0.004593834070934765,-1.140965471309177,-1.6279349739748057,0.7085413568850161,1.3063508286184105,0.0,1.0570518902474455,0.5629438201150797
40,1.0363346659794859,0.44436265380833834,-0.4278540665619769,-0.08412464082304974,0.2675930813461353,1.0,2.665409870346444,2.9885225023586344
40,1.155421019876905,-1.409049873523931,0.9075530765317674,-0.25621435898390366,0.5811343202032273,0.0,-1.1101521625681892,0.4770520155371878
40,0.3642036834269807,-0.4639539788037374,-0.4875964781267501,1.3849908152186825,-0.9388151312146921,1.0,4.847178993266415,1.6439021757858807
40,-0.43517798888074005,0.31434605484069783,1.2778378825295238,-0.415276208086951,-0.7949875925689834,0.0,-1.7379070818399647,1.1253604706442664
40,-0.7535860725135503,0.5337254851354615,-0.034198188335057195,0.43489590975331954,-1.4736621916634534,1.0,-0.22427606558389385,0.9507946779901448
40,0.1254260897436398,-0.7278816371597965,0.6872249479327506,2.0356501459167458,-2.1261580929918766,1.0,5.301097590760338,1.678844846081211
40,-0.5874099440216892,0.7485420343243486,0.8422669133091873,-1.7019228264372908,-0.35707196105715944,0.0,2.276755139681612,0.6982741444559082
40,0.17580240848462336,1.4664300513733217,1.4259314844782973,-1.6992521312001512,0.376520640379795,1.0,9.178033703289842,2.274876850728823
40,-2.296871925162474,0.8895174446158336,-0.7452949794867858,0.6483890821061911,-0.7348068001136541,0.0,-3.187711419428928,-1.4277533518743444
40,-1.775970875549297,0.30901239099398525,0.6622192684657716,-1.309407150999473,1.339677389673338,0.0,1.7661257577024005,0.8525981210065408
40,-1.037976591297573,-0.2018679374554373,-0.02347104124590975,-0.3017397265453256,2.613502438273384,0.0,0.3917513882912722,2.7334823322330006
40,-0.04368438825040222,-1.396714423765359,-1.5101832242258566,2.077578247892385,0.3084825686010158,1.0,6.331810210653808,0.8393299997750715
40,-0.9604042056070448,0.48722634492861533,-1.6319910822429298,-0.5656854865063484,0.311773919226243,0.0,-1.5157059154213472,-0.708631054784233
40,2.197981465884244,0.3736255434869549,-0.890814838547938,-0.8862361455140222,0.7753552476600797,1.0,5.509056973180879,3.234956285926503
40,-0.9981102497110355,1.7124681865656084,-0.16944485040348536,-1.2929345280187874,-0.25521883381303934,1.0,-0.41602502149926146,-0.22517365046222493
40,0.572125443231389,-1.1262940159912465,0.4026089804844439,0.7071280227944579,-0.5490800551582072,1.0,1.2225986961682926,1.2789046001450646
40,1.4314609645488232,0.9373038663130118,1.1509234021459702,-1.7306000965072728,0.2959505727976746,1.0,10.047112156030392,3.791877669866812
40,0.11051064554044239,-0.27128144003651355,0.4792414791440888,1.0233939623942987,-1.0371722591300614,1.0,2.763172708900526,2.0097116436077442
41,0.8132955710946506,0.10693093549333284,1.1559981210355401,0.2813181025585781,1.0520955681777198,0.0,2.161390400560064,3.1947908624043997
41,-0.9284486482306713,-1.7976731728835318,0.7163925244845465,0.48868385598532765,0.715458284061806,0.0,-2.4347594648882227,3.0204331951245997
41,0.28650393244463657,0.02401581668559829,-1.6194474731314354,-0.5785329815798558,0.1673694361161211,0.0,1.8303025691309374,0.09820303492345489
41,0.15909565913555404,-0.03453285600757143,-0.7372616930696553,0.016645527792398414,-0.7092004491139355,1.0,0.5673635465277886,1.082191261926751
41,2.061532198986456,0.35163760940371336,-0.5940525854165614,0.9839525252528568,0.5382613065000765,1.0,6.651456019081159,4.224256942781256
41,-0.041790539314232766,-0.41140818675981333,-0.43446342397177035,0.39936223490727685,0.2980011714275625,0.0,2.283639409341485,1.8291396286051884
41,0.14665427240499992,-0.1487295340508996,1.2630715997222481,2.3790455499773078,-0.31266298522841957,1.0,11.841327564380702,2.944768659711241
41,-1.3962794188750463,-1.029747170633809,0.3598202694629815,0.2912068289912721,-0.2257780633401244,0.0,-1.3192333874238757,2.373386126801985
41,0.3501372217447732,1.0462011396265647,-0.5847338517252125,-0.1095771974145137,-1.9055875810826999,0.0,-0.625250084904465,1.5983928492598074
41,1.0723985558193496,0.3945705454693136,0.3245104403960494,0.18421279525858564,-0.5317069489217966,0.0,1.6388342230519768,3.0929365106711475
41,-1.2188084660084788,1.2295310536615898,-0.6040375665728394,0.9403430085523756,0.26048137244894515,1.0,0.5371455002014671,0.62824095586708
41,0.208509924228167,0.6038491266569207,0.893418822533636,1.209553569979665,-0.5632331369955583,1.0,6.669665084963313,2.9287093718045734
41,-0.025131118011543416,0.348812447090704,1.622192531353537,0.09580147396110973,-0.0856610975065992,1.0,3.1432979285643174,1.917867491902112
41,-1.9843915028679195,0.220366445459971,0.38608530384623024,1.7241955061507341,-0.5853290568891871,0.0,1.4809275980933516,1.3695603371088714
41,0.14331725703405268,0.5376872862070914,0.6615684219691794,-0.47770030157611937,1.9623828912172934,0.0,1.8293190023268493,3.2797172787088487
41,0.9906065663625071,-0.0548614253410717,1.0446011243127253,-0.4862644863515611,0.09488712383694117,0.0,0.033993656904324876,2.242385246983775
41,-0.3753871789510296,0.13313374691618773,1.412184217377267,-0.12182856677029266,0.25011440613487645,1.0,4.26131186528219,1.7570795008377755
41,-1.163472612243579,0.18877099491590718,-1.4093191363437938,-0.828867410671002,1.1543033855624332,1.0,-0.021379738241949386,-0.08814591698412719
41,0.8523791095253956,-0.870372865486786,1.1591972278552651,-0.35706070601071505,-0.6867111633343818,0.0,0.5639200710803628,0.7069035378850484
41,1.904005823222344,1.2346061689467769,-0.42169284050165085,0.9956633467993007,-0.5341617825321194,1.0,7.620064838769743,5.852305051937034
41,-0.7401395211727859,-0.20364574102141253,0.34369898647946945,-1.30849633716442,-0.9941444980816009,0.0,-0.7498913085903072,0.6408773602511075
41,1.0298143647245468,0.20194475235602447,0.013031001799987793,0.21450101491085438,-0.8055895179684265,0.0,0.5580928012132615,2.5347315124659406
41,1.8678612768482086,-0.9345366164507647,0.5361890950949388,0.24739041096119757,0.27949415234461517,0.0,1.896084536360849,1.112276173485293
41,0.2648384931367259,0.12510012677801408,-0.5098077512392964,0.8905602324035725,-0.16313748505190823,1.0,3.3088891561764426,2.209746480068409
41,0.8942286000710684,-0.6124317617570909,-0.45359607963839554,1.4170565569333937,-0.4217828961358687,0.0,3.909570040318667,1.7629603256151727
41,1.3258022024999656,0.46434758863832803,0.7684330554259837,-1.3494832312031682,-0.5544566697990555,1.0,6.2416443160126045,2.6619551216744393
41,0.24290172607036245,-0.2658541957838937,1.8395615982507572,1.7309312794010459,0.3985561894013843,1.0,6.658010182721051,2.6429306173987164
41,-1.1601311872105722,0.513015262930417,-0.2100982705120711,0.9057444687301324,-0.3941997162691396,1.0,-0.36137431692755084,1.2100106973343838
41,-0.3147018841343456,-1.161039089656558,1.930087635638828,0.19097651963734544,-1.923772307505352,0.0,-2.9772974728931616,0.374545742993484
41,-1.4191665073521043,0.7906598200720156,0.4194441943319072,1.508523783970303,-0.45087354472009566,0.0,4.1428819626949185,1.2155313726317543
41,-0.06092233769398358,-0.057775198909379225,0.429772701321059,-0.5252976459284078,-0.4556357445096951,1.0,-0.5771909405203668,1.5776511676941247
41,0.818699262336368,0.21316440345759435,-0.6331359146250697,-0.32600278812826466,1.2473058771389205,1.0,4.204449043695819,2.6407089905823096
41,-0.45922779311310075,0.3127518166824082,0.8728274976734692,0.7408396548860778,0.9086679687196328,0.0,0.4297352432508956,2.6869680800759124
41,-0.5846784233188043,-0.6470495439080589,0.2696885115765421,-1.9684777012397419,0.8357205907302796,0.0,1.758981414440124,1.294771557425718
41,-0.3539203626023593,-1.2668986866256933,-1.0392227163803174,0.054872785797748326,0.9780875095355652,1.0,2.126667276107219,1.141730944336656
41,0.02226616708651388,0.08773287902194152,0.184676246129897,0.7126368660682981,0.8145375301832678,0.0,0.36313163165729345,2.8958740717055536
41,0.29118140526352415,0.12292059411818283,1.1445041993646417,0.872450623725225,1.2202760618750454,0.0,3.3325492875114953,3.274956248853242
41,0.22222268694029637,1.656629995340169,0.34855978644698327,-0.21568765566375736,-1.0464489985949934,0.0,1.272087108344409,2.79064426058063
41,-1.7373692608314961,0.810346657374909,0.5200467558107691,0.9598321051304223,-0.7695105514983124,1.0,-1.2515741453464142,0.3515974265478128
41,0.9483183989119932,-0.03896800904730557,1.1291037432650948,-0.01477365578686873,-0.4357253008369376,0.0,0.20991074739473992,2.1844937302791476
41,-0.7441878062270921,-0.3666516094247598,-0.07097998626747912,1.1355468002772076,-1.710074139543389,0.0,0.8128026227220502,1.3921662644985124
41,-0.17511428138338103,-0.5725517142648343,0.7885907363901924,-0.40530883001723383,0.2247334876417607,0.0,-1.9115114901771717,1.7352823725926623
41,2.2484100217710066,0.4645301584443661,-0.460238638455227,-0.1655762379321279,-1.1612946233571184,0.0,0.8252351570770684,3.4033161328183814
41,1.1311545593448806,1.2012001348499446,-0.49934219294966203,0.7556296363982968,-0.16647041200148396,1.0,6.147341619641897,4.447726613539804
41,0.9071498727875077,0.6571104391718686,2.3124578411660752,1.095167544553371,-1.8716674202657255,0.0,4.256118282607548,2.470692833551559
41,-1.3542857299514832,0.27679493574511155,1.287147359805677,0.5729479186398934,2.0036465482079358,0.0,-0.02494027441625235,2.2981267451419933
41,0.8193215623414448,-1.4195083880176138,-2.785509662904789,0.281210580985221,1.1771784994954908,1.0,0.9558409379749672,-2.063957036174574
41,2.262682718977147,-0.41681122377056784,0.9583186242046261,0.3614960491895837,0.8260529670545488,0.0,3.5542913753507444,2.627654558347131
41,1.6107513538245692,-1.5867195322790084,-0.03388470364811671,-2.5270767796054807,-1.6430191458377859,1.0,3.5994961124020883,-2.646359070174742
41,0.6419174567348397,-0.8858071664079744,0.6970907183272469,-0.14499568086100878,-0.7742659857925788,0.0,-1.3344475132460905,0.9650677461543293
42,-0.6529291801824273,0.7489498325757746,-0.687530006488587,-0.0396599388698006,0.6765335425145353,0.0,-3.2523934842543936,1.3064868280677253
42,-0.3862171921889342,-0.9278155524550096,-0.19887804675538773,-0.43583641022397007,-2.1695912148321272,1.0,-0.569183196979262,0.2794579679618636
42,1.1833507179447267,-0.03046417020919724,0.3134046057232978,-2.401272419292147,-0.005646197075999313,1.0,8.571733675314446,1.4449259189634696
42,-1.356163596630596,0.29013109108693225,1.4664652505640206,-0.05098849735169813,-0.6441812740185335,0.0,-1.3837665780678678,0.5633081685588487
42,0.20052657617734354,1.284656150995414,-0.04951474813817801,-1.5968794115742666,-0.23872789483369652,0.0,0.9325082349108655,2.0564124311289937
42,0.382441493861984,-1.1728987859780773,-2.3305187442198014,0.4247434294898502,0.03361522550667188,1.0,0.4046102289910866,-1.4685940712533847
42,-0.16775576052707733,-0.07571806232419927,-1.289337749337997,-0.1950318645448927,0.7485833299298621,1.0,0.006116246550409599,0.8008292156268007
42,0.2078330076497231,-0.3545588871461261,1.4106832780911545,0.6961600998843348,1.514484530434342,1.0,3.4494053084189873,2.8230417849128444
42,-1.259127745194501,1.2467689903583077,0.6216105758032674,1.6619706246824337,-1.3952038815468626,0.0,3.348763552744492,0.6811094547581568
42,-0.5071411135136632,-0.8577805584933001,0.9796211962121535,0.512028926212544,0.5616856345467377,0.0,-0.9628112288646092,2.3365599324111073
42,0.384845629818405,-0.5018047052028789,-0.6753128734024428,0.3332946738649272,-0.9136325942399333,0.0,-0.05993824708991968,0.9010891167737622
42,0.5019598675578544,0.48125231052357287,-0.21471854429456738,1.4377233225381485,-0.5600607862854807,1.0,6.508199679852352,3.0416838344323693
42,-1.847840279950958,1.2783457149105475,-0.20819133798369505,-0.28548641411380304,0.46001556087187073,0.0,-1.4084561373015425,-0.6853507335215042
42,0.095272348236519,2.075725230574319,0.03568821230624941,1.1729351045126997,-1.6485336307061353,0.0,2.262859445699893,3.0626660928116074
42,1.2932781101970972,0.061113351193111426,-0.29276671401167037,0.682214764659466,1.5781039505716254,1.0,6.369321545101038,3.6974573516023845
42,1.584577009298022,0.3160948759237646,1.185310981677924,-0.6449033949892569,-0.6927049409932583,1.0,6.138080943912361,2.7510728481945312
42,0.6189938052427904,0.8000704800077599,0.6035532176143878,0.42407991720277044,3.2543308747532693,1.0,8.723227426727968,5.1690769297697425
42,0.12913416508846726,-0.912745962674596,1.314245589586811,-1.7093852526687063,-0.4200476351418635,1.0,2.6052062439679817,0.33647946047963173
42,0.2537688474061628,1.644918078288423,-0.6270708628890387,-1.1309741124986055,0.6521680668890424,0.0,2.5123422986779977,2.6235836986488965
42,0.09938392558567517,0.9605409253784436,-1.1900085938651173,0.8702827630434171,-1.9127932093875144,0.0,-1.281932270993787,0.880817127196384
42,-0.698665263254045,-0.19207552102735714,1.673200111135612,-0.4952098640460589,1.1108650575820787,1.0,1.6693448520740777,1.7310288533109763
42,-0.7860895624925177,-0.6689396897609561,0.026147902199768362,0.6144792104547255,-0.16569479869273326,1.0,1.916655237074204,2.0354562019946782
42,0.9674871855936171,-0.9807628429995338,0.5018023946887049,-0.5362549997197448,1.1958503044132036,0.0,1.8987010937571405,1.5019025611248897
42,1.7461675105566323,0.03853534571309437,0.8286122986277117,-1.0665633376411179,0.24656154545039247,1.0,4.80731922441882,2.63984498835546
42,0.8227952881585572,0.7135013357253631,0.021280413364552105,-0.8115420561099475,1.1630554349468094,0.0,2.1618571539097813,3.54138432572066
42,-0.30977267781987344,0.5792972428076436,-0.5254831866248932,0.450090069331565,-1.3927629418654646,1.0,1.3154135345803137,1.0863154559552877
42,0.7912052331762435,1.1475038003296714,-1.5706807938240952,-1.067159856732979,-1.381108355443588,1.0,1.0978978700257243,0.8679065586336341
42,0.7366441316199922,0.1222018251455048,0.324023665363088,0.3505244400520403,0.16216339648854095,1.0,3.9362114917321556,2.8857600136298673
42,0.5636373320754632,-0.29432443732262487,-0.5983486044568703,-1.398236976815103,0.33604779211727315,1.0,3.1349269589676796,0.9647622493427136
42,-0.14261174470285165,-1.4549472787731796,1.6315712470163042,0.5464949016737253,-1.0086155932883103,0.0,-3.8630561340781497,0.9327008216581427
42,-0.6958278296355622,-0.7810953622693956,0.7135948472927259,-0.19322827043844348,-0.3933756032259666,1.0,0.21554008860141144,1.6245555195760362
42,0.01134604936892021,2.5142720405624712,-0.027329786033376782,-3.206321915755869,1.5801800220164646,1.0,12.968574325898674,2.4642268244207504
42,1.2779235287915522,0.439398487859336,-0.5132208354750721,2.026243028338368,-0.035745248260021685,1.0,11.873313882883203,4.029984791720987
42,-1.6154933646209677,-2.3445956541661195,0.20823550632387877,-1.8138981947902004,-1.4762907315001736,1.0,1.0050455009353638,2.2450547208371363
42,1.6881618323977414,-2.1021823031920017,-0.8370316260990516,-0.19231736121818155,-1.3032932722575885,0.0,1.3241310545831175,-3.2524850329637576
42,-0.749644294277606,-0.3655557795089652,-0.3556408772908052,1.2591893467642985,-0.7943252027628603,1.0,1.420535560215463,1.7084719343173331
42,-0.7448680110117069,0.9251471510723459,-1.4988814329146773,0.3691350809722447,-1.1741141731836615,0.0,-3.121394135903171,-0.6790502886032305
42,-0.563483186177018,0.24117981126473664,1.046860141214054,-0.01889428834831798,-0.2284081310378383,1.0,2.5195670545818816,1.6030185821142378
42,0.12275538947059694,0.9321771873635664,-0.5916149346656696,-0.8853675748500632,0.19371472918991592,0.0,0.4535332329012909,1.830303281180556
42,0.5929991523971397,-0.1618286037027861,0.13226517876427676,1.8369820462585242,1.4326312581368446,1.0,9.546151774517307,3.8118259966883317
42,-0.36903563460171096,-0.5576747960979899,0.19005531217453017,-0.14918195093240627,-1.0862505917938419,0.0,1.0794891454233517,1.2017518290726175
42,-1.2887084720036137,-0.036548537310585646,0.30016680421554287,0.15576165966961805,-1.4546682723054623,1.0,0.1126490418140047,0.8403891826233547
42,1.9024041211976663,0.6943964507821365,-0.3366421214318579,-1.4422074725081377,0.03753380516091125,1.0,5.864858056584925,3.692634218958057
42,-0.26774513534978484,0.54156386124602,0.6152236084250355,2.24347660990287,-1.2178425930074026,1.0,7.339713245013593,2.6289814999742864
42,0.21820821341498647,0.19726750007525115,-0.26085904141983673,0.6643268994632386,-1.3430868704192958,0.0,-1.4380445005892297,1.747142518058034
42,0.6849335330227674,-0.6912699376796847,-2.044206374530846,1.0898001001694224,0.17293912270706407,0.0,2.7145311533881906,-0.323299675577714
42,1.3135393760214271,0.7753125342558311,-1.4924073882275697,2.8147617637684763,-0.2544862622928691,1.0,13.869276904059973,3.6750722363994353
42,1.588122604736892,-0.03772797827989703,0.08390331438941556,0.257167092710028,-0.17742886341921554,0.0,1.1664723532465004,2.793583611293513
42,-0.33430011652619496,-0.5557690645864723,-0.36267104604848194,-1.0271018023351621,0.955330213328928,1.0,0.723013350296148,1.4584903004973653
42,0.29615960247851364,-0.2236159014416232,0.5946184189977444,-0.18795448412336038,-0.049108753082072375,0.0,0.30291717363058634,1.977185762971598
43,-0.5792952627375741,0.4679578150432883,0.8212937930144052,0.6794256824039739,1.3197823880517494,1.0,3.916758930103983,2.7647711476717407
43,-0.3312162608048538,-1.8649168092742487,0.961089395127438,-0.019133688964213382,-0.8018175949988707,0.0,-2.7019579497969937,1.1623205154471
43,-0.4917812153084137,-0.49194772280286786,1.352200767215444,-0.026354341821582982,-0.5824336884583801,0.0,-0.04926168685702681,1.338631366883801
43,0.04447475021949703,-2.3996691654469573,0.39080567712960373,0.67225995568798,0.2510259847594022,0.0,-0.30977888667442455,1.2973263650250764
43,0.20207227051574603,0.4896608640826496,0.6948173579109157,0.5710727721457145,0.5758424687914621,0.0,1.2741920478464375,3.133850399626622
43,0.413730196304023,0.8481993562305504,-0.39128234434329645,-0.9420310641296586,-0.20628978565911843,0.0,0.7204456323108448,2.1365096324235027
43,2.0005384590809028,-0.13773825352170208,-1.1705197744563238,-0.1192059048087908,-0.6717740221833464,0.0,1.2992273688747997,1.0647726275842424
43,0.6079429477392441,1.0701602880192536,0.8584460232336254,0.5479975895837181,-0.6092502133587765,1.0,6.433645609029739,3.54185906731869
43,-0.4120628650165074,0.5964990904713814,-1.9767924250379785,-1.3797923354640869,-0.3182375166379545,0.0,-0.6687705752416675,-1.3859222310693653
43,-0.7037885112721537,0.1190701711485954,0.2154630575038068,0.7459105766524649,0.7050351083271308,1.0,2.7169187361306952,2.4339224800303945
43,-0.42972746256373084,1.8490868203677584,0.1506895046247987,0.10053650777768304,-0.20574743389889716,0.0,-1.2520810165539693,1.9264833853987806
43,0.8847813699273843,-0.5938276062596197,-0.2753628757510284,-0.2585527611870886,-0.8326952679955552,1.0,0.5933992772894465,0.8990904228661717
43,-0.5008834270995512,1.8370313252237733,-0.4419933737133617,0.030416916275027635,0.8740477029251176,0.0,1.083540470320327,1.8830718356549934
43,0.9188045136488685,1.5655843639568416,-0.22452604001776988,1.0099047621213766,1.5979676699298986,1.0,10.497406743611204,5.8472333559857335
43,0.7576784520200277,-0.0626204670520038,-1.7751761304159501,0.9428551600409822,-0.23649731799340615,1.0,-0.1439568662854227,0.5627137590431499
43,-1.3250620122840704,-0.9466334452844234,-2.211375877099071,-0.7867678217746359,1.1177471640121133,0.0,-0.04944478746967884,-0.4193581741953232
43,0.5325983958744551,-0.9792945032188807,-0.8325238029875659,-0.4034252941919767,-1.0062225680359114,1.0,-0.13936043870250298,-0.19299334847057925
43,0.16022707069714415,1.8303500364520693,0.7097143229634719,-2.281927508625722,-0.6147255916776639,1.0,8.023205714755017,1.95363884857829
43,0.6929252614426226,-0.3517823517771487,-0.6996326580047108,-0.7975050440510385,0.683954896515208,1.0,2.5416808360989953,1.2852999578722257
43,-0.2174700970583052,0.054057699453398764,0.007130323895008656,1.0673094458537478,-0.06609738805473994,1.0,3.6909838295563917,2.4106836382459544
43,-0.7720063668651553,0.6182238546393358,0.4867768514585103,1.2643964918866961,0.5934004558274711,1.0,4.717232527037974,2.501968061536915
43,1.4087439352888496,0.21730890246460166,0.15059536572924861,-0.7474721109176541,0.7828057222665488,1.0,6.494832317428842,3.200805438205595
43,0.09892659705815293,0.4129732028618367,-0.35462713764457005,-0.5196129798191308,-0.08122328983101575,1.0,-0.02088574732684112,1.75684825694784
43,-0.9189958551296432,1.4736388131025446,-0.2929121624257802,1.3089607829739205,-0.9189252379747371,1.0,2.6953255801902136,0.9290222831562069
43,-0.3596069638266748,-0.032040488465086246,-0.787914021233123,-0.729276173749671,-1.4230851132043807,0.0,-1.8316343830357993,0.0508861676347363
43,-0.7555681024880708,0.05087880253598668,0.8955815789231879,-1.5267769636564197,-1.0587873882051184,0.0,1.160002390410721,0.38928652073931247
43,-1.3842734496682794,0.20669396419903885,-0.36153717679181996,-1.4094362825692022,-0.4289268057009792,0.0,-1.1141461007490745,-0.03950663171852109
43,0.8091346148933767,0.3001232243429575,-0.35048378182492523,0.44854723385368483,0.19370228568048384,1.0,4.947526347336968,2.8825585932212094
43,-0.43086531949575596,0.4769797444702214,0.7364175905328024,-0.6993091648665416,0.7955137038079513,0.0,-1.3141742684890856,1.9747336375699753
43,0.09263860757050728,1.8817423781109506,-0.4751819017514664,-0.16833365001654976,-0.0017366046896059267,0.0,1.4247415106991723,2.728095924573035
43,-0.8903487265838316,-1.3217753086395612,-0.049686070041301995,-0.7844458428274967,-1.3873257473852767,1.0,-1.0828727909746847,0.9588160162772765
43,-0.15123930481821318,0.7495299015559286,-1.3680670617751212,-0.21009727999781663,-0.19925084776513036,0.0,-1.7895985810204038,0.49842277131797363
43,-0.6241670885197518,-1.0712179081186521,-0.2360879326821043,0.04577601366189114,-0.17471997888012009,0.0,-0.9565334594338717,1.610670963967421
43,-0.5435638555664299,-0.9531924304121533,-0.7172152094241357,0.00500735199980213,0.5375353516364689,0.0,1.4517972654133475,1.4360456165294042
43,0.40318904065195105,1.0179947719762044,1.3895413550157554,-1.9662191686588746,0.6759081575824885,1.0,7.669969844160782,2.350915541975143
43,-0.13475939638926424,-2.170484048494501,-0.8145236436298438,-1.266381894590617,-0.2138139357673545,1.0,1.564718356704709,-0.32127336683694496
43,-1.6757638179160508,0.6453277342331525,-2.5235633326385862,2.164284151725422,1.7099416813548607,1.0,2.620346273012249,-0.7363255687062689
43,0.3000200252243003,-0.10526442713341114,1.9321811302298761,0.19642576405392986,-0.9927965416978662,0.0,1.040645870887345,1.2801316110322203
43,-0.11954508489348042,2.235221738292697,0.1439013364946809,-0.39985696634723883,-0.6035771499560869,1.0,1.6695267120582642,2.350526221537928
43,0.3487360972236866,-0.6766469618336383,1.3993902304086596,0.41721063335516406,-2.341555791394301,0.0,-0.9388772083316043,0.5081638917553011
43,0.2528610827884937,1.8799388372972092,-0.04849764624017379,0.48388946383361786,0.07330269643123848,1.0,5.250505802090606,3.794934806667069
43,0.9843062053265654,-0.49155196602198303,0.6784902589386715,0.2733921887471168,0.5621524988393957,1.0,3.1809274726903976,2.2980780893890995
43,-0.5410554304492943,0.3026737641912904,1.5970979045988103,1.2514262091528114,1.0810643438906067,1.0,6.018737964529527,2.655541566466627
43,0.9611223878158967,-0.47549503599166804,-1.13521827654084,0.5111724433018244,-1.7634133861073824,0.0,0.9718603393798066,0.014009689242323708
43,1.2062698011118722,-1.0139249595652056,1.742077703673543,1.2056928005279188,0.8434426296240346,1.0,4.1169320985261315,1.598266813007827
43,2.082406578295807,0.5636503429990107,0.6841877372650993,-0.1973104718926806,0.4990712455512952,1.0,9.133168249747808,4.764684586505652
43,0.7739791762091125,-0.7764906196580761,0.8000406889659801,0.2984957406152196,-0.4696128657738544,0.0,0.7306212248839326,1.4088960103349941
43,-0.1847754042250054,-0.6263606675893545,0.77494912233506,-0.5247385573528625,1.5856941004842087,0.0,-0.3699748593133638,2.3425769754217884
43,1.3031435808795897,-0.028205402670139053,0.6711541447955359,-0.4501731983045477,-0.23398198510776058,0.0,1.093087019079031,2.3773173166107
43,1.4693052014134378,-0.02482167383930156,0.8699203945180676,-0.8671270215844807,-0.9915810573997599,1.0,3.5148868617161666,1.8362646970442884
44,-0.5208991772935423,-0.8168526269811154,2.759229334177282,0.7917371912613379,-1.0679521158019991,0.0,-1.1937546170664965,1.070343724623024
44,-1.113239975856243,0.44880452001531546,-0.6038204319774284,0.021696665962652007,0.4232106882498143,0.0,-1.5068212354390145,0.9118710189987271
44,-1.0097895104454966,0.07941453524438213,2.2589448607817357,-0.10390806810662499,-0.9716720963531992,0.0,1.4251369432302805,0.4111947396414861
44,-0.11645806812715867,-0.026830781840070095,-1.5665540964170703,-0.7172981531772672,0.8961020853434466,0.0,-1.4777305529251499,0.241847371563984
44,-0.9335827950479043,0.7623703578661685,-0.8934626994107805,0.20623986560936894,0.02309988145259912,0.0,-2.486301769857402,0.49731394833321607
44,-1.3469999345380976,-2.121277032511581,-0.1496568169515753,0.28018719531740943,0.7978442610340587,0.0,0.6536349965478312,3.5762311644482043
44,1.0924680045347177,1.0539022674192458,-1.4668214194677145,-0.3891644153550371,0.37421632377263137,0.0,-0.43200985830973654,2.587442554415751
44,1.1158249039358588,0.07810062207622913,-1.6913008021359577,2.1430192701571498,0.892489074511408,1.0,9.782694159886994,2.236000113888128
44,-1.5997031250438292,-0.5218045669871151,0.822669087844548,0.553287566852824,-0.3413688799161106,0.0,-2.4272276716595247,1.9715397249238629
44,2.25527092831185,-0.9729275659616285,1.5492779844941502,-0.7477528436525974,1.37771399646034,0.0,-0.08115952636108426,0.5580926766599639
44,0.9925543028815942,-0.28106927996161457,0.8339600468002196,1.0273808096533439,0.9603090109519267,1.0,5.558970997225607,3.1595391551890533
44,0.0735769523095121,-0.2660462164362642,-0.8172909670414323,0.1960862217689398,0.6569799446943054,1.0,1.3668251538207248,1.5862774975225724
44,-0.3144933431236725,1.0477427473798124,-0.3504068525773897,-1.531179932876329,0.9846648443387173,1.0,4.032401876817984,1.5278887384612727
44,-0.29413182592569065,-1.097275141921005,-0.023092995657525695,0.4709701143627012,0.12166337766765599,0.0,-0.10571068198240641,1.9115436739245029
44,0.5495747321510829,1.8256821242204038,0.10214129192021809,0.4126939247296623,1.3297442553577283,1.0,7.302442189228918,5.108055040442557
44,0.1402018040421904,2.038343587406267,0.16721853373255957,-1.1172166912257786,-0.735446440320543,1.0,5.275879013341709,2.5183813738165806
44,-0.27973693126692245,-0.42641847086749435,-0.021875895277182356,-0.9348991769256186,0.47659582885126983,0.0,0.09792108264868953,1.52587840387807
44,0.15136751939991241,0.9078980863945073,0.30289619228369696,1.812644376634972,-0.9749901916881101,1.0,6.166683998346222,3.191810873052989
44,1.427748686963362,-0.8325546428659867,-0.5867742977565015,0.15650251667193435,0.70129068550981,0.0,3.365294986537406,1.0771586840423213
44,0.2724309566868265,-0.952183955787755,-0.9876772109375093,-0.04285538333787003,-1.96628547265536,0.0,-3.1451314007197153,-0.5470596283845028
44,1.2984726820497325,0.8303268440156049,-0.8458539602940769,0.4215530798559447,-0.6961409155457782,1.0,5.2842061894638,3.245427892088755
44,-0.8344981795343223,-0.5559098879373003,-1.3093551375429149,-0.6544568898659726,1.0773741416765679,1.0,-0.12639536742662902,0.5839558481450624
44,-2.209150554194934,0.6009438313420229,0.2717945564516211,1.8187183007168815,0.39765538126620675,1.0,3.2289516713859525,1.0756960398645758
44,0.24174916565981824,-0.6589992349368089,1.192589949027747,0.6158453066675907,0.9095159888652219,1.0,2.002179192424277,2.36029227255382
44,0.30505786154843545,0.4811091883935056,0.12107301824866645,1.2068842118197043,1.3007106678396303,1.0,7.768715368361302,3.8468632250590313
44,-1.1754531647885749,-0.8631642724120139,-0.8517059651725177,0.4693811105467874,0.9427379853153001,0.0,-1.1924826362189975,1.9342075504044018
44,1.2399485574401958,1.744575753034133,-0.17816531564367358,-0.05106452492846533,1.1613717071854552,1.0,7.368420423174147,6.105687776383898
44,0.025261638392075656,0.661126424556519,-1.447133467677542,-0.05036890798135141,0.07967108484912905,0.0,-3.350927049741057,0.774327436998252
44,-0.6907211198879155,-0.23851119493067333,-0.5976944477375445,1.1812645467032308,0.0642221665167252,1.0,4.4196370311015265,1.8506599279244558
44,0.28349585929136334,0.9556814059815701,-0.9970256418932277,-1.7966490147731422,0.12968153078444633,1.0,1.3356680153862317,1.1013265393429774
44,0.16265585315534262,1.8024816779229171,-0.21449543310764227,0.6446186106887679,0.32263329020529585,0.0,0.3658900500140765,3.6292151124398435
44,-0.39723736599542114,1.268621604581742,2.416980790040902,0.057060816811226725,0.08506728030678014,1.0,6.563958870999294,1.4625459056073389
44,0.7539932627377969,2.055300535772377,-0.3273928992097999,1.4837925616101935,-0.26851083539585646,0.0,3.673203082957863,5.3451580099268226
44,0.7829509381237735,-1.753477190384567,1.8625639685592585,-0.6487436357862981,0.3215545965232702,0.0,-1.694669769740903,-0.37810788205311785
44,-0.16940427728452936,-0.20335312076688283,1.2339828473304928,0.061057016076770394,0.938991944962827,0.0,0.9511435905469603,2.295567390641342
44,0.19535412686069664,0.37711076288132933,1.119917201114889,0.20367565660041173,0.3660986946035412,1.0,3.624249104399922,2.64050533693917
44,-0.4788307111503121,1.0712672395740581,-0.6671070308070847,-0.5247823052228361,1.8631953829669854,1.0,0.34971660870313115,1.9045305102222332
44,0.5008707436794345,0.09474420047657811,0.2822485552862253,-0.2522748324084929,-0.5953140961995297,0.0,0.24138429452070592,2.0230234919015277
44,-0.2685779945634117,-0.022328876077159266,0.7386050455039441,0.959199112226395,-1.7241661229373177,0.0,1.0927536644386335,1.586771067720235
44,-0.07439481979842251,0.742099391257951,1.4908287918433372,-0.39241195530109035,-1.694428589491735,0.0,0.054363825242031094,1.0605203914812493
44,-1.5861049378570768,-0.21356321025708225,0.29874343209190657,-0.6527425723761665,-0.0727116281595376,0.0,-2.977439357942894,1.1812512800698152
44,-1.8582283288039563,-1.5447158070216387,0.043834262608880875,0.2619598092047066,0.6013649498015495,0.0,-1.9082482017357176,3.6215815479854605
44,0.21436460599406756,0.17258142265834558,0.08285478878980895,1.4019880848631185,0.08137953131976587,0.0,3.7547168322288877,3.0101490706486214
44,-0.12575518178343414,0.4045225629639229,0.7430432499785726,0.9386022809683359,0.6612348808136459,1.0,6.627581310297837,2.9963662036410965
44,-0.2913265816157993,0.5451406905503599,1.0173178983389257,0.6777493701916361,1.5523191893718082,0.0,2.3724328930866543,3.1174358159337063
44,-0.4991812840377414,-1.9804105210166512,-0.5254424773132128,-0.28972066592940454,-0.27303102051001465,0.0,-1.0415779475941092,1.0697929639367247
44,-1.1535983227251332,0.21004684710897703,0.35761799875752087,-0.5097216576948685,-0.750350105263725,1.0,-0.28710938786432433,0.7714209750133021
44,-1.882795790636251,0.5575789959241312,0.36049304913431734,0.4391152243266028,0.2734103964927796,0.0,-0.7023687449459727,0.7598165725697994
44,-0.6199679382847152,1.2697487744690914,2.6610504155640404,0.12722433759049565,-1.1978451083816108,1.0,3.019449156669726,0.44615731246647083
44,-0.41918753121313757,-0.5665727958679374,0.7629804735127391,-1.8175642135417394,1.466433300006612,1.0,4.031410448183849,1.673324350224727
45,-0.3460522997382648,-1.1130125984776156,-0.6307059295330318,0.8701622162567906,1.0918371154069488,0.0,2.1735913780356624,2.1288862336262926
45,-0.5745998070866849,0.47718821893339863,0.6039715523099644,-0.006298233911385975,0.7096409325550501,0.0,0.0654693635690824,2.153845677447665
45,1.9440512350290395,-0.9696719876730274,0.8576987086040804,-1.2195770893621847,0.07092782306411721,1.0,1.7743116676602886,0.11080207518157481
45,0.008316394902470502,-2.0306076521208904,-1.1847872596263263,-0.3170424374792043,1.0089331707978053,0.0,3.197507657735224,0.1020129203687512
45,1.067152552814437,2.2747595912938,0.11176450083261194,-1.0140762874047373,-0.038713855659374526,1.0,9.14084664694083,5.621719602658195
45,0.32693446906032353,-0.23036779546421585,-0.3960846600417293,1.8585565082666722,1.187815846345716,1.0,8.535593475044745,3.2206906466166574
45,0.49621821564487306,0.7815464912664902,1.1719411745516557,-0.4182241368446228,-1.9540538658090685,1.0,3.1263860023809844,1.814895157469922
45,-0.6318300808096527,1.1182205160570946,-0.8578890746962007,-0.0634332869630365,-0.553917335964038,0.0,-2.821481796015486,0.453085772175021
45,-0.30198603081749736,-0.48072052682154626,-1.1596895524964514,-0.3722718700336848,0.30743956703742503,1.0,0.7753727901552816,0.5411808066558198
45,-0.051541740627827425,-0.0037691308055271557,1.4702603893834092,2.178818697032837,-0.020957031559411546,1.0,8.476160748801897,2.8869665215146485
45,-1.8392913901500327,0.3238031132509588,1.3992798760532452,0.2446453265746095,-1.2900841451753364,0.0,0.3664374709333993,-0.005715143312399196
45,0.23980954196607057,-1.5143374807545509,-1.2926821111865012,0.73394084537545,1.4303206172190712,0.0,3.391468447194745,0.7099159435757663
45,0.4526501929048385,-0.45182797055410934,-0.6409449604432664,0.4175254447155605,0.9667524032944751,1.0,1.9815342403180267,1.969088610711149
45,-1.0947567688667867,1.026411159122266,-0.0016238770350501864,-1.618054333753814,0.20013374191918767,0.0,-0.6363386612148793,0.1323830781153733
45,1.1919286447400337,0.6310755164662478,1.517560983792194,-0.4934922217333306,-1.635009983272676,0.0,2.4434561223758005,2.411438656789464
45,-0.5911301853661894,0.08973375930268879,0.3106275975005963,-2.4052926279946707,-1.2045583299751625,1.0,4.256168829241963,-0.001212298727968797
45,-0.1246888559706594,-0.7160473856825149,-1.5151174705209585,-0.710963507549932,1.3740848496402318,1.0,0.3131711372751196,0.29856703637038084
45,-0.25203836095739723,0.204919131251307,1.0898380080436,0.6271337888792488,0.9253544970862986,1.0,4.860566333566735,2.7085850374171465
45,0.3280975853400585,-1.032890455729681,0.1256817962000465,0.3224796670751745,-1.3880568875819155,0.0,-1.0611241550699915,0.8308794220730129
45,0.023890636460307358,0.3544863236879637,1.245102989568737,-0.21017164089855797,0.4575957778189025,1.0,3.6743154885991984,2.263886697789937
45,1.9746887828940425,-0.30068490298923845,-0.035884529005834234,-0.469736865843237,0.8048975271128513,1.0,4.106752259589173,2.392237120342317
45,-0.3187900911138923,1.490327573749289,-0.9379438137365704,-0.5879622391951973,0.17055638214530833,0.0,-0.8432878092428793,1.0244395098508634
45,-0.8811329309405571,0.9143282068175054,-0.3245139274759393,0.7958182278574757,-0.64677165284854,0.0,-0.9806062867608158,1.0710250906773828
45,0.2751761182371436,-0.9234963142003291,-0.19739661616618284,-0.5950469656978893,-2.0957733509629612,0.0,-0.992189222418957,-0.04181222681336283
45,0.3260762354326143,0.22923694725504315,-0.6530798179483713,1.122610831990452,-0.030436328136490193,0.0,1.1597607821714113,2.366168817085393
45,0.22851262193512814,-0.80056272579001,-1.0100489413823563,-0.8207128248071163,0.06370320336008785,0.0,-2.2177662425731866,0.1793262547803593
45,0.4055738056362848,0.22603035724617201,-0.8704525670604358,0.033239627105992646,0.6768568832279288,0.0,0.7358865880559546,1.9717766163715034
45,-0.9515987929870261,0.585460807256114,0.1652119272014373,-1.0931797322627643,1.461957501931668,0.0,0.6818346789674734,1.5131855817017863
45,-0.40677423652825745,0.2030851715536136,0.4733554201735486,1.8809739693687202,1.0428096992277789,1.0,7.8677927159646535,3.4041588445476796
45,1.9628017966235494,-1.3222094012647188,-0.5049313810925946,-1.4181958647374666,-0.4359697590519811,1.0,1.6754689228192148,-1.5792796223728218
45,0.40180373404180353,-0.06061688202594505,-2.009675689097208,0.502720130038618,-0.6307875203198534,1.0,-0.30425327414807646,-0.347559502229145
45,-0.7969564175138327,0.6779190718054806,0.8244086471819028,1.1938215477227652,1.571097454316954,1.0,5.5954768523870095,2.873864420780762
45,0.2186196673259442,0.2833288933309777,-1.7380025500556835,-0.21110988210544254,0.7367318734999133,0.0,-0.04275436712376102,0.5402970807987155
45,-0.6114425121732779,0.060926605762663934,-0.2816977172567238,-2.075786353275266,0.44288212591439713,0.0,1.6393072714337775,0.6907728373850252
45,-0.42335935471434794,-0.867957072495282,0.019769492781038605,0.13498256280975382,-1.5488104670770322,0.0,-1.496922411281191,1.024574916725526
45,0.29200107268274167,0.24158533333580468,0.41903506944275315,1.0693870969108703,-0.42767644231339813,0.0,2.6222663619705076,2.7811912171958975
45,-0.39476385275801457,0.11966465169156529,-1.0644624791572028,-0.12015156344202141,-0.7633185078352571,0.0,-4.461060710937796,0.3262192043090979
45,0.6671844824218903,0.9848694590053807,-0.3384520821286943,0.12270360708105188,-1.0704522172316622,0.0,0.20965192880131855,2.783285991342283
45,-1.7385540035161307,0.07370499735976935,0.15313316609488467,-0.7243443627286664,-0.5590540963316422,0.0,-1.5076931611146724,0.4626007431670113
45,-0.26487774953417115,0.17637733866977762,0.34091736716839544,1.2663039104464198,0.391715091936372,1.0,3.0905250057560583,2.850947885576093
45,-0.6155743406741022,-0.8650937526822773,-0.03276352741675803,1.5997627582669023,0.2200983145365102,1.0,6.036524301926375,2.685207566089877
45,-1.0515242771749513,0.460598954003137,-0.3812856814205235,0.43191438134332083,-0.8406119523621761,0.0,-2.7492357470381394,0.7534017126401867
45,0.49089333052506395,0.21408715621925617,-1.2865967232022395,-0.2154391701269193,-0.26119351427327236,0.0,0.8738468773871049,0.856358748288746
45,-0.21421452479023664,0.3151708109531991,-0.5073138147898985,-0.2892777197156899,-1.2650649026925818,0.0,-0.49171023172901696,0.8261884508737245
45,-0.03534991878043383,-0.683667264750127,-0.2945376611150712,0.014465843768187474,1.4040932882997017,0.0,-0.40311932170147224,2.18360618638553
45,-0.35878815063748476,0.5922857835914251,0.3377758513864295,-1.99455729618822,0.21602708864422285,1.0,2.557935331928663,1.1273605753990927
45,0.8884412302993506,0.9045099941419733,0.07251351382287953,1.2407015736388787,0.3494078761866266,1.0,9.683445003857543,4.528763113045081
45,-0.44637429045652,-0.9290695112881174,0.6102250447215933,-0.07388538459301475,-1.08315578921264,0.0,-0.6199130959747692,1.2731018547645805
45,0.8700713093639715,-1.3638277570999304,-0.8648742485250696,0.6737166610500023,-2.9784237000617297,1.0,-2.373084702542606,-1.3695604505935635
45,-0.6178166671573014,-1.2407349945775608,0.8399697942242131,-1.2694924418323195,-1.0437370316745491,0.0,0.0872475621107327,0.7681264067265174
46,1.0067638458415558,0.41481737426744664,-0.3953881456407015,-0.483324463445459,-0.4901252607804991,0.0,1.8744474536041582,2.366841943378474
46,0.6534004106399675,-1.864573872359669,0.2675358690817445,-2.185418883364441,-0.6036496197172558,1.0,1.6450967429900787,-1.1202411508260424
46,-0.11451340161236076,1.1605102756086707,0.24069953314774628,-0.2589426002118287,-0.643878976176485,1.0,2.5437640180445817,2.030214892450453
46,-0.6451322493172044,-1.6552315563911015,-0.04981370355127505,-0.017486480048490162,1.509240559928248,1.0,3.961929026369332,2.637391096430658
46,-0.08862536353022096,1.169365902605012,-0.3380579790223313,0.7310128496911867,0.05330863835324796,0.0,-0.8788132993988614,2.603267072106858
46,0.2324693924602197,0.48900403990672603,-1.1349349471800048,0.17545402790530595,1.0159387324351699,0.0,0.6077293819598998,1.9248354991313106
46,0.7937385622217328,-0.7250316886115694,-0.19843625395264816,0.8451434321051823,-1.0812983333935666,0.0,2.311070337776489,1.2219482969172222
46,0.4925038806311807,-1.6615553360013744,0.9059632188580218,-0.3488178211336591,0.5218713836038872,1.0,-0.5875137477070975,0.7535880060843624
46,0.020159325237268714,-2.8809077466682855,1.165811879472203,-2.422200189987638,-0.24163775406788723,0.0,1.0520886977378214,-0.8434599334306896
46,1.1905049277956221,0.2623244520744264,0.39042537592613036,-1.1045087413047285,-0.39971998609022125,1.0,3.722512768977456,2.406558820260824
46,-1.004276500868232,0.1881554392501175,1.8576333152263844,1.5957477226970047,0.9588568633751438,0.0,2.0758005581807746,2.3261784704193937
46,-0.39788940406854395,-0.09856432769837128,0.6409647171662883,-0.06850289420062837,1.2317183431481826,1.0,3.560492980820209,2.4946001788166363
46,0.39672319404526174,-0.7511731120309814,-0.7990519526721938,-0.01823149615276677,-0.8718180736130663,0.0,-0.10924640246274372,0.377602967174839
46,0.6222257705736439,-1.4618903999531854,0.7668868632082857,-0.3486364580090635,1.5954781622835723,1.0,2.852928954218781,1.3974804399241747
46,0.3292046071910528,0.5990187284578675,0.4352914447163243,3.2666780801969577,1.4486983421863642,1.0,19.97263284646629,5.143392512527751
46,0.713864363362002,0.7061130380555453,1.085682498795376,-0.04046833872087217,-0.20712297799346743,0.0,2.7314142590738353,3.0994122833302735
46,1.0634588250979067,0.2810791499137375,-1.620799163135013,1.2885896543166946,0.9898012551356598,0.0,2.4434922482696924,2.2499989611253675
46,-2.3122504730333793,1.4637610010390194,0.41642810894946847,0.3037447787677614,0.3782505202551875,0.0,0.7706513742700585,-1.3450755107163208
46,0.5454707231647155,-1.4517472499680353,-0.2270764389441348,-0.39009224848697,0.5052500654273989,0.0,2.308692465949283,0.6733455425071261
46,0.26301453721082574,0.8382026532656839,1.0893384396959036,-0.3477279246001341,-0.7307392751692413,0.0,-0.2914482146177322,2.2395755209365973
46,0.15992108930879675,-1.0097943412922288,-0.18339973956187886,-1.2176229042561897,-0.8143325167042842,0.0,-0.24688080578924265,0.28912773700697003
46,-0.5586755957404298,0.16074683616222368,-0.20694690950422054,0.6735749674313879,0.6645562771172626,1.0,1.4635839558699035,2.2554852556648006
46,0.045068015933874564,1.553135024913305,1.300386944380001,0.5452968449587037,0.6948966602982821,1.0,8.60299593677603,3.4065144244758168
46,2.2125714976571866,-1.5562511181364418,0.560805370392217,0.17509730481267052,-0.53084010268089,1.0,-0.2676190713122113,-1.165798356514256
46,-0.2937321888638154,0.37171613236194534,-1.7073485707618858,-0.22522018010144265,-1.2923055248768036,0.0,-3.8663706985582413,-0.8187584281735432
46,0.4333625684434576,0.7686224180906884,0.25942594945568104,-1.9041043737683814,-0.9411945154644381,1.0,5.466368514172335,1.6076856047734749
46,-0.974518281287058,0.03086103036773562,1.983353271223765,0.8971084149407147,0.08831162146683517,0.0,0.06556222584586047,1.581530340721813
46,0.8753289366275624,-0.2421492258915521,0.15238533527385398,-0.9062430279471747,1.224223614906292,1.0,3.8460801606019053,2.3282243973395245
46,-2.937054410666695,0.07460145297188439,0.04712718366786929,-1.0691922744328188,-0.35540169098355084,0.0,-2.907058777809119,-0.34017867642056443
46,0.12353425629275419,-1.3539582168887159,1.440137609724517,1.4703507032025287,0.3675525334004158,0.0,3.504779447989325,1.9868354946844702
46,-0.9318626655411101,1.7373789339610228,1.367897568896904,0.27987361079633344,-1.5249895963555722,0.0,2.2559152239306877,0.04665982928386736
46,1.037796346038243,-1.398532838039595,-0.4309867028596768,-0.7283056552437362,-1.6514584499253708,0.0,1.6818468480871749,-1.12858193949485
46,1.535218144019453,-1.2610273191751538,0.5936692413174645,-0.8160947164551777,0.2655033430642838,1.0,1.000645826622096,0.05157599310293892
46,0.2667455874737363,-1.1500269586383114,-0.46166632683828757,-1.1554833294801046,-0.8478564897927557,1.0,2.4165684636498947,-0.08559688411766231
46,-1.1018506093623635,-0.7332101755421478,0.20825205939601468,-0.6560586684371558,0.17621729553880305,0.0,-1.3422094205360484,1.7329568254834584
46,1.2961376765844017,1.3622301730597004,0.3015222603881255,-0.24929673674029673,1.1900207234654865,1.0,7.202848064730576,5.6708304235670575
46,-0.33085597077447454,-0.9673255729765031,-0.46646577116830096,1.308642895006725,-0.6717748679193454,1.0,3.0621634555613637,1.6493191180336864
46,0.6495575291993698,-0.026867679902373088,1.853993360197564,2.174679872761176,-0.6363269408965957,1.0,10.018768600479202,2.7106392095561733
46,-0.07438921305742995,0.07403474650202893,0.8941747389828083,-1.046437912670218,-1.0394475983664175,0.0,2.1989565784474596,1.0246224736155725
46,-0.9131200495615743,-1.4598795500348714,0.9842923923448557,0.9300049935869245,-6.699329389706119e-05,0.0,-2.006415885265921,2.657113289300072
46,-0.5510821691951505,-0.8117465368756339,2.087882695720476,-0.8927116679045488,-0.25598509494800986,0.0,-1.0519030053808254,0.7411681283516558
46,1.002580398029132,-0.6346505045291251,-0.13254614004482826,1.7374066444830722,1.6585443483793492,0.0,7.330697283613707,3.170607831046888
46,-0.37777029690187336,0.9875648472877683,0.5140012159217321,-0.19478546483145706,1.1287443835047224,1.0,2.7810574838560695,2.526588901013417
46,-0.22099498251152538,-2.5178276126058585,1.321471049061685,-0.19394437509213838,-0.09923161514069685,0.0,-3.665978886468205,0.9479136572738892
46,0.3472650028981714,0.2624770171683901,-0.2908866665643301,-2.0296990137663253,-0.14223865798649007,0.0,2.408105838215037,1.1225978775964065
46,0.21203813449811817,-0.3818304699058957,1.0328601671825064,1.3320377772945826,-0.4424310876797529,0.0,4.918880200479338,2.3077393642891795
46,1.497984055111974,-0.9309630022186651,0.4827840828378395,-0.6850924468918769,0.8969193796344551,0.0,1.1494640309785358,1.1219541563781612
46,-0.7336907255252734,1.356569945536663,-1.229557934741402,0.1402365415129454,-0.7256228356711819,0.0,-4.792102082065723,-0.256680956002466
46,-1.0884549765650553,-0.10514395861662218,-0.8936435834251242,-2.2835694058725053,-0.4133850268876374,1.0,0.9304970096541226,-0.6510774815106033
46,0.27516163534968413,1.6335205930477175,0.8859881559906773,0.8176029239966401,-0.37912116114106076,0.0,4.483617440412756,3.6985827150758315
47,1.6896028305511654,-0.040681437354734236,1.3198156642695358,0.221099367524292,0.41947064059615086,1.0,5.467619332688127,2.9842720773282507
47,0.5869630376895029,1.3258148257305866,0.1301415481599395,0.32835077697048204,0.04206591756299074,0.0,2.142968970305041,3.9764158848884428
47,0.4161285757583143,0.7465525187730738,0.9933059801217906,0.9710725126639069,-0.06511047279622487,1.0,7.467660656476676,3.3875593755244946
47,-0.2377626525732268,2.076911910713316,0.26256685975063304,-0.6841442431197371,-2.236009763342601,1.0,-0.9909652668817261,1.0626958761414924
47,-0.7223211597935741,-0.30668061208331737,-0.7988154814209785,0.48460487404581104,-1.1335847827232297,0.0,-1.5556913903505436,0.6806792564154326
47,-0.2916601693721167,-0.28144208111425606,-0.3184046805010436,0.6321918120478559,0.34638981928744433,1.0,1.1745476020711263,2.075358839334773
47,-1.0616156646627763,1.6319497839126988,-0.4350042004527479,0.15583679655851335,-0.07177404564369391,0.0,-1.3280034335122426,0.28406115248810093
47,0.37697558559218913,-1.0488739411743153,-1.4328920986074842,1.459443749950691,-0.7777891063002099,1.0,4.350500392455039,0.030499769479373162
47,0.6253083837667188,0.20397671959370375,0.36972869249198115,-0.3932033610551294,0.4304436308131065,1.0,4.9225029183141675,2.6781008059336395
47,-1.7904427343183844,-0.3217098070201331,-0.5011510592975296,0.38300581947722057,-0.3349374527872608,1.0,-1.1531359476561511,1.1704155029827115
47,0.1761374056450523,0.3204677454697247,-0.1584116276985961,0.8835350178172848,0.19339822665409198,0.0,1.5688205520112737,2.7514888357687415
47,-0.8127569947779171,-0.14691678333073874,-0.5597366160507563,0.07137445170538816,-0.48020438807584004,0.0,-0.27852212612179206,1.002682465580277
47,0.8032758669058846,1.4558336867208572,-0.0941252314781495,-0.07494936488172546,0.6947692647047619,0.0,2.0041413371506818,4.557411667682427
47,0.9459693429377684,0.8365541717756602,-1.980301448799217,0.7981331854147715,2.250271310022284,1.0,3.695000725072333,2.8185124646043014
47,-0.5459730037512723,1.1273027578025006,-0.11501674088043122,1.8682457817991707,-1.8429506836695209,1.0,4.504614520695321,1.6237200460501215
47,0.6961752225426375,1.5509561914001784,-0.5479756075987317,0.02234781516538497,-0.3852572877983104,1.0,3.5737441818451305,3.6014413370564355
47,0.8323514199283457,-0.5905904436716876,-0.616705091955281,0.19394695427225844,-0.7381346629257047,1.0,0.716275973524764,0.8646437861621712
47,0.07996791837628602,-1.1793559085408698,-0.4241137523273435,2.263277837918534,0.4560552694823483,1.0,9.513648639242014,2.4150088388822954
47,0.31967174195322184,0.37106840881091574,0.5027400204708822,-1.2738760806182283,-0.87362082064773,0.0,2.702720646490585,1.5178773530404088
47,-1.5636979367332686,0.11293742043840933,0.5429476490545279,1.4602308463833495,-0.737679415991625,0.0,0.9836045204015743,1.5869587351887853
47,0.10826240698547761,-1.3681107540535684,-0.4847958948355842,-0.802309384847363,-0.33549492126943764,0.0,1.7732576479797368,0.29543084894763016
47,-1.2159064478804618,0.2678953549923256,1.5603685055434444,-0.8874762258813536,-0.2852353266410094,0.0,-2.072360939828068,0.4045148728406232
47,-0.45554701400024583,0.8526641246062187,-1.2877749945713797,0.3859419701463751,-1.343624357665584,0.0,-1.903495558999973,-0.03334068108917776
47,1.537128922898418,0.6009267809290367,-0.3072119153767812,-0.5291725615674818,0.3392150402117106,0.0,2.260609888885798,3.697325465694914
47,-0.6435659421273305,-0.6702941955311612,0.47387900024666274,-1.3929245745243988,-0.5147036097431792,1.0,1.8518571222632638,0.9473786936515192
47,1.5251395273639343,-0.9339973930474538,-0.7078439506943125,0.026909309884112755,0.07944604868141196,1.0,3.139066841171954,0.3301159265130761
47,0.5775992587742317,0.04090044554561535,0.6477730131623641,-0.20422511274064914,-1.142888444208795,1.0,2.1145807051528784,1.7806332128158069
47,0.5145117297535057,-0.3890087402600684,-0.38782312147480186,0.5458384565694109,1.6342138718761923,1.0,4.605210631468741,2.684451030113032
47,-0.9897340624752315,-0.24410183021182977,-0.09915783988170575,1.1828335911030097,-0.9102645958881813,1.0,0.3736122949324536,1.7064714155410803
47,-0.757799357205782,-0.8679033803733844,1.264775510387474,1.756969976616912,-0.3810210125534679,0.0,0.3530276716962635,2.4664742133963933
47,-1.8790011574713814,-0.016827676779159532,-2.521258543900119,-1.6095320856069304,0.2787092433819807,0.0,-1.9143345030364816,-2.6560201678048445
47,-0.2881701168692927,0.3268575714890877,1.6584428886137919,2.151752550155866,-2.099866998883999,1.0,6.48120286661961,1.6927829734075992
47,0.9710315406817535,-0.49582506665953474,-0.7566221173284712,0.0011572308257263987,0.21131357809080353,0.0,1.9532140533217828,1.2112247713264792
47,2.5444551946140703,0.9038198837928493,-0.98257657283515,-1.081423333390151,-0.2075971126795999,0.0,1.133640219273126,4.442949091273138
47,0.17941989162838184,0.8579580006526422,-0.6507193535595555,-0.4231786096297326,-1.7567498398533847,0.0,-0.8229094823634326,1.052948025734866
47,-0.7944928242336871,0.36404618574001857,0.3923357034400022,-0.24194825913415186,0.060279652346997496,0.0,-1.2828348998479426,1.5248966771707595
47,1.2947191135516996,-0.42781068130497457,0.04219819478011173,0.21076562112568645,2.089578683255005,0.0,1.5575967744260915,3.0499405879261334
47,0.6729729666918157,-0.3593149881429977,-0.28104798390915314,0.10666689434025733,0.9884533872796626,0.0,0.8488887687406659,2.282821158923988
47,-0.09220113756312272,-0.9487388443392915,0.8176508176361534,0.04968232824300952,-0.7800431382973617,1.0,0.7094401453692114,1.2945867316626836
47,0.4095412465898022,-0.7998496807380792,-0.06435742463277706,1.4516727086518981,0.33713568083122775,0.0,1.997247125355503,2.3374296056638393
47,-1.8373941156478124,-1.177658606628474,0.6774508281313678,-0.7487137756436707,1.1606071490226846,0.0,-0.8725394038848222,2.980141825740967
47,1.0064070753556824,-0.0230326048878948,0.10457285317527971,0.7060933770346938,-1.9259797460654418,1.0,4.999494209271977,1.9053875408548442
47,-1.0368024630434487,0.1732721287804982,0.7807667277268577,-2.421588249226601,1.09666957332119,1.0,4.703286476279799,0.8268839941546655
47,-0.4963375315003125,0.7239174648418326,-0.9576712226030817,-0.40667197865044974,1.680503588941958,1.0,1.3082736112423174,1.4879888970042696
47,0.8336936243613076,-1.5980827832383546,0.1435488128012059,-0.4287434036103202,0.2930422030638174,1.0,2.440191291261479,0.2791323485425825
47,-0.39952867056070346,-0.48622088179231626,0.2503541341832284,-0.7438431338165531,1.5945710282017693,0.0,-1.5497386311910248,2.270750167366341
47,-0.9571835520823111,-0.6001212734806414,-0.12933271132807816,0.44658860009292256,-0.5804041140233628,0.0,-0.6431842364200037,1.6558478631644156
47,-1.1934275184827252,0.1209500340294744,-0.023653169867690945,0.27467518676261254,0.866690257639263,0.0,-1.557500115565349,1.877992572887691
47,0.5543296511597628,1.362738902561435,-0.7681527028912135,0.1957782324779929,-0.419710752293836,0.0,1.1081166331977625,2.9370936585418734
47,1.6415488536722753,1.5181233249446688,-2.3165151842677147,-1.392854562096492,0.564068586524823,0.0,-0.8375657184081446,2.820759054515851
48,1.0090886820169784,0.7246457247601128,-0.4138339210928396,2.5550416361870205,0.704561879203314,1.0,15.683870239402737,4.936569649366129
48,-0.21248044313951958,0.34593558446185574,-0.039011724101185696,-0.09694022695605879,0.6640062618810175,0.0,0.7116708662869796,2.256489318984639
48,-0.5874058282305669,0.05898639180144525,-0.7853861208781456,-0.5799643646019302,-0.8203666175661166,0.0,-1.8813201591220272,0.315398076414218
48,1.1051320243271445,-0.7977884279459915,1.2487581147301812,0.07014980154465393,-0.5236024929258559,0.0,1.6100239460959744,0.9861636184592347
48,-0.3031004008908597,-0.04980714128216145,0.3313331752247005,0.34389554630010083,1.037528940462624,1.0,2.6311510790853805,2.6406311211892404
48,0.2356006638564761,0.40003103894249536,-0.32950378777302547,0.7265006930784398,0.14503182707641168,0.0,0.5552063356552422,2.62928081709261
48,-1.094915181605847,-0.7286227313919915,-0.35413217863809404,-0.8719737844184281,-0.18287434615314915,1.0,0.6261733931570527,1.1194687612087995
48,1.1932176126448237,2.8018244418629537,2.008732829523168,1.071594419903388,-0.5154928210967352,1.0,19.00235332358042,7.1990529060154245
48,-0.29319864099814846,-0.021636307344418466,0.5967461970853488,0.8194096600764821,0.34036380485205003,0.0,-0.013210720355679495,2.5543545707321917
48,-1.7163290945250964,-0.10713162404024035,-1.023372982391114,-0.6692802099039585,-0.012971176162649624,0.0,-1.6804780944447828,-0.06018058604645615
48,-1.0609685781208409,-0.5963302510997974,-0.36188736772818153,0.5583283591724424,-0.47432498294440567,0.0,-0.7111038396108996,1.6003265343875266
48,-0.08239244705857686,-2.5886059901980585,-1.5318003875393114,0.22749313647305822,1.6063863847077442,0.0,3.671868860269836,0.0678079867902458
48,-1.764560421486649,-0.13485863521009273,0.7963094852671928,1.3218252655987506,0.24220131813374182,0.0,-0.49924878422023067,2.1677740883665075
48,0.5794128208381263,1.6138086105761598,1.300305150977211,0.04778560098438598,3.0321051863443693,1.0,13.374694896862914,5.488974869659827
48,-1.0851584578996365,0.0035216997749145623,-0.17663362598767463,1.574240114853785,2.082479429090892,1.0,6.442161750438286,3.1798437750861734
48,0.43408100682381967,-0.9636707027357325,-0.46396527409050514,-1.3581164146192155,0.30402404437715036,1.0,1.9492042518218626,0.4521502627141703
48,0.028802534432382475,1.1492986961229057,0.5456824843688927,0.5662285717289363,1.2364977163331876,0.0,3.3557255361520624,3.651130996173314
48,-0.8108319557989502,2.1433537788146024,-0.8926972920855059,-0.763699045148067,-0.20889802475359026,0.0,-2.109046110554679,-0.37697225589621963
48,0.2509735073046886,1.3926166126844841,-0.4604794217625334,1.5096184300027484,0.18698560741765902,1.0,7.9238628093490835,3.6852067996127946
48,0.8714947352065288,0.6995685669565491,-0.2769972819388346,1.259287851631863,-0.6882829634446299,0.0,4.386222301804354,3.504086699798994
48,1.042941795162534,-0.17205000915153987,0.25861787143352477,0.19601527701029667,0.9951112939022433,0.0,0.927389018549744,2.94762434213506
48,0.43324107694666314,1.49756897641116,0.31230056470081485,0.4347895897610763,0.2824105832222891,1.0,5.846121691997946,4.080593034879146
48,-1.398506494790903,0.06345004837199357,0.3748759628703283,0.11330068835124554,-2.3897523354019765,0.0,-2.2197544395444,0.22350167610466998
48,1.3412334966403752,0.9841926704958639,1.4953933222786195,-1.683844830431153,0.694350509818993,1.0,9.460622425649605,3.811026333992724
48,-1.4120328757200364,-0.11263713213243157,-1.4292846563184645,-1.974182453024816,0.40713048326199214,1.0,0.28775596729243197,-0.9604161484464385
48,-1.5079170414198988,-0.25589517850202925,0.29209563282508616,-1.2311951275601831,0.8802166060446915,0.0,0.9212150189564612,1.4321636671082163
48,0.7120875362609402,0.5561373666258012,0.5164152930140959,-0.9082342773128209,0.4133378219113831,1.0,6.310884088822844,2.9104851272510035
48,-0.45062450488564476,2.5900360676659075,-0.06536765307892414,0.9845682616611449,-0.9870346803726547,0.0,-0.2581396162208094,1.8665193204712744
48,-0.7355949564728043,-0.6978132993204083,-0.2306041987411481,-0.481136847103768,1.8568089668148962,0.0,-0.9469638849797064,2.342666249687717
48,-1.2848238825979834,-2.965550950595326,-0.5577360103628264,1.0539652761315537,1.372833667150082,1.0,2.94890781279739,4.468010274917083
48,1.3815944516488525,1.0887564208358116,0.5924986917994097,0.8623178727096285,-0.3658552422906793,1.0,10.402277876713654,5.1134238394252245
48,0.4436781447137608,-0.7009434376743158,-0.6600521312211984,0.6769135035584369,0.8600555359032841,0.0,0.7714535212567909,1.7887927915570399
48,1.3544512586804507,-0.13840361882292798,1.3927652095482803,0.7969496615859899,-0.9207965787827906,1.0,5.665123886511826,2.23211416517854
48,-0.476665253264266,-0.6748318917134689,-1.3585969706983594,1.7320798697239626,-0.3392818165044681,1.0,3.785213619436845,0.9736313155354537
48,-0.09087877539464932,-0.28517025905111915,1.0938305139345257,-0.7442937431811371,-0.9569159083809913,0.0,-0.5189225661513174,0.9932875833329768
48,0.6682431205610923,-0.12546923758541428,-1.0550648974386811,0.5513508706018668,-0.019187115348487407,1.0,2.919100835412659,1.4192636904112959
48,0.3721969573513541,0.14888747197159077,-0.08394924356305783,-1.070291363349012,-0.937778457435447,0.0,-0.12282116903920148,1.2664264777644025
48,0.2701288943702672,-1.585156550165792,0.4409871466093729,-0.18217692188591755,-1.0095088720602332,0.0,-3.2268884804498996,0.4432710199018832
48,-0.82897609468203,-0.9707389993072971,-0.06812429629173648,0.25608120373680826,-0.5619199989418064,1.0,-0.0802959960749464,1.7155607692691714
48,0.36679133205154346,2.127929116190608,-0.13478676409800822,-0.9393341784113705,-0.796142291625249,0.0,1.8527211446911855,3.083664570255358
48,-0.5093000850857917,0.9224448369915286,-0.6603428656823291,0.8937663124153523,-0.5909571927308107,1.0,0.4136483761582255,1.3477862373264156
48,-1.2880345656068006,-0.37451298370873276,-0.22366304642822196,-0.4317781845331396,-0.9963424709483595,0.0,-3.4108234895250438,0.8003115613053535
48,-0.7804018959746447,0.5518048660141127,0.18651676003606013,-0.17704286671136385,-2.0282996713801005,0.0,-0.813914170594218,0.42831514968077655
48,0.8012763298297679,0.6647709740109118,0.5185027708455999,-0.8465860389491441,0.13430914774077035,1.0,6.957511214589156,3.037363988107262
48,-1.298564230779852,1.4980835716337384,0.3825929601179648,2.127442000534065,-1.1998604807905067,0.0,4.680689455436242,0.7371889022756
48,0.6923047020322899,-0.25372494777230115,-0.5586802631599997,-1.2797082518513538,0.03885701008202788,0.0,1.523091449350879,0.9918245492696226
48,-0.457374617308599,0.5410311858358408,-1.182652728450063,-0.7032946209060927,0.4019252094212848,0.0,-0.04104380729310342,0.43083404101463835
48,-0.2116754710390873,-0.2732072524474239,-1.4238164293498674,2.287263015761154,0.33791361208382853,1.0,7.838210420529466,1.5625212767982248
48,0.8686682981120064,1.5347661485818445,-0.9411309511040762,0.03375600634936109,1.2620019686745805,1.0,5.305568935799902,4.301107772911638
48,0.9189188505396392,-1.1349096224359998,-0.6315504521130737,-0.0728932346575444,-0.8418939709910972,0.0,0.6712564490044941,-0.11694096381021668
49,1.5876820068971558,0.16513274691385785,0.9085472196346809,2.044398158668787,-0.708680752339094,1.0,10.53786593031253,3.875610057852233
49,-0.6775642547490758,0.5834816111762461,-0.3534498205907951,-1.2048583370543924,0.18741185328127416,1.0,1.1000986270844837,0.8103484324173967
49,-0.2714587956586318,-0.8155950147249563,0.781146712092108,0.39966509310849196,1.0649673486961984,1.0,1.7261932794800932,2.51086972396658
49,1.0854931468132667,0.5033582226238063,-0.76058033552505,1.510802564856447,-1.0014417779691058,0.0,1.940395063554895,2.9396438945662
49,-0.35495700393666996,-0.2402255434771864,-1.340466268054376,3.048524556044608,0.8889123353258573,1.0,10.96273940295158,2.3144626553484176
49,-0.4760326620549596,1.885519011359756,-0.14257084114296734,-1.8758172417587675,-0.35451185025967863,1.0,1.742873871783662,0.6105785548883804
49,-1.1494312311539996,-0.31608545367903906,-0.0060678447318847865,-0.8524608909559929,-0.7570334157066791,0.0,-0.26289658055114784,0.8227606647450096
49,1.2779176676857011,0.5416020376354809,1.3892468065325532,-0.5332273633992443,-1.6123991500076502,1.0,4.749002260106301,2.4042466555989765
49,-0.7762710491429629,0.5252009961891386,0.6813288974922745,-1.2416375941890287,0.3833228869607381,0.0,-0.16482762849909938,1.1550101712721186
49,-0.560474947980441,-1.0098744630003516,-1.2433567371310288,0.3608636192704362,-1.2001825101873964,1.0,-3.289011759402512,0.061116529885147264
49,-0.2578766732201888,-0.03679446172353265,1.5631092413456977,1.3533371520351811,-0.4317432021080139,1.0,5.623851175742561,2.112191471289563
49,0.1834100807826323,0.39101797342884603,-0.7720877953254308,0.9085439264929299,-1.3960740042845852,0.0,-1.1670513546607075,1.4455774467649636
49,1.6717636175849782,-0.5201604985205206,0.10017116738404301,-1.128845113518088,0.5161877445888031,1.0,2.9161834746467923,1.4449601245055264
49,0.8161232566119749,-0.1408274983669946,-0.1558362944043486,0.13802495000893916,-0.10842264341066264,0.0,1.2425284129890342,2.147480366705927
49,-2.10867098356412,0.9999517254057,-0.4635984649240188,-0.17163102738689298,0.543292367220623,0.0,-2.007370819085532,-0.8144482121331293
49,-0.9003804860650816,-0.05787743946818849,-0.11938545273353163,0.6230726790460923,-1.3763960420237695,0.0,-1.274715497981295,1.1295103636411281
49,0.13995301731581483,-1.4418971673428524,0.32574060596704585,0.9981846922729072,-0.8224431100073337,1.0,2.853229992137215,1.3453851444264582
49,0.7795845741725715,-0.48702587033748895,-0.5885767131601775,0.49913751388212485,-1.7262029271578003,1.0,1.5487422851725894,0.6905121314794525
49,0.6286683296620503,0.0706856828590567,1.4666480382481313,1.0048257603976354,0.35911253336677956,1.0,5.759924758345553,2.9133681326520833
49,0.17584480206822875,-1.6851950254616,-0.4944092098843483,0.35107206597444424,-0.13016844748872597,1.0,1.296172203498071,0.6924885071603742
49,1.7430453506379116,-0.339080350494421,0.5224576339815116,0.3912942237932723,0.6044594076565182,0.0,0.9185779639873164,2.7366511149635278
49,-0.250081368873036,-0.9269760593420185,1.170216570717716,0.7690553912064855,-0.4724006914758072,0.0,1.071659163853288,1.7666786304918365
49,1.1058901225732032,0.07852217776580485,0.6014692309792775,-0.5080836549061334,1.457722612668236,1.0,5.5782854517916105,3.27910227952741
49,1.5151055455833196,0.8497914120502501,1.1382336771621484,-0.84113059411577,-1.5179194926859445,1.0,6.695558268303249,3.2787627467770406
49,0.6920474328752351,-0.7096643156756829,0.032372370264577115,-0.3267374465939657,1.159718550255315,1.0,3.588152253531969,1.9322229882764284
49,0.8246474773825629,1.5515400608077858,-2.630562802729933,-1.7333302487145175,1.4593174066380024,1.0,1.4766095946160613,1.1430382487311523
49,-1.027293746433159,-1.2382389846976827,-0.5547996255206097,-1.3954028139987882,0.05581729869855572,1.0,0.6516887531287492,1.0420822387906807
49,0.013123096648841684,-0.6770391652687485,0.4170903793659356,0.20479536772167914,0.2867303815434677,0.0,0.7833565949073596,2.027736681417415
49,-0.7231559404464915,0.5537216980613175,0.3013347272511114,0.03631087762189837,0.3673547266732692,1.0,1.4452275421706284,1.822297108678689
49,0.12238107617357816,-1.7324597687649037,-1.0973616832821942,2.814414958605405,-0.28950712202365786,1.0,8.970696001657124,1.152659266724352
49,-1.5068085989236,-1.8100326910054798,-0.24123328489527598,1.1704792109926416,-0.6962701530514792,1.0,3.2543343375258287,3.1564841458675152
49,1.1211243509466524,0.28240148957622463,0.7654735060609364,-0.28681919734716865,0.3782544678034754,0.0,4.523905853364005,3.1678788513403475
49,1.1893818691494633,1.69045936670593,-1.3620716903461283,1.594901599810593,2.211197116620974,1.0,9.269131071749555,5.879748237932531
49,0.036725655855264765,-1.40971354626075,-0.8029459565638417,0.06202350687165146,-0.4570011917989397,0.0,0.7798198641953233,0.35736196877838533
49,0.558865119128396,-0.17526723268605093,-0.6099961242004418,-0.17920102396227053,-0.4806984767620607,0.0,0.5742571330421271,1.2785506260431638
49,0.014091727460116539,-1.465916524631411,0.11750169066600985,0.82244171154262,0.7602845850766339,1.0,2.888650839476064,2.096648914249683
49,1.4194650656483605,-0.39760932559861445,0.4860695401189952,0.16027058398387642,1.6246756437895298,1.0,5.8057732180300405,2.966219021170292
49,1.2055231842216887,-0.5802138656052527,-0.583315051143642,0.14675330370953757,-0.9388354492240749,0.0,1.449558026058857,0.7601361238736574
49,-0.4745681652508895,0.3067334605057184,1.300891871672145,-0.3759320558683033,-0.6605433613609583,1.0,0.6353408266712589,1.1693642913751114
49,0.1899801921807555,0.09868518434288852,0.9094521860236984,-0.31727501842530154,0.04766516143683736,0.0,1.1330923691173926,2.097180241623824
49,-0.3502808439507725,0.900585209095374,-0.5433368155558735,-1.2917841899494893,-0.19748869067294567,0.0,-0.5383463772133362,0.7993779199595369
49,0.11878915256173243,0.4988292683531419,0.2824739778413756,-0.8151865064168388,1.4897040837634392,0.0,2.345155610266791,2.8069292942691115
49,-1.3163774574746097,0.6676759479779312,-0.20110840115645615,1.4313229135944467,0.010581056963067752,0.0,1.0636837807432677,1.39697923367451
49,-0.5702464657600922,0.884505026872369,-0.13692155638887216,-0.9572264848887467,1.631926312243955,1.0,3.152920033004855,1.9122734296189614
49,-1.558833102453086,-2.4039783586550443,-0.5771163054203358,-0.27109344503262445,-0.2562594573436767,0.0,-1.2767294971690046,3.0518002120994265
49,1.3482514254129014,-0.18127450075872323,-0.5557703008531331,-1.3486417628630485,0.23426958534015865,1.0,3.479440875175516,1.3535079023864938
49,-1.249861419137045,-0.741728860712701,1.3083505846086347,-0.1494478359569761,0.6154949172606967,1.0,-0.41322247724039624,2.07790530088715
49,0.2582712598551732,-0.837251277152354,-0.5775912556417213,-0.2524335637600185,-0.4257810900129335,0.0,-1.8062221759976942,0.7041493660855914
49,0.6434581136504599,0.025168165130764565,-1.4218621995749599,-0.07815731610019386,0.1734211469452441,1.0,1.3138483933601692,0.8355927586930239
49,0.7365904015141306,-0.3629626111248691,-0.8734371349837768,2.7679516810559073,-1.2266569296179228,1.0,9.890938558809383,1.8955835696893804
50,-1.1972179265822216,-0.06138442659004089,-0.17095791088652582,0.8702047634642822,0.5273630052416399,0.0,0.5580561329334868,2.042916541387562
50,-1.5727438828746507,0.9891975206372282,-0.1577163656543021,-0.7402409922135761,-0.9100411839441401,1.0,-2.271354565441006,-0.7639382681607947
50,-0.41199541622347857,0.11206130894782405,1.3752754938970213,-0.11295751040797648,-0.13915615100843176,0.0,-0.3229238577761435,1.559722587538755
50,-2.4334998068756737,-0.9891429516158046,0.7108939501255818,-1.3394093805580904,-1.8515181620645944,1.0,-1.5727541910482108,1.2135198724006369
50,-1.0634965861551344,0.3303169824205267,1.6642039151977341,0.07928440002780832,0.22692165259810643,0.0,0.3454979960813766,1.1740523810973742
50,-1.1066156847345585,2.0569471542138187,-1.6500387499611806,0.40422899766525544,-1.169408101274323,0.0,-5.886545425444272,-2.087852692797097
50,-0.4010054337516702,-0.6665523429875874,0.3451874419986117,-0.052899307508996504,1.068620489781969,0.0,-2.0738822540900133,2.354978578997761
50,-0.3847795364630006,-0.2880705389512303,0.2390000276591029,-0.5747615866075816,-0.05647667219125812,0.0,-1.7569289332637523,1.5498746803914378
50,-0.7356191634286112,0.6312957488666973,0.30860836292120225,-0.338864254549446,0.297360353606921,0.0,-1.6466033180717994,1.5697544515393453
50,-0.1660452250896029,0.14898343509011477,1.0004004117546195,0.3067827229627234,1.5254721268717126,0.0,1.0962196389546852,2.9230240754710595
50,-0.48981513125962667,1.8490594531609095,-0.5510953762378236,0.7304388727584645,-0.8316470461636524,0.0,0.4915972813052194,1.299724558925546
50,0.19626706713062483,0.1584540244173713,-0.43816696697480917,-1.1101715900808176,1.2660337529692731,0.0,0.48151144529861356,1.9728383542802725
50,0.6513017394036174,0.11927987495838407,0.8155599372887753,-0.22846449441318442,0.2932546780821452,0.0,3.4748855968736843,2.588613862955412
50,-1.2628556948293324,1.1886639242293948,-1.3272007496247735,0.21317727539777825,-0.8750697779524277,0.0,-5.284024687463001,-1.2915599143212255
50,-0.2628211595693386,-0.6541402330609202,-0.11147451893209775,1.8587562060466898,1.2388739493043066,1.0,7.440986761349838,3.2003121637682836
50,1.505769572285827,-0.34228561324049167,-0.7893313380104867,0.3992439084903148,-0.4433140506747196,1.0,1.9687998387531653,1.3539581224779966
50,-0.8019238433877189,0.7037827054508272,1.4226040616635889,0.7226830900505663,0.27456654554053495,1.0,3.9847782748270513,1.7441266009115832
50,0.9562189409499161,0.560779812595421,1.181467907934304,0.9530680931908418,-0.3725199997385613,1.0,7.245878693391973,3.5553028339251136
50,-0.4831921124080426,-1.5815836482147494,-1.2253888425289243,0.3358484539585189,1.4016338047937946,1.0,1.7613804886892401,1.3264476943307437
50,-1.6630863570837617,-0.07911114933304833,-0.41783351595265183,-0.7565672149986948,-1.7577860024322878,0.0,-3.8350287132280236,-0.29165324347382104
50,0.9641623886491999,1.7636152043117148,-1.2624431620144607,0.4450834069215917,-0.17456798124119685,0.0,-0.4573082477176403,3.8718262633798206
50,-0.4699847554192593,-0.9333656854501566,0.6170914452020039,1.5212734965927521,0.31655130586997526,0.0,2.3929284330936507,2.7800155310967187
50,0.8282034760520873,-1.2857826489152349,-0.1249509290535226,0.17661741552013102,0.38652515798361675,0.0,1.2071359721605073,0.9176203604563912
50,0.06790484067149585,1.7798772750613618,-0.1894801368791788,-0.7384630283526082,-0.8380385461471404,0.0,-0.7496253276516895,2.143864768145126
50,1.1994313277631299,0.5554577320280205,2.4467772431410535,-2.367506828012891,-1.3545360541367146,1.0,7.825153132479204,1.1378732182667137
50,0.6233430090370128,2.0471654940855473,-0.9582550818657524,-0.9786334497076048,1.147742851136525,0.0,0.4564756878950827,3.791716244883733
50,1.0892747062964945,0.8166231658256394,-2.6311613359029455,0.5356456264120791,-0.8080133952144156,1.0,-0.32212477075644175,0.5181774758271681
50,1.038377974741305,1.7500930761387106,0.521524313868505,-0.7744010440377453,-0.8891707312032042,0.0,4.622488013536552,4.507530669246382
50,-0.29498009954492943,0.4812470460090779,-1.0944318313086652,1.2979290276458164,0.679374296216794,0.0,0.9096556189375989,1.8511623749313406
50,-0.18567984150696287,0.9014336615128976,0.016453350838754554,0.28720609318913704,0.1433574100342786,0.0,0.5543168931445194,2.4138719243119153
50,0.993361358096745,-0.5559468337492652,0.40870849702467554,1.0878866502158104,0.24157922248105662,1.0,4.593681638924765,2.453173208168872
50,-0.5432490560520432,0.6046812297105024,0.3542282130515138,-0.01959477951505697,1.161406772033574,1.0,1.5656565521716976,2.3881581576047117
50,-1.5414583760850842,-0.7717771758633415,-0.7400451000025938,-0.12176790385429896,0.4002298448255331,0.0,-1.8835689848414603,1.5406911843079545
50,0.021556766685175532,0.5310308596470885,-0.4922443495077288,0.48445493872995327,-0.5894836281167559,0.0,-0.7783057527136844,1.8703789903787587
50,-0.15418658277301908,-0.3379810177651283,-0.6037554455452375,1.616282430463383,-0.09367311420784064,1.0,5.392545423546473,2.088664589089623
50,1.6405835654956655,-0.7723930819557382,-0.6965223179404729,0.2004666083655547,-1.860695691656188,0.0,0.1639658963671221,-0.24437791324311986
50,0.45226182986748636,-1.5617941388533332,-1.5377929508058683,-2.378469452312341,0.07519147141385407,1.0,3.051217888652203,-2.1486441104823237
50,-0.9234641755711064,0.07472954350759589,1.0161942127499055,0.7952933302114776,0.5209551041068068,0.0,0.20530395930892442,2.199449046269129
50,-0.5632843362365965,-1.916391205153259,-0.7595123520395828,-0.06790813306595196,0.5385152790731698,0.0,1.1219009191027531,1.4203546499352873
50,-0.17315746453675665,1.4351172216860415,1.457465411907415,-1.7134034119433814,1.1416963960662618,1.0,8.24768346381973,1.9384462860545486
50,-0.5396637799142668,0.8295582222467481,-0.05369587734109215,-0.10673122946487229,-1.0198460709739514,1.0,0.16478202196162556,1.105686829124418
50,0.467491988205112,-0.13233948719324143,1.0024049541526014,1.979189322812151,-1.284918815906215,1.0,8.215198931615493,2.492323377228208
50,-0.508208134752061,0.8754488597034898,0.9566557352483945,-1.9350446506890293,0.07734259985966577,1.0,4.5928486540781925,0.864443339925612
50,0.2640311166196708,1.5033361061497976,-0.3234963667526732,0.19627731024990436,0.913498971349255,1.0,4.387015185807139,3.6218808578321564
50,1.0462930201581657,1.0781755316519894,1.235571789471458,-0.5719969068272212,1.0833508852571796,1.0,8.491341083129946,4.3927659100760765
50,-0.609436518720075,0.42801305058151534,-1.6111188440629371,0.05330310863228099,-0.693881050010666,0.0,-1.5743377539416303,-0.5177185016929795
50,1.1754885744532617,1.2271459029791838,1.4503724436053176,1.3559394391868256,0.47820223523253386,1.0,12.61781822611112,5.406203317280484
50,0.8431040430138828,0.32986281133196094,-0.4751010983632844,0.923190215850826,-0.20058452240297897,0.0,0.7653681190290782,2.8775908754991986
50,1.5209970275611298,1.1404654312529217,-0.4415365984041744,0.9699473795991773,-0.7136677291238056,0.0,3.36570469090783,4.8768433838697245
50,0.027400927336766537,0.05088394575028921,2.2741853982789593,-0.7653473209725026,0.17404299544219415,1.0,3.6258664239222345,1.2351711527716
51,-0.5443030578304674,-1.1007507472739266,-1.537997442963567,-2.108865062964783,-2.1666539409733843,0.0,0.4408482786351082,-2.097350124863339
51,0.043936734927158314,-0.9468626010789687,0.8459805813429575,0.3367649730662463,1.2608332940246354,0.0,-0.3253371439255257,2.3917219570097425
51,0.7863359248057354,0.7285939823914228,1.6552088762951405,-1.0242761159326543,-0.5119708975460752,0.0,2.1520976225901016,2.3055531693836078
51,0.6248566290827816,0.07203845572977,-0.2504221257738604,-1.8059359188521953,-0.5390744033515379,1.0,3.9328784487518416,1.0645529248297692
51,0.2490803835998854,0.40623461423131285,0.22322171649808573,2.043918008004859,0.8361002806886313,1.0,10.127962633081522,3.9556518869869626
51,-0.9211094287628936,-1.4012410019750863,2.3580209482091514,0.20275328032921225,0.6017454483250521,0.0,-3.134995056287437,2.0023838200691255
51,0.533908242947983,-0.6424124770317531,2.208952808441134,1.3869493087739433,-0.2997581333514078,0.0,3.8632416205564724,1.6551148088832035
51,0.811865232940428,-1.2470440372711793,-0.15358696359121302,-0.33804737279331865,-0.11198570327556545,1.0,1.4230779597394925,0.45639756923391206
51,1.0129139252979968,1.4593255768506295,-0.44806953129525506,0.22640737323872223,-1.654781942122128,0.0,2.361460421615427,3.6773540106510656
51,-0.5625943316946759,0.3548711225515349,0.004902955832776479,0.4188689014341717,0.3189210442209187,1.0,0.1859607698746628,2.0678243446788716
51,-0.4223205209928916,-0.04130462741781358,-0.24434228844894285,0.20584328459927886,1.4822980042230038,1.0,1.011358996511939,2.4778273649763847
51,1.076436190856063,0.32172542677846494,1.5528867135618571,2.0986751862139243,2.075859492560341,1.0,14.442416186651126,4.9270170537059235
51,0.6719570180347949,-2.4182622123922743,-0.08562669925343339,-1.2165838833978195,0.5097684786220674,0.0,1.1424047926309517,-0.8980056407343177
51,-0.4349199136040526,-1.2309464741660145,-0.49703483413089955,0.36248884252767544,0.8159108491552776,1.0,2.040741982505599,1.922112647195914
51,-0.968060424436646,-1.5397975418340695,-1.1937942657498646,-0.7480697689904573,-0.09705290867685097,1.0,0.38601732325915494,0.5853643338985173
51,-0.2564776740366087,-0.8255844481631938,0.3996124713108737,-1.097643872748497,0.7928684573220702,0.0,1.2450720473551788,1.6393432814450684
51,0.3541391093938939,-2.3463371844307663,-0.4696593034729741,-0.033338474350359394,0.6373714641018231,1.0,1.6412490676669802,0.13188057802162734
51,0.7149911434055666,-1.119618723021526,-1.1008103976069201,1.4024853470145737,0.43889413419814105,1.0,3.7796838630863054,0.8203270212879228
51,-2.1740632123375394,-0.1076949041768681,0.41927545739260214,-0.07585224609321504,-0.7421576571849293,0.0,-3.4402385469133168,0.807273388567
51,-0.2951332729260023,-0.16496874531380348,-0.4358325499930829,-0.633555347339348,0.14555763239951575,0.0,-0.8167937921674274,1.2632405069680215
51,-0.7183495343326017,0.6061857772270995,0.25624460980374064,0.7105090794227386,0.1090463852739748,0.0,1.369329364053382,2.0137134870873954
51,-1.332679008450179,0.5882601526340379,-0.4479005877575049,-1.6060559744917478,0.5904089108605425,0.0,-0.16580063546187307,0.013413078749867857
51,-1.2193541563558792,0.5832975447107953,1.0086424726582084,-1.1837385635372837,-0.231624099651715,0.0,0.47765571498063586,0.3003751417032081
51,-0.37126869138840196,-1.0678514927853267,-1.4444323236403491,0.6567478927918131,-0.46442633476711237,0.0,1.4059590664774497,0.176872329163539
51,0.782952598704756,-0.520422592365133,-0.25532908653555386,1.383098059426395,-0.10487267291656441,0.0,4.835278704573533,2.202827164764466
51,-1.4755586360391564,1.1452593470619015,0.7752041957024637,1.4002710198963226,1.6335677898281915,1.0,5.628295187700408,1.7637526783102921
51,0.647530349361726,-1.0404404216015617,-1.4921171317193926,1.1271127270982433,1.579971351447127,0.0,3.575051901574104,0.8159097316462873
51,-0.19787463141433317,-1.471986158306379,-1.405775634915159,1.1403847701799759,-0.09937056397918405,0.0,1.4855610245838577,0.43823035110963227
51,1.3203551066780697,-0.8495696033223248,0.030164517374790513,0.37416144568075643,-0.8718971719471514,1.0,2.444376660453421,0.8794186684481439
51,1.667478018434221,0.09065110657011845,1.0193212206061129,-0.5246024323034043,-0.6817386155134819,1.0,4.409692326074213,2.4606576004549003
51,0.5024190932714101,-1.0109208101422507,0.2749886671883361,0.08769283706793717,-0.05263194887695804,0.0,1.3892809280211074,1.3552962774100972
51,0.6430844275980216,-0.44649014448844826,0.28874240748212304,-0.20392184351895687,0.6818710490096445,0.0,2.380731956504372,2.1531148180914474
51,-0.4722123691629317,1.0683269356056735,0.07846060404127028,0.22124672536968576,-0.35604789405631077,1.0,0.6923921643742379,1.762333353126571
51,2.2196486153263675,-0.5774007251370951,1.684822502931636,0.8971009624351856,0.32147469103359555,1.0,5.921401220109097,1.8774170606649165
51,-0.3927068382892918,0.8296176127301658,1.2918268321794875,0.8467536899945943,-1.1583661994472398,1.0,2.741080286304897,1.658131168098083
51,-0.42798748854779345,-0.2034747690942821,-1.1079531846099657,0.983687986760782,1.4682012578839594,0.0,1.0977052194332404,1.8898154704761452
51,0.516237329640779,-0.6191301443717379,-0.3010150112917908,-0.8871343415756654,1.2783603765334726,1.0,2.6161921415959117,1.6290770527506757
51,1.0927955977172645,0.7876155173205109,-0.3853863807921772,1.1778333571843638,-0.14854606202622297,1.0,7.013289215798971,4.049512039382638
51,-0.3744059116223186,-0.08988110124345547,1.4755554669166844,0.9171568368358836,1.4494250907694968,1.0,4.252972415527142,2.8176741461727515
51,-2.409799650542255,-1.2245696373499946,-0.43051681336548087,1.1077515215681104,0.6688545387119522,0.0,-0.9160910689500762,3.715577647553361
51,0.4368437229768897,-1.7323825845859224,0.057330489122686505,0.3563303639163475,-1.2374629077636268,0.0,-0.1070263925952073,0.18190614154465778
51,2.536762469888822,-0.21791593675547052,-0.11572927181189363,0.8807228058066627,-0.04879122982600558,1.0,5.961713558140373,2.958034287333168
51,-0.15955259916323525,-0.8640927057909931,-1.0156675578198517,-0.4546726097299002,0.2968641295748179,0.0,-1.1410670791972,0.5663603023052053
51,1.7229678307907277,-0.9780070800729967,-0.706896620274756,2.507361058350795,0.7473642658665527,1.0,12.340701103209929,1.7217010986557992
51,-0.20953963232593997,-1.6498506462922984,-1.7825714968555448,0.08495441208997462,-1.2466006330006258,0.0,0.04704214837938936,-1.2662906420555478
51,0.5117141047377701,0.7600026173764247,-1.104107558730175,1.1127996625903351,-0.8307486347764096,0.0,2.044743087835927,2.0636657731550563
51,-0.26551826019568125,-0.3454221849306066,1.7827418618288622,0.011362593186265835,0.1864740113294261,0.0,-0.6563141906440539,1.5661726106516247
51,-0.19345910178947812,0.38938997893679383,0.2650901617858104,0.3701401537169119,-0.2548449097417618,0.0,1.8455536884813233,2.177895988634538
51,-0.8730641089128305,-1.0787315104061743,-1.85600890013178,0.5896465100433442,0.3947459159762023,0.0,-0.8001200020877403,0.24873427475218746
51,-0.1945998765249307,0.22428400040522486,0.2921800557483553,-2.2334987340209236,0.40077245749900664,0.0,3.8911739421821534,1.1585415198877338
52,0.32950912661700166,-0.5545384960456352,-0.7350095555151713,2.556924142837775,0.3708995050082546,1.0,11.811762112428848,2.542991211506331
52,0.6677689544847565,-0.9126943914103594,0.2642029235508538,-2.335171692922789,0.7311826095469235,0.0,6.8582824301927765,0.5634761781006653
52,-1.3992574168306862,1.0360819833672328,0.7465123889021228,2.5128683425503855,-0.6617867753902628,1.0,8.008708777764022,1.4015255666677502
52,0.13567037333572482,0.26441576864481453,-0.9712845814946326,0.2380771840778425,-1.39966879334527,0.0,-1.0730790593649446,0.7337177937720345
52,-2.1105557534548423,0.9265644227589541,1.4020104486922378,0.5926136028316485,0.34885650244428146,1.0,1.8582119197304479,-0.2078356571456994
52,0.0981931693200077,-0.645130334686542,0.603050986815606,-0.5610461357697971,0.4599580806268563,1.0,1.997069674059746,1.7377745504824058
52,-1.1628888585859574,1.189079571867201,-2.2285906641777014,0.5344244038833216,-1.857364884773437,1.0,-8.994644015031826,-2.7568105076531175
52,-0.5780680926790084,1.7686436723840395,1.2054601038188335,-0.2494212029460756,-1.9164440363838313,1.0,2.1511615592586617,0.4499520959392991
52,-0.4522742581056393,-0.3255480596728414,1.5790763355934823,-2.2903700310272437,-1.1121246045859252,1.0,3.1380189981693944,-0.16166321592083516
52,-1.202302870916916,-0.05419550922408631,0.052478213427651056,0.03717747839259438,-2.3688084710271937,0.0,-2.6338359444636623,0.29595717119864284
52,0.5681824358916754,-0.38990512945963873,-1.063892981383021,0.18091433924288775,-0.711381512311521,1.0,0.23076864000022967,0.5558936520557513
52,-1.39499093297088,0.9048291172809877,-0.4308224892921071,0.27013380033272133,-2.028519901758349,1.0,-1.8946856089914956,-0.6932910472089658
52,0.15253256075790955,-0.39401135646608265,0.884776923347711,1.862317785527733,-1.1425718029027903,1.0,3.227388455171609,2.254884622056986
52,-1.341475280811358,-0.21746496349000255,-1.2549350413143967,3.675281073422778,-0.3023986885424486,1.0,15.684875884668417,1.8818626859262104
52,-0.6463246061080551,1.4965663436476473,-1.2996635392661742,-1.2141225354830203,-0.8045501977255047,0.0,-2.73335013581607,-0.9334919070687842
52,-1.1531528922726566,0.18415591618153324,0.21878539812513775,-0.40391282966959696,-0.9497738849445349,1.0,-3.696825612041411,0.7118527178608309
52,-0.9849797713861231,-0.41390663410778483,-0.9980887364837921,0.5858340135146514,0.4090100032142816,0.0,-0.15083677604850232,1.2485336900540298
52,1.0148068745733911,-0.3188953240824055,0.3175109502124268,0.014740823770903152,-0.3447891087293613,1.0,3.842493676185667,1.9680853893989463
52,-0.2706006142724893,-1.0944496462478084,0.4068316071393232,-1.2749735829475923,1.7269250809310541,1.0,3.6304564921662568,1.9614043371660745
52,1.1748641692451867,-0.5449113257896503,-1.3741305151175551,-0.2183402534203712,0.3140645186015077,0.0,2.1020092845194935,0.2309770106998954
52,-1.1275649176704947,0.8548874249858862,-0.7613574593906812,-0.2869820333639939,1.4338790493233213,1.0,-1.2727976246861308,0.8163901232871691
52,-1.9621988994925936,-1.3888798693671172,0.2549995277438011,-0.39229545178711434,1.017311298919202,1.0,0.6952280253651324,3.457390269020589
52,1.3763029311332795,-1.6339542357669674,-2.0173386563846343,0.27428252517312335,0.06005554614154105,1.0,0.6249583022344315,-2.650991439779462
52,0.5759720066495724,-0.7221892525680466,-0.24581063182694737,-2.0504892823070384,-0.964004735022399,0.0,3.6923978337068557,-0.14928135815255583
52,-3.101768729904617,0.5686682404399317,0.4320723428977478,-0.5800517823598085,-0.3540168862524849,0.0,-1.4736304650035654,-1.3733258742532997
52,0.8324620184875594,-0.549651018551733,-0.8627585383014683,1.9810610878458002,-1.0712938120525464,0.0,5.449257316049469,1.3576907230548139
52,-0.05930611843135261,1.384065415745666,-0.020886505945302884,0.3590368146589787,-0.32203671338311457,1.0,3.8259121799960156,2.5881347837236808
52,-0.22517758672204008,-2.47567815939139,0.7409452105691803,-0.31456352965296286,1.9411580599673643,0.0,-1.204177704926226,2.1286401156986603
52,0.38483684592902895,1.6238585283968512,-0.2190739185622333,1.050639252339037,-0.3398955812261109,0.0,2.2127042805610597,3.8512022869684213
52,0.20528048765200924,0.2922476954360767,0.6243973083341972,0.917138242966566,1.4071425087210918,1.0,6.908218307315012,3.5944114764372195
52,-1.064583656430551,-0.4842745490245469,0.9542669429396154,-0.45276242588304394,-0.19795078802597607,0.0,-1.2617316613158516,1.471105539068918
52,0.023189531961291778,-0.3624213142688209,0.07263060044847751,0.3560430152729148,-0.3032383764838058,1.0,0.4344675939037663,1.8820609050404913
52,0.08573894364027163,0.9995219015861593,1.5415433247369326,0.8748409193990059,1.0097114146274828,1.0,6.079115944337371,3.370625034067169
52,-0.9477488010762983,0.3820999535787226,-0.41129036068414193,-0.3259587976140743,-0.224367238744846,0.0,-1.5124492871957256,0.7908383144712593
52,-0.22921478836548623,-0.9293916572610967,-0.96291908205567,-0.32087574771989424,-0.2904382628478337,1.0,0.16986416730220094,0.417736801472425
52,0.006426189631281553,-1.9990649476736442,-0.45294664089240355,1.9845668828649052,-0.4295050638475157,1.0,5.513783766618736,1.4410533474302953
52,0.5788503801795265,-0.015252303179661503,-0.5821925778504841,-1.0994173815682031,0.15589466277215183,1.0,3.650603026964993,1.3453716438116206
52,-1.0331459478978735,-0.18296965580935445,-0.997760991939025,-1.6245242171439753,0.29809088168567005,0.0,0.5815787846124911,-0.03893559676215985
52,-0.8745896969283723,-0.3860888545926266,0.09167629717833153,-0.24266736569471334,0.48360244072593933,1.0,-2.0093494266670415,1.8694364152945746
52,-0.17947172418207016,0.7342403748325423,-0.27276455412765604,-0.31917254531843847,-1.8287160677909275,0.0,0.5806877515786018,0.8983121765500892
52,-0.29262461557958525,0.035033487350074666,0.16349237170314185,1.9820329369114211,-0.37944544105398975,1.0,5.791672506190784,2.730657574575693
52,-0.7005424108184414,-0.19508005295807745,-1.5806056888308126,0.06593085621000326,-0.9439740544741093,0.0,-1.162803591807681,-0.5502830295552229
52,1.1838846764772717,-0.9196081349059572,-0.2253333454305079,0.05303254618962591,0.44386398565094004,0.0,0.5090659871993041,1.1539295661365083
52,1.2878630885527391,-1.9864560395879471,-0.2773419580586096,0.6015317065626403,0.12181724372554921,0.0,2.5884292525845316,-0.7227897824865457
52,-1.4440465100898556,-1.6444685550947098,-0.9617116829883872,2.2783599002682373,0.7687705485820885,1.0,9.22411110021838,3.4452578785951395
52,1.1945600952665023,-0.03517452097507451,0.12517669781204593,-0.544527981494479,0.587943056982294,1.0,3.7845920001377467,2.6141462166562874
52,-0.9934680972571689,0.41611912333793605,-1.4254291303062487,0.5728620419567224,-0.7396421210306565,0.0,-1.5514322299889751,-0.3533244022892672
52,0.5763251168530668,1.7758458776072177,-1.7490625968430884,0.11926334682553631,-0.4787930498298774,0.0,-3.703681742880402,1.9679303442944187
52,-0.22564691395366365,1.2730978797540533,1.3846104861437518,1.3587448235389217,0.6928086712721038,0.0,6.520994071551121,3.139648875334016
52,0.8736443591937434,0.37033901994296625,0.021372381343664665,-1.0169262296439097,2.1189008354565195,0.0,2.903764339789926,3.5069813982603373
53,-0.08664112374228146,-0.19077352924497654,0.23512393012736887,-0.2883237204565519,-1.06498534719417,1.0,0.6031115879544392,1.291214415302359
53,-0.38682226521611807,0.5551411383462534,0.8625309734426418,-1.6977474589769124,0.15923850669032413,1.0,5.115346146684673,1.181946795605298
53,-0.7417351551519566,0.9217497040821064,-0.33195114005228005,-1.0437788532080423,0.9070108215109611,1.0,0.30492471794928333,1.117361818653768
53,0.6967495893214368,1.015450323928761,-1.094501556786489,1.021024028782155,0.3301735445918905,0.0,1.8016301035830045,3.1504520541467045
53,0.9052761743691462,2.5904991122020835,-0.9080019834526641,0.7531721382222161,-1.5202846366374494,1.0,3.922706875854134,4.870769493270364
53,0.8002889968838699,1.0589026584042778,1.244388403895666,-1.185458815566091,0.05372014256234075,1.0,8.556922937943794,3.1539915274820833
53,-1.3747450321898989,1.0275623883245901,0.44468689425719077,-0.5799901708015806,0.3985634552184762,0.0,0.12374615563406069,0.4481478787744496
53,-0.3762237270762217,-0.9960505953775073,-0.581363016327175,0.19863948263101674,1.9375602931383658,0.0,0.1147869337391271,2.301733993420914
53,1.130517785429458,1.0219986674760344,-1.498305977070504,-0.8009784252583991,-1.335318112668537,1.0,0.46335513809027645,1.4867715179620262
53,0.4944252619524885,-1.3745930429635587,1.7042979218743834,-0.13545790732789395,-0.49580782620384856,0.0,-1.633055441938635,0.28369328928014537
53,-0.9469004702957321,-0.04443081936367749,0.3088911322767928,0.4147212831815566,0.8814916110062985,0.0,-0.16350907587330385,2.3016291861570117
53,0.5881326554888161,2.5527397312489275,-0.03593111262701293,-1.115373031620156,1.9152200708668967,1.0,11.621942424569333,5.453098300609545
53,1.1044612776077878,0.6379801558349668,0.4448659345249516,0.5139836393722318,-0.39457612520568863,0.0,3.4100009515603222,3.7606501858936383
53,1.2450212468029422,-0.9931056720888304,-0.36375416214565764,2.904513990893131,-0.3149004783591111,1.0,13.043238895878757,1.9370175375406662
53,-0.3360383193722648,0.6073202731361285,0.2634188167068256,-1.3366699831460953,-0.0543695705399918,1.0,1.3105382367185223,1.333253145321601
53,-0.23584297526295825,-0.3189573516571118,-1.978661760052496,0.5227991445125656,0.4966054481551765,0.0,-1.5307748649535209,-0.07845566211303673
53,-0.18425681829167595,0.39716144478229853,0.9470814511605385,0.15236486012247197,-0.8408591505337004,0.0,0.157121294082206,1.7466207910620093
53,-1.3089423971865841,0.9894603807018275,0.3716917792834093,-0.025663384109717476,-0.3893418018460666,0.0,-1.014947798382645,0.4551698839712155
53,0.14514261268957973,0.9396801910824725,1.8096439422032395,0.4543782019811445,0.8362574583657343,1.0,6.268528833360074,2.9923557272614336
53,0.6870155750452809,-0.13490384863431273,-0.022250332296510487,-0.9733113408823062,0.9170638367735497,0.0,0.041622699677501984,2.143878371426269
53,1.1722171476651233,-0.2386619386333368,0.43937204359390897,-0.9334567038902237,-1.3926954407435599,1.0,2.652040947073939,1.1486428932680215
53,-0.06471928488840828,-0.10779089113766409,-1.7955113443394213,-0.13013326544824574,0.9187991325202751,0.0,0.5161284959215062,0.19446976888768294
53,1.225210965701045,-1.2837787079904572,0.04571236829794067,1.099083562092727,0.438553177184138,1.0,6.013090376714046,1.1884463036969897
53,2.2077946251915077,-0.5594883638160056,0.7308650166422284,0.18854727297404197,0.8258021873869585,0.0,3.0259902088008515,2.206122236993763
53,1.0338076753516308,0.9545376028358665,-1.2943506255783532,0.8011125468708609,0.08800835338932875,0.0,0.7886674902043236,3.051304108635051
53,0.052875255677583353,-0.4460877390677909,0.4263316236992412,1.1988348997616909,1.7474852391946885,1.0,6.99057067478915,3.3766215056298075
53,-0.9013130247183536,-1.159204453666863,0.1271341165613255,1.7003080554606878,-1.862606137283938,1.0,2.4932841598031925,1.9888946881376866
53,0.05784019338347081,-0.5079688066435761,-1.563906393790059,0.5541843717307742,0.8690800297414025,0.0,-0.12251135298525295,0.6821235616947332
53,0.27238312180919905,-0.3893142493189339,0.647307636125971,-0.4478380912127739,1.1922972720496772,1.0,1.7035544323066578,2.329085507395047
53,0.9373966559056446,0.21991897912866665,0.3475053959551257,-0.010899849614053748,-1.9355224370380304,1.0,2.9300570419188583,1.9255758711118593
53,0.9700703391968793,-1.1520510707630123,0.22924878451159242,0.5309276682107945,1.6348215765451706,0.0,2.947767645685276,1.9627754563674746
53,-1.6584648807419502,0.7647949416854808,0.9353510021784092,1.3034401370170021,0.3746008409594243,0.0,3.305057078648707,1.1850114425654594
53,1.6743889718983802,0.10015367425188286,-1.709836646519357,1.4105140057702745,-0.01061517016122073,0.0,3.3583463985793562,1.7614058655110592
53,-1.1780075831846901,-0.18684217507801326,0.3132321973727908,-2.5125128759829924,-0.40477986726439874,1.0,2.6788595040240244,0.18698893435362596
53,-0.14727031473476626,-0.2111980623475629,-0.16189254124926813,-0.2170401465404334,-0.7405987483048616,1.0,-0.05672320298220934,1.2790272978211294
53,-0.5073027053400088,0.09665197109564626,-1.7432408971772744,0.4040052519261483,0.9645461314326367,0.0,0.7076616557776559,0.3867068970676738
53,-1.7921465146618145,0.5183784054879663,-0.5342371142460489,-0.4008315264314946,-0.5586242471428066,0.0,-2.0439699977803736,-0.45208322180138716
53,0.1031066152676351,-0.7709786727477068,0.36692328901442395,0.4706205867791812,-0.74137549304496,1.0,-0.38129208229787404,1.5680906784945365
53,0.10135593828522002,1.3332084245004594,2.285476060551697,-0.18326520163762725,0.8535849063559184,1.0,9.74364252324905,2.6749331026206833
53,1.1119040592460208,1.634099803517242,-1.1797765240208375,-1.1101980335045885,-1.775564713382791,0.0,-0.7346383107249558,2.5383259427586125
53,-1.3580404487155984,0.43539341773006135,0.3214624544911854,-1.1455441686234786,0.36708392065968776,0.0,-0.3234533816570754,0.6676700792566296
53,0.08125134609019063,-0.23360585011628285,-0.1943056129170301,1.344427442953512,1.0163547958026284,1.0,6.370078105695023,2.9692622531302257
53,0.32380580048167856,0.10030227584982347,0.04504386939411959,-0.2532838884863356,-0.2859779350576338,0.0,0.6392384392014714,1.9964092162425313
53,-0.4775768035686739,-0.5983852946878869,-0.4244069037073273,2.6482489261503974,0.5636948280459773,1.0,9.143542755760873,3.052845431087573
53,0.7497465057942341,-1.0232145606878944,0.3926428906035609,1.5355464894067865,-2.0800031186228543,1.0,3.106460574844702,0.9441085961472795
53,1.1613344303314703,3.087966743404662,-0.8053581572365989,-2.102227172868263,1.5764106567690117,1.0,12.039564479215748,6.738078368895754
53,-0.6272459216637326,-0.9523365579350448,0.7149529682467491,-1.6017682461268121,0.6165131120164056,0.0,1.0154131887075935,1.4275309744977993
53,3.1049437321169977,-0.0682053495972551,-1.0229206854934132,0.07639342449212841,-1.288562487149029,1.0,2.38454085230781,1.7099255274474636
53,-0.28374752054727026,-0.4828472185138293,-0.8293727546273321,0.30980786146110423,-0.6864962150765085,0.0,-0.5993034849358194,0.8260172687228571
53,1.1672241463346937,0.42623097563953216,-0.7704350929472779,-0.3234095030987784,-0.855689854264447,0.0,1.0461741240817066,2.0370751406495873
54,1.183109494931427,0.33159408349161434,-1.1252627613784496,1.5071759041196053,-1.2063731648747862,1.0,5.957165722335693,2.1683733076263803
54,-0.6537688176779634,-0.23744329672684333,-1.4919645925065077,1.149314644775027,0.9522349252938557,1.0,1.7502067633999328,1.0931695653892044
54,-0.5666054629308738,0.5733154602257573,-0.43583433728101245,1.2657683676320723,0.3743054759962434,1.0,1.2736131290726087,2.187149208361535
54,-0.8888110782812014,1.1315375720044196,-1.6373570356703162,0.5409627486447754,-1.5201837260806634,0.0,-4.186338040412371,-1.2591604613133829
54,-0.32675181447465734,0.5031608302623043,-0.8851595131962894,-0.7634055720919891,0.4416899682337449,1.0,-0.04682774908674159,0.9535242788846046
54,1.2343199664399578,-0.36187689203940854,-1.3923023799570167,0.6192201657185388,-0.006759678860499734,0.0,2.0026572182760174,0.7771763674576604
54,-0.15004148614302518,0.6096171949280139,-0.25880071227381374,0.7754780201893909,0.787243804533929,0.0,4.017742468233434,2.756978137348092
54,-0.6058190622134199,0.39171313256823725,1.5871720008254082,-0.17793115526674938,-1.376554561481986,0.0,-0.562041465904681,0.6556079524370767
54,0.40908951110147,-0.748165908472854,-1.944973593886657,-0.25955780316959803,0.987517542029704,0.0,1.0199110261166613,-0.44961879788641734
54,0.8873075899591805,0.3657181634025917,-0.24884460059068728,-0.3324047661026138,-0.9617420528768714,1.0,3.2838181873978214,2.148719294380603
54,-0.540109878426871,-1.1102154127140724,0.4954101816138264,-0.9210332183405472,-0.41966859671011814,0.0,-0.01519667256803725,1.2316036358651685
54,-0.6797162105636446,-0.7656863092019874,-0.5927357443455783,0.12754417747824268,0.6833813249881204,1.0,1.8006520027190933,1.7362585257235086
54,0.9700224701143598,-2.656448262878793,-0.18343892974940232,-0.6227241594348543,-0.8990176928879318,1.0,-3.272397534549979,-2.289395586810455
54,0.9148567675907519,0.09353414418973606,1.9322482709570512,0.27085764781285215,-0.07934833203979505,0.0,3.03019981406794,2.2980118626628894
54,-2.6119748536788308,-1.2313436859499978,-0.719704555676325,1.4510244115884294,0.8804090464003259,1.0,4.210503026566963,3.8524444330643473
54,0.6423698006151629,-0.3761537670348494,0.07252285662238435,0.770304825933768,0.2998062107581898,1.0,3.063881564979048,2.460166513173998
54,-0.8048997370761346,-1.8661449602432003,-0.2745779710278872,0.9269559722790963,0.06135329810410874,0.0,0.11396225881030009,2.4859426014551866
54,-0.22506954640667662,-0.7092729593556524,1.5033828176203354,-0.027388141900830703,0.781490856382063,0.0,-1.6528849653955162,1.8885697161582198
54,1.896149887913561,1.128556689797465,0.09017449502170996,-0.13887361474581839,-0.9308515251985167,1.0,8.01487271095471,5.158427641747804
54,-0.9019045589531818,-1.6328516635381232,-0.04708842671318057,0.32393342630433175,0.054498963799464825,0.0,-1.1240645845223036,2.3698617747631605
54,-0.2901131926061667,0.5453263405629553,-1.0345660434654684,-0.5867374828305288,-0.4116951294645685,0.0,-1.378821284907791,0.4637999078933821
54,1.7115285332474501,0.060146294475472366,-1.0480542312645933,2.060447486510642,1.9713472786892452,1.0,12.20137973295631,3.979907689906757
54,-1.160762496529319,0.024573788439339606,2.254948991102441,-0.10295711164982671,-1.6744750597047904,1.0,1.050692038212371,0.010123132238068377
54,1.5253998516508118,-1.317973218020121,1.0103549322177379,0.5845686551528573,1.1118994562241813,0.0,0.8874385680902931,0.9782488073400262
54,-0.9969200817810854,-0.054291925444714485,0.08623643088062548,-1.382814573463896,-0.534265538435964,0.0,0.2212270030863347,0.6093808094233046
54,-3.0550406996596005,0.08930299764766532,0.36681965187017607,-0.0701589680457009,0.49871253027304896,0.0,-0.4073136800425857,0.5754661551958886
54,-0.07797609710024103,0.7148085486821699,1.0147565830783498,0.09091822724554673,1.3923952160917399,0.0,0.9689201440827444,3.0395399520547226
54,-0.9845624237331185,-0.34224756244520305,-1.1304413584236876,1.7906950352357311,0.0337900298144748,1.0,4.039346938753379,1.4468415462706683
54,-0.5287662878003921,0.0001666500328700147,0.4498651524978745,0.6444453626801113,-0.7065314742325712,0.0,0.2147036998757081,1.8300073308511915
54,0.41086988888980475,-1.246858983944832,0.12157274900753896,1.8529137859622238,-1.8708815735420783,1.0,4.582276745466446,1.1141302517925356
54,-0.77464283692763,0.5997408507798629,-0.8831045409028362,-0.21096140488155127,-1.707266967745753,0.0,-3.1981473384910806,-0.3179471167255376
54,-0.363275892157982,-1.382216924132212,1.4755603613433035,1.8126899550827718,-1.2881106481847882,1.0,4.694221381523968,1.7245415796951717
54,0.650969020596498,0.3275268480532099,-2.573771097060134,0.04652979280266556,-0.4829723412084541,0.0,-2.832085419586045,-0.6457235913887207
54,-0.4866744852877195,0.10095494011887633,-0.07235358861901357,0.20318420437703857,0.14675150291332087,0.0,-0.7358840587949966,1.8941827140419791
54,1.1649442530771736,-0.3504459852258009,1.1517196656504294,0.5480315734412666,0.20378837337181305,0.0,1.4991418521899411,2.357686092517874
54,-0.33219090475297985,-0.3002793947790319,0.3638457948566036,-0.0836988037255055,0.3225036581612289,0.0,-1.3173752339707347,2.019375390280426
54,-0.440956805117611,0.10358730394479256,-1.3875586055643805,0.6998844567601079,-0.04231552847501994,0.0,-1.2168257049999163,0.6028569252795626
54,0.17748505916317955,0.4487779631325939,0.9960053752378681,2.5422898036972232,1.0442918966182408,1.0,14.452728716216269,4.227735779219887
54,-1.3716576715051616,0.6214881582482767,0.986799077187459,-1.876928712145993,-0.2773160830213513,0.0,2.829622067753568,-0.2599135159008472
54,-0.9057463397704647,0.4575050824732814,-1.2708077618317275,-0.4295551117695204,0.5108132593220917,0.0,-1.2817162109252007,0.062230292669350484
54,0.8759212572767608,0.24149998077352233,1.4578090924277805,0.09311584668015202,-0.5036697299039526,0.0,3.294640553191755,2.4066201768482736
54,0.2835786695086994,1.7569980263336822,-0.7343730733137307,-0.6230230827364995,-1.1515711148038934,0.0,-1.1684643829210726,2.006302891705885
54,-0.8102437593449828,-0.016348873948129568,-0.09236918685365515,0.539311089246603,0.184427578386556,0.0,-0.7127369809679679,1.9113719958028828
54,0.5669073806510676,-0.5042434487178422,0.1755632418663739,0.4992832272878224,-0.7850423287874667,0.0,-0.07530946072959177,1.6750030211466251
54,-0.11218720873814539,0.3763573325828765,1.4838857677015458,-1.1419291325642649,-0.042338430680221764,0.0,2.21754963165221,1.3264728735694662
54,0.7547430340025371,0.7551540228810172,-0.13386268168415208,-1.641174128584702,0.03591255773757801,1.0,7.50889608951985,2.4463874028800974
54,0.21021542994860482,0.9275146657555374,0.3718817368654036,0.884153273127791,1.6445876554052283,1.0,9.151558145507686,4.145799505060768
54,0.7741918958499354,-1.0613801637748708,-0.18167617350562099,0.21633908056181617,0.6026196831659042,1.0,2.7697554038911467,1.336877466156691
54,-0.2833039755553468,-0.36742701962041846,0.8850857247995068,1.2163392061369942,-0.04635343122986709,0.0,2.26803572569363,2.4394869431048005
54,-1.1284495601782725,-1.0608802329733982,0.44304938469385435,-0.7898781084736035,-0.795604763194898,0.0,-1.435649465906387,1.434716797659976
55,-0.3949499593721065,-1.475214784001876,-0.5779222993942578,0.0779048621867074,-0.5860012986237696,0.0,-0.960205992126267,0.9421437527284451
55,-0.22508277932392073,-0.18609448288225497,-0.8260694271068914,0.08930601222457961,-2.676726029271654,0.0,-1.7213835430111195,-0.19267565731620884
55,-0.3242495991878688,-1.1343582453079097,1.589689455842338,-0.8626581824381099,-1.0538610792556458,1.0,-2.9574686560373356,0.45620437612020387
55,0.7811306370622288,0.5938465424486081,-0.09916148578604606,1.0266901904740124,-0.47990602353297224,1.0,4.603795695332774,3.370259185563379
55,-1.1757972268035448,0.7372857922425717,0.03203893665899154,-0.4206370180239701,1.0248682849658795,0.0,0.5471161465816193,1.2314675918105733
55,0.8540443645528842,-1.3789838883954577,1.612681673747191,0.6228387657563353,-0.11362470566115816,1.0,-1.3591724027857495,0.5788915854317866
55,-0.6817891914329426,-0.26146784851607396,-0.10156236770851684,1.3868340734776312,1.112770614982776,1.0,4.924521211543626,2.9005055678632212
55,1.1283128461647096,0.37838650133829665,-0.1375570949106985,0.7216563395347041,1.6966691906002256,1.0,6.680625074898925,4.311226173400706
55,1.9713997592381802,0.018436500935394184,0.4477718881403791,-0.24757853233274946,-1.1153655951795056,1.0,4.489036160444781,2.475091742195949
55,-0.853639910613823,1.1154697995715297,-1.7334259694126917,0.3731385746772045,0.952358457834785,0.0,-4.2353224955074245,-0.18717277168625823
55,-0.47467738648168517,-0.5667234706042074,0.457896057318778,2.418936689706499,0.4920023619714999,1.0,10.506467955806915,3.3297124968256213
55,1.1167103996919565,-0.29961066979035805,0.9911686384698863,0.5640348758656989,-0.6468631429697894,1.0,3.354068054323138,2.0758541738265057
55,-0.15843523344814328,-1.145189878519976,-0.15685305494296817,-0.6336861942160075,0.3879919604738566,0.0,-1.2267110878136314,1.316075985228271
55,-1.0643507251916962,0.44608115263329334,-1.4072285459356515,1.4842536560827455,-0.6415079543647344,1.0,-0.05963919454272598,0.09667638907513204
55,0.4533016238426021,-0.3866354604934686,2.015142461547448,0.10057058641264069,-1.4557319158401933,0.0,0.5122762126443158,0.758193563079735
55,-0.025310720299446768,-0.048966948322257335,0.010911952234100542,-0.21710339507661824,-0.6767088122357036,0.0,0.4606238138728665,1.5225908921229006
55,-0.36071019094050416,-1.5931478559608852,1.0239494015419528,0.6173213364412942,-0.5698845054777867,0.0,-2.492782080179084,1.653425321720335
55,-0.40800272665080406,1.435635728962095,-1.6798757541203286,0.23080771739369724,1.1060561442901646,1.0,-2.5269679054277168,0.6477040174166786
55,0.13530702942646722,-0.6920915324182675,-1.8064901340261321,-2.2781987497652865,-0.05364107503855056,1.0,3.6134121538223383,-1.6747197471527586
55,-0.7905515453345274,-0.603131403687787,0.9907765525545582,-0.03244376906346951,-0.15108334446174218,1.0,-0.26683255977540327,1.7316301853268805
55,-0.1252470647711134,0.012843138565969069,-0.003498084423756502,0.21839510354540156,-0.21095152434342979,1.0,2.927629964163506,1.9441561005876202
55,0.3855506878499471,0.20044938623813344,1.1476719540318074,0.047936772184000095,1.177806184886596,0.0,0.7887912535766766,2.9676021797549605
55,-0.6434487094625174,-1.8408852413784824,1.0692017336776003,-0.3405602226696196,0.5649357913080518,0.0,-3.3273852199614047,2.0699612241712533
55,0.33374098941461217,0.9611707303693622,0.9747140947220516,-1.3203861860791246,0.20013955465827066,1.0,5.871385191706364,2.456876337041484
55,-1.895443579851885,0.7470202559749036,0.2599961111035299,-2.212457524758364,1.208295987742789,1.0,3.9469621033548865,-0.3958381452145999
55,-0.37871080505683413,-1.78348305528952,-0.43001745784840845,0.3644869628966838,0.8485968105643342,1.0,3.913774737756931,1.894819003176139
55,1.0688946863263007,-1.2278194459811187,0.11508911206952711,-0.784798652456604,0.6013564561215201,1.0,3.2880961832568856,0.5673359515175933
55,-1.424003327204365,1.6536876196209076,-0.782861124179249,-1.4407597317264245,-0.6659230468505154,0.0,-1.7144202139464557,-1.975888016438495
55,-0.9244339312249997,-0.20982117726254784,0.7922294862712284,0.005551462329533076,1.2611906847076786,0.0,-0.7649320862363347,2.358583922987973
55,-0.5412161432549824,-0.26182929557286333,1.1575291101636311,1.5172856613066854,-0.6534301635750558,1.0,4.276778355488235,2.152479453616924
55,-0.6478376149193947,0.1998351293895072,-0.8763489891437286,-0.5661293780591415,0.432542034505728,1.0,-0.7994127860269795,0.7815307446772959
55,-0.8518773410522938,1.1553358775227554,0.9330071601112521,0.5765033892575077,-0.2263774114329451,0.0,0.6039298222863339,1.4045120651387197
55,0.5461198003782022,-0.290593158924056,-2.1553913364463932,0.7974991678143057,1.552552797109605,1.0,4.026612026198671,0.5145332653168051
55,0.7160997761166527,-0.8743742559626934,-0.3674705269030003,-0.85700466382017,-0.7260324016090773,0.0,1.136949057005031,0.2527088134883093
55,-0.09032021932709129,-0.04950833020420543,-1.8495666335095853,0.03733320080976906,1.3293326120962914,0.0,0.32488904827644827,0.41793328167745636
55,-1.2107205347009244,-0.9678813608651968,1.4420688148385254,-1.0278473546930564,-0.7317732061297015,1.0,-0.8632860167111961,1.0521293053310659
55,0.2882083644820643,0.5578153696190935,-0.31625565589282045,-0.09132187315327918,1.3840769123688195,1.0,3.786152436977663,3.0224352206645233
55,-0.568471718066524,-0.3954011747281604,-0.22504426746668582,-0.2615111620623053,0.7279286273946464,0.0,-0.565113946858882,1.8383087674191108
55,-1.225186884161812,-1.1562801132761087,0.5979009664306343,1.022979426547861,-1.352805269914291,0.0,-1.962467299851084,2.186482291372139
55,-0.8495761381906977,0.9665368201033964,0.5999484173902477,0.14842554788873485,-0.7389943369540651,1.0,1.7210369136326582,1.0673882756202553
55,0.03445609879633378,0.02278872306856886,1.5955833451296242,-1.1358539923523576,0.2234826836137134,1.0,2.391294456637437,1.3462291593840363
55,-0.9890944578926327,-0.5585086510314132,1.8332207944462033,0.9303074921845791,-0.6571383926123606,0.0,-1.6216294099624318,1.5723884286950662
55,0.7153788730987564,-0.5691233926130571,0.04969581078610976,-0.8344867593550696,0.19823613903723844,0.0,0.0666897712156318,1.3714769015265436
55,-1.1492115954561202,-0.09303051589845711,0.061723974617098734,0.7653361541633849,0.3974899296847241,1.0,0.5348838206681654,2.096161401348593
55,0.1478169050390257,-0.27669498113955604,0.7436687951768117,-1.5172352364331012,-0.2508960863657486,0.0,-1.0306510255391041,1.1184192725188322
55,0.9648854534320668,0.9910909559586331,1.565683620782572,0.017417897782580506,-1.5614034237653356,0.0,4.0589316903474675,2.9502391822660248
55,-0.32065451377573057,1.3724844895839932,0.24620156829414638,0.04988804140532432,-0.1846433114715935,1.0,3.4681377985034603,2.1113899670734027
55,0.685226812099662,-0.229310058532388,0.7456323611717366,0.6126918952007354,-0.6149830224901482,0.0,2.9626003652442288,2.1771586257220044
55,1.0628511862719947,1.04868109745189,0.4089059514360826,-1.0564561253036464,0.5396232692880902,1.0,7.328187557898202,4.033951009842137
55,-0.9406947562168877,0.3315714597061232,-0.36659888887637776,-0.3025969587432266,-0.20415930109520078,1.0,-1.211356488766048,0.8804050890639057
56,0.1905350251201898,1.1273701149221493,-1.54289744309284,0.28011551632805454,-0.2668626271422497,0.0,-1.447218146112258,1.1368290509049492
56,0.5368185857214386,-0.46980169889263823,0.08939958731965574,-0.8199068806369912,0.010597504710381442,1.0,2.755270537870853,1.4173617832530518
56,-0.7034289355248765,1.0903744323425917,1.1570124303270746,-0.12095570079145025,-0.10826569432091802,1.0,2.9676033086967424,1.2924440960798163
56,0.6690041201458404,0.5729798413943018,-0.2644044066293026,-1.5962909525974154,-0.730358781541006,0.0,1.687019084377742,1.6740391061611168
56,0.6583148682763544,-0.29088936976619273,-1.2785489776308074,0.5195708215248017,-0.4595825857310977,1.0,1.7814396190565136,0.6710405909488827
56,-1.088155766887496,0.6285589790041477,0.42136223630454356,0.7354711746222006,0.40990073081133965,0.0,1.3011478429066636,1.7821312262826274
56,1.7791627693452319,-0.36043360317989437,-0.3305678050903041,-0.2707466365427789,-0.2037634613065827,0.0,1.1820294391814468,1.6114137817682268
56,-2.4572958508708194,0.5100186091977357,-1.1830323274024779,0.24027032067257753,0.4963590351763283,0.0,-1.6030626743847773,-1.0719873496485262
56,0.02245111480050383,0.6684500492590031,-2.032057679504457,0.1205851955015652,0.01101242346100443,0.0,-1.1453942267728685,-0.034849991195314345
56,0.3871311352952773,2.3900248014134386,-0.15747428827056725,0.04374647775073925,0.7845204779496346,1.0,7.227686354775206,4.636853842767063
56,0.33343681208750525,0.7252788308825696,1.1514317688760287,0.9170281968637031,-1.8551329238090093,1.0,4.778491502939835,2.2850361593324537
56,0.4199997859633922,1.4836824244184408,0.054978189583947956,1.31617173573475,-2.6561416529884103,1.0,5.083280635418144,2.930980622017753
56,0.03773510793101029,-1.2107462946261187,0.5081824199498084,-1.3819592353891899,0.7541923523846876,0.0,-0.532115811792154,1.1816448998046312
56,-0.12013636684237167,0.45967143561852586,-1.0832997977544394,-0.05258918284559955,-0.5604331125100712,1.0,0.8488580327478417,0.7347987526151234
56,0.25480863418102573,-1.7361437619315458,-0.2761240515390849,-0.8462860189073788,0.7628985690125318,0.0,1.1251510043559494,0.5993116216200454
56,0.8533067107223384,1.87768052367586,-0.2847254123796083,-0.1448074115863317,1.1996569553524785,1.0,7.137474533948361,5.312531893171094
56,0.09252955633666458,-0.13417003493638713,-1.446942941043895,0.0005559623097433766,-0.014653672120872239,0.0,-0.9639608384318323,0.3597817251612965
56,0.9486199945157948,-0.04002967411566989,-1.9550810837540011,0.1811582722991045,-1.7449033521292088,1.0,-1.921525998491437,-0.7179870254439248
56,-0.5783174589603368,-0.5220422684935448,0.1759236515308543,-1.928595506283134,-1.609843381218199,1.0,0.3747766230262416,0.055033980101968805
56,-0.33427251573286476,-0.7132342541276052,0.47149980580951356,0.6523142690135962,1.988846659749723,1.0,2.8689540785201633,3.1618796350039355
56,0.07236586571625879,0.2408623748107717,1.1945891333463738,0.5542274183972854,-0.5197552961345183,0.0,-0.04082257103116205,2.155970526970547
56,-1.6937489301243653,0.25336912204557743,-0.943413459997832,-1.182891629169185,-0.03107626669683477,0.0,-2.0387214492538064,-0.6409962342659391
56,-0.4376364588176446,-1.1473903074245946,0.13596672745178312,-1.3672388279236496,-0.00991370484066924,1.0,0.7653835112122711,1.079804301292708
56,-0.8448698582462202,-0.04212262618437451,-0.9620219278464684,-1.3439179691130367,2.477570177787565,1.0,3.0608157038124757,1.249769504040005
56,-0.3074030147371385,0.573123965825928,-0.8852909489455928,-1.3396109975567574,-1.015048401841902,1.0,-1.5995598732997196,-0.030230428603004234
56,0.6485695998680558,-0.9526757577150458,1.1999496922975568,0.11317991288156354,-1.1208787484286242,1.0,0.3198647521448386,0.6886004572296258
56,-1.5922266964232037,0.3134407321642434,-1.0040609100874622,-2.406142807082897,0.27089230341452286,1.0,0.20890552071892843,-1.1712366683101632
56,0.5891624694975987,0.7746470715092628,-0.4723352800063963,-1.4030867146123804,-0.434685381953257,1.0,3.649763504577267,1.8737523056287908
56,-0.16800186893151842,0.5992272463554797,-0.21924221610301062,-1.3007723725581568,-0.5017422825350049,0.0,-0.5727262004454321,1.0801254958225592
56,0.2331400353252265,0.42965159285275234,0.5543314240704115,1.43828279737113,0.2962414340711191,0.0,2.986041710236394,3.4262451812808146
56,-1.1586049407097512,0.0026299191163329095,-0.7210875202970687,0.5787433087419759,-0.13227059797478696,0.0,0.5768234773301344,1.0327462376439789
56,1.2420161401900036,0.7540144218237408,-1.4580058504766655,0.02530029022398097,-0.4457416627730752,0.0,0.3700825578591188,2.1078412321171665
56,1.47871231940206,-0.2718667308892022,-0.014732570412840483,-0.4350466436753604,-0.5008061212919098,0.0,-0.03663283313835719,1.7260089200123678
56,0.43943065855568786,1.2160871549521772,0.2270990494560027,0.42688305327453563,-0.4080892935710546,0.0,1.0803373676458907,3.4594149393453693
56,-0.9669733868790331,0.006528095813130585,1.0372045164070773,0.3542751537475036,-0.6231452736066105,1.0,0.8254387200085658,1.4062611707975876
56,-1.343073910169819,-1.7220582136121803,-0.9958371881590601,-1.4318660893351267,-0.33586166034840964,1.0,0.35548396166655943,0.9423034273712387
56,-1.3367907809451403,-0.28928967553423257,0.12297777463752187,-1.50442284914111,1.232690074988343,1.0,2.2791764529777416,1.4917498020012632
56,1.1420602792511598,0.47613543249843404,1.2115087657373038,-0.4086711125598509,-0.3859295821862019,1.0,4.759315807296644,2.9129346309574085
56,-1.1929012468061329,-0.7913219050518878,-0.6924003948897761,-0.2979460424758087,1.1838630025844536,0.0,0.965033452641683,1.8183314477884254
56,-0.774056446806527,0.6341746668550297,0.29113141095881073,-0.8352720326946522,-0.0789790690317088,0.0,-2.0702294105855277,1.0855320081410018
56,-1.408437707088271,0.7485177949310883,1.266717538832553,-2.0650208734377644,0.24258769730313023,0.0,3.985353880100097,-0.36264410891751964
56,-0.28241970637490205,-0.4069861481700122,1.7403371764458342,-0.4391686884902798,-1.3060619493074077,0.0,-3.5828308502094304,0.5990614508567343
56,0.36245604870715614,0.08530406580461104,-1.3972398412622422,0.9537004285162128,0.7614984082490875,1.0,4.731754725255066,1.5864650193220817
56,-0.24350874251341373,0.8323592958784086,0.08456970810598811,-0.04676859198603438,1.4356304563013136,0.0,-0.8689743737494239,2.824880410478995
56,0.8024634085022273,-0.013129426749470027,-0.5569470364948015,-0.25832934431112237,0.7174405647800313,1.0,2.5624427218336265,2.1840860504392543
56,0.33412744611194695,1.1573010632032976,1.0788746250336854,0.47066757080641075,0.042263126690048745,0.0,2.8249308815716914,3.4006235632935997
56,0.19310699683513044,0.18957187570802192,0.5358150878808148,1.2611252535101227,-0.1301578045587105,1.0,6.748909897587436,2.9211911385908906
56,0.19844472066564955,1.1342641127417417,0.3745701070078418,-0.893224501375243,-1.2148053759773507,0.0,1.5918633799468924,1.9553782504637462
56,0.3187590883962257,-0.4224804124836745,-1.1812030765988806,0.4743513351084782,0.5937292098183022,0.0,2.399160227070227,1.1367207780761908
56,-0.047134699038890504,-0.04925275190745976,0.4975749153781855,0.12904463947027597,1.3226346388852135,1.0,2.511494374874376,2.8074975127376076
57,0.7426091728892575,-0.26974500129326945,0.22163316417174242,-0.4297816530824152,1.2567841271877644,0.0,0.5127802301202313,2.5359745358536943
57,-0.06413140448741145,0.5088288520304238,0.30592452730918823,-2.11433228830937,-0.9689229338052262,1.0,2.5262434997942327,0.75462038315974
57,0.4908478969752084,-0.4125324260120777,0.08759272443682556,0.7043713082256415,-0.4522404648535585,0.0,-0.5058285588918221,2.0026950551225555
57,0.39379718076120085,-0.024919223055858575,0.13602126261941153,-1.0897474507751945,-3.139849172589339,1.0,1.523827760565161,0.11860154112505639
57,-1.220347530506543,-1.2002414819481038,0.7885689592543544,-0.3877059129971556,-0.11490502438554169,0.0,-1.1620802019986485,2.1022573723028852
57,1.4611013912320998,0.1625186294197528,0.10450177211744881,-1.6997342514008646,-0.4760074157767313,1.0,5.629137474197833,2.008190915510376
57,2.620747439809102,1.3842225159649881,0.8854309544318366,0.6393957353337858,-1.3241925049227579,1.0,10.32990539930999,7.3634556057471965
57,0.3063401347495981,-0.5633972590201649,0.92892879431157,-0.8537421740394078,-1.0683396828467038,0.0,-0.7244901891817563,0.8009960532936398
57,-0.3809892405882601,-0.8628924410737102,-0.7067999319761888,1.0435343474706027,1.3891508532070103,0.0,1.7475535266017905,2.330198431217067
57,-0.0563550107506399,1.3368852428444835,-0.35676084449881673,-1.4199983584377656,1.069562793697468,0.0,0.991116671760698,2.1483597121271782
57,-1.5722747126395726,0.8925787387714775,-0.5841946187792441,-0.32305749763471653,-1.923184239498743,0.0,-3.4729375623899066,-1.3242885984379504
57,-0.8054696079020386,0.897334808130928,-0.9459401410510242,0.05271992962408709,-0.17439194449855575,0.0,-0.5619177790623269,0.37433124492206526
57,-2.083102657629691,1.33246225112032,2.490222642868608,-1.6173895669359262,-2.2914223598361723,1.0,0.0538002437890599,-3.6555244415542387
57,0.16211738012658417,0.23910928368426243,0.2498269158486961,-2.096345453246924,0.06859787933557528,1.0,5.057658870340906,1.3193720024102826
57,-0.3566391175721889,0.908991733113261,-1.451649145913634,0.0976886290609388,2.1553667502660905,1.0,0.5215005246373676,1.4715628925715851
57,-1.6251610987842127,-0.6362285217726102,0.5559510364826649,0.031297580249759975,1.883240825925889,0.0,-1.7684870524154175,2.9879226682603
57,-0.3037117442049216,2.102683415152995,-0.15426067700048374,-1.3391385465100076,-0.09766348508358176,0.0,1.3509673777372582,1.4534702311492413
57,1.9310028817328446,2.455728132798823,-1.084917353244564,0.5233284797962433,-1.3458829062390365,1.0,5.8221610365156025,7.448633503743556
57,-1.166747334836164,-0.824374998528469,-2.601742841538219,-0.9565695450701663,-0.752665986332409,1.0,-1.2981030126168365,-2.046998909433969
57,-1.6461130274950087,1.7411476855078043,-0.6012628156087187,-0.20950607330913185,-0.6775003256078708,0.0,-2.2640081230135123,-1.738121248475809
57,0.8049376957351656,0.005452920220232159,-0.7171709366559821,0.7777382849043161,0.7657318386623195,1.0,5.70293670949526,2.5764023215537946
57,-0.21626659618180874,0.5766595121939482,-0.669871273118588,-1.8292983570982408,1.311556492532951,1.0,2.8939497340376854,1.2455792962820222
57,-0.5981552611654697,1.7671265229462405,0.4550874933954895,-1.0058071938882933,-0.6648410482060209,1.0,1.3442145659578062,0.8179118043860855
57,-0.10312574990432472,0.7728600655249783,0.9751503278240756,0.7449510866342607,-1.0773707606308336,1.0,4.692675578526988,2.1375743314809226
57,0.4929662877598985,-0.6057203614732733,-0.5431191439092896,-1.532433636567251,0.798478346940517,1.0,3.979835785440717,0.8625868758308228
57,0.3780845677702357,-0.2660757320006659,0.1533027350115001,1.320250917123057,0.5200887216898695,1.0,6.213040206693122,2.940498608169026
57,0.2961236110037715,0.965719721883006,0.6306575652899314,1.1841615507985574,0.899160378691932,1.0,8.586893649484413,4.081523757599301
57,-0.5271126041936841,1.2598618503473706,0.10977491495385211,-0.4797026223327082,-0.4062649094560106,0.0,1.6417733037757891,1.3081700360303952
57,0.1731045423720132,-0.2661966342493856,-0.23029688248346064,1.4727250319969702,0.48240472372774007,1.0,7.468049567175703,2.7433892136931446
57,1.2104753715160512,-2.3638364330567807,0.022447567009036433,0.8684764482511163,-0.6019854871727712,1.0,-2.3141566342289623,-1.2938289872872306
57,1.2753744003604601,-1.0003059716137763,-0.9781424588556586,0.171618290111318,-0.33335011693800826,1.0,0.004797980894265974,-0.14960328926820943
57,-0.056406360913818954,-0.3918952170522289,-0.9182010915132368,0.5644436889073339,-0.8979200127891884,0.0,0.1782523504713014,0.7793662765123069
57,-0.9856373405053546,1.0049116127933326,1.164744586181151,-0.19224532066492234,1.4158986150544097,1.0,3.3833984617279436,1.6083428665410544
57,0.8903516876095241,-0.5436752826151384,-0.4352238251310579,0.44833895201674123,-0.8486904646796516,0.0,1.07087192149044,1.1782640255579977
57,-0.17122208177558343,-0.9125308803255183,-0.5543975381586432,-1.933264383952933,0.5840231796584785,0.0,4.415005977231106,0.5127673339782572
57,-1.1844429263632315,1.6541337812762098,2.7673613756573348,0.3687710539826914,-0.033343257656070956,1.0,3.848791145183589,-0.1037759517689274
57,0.49301031864897715,0.3252093575446682,-0.507246174743375,1.0975343784324312,1.0665871118880272,1.0,4.945535377064298,3.271964616404593
57,0.4506749799386004,0.15570152631925827,1.4583833664441996,0.8952039112275076,0.10423651149679818,0.0,3.3629988170581373,2.714447285542818
57,-1.1081174036864319,-0.8741682949010122,-0.5318035035683709,-1.3979045312096745,-0.28797097563487295,0.0,-2.615836719509826,0.7305926834611487
57,0.24000329457342434,0.7176768412667236,-0.7590413612579242,1.9512234509228852,0.7499806658500681,1.0,7.765700579985427,3.3476623563900727
57,1.5361622770923737,-0.11817131269621199,0.1149211549411372,-0.6187659272547898,0.051306914911836116,0.0,2.6291711032751963,2.2946000691346313
57,0.9430897835312394,1.287018017419247,0.0701767638482814,-0.27835209777786657,0.45699475695088254,0.0,1.6306926650202083,4.450775776736634
57,-0.059663456457529476,0.8083520654486774,-0.06909674981346979,-1.7558928229410735,2.7174206549241293,1.0,5.736497065111668,2.7699445365243083
57,0.3784139048254685,1.4898776336171284,-1.5738461637128964,1.3340155888735588,-1.0131071389516668,1.0,1.5215559725930714,1.8684174931849928
57,0.44628809788886664,0.7491444401575038,-0.7926307590675788,0.5985674888663375,-0.59028667477846,0.0,-0.44813393893910997,2.2418496576527263
57,0.5432952777475946,-0.19892522844668398,1.0788096243460963,0.8102353973419112,0.12687961053715194,1.0,4.989538758488082,2.544450094615236
57,-0.7296981476357479,-0.20366829160797323,-1.702021947341516,-0.5912931262874619,-0.7012884924798797,0.0,-2.135858414491135,-0.946217951138762
57,0.40525872100968957,0.18481971129115,-0.6251316401948838,-0.643967015378548,-0.9268217305763625,0.0,-1.2986484789539134,1.0828649130505115
57,-0.6677550622449838,-0.02227397885215418,-0.5093383870578605,-0.20438772300920016,-2.158291793022164,0.0,-0.646616804183175,0.10691739103451081
57,-0.4444028671369048,-0.27064250622272745,1.5668732604374085,-1.096850507122132,-0.40563925681657115,1.0,1.218141228481079,0.7988664235985707
58,0.9400750114054712,-0.5338026093271094,-1.3501973844802349,-0.9311395033136073,0.10854924228181873,1.0,1.0097190159042357,-0.16625802558814862
58,0.018398943450638368,-1.4371319752947924,0.46821814219375735,2.124044899899541,0.1371419348705315,1.0,7.282799849072424,2.521268113974559
58,-1.1580221905840447,0.059626071990303384,-0.8020396675504453,-0.6861486661561418,1.0824751023875725,0.0,-0.34917941229955374,0.8741391037281021
58,-1.880890132156781,-1.4583967901676997,0.39859944211418397,-1.3368934726888289,1.5098044241783792,0.0,0.9765642557460692,3.2808013604308015
58,0.4444841790770479,0.0649266640508553,1.5935265775562606,-0.5783517181420338,-0.12956179243866006,1.0,3.4699036823210596,1.7036425365288455
58,0.014822026152818045,1.6410327152130728,-0.2174881396398844,0.2042498799734966,0.00968530884164474,1.0,3.761250571956647,2.826916857504097
58,-1.4424330785291557,0.9449090276888114,0.05391109587786798,-1.4864381234882893,-0.2718699501761277,0.0,-0.3582702994277499,-0.46538140324952726
58,-1.2227834589746323,0.1434348509284204,-0.6082190585531826,0.37860959153743867,-1.6772879988304867,0.0,-4.133646372268725,0.15215416074743748
58,-0.6912532376162077,0.40826044350242774,-1.1234751647056287,-0.3683976329143186,-0.39306721774284314,0.0,-1.7064420678376102,0.06637406636894344
58,0.08712423984066589,-0.5861835388675123,-0.3795794430919007,1.5282394862435928,0.14358130837368407,0.0,3.8153540544895006,2.274340777630421
58,-0.19569341385406527,2.099599507927363,-1.3260447947262617,-1.207052797753521,-0.14783642181903228,0.0,-3.3332467611377714,0.4429235137441298
58,-0.04838826543999561,1.0304385449809936,-1.7084277637281244,2.882689606382821,-0.31082183020617454,1.0,8.236513094543069,1.7356866757847655
58,0.5542274134091989,0.7763674956670265,2.065136114616921,0.30715990387918346,0.05227351708217221,1.0,6.653300351916845,2.8334157895795027
58,-0.2208222560369833,-1.0988190434782255,-0.5027322337018842,-0.5496406401756984,0.8834968604663429,0.0,-1.2112858280346064,1.3746544289808575
58,-2.1592906562395253,2.3240940562649457,-1.0877370628554683,-1.43962715364544,0.3222154339759516,0.0,-1.9496896764714375,-4.574076709190113
58,1.2242273376405424,0.0007610127777277682,-3.124709366646079,0.23766568333628024,-0.7774516918069067,0.0,-1.1236725544393336,-1.2186793403988383
58,0.36160328450508544,-0.35382623170656774,0.3468824392978611,1.1145895795901548,-0.769737831913972,1.0,4.206994806148323,2.1622480432374718
58,0.9456637436979811,-0.3992718593557827,0.1740504375431747,1.9393046808909105,-0.08023308434394005,1.0,9.04344571996036,2.89707145942691
58,-0.7424653156460905,-3.0062278957284905,1.5598401743822097,-0.11673008615187108,-1.580367425933368,0.0,-8.849157641383677,1.3000006021902188
58,1.7559600105659028,1.3043871467690766,0.4919766833549983,-0.07409440366650949,-0.28058729939780547,1.0,9.257672974079753,5.770673593932919
58,-0.032208215493267585,2.2422962977630383,-0.7153050398791242,-0.9719533244832471,-1.6832657078498614,1.0,-0.6655831240062591,1.1024548592973153
58,0.13626353456390666,-0.42534434402937116,0.5434806007046715,0.22798877878295037,1.4341560799775692,0.0,1.7333302503697143,2.7562273887722943
58,0.6723046014923816,-0.8916096769737765,-0.48955956313029564,0.9901485335451775,-0.36079210217214996,1.0,3.7422289828858952,1.2433526618329624
58,-2.0581562348701103,0.8159050667065257,0.7259613616584134,-0.7499703810544417,-0.00452538195358944,0.0,-0.6650681928433491,-0.5667913216729303
58,0.3729408967427005,-1.9976726971771301,-1.3766109107588709,0.16479970167062546,0.28833983172284383,0.0,0.8459848247125172,-0.8261481109188737
58,-1.749125268043526,0.4481113720254451,1.6547163305528005,0.8190338094189056,-0.8447079146189227,0.0,0.41534017018037456,0.29638970456448943
58,-0.8418314553216398,0.3688718845931736,-0.3131915697674544,-0.4054190924266576,-0.37551197326461005,0.0,-1.6403649215163034,0.8572860468025895
58,-1.2681984170565275,-0.05127150820906576,-0.20137580070258143,0.6165090502361601,-0.6087728290712154,0.0,-2.7327518841324627,1.2882600141234282
58,0.3059285809133341,-0.39891079167448246,-1.9647184185742277,-0.7002094550006488,-1.1026101956409025,0.0,-1.007129043411147,-1.4361114122613554
58,0.5297227896449953,-0.43841007713966523,-1.5457227147797483,-0.5746558628303392,-0.4994745130774696,1.0,0.8654362483926805,-0.47143501330250426
58,0.02589970496275957,-0.5388574589787926,-0.33249676016233176,-0.6421854379055509,-1.817386698263376,0.0,-0.6992682866231867,0.27876076354341806
58,0.13699499138688756,0.5305445582556213,1.726974738350249,-0.09417917177639562,0.3393139021397242,0.0,2.9571421132517606,2.2369621803305106
58,0.8841464724028595,0.14222896224806156,-0.5346155009927155,0.2932080264695514,-1.3365674334723991,1.0,3.344788143784492,1.7104160976254452
58,0.49609824105828343,1.3134812438760444,-0.5597839033844012,-0.046893988636500704,1.8922417208178546,1.0,6.191514331820278,4.046557270385286
58,-1.6296256025522804,0.08902853822919157,-1.1211408341866003,1.1242838054686102,0.42754152081803165,1.0,-0.674830191265725,0.7346158262551327
58,0.2091252122337075,-0.11088801782143234,0.6784031236456024,-0.7451565137284372,0.7228359151589232,1.0,4.543496760163933,2.1325462111086617
58,-1.092787312466436,1.0655344846341923,1.0873901685075527,-0.5113867803381487,-1.6632525840851555,0.0,1.6857550599624562,-0.2568558416298158
58,0.8200675901979894,0.5760523112638393,-0.544887249350999,0.8260811681396641,-0.9453418930625189,0.0,0.9977203211046943,2.6935735316411793
58,-0.7454326896738076,-0.5404589401461946,0.0917506481617938,-0.7054841268840496,1.6505163455572602,0.0,-0.9886808112528371,2.2741152411122276
58,-1.6717881187515076,0.6723632621237857,-0.6576081895469927,0.05692116192666383,0.11934718815445904,0.0,-1.0813914724869647,-0.07297483143153849
58,0.4665769553075057,-1.1802691695299277,-0.035584940792841795,-1.0313605196089886,-1.5269988688734997,0.0,-1.6576513399365245,-0.20513774450801414
58,-1.6118088560472499,1.0757224129305283,-0.8080558453456946,0.864286138051007,0.7529721234783765,0.0,-0.9451258203889048,0.09360433000826696
58,1.7557498023746403,0.1457685149063988,1.9297059729683392,0.4715122434466263,1.0164644642807021,0.0,4.518286560768142,3.56427997483775
58,-0.056388631285879974,-0.16691117868569336,-0.5633484627815287,-0.2715830025174983,0.6951873567729379,0.0,-0.15495261507791197,1.6733616409932495
58,1.6703378269689422,-1.36719889401107,-1.006626291869261,-1.2096562519177927,0.023022647942835636,1.0,1.7106398214288374,-1.6940298584573088
58,-0.36696868539623684,1.727068976528451,1.470528102077193,-0.0589981577851648,0.08212155451104408,1.0,6.066474194568607,1.8931959608261142
58,1.0971650852691812,0.9211092609238549,0.034587053498833516,-0.36703998755001,-1.2856036457753852,0.0,0.4522664430555988,3.210119731476756
58,0.6700867812379784,-0.013215207823657526,0.7890842067336731,1.1174387386446365,0.2579771708750367,1.0,7.853207562907398,3.106326065915259
58,-0.2406612549261729,-1.115321558430264,0.169820489321632,-1.0349801914850851,1.796653714973371,0.0,1.5253231479273497,2.041785406692646
58,-0.08094018406603265,-1.8906715547735062,1.5076534689274654,-0.7138565797729269,-0.5845657165351854,0.0,-2.966892352806923,0.3349419281280353
59,0.724945908096254,-1.011896660111468,-0.4823975440376181,0.42838856195117114,-0.9639778846815189,0.0,1.081906336923786,0.49984608605667114
59,0.007129120676765156,-1.2751806551970453,-1.1351234502359626,0.2462314437521068,1.3059855776851081,0.0,1.1898051880431584,0.9874506190794874
59,-1.3718251972751245,-0.7044336479607338,-0.22110416344427627,0.3542546544245833,-0.350673953317825,1.0,-0.6838101384210868,1.795124567605826
59,1.1506068973767858,0.10201161172596725,0.9130967598376888,0.45018061182724767,0.9978195748179762,1.0,7.732510871423923,3.5355308988966
59,0.20872429037670642,-1.9201310164350418,-0.2175179294206624,-0.43726547503476504,-1.6593375722461807,0.0,-1.1943104123692119,-0.4371057312059057
59,-0.2896698862191817,0.18245569725122332,-1.422994589091813,0.7733296308097093,0.14085031058157071,0.0,-0.5840832503704861,0.7863978555771591
59,-0.8232421454629149,1.284289264210946,2.3878137185162562,-0.6184027037862017,0.40376157657611095,0.0,3.989546059153951,0.5307210237567492
59,0.05188436320869167,-0.03410951826595763,0.0692875181351453,-0.7069452116644026,-1.6640386769183881,1.0,-1.2686957349374453,0.8538700666787278
59,-1.2761086614033321,-0.11210041567518733,-0.6171027425389503,0.8611998215452634,0.5123406370463168,0.0,0.012830642491064193,1.642725077751982
59,0.6377552084715263,0.29642342003841277,0.7860813400598292,0.6324694567606336,-1.141283315029941,1.0,7.129043756067311,2.5013921725519865
59,-0.4993501128879925,-0.04798621288984716,1.0158090589656428,-1.4923390548918531,-1.416434981101747,0.0,0.39902368353139067,0.33074374850378174
59,0.2077462548323632,1.283908711003086,-0.20790093754884312,2.666413076180581,-1.793501750118596,1.0,11.120393083163872,3.3235262335507865
59,-0.502249521089934,-0.6395014955879651,2.4637372148906573,0.5106999031950159,0.8260905014697398,0.0,-0.913183257445482,1.8716582065147087
59,-0.054988663806908186,0.6066189836678377,1.6426028074773475,0.9672397424489222,1.1631841017044722,1.0,7.304769916590141,3.057226529549667
59,-0.7114434828859708,-2.42151840831505,2.0539340364455825,0.2918221746634214,1.969587221031669,1.0,-2.9903615900062124,2.8494042304072877
59,-0.8052948515422412,-1.8427433781889435,0.2544806268887024,0.6023635703697556,-0.43986565224124535,0.0,-3.238092817775411,2.336216087464682
59,1.1605955917022657,-1.2649645539274845,-1.1537177305095971,-0.025058439551039122,0.6914046665361773,0.0,1.4853431008601021,-0.35889130242574463
59,-1.4191884227663347,-0.39725980679460643,0.07241231217144539,-0.9597378482822592,0.8538534800774611,1.0,1.3499027175248204,1.6362057497732043
59,-0.19068928021000103,-2.0258524784981318,1.6068845834794454,-1.0113373460194621,-0.3797797945760446,1.0,-2.495307200714491,0.3498407691603861
59,-0.21354792684356932,0.1291691912323724,0.10815011701798662,-0.5041362872962725,-1.3906615297890386,0.0,-1.4068773873803027,1.0310604433206723
59,0.9665521303560932,-1.066742105547684,-1.4447633683647934,0.7360576799715403,-0.06133651127203469,0.0,2.2837657013545996,-0.34047837645259704
59,1.8281989493685082,1.8985306266306459,-1.0220812496492182,0.8848569434608089,-0.20846655163701658,1.0,8.654757980281781,6.6830024255415355
59,-0.4427343921109491,0.17810577170845882,1.2667229966018039,1.4853260839067415,-0.17211465106368126,1.0,3.5210988713089373,2.378208499183393
59,0.23339370106231083,-0.8918522706894646,0.23594409293180332,-2.346952965302943,-0.15303733887015122,0.0,3.8046008306601156,0.3028889898506353
59,-1.0430866748492817,-0.6316228501859138,-0.48961129093687755,-0.1621955299864388,0.6850088471542749,1.0,-0.860852618319953,1.720599357652795
59,0.952517524984779,-0.169104103180311,-0.15780114118139768,0.8692703494541817,0.3341835338901583,1.0,5.521351830403461,2.741033674883357
59,0.6688297675571437,0.25511531119868447,-0.4892333710689176,-3.008382929550852,0.9518850879570244,1.0,11.273628126657034,1.2424290420499098
59,-0.6361445339894434,-1.5149152210616312,1.0300059124314431,-2.21508359691754,-0.7054259207301887,1.0,0.6316187647451948,0.457737133441543
59,0.24095507360380392,-0.610784220618039,0.5014760142546453,-0.10937857748126607,1.6121016849185035,1.0,3.3492343625450376,2.5468873977636157
59,-1.5773340975518353,1.8373807310825772,-0.5787182512538424,0.4199571340591695,-1.9540370513853287,1.0,-5.592006650273292,-1.9873746532329193
59,1.0133490077589364,-2.3063618712207083,-1.617858302373827,0.14266313710143946,-1.2909753093498086,1.0,-1.3254821596367874,-3.4137857879035414
59,-1.28332343387279,0.5462607744512731,-1.5385574130808881,-1.612779228095992,-0.43659654217435134,0.0,-1.7181934174730846,-1.8312938448136784
59,-0.39260267050569403,0.9535333933193418,0.43071614894545857,1.076903609357623,-0.3244228150223085,0.0,1.755533248480266,2.406371051438223
59,0.804721403504604,-0.20399875625331662,0.4477056417901253,1.2384003554092844,1.2192100355546975,1.0,6.629356547939852,3.49029987276708
59,-1.1610594313394706,-0.7721354921937544,0.8218156039985075,-0.8738695921166526,-0.8596447406834533,1.0,-2.2989172707832926,1.1549409815982932
59,-1.8171571253495147,1.822840040183192,0.7075020533556524,-2.1662713882916105,2.1483147653519565,1.0,4.179314571014131,-1.2047848404765096
59,-0.4661088201953399,0.6526437214064003,-0.2877454297556229,-1.0634130963494408,-1.015222132449559,0.0,-0.4481000141789627,0.5647602652626851
59,-0.04466259495055303,-0.9658812307738831,-0.7435898495256185,-0.16503951118457266,1.624321397893827,1.0,1.9826208791336084,1.6317560813746366
59,-0.7943320456096759,-0.7331306575149412,0.8700384928688182,0.35759259128400744,-0.09457420078586411,0.0,-1.5802004010546318,2.0299433905529636
59,-0.9612319657582493,-0.838381808179101,2.891375632627429,-2.863217020079181,-0.6080820183224872,1.0,3.0320137323006504,-0.3527479033726121
59,-0.6569840164895959,0.6585995841290532,0.3201851272591727,0.041763506445985484,1.6256532636692171,1.0,3.3123018191738054,2.5110964994388665
59,-1.4218512940932446,1.1164038953045297,-1.3202451826295312,-0.28210778834127603,-1.6307067646651483,0.0,-3.696559013016356,-2.1086759584020554
59,1.2300943457896425,-0.7987055864824821,-0.610731838962419,0.8543979526710995,-0.6892924226251657,1.0,1.9737252893554365,0.8296265509710151
59,-1.1367018701730713,1.85875652292655,1.4512246977105574,2.0648145697646285,0.7099000328219285,1.0,8.709825944518492,1.4804318666921081
59,-1.4879566487674574,0.6689927907159804,0.23040067745650675,0.7359735375265751,0.03496852963237301,1.0,0.9267311098349129,1.0693321437548176
59,0.5589244643023111,-0.5085733899613217,-0.44366268790448754,-0.01778048270920232,-1.8751315772747779,1.0,-1.3338701866518057,0.4758195683222217
59,0.3060281028428173,1.211173836844828,1.8005880799671832,-0.8070908705732561,1.0527060874761536,0.0,4.449594588857982,2.9245810941260197
59,-0.5484142422745379,-0.6999275033141963,-1.5068207732458476,1.0153339444601248,1.3794824753866959,0.0,1.6838727844638819,1.2676090837427778
59,-2.3836846532678084,2.9681234612645135,-0.8804867204822996,-0.4316746082071236,0.1262241215452295,0.0,-4.613238818658829,-5.739043608849108
59,0.2618289267409355,-1.0319080361866535,-0.9031564369535908,1.213004852107116,0.18831060773956027,1.0,5.257126047101822,1.2129909369088425
60,-2.353143356515038,2.2061609523361065,-0.6294734111193908,0.18035728412967977,-0.5849159306260182,0.0,-3.748367549397474,-3.9735825859448477
60,-0.5104550310643725,1.1317383559245904,-0.19063436889000127,1.2443249581291684,-0.4177301686760276,0.0,0.791717119942894,2.032804566408208
60,0.18810836233732522,0.34591622481778717,0.20274232780938753,-0.9614667657463286,-1.714234144991495,1.0,0.847294813275747,1.075120813537797
60,0.5074335300691909,0.7807183767349983,0.2381327126124322,-0.9560694828704385,0.6398752343092889,0.0,1.0900062425755381,2.972988007622906
60,0.19956757766887762,-0.7004136944310763,-0.5178078507508185,-1.2130955224015079,1.6643551861399857,0.0,1.9477507007012893,1.4454293128157254
60,-0.6129787045622221,-0.6455907584747876,-0.3371455341452797,0.9419785860905567,1.267933914625191,1.0,5.389875409812907,2.646534889558822
60,1.7316961645154179,-1.4527470864859877,1.8515624762435907,-1.579555700984001,-0.20162541303407164,1.0,-1.2773302939422728,-1.6181432170292618
60,1.2939994554009735,0.03632060247474169,-1.179521717876768,0.3386472385768091,0.67521970631102,0.0,0.4271555102587645,2.0106984855733305
60,0.02397405708329697,2.712073215762848,0.3435442281173278,1.2986937614837453,1.3894350713622037,1.0,10.24974648590114,4.890446357442508
60,-1.2551759860568161,-0.7886155711007743,1.4820600991228878,1.5924498597955492,1.1511361919550378,1.0,5.319386302135138,3.16939844418977
60,-1.4108795158380483,-0.009733883707320128,1.094040030585715,-0.062080872079032415,-1.2201726388249252,0.0,-2.632870755232479,0.6682194996647473
60,1.3843340802492323,-0.9401271936600851,1.5323355856643388,-1.6109200132118002,1.290084022524151,0.0,2.9237067734254785,0.5648543866239344
60,0.5336436601486658,0.01752221255582196,-0.7466714450065146,0.19172782355228773,-1.5224073582208133,1.0,1.600949888633887,0.9802117476510124
60,1.204967874804251,-0.36070667338538925,-0.7657117494370806,1.340491297858876,0.7478471527822687,1.0,5.869173257330406,2.369693259592349
60,-0.6732402530685653,1.3475371620713283,-0.752825031933405,-0.9446655019293503,0.036327250565348676,0.0,-1.9820555695040762,0.3291108532802578
60,-0.6129690984496113,0.4895537155350622,0.03852976350932992,-0.012053277976813529,-2.5678107865363677,1.0,-1.7262468407960707,0.3668016788718187
60,-1.1285027969422556,1.7864010375757686,1.3590404694653608,-0.9838958141790388,1.3376930183909976,0.0,3.479891815208068,0.3795862501599403
60,-0.5320302582427889,0.07423496343240224,-1.1525042467307705,-0.30999600129353777,0.9572296282740147,1.0,0.6294273610778485,0.885172172250885
60,0.44511669241801244,1.2341261628532794,0.754161705070691,1.67180890234848,0.3936174134421799,1.0,11.461119364083931,4.5275913549413875
60,1.98556287058112,0.6957273866654056,-1.6245338869435428,0.25626325309154535,-0.27185549327619035,1.0,3.847100357074283,2.8482808314050496
60,-0.5349413083994264,-0.6178910973426992,-0.18100505007434894,-0.7620000239976353,0.2435072003646841,0.0,0.1794482238964047,1.3880335945656457
60,-0.810710537224237,-0.1816842419033467,1.184616601072313,-0.16238535973745194,-0.3845362975887343,1.0,-0.20184473111414708,1.3465956547697657
60,1.0581391135023546,0.067626139669767,-1.8511583045182833,-0.8831726670567424,-1.4407854681992338,1.0,-0.959316315718474,-0.7298212409322941
60,-1.1378445852239232,-0.829569103103905,0.3498046324144124,0.9014327823491891,0.4171044391660992,0.0,-0.19334618369423595,2.733824480873259
60,-1.6979788791320265,1.0282714974938258,-0.18905053964908541,-1.842345769719955,-0.18082490622084024,0.0,-1.3755255162697488,-1.2047644768750707
60,-0.6323868089498448,1.6890013005622,-0.21046034250874376,-0.2692239921023191,0.9510407703472497,1.0,2.566846419032651,1.6738181690440546
60,-1.836995758948641,1.8901741255218487,-0.9686120759974978,-1.1602970062782183,-1.134490604892727,0.0,-2.539272774679042,-3.510908647559555
60,0.941132379856192,-0.20815299979373933,0.46287402162215957,-0.1074429537284502,-1.2224136499219889,0.0,0.910809653565225,1.6318717530761049
60,0.5776804264481162,-0.17751373639924398,-0.31279245508489956,-0.44719161516537237,-1.8645416206369647,0.0,0.9792874099449667,0.7367522840360831
60,-0.8544964842255959,-1.4236616673301408,2.2197275534785237,0.013723039138615875,1.1997755932636807,1.0,-0.29403090464212467,2.1897126794914046
60,0.32448026239556194,0.14116851192417515,0.361679042018034,0.08463082730356722,-0.9277679258638225,1.0,2.742718192885623,1.9732057761647415
60,-0.3367668030491807,0.04626698268519621,0.03019596543006585,0.19411103525069306,-0.31629037702131196,0.0,-1.86840793012367,1.792721354277449
60,0.3715954657182568,2.2842786166236353,-0.6787776985446717,-1.738315105785523,-1.220076716686173,1.0,3.9874706685109604,2.1365205693703317
60,-0.3319326640515074,-0.27293014695713713,-0.24301525780531438,0.29939969670759825,-0.556256244871166,0.0,0.5025550036259738,1.5088439479370428
60,0.06706927983445934,-0.7914002723643558,0.693942717194008,1.1908961444784678,0.592852496479294,1.0,5.0329819065204715,2.5923318773798165
60,1.6004804693470545,0.80665430623678,0.17033123718912918,-1.8896571413590932,-2.1976266571926266,1.0,3.7272911895285543,2.5216542431138853
60,-0.1980868748202917,0.7404515651945636,0.6026471262622871,-0.2985375957273873,-0.07721537560774984,0.0,1.4849285731379052,2.0617937312045513
60,-0.26152776674119005,0.16424205970899683,-0.8083621119440437,2.636798885757111,0.46376580131970246,1.0,10.89698067251106,2.745188383852256
60,-0.46800744131477906,0.9421963477868016,0.33011986161338097,0.9813866946274588,-1.025611926050086,1.0,5.199716766499671,1.8850903628000455
60,-0.2749777791387735,0.5765237363824288,1.7039229174035089,-0.35409527263801527,-0.14240560415170067,0.0,-0.4879164456229066,1.463219070227328
60,0.2896691581304771,2.0191613566208715,-1.297672834905322,0.24529119746024242,0.36156116129193466,1.0,1.109945052102342,2.663634250831429
60,0.12725247499426112,2.3362766435627185,2.032866310172504,1.5772531789617428,1.1395947223856437,1.0,17.662769289636852,4.458116681907816
60,-0.34572070703809554,-0.6493960437165458,-0.15768787528185935,-1.3481629354731026,0.5024780081442322,1.0,1.7230534155073305,1.2128578904915077
60,2.097796472150941,0.357924528680678,-2.277377311127878,0.10447120558695358,-0.45022198733736113,1.0,2.1090202999506427,1.0179121524579522
60,2.625466334915105,0.7074830147482861,-1.1705433200922626,0.5092462199466674,-0.051778027431780164,1.0,5.502572581505309,4.557061313236262
60,0.2897266252050855,0.12506052045675767,0.11865329559561232,1.1264076602977355,0.7135729407668452,0.0,2.3132037245273365,3.215912836176231
60,-0.9520163334400745,-0.5692885763948474,-0.019376402737542583,-1.4398310318415337,0.7866535649369992,0.0,1.5295313144545872,1.4448549168119345
60,-0.46294443027298154,-0.9201500967378967,-0.9973410898817916,0.45403724861117595,-0.0230047373640723,0.0,0.2088376198920444,0.9938145985103614
60,-0.8197949793965014,-1.2377264848079021,-0.7411270914970131,-1.1027344908886507,0.4597617370135272,0.0,-0.8739741547009245,1.0315794089908188
60,-1.0269904763486941,-0.9208562589305793,0.14880801438726274,-1.0271203340384212,0.14374888684530276,0.0,0.2169150336694856,1.5934540275254168
61,1.4043376539346757,2.2341916047063792,0.5736526097602147,-0.4402977028052622,-1.6794234363150866,1.0,11.143347333288995,6.023714059362221
61,1.3376232475251757,-0.5490491131104112,-1.9511407999989738,-0.6168697156893072,1.1371592443395526,0.0,1.2594525978560522,-0.4267997736786908
61,-0.3262623798236295,-0.6842174334934843,-0.4124896030745195,-0.9102456954555898,-0.5215345834974409,0.0,-1.4914536955332296,0.7119851631167589
61,-1.3742836422552165,0.17274107996893667,1.6397361170762335,0.9738679528030405,1.8244178441901524,1.0,3.544051419166989,2.311959240383865
61,-0.7879912042980841,0.29443359455431606,2.1318657761802497,2.838053042201781,0.15210780850631103,1.0,11.028974697639594,2.550131435372382
61,-0.06500008523763244,-1.0801969745885436,1.0146328729546017,0.0372494438779188,0.6565061527029626,0.0,-1.2297702678150049,1.8797403635459318
61,-0.8490821488907992,-0.1224671908505975,-1.765232025172301,0.23819545596938296,-0.08184616380988789,0.0,-0.42114429771285744,-0.37944422814993883
61,-0.8913450060231586,-0.7575256874934039,0.4751376682941271,-0.26861033512049703,-1.0766298946690958,1.0,1.6541962888687176,1.3049598631678099
61,0.012680609467299216,0.6014356919438947,0.3507229921857529,1.1074562961012924,0.6918037878143314,1.0,5.102171809415112,3.3288008148058337
61,-1.0446293523493861,-0.7285382869958695,0.029824905006996243,1.4093598979628823,-0.10022601877574648,1.0,2.6424842434032314,2.5435033218192924
61,2.1847214762198486,1.2473148333252444,0.16566797620976198,-1.1548207595173405,0.2468278797315667,0.0,4.099998787798641,6.056199625596702
61,0.3598272416141864,1.1568942313401438,-1.0727913763996495,-0.566512233464083,1.7143442514144724,0.0,0.44096170894529285,2.689836882267488
61,-1.335783050664281,1.0846683594881492,-1.6473138581108713,-0.7506266370526925,0.9330470203417007,0.0,-1.82963986122293,-1.3833285788686056
61,-0.16004974932079682,-0.815262831319159,-1.1402823926740586,1.3759996408942408,-1.013811888662678,0.0,1.5195207959390244,0.6711168971103629
61,0.542146149129798,-2.961026537897083,0.6101570744999678,0.45429704843499463,-1.5954220706733877,1.0,-3.666575811255308,-1.2606752783802313
61,-0.8002539518542424,-2.0157870368077346,-0.4720248335172494,0.24285108536364228,-2.1973813407992093,0.0,-2.6285606992997708,0.8824929452939374
61,-0.433885191248673,0.9445492562219159,-0.31694410237576187,-0.3765337374694329,0.013217384944108393,1.0,0.9635014213790729,1.4555681379290641
61,0.6246505031076919,-1.0571803188943478,-0.134600073197081,0.8252453959695374,2.192095468428746,0.0,3.2990871355656726,2.555692347867171
61,0.43470625558278614,-2.0675612292639927,1.158165130254155,-0.3184533431981316,-0.16880037055127295,0.0,-3.0610209480152837,0.021267491762413326
61,-1.3261718477602922,1.202863554759962,0.6122694953892824,0.22704941730301487,0.6792704171636863,1.0,1.3749801967688267,0.9207825234680194
61,-0.5737628812987398,-1.2227497482350094,0.06853791900466667,2.529834710508116,0.3507255349093885,1.0,8.97728703958101,3.2755133822008977
61,-0.05270928364963551,-1.1595172284035342,1.079353698422776,-0.3441544371722511,-0.11543113856396267,0.0,-1.8310145836059089,1.2367864042226737
61,-0.2625211373641697,0.6579027350371247,-0.7602958305944273,0.5379736918703687,-0.3694273523636967,0.0,0.4118005731556845,1.453734854001633
61,-1.1985807391376628,-1.285173577962334,-2.2561118384296597,-1.1998358634815371,-0.18721012822700084,0.0,0.049536124389062575,-1.155989094866143
61,-1.1988710279589163,1.0307279189414957,-0.29825288758902374,0.8245644832455062,-0.3693771303528493,1.0,-0.4311730761480842,0.7145371762644288
61,1.723414401189782,0.7405181148862405,-0.1971452783054388,-0.5783412988728733,0.28034792386394736,1.0,6.081870546429108,4.241246244145081
61,-1.0238745454606222,1.052405569629636,0.22388198859152664,0.338479017930728,-1.0616123330971063,0.0,0.6510548272514881,0.6621515078058118
61,-1.0612313652539547,0.18070776045970333,0.26919944685191316,2.6809444859946514,-0.894940718332986,1.0,10.57807280077845,2.3595511817161405
61,-0.04747888934022707,0.36111764401382535,1.0455685771776506,1.4153461039957798,-0.8122777780042885,0.0,1.9631878469605393,2.4654024331320956
61,0.7010793241040135,-0.896121610948614,0.9128034276913308,-0.08659881657250654,-0.5585850537176857,1.0,0.0470158847803821,1.019566325925311
61,1.421766163007289,-0.2672187172721056,-0.5854372502597136,0.18952609738753798,-0.38680697891943605,1.0,4.629871202537427,1.639462683505704
61,0.23633477701740002,-0.5877411907050015,2.2921437296419023,-0.24693487493277919,0.12263287269834407,1.0,2.113609924646226,1.1089169153204335
61,-0.8972443123274731,-1.2163583410657584,0.5070392136767078,-0.6441018464423584,0.5010732896835204,0.0,-1.7210072240734555,2.0907606737376008
61,0.595827701154037,1.1676506571176146,-1.1818375956303795,0.19785056471482423,-0.9544954941593472,0.0,-0.09497021677488526,1.9874416535894002
61,-1.5517866396175761,0.028435879844261734,0.056282590526971994,0.021269948230356907,0.4547298552485157,1.0,-0.545001468227508,1.4587559517505322
61,-0.5302204509179477,-1.1095267373407747,-2.3803186817377457,0.7622762449142916,-0.6781889441044822,1.0,0.6564093162397782,-1.103653273858062
61,1.5498052954446426,-0.8146655949351465,2.3794146068456925,-0.6432404337041127,-0.05198504139405784,0.0,0.8253718580286219,0.22375757353425785
61,1.3398996746591274,0.5278613531541614,0.16198869948578865,-0.37451371933738803,1.1999200771183733,1.0,7.508532378680279,4.121767793240712
61,1.255086435682028,0.4533980598953996,2.4365720921299867,-1.4768715629173395,0.4639430042188012,1.0,8.697671610613217,2.3735195423641735
61,-0.04699552270653813,0.5096891936893924,0.08445181929763504,1.8177730474183549,-0.7897644578742542,1.0,8.350190639657766,2.760059993899753
61,0.02919588924649508,0.525145423615544,0.006220980845778818,-0.43283633370895336,-2.324433731624196,1.0,-0.13022019485346328,0.9169588515745812
61,-0.8450787930097307,0.4360661763521948,0.6574492804276374,0.17336192763236644,1.5479545492019058,0.0,0.8924768964576624,2.4079198413635057
61,0.5881680650043203,0.00040001136967993947,-1.5036150675523732,-0.6159365237989921,1.3201992479951161,1.0,2.032785480319024,0.9619738759628482
61,1.349084946556677,-1.1409020177581735,-1.1430566032917522,-0.6384905839905851,0.20979358479465288,0.0,0.6706491945030144,-0.8061438491048535
61,0.875518318662429,1.075836780869049,0.48297224939352856,0.6472962422708971,-0.5516245772664645,1.0,5.561288868362773,4.092532800460235
61,0.3176949379578974,-0.14096611462285263,0.2536118348817178,-1.708018112888697,-0.465870085519972,1.0,1.0056988862800726,1.0514545303738083
61,1.90604670082007,0.9515110597702101,0.031159674425370317,-2.124523152165631,0.23839727088432291,1.0,9.468298232972144,4.314434869758569
61,0.8822997292483361,0.15342367993427788,-0.8407353121785457,-0.9328358150960624,-1.467975794844494,1.0,1.5331597102815273,0.6993690150906904
61,-1.6932958714247057,1.084450179613357,-0.670492344064164,-0.6471145777418912,-0.3574263952064609,0.0,-2.4701661493866713,-1.1947186841886892
61,-0.7774951937063367,-1.810465237229737,-0.5113747943309872,1.0580741930561255,-1.2786078122976663,1.0,1.925919611087429,1.6197661378404855
62,1.620216387786378,0.12208546618476696,0.15564194897019845,0.08890291130242241,-0.060628394377539724,0.0,1.3066606227582682,3.1488262560124816
62,0.6995602787900891,1.5635711257851446,-0.6483273645430959,1.5180686623952149,1.0892133618815356,1.0,10.369916839933662,5.0019502255288675
62,0.6879750508496868,-0.4911257079888074,-0.7766214814684471,0.4857465321435199,-1.770029427910684,0.0,1.1808739883684845,0.4433757676107455
62,0.8575241436009684,0.598741753921977,-1.5810806894847065,-0.05434435301949171,-2.15539262714932,1.0,-1.1770412753382615,0.3358754423069744
62,0.8634419781403592,0.7181909705896884,-1.40928764679453,-0.66297978675964,1.2065069635524694,1.0,2.0203494471068306,2.1388599064868856
62,0.816683747066246,0.49791373883720014,0.37377640124847716,0.4770053993298996,-0.4228821143491234,0.0,2.713733839186147,3.2088417398503837
62,1.3998087687828484,1.0047927379561046,0.14060322068388156,0.9365641735691178,-0.11974552023180726,1.0,8.971760321912068,5.0776610165475375
62,0.06404806320372826,-2.783507926134316,-0.31007442310470756,-0.12577883289233135,-0.5177810167059868,0.0,-0.19242625760176557,-0.06251449556043553
62,1.0610717560831808,-0.25006376489049553,0.9850124830827697,0.3841821479062288,0.10662974838919151,0.0,0.6995529276278338,2.430933299741194
62,1.1723955075725974,0.29527522522010413,0.78718719899484,-0.7152265825752304,-0.9665383365386473,1.0,4.675352731202045,2.33856646494126
62,-0.5645912222603676,0.24558908978671365,-1.712651408712305,-0.23253897920729202,-1.1296994474106308,0.0,-4.367902480631232,-0.9769832335511817
62,-0.3676270945100749,-0.015784003827302644,0.38363475686083337,-0.8169402431575195,-0.12474749055016267,1.0,1.8212280561663132,1.4623808881988676
62,-0.07672676953247766,-0.07708410293046886,-2.1752890479329903,-0.5821172184380533,0.6202603356121121,1.0,-0.8313678644355933,-0.707908752579272
62,-0.608830553832406,1.8706138197788804,-1.3006002491827824,0.9461033574271751,-0.013265290658111082,1.0,-1.5025143486393957,0.575044099320019
62,0.34461903400768507,0.9277356119421382,0.10680087316239047,0.7079337925463118,-0.05368434331778244,0.0,2.570758239376114,3.330720040364417
62,-0.32164025782335987,1.0066821795713372,-1.2546476381531513,-0.17686959029000582,-0.47599773040766835,0.0,-3.255240921193745,0.37588240125439654
62,-0.7742549068366218,-0.1912096035718807,1.2163093855318692,0.5377567160932898,0.38808879511542355,1.0,2.5511765029693994,2.0834994187514853
62,0.9672548680377355,-1.1600120578229318,-0.22074548308822123,-0.08637004830112378,-0.31162007263275887,0.0,-0.0007373796582543779,0.44796078486189805
62,-1.55466876749157,0.26924646606821917,-2.493672328794556,0.02796845066201365,1.046029729039976,1.0,-3.389131032309253,-1.568477964065697
62,-0.4907243936252065,-2.077098578643645,-1.5880982372781458,0.29707797039640255,0.6858922958641872,1.0,2.660889316306382,0.4155064216040665
62,0.20441286957393848,2.681977988773918,-0.5850236655448698,-0.03665205304618724,-1.4467126627667892,1.0,3.401304599641558,2.7909310728687373
62,-1.7398353702350249,0.8527288030776461,-0.23355113282972162,-0.656696470128059,0.7593188975080725,0.0,-0.5248192215176943,-0.019774690102750903
62,-0.8315666517054771,0.9553606692242111,1.8264078550527647,0.42756691808420383,-1.241422664686398,0.0,-0.38735421692571204,0.5208898752255646
62,-0.5157311208016521,-1.2178081467366169,-0.08308068960386071,-0.7773342639653826,-0.3743456484951089,0.0,0.712880601921684,1.140462409818145
62,0.15583677470593865,-0.4610017270607342,1.513956286735287,-1.2040944466839223,0.4885691140109782,1.0,2.3564573472578902,1.2316014172044998
62,1.0973798617319508,0.36347147209269026,-0.6060857337818077,0.2330430489118644,0.5823603523058556,1.0,4.117441121297377,3.0558348631825334
62,-0.9194881809640428,0.32713272663658516,0.49714776324158366,0.07435418099501268,-1.685275289095998,0.0,-0.21234669058082378,0.7250873501617866
62,-1.409579287922535,0.9629469386566774,-1.9361178872490217,0.05036223550187142,0.11469302076348138,0.0,-4.1161429823318585,-1.8234472035017324
62,-0.2085192189656264,-1.7152739209016592,0.18446145585438492,1.775690097737973,-0.7791566507383615,1.0,5.111188648275535,1.9693036312056607
62,2.02357190059926,0.9061742524562976,1.5335448046817246,-0.13224612308334968,-0.3519830100059776,1.0,10.766829175153333,4.860482573845433
62,0.08978997110243168,-0.7169807196202737,-0.36884158994106875,0.5864856127077611,-0.06068676718518551,1.0,2.5581979951768736,1.6332511943509012
62,-1.1868476635390721,-0.9546099543163731,-1.0933863168097488,1.7204417539660692,-0.22626645818783206,0.0,1.4307013353569613,1.7221225957270818
62,1.7747807177450425,-1.1871127302793325,0.4789462342400907,-0.05552662058406042,1.094663592047576,0.0,-0.19394589589012434,0.8334918503988646
62,1.2657463099175135,1.0020781798215281,0.7113381652483226,-1.2906622039369342,1.2193528104362226,1.0,9.080715619798742,4.479792325058068
62,-0.9951135051620567,-0.020200386720961784,0.8713057282476888,-0.6965803133491074,-0.2760105994896524,1.0,0.04097706017679989,1.105630131347692
62,1.335905998235154,0.5407783692934555,1.4216790415640959,1.0173197898587538,1.6000091263536083,0.0,5.105706054374154,4.828840501440581
62,-0.6671792432643014,-1.0543274863005594,-0.825709332334384,-2.0739401581178667,1.0498882195447998,1.0,4.457758498863914,0.5958271706922782
62,0.23643725473060967,2.297773158212276,1.7927802987068486,-0.874709922790327,0.599273200238702,1.0,9.795856965017407,3.3488908266228536
62,-0.38848934180444566,0.7495946902656869,0.08439024376940689,-1.0367684818507312,0.4668309442755453,1.0,1.294625454288361,1.643010735646281
62,-0.02914027728223796,-1.1733049863193832,-1.3454992223441786,-1.340432979479445,1.4138299909221992,1.0,1.994747506477949,0.02031266333476789
62,1.0605704729066432,0.21996782934085027,0.5188177365435642,0.2662060624831708,-0.3176365377115103,1.0,5.692477483128772,2.9756601828439293
62,-0.7614373452137966,-0.1330207548266413,0.16636843487435393,1.681995992683153,-1.5043274093296508,1.0,4.842114717981808,1.81226909271555
62,-1.6094887918793719,-0.49698229952789275,-1.0599950554015014,0.1350876908924789,-1.7342618876802431,0.0,-2.083387762803002,-0.09405633564352534
62,0.43457344714237234,0.12694900599967163,1.7739792750039272,-1.081146230406676,-0.30496052504990406,1.0,3.395491962010599,1.3280783331813664
62,-0.7998824304117069,0.8344991926611092,0.7621937327735431,0.3806600185394809,1.3119973243483514,0.0,1.09119284513825,2.300555634830853
62,-0.26257638694784147,0.21582637589285517,1.503192519246568,-0.11220733896497237,-0.0583554660440945,1.0,3.692240794164733,1.6538212662526033
62,1.3204731052448595,0.46635922147168396,0.8737556808098191,-0.05137974559299529,-1.3937548925854901,0.0,2.742760033890454,2.865492924798876
62,0.5651279182292711,-0.5600545510289677,0.3716513357630911,-0.69361050941954,0.21146483427805884,1.0,1.1122673212509016,1.5625159775892672
62,-0.5019020471043826,-1.899655366381048,-0.6302749042836285,-0.19302470612993378,-0.8667311537468471,0.0,-1.161769095561092,0.7155123477208352
62,0.7878133102167798,0.5917184421977414,-0.21750386555176943,1.233159532081643,0.7600973834427814,0.0,5.1711842733614795,4.020245204848148
63,-0.22565279845925745,0.09824578203810243,-0.3789588746496178,0.8200702723717187,-0.8018264666646592,0.0,1.0333201065955364,1.6628198285656004
63,-1.2563134199877946,-1.3721960297012838,0.5056324805914219,0.38634155689265604,-2.2372999921803225,0.0,-2.8498288842390425,1.6118588853568845
63,-0.5057403348258523,-0.14047260474176906,1.071248466705628,0.3911225135832191,-1.5141038505360345,1.0,0.15042656225320117,1.2010984567604872
63,0.28488095217451365,0.1843224328485349,0.06994162913376209,1.1855397936074792,0.12394768543431192,1.0,6.694463039587423,2.974381277954771
63,0.468362526760853,-0.7633662472127806,-0.37984946434501915,-0.7889426754331353,-0.44612894237199646,0.0,-0.17844256470167197,0.6162259161203142
63,0.3090163419372268,-0.6436096441028889,-0.41857705072943535,-1.099905336115165,-0.7276912975308714,1.0,-0.38407566267930726,0.4243988470249197
63,-1.2257423886595493,0.6098982228046613,-1.1529974322567926,-0.5626030857589275,-0.48799448960796293,0.0,-3.921659083977607,-0.7515480293421879
63,-0.43843139767694317,0.8338453491561295,0.16226482762308214,0.5811003442990936,-0.912297889654717,0.0,-1.207851625559491,1.7345205584427532
63,0.9059945487303634,-1.1375205737882204,-1.0085815430437013,-1.1759121188657917,-0.20631183230700706,1.0,0.5337971081730635,-0.8086918181227278
63,1.528809755046835,3.235687361273659,-0.04621289625798164,0.058286736471222865,1.05942344490945,0.0,4.414357077497572,9.863679977053174
63,0.8353294404944621,0.7193163161003485,0.9152962871715282,0.11999355530090434,-0.9954431213792496,0.0,2.389694411253484,3.007668057253836
63,0.03196087830989289,-0.7425660583280206,0.6677485101011256,-1.7050883835865607,-0.8134828495498165,1.0,1.614114182083423,0.48077080674658357
63,0.05455888640072862,1.5822631841596135,1.4358002129939,0.2516744486245869,-0.8229869311979278,1.0,5.429079817301243,2.471567877977636
63,0.35078565996032046,1.7724369119771386,0.3550361225525677,-0.39638642244915934,-0.2947425264063044,0.0,4.166434214949289,3.4529442570795874
63,-0.276091233060574,-0.23880175190136713,0.28228154194274696,-1.8689139513544089,0.9604802623710155,0.0,1.5423393641342948,1.455830924638588
63,-0.2541972144887204,1.6647340182518522,0.8891273112251238,0.19005675070502348,-0.8421246219256082,1.0,3.449274823392808,2.0307173001829764
63,0.44695364168259083,1.799994525079635,-1.27897039845613,0.4649371576771827,0.749469338366967,1.0,1.8187315255515646,3.1834076722642584
63,0.5033644562984321,-0.8019226117719405,0.21269686616808936,0.1571692617728836,-2.8414513207414966,0.0,-1.6048935748131234,0.1887341566994336
63,-0.7431434628951012,-0.9642937263981197,-1.8178592429676224,-0.060908939073427475,-0.4268326548599077,0.0,-1.6477990302959367,-0.53446755324615
63,-1.6123178937921814,-1.2672492409615819,0.13579639577379327,-0.49345671369380545,0.6264144514989618,1.0,0.7563390622506008,2.7285959563328106
63,1.4426845183833452,0.1570534909421308,1.2026810340311793,-0.007975464084386713,-0.41962578243694665,0.0,0.9491063906677699,2.773845165017562
63,-0.6767436253563812,0.1959052570349364,0.295224185707103,0.29398931414094365,-0.7189768115758295,1.0,2.6304482115262218,1.5188584646617964
63,0.24468761970828007,-1.6872036913499866,-0.9663015942334062,0.406211329775007,0.35882520402870605,0.0,-0.8672807915282146,0.33361799891228344
63,0.8506714739345961,0.016719890159486415,-0.7750300540596022,2.099304428025224,0.17877778405017075,1.0,10.201297041481688,2.9138448990855847
63,1.1387163464565169,0.9135978953542606,0.40583967378886726,0.3726810195475331,-0.3083897451753918,1.0,6.946717401187163,4.220322678485801
63,0.4767682926192914,-0.0963260859208289,-1.564507980923568,-0.02822760257920245,-0.9961010792606065,1.0,-0.8757386141637662,-0.14383414712387083
63,-0.342316463002746,-0.9144048201942186,0.268617208432835,0.34599822473449515,-0.3365248979878117,0.0,-2.1485256475601666,1.7878392586034724
63,-0.9179301844515428,-0.6056162201781999,0.9650319872806206,1.8756373284879133,-0.9129522844670714,1.0,4.93007939207958,2.3273893029427337
63,0.053149562908134725,1.1255264949103432,0.8611526843565894,0.6951991039839479,-2.1313110467333556,0.0,0.9627913523035633,2.0132431226086704
63,0.251179696264214,1.4073206397542735,0.6095821279914975,-0.5597995182570014,0.16564022252998556,1.0,6.798287126825676,3.110339286533749
63,1.5593511220159109,-0.54561885744707,0.9352793820792203,1.0148115024693207,-0.1949889523068823,0.0,3.641997897163794,2.1271993334906742
63,0.3151100496330778,1.1958431977308706,0.5142936193651352,0.9088643644253535,1.0388857456099707,1.0,8.484563075085042,4.233961119994507
63,0.9127155933707174,-0.0026206914134219005,-1.4453881016143855,0.11177620640437969,0.570467806300973,1.0,2.2736518966790498,1.196163223663089
63,1.2876409173654766,-0.04147008227969564,-0.3344017558930634,-2.0082594775228673,-1.121491452994742,0.0,1.9915738696046348,0.7822173243866989
63,0.10137575216530949,0.4131195887003062,0.8774540087972059,1.5396197145434345,-1.2863996818779893,0.0,3.5234865337551615,2.503576371658377
63,0.20688329700598138,-0.733517819763669,0.1769834301743119,0.4642869446871725,1.0485543840594325,1.0,3.2184305414994383,2.414221803959795
63,-0.15821787625110278,1.6980640537484912,0.21297102727862802,0.054691563845561106,-0.10501937431663928,1.0,2.938523688673776,2.559987867878624
63,-0.33758247397278035,-0.5507771768388232,2.2821682696927317,0.7047594318110265,-1.907266905754944,0.0,-1.9153842839541095,0.6287097079982635
63,1.464816902768855,-0.19769300469678913,-1.615618641375052,2.1144098592818805,0.6668240697564835,1.0,8.985240203910662,1.8819782302439223
63,-0.7065549725901151,0.8056320287599186,-0.09915284400093863,0.7937886505300107,0.40680264138806527,0.0,0.03574102227073772,2.0261228187470826
63,1.3589517190491496,0.5489656626297424,-1.7527784351324411,0.1595303759968459,-0.12100985481284296,0.0,0.9835294989877366,1.661868259541044
63,1.8570147059894424,-1.1767716331031666,-0.18291297853476307,-0.8593297295973132,-2.658431441552862,0.0,1.1511663072311857,-1.7121797566142412
63,-1.442062967657641,-0.9738009698436864,0.909715528605951,-1.2140128177615712,-0.1848938919291746,0.0,-1.8440103609853529,1.5657250730694605
63,2.082257469704712,1.0688861457139687,-1.5799970252726407,-1.099477579320657,-0.3888864064541839,0.0,1.8616404992241329,3.257886894694991
63,0.44657834496102305,-0.3770348313493019,0.9629001674539608,-1.8449993137307379,-0.024005454756813805,1.0,5.583944009687532,0.9844856500620294
63,0.6300675767167809,-0.27772777740638216,-1.035420830130522,0.27550439894578954,1.064635005874315,1.0,3.705922960862875,1.6637059507812593
63,-0.3942109473864206,-0.8530606258354682,0.17874122528859887,-0.658280345792063,-0.5846319169968478,1.0,-1.6992056903225392,1.164632803298943
63,2.1339583419504162,0.16145660806640388,1.0845995957297572,-2.0320396479984004,-0.6563271573236831,1.0,6.8023578495604715,2.157632289205016
63,0.1932340473056942,-0.4275808209219184,0.6832651457567517,-0.8483183920223872,0.7942508654095143,1.0,4.457412486732322,1.8903177267951121
63,0.4398866620760587,-1.1415931059655322,-0.5595576269730363,0.3479356123576773,-1.0179509723618838,0.0,-1.076715560368565,0.37967871428510613
64,0.6039804452304975,-1.338732307563137,-0.648734398522082,-0.39751224842546684,-0.2230249681236186,0.0,0.7341101440127302,-0.013730788276609784
64,-1.3555918373172258,-1.1713070856916417,1.7643661316136978,0.6376909350960538,-1.745924283227582,0.0,-3.49045609438416,1.4600680069714818
64,0.0673811368408588,-0.1902143058130874,-0.11849010567770432,-0.534802966505594,0.11664211653438937,1.0,0.5010675361879022,1.6504293383947823
64,-0.15218630405633238,-0.887221831859552,-0.5740737801449687,0.08148445533549682,0.2966960438972164,1.0,1.1376021276435115,1.357067956019874
64,0.7182809849425243,0.5823424989952315,0.5328987471573365,0.24629616308625524,-1.2298858082519457,1.0,5.0717268084418246,2.704589870981055
64,-0.1849210510076653,0.23196908956991683,-0.1992519963001654,-0.5410786046363005,0.06837146311212135,0.0,-2.3702745264862912,1.6248633915679704
64,0.9611382219520236,-2.7686855123447476,-0.962549404930292,0.4712558462691655,-0.2828567327319797,1.0,-0.13255876048261,-2.3805085878462666
64,-0.8491807661693689,-0.9219310610813255,0.20493026653257343,1.5445152096125216,-0.21360078006779226,0.0,1.4370206838401545,2.6443277368006237
64,2.584404117892106,0.7117395747858887,-0.4802398775715723,-1.0548810641077608,-0.2661685360429264,0.0,1.6205017707676677,4.473733922215012
64,0.771881996280839,0.25207977535939813,0.33515335091617426,1.9713087336545427,-0.001628907261185954,1.0,10.437187614995823,3.803333196176138
64,-0.16026875944630772,-0.0067923227378168536,1.5895173667954448,1.0977804581145107,0.5012322054445415,1.0,6.317711294305532,2.49310312475447
64,3.672907025453268,-1.2781702694999342,1.0029305371868582,0.1700196859209031,0.8664454489089551,0.0,-0.9404717471904966,-0.939700321271113
64,1.734893684935817,0.7935899150229219,0.6340796844327163,-0.31147411939368497,0.26126150706456147,1.0,7.457490384441019,4.738586733990122
64,0.04134896180826086,0.40186799233326465,-0.6948004736330465,-0.7055937998180829,1.5566815476807974,0.0,1.4939892103551617,2.084550398735563
64,1.4434515887701143,-0.4649880338157587,-0.2879347261935199,-0.04657428487555033,-1.8282072898765553,1.0,-0.022403007077260062,0.6955183119423404
64,-0.32093066352610855,-0.2894650013861924,0.2882949199280478,1.8887231010089498,-1.1698353950301756,1.0,6.926860706155951,2.2500217292267797
64,-0.5945419663051488,-0.7605353805328618,1.3074043610163335,-2.097913071344926,-0.4862317819477494,0.0,2.0271280233350266,0.39661830946051
64,-0.31334883459150753,-0.7682829316427014,-0.03398909498462356,0.370338385170229,-1.2480872255074766,0.0,-1.7134245611873467,1.2434781368069348
64,1.1168498432837983,-0.3174411093876545,-0.37632614698161826,0.13656616510531094,1.7493773820076692,0.0,2.764530902134602,2.7300000863622524
64,1.5522283352951787,-0.40007129661568536,1.5168648254590913,-0.778010853509985,1.0242713751373171,0.0,3.4778511204776037,1.8905445510199395
64,0.36280040160534294,-1.8894299118032956,1.2115973125748183,1.1269460217303224,-0.7755172656844058,0.0,-3.163679232188116,0.6842368287062852
64,0.8715336164811258,-0.8311375445365125,-0.7577872272562313,-0.6758830289486782,0.2433574510927198,1.0,0.10123600376031483,0.4270359849968157
64,-1.133560593708641,0.8006823612341936,0.22199625382315807,0.027869558409851482,-0.27003390559724705,1.0,0.6581145431027882,0.8913147277192013
64,-0.708560942748258,0.44874965789111754,-0.577463803266987,-0.4219311524008714,0.9394420182396679,0.0,-1.8863479005939194,1.3600012629619558
64,0.87903357578602,1.822050578559205,0.4800687261567931,-0.7292445074899478,-0.266163958428028,0.0,3.4096788410265915,4.581479027002429
64,-0.17462864726264635,-1.1638094998277952,-0.04227356393889505,1.3189899332959527,-0.577732194951101,1.0,2.8514080199752114,1.8826140982372426
64,-0.1402780387395156,-2.354657177450031,-1.065367267671437,0.7916347492721513,-0.5374570489639797,1.0,1.5679047638372452,0.16142719635304426
64,-1.1796886282715526,0.9580100013155797,-2.2476909689814812,0.044107068737035876,-1.2599952717632645,1.0,-7.267374605550765,-2.5991577583850396
64,-0.15023881575159553,-0.7134432577027675,-0.33709809800133794,0.7292100717170706,1.2937555113320973,0.0,0.0539218318917386,2.461998017486947
64,-1.169696778368334,1.101948323618609,-1.7095328960615341,-1.692427249997482,-0.43189122355339465,0.0,-0.4086442176641696,-2.378037250527597
64,-1.22865224063873,1.5253036858142262,-0.00887807683026856,-1.0160477288362688,-0.0318211155372213,1.0,-0.4201287596931512,-0.25415493910953646
64,0.20195113669678708,-1.1431822135048006,-0.907894916125088,1.0931321846801465,0.1975385216465731,0.0,2.022230318202664,1.1053117692116698
64,0.15579374537525267,0.4714114378943775,0.4810126587056833,1.0870301739474681,-0.4084535383610354,1.0,4.032722942515246,2.853367035663466
64,0.4905343379006132,0.6964944712943549,1.3234175430100161,-1.3906652756671123,1.3457727252814287,1.0,6.98948517809673,2.819294738521571
64,-1.3788366357610906,-0.652416001751497,1.1553828208237948,-0.2539268171542866,0.595418197419739,0.0,-3.446633428510463,2.03595416872753
64,-0.9020133314942331,1.7696079944386505,0.19417978177650155,0.5394500677881862,-1.0394234305046117,1.0,-0.25786540457011087,0.665896808870865
64,-0.9984871329216106,0.22794456382453326,0.3870098581420521,0.32847036100483246,1.0891170127735743,1.0,1.3312683691839982,2.215469358091732
64,-0.19624641121886713,-0.3091318937328188,0.5402688164823176,-1.701668584081429,-0.38335985810526374,1.0,2.4155674397495375,0.8931675015571057
64,-0.6520458991408776,-2.2213678025763595,1.583569395152962,3.0306972735543254,1.1026470799066255,1.0,9.800242277235938,3.857411068564669
64,-1.1567058655211504,0.2017844045604086,1.174248945670904,-1.024341519275897,0.6237329780192898,1.0,3.9722011021267125,1.0621902224105269
64,2.196663040115107,0.25175304854767355,-0.1180245546104529,0.33373450560247636,0.31719276815539166,1.0,6.870414620844568,4.036719204354215
64,-0.42868161782749165,0.7729551679226614,-0.13431926757548918,-0.6626456519285997,0.46001361979810934,1.0,1.459857872615811,1.663302174897426
64,-0.016400052088845807,0.02168155299008258,-1.1278689329385716,-0.8072039745544755,-0.4593903567289681,1.0,0.16616203323374468,0.2336397404132201
64,1.8218570272595997,-0.6325714036170207,-0.2614362055347099,1.0743391748282096,0.25067839828383875,0.0,3.2788379231627496,1.9399985997572404
64,-1.3312692608155319,0.11997903125765146,-2.260794535173846,0.4846621967401003,0.043364835121578606,0.0,-3.3491617046243194,-1.2682890631311117
64,-0.6099182660196791,-0.017488237407723272,0.9526505686556513,-0.9237328408976658,0.15007076051695528,0.0,-0.7155663935850564,1.365982422896407
64,0.47764783889780926,0.3673536057307649,0.3584256707434868,1.444821377094137,-0.20100296355518912,1.0,8.79962121843914,3.3355386796089235
64,-0.30440095547033036,-1.6594643740308332,1.2813073267067367,0.9486138310110354,-0.485157983973172,0.0,-1.65256166645762,1.6810539884018632
64,-0.8355641242867912,-0.4826702989594608,0.561782769954485,-0.22514535236253821,0.6883549815536483,1.0,0.644269842326942,2.1029877559382824
64,-1.0802210602796243,0.27121266476438527,1.5442821762470662,1.4608223588659004,-1.3407041757697362,0.0,2.3526548544691686,1.1612373937025426
65,1.6411796354487302,-2.059565617774058,1.2428481037284462,1.053630942083581,1.4805201525351805,1.0,0.5580505243749877,-0.37870926192814025
65,-0.6653823531152201,0.15563083072177733,0.5018292219569579,-0.4161074140733788,0.6422098237716105,1.0,2.102837847669789,1.8822401647069813
65,-1.3886750369239536,1.4155199560981342,0.032470477973462364,-0.3055740890060012,-0.5430860641310217,1.0,-1.3645060144686294,-0.3608967249500733
65,-1.446797536088869,-0.1270291936885402,-1.6207530314619687,-0.3968039466087383,-0.018156644060447487,0.0,-5.448975668574795,-0.6709205795131596
65,-0.051147496451098645,-1.0157865045941223,-0.088462697562305,0.5185222588891649,-1.5819116662087407,0.0,-0.881685005964368,0.9386516102788907
65,1.748949547731336,-0.11460871552578963,2.2232990863000945,0.5789289798275313,-0.6769057700276826,1.0,4.573461130520829,2.072209788401931
65,-0.603215279006558,-0.4013395818808433,-2.6238053886476336,0.6347914155340716,-0.6043049955263293,1.0,-2.8070954469673204,-1.4257592652783004
65,1.8547751242484076,1.5691463577108542,-0.2812538408009629,1.1407819747062649,-0.9353791736432111,1.0,10.746625182065618,6.545157028665999
65,0.6945080740068538,-0.002467502525617826,-0.11459692213517214,-2.2459496227139537,-1.3062030490681016,1.0,4.390559433931065,0.5043727438191467
65,-0.011138604650376792,-0.4331696371333957,-0.505501449904537,0.6987628224369911,0.9660046445393398,1.0,3.7795230355013443,2.237235552188004
65,0.14471060759387575,0.1764416505390254,0.9157124686859736,-0.9810374551944004,-0.7362748823928837,0.0,-0.49722762748472604,1.394534917757177
65,1.284177165104258,-0.8813951198312201,1.179455465044625,2.074392458697306,1.3746205186518827,1.0,8.753470648297762,2.7651860056719553
65,0.2636050156239854,1.224456990883644,-2.1411813494853416,0.0007818820611329598,-1.0581956433112025,1.0,-3.1113778350922936,-0.07244970760742137
65,-1.1231714375864956,1.116419827531117,0.8919960948160823,-1.3357439390349986,0.8711847823203487,0.0,1.779839126014663,0.5842714661891107
65,-0.295049080462536,0.5010187051948658,1.3206900022959724,-1.7385560973562635,-0.5685103697753188,1.0,3.3666887902251466,0.7094784486697147
65,-1.9436759296809014,0.7238608695441383,0.41543392452800876,-0.6722415043453464,-1.1001359253856147,1.0,-0.8888950254224237,-0.7803889508946563
65,1.4014062133429546,1.291956259386411,0.7156149655345891,1.869682664213862,-2.8779362335084913,1.0,10.558580818069426,4.765607380096361
65,-0.35535821910150084,1.371066891415799,0.5871348140230026,-0.4992843575683779,0.07487399759459662,0.0,2.646748484503137,1.9345280183848772
65,-1.388899424249868,1.548036798483185,-0.10040647508571834,0.2555872667719614,0.38286259350894375,0.0,0.612329236498369,0.193486464867616
65,-1.031519517412305,-0.3970184790771366,1.321028407871767,-1.5293529283193839,-0.06922488647233657,0.0,0.1323496378859672,0.8036676945922459
65,-0.47935913233906424,-0.15208248677556563,0.2106514911198162,-0.34085335830914487,1.0909705449455378,0.0,0.37420262285495043,2.2154605556276143
65,-0.10739291799406857,-0.46731906652882726,0.45573534606225236,0.31480170537072616,-0.028694055426347797,1.0,1.4268772089834822,2.031689892396329
65,-0.15527896920767387,-0.7711170668740565,-0.27379729165500605,1.6833655771287024,1.4124669503669989,0.0,5.603090107214832,3.0303089564012837
65,0.33763283387218057,-0.03607366451211768,1.1224940144557058,-0.11186359953939747,0.950871217222603,1.0,4.706561974800013,2.5527869772664027
65,-1.6345099208390048,1.2287539609659404,1.6952765976185196,-1.8372320804205322,0.04436125256080575,0.0,2.3613246562072154,-1.384244677019769
65,0.9380019992451686,-1.6909608249424533,0.04552190202745772,-0.09342135448617135,-0.1333144660745776,0.0,-0.313211478217854,-0.05424694942630148
65,-0.37026633572340467,-0.13801620289473662,-0.5685105112798376,0.4455887909717035,1.3375538354578043,0.0,-1.0193662555689411,2.2469813587859973
65,-0.5270514522050945,-0.10540723932857242,-0.5255075277838182,-1.2163888650819166,-0.09532619005415627,0.0,-1.1380221198305525,0.68578385199566
65,-0.6085734984905229,-0.2761334253868567,-1.0932269605496425,0.3715569666164803,0.6128824995990477,1.0,1.6458903302611665,1.1309221294063865
65,0.1470616196845751,-0.9815977723488977,0.7787195272975832,0.5565028129283384,-1.1703876954685228,1.0,-0.42276246767255454,1.2326073728202722
65,0.12388291943881893,0.4276604686562146,-0.27577775494741275,0.13504626893702584,-0.7227201180116383,0.0,-2.0601379526941934,1.8592394290112537
65,-0.24591667567085487,2.709393625860226,-1.4905421870518039,0.07516342304416176,-0.25420465340116194,1.0,-3.237774176808439,0.8108297111502072
65,-0.5312117401264467,-1.2991827930162514,-0.44921274566155156,1.565183507619673,-2.1527734959837437,0.0,-1.0452283465225451,1.1573317704226875
65,-0.4232949972475516,-0.8979867030355942,-0.010614906744098913,-0.5807239766444943,1.5914443639404785,1.0,3.5154883432538853,2.2194688315305617
65,1.736913497669627,-0.4666775676092355,-0.2511582120339231,-1.4412414096809945,0.916408127917788,1.0,4.121073237171162,1.405168877547191
65,-0.3986557034954794,0.5007047950887352,-0.5951254173925009,0.17111930564543473,0.29413868027762086,1.0,1.3385948951881568,1.6145602025123666
65,-0.9126376572383935,1.5372557480634421,0.6825739478422628,-0.5164550086491647,0.3540301792809177,1.0,1.814698545990474,0.9453777844624316
65,0.3078204619128056,-0.320347148955258,0.2364169666150459,-0.5279133128549843,-0.609389101822547,1.0,-0.5493496901110038,1.4168679594854479
65,1.1821248092126975,1.2655637001956175,-0.1311811220788352,1.4968214814124885,-0.24138460610745047,1.0,12.271753388852808,5.273434467321073
65,0.9513527274273759,0.3045781245064147,-0.2975924821930467,0.5104389423507003,0.2073510315000044,0.0,2.834980665698975,3.083870591226145
65,-1.3731485648254498,-0.4054606239509912,1.2732494962814198,0.22136383404630525,0.8167538214866087,1.0,0.29071007767216406,2.1163123728521396
65,1.0524984950766587,1.396149807041758,-0.6542824736720341,1.5197400680587096,0.16407324930831677,1.0,9.434851489690827,5.002019955430901
65,-1.5742915014783279,0.1484405181646299,-1.102586438114135,-1.2993673529878231,-0.7325053949661933,0.0,-2.083767666146942,-1.0625541768021705
65,1.3205760237628035,-0.4365811001957385,0.01642099290662652,1.0554220805417758,-1.3956535871471452,1.0,3.367421900153308,1.7034188501132435
65,-1.1466462718407313,-0.8249813019301035,-0.6720622946522746,1.7869316252986156,0.25302329564701503,0.0,3.054819393043437,2.4266336043467613
65,-0.8995131082733566,0.8760700878683909,-1.0566420491555406,-0.5738606229355602,-0.5467205112416261,1.0,-2.5980934296439164,-0.39657098270621627
65,-0.00431673069953725,2.50024814578379,0.6456174310818867,1.5631181350419319,-0.35669322134103054,1.0,11.379070471360052,3.9619223980535123
65,-0.6092425674728573,-1.3719322402859686,-0.15737600637136792,1.7725710930103593,-1.6524212247791188,1.0,4.713562846997095,1.8142809816790408
65,-1.0041321305492694,0.5453014058805056,1.120405850817187,-0.4133192124559909,-0.20322442247286984,0.0,-0.1583992321256606,0.9102781870365186
65,2.110117253547447,0.7399838569789894,-1.6761002117933312,-0.4734253533217205,-0.47994911845654525,0.0,0.18792511855588642,2.5666565420795324
66,0.44456405222957013,-1.504675535004675,0.46674060712789867,-0.09290595739575909,-0.9116331129417073,0.0,-0.5857576042325127,0.42516005794048584
66,-1.9943913822896666,-0.6708717248151785,1.055907834530137,-0.22073283422362472,-0.2696396104451915,0.0,-3.852963925915027,1.7805547295752016
66,0.01305123018409715,-2.338612873720987,-1.415694132399244,0.5213237467859916,-0.37336780388881585,1.0,1.8477463842618045,-0.6726906237198013
66,-1.4357180516581445,1.3745983334026346,0.9748068672639593,-1.087625829150128,0.1735515650578177,1.0,1.4333137405648528,-0.4124012991745133
66,-1.0502013152992151,-1.4626400670987767,0.09025039161297958,0.6132257132390303,-0.23549659796426775,1.0,1.62539509511091,2.5095657814775603
66,0.8093316779545562,0.38693733169036837,-0.018018469967543204,1.2157102368987132,0.4505302846184132,0.0,2.3782982135985726,3.7352438422794254
66,1.0690770724013936,0.15863641312178214,-0.625953548980008,0.06715602561628856,-1.4083337236418747,0.0,0.352499844119299,1.6102905033708579
66,-1.8847536208882245,0.2032623795187579,0.8208764043492707,1.3336336367519137,0.03335765437043633,1.0,3.830920006068979,1.551668887245481
66,-0.46377534312686336,-0.8614007939839842,0.28518935951767643,0.13912856814207641,-0.6558831820842314,0.0,-1.7202158321556698,1.5807341486450557
66,0.5262417676589195,-0.42892650452974196,0.6007423987028464,-0.5427068744086186,0.32001096385492406,0.0,-0.40993773614380213,1.836878031363777
66,0.757334696085589,-0.7405875280778551,0.20873448651267984,0.19797440183361564,0.5102119345631384,1.0,2.4057250690720586,1.884255305255441
66,0.02604285914605474,-0.6795018406796202,0.22864534003523665,2.2750354335869103,0.022768957457095233,1.0,9.39123714927382,2.892773537592225
66,0.9778559357157781,0.7505362295226127,-1.1203069195331163,0.7534694316141978,1.977763905116426,1.0,4.5186920039363,3.8389817655793985
66,0.9172835421951564,1.3391544358122422,0.9078170381023069,-0.2509622262393726,0.7630472911191798,0.0,2.7786078012693602,4.682022107277124
66,0.9836204013251061,-0.4511722030524314,-1.5076673910670153,1.2549460210924932,1.505386186648817,0.0,3.583212969901105,1.5118613372257115
66,-0.19987922906538932,-1.1354794498035472,1.0381879810521988,0.08133008844404208,1.1797139968092987,0.0,-1.8902813529758176,2.2166775688778984
66,1.521177518689264,0.5823331011329618,0.41789803977503914,-0.7266094468878801,-0.8655556759399246,1.0,5.337060075514114,3.264397809030772
66,-2.28940369327655,-1.285232706997235,1.2207559660865819,2.170561127196942,-1.8773807862171767,0.0,1.8330778382031474,3.2550021804397837
66,-0.20570970225042196,2.338597369767374,0.3607958857492211,0.14900913945959,0.43475289180141935,1.0,5.389443105557675,2.9932667808961004
66,-1.5095046860740524,-0.3405683607210779,0.12788316248327872,-0.403829378698008,1.135375168494506,0.0,-1.0847675772929988,2.010601575511615
66,0.3597809943813464,-0.8151717400343923,-1.466878974212887,0.6893904264593494,-0.9086418286274531,1.0,1.5054747445003387,-0.26031343742778523
66,0.12231504320537977,-1.8066904346752377,1.360890677854967,-0.11926669931490923,0.7999853176722441,0.0,-2.8135551656312474,1.1659991544599568
66,-0.3518222891803176,-0.03641770448706601,0.5447705112836188,0.7865636032257866,-0.1005838519318773,0.0,-0.7877522622265991,2.2893139339783595
66,2.256371293838864,-0.22677342766537875,1.6874656139008695,-0.15747702165677657,-0.036484680601207485,0.0,2.5777662149835776,2.1334610476623515
66,-0.5967911346342029,0.18786230843129198,1.1376563216708975,0.27319221949757355,-0.7121061879425671,0.0,-1.6122647333175875,1.45251510306366
66,0.8196785212290781,0.4530490171567058,0.5656937494193429,0.9828109985396504,1.0096807426622612,0.0,2.8462104373882076,4.131028015727219
66,1.3953016297058625,-1.1724039740091106,1.2574157480540584,-1.770173443412444,-0.8591175511330013,0.0,2.3153404474517427,-0.9020696452250676
66,-1.0236043815677778,-0.32263219402245485,0.6891330376271024,0.8080138546166152,-0.645701896641792,0.0,-1.4349984243077913,1.8546495163125738
66,-0.06972754599372712,0.37760608122941075,0.7154036212289111,0.907578464929819,-1.2844687767517065,1.0,3.5508547846124947,2.051694935530078
66,-1.007674532190472,0.13633341925131487,0.40941454059988136,-0.7775869761987855,-1.54155999866181,0.0,-1.9947041519505335,0.3894375471379805
66,-1.8640040067433592,-1.3606866503326878,1.2871462554006647,-0.37981778987885606,-0.5075672297176863,0.0,-2.5521961765496943,2.4037223783007486
66,-0.24457582052553303,1.0745375802535977,1.7946333636446758,-1.356103866487514,-1.291915823035798,0.0,2.56933471650461,0.5035092446607536
66,0.38752039812930894,-1.1938469592366145,-1.4063888329289986,0.4210760209070517,-0.8618692327868615,0.0,0.5994293087710393,-0.6257265086400502
66,0.01274580597680536,-0.5236627487490935,-1.6105797228348875,-0.6904420156118342,0.3920260569478145,0.0,-0.4117161737042233,-0.25640371847872107
66,-1.3531510962377318,1.1214485763886923,1.0129467213267962,-2.106206980696408,-0.45634167882854626,1.0,3.0973816601139923,-0.8787785611252463
66,-2.050763777079982,-0.020079035367974892,-1.2075861829301804,-0.7533343419156652,1.330225680878449,1.0,-0.2864092528403499,0.045685306669707104
66,0.5155071889430776,2.039107525074646,0.658402678428387,-0.02127789028448793,-0.9318282244896825,0.0,2.282962332686522,3.9721007950871874
66,-0.7179575541449754,0.7740387245466086,-0.3845863694525552,-1.773640161867349,-0.19250794636483856,0.0,1.5078492238626673,0.2239000929864744
66,0.5864570147829038,-1.100163031410274,1.354791409765432,1.1693164983233868,1.124425259903197,0.0,0.06416586051040762,2.136544349133086
66,-0.2814752755721487,-0.04010455636478781,0.2325858225021752,-2.1940296388337766,1.0811150173859596,0.0,3.41550331595226,1.3834077566675154
66,-0.7547957329361404,0.47312120636380495,-1.044278891732886,-0.11068568637925726,-0.18858899782640381,0.0,-0.9644279090967209,0.3328015810297389
66,1.5609014492707267,0.10467515243938685,0.6711248238376685,0.5572116997021066,-0.737196218696031,1.0,6.803972082403309,3.0248687207525
66,0.28891538540797973,0.03886364733200089,1.6797315076041972,-1.239476917335988,0.7371694290986006,0.0,2.944421036899897,1.6551099764268196
66,0.227045621392954,0.8567089073317102,0.7746277936200913,-1.5363481442363638,-0.6717021694424632,1.0,6.319543017880598,1.7343594339011745
66,-0.2635618281671857,0.32581254587012376,-0.1595782401174878,1.470962895958148,0.41775345639596373,1.0,4.247524937761047,2.797117054337501
66,1.430864348784255,-0.24478586575032166,0.8288131712997893,-1.0857613072200596,0.08946899950990884,0.0,2.0970947416973416,1.8347953876168033
66,1.1112831039125548,-1.438082635815374,-0.04022834965900693,-1.2687692052572055,0.7512701486891029,0.0,2.697747897953544,-0.04118945521731798
66,-1.818061165175704,-1.2468349072480964,-0.5248364548959815,-0.8189067916033442,0.49067969779297826,1.0,1.506631190687406,2.1732482146712915
66,-0.8604735056515658,0.6521084290813699,-0.7205673524337914,-0.2850574449191432,0.6939992271299305,0.0,-2.2031635749533383,0.9303141552304225
66,2.0087685444578627,-0.0010614274102021069,2.396510605781122,0.20154687993592418,0.8959319229463618,1.0,6.0598901961810565,3.013683827055928
67,-0.4859694671680158,0.4833261655830479,0.5626280464185239,-0.5074576169394761,-0.8575511195922694,0.0,1.0395746858216905,1.2084624497932297
67,1.082985765138136,2.03612872088761,0.2629493255968877,-1.0492388777831436,-0.6231553615442585,1.0,8.85374343568248,5.025560768760455
67,1.0525887515366004,-0.20961591894536122,-0.011559108018815382,-0.3524264085184717,-1.2093796894893893,0.0,1.0105334395936656,1.414097649112139
67,-0.19119937710660104,-2.113497259969083,0.5968186832697813,-0.36631783439117765,0.13534856202296316,0.0,-3.457491505327844,1.261803488447443
67,-0.9728606661042385,0.4503677906200559,1.9710483542586066,-0.35768756562421744,0.0029632356934756387,0.0,1.5721516300363834,0.7191200030423919
67,-0.5414275870677117,1.3736542170879882,0.06943943960629745,-0.549053006742033,-1.335976612641588,0.0,0.5660876624187096,0.7621739876102057
67,-1.7761757662731736,0.4065402047100357,-1.4657709626585864,0.7769503354560193,-0.5660734005214846,0.0,-2.1933614252307008,-0.9295192610252079
67,-0.760465003298936,-1.1100813266464495,-1.4377609763588377,0.9416425105236172,-0.4887987943895817,1.0,0.39802322167204407,0.5490894832876674
67,0.6550914622071292,1.6318944904211377,1.7151709039325893,-1.5430401842485388,0.012354601888569556,1.0,10.093470902202668,3.1609022431226115
67,-0.24998715394821389,-1.0595763761715915,0.9344179433748843,-0.32869760400482095,-0.8598507424863242,0.0,-1.1289214114336226,1.077320164033618
67,-0.9235006883017415,0.4126756035462349,-0.32476900034063577,-0.0401029227610149,2.168443244320586,0.0,1.4727410357886315,2.212991375662634
67,0.41297137925182703,-0.327449430346361,-0.5196309102474974,-1.3834546819453606,-0.9993690974304628,1.0,3.3455646946266544,0.3243089006859896
67,0.7358802467046108,0.5910364442344176,-0.16792115776383004,-1.525175561547826,-1.382860316647952,1.0,3.938477674023194,1.546346212310019
67,0.6776384984091116,0.4215057740074526,0.043016133120289714,-0.5639956891302267,-1.1198416122169628,1.0,4.479279647870295,2.013865040664847
67,-1.088697469127573,-1.563311948515632,-0.8558696556631894,-0.13237757619647578,0.655040564359437,1.0,1.777567544752579,1.8649277640358353
67,0.6215985876518737,-0.05738490286165923,-1.2579009325809145,1.3080332407455522,0.8815612695141747,1.0,5.506443126231334,2.020097991662669
67,0.27438827787376047,0.4186332257550575,-0.8318472752753141,0.13496535576253105,0.10829574538423373,0.0,0.9618030285627843,1.840597161614172
67,1.0219883369507368,0.16715805842628195,-1.07607361254661,1.0396925720827501,0.3639131182264792,1.0,4.144426931847191,2.403960452935724
67,0.09350538369095447,0.04301867091148618,1.1431390689562537,1.1784437776930967,-0.5474824419438836,1.0,2.8661862677807797,2.3740748949906942
67,1.4689468117376185,-0.369438034771399,-0.5335757277244249,-0.7745555647476635,0.4393047515119321,0.0,1.3412933682708184,1.4336502036281638
67,-2.971950750868556,-2.462410488098984,-0.3441748110117305,1.0334778421996742,-0.20186288624754908,1.0,3.7456709190862436,6.786056360381117
67,0.10826941798439267,0.213986446450609,-1.2319835647221897,-1.290046300833773,-0.5925331427721359,0.0,0.1336589849028566,-0.040617800654736136
67,2.462338074791848,1.0203200926421014,-1.0776263226253306,-1.2386769010458938,1.3088606837258394,1.0,6.968849212333437,5.223401344019017
67,1.5709559490765086,-0.19885998661052776,-0.13206523078647295,0.1729032685013549,-0.29360694427853545,0.0,0.8400113916348577,2.238555303841532
67,0.056672014441143136,-0.1648361808060429,0.8419232864104346,-0.5932033074607729,-1.014184446901348,0.0,-2.321818330891436,1.2198735146712902
67,0.33407566259074317,-0.3280000587700716,-0.6944775405352996,-1.1914414688244135,1.5890354846960124,1.0,3.093913250516531,1.5134073750003962
67,0.3502661095586021,-0.14569923488312575,0.36780233064064216,0.5056271642937523,-0.7273314597301241,1.0,2.507300173498723,2.0574187554393433
67,0.22216837888068808,-0.5311399474314377,1.8869655069216285,-2.4337290704477916,-0.3468910590505955,0.0,5.622571305685982,-0.03024350809172832
67,-0.7811686636141372,0.39677146320801304,-0.4097896980825157,-0.07042114670276349,0.3248937418013905,0.0,-0.22787232717597705,1.33740204547185
67,-1.8690356900210214,2.505997336562362,1.0756782124205502,-0.8060203130872762,-0.4552403908091556,1.0,1.6321025360520713,-2.982973298689215
67,-0.1844080262656921,0.11696517191535209,-0.3746657995914753,-0.3549111700534913,0.8725626275017225,0.0,-0.6747409963600023,1.946832063633201
67,-0.011723226134616106,-1.0325237373694203,1.2600612518513394,1.7293444947790826,1.4511479045344005,0.0,2.885577679339775,3.016016443601514
67,-2.2713094278309875,0.20063016969925876,0.11265482960990757,-1.3835762481703109,0.18057715279125325,0.0,1.1740558506632688,-0.042543805039231386
67,0.8558021459836462,0.42104097576394356,-0.9252016354312834,1.5156308447594606,-1.4969271280698329,1.0,3.549882187251926,2.147173922015634
67,0.353640688625584,2.352030851771713,-0.9798014737115194,1.8175031998141231,0.3449453710059363,0.0,3.2924216019761263,4.333120540190899
67,-0.020162745405286574,-1.6145803348660983,1.48642250895025,1.1386205590770808,-0.5891319860826828,0.0,-0.7931875737482682,1.317412117829793
67,-0.22224312996753684,-0.07591309244827599,-2.7441337060015925,-0.5956510578781986,1.2052054187196557,1.0,-0.9540450929869899,-1.1215441722530923
67,-2.0289623036178805,-0.4769972485878472,0.25369369269305997,-0.006438147729926148,-0.011039944445448131,0.0,-2.2076414441881247,1.8009294404565006
67,1.521711151368508,0.8240090803915838,-0.12481473302594365,0.7941297974295043,0.27454822348198626,1.0,9.270151710155618,4.890916314595372
67,-0.38945847025461855,-0.504416213022915,1.3967544385160449,0.2873390882128131,-0.3739459130699625,0.0,-0.9427984324337053,1.5777502116713873
67,2.1585213911636507,0.9993708193927626,2.1786563023476755,-0.5925756932957388,-1.578486870833248,1.0,10.82812225415248,4.168794182889928
67,-2.253811556063304,-0.5307156562863714,-0.6620328022517991,0.6833452326516661,0.09972557685342949,0.0,-1.4806213103912031,1.6531327313762278
67,-0.29693056878132584,-1.1090250461328917,1.7250751222646765,1.0309441381760556,1.5251165802959072,0.0,-0.11010546429859513,2.6132260498404962
67,-0.697813112421754,-1.0085864465241468,1.537937709305537,0.3461351181802344,-0.37698973258021934,1.0,-1.0667926766493556,1.6369993203372197
67,1.1600989528336534,-0.3663880649940187,-0.7521054413773632,0.5154641179026109,-0.7715559959378802,1.0,3.707981122586698,1.1979624714224346
67,-0.6440071624425229,0.8794957294274498,0.6823324019535563,-1.716101696019978,0.9206780305967328,1.0,5.88834467482767,1.2709011096365177
67,0.4508373989625885,-0.40139592138501523,1.3217069980904106,0.44205092048805994,0.6488255013570657,1.0,2.483899885573515,2.2965696516625154
67,-1.8334009501673427,-0.8009097329339805,-1.0116215020080999,0.8958969686935165,-0.9442501311080383,1.0,1.6097652388880088,1.1517328748347329
67,0.663953708978323,-0.06530175029675091,-0.223657579325629,-1.051517042352214,-0.6044214588043354,1.0,2.3754508504982086,1.2912633310246735
67,-0.6971352268294793,-1.1965897974305846,-0.9038439516387872,-0.5079821580518484,2.2264870267799006,0.0,0.11942049759789986,1.9132471587584832
68,-0.035734597798305824,-1.130742883982278,0.1618633756618842,1.055821618705308,0.8462496961393812,1.0,4.710588840201294,2.4760639465047034
68,-0.16927903333864947,1.2747681149631083,0.35715938928288876,-1.0689888307758968,0.37012413740474476,0.0,2.428325027099978,2.102994094925198
68,-0.21969199023380032,-0.45398463311778803,0.5113156482306975,-0.03253765447004226,-0.21188395243889246,0.0,-1.2838206528215088,1.7684469795403732
68,0.5925077476859024,0.5351719446840458,0.32103015882721814,0.9354360212707447,0.21302858754585138,1.0,6.049749511640976,3.564591614519718
68,0.2323516819843607,-0.061803421654563755,0.5404093038146164,0.41869002319348697,-0.01569981172737536,1.0,3.4572478164992377,2.40011193053272
68,-0.12641882836941126,0.8015279008662685,-1.7839351366824618,-1.1560627887931962,-0.04184802267954486,0.0,-1.6857996500220285,-0.46622537698698485
68,0.12447983354460414,-0.27521637912053554,0.18855094970749192,-0.9472476222310386,-0.7378200092805188,0.0,0.6269412158448165,1.1243913673269152
68,0.8752324377185596,0.17183254704601897,-0.0680917820451285,-0.7277337329809428,0.7079628198470383,0.0,2.2921577489920684,2.6276772140040703
68,-0.8090035006771625,-0.38658367819326545,-0.7241977535115265,-0.6735751511697685,-0.33246549955429294,0.0,-1.8724449055133587,0.5988659365324687
68,0.36262277108490665,-0.18864219426131942,-2.1140731677351834,-1.6287875585710359,0.6547157588194964,0.0,3.606286730551714,-1.0424319517902567
68,-1.3914258468350607,2.085067881117345,-1.2067659139449753,-1.0490810511850157,-1.5626645195838853,0.0,-5.611176597157753,-3.107608654968538
68,1.004081936364969,1.151057522521127,-0.8161685018567374,-0.6310202707180833,-1.902704424643959,0.0,-1.6216470245866612,2.243396773610095
68,0.3474759293525273,0.3680893985998248,0.5636164789873317,-0.6723194287445248,0.40157562691904386,0.0,1.0472046437083506,2.4774497593131644
68,-0.9798047929127452,-1.7034814493355495,-0.8854594523062895,-0.11512106587721349,0.2044576570105242,1.0,0.6905615768876774,1.5623085946189283
68,-0.6927082942144462,-0.20313493280514933,0.10831038660681822,-0.9857082029183641,0.5570430916681587,0.0,-0.17910871085226257,1.5267544389538235
68,-0.8534544181569664,-1.9509242781774672,0.772622623343187,-1.57531703079161,-0.011329378638420757,0.0,-3.54629972873167,1.5719062057182531
68,2.2220049929962893,-0.7550883665053625,0.3624902789468751,-0.7189249916885793,-1.780880829342938,0.0,-1.0688886159567046,-0.07799291682271936
68,0.09350217950423818,-2.0075433214813243,2.087829808685358,-1.0519865342704124,1.2838841106470706,0.0,-0.8538018749075018,0.5208298915555487
68,-0.13944186921821905,0.9865612003163815,0.9828480352395762,-0.36398044273998303,0.7344599186025477,1.0,4.052728430019151,2.5173104883278565
68,-0.40262458158680553,-0.1597741705946187,1.3431826102163558,-0.06424235047299329,0.35332590802424946,0.0,0.2567699774765747,1.824916149049535
68,0.543506625715964,0.9514218362714582,0.20549581479390894,0.6770650189012414,-1.2307646896487874,1.0,4.507956351409016,3.0694263074530754
68,-0.21871445842116796,-0.9222497884327873,0.4541262844303676,1.0635551295809698,1.1330351680882522,0.0,0.18582475713613777,2.8552301809677445
68,-0.6263238156633443,-0.12603432142004634,2.1458558418264277,-0.09271696055020531,0.04061315086552536,1.0,-0.7570913303766662,1.205750510348712
68,-0.0761594314079378,-0.16847594045316072,0.8263789716397099,-0.9398514964257008,1.2119318683501994,1.0,4.53872921547739,2.1172864179082835
68,-0.25693467023666816,-0.2196818354399363,0.1326841805986186,1.0157570606626816,-1.4469682197880862,1.0,2.4589482133365963,1.660082498513077
68,0.3401620518417221,1.6239525471970289,1.3779146339395782,-2.4075006087824655,0.8390103602356577,1.0,12.26419309733757,2.630864464255957
68,-0.002465353463788374,0.45641651906188235,-0.14675045918972981,-0.46491476194114906,-0.7870396746586332,0.0,-0.2615830319024438,1.5157493687824348
68,0.1974418009045576,0.5030256881106797,1.6605337062361616,-2.137896567593592,-0.012023183601095146,1.0,6.291149427128689,1.115242031351824
68,0.973881553526533,-0.5762217038269304,-1.384845102493885,-0.42409375196273014,0.7750109272274751,0.0,1.604266229630904,0.30557571615158874
68,-0.6034787197986929,-1.3416523184818065,0.8597090379675615,-0.9875580396517392,-0.060222930879245636,0.0,-1.455830216803528,1.3957150821063762
68,1.1629715869981483,-0.49700188913300897,-0.051484205260205994,0.05785609054184553,0.3560524130542168,1.0,2.810320663143461,1.9348729033747518
68,-0.9095972442145828,-0.9843435678366328,-0.3438564283344865,0.5531454877076739,-1.1190150064096502,1.0,1.6865507793366576,1.43498440643186
68,1.9120653523997753,-0.37540365433914535,1.4896289561533829,-1.7130355806611048,0.034712017958998934,1.0,5.259686945029318,1.0372655014300047
68,2.397323682179305,-2.703405559283007,0.1727843728612758,0.4531031329768872,0.3574402741878472,0.0,0.302767867787495,-4.157205338051226
68,-0.413922564856286,-0.7572647910252295,1.283014284293564,0.8018717943595836,0.3916699876031742,0.0,-0.25248012484005655,2.2499595190748893
68,-1.435286198635671,0.1433402787393587,0.5055941392611507,1.154908564007552,-1.6312344277530357,1.0,1.0137905412377903,1.0378137250055355
68,0.11872046502650913,1.660527864785651,-0.9876706249918533,-0.42978352929748126,-0.38451935882122196,0.0,-1.278020331069178,1.7364118368972141
68,0.6888194513879881,0.9322957166586563,0.8536928889643257,-0.09948261439195255,-1.7701152376115143,0.0,2.593451128854637,2.601992783426095
68,0.8375848439849819,1.2208891421363983,-0.6221153811693108,-0.2847220912949696,-2.177466772534615,0.0,-0.9733869465338307,2.322330637956184
68,0.5011854792836911,-0.6695360656580507,-1.1433341861196564,-0.7982957223035341,0.5223301033888921,1.0,1.3157580109639275,0.2851756855574982
68,1.5228915415639444,0.26246680157863544,-1.9280022911344779,1.7206933030871816,-0.18121142596154138,1.0,5.474383729358829,1.7484695040920903
68,-0.49421750720726093,1.1603372058089536,0.2286457743324819,-0.46196306397370485,-1.5559220409598278,0.0,-0.5256117490009431,0.8389554577340931
68,0.33321378807002944,1.7351045381787733,-1.3121812557640862,-2.547930592734161,0.89630589485031,1.0,5.050416579253574,1.3861588664643842
68,-1.9210111592882546,-2.181739090070209,-0.14185108957362894,0.17639382880584606,0.1370532216665674,0.0,-1.0831209262319152,4.215523987502782
68,-2.2975892385039733,0.7188447440742126,2.362981944676166,-0.9408249084102942,-0.8076374395751491,0.0,1.5841247715057452,-1.8456123084583014
68,-0.21445488783623864,-1.0748088342231004,-0.9634784749168401,0.08410007765275505,-1.10133780262994,1.0,-1.2185167183017724,0.166175031776977
68,1.4710380067806055,-0.23969171443616732,-1.6337095062998195,0.35649137093589944,1.2284314880815925,0.0,1.1800458064034278,1.1758125154094852
68,0.8943793102504045,0.9000943361501728,-0.3471791937330659,1.2614796455696236,2.6183476225077573,1.0,11.110005236821687,5.408922834480142
68,0.3158529988102021,1.2128094961736198,-1.5720448572268193,1.287243747148819,0.38181206150231173,1.0,2.8341886406795864,2.194657709448446
68,0.5395703087021484,-0.8815190172741751,1.6187111310826499,0.230417368253836,0.9869855609568391,1.0,3.9470978170068625,1.7235447152196164
69,1.3257878203450602,-0.6858341855833339,0.9431479052018272,0.386637494654437,0.3314950576157954,1.0,4.888962592037869,1.8285894267857872
69,0.12773576421337246,-0.2684183483306152,1.6745217977135696,0.07124524882569139,-0.06580587060994252,1.0,2.2647662081955313,1.6318130986991257
69,0.7636254201642001,-0.047137112648948175,0.417121611151797,0.13631071297460917,-1.4861015111333435,0.0,0.42522562519866447,1.7701733121105252
69,-0.538885094880282,0.34493478160885044,-0.021396690327558483,0.33872470287897083,0.10960873827545473,0.0,-1.0352149002809978,1.9303841058175384
69,-0.8652823395879788,-1.2104013419800996,1.595876710004356,0.10374601041609725,0.38878101534277487,0.0,-4.5171943848899625,2.028621178201664
69,-0.49038087860933816,0.2689200839049727,-1.0112605873891602,2.6913336403266803,-0.19977449549593684,1.0,8.716666334197555,2.0283384078758955
69,-0.9010435249554454,2.8842627348609335,-1.9374459293895163,-0.5582081101898302,0.4835602052781589,0.0,-6.934639626999572,-1.971773314809655
69,-0.5776139010800847,-0.5043575379649927,-1.6383180776387787,0.42518848129151693,-0.16312235294764998,1.0,-2.5592787004403337,-0.005258224285887458
69,0.07741901812017168,-0.014273815081807428,-0.13815902595100224,-0.5701568385746488,1.3325892772845804,1.0,2.2580255685306425,2.333075456458138
69,-1.0351577078706287,-1.908951130583752,1.4136177097363791,1.0263833875906956,-0.36266293416555856,0.0,-4.724169573036416,2.699212369116463
69,1.449044287841348,-1.8622996646739065,0.3464997631542275,0.5313361226512135,-0.3011218253556195,0.0,-1.4568155455948584,-0.676258170030088
69,1.2908548389687282,0.9214274347161587,1.207864206910459,-0.4868941179718213,0.6901867232797226,1.0,7.329714166898931,4.356165482535716
69,-0.606999238897425,0.48352430845666455,0.764424848781761,-1.9895500541560642,0.020061395573778826,1.0,3.0566206651255436,0.7640122942545531
69,0.01451076411929874,0.005185741483233797,1.4490123433047153,-0.8990464864659774,0.28220887036814896,0.0,1.4620979428735872,1.5474940355430595
69,-0.9822796261196227,0.35420708930878914,0.13096563208019799,1.5944289466902914,0.5618154048740645,1.0,5.13948791127303,2.4730745687205573
69,1.3548731014768463,-0.5670301129855152,-0.9868772433855105,-0.49984050071932234,-1.3573309800191222,0.0,0.36786424184272737,-0.24505882893699338
69,1.0375486004540861,1.635529942722549,-0.4738378126012052,0.6065846668487037,-1.2227913133871275,1.0,5.740615691093138,4.37828247900017
69,-1.6308479353505114,-1.0577475696779919,-0.8070216687799994,-2.196170928627584,-0.12253644692463099,1.0,2.434170131650112,0.5095157042364695
69,0.9966433492212371,-0.7009246899220608,1.9352591764660114,-0.012930893719596347,0.754336580243282,0.0,-0.14604227813687776,1.4311723525085192
69,-0.12149385566718496,-0.7879237369036936,0.061759689820970146,-0.3241026961235958,-0.3955842700491061,0.0,1.6927588085236824,1.3101489347769426
69,-0.25429395213337647,1.0298689023389505,-0.4228702145412048,0.9465335449052712,0.47541165434976035,0.0,1.3540279374649211,2.5373503549714
69,1.537802133085449,0.16639247714782182,0.9215944883308924,-1.047444325508054,-0.765995588235708,1.0,6.425931047880321,2.2666041082629946
69,-0.08980518150975696,0.4832281340839665,-0.3926087471895636,-1.6299344926877217,-1.0403359922553075,1.0,2.3720030336794875,0.5457895681904651
69,-0.5442131251261193,1.081527247837083,1.34669041113584,-0.7655980274924767,-0.07649840225707528,0.0,2.5573488948771446,1.154607453521109
69,-0.5713383363318741,-0.4613612203752149,-0.2208343914148871,-0.08824837935096469,-1.0884877948798348,0.0,-2.585988114539071,1.024173311634302
69,-3.1088203394922744,1.011844731287668,-0.8530487435099571,-1.529502387611626,0.4283566445633474,1.0,-3.4899078489930515,-3.5135389074582255
69,-0.0779708879296991,0.28114311133232317,0.6169389179327306,-0.5415671003900605,0.2786537676792733,1.0,3.1911058788436395,2.072331163373141
69,1.3747352966801347,-0.260939757922573,1.482700716384115,1.9045832979945412,-0.19063474693860544,1.0,9.151532414929045,2.8844810129226293
69,0.8208006275135852,1.187401106932113,-0.16832860287592705,0.6868953957323144,0.9898961199174963,1.0,6.2639529079108875,4.71881805831069
69,-0.8806542864167262,0.5332033497136787,-0.9859025876650952,0.32864979221877283,-0.8275232653366422,0.0,-1.1371266808726679,0.16642947404099473
69,1.5406466625271786,-1.0527237616957883,0.44190075260689643,0.7645122334261533,0.8787847404491896,0.0,1.686662600481335,1.5686253874257305
69,-0.8710895660376122,-1.5640683362026453,-1.2660810923750292,0.1135036104430247,-1.2386189163589787,0.0,-2.4288481500530583,0.24928799822683678
69,-0.09384493213447316,-1.0154391878990578,-1.0770171513725775,-0.2515505951451275,0.026466354262317394,1.0,-0.5274908943944475,0.363558075643313
69,1.869819281457703,0.34513539425688966,-0.6346968683735108,-0.3178525194133962,-0.03208239764049375,1.0,3.843550395984332,3.065753730385538
69,0.219074418599044,1.0049927812913466,-0.7565272569648297,-1.6000746616870254,1.1154120654187274,0.0,2.3345012851690194,1.938830964932143
69,0.4993986304480171,1.1494367494838746,0.9791976535193146,1.3143300955681199,-1.522669851109855,1.0,9.132240057519105,3.3415624914763855
69,1.5147955867229224,-0.2828404079566131,-0.1355412191665176,1.4022302978571402,1.2467825462676174,1.0,8.302108634230425,3.435096343368339
69,-0.30775265508237537,-0.01862093905720107,1.012401767889385,0.39510118757109813,-2.3305043910792826,0.0,-1.0489732977917412,0.9108684243378293
69,-1.8215289819949847,0.29158272666125473,-0.8525625119287841,1.417432975759964,-0.0557369630679116,0.0,0.7249315612312428,0.6165230515663265
69,0.20395505094980163,-1.3381289497290323,0.9762930423673288,0.6373241809432897,0.0966862811220532,1.0,2.8471733282701432,1.5752439758211898
69,1.4845237658432149,-0.714776089788011,2.191031321964856,-0.012749367816595386,-0.8294175379293818,0.0,0.8058729372307433,0.41697755159163474
69,-0.06356463502839478,-0.7828592663649155,-0.2404753961545898,0.9641373945715783,0.5289400393823146,0.0,1.4633906024206487,2.2240760939279065
69,-1.6190443047889285,-0.2805545949702249,-0.9332619939584464,0.18355694972923037,-1.8813767251356923,0.0,-1.8805551026589002,-0.2158940885273306
69,-0.15576445760240826,1.6218374153980841,-0.35369986504306106,2.942003632934817,-0.2377700630324345,1.0,12.370630750062254,3.5937763165996115
69,-0.6996917970062535,1.143954250138198,-0.3072717942592914,0.9900957292622717,-0.6786206695260114,1.0,1.892964785589742,1.3769797417508705
69,0.019510723985460172,0.31635236866163646,0.5233822049774169,1.459312785104549,0.14973704265531018,1.0,7.29576090991718,3.1064534952238003
69,-0.4223550566663195,-0.8288790799139949,-0.813583756937203,-2.899303188902581,-0.843564346371891,1.0,4.476537614020382,-0.8668631020247848
69,0.48831156639386775,-0.2052675079231309,0.08346278411337094,0.3631665330687594,-0.8959548164916684,1.0,1.5000097905284777,1.813143784524073
69,0.38129935902644935,-0.09897360535077213,0.12151565933835796,-0.3571479696716816,0.2589873149247336,1.0,1.6349477202784795,2.107727859499888
69,0.9412621143255735,0.48973340837622664,-1.3207638294642288,-0.615188297978221,1.4551339470246802,1.0,2.818146557807384,2.183491620757327
70,0.8715315870721935,-0.5529623778573121,-1.6758823990258827,-0.9374245807973379,-1.0360410831372846,1.0,-0.5497440626460619,-1.2522063722721324
70,0.2069067217360846,-1.0350752359000766,-1.4350922526658876,1.3058195586037844,-0.19997849936920598,1.0,3.961206578178709,0.3424140679738902
70,-1.0562927021334811,0.8952756572387057,-1.769106455675374,2.0147148531353203,2.5827436309896425,0.0,3.141884995276141,1.1909814869265967
70,0.15968078291895146,-1.7127862608244633,-0.19405689260217152,-0.6037497949631054,-0.041324700352610426,0.0,0.5988601210037529,0.5116124918649289
70,-1.1651386494770577,-0.3104164765491339,-0.06188131286529178,-0.22619223316017134,1.550947412691678,1.0,3.0882000187546055,2.2534235670427236
70,0.79693772688543,1.4652979300978095,1.401749423813654,2.130552328274112,-0.19281966173837498,1.0,19.259450712477435,5.136852989752425
70,-1.6545963902677494,0.5055764222706314,2.7378183028205942,1.1159840693932737,0.5501731542250888,1.0,5.611106412315213,0.8713682204371094
70,-0.5345023512799589,-2.2181543186075254,0.11070145996175251,1.393326507664148,-1.2139921044690143,0.0,-1.3214042345441415,1.9481771437764337
70,0.6057324618426094,0.5575481413310864,-0.2567102059812212,0.33769671437156085,0.08488146259336447,0.0,1.2810835124198623,2.9695297845025976
70,0.4430845259323465,-1.5189045063292053,-1.360768470173262,0.9321357067160541,-0.3810129118685198,0.0,1.0868145055562415,-0.40724876658232123
70,0.3358447734318457,-0.7805712138544582,0.47449131562324065,-0.19906792245772145,-0.5003655224307865,0.0,-0.7061466519573085,1.2925402001711968
70,-0.40761891389888066,-1.8709759953310379,0.5086109031125178,-0.0298459233496906,-2.1509395879046793,0.0,-3.368908049141,0.6606822353642086
70,0.024391617018219344,1.3574666052927915,0.4621039555162274,1.6096663398987539,0.11635627131832176,1.0,9.237884961483902,3.71321966797438
70,0.882302642901107,1.9042274521694715,1.5540403641274139,1.1469446440542284,-2.0486584166973905,1.0,11.816162506718037,4.416288435616144
70,0.5301703162562983,-0.2013231989680126,0.06045656516477807,0.17931345238967297,1.443454468239172,1.0,3.7307200067064894,2.897473275895687
70,-1.406862706725848,-0.02730633019533189,0.09246101227309214,0.1373246741802238,-1.832431141362777,1.0,-0.7303900298124908,0.5157375366837613
70,1.3275278917087983,-0.33324770036978957,1.253983537866664,-0.4330779833974124,-0.07559787038826044,0.0,2.874553813583854,1.7389378749936997
70,0.4585924832340817,-0.2947224555998783,0.3184140910843763,-1.638656123256162,0.022467508260930344,0.0,0.08429596992468635,1.247623347155524
70,0.3036778704428827,-0.6296955875837027,1.1014950647923534,0.687879584319802,0.688975151276166,1.0,2.9201841735097336,2.337204628791108
70,-0.30275506152828513,0.8802084353297035,0.21925966007179135,-1.1887454834279032,-1.3470618467724518,0.0,2.0476390426704305,0.8400240388135489
70,-0.890925834065569,0.5224984269396927,0.8310257488129711,-0.5779085370199716,-0.8983265530693045,0.0,-0.7716147596553531,0.701792751916928
70,2.3190997593609795,-0.09028560276967022,-1.164959325186136,0.5972627114749793,-0.1663913350813649,1.0,3.6064809207598274,1.9327696966893035
70,2.5700664206968495,-0.31930746261132237,-1.112997663813335,-0.6150718876737481,0.3352636520189026,1.0,1.7455207137887185,1.0503096611385185
70,-1.4546203479752868,0.9703028628303664,-0.4150120170328807,1.7791697222644454,-0.5624864901035875,0.0,0.40251241805698856,0.6623660523017095
70,-0.39862887185889095,-2.294653801071664,-1.9778851101750696,0.6645142969742831,-0.8537907459851342,0.0,2.091259742374184,-0.9114445652621911
70,0.2169109915884637,-0.1785363995966375,-0.8059854100454237,0.9436653927854209,-0.8146040279169121,1.0,2.302745770295132,1.334399350799556
70,-1.9587631275862694,0.1044738451644698,0.6994745840899855,0.14632882956505855,-0.7400180097116268,1.0,-1.5644128321387372,0.6862891089749077
70,-1.366965775930063,-1.0745243954019725,0.4950951885073843,0.6633733250914057,-0.03671300935524326,1.0,1.912215132812562,2.6888942286679893
70,0.8561244199316768,-0.17827428579267682,0.9053764354010279,-0.8982939444533927,1.743867065556168,1.0,5.6191506310336266,2.6791643737160844
70,0.7658758217643477,0.5482275722899053,-1.0214099744477454,-1.3428400055457794,-0.9988566061535074,1.0,2.693491334440923,0.9175366272741015
70,-0.6411618129480239,0.541889362053713,1.8289523304349322,-0.6649871528516766,-0.697920562482431,1.0,0.6840987780711502,0.5806492200898525
70,0.2530137518505642,0.3188708213062557,0.3784823677999088,1.8951515595864048,0.7907063918787168,1.0,9.58613004606978,3.8280176358202995
70,1.6641954706826576,-1.5694706054718166,0.8522479185930275,0.2168289157570566,-0.21657649364099035,1.0,-1.0671396218676812,-0.4800006074120591
70,0.4457648144243741,0.19398576102231452,1.7612067798275999,-0.08103652452493902,1.1638908050991374,1.0,5.2651271488620806,2.6391158990144006
70,-1.4836655682526183,-0.6718842751923866,1.0984163532494728,-0.4478746084180702,-0.44270405195844653,0.0,-1.7962217176580344,1.4780023993476024
70,-0.9812662949442655,-0.22357676031920845,2.4982136638237935,1.1809269143468242,0.9609295197591127,1.0,4.576914287281789,2.136928595116234
70,1.1609927495138546,-1.5004592854798404,-0.9325849463383955,-1.367498875872449,0.26796830500724095,1.0,1.2591698025087967,-1.3320535352501939
70,-0.2419891216372845,0.0966160451819255,0.0008587219494706232,-0.7032845227755574,-2.390066937480138,1.0,-0.22997836963034946,0.35768669200789516
70,-0.5293174103466591,-1.1569429402840117,-0.2752411342229945,-0.6550094027083171,-0.7363974524832657,0.0,-3.4142693184196014,0.8982955614361319
70,-0.22306540174514503,1.5950764423840842,-0.39927906357994986,0.7504936952093093,-0.9758047404981953,1.0,3.2132755193961335,1.9392455989341975
70,0.07918407422517285,-0.5289081263084936,0.1707130353774745,0.2875489117998251,1.345207004078869,1.0,3.2616258294993012,2.620455232628947
70,-0.8672872913908194,1.129380390198546,-0.08952978847293015,-0.15504918372562682,-1.1196939845861766,0.0,-1.947475267562676,0.465407696284584
70,1.5643544291950688,-0.8342568002352696,0.900258675293847,-1.2321993898709958,-0.26588092686267756,0.0,1.9069259406459182,0.38247199338336957
70,1.1288298366342877,1.6429941645455555,0.2026647526074688,-0.045072789016673234,2.0292746987891572,0.0,4.842763086976671,6.313539860306982
70,1.3237177158650242,-0.1998540613970047,-1.6005851833799045,-0.11967859843753602,1.0992923152262355,0.0,0.3115687911259517,0.9571112811517561
70,-1.3392040206492923,0.5777544901363464,-0.42816711383086414,0.1711128198040227,-2.0155446740510534,0.0,-2.187926224251629,-0.3810270862809717
70,0.24989189792175978,1.5336239192518504,-1.1083071519927907,-1.823170964708722,-0.10225903252581692,1.0,3.4494298005100235,1.2043066864650582
70,-2.6120519599685386,0.36279026180072976,-1.3555006500335027,1.2962368115242313,-0.9592887518692342,1.0,-2.7865997721167526,-1.3678978704804043
70,1.640097515488816,0.27853565836320066,-2.1138275307878196,-0.6900652159023852,-2.038144323560628,0.0,1.904014419752577,-0.5216098226045811
70,1.7019099972304719,-1.5604573207518695,0.12574894624441618,1.0597375457365628,0.5986595523430378,0.0,1.9519062992036882,0.29914546025496014
71,0.006985759270328341,-0.9534637378983574,-0.5328326250051678,0.5295807701232941,-0.42454203063654944,0.0,1.4896217134941279,1.1675750243493104
71,-0.7311578845813541,-0.8149692192190077,-0.3086000010588036,0.0018109977006929717,-1.9290381631482652,0.0,-1.0508492379808465,0.6576537533986082
71,0.29240542149140314,-1.0551830430069555,0.21686632218113872,0.7516796863635351,-0.1139640328163092,1.0,1.4653444427176847,1.7139374525843487
71,-2.581731679121355,-1.2251907400600872,0.6381050301544212,-1.468787501200898,-0.9223954216404279,0.0,-2.5081664880766725,2.1863395750787014
71,1.2112052924841483,0.6612977960938606,-0.6706220549147087,-2.454979227410048,0.996109789443613,1.0,8.608175122535746,2.4559084152551804
71,0.3726322897411383,-1.2111930198810519,0.008682088404657952,0.857199734127663,-0.21679957397790184,0.0,0.916409126324037,1.4538934417977063
71,0.4355410482782788,-0.9052076207568993,-1.3328484414903972,-0.6725436146557081,-0.7201128214474396,0.0,0.2144188674059353,-0.7561319706998367
71,1.4422241677031762,0.04536753183940543,0.09064777914779167,-1.0575298773858304,-1.2655203703129814,1.0,1.806153920614088,1.6889190689499243
71,-1.490968241343404,0.6602515678840627,-2.1074487861453695,-0.5618193434966604,2.177499540260853,0.0,-2.919586612381469,-1.1569186520632913
71,-0.2337609623751338,0.6105468164706951,-1.746837674257313,0.12222397981923556,-0.3955968454113265,0.0,-1.163273422093764,-0.13956783975909282
71,-1.8168491244628886,1.0387640262786302,-0.3346974958543917,-1.7628096931427455,1.0539423335057794,1.0,-0.19480898594881427,-0.853592768048628
71,0.22421868826677038,0.5946001069633743,1.2678389508397967,-0.774915184642519,-0.8129833834617728,1.0,3.753301966489723,1.6810442443947409
71,-0.98644047764001,0.19469497947323108,1.4807501096956697,-0.15430056271934098,0.510716617618629,1.0,0.6092102164882309,1.420579903816694
71,1.2033724245003654,0.4469707015857224,-0.4978651516194543,-1.2171503683772489,-0.8802079661649794,1.0,2.855751748790172,1.9440360989330925
71,0.9748016371311863,-0.187142122541851,-0.21026545549582665,-0.8788634264242925,0.417826948320473,0.0,0.9917952219919095,1.8537278865043012
71,-0.38471836154586914,-0.6643013325610179,2.1772862827503423,1.366392088555877,0.5631530241123119,0.0,1.6444072820001254,2.214487834504127
71,-0.00575225566852837,2.245992944621978,0.05788524308731881,-0.19110396154044196,-1.7493516892160341,1.0,2.3969960138342623,2.1642407320590706
71,-1.643440289340105,1.0497419740161795,1.7870608229274028,-0.166320880357167,0.60875789812476,1.0,0.7012185123242306,-0.12187113110169268
71,-0.7693176890969677,-0.42996474343998703,-0.3132378045755468,-0.500517345325371,-1.5601408646161061,0.0,-3.3193609168830833,0.49553111881977174
71,0.4566547025735614,1.5550621170314638,0.9368671088051467,-0.7539611220978496,-0.12810103594989936,0.0,3.6934496696376184,3.335702431887671
71,1.2475785716509997,-0.6517250376093018,-1.0149938239592098,-1.0026398231763443,-1.367776448679271,0.0,1.0619630073684159,-0.6802312944514879
71,-0.34946411504124797,0.11328643844232339,-1.0609881142412891,1.0037584529925776,0.1372308661362706,0.0,0.4324385049787458,1.3703320756531836
71,1.8070462493787178,-1.0603157302430983,-0.4158379399623877,-0.2691061682974205,0.09797082065164742,0.0,1.88791289414162,0.07861720257833316
71,0.11363638976034328,0.30585564817043615,-0.20598975749392884,0.222574620407206,-2.746092038228331,1.0,-0.9191033715407637,0.8586077858303571
71,-0.9446739663126055,-1.503719413280718,0.3488506036353937,-2.3009485351944083,-1.0345290321416443,1.0,1.1637918352988699,0.6427806284638726
71,0.8814217075412643,-1.662260464961742,-0.07614208100334129,-0.26993813894590146,-0.8605281383391759,1.0,-0.28344117189572615,-0.46177342326487125
71,-1.7032132539006137,0.22287615399576124,0.7435564964857644,-0.03902561581706715,-0.24796124640300396,1.0,0.9423099997958675,0.8445764385967829
71,-1.0583849682343736,0.4659134959234195,1.8433950835017672,0.7425988041973592,-1.1308684182148991,0.0,-0.3524260984872193,0.6689760187430001
71,-0.6074918876911378,-0.3139601023610483,0.9248355191835398,1.6581347734230973,-0.9463858041872583,1.0,3.456654111445704,2.1502604064623076
71,-0.8044964814167088,0.833868793838323,0.22747775298056513,-0.9560557826822379,-1.8095859758385686,0.0,-1.7898579177171696,0.04899795575975929
71,0.0319560060780631,-1.1570599679664726,0.0489300702275106,-0.2653268058142581,1.6071194650663292,0.0,-0.8040523711971101,2.094637531353052
71,0.9237352243217202,-0.8726957493084369,-0.009047030325446551,-0.17245998503734727,-1.4724055616345924,0.0,-0.9607517804756751,0.39238272115618655
71,-0.1313805968923994,0.022495462677648397,0.12226900052842972,-1.5872796673590654,-0.585577180670889,1.0,3.06391819620594,0.909842495184518
71,0.6838924265117443,0.0627848130899482,0.4533977498885918,0.5471499073245624,-0.18347383309593415,1.0,4.210146626891538,2.7237775934401265
71,0.3467074976506603,1.6753636015788267,0.44130188299063833,0.05340094934122317,-2.160474690561176,0.0,2.305892857538278,2.6632071157590933
71,0.5830968816560052,-1.0697969734354418,-0.7082467169526416,0.12839189267236195,-1.5748604549629897,0.0,0.47944006881940116,-0.18499940582362773
71,-0.2052644787235209,1.0974326486919137,-0.8515917460851434,-2.08182181597119,-0.08462927342202593,1.0,1.8937534060013896,0.3705851893385108
71,1.2790956082361604,0.8773733973180354,0.5297258295337993,1.020618271610853,1.3754686695172218,1.0,11.2235618570845,5.526330987797273
71,-0.16671287724679465,2.6551025902258987,-0.11882166746179454,0.3414151125071634,0.012829463869316104,0.0,1.4510909210149034,2.912215526113992
71,1.3032479856058936,0.16758977887570317,0.19098587871625827,1.2715011986048705,-1.281748962596364,1.0,6.170853532892297,3.0260165472807476
71,0.18503234079465233,0.994420683261853,-1.1259964245167853,0.5627007748803693,-0.07261377929183792,1.0,0.32336321328972883,1.8860490456693273
71,-0.26496230427092776,0.4189930747341514,0.6164593742508594,0.705950513155409,-2.274339835338925,0.0,-0.010168912186406642,1.3059636197276787
71,0.9503313619484439,1.8773275738613766,1.3109220455399715,-0.6894550881975396,-1.5440043692968142,1.0,7.99837855907826,3.9936030885443348
71,-0.7949770636672272,-1.2333934889402185,0.23944343832723722,-0.6823193284985296,1.2436375253710679,0.0,-0.5509632927510549,2.338185196055464
71,-1.311957116829034,1.1237995769820386,1.7333271388453484,-0.5762126160420069,1.1185902842718203,1.0,2.671036339614867,0.4075806002676816
71,-0.3282674440511441,-0.6560807198379959,0.6038597094838861,-0.6196594716278955,0.18909146140081834,0.0,-0.406217765566195,1.63299182543536
71,0.0953120210071759,-0.0886054842306283,-0.3412224168429632,0.20366853703069962,-0.8522625480716495,1.0,-1.6960433288193437,1.4423461876830617
71,0.1561703976064612,-0.05580847370976192,-1.624486241547813,0.5859993240782159,-0.3693746654742142,0.0,-1.3497691157693046,0.28387041496381893
71,-2.1654634706725306,1.017068620975755,1.2154933923150077,-0.9108546221343399,0.7214537466988208,0.0,1.2552832965356233,-0.9157017175651383
71,1.5946660908691452,-1.0623360714459646,1.669223552270184,-1.7639626654256324,-1.1630016406422332,0.0,0.8527105626795863,-1.1550450540432085
72,0.8389595736985712,0.4690996457328023,-1.0019069347410654,0.36488616810695645,-1.5306898147930004,1.0,0.8953034668644634,1.5024266520170146
72,-3.659886376937524,1.2390890326905022,-0.1500609688072176,1.033358326563866,1.165350640808635,0.0,1.0147924938507014,-2.732237778363902
72,-1.098515025947525,-0.797921021113222,0.03553810860474567,0.03328856872446382,0.8056199846641618,0.0,-2.757657190482284,2.3649021265550463
72,0.8830296368431259,1.1416284607145941,-0.3292984744272182,-0.24421290840813953,0.479216936892166,0.0,-0.5718700055281571,3.919543026070946
72,-0.2962527436905903,-0.09507719505788749,1.4804646457446486,-0.21172593835432188,2.067987253698587,1.0,3.0342236022159814,2.5910737739650855
72,1.0013475366897722,-0.011449825500864465,-0.329172574537865,0.1728520590683926,0.5203728751003855,1.0,4.568314933669311,2.61181992195357
72,0.3668180897719762,-1.0433321648286156,1.0996222621043765,1.673575781675109,0.9689718651532758,1.0,4.2274470792706715,2.604047537087404
72,0.5009095243372989,-0.39396707407707793,0.07181771050174535,-0.3865802870806268,0.17960021512984115,0.0,-1.322182616525853,1.7859704012108018
72,1.6307094154900166,0.2968181330201783,-0.8354596319657188,-1.4154730933446105,-0.9809584094429392,1.0,3.945622427158695,1.5026792192845941
72,-1.7205484036263794,0.001255379592900025,1.4630892903676105,-0.520013287222049,1.5968920371410635,0.0,-1.2178128245368098,1.5156764758913126
72,-0.3162568335238225,-0.11035674827533348,-0.2562153343732666,1.587939374934954,-0.5817735960601569,1.0,3.7046235700116044,2.163925525729694
72,-1.2265351434393175,-0.4326429494000632,1.821460757875668,0.3416502384987092,-1.3937778567335677,0.0,-3.0305952688803153,0.8376816252769904
72,1.2244425065646392,1.1658342553644756,0.10525252224230862,-0.9275528415467904,-0.8953878545935042,1.0,5.856589303306405,3.758257376792315
72,0.23021617105642017,0.4321715939112649,-1.213637441927153,0.4970785956031134,0.09074516684255945,0.0,-0.10359665408009996,1.467393756790576
72,-0.6247777805869359,-0.41225063719226823,0.06774733273753274,-0.6223366814487516,-0.5067608956283659,0.0,0.016752019203693624,1.206081734133516
72,-0.9470753031591033,-0.7444725032721605,-1.7371305457862813,-0.348659774959236,0.7796894224004498,0.0,-2.018363944784692,0.04067888683484744
72,0.5889523391546304,1.8792517319840447,-1.2938522599879967,-1.0659562525447501,0.06969968677505543,0.0,-0.40633848535418815,2.4692547676197703
72,0.2286815916069584,-0.37039862840897203,0.1339937352991669,-0.12245309704845316,1.4177681338097687,0.0,0.14454534840879063,2.550128782738601
72,1.6446268237686053,-0.38692048630258297,-0.9716201728132013,-0.7017083525064166,1.2105845027465534,1.0,5.16725849754574,1.3251036794018034
72,0.14247710790477125,-0.38080863141814303,2.6309372814643344,-0.40861798450757125,-1.37463737106624,1.0,-2.358645306777566,0.37799430623756525
72,1.3411961978972842,-0.05287741161757958,-0.061221745057265915,0.5162781852072917,-0.8003396242241668,1.0,5.139858829128893,2.398725351924126
72,0.49307927647015604,-0.7523027862178148,0.41015609009661497,0.9102566057583055,-1.721499978417702,0.0,0.8201969134389129,1.2159582830059383
72,0.6309189127520501,-0.027701061273234313,0.7550729086155183,0.4256354380685137,-0.1436534176050634,1.0,4.523527982578358,2.5308808446173505
72,-0.9384250409428747,0.573906165485591,0.20079518092002982,-0.9242195589332028,-1.2111793840808924,1.0,0.5877815897661126,0.2917790543235349
72,-1.1456467913582138,-0.027535917169219794,0.764380067802511,0.1902006729160125,-0.07535102707422656,0.0,-1.2358296766971424,1.6063814824835614
72,0.17888544253140837,0.3973793290677881,0.9617400210883887,-0.48409796566737356,-1.5284852470386365,1.0,2.095471022444901,1.4058898750959947
72,0.13279761073592292,-1.840122524700624,-0.14730236309214725,-0.1111425034388987,-0.022978953250891356,1.0,-1.011345985722112,0.7504323678913282
72,0.1891183024290117,-0.17514576110156913,-0.8259615445055117,1.5622326852843933,0.1523388504373237,1.0,5.8919702320143035,2.0960183489173314
72,-0.03289753361632542,-0.3983662078569773,0.11446389522693996,-0.054087326248483406,-0.25507728649685985,0.0,-1.531305305619855,1.6935791940223766
72,1.0880053347288885,0.500295930571251,0.692952984850624,-1.773605449994867,-0.024757368377875906,1.0,7.335309599610232,2.5551333276904016
72,-1.0699533343752359,-1.6435803036929704,0.26832021190646915,-0.09247605632980492,0.10272874868965465,0.0,-3.2097724737073636,2.505291448065427
72,-1.4390071229967762,0.7665192554835972,0.05081624220155757,-1.5379420983536374,1.493019873079284,0.0,0.44535568614138255,0.5623855387349422
72,-0.5653249958696733,1.487172429532578,1.599465582098655,0.6991632846483142,0.04036701724978592,1.0,5.913131264074034,1.7610205831170223
72,-0.11881068780760493,0.23484249710415625,-1.6686913584874914,-0.08054955267091658,-0.49055960441340923,1.0,-1.1508603719408925,-0.18752489652948903
72,1.0993299701545913,-0.1337569082207722,1.0044931861157045,1.4066590016072618,1.1563217727535844,1.0,9.05371132344663,3.6559965121299625
72,0.1285366620466182,0.7087265111041723,1.8537963471232788,1.0382879772898348,-0.16883548938029436,1.0,4.113065398940705,2.592115757658507
72,1.6194823338494466,0.9165980880653404,-0.5554131040685446,-1.9392102347709934,0.26428702206030336,1.0,7.689639755494372,3.4869691487647243
72,-0.7272846863407045,0.8581517252036466,-0.7363629088737565,0.5774052066977918,0.6006783462176208,1.0,1.3606777892516155,1.4030893486722134
72,-1.0772548087671356,-2.8392883287894755,0.36439409862643835,-2.1277163404233104,-0.09861770475484234,0.0,-0.7660929306137075,2.1037353293638534
72,-0.38295364680748833,1.0868923624851987,1.2370251828291094,-0.6642486916381745,1.6380042953453688,0.0,2.6945236838451265,2.3687387348293005
72,0.891400651014782,-0.9903663912219057,-2.780452573779392,-0.09954431859974823,-0.7175874845454021,0.0,2.5308182269407324,-2.666582899237212
72,0.8753895866258666,2.596154369635926,1.3660098681740143,-0.2648152441370691,0.43319623703735716,1.0,14.074058977207898,5.978971994352747
72,1.8126462901966318,0.9085078469856276,-1.0574711465554893,-1.1576369246451619,0.20860628135355222,0.0,3.471993113578219,3.4952061276041437
72,-1.7134894049703824,-0.15877412197278815,-0.8851458805422894,-0.7141458646886955,-0.7542173448643334,0.0,-4.3813068950059435,-0.20765193712314844
72,0.8047698982511028,-0.8206104265950857,-0.6029213927624667,-1.1584215842228167,-1.2853350872362765,0.0,1.1191432994609343,-0.36797931290224506
72,-0.31496099120236193,0.7886786981365704,-0.4227967752856825,-0.4770848577854129,-1.3390280889876456,0.0,-2.135373247309599,0.7809459243072712
72,0.18696525145338275,1.4816359692191092,1.9187156368502978,-2.201559644411802,0.5791315177028783,1.0,9.352448409013627,1.9185162836949081
72,1.0782049439530388,-0.3338117867474875,0.6970680930857033,0.3599548635076488,0.03853719102730235,0.0,1.651213191882408,2.326786817142899
72,-0.5539401325279423,0.01341314478598794,1.6831623428575937,0.13588768156545347,0.10865566634928739,0.0,-0.3244240951470757,1.574029564849508
72,2.2048952640929294,2.1689532975174783,-0.5473611970745661,-0.11602444229874259,0.35657079205065617,1.0,12.27338948336302,8.66973253174437
73,-1.9292519615808017,0.9195413796975808,0.23794311557478637,0.7842453204825902,0.2440751902740006,0.0,-0.5328070097549312,0.3260743582704312
73,-1.582885239554628,-0.16485085706659736,1.2468727682623464,0.6163565820864773,-1.2103626636543896,0.0,-0.00599149122234488,1.0317937939349657
73,-0.23338147949218319,0.4022089237443949,-0.06484114219962049,0.8580412593974339,-0.1589541374802666,1.0,4.400615286724024,2.3055671478639637
73,0.30837890908526233,-0.47099927664889685,0.30068855638831304,0.6090651529033573,-1.0203874852586294,1.0,1.3493646897629192,1.6732594654700466
73,-1.227160723850426,0.13115677177091412,0.5135516254358242,-1.0320098005345755,0.16127716923410423,0.0,0.26364908950522814,0.9834622661945644
73,-0.5401439064499649,-1.1396089589745566,0.04900970922048409,0.6888851859502163,-0.11037995212150829,0.0,-0.1469228375745712,2.088233138310524
73,-0.4101633343260029,-0.8157916574351668,0.2504584067925214,0.6179584970402547,-0.03546098597365975,0.0,-1.4141755163805727,2.1069071976350453
73,-0.7831548964147261,-1.4416485957541054,0.7880548475936099,-0.6383664240127078,1.0524820241159167,0.0,-1.2275209432183982,2.322943363055927
73,-0.17140094414615611,0.09423706114727455,0.4432419626096784,0.4522359215569015,-0.3922865937171835,0.0,0.9223512169743922,2.1002274136789096
73,-1.6752797599227232,4.238039036002574,-0.7512576763745281,0.19674899724561346,-0.20970233844248895,0.0,-4.370891482188165,-4.469795880062228
73,2.142809569555279,-0.600051287793005,-2.0289751960530693,-1.339541882462533,0.06973019545485386,0.0,2.6329130437988346,-1.6061254852934816
73,-0.5958229809918296,-0.044342242029403844,-0.2933760844788023,1.9168021050363402,-0.2378776091397458,0.0,2.1669474991635695,2.356384738504886
73,1.4841532733996599,0.007103394024983814,-0.5750320161389075,0.5438011527205624,1.1212859338148462,1.0,3.7911726412537656,3.1403732849053556
73,-1.877151952924109,0.1893720419652339,-0.8631591239057652,0.6933967538669369,-1.065463494320112,1.0,-1.0374847236152531,-0.16694288815521724
73,2.6903167710619473,0.4662441612788049,2.8308839878567715,1.0368637848766293,-2.161231640233988,1.0,10.029759437401518,3.733765872750904
73,0.2705142974929793,-1.0462474758444766,-0.4899397185943736,-0.4602354797916266,-1.1315576081129801,0.0,-0.9714366530722613,0.1706033336399253
73,0.9223411383461335,1.9052244816919293,-1.627146491687045,-1.1659206832566245,2.816850701740696,0.0,0.8624690450038155,4.126621142871959
73,0.7886751354334546,1.4938729296257174,0.7139380352956389,-1.7646058752806466,0.26474334455330795,1.0,8.43234135334778,3.682281277758106
73,-0.34635897101860136,0.4840735078186739,0.3127173770443766,-0.8613794408319594,1.0795555327732036,1.0,2.587596349994642,2.1181418963183622
73,-0.9187891714667742,0.5939374152263137,-1.4094649713110885,1.432787515755628,0.11270714286949836,1.0,0.7690547938001461,0.5205181153850058
73,-1.5055901111569947,0.43287992833839695,-0.5718158692167403,0.43831110491685626,-0.9614722679808342,0.0,-1.1552775774478046,0.10533633946706389
73,0.39382169129892214,-1.011955640954137,1.737838812666985,-0.26899903025906635,-0.2078028445051014,0.0,-2.030262752438445,0.7566546795489403
73,-0.08986157933269673,0.021133870888363257,-0.30205244256003244,-0.22562571404265466,2.050327859250176,1.0,2.8269661570378224,2.6797898132015354
73,0.7670601132664766,0.303330013556291,0.9266927756458633,-0.027528503041350204,-0.8565675861602308,1.0,4.3595265763646855,2.389647606163547
73,-0.822587337380171,-1.4713019289959106,-0.636812825921068,-0.1504405509004624,1.5467696937593745,0.0,-1.9870458454679965,2.247082908156142
73,-1.4277772048529411,0.3782616637666509,-1.1519211153171807,0.6168895248035632,1.3900404944869391,1.0,1.2796822543852828,0.7694064638251019
73,0.13875263195927892,-1.3890657422099562,0.42514195220194934,-1.301999991439376,1.5887246396086951,1.0,2.0554086306360593,1.4490204112966372
73,1.018199776328936,0.017911873706407073,1.226940826188783,0.4227503356800446,-0.8788820052116925,1.0,5.625413434144811,2.2588176648472382
73,-0.14662300663809222,0.08929867620401773,0.2728872181332456,1.0710569683011675,-0.35450649957836067,1.0,4.480307146493131,2.415960206404213
73,2.313165688260634,0.5152044711150328,0.9501687865524007,-0.11981848050043781,-0.897135463955926,1.0,7.4398740625329225,4.154091593337669
73,-0.39200903324064745,-0.7457484535247416,-1.482529266935845,1.1053690169950208,0.45758190680551103,1.0,-0.1474058586545648,0.8518247039926559
73,1.2953461729756508,0.44801117820183567,1.4946688372794965,0.3301864028440195,0.2384409117691273,1.0,7.06927697448993,3.559710296014413
73,1.29816614361619,0.3233719196642943,4.2100110318595485,0.6189849561100661,-1.3311958528743224,1.0,8.7236018202364,3.497948549784616
73,-1.8619353761739263,-0.848941001201179,0.18645528960822955,1.3674794322885488,-0.9672879135324671,1.0,1.3981489736750743,2.501226012297243
73,0.2139051249100109,1.1477185529947114,-0.1404964085989993,1.0140065600255614,-0.45324035837183496,1.0,6.280698211169159,3.1265962197277855
73,-0.08361885999835784,0.5937516579717425,0.39603820810957324,1.1934184433445583,0.05397088060027655,1.0,6.418343480374695,2.9497278842668875
73,0.6432783287730226,-1.5958024894548584,1.966352684563131,0.11330185417558064,-0.8493259304708967,0.0,-2.1833587157622443,-0.2729645802101497
73,-1.4084321279514365,-0.26047670821395347,-1.924040762981676,-0.5339684348368394,-0.10092175988025007,0.0,-2.345194077767088,-1.0929998646991173
73,3.6358135276165733,-1.007027553771499,0.008997741303945038,-0.6049199557577011,1.0137301056913839,0.0,0.9055723233600519,-0.1381079495448776
73,0.8458175805080212,0.6649530828047565,-1.574447492513957,-0.11448797370653571,0.5731883870163541,0.0,-1.8059667865014353,1.756289642096811
73,-0.3334245974888702,-1.2524190030001354,0.7580658186028307,-1.8009061531368367,0.5588851239633368,1.0,1.9185566114847028,1.1088550495599794
73,-0.23739167982107043,-0.6465678177435397,-1.207823218054797,0.4592748881481884,-1.1979826212255629,1.0,-0.3855505103063997,0.093299791285117
73,0.34308579846871906,0.15925400625835925,0.4006011810122284,0.5625663122855592,-0.8927684580033537,0.0,1.1832988538696352,2.2618339245667385
73,0.9773409740291462,-1.8563572086711266,0.15311820928556735,0.6429008129522701,-0.804671989115721,0.0,-1.2317405571434654,-0.26982827092970396
73,-0.15867672961811527,0.6435866394876264,0.13600433486550453,-0.8178303972195887,-0.09646698892726287,0.0,1.9019547419795326,1.7419518638442837
73,-1.1017285055934234,0.3341033403451405,0.8632583351919864,1.1670192463655729,-0.44339085857525296,0.0,0.28099345936345865,1.6915043090564024
73,-1.0550757042157046,0.8124994352861833,1.3426985815070989,0.9851059986340296,0.13751552167219067,0.0,0.9409023046000611,1.4802484532701436
73,0.48574761925976273,-1.2791373423259147,-0.35740398975786714,-0.4428336972293786,0.13413707516916526,1.0,3.022634766924434,0.5857250903566447
73,-0.07233269413797963,-0.2115801685750218,1.3659133849962073,0.956408296401137,0.09895580085774645,1.0,4.6900209222026366,2.2874390247827603
73,-0.04259075789277691,1.291817496309132,-0.5586931262270426,-0.5934564702713154,0.5919504611616933,1.0,0.5695761254479281,2.1374428959178484
74,-0.9457324048278323,0.6004910565372766,0.04893242782644456,0.9339207270801927,1.7012573822419819,0.0,1.4075484633626498,2.600333791064681
74,-0.5900283219563494,0.1310788868334292,-0.1338362980009811,0.8068372763465521,-1.2918022648323888,0.0,2.970065765938083,1.3748416667956862
74,-0.7923929733796814,-0.3655628139782875,-1.038195076450465,-0.5196598296251468,0.1728985009669155,0.0,-2.1203946192106757,0.5259893144095107
74,-0.7407151778406169,1.1539931601516582,0.468670459256253,-0.447353982138593,0.4048979519356182,0.0,-0.6038316246369027,1.457135587617227
74,-0.5217046201318416,-1.1581348335344244,-2.4181502278811995,0.9761227196589493,-0.19418612726819287,0.0,0.4967961154350622,-0.8033536475098522
74,-0.30788281096699627,-1.5187487637923578,0.09655223815673313,-1.201433867520484,-1.2112298316895644,1.0,-2.0705251483256415,0.39156757325129843
74,1.800827061032866,1.5255553996976399,-0.1439926097834774,0.0002772095459221123,-0.46578092546092154,1.0,9.83995676277897,6.095355478411567
74,-0.9315098227021896,-0.17517653925725118,0.6139761365795886,0.050076471506971594,0.11687451730743922,0.0,-2.2527456237362413,1.8176627941558055
74,-2.001901742964177,-1.989022750198128,0.23455530041625067,-2.7461585831725728,0.14421023831079444,1.0,6.14289776368631,2.7752871319599755
74,0.5263726328483185,2.5250129337662113,0.6694458140653756,-0.29221396764290725,-0.5842557585729038,1.0,8.90086966666496,4.535444220353018
74,0.9480323009222802,2.02967602576557,0.6749159331381802,1.7235753056137624,0.9847274358356406,1.0,15.89517988163566,6.885421415001081
74,-0.7264115567809527,-0.8542771497150452,0.7472551143746681,-0.31583100024143906,-0.887624109378958,0.0,0.045672292934403114,1.3356695739189008
74,1.2216849910094012,-0.4134699767388082,0.29896432931373823,2.452921417123566,1.1714193928007253,1.0,14.068089575005356,3.816272050272141
74,-1.521416138922188,0.14260556012119255,-0.943590857410766,0.2456584988424118,-2.075927896199515,0.0,-3.4952688598056674,-0.7064134146144552
74,0.7872086307223263,1.464598426551999,0.6246465978588084,-0.20401325972190248,1.752071902513823,1.0,8.877584499169219,5.176370514374738
74,-0.5260243951487964,1.1798048671240549,-0.3672491273848416,-0.43469238435094476,-0.44696611427927346,0.0,-0.539642452315128,1.0151488560997988
74,2.133322932229796,-0.8515708617632569,1.2819092232474731,1.0915792582547972,0.39215496092265983,1.0,3.7191528841924955,1.4919077306612945
74,0.35372626991958944,-0.7885958202437663,-1.9624961348462036,-0.09374306738266769,-0.9180886526435219,1.0,-2.884381913857837,-1.365305793551961
74,-0.7446753624636434,2.293418263846802,-0.08430946592286247,1.0805048962892247,-1.669682785386619,0.0,0.9167957853671643,0.7262237579533927
74,0.7912876700323025,0.4212016816213519,-1.2004054113993592,1.0840013214089628,1.4193732600486941,0.0,2.5035480135126535,2.9530008235584777
74,0.6770123643602525,0.2338249149012428,0.26674524217451345,-1.087406137972061,0.1324186054464334,0.0,2.1936454129806475,2.2342337891786235
74,-0.6136076619093085,0.028916620208433146,0.15481019083864453,0.1054211075986227,-1.0592063054621164,1.0,0.5392536195817379,1.2784643316541606
74,-1.1681641466421837,-1.4411700784827384,-1.509407002998664,-0.3479285525161047,-0.2047651135608396,0.0,-0.28989402623916427,0.40915653972174315
74,0.621236103412431,1.9643960174611508,1.4219261595343797,-0.5356356666017402,-0.03711793392330472,1.0,8.350426207471658,4.086076958782968
74,1.04899921721222,0.7981880784474517,0.3110958733867921,-0.8439090889223009,-1.129084635939489,0.0,2.490722452541049,2.8819420840364196
74,-0.5146206814669918,1.0512569780202339,1.6813951858942968,0.10494181717067207,-0.045376628744900276,1.0,3.250385522408394,1.4874262322407077
74,1.372472114321306,-0.3496443878368985,-2.392889484935539,-1.5536518946722164,-0.30936971660243606,0.0,1.0821488619006783,-1.8289910809678291
74,0.8412319268500658,0.23740634596023638,0.19064688021930723,0.2646346760642359,-2.022905252581771,1.0,3.4630815109564836,1.9371029466951886
74,-0.5234560965547087,0.6146417931238171,0.6715200915029705,0.3690800547290634,0.73828308305505,0.0,0.18028946306362192,2.396173274262502
74,-0.22475505729329054,-0.4642908550836131,-1.14303143321083,-0.7907167033462255,1.1655397002420356,1.0,-0.5564103592785179,0.7905626710504842
74,0.24502604095577968,0.09824070391038772,-0.13830512968087177,0.3591523261456365,-0.709627786910049,1.0,2.747454657846379,1.9417656892933024
74,0.6253115682433695,0.6686279067577077,-0.04971493899970777,0.20945827398998307,0.21701306606098178,0.0,0.7667650946546363,3.2522131698997603
74,-1.4997018120085555,-0.03951185929074345,-1.6743782767471274,-0.3962966994463267,0.12846629816762936,0.0,-3.7933836261574414,-0.7848519913872464
74,0.483692167598087,-1.6158148501250922,0.14525163754611403,1.2352819782950182,0.378688267464686,1.0,4.546601790841401,1.5214621279190803
74,2.689891570183547,-0.13171154085782721,0.8283868095536725,0.9634043323603261,-0.03363207108176109,1.0,7.015191905234032,3.479945091879935
74,-0.5166132373680327,-0.3552202091126826,-0.13547329717314255,0.171878637897002,-0.3005506450762579,0.0,0.4936376657193735,1.606359605798882
74,-0.12985486222827383,-0.8149122656720479,0.27630928301492114,-0.1328449558849906,-0.10503732381225157,0.0,0.5074398922690102,1.6147190987280449
74,0.17000337877981544,0.6956633086502535,-1.1709812646425466,1.0731742994602025,0.9204257070687025,0.0,0.2411767792426749,2.351655824234294
74,0.548126871837066,-0.17186426830239906,-1.3626458581144405,0.7018861005160297,-1.905785368000091,0.0,-0.2417610294313718,0.017305960725882807
74,-0.5589406656294361,-0.3202080285029584,-0.4327413865276585,0.7390998598457444,0.292452119929335,1.0,1.2420416865189137,1.9466277697259726
74,0.9479660677743141,0.73849820972782,-0.1617279305267499,-0.788412483158955,1.0459480255344984,0.0,2.2236732048091987,3.578157707525903
74,0.421232826507814,-0.603148029910034,-1.0193903263835506,1.2867319167580729,-1.8186428637458705,0.0,1.8726320880150085,0.40321137390234485
74,-1.1460831071946291,-0.09078952775404123,1.9648301399982844,1.0241309761029447,-3.0900993162758597,0.0,-1.568602265718197,0.05113070426671029
74,0.9153827456115001,0.6201598945691363,0.1916394860046128,-0.2600742803029452,-1.7094413606711274,0.0,0.3006976163961551,2.4282101935838964
74,0.4775577253244465,-1.0215317732785478,0.5180530696487102,-0.7910559006175091,0.34025450286894104,0.0,0.7088944214761127,1.1425833473171052
74,-0.8501952999004245,-0.46162469155720587,0.5252202290505074,-1.105664762831608,0.11760667039528842,0.0,-0.7810884958762274,1.370355754633444
74,-0.024174574583450414,-0.06599614964228614,0.6050779841524535,0.30112213961191125,1.7565092448542239,1.0,3.9901024984687243,3.1103224917410994
74,0.506340264373298,-0.4342815676531077,-0.8218715264516173,0.5950995071519096,-1.1999528502879588,1.0,0.4496394241058109,0.7836243243369394
74,-1.197088241003454,0.5396091561862907,0.9851793584548958,1.4293890776093752,-0.654075575136875,1.0,5.925578308873508,1.4582607636086493
74,0.5603931449400108,0.5963349567823225,0.1888164787615962,1.2660377960404483,-0.021248354890827995,1.0,5.424616752252731,3.6115760985063976
75,0.8162902635647442,-1.7430408141068534,1.2592677813031026,1.2060750211599898,-0.2508750530590633,1.0,1.656541328949624,0.5275453185638328
75,-1.0743333194260205,-2.0466527407930495,-0.4518999959198621,0.7395607137667608,-0.9061979829767856,1.0,1.970321565495896,2.2286446148643506
75,1.0334239086411918,-1.1759142158818272,-0.8170722680297694,0.44693135308649484,0.14687168156943795,1.0,2.9300155537806605,0.28626124387306184
75,-0.7244519956855433,1.1716255550268866,0.04242456477521523,-1.5694062128654278,-0.03641592402293686,0.0,1.5478902348477375,0.5922017351989612
75,-0.6678500987360878,2.144976692754259,-0.28610458302723824,1.5962387614294504,0.2744030053019413,1.0,4.8679121166326995,2.0576594983472054
75,2.257419822187066,-0.2713831763223392,-0.35604243676707314,-0.7417800683065326,0.40449521699494395,1.0,4.2560205171418675,1.97101255570509
75,0.7838791437049336,0.2371593503269168,-1.2740070463494333,-1.8436069106967932,-0.8170709619691358,0.0,1.9605357490205266,0.02153242713245207
75,0.04373249754838406,1.1672840940831897,-0.9118478131257468,-0.8015391850818843,-0.20293287640210758,1.0,0.2990251018159321,1.3106824544491122
75,1.3890435753795662,0.3322611063319422,1.3941787737720777,0.07629523964122088,-0.3879340928255498,1.0,5.937327330519272,3.0391482127621763
75,0.6929206592903964,0.761276095398904,0.5423101004838156,0.07092461248097512,-1.3286701016841214,1.0,2.9404883955987158,2.7534033049202256
75,-0.3326364329083044,-1.5242834019475588,-0.37501607483523075,1.4657494478450241,-0.5152510444957571,0.0,1.6908172068183918,1.7968151744157959
75,0.9297987549579712,0.632094290605354,-1.4611549754301731,1.8276489976664936,0.5324004442410217,0.0,5.344823065648931,2.927536053227666
75,0.13318125755446142,0.0534502983602195,0.6070375365919936,0.33021593430637247,-1.2217603328304982,0.0,0.9052261730338879,1.7795224425043614
75,-1.0280279222179083,-1.1354785558700697,-0.3559494938545874,0.0005527363061298282,-0.33835522510931043,0.0,-1.7220053206208639,1.6759904614322496
75,2.2791410345171736,-1.0381993811833745,0.25671804092845874,2.0227771648082755,-0.5765354902110043,1.0,6.241366357102016,1.072976372621706
75,-0.694652968969839,-0.6822271492956213,1.198125391029952,0.06875917661724013,-0.3705384126375502,1.0,-1.3220602526206697,1.597748458735301
75,-1.8709262480187625,1.1022513780057126,-2.3700313692490544,1.0127552440283123,0.8540632528259671,1.0,-5.298035013922664,-2.414997836242545
75,-2.4399897869337277,0.48294825694290267,0.8092872043002055,1.6513780895492456,0.696665781186744,1.0,3.5328443888916503,1.111770484496509
75,-0.21885856396306508,0.39628992431008797,0.37977653520922683,-0.4861548628378762,0.5349031530534234,0.0,0.6019735833351717,2.1449941491921356
75,-0.030064561586759294,-1.4794542053252289,-0.27906772808025193,-2.007303601951805,-0.062149982943990635,1.0,2.7672278971240356,0.07677176136976893
75,-0.06548346121369218,1.8395142924265284,-0.7887816065861968,-0.24113715336119707,0.18310071799359742,1.0,2.0247759559017204,2.047858914573098
75,-0.09792363563691318,-0.24324496814390476,-0.3648074467211475,-0.06017291856801,1.7187526423568578,1.0,2.626611670208383,2.4343137438786178
75,-0.7627244003879273,0.18174838514530398,0.4693940965411878,-0.6179224366801307,0.00461105750117402,0.0,-0.8555914967278597,1.390771952867852
75,-0.5547251363043794,-1.0866034077208366,0.5832112204628915,-1.1461727368014487,0.06340450000114731,0.0,-1.3849904678856944,1.3670219577638614
75,1.252483930310136,-0.8108863794206942,0.1496024392679857,-0.8623134395971402,-0.9942210388743292,1.0,1.5333092891590052,0.34054100683913024
75,0.7927279977364865,-1.90484717240533,-1.1204365947001065,-1.4154110951287422,1.3715248925803352,1.0,1.7696181965008955,-1.2129572452507742
75,-0.3382553615955728,1.76147306934017,-1.6361333532547562,-1.82371259234343,0.6069067889489906,1.0,-2.6161370420202053,-0.3759789843443645
75,-2.5364584240436105,0.07683794618798223,0.8552136070122265,-0.6196185399592223,2.917379123388361,0.0,1.5023038166342075,1.8078379135283136
75,-0.07261927442102957,-0.061594592935990344,1.51444974480938,1.742527415934628,0.6646862776724696,1.0,8.091776360105587,2.9545145107512183
75,0.13999314935732923,-1.5984620640368312,-0.21730242352355061,1.7278460351170686,1.3922751013535244,0.0,4.750886205251599,2.474883749614237
75,-0.6369182118452104,-0.4126749500242717,0.06835386728985518,-0.0003836598735075353,0.0011664579739514614,0.0,0.09181584258898301,1.7702767268552513
75,-1.358728654663168,0.2976067775787595,1.484688120195679,-1.7162385441825194,-1.4389173279749807,0.0,-0.2914170945499108,-0.6841598349846132
75,-0.18003563407457593,0.4211670026121049,0.3412522827765301,0.506132890710541,-2.6010206475708557,0.0,-1.0126257497942666,1.1102591851365644
75,-0.14407488618381264,-0.6346347889946509,3.508498526657689,1.770024688217763,-1.3744541267345984,1.0,5.742278459031597,1.7206728764770265
75,0.243625459169573,-0.8391992044635459,-0.6900533621951979,0.15740682653763685,0.7692682443654536,0.0,1.3226850137733512,1.3872857370624716
75,-0.13079078167440927,0.6875429137737955,1.0595936604245386,0.25648729432375317,0.4931626113401965,1.0,5.450600297866199,2.5823000880145957
75,0.21639379077568877,-0.21960154144125776,-0.9824192487312229,-1.9452319338319262,0.3630495065536435,0.0,1.1780565987679938,0.22358661560597315
75,-0.2533987253227658,-0.8285120507279028,-1.661930945611826,-1.260267386784321,0.3004016328144994,1.0,-1.0500890116794457,-0.7329183580613452
75,-1.4606348994204736,-2.178417764559286,-0.5121943071983381,0.019381558877857297,1.3118950731064825,0.0,-1.2266857242986435,3.6435590393698294
75,0.874003801218072,-0.9124680333099853,-1.4597478491975828,-1.0213077672688933,-0.6260907070359987,0.0,1.935745684388757,-1.2594854263923692
75,0.23378643098679455,-0.3218003480626437,-0.00015998772115527186,-0.7848523642221181,0.9410283023222772,0.0,1.0134490632564734,1.9587684489896682
75,0.06080498536046036,1.2514933815648628,1.462979734982281,-0.8471093734012884,-0.8084354503793126,0.0,2.676399392904596,1.7435715048162246
75,0.9635306591482825,-0.34498454022071134,-0.14220681921636966,-0.5803350521210306,-0.0740100273334711,1.0,2.2115275719296528,1.568499567528952
75,1.4229252532183394,0.711557672874973,1.9628216583401765,1.4501172085428595,-0.019049624527845435,1.0,10.731080970787865,4.39461858450145
75,-0.9664644313457869,-0.06939446936692804,-1.2854654997420543,-1.0649597296616087,0.19999582669816962,0.0,-0.87101257297909,-0.24460194739393087
75,-0.3175595941298306,0.07844551492598284,-1.2392211966633817,1.1127279850033232,0.06342938852676697,1.0,0.6361609014359233,1.1495326885489439
75,1.2193201380975942,1.8614594174729184,-1.4905066540179541,-1.3076423751637412,1.8173250770184235,1.0,5.984046861558375,4.399896192610393
75,1.1034766792084942,0.9025535239489959,1.350897523751487,0.1742709841832422,-0.9559189860124557,1.0,7.151412236700294,3.5017174920668395
75,0.6831599391406578,-1.806808034853709,0.6482840909413603,-0.9623800744633891,0.07106904363776205,0.0,-0.9078040154027296,-0.12055531402488562
75,-0.03842952535133342,0.40504299085489576,-0.34235776943512813,-1.8018351097953567,-0.7585411645654634,1.0,2.9280657182040426,0.6583398611308214
76,-0.4698917639259137,-0.18412552836196242,-2.18700153979242,-0.08317820833234203,-0.8297603415309146,0.0,-1.920652145453559,-1.368402110660162
76,-1.6687387315049491,-0.9333549473831048,0.8951321792346284,0.1956336860481391,0.8914842208862193,0.0,-3.2282026703794844,2.8730194380682854
76,-0.08059618403927409,0.20888129956254706,-0.2695517802812575,1.2039643965565263,-1.4869083699862726,0.0,1.16282039758388,1.7349499990844222
76,1.0978133031178885,-0.6103350131002807,1.0854428376410235,0.08465524021163576,1.0417926865354097,0.0,1.982568921228838,2.146171683776658
76,1.7985696164679774,0.8390463389685681,-0.5905657252941078,-0.7326139509900258,-0.6738424067365955,1.0,4.831224099475232,3.660005986929855
76,-0.3100617816232191,-0.5602071367414017,-0.2108742905536306,-0.5679856257234362,-0.14585459960008806,1.0,-0.3459597272108026,1.2540553922057605
76,1.4964754141102279,1.3911807418687678,-0.11766001926933797,-0.6742237583074997,-0.4481065560040754,1.0,7.277536306007368,4.898786729780312
76,-1.2276618898583518,-0.3024185271529842,-0.716841523086062,-1.5428979752022194,0.6761350144730996,0.0,1.2530230954543164,0.5683098771065354
76,1.6950667438458982,2.150428798093323,-0.7025373481217653,0.3791617601473905,-0.3413847643187411,0.0,0.577491270143057,6.99869305790179
76,-1.4565922448075523,0.6540485792516649,0.45105755041444395,0.20245292206517682,-0.6987589065740745,0.0,-0.5288849241323974,0.5234084628312388
76,0.4010163164098307,0.6011607485878551,0.26180200282707955,0.17339033478361057,-0.9591555001980024,0.0,0.4376054016544252,2.4461073696407984
76,-0.34574793098743695,-0.3097728678103244,-0.5535910884975533,1.2800589859509397,-0.37581683686579664,1.0,2.982688246734744,1.8053104719778987
76,-0.37341156152941946,-1.4477156691039719,-0.12412859279623316,1.661370923661788,-1.718994534665852,1.0,2.7353702282507903,1.5314599843973762
76,0.6292086373941235,-1.7556561718376258,0.056494396480034306,-0.591081393321442,-0.5039756652050044,0.0,0.5244790262440661,-0.18877450988738265
76,-0.06463333006578464,-0.13159934056048417,-0.10090641402171542,1.0802927684019754,-0.3797425910581535,1.0,2.5692809043336684,2.20512451610363
76,-0.34893714000800846,1.7060217321019298,-0.48706728088177675,1.6689990639932033,0.18206821532497347,0.0,3.4665891685116903,2.648957227045616
76,-1.1921154490919108,-0.36175967507224,-0.3991885313918823,-0.9144485556901052,0.7718391620020804,1.0,-0.04716644692482236,1.304799464367767
76,0.15650228113296663,0.10060677194418778,2.184259008024587,-0.018628998380781848,-1.052949155802977,0.0,1.4311440477076451,1.1249379429137485
76,0.4859390812166957,-1.2859059243566293,-0.9211357175498773,-1.809583804154792,-0.024823455563657497,1.0,4.326444427856649,-0.7977106662118135
76,-0.6153210881413036,0.8079344077713254,1.0064614707631063,-0.14985944208323823,-0.06435661768906513,0.0,2.2281517103571167,1.530144210974786
76,-1.0853316242656201,0.05155071664287875,0.677539307103767,-0.9020773586754236,-0.2033313259385992,1.0,0.8857823327693543,0.9923428640203853
76,-1.4795623458937346,-0.6514042668407477,0.8198149748097178,1.2121707010312464,-2.0788499120840553,0.0,-1.7184503852936843,1.5572342766887193
76,-0.9568124695678095,1.6525643057667203,0.38799487091934737,-0.5199464425342694,-0.05063370969008555,0.0,-0.2233910025126763,0.6010586698029302
76,-1.3460659593347897,1.0970422645196607,0.062081736558875056,-1.4107206070658782,-0.5429851803771156,1.0,-0.8177488568797879,-0.5489415732239058
76,-0.3066557674513712,-1.00822070159465,-1.5119204698448445,-0.07798365619456515,-0.7195842036657261,0.0,-0.48879379877829343,-0.44416385773953354
76,-1.5621231481818239,1.7645766678063597,0.11413910000383344,0.8140615228389138,-0.023689526553458223,1.0,0.9706738773344532,-0.20951054996599372
76,-1.5792434995330238,-1.0347153532539448,-0.9416776512282594,0.32253023382015145,0.8023539075214002,1.0,2.381897181682422,2.007123709001024
76,-1.0443118132067062,0.4043792753339704,0.17218159117277868,0.10926552526171127,0.15867433502390038,1.0,0.61088226193798,1.463009737663015
76,2.13495256045222,0.12482303418351601,1.4857522434740473,-0.8705595143616458,0.08264467062533509,0.0,2.1452119485252017,2.83023936050587
76,-0.30301984582773256,0.3942072767592295,-1.6305865972397788,0.7051514185886327,-1.120950355486282,1.0,-1.521204560726592,-0.15680633283773504
76,1.7776445947457555,1.3254927543106274,0.5803460225780978,0.7426133281794517,0.444865886084799,1.0,11.202941894162455,6.628009294212304
76,1.4626727372312776,-0.40948395255190057,-0.4450815445001662,-0.4228801606868783,-0.39942551023408546,1.0,3.0256253492612384,1.1965353318202745
76,-0.10154048337830517,-0.8838852939018078,-0.9083397038387112,0.6471559360609828,-0.9819222277810505,0.0,-0.6793291200543374,0.5905399665687742
76,0.6713931995062644,0.42892948136199854,0.77614338357409,-1.3977865163152625,-1.9268714018437567,1.0,4.748430502826222,1.27750493336849
76,1.6331070503527747,0.2331264731535077,0.1547940119286807,-0.24823689268610288,0.16293098996407512,1.0,5.071074467205131,3.336624613559055
76,-1.7926597961852584,-0.11464847503239023,0.37745519954901763,-1.0161147196366875,1.5102069030922411,0.0,-0.7521620276610608,1.617250813894722
76,-0.4295890594212914,-1.1138383523746345,0.9276799489175787,1.3504255000845804,1.9616412202173366,1.0,3.878786513389371,3.426344569725222
76,-1.023878706399898,1.3676920131167878,-0.5889951648994809,0.44302262635403616,-1.5047937751140383,0.0,-2.367903847379832,-0.2223279220220158
76,-0.16266156573285462,-0.45611217717205377,0.17706891147984155,-0.1024715699440526,-0.3087758978738588,1.0,-0.6987873951788452,1.6320799885960642
76,0.8896536510477641,-0.3584056895822811,-0.7640068078305421,0.18591154441914862,-0.3283708677995496,1.0,2.3253698002820857,1.2156038086848424
76,-0.2584958644937898,-0.16684044416749783,0.6373194802750131,-0.02880698010888953,0.21166671443824625,0.0,1.2519636555862825,2.044242686344805
76,-0.7362069334039688,-1.045103890394468,0.1524769373005006,0.7238620063115739,-0.350420846395061,0.0,-0.4158633272722172,2.130114263213549
76,-0.06324311884729929,0.985463155120537,-1.4523352678858616,-0.9468734864027153,-0.1784807490296581,0.0,-1.375039499460955,0.22812569516584758
76,-0.8489600693568164,1.226445237930981,1.0731753109576336,1.236050677036543,0.8319504072025641,1.0,6.351055270243245,2.1954641765169844
76,-1.8360986338949563,0.8602872122381893,2.280886941684736,-0.9167192514727848,-0.05611666363175534,0.0,2.646626582169957,-1.0653548599092968
76,1.2079242045432008,0.5532221287497036,-0.41993569855990287,-1.2987876442883515,-0.8978049836437683,1.0,5.187192604202986,2.1536745612150963
76,-0.8611925411837317,-1.3728126006695618,0.05636910708712863,-0.06188173194236226,-0.5432540669693928,0.0,-2.8652647346099975,1.78928173782072
76,-0.3791937848814459,0.8981195829309181,-0.3345421166054,-1.3301641613464539,0.39260269529645686,0.0,0.6240050444586194,1.2274104923390314
76,-1.8369520012472413,-0.682527327103312,-1.842756037163511,-0.41059220153556353,0.893899706640384,0.0,-1.4750970319054324,0.04568637411142418
76,1.9552401084664155,0.7985476893204387,0.40818453578496117,0.42299224522960727,-0.21575754057331425,0.0,2.0321826264301706,5.1637989618128
77,-0.5035024212543239,-1.034764096589612,1.3822841107555035,-1.2387517759527211,0.306470478661896,0.0,-0.6840870622067758,1.1642720522158716
77,-1.037761298462686,-0.7353467882583289,-0.46394353356471485,2.1093799510675892,-1.3375472612075534,1.0,6.027388591191808,1.9247997829410104
77,-0.9338258735799877,-1.327401226187536,-0.21561365651959172,0.7521763654192254,0.06497361072822251,1.0,-0.6141374904516526,2.3865615077885463
77,-0.24555301752083705,1.157632256144853,-0.7077363695810177,1.9368341099883826,0.9719232352742744,0.0,5.700507334498388,3.0321254560287314
77,0.6975842175426866,1.4343307998003612,0.5699297082402583,-1.2556544004597763,-0.43423515254450945,1.0,6.708438371999401,3.3484830197342896
77,0.7182990990598394,0.11546660876599099,0.4636229660194941,0.23594670951354232,0.225515942422868,0.0,2.2101133337443146,2.8568034353435827
77,-0.08480916270121941,0.7427654792803953,-1.3663771529616422,-0.526988623641605,0.18537328729461372,0.0,-0.8206494197661688,0.6149870566146249
77,1.1691013501236325,-0.6156965249326877,1.576108544413438,-0.40098879984011854,1.0510529298769633,0.0,1.3322404223224251,1.6646649186216291
77,-0.6773569936512848,0.4790847775366259,-0.8183531830437756,0.11326813172433114,0.16389229693854102,0.0,-0.03452969166173281,0.9891804351353337
77,0.08996245455834065,-1.3706654147668664,-1.319410242281022,-0.4995026390430885,0.9578510303945285,0.0,0.8834673941579125,0.0545558850078649
77,0.8349183307919371,-0.05000637702242278,1.4663593492546434,0.13389572031852592,-1.8918298022325268,1.0,1.3618279149325199,1.3091646003205144
77,-0.06929975998527721,-0.04491419633006297,-0.15469281480798505,0.1337784229433442,-1.2887063128189515,0.0,-0.8831874719531416,1.2792541199643384
77,-0.3148278288806965,-0.7633312100093452,0.7783850876837218,2.1033546889655685,0.39912120624114594,0.0,4.898254254263395,3.0537172246684277
77,-0.12440465863542362,0.2570901125657096,-0.789924007254652,1.5949399921033587,-0.8836320200137054,0.0,1.8454975749577498,1.698950797005569
77,0.5739294254787114,-1.8175696167410573,-0.22738419791174325,-1.1434424974904338,0.034354528285782095,1.0,1.2391340183089121,-0.35895345780126864
77,0.046898205254406466,-2.1923052945053425,-0.46854977357027894,-0.27109921417428023,0.6901290125876707,0.0,1.2416050611215244,0.691945422186133
77,1.616374438607796,0.7190070654149251,-0.9357997002818511,0.5865422475664501,-2.12793672855791,1.0,3.713464493642801,2.6844531015433652
77,0.2521087279987314,0.26444347672852236,0.06361614323024606,-0.9330017108486119,1.6491034132588753,1.0,4.123397699083892,2.712780709227661
77,0.2785623199636148,-1.1000075366677111,0.14355995633225058,1.5891405504905285,-0.8307891468670034,1.0,4.949795683685786,1.7235253754613744
77,0.27121507867642974,1.554760305046753,-0.7182005814685162,0.5304169895101896,1.673257928361609,1.0,5.164611973738851,3.830390318879986
77,-0.6175314405119599,-1.2558760700986433,-1.2847023740701884,-0.18197781129753657,-1.4855063981621321,0.0,-1.1425660379863856,-0.3550469810672141
77,-0.14218523404555342,-1.4087194840879713,0.5271292391390401,-0.9241803181900713,1.2453542137823097,0.0,0.01641003522000506,1.7132530963900072
77,0.393765403692173,0.3377803120827386,-0.6370889731742957,-0.3983283991841449,0.833157003657307,1.0,3.813800528946493,2.2014796833541297
77,0.39606703532067794,-0.02127127731992075,0.44753567380288756,-0.17019517699757739,-0.25717077342734834,1.0,3.028826724237717,2.0905741530092383
77,-0.7061701523509638,-0.4033141274650629,-0.18201240402465338,2.8329608082973143,1.3285563387386792,1.0,13.0188096564769,3.7033000514625156
77,2.147823222809835,-1.283094522102606,-0.9700039668236288,0.08579571442379895,-0.6777534698394226,0.0,2.4716000115165557,-1.5391804634183082
77,0.546981773585569,-0.5250854478679222,-1.2305539775417298,0.5504792398298886,-0.3588788320157897,1.0,0.4003235977177477,0.5379747666705519
77,-0.4132372469025347,-0.8410628137231977,-0.9129396226438893,-0.02217236785996712,-0.7283709779897053,0.0,-0.948803259846184,0.500089225012549
77,0.04882268254019084,-0.13837158004399333,0.007730999384752562,0.6644106384213649,0.7922466405748355,0.0,2.2864619693212576,2.6806341346866027
77,0.976511051996699,-0.41355727983560603,0.6591051647959754,0.012589118489841228,-0.49977582014421473,0.0,0.6187471858151724,1.7541334169404244
77,0.6891789207025817,-0.04216254152596472,0.416532021027609,-0.802075018249286,0.2927236677801198,1.0,3.043008045731318,2.162538541360126
77,-1.796631808291793,-0.6110682729930883,1.191505083691713,-0.3229219463906029,-0.19096773865178684,0.0,-4.630568162614704,1.6030845338189195
77,0.761159335625193,-0.8313110137443955,0.1269586324192913,0.703655655957407,0.19188288664778258,0.0,2.5077275349248067,1.835364181789779
77,1.830937282321994,-0.5515554949268389,0.990861555804983,-0.17082049276759045,-0.7651864597577388,0.0,2.070536964236177,1.205224050401707
77,-0.4996326320948763,-0.3807192893337752,-1.781873370668701,0.7583228735407318,-0.19183084486501636,0.0,-0.6711228830658373,-0.06716001203004998
77,-1.8380854276351355,-0.18865361282599166,0.6154389094023901,0.41155921085246494,0.2645215992229275,0.0,-1.8061754163388706,1.7956719318310221
77,0.0738496341344424,-0.3547018445038782,0.648500172950782,-0.41593397990488656,2.0571132792951343,1.0,4.075338134938968,2.7752096073046792
77,-0.20921640813223513,0.6056547182469,1.6418568123909787,1.9604275086481038,-0.6035865892162541,1.0,8.964893939840495,2.4998544199723174
77,0.45840494939477394,-0.3376789701605038,0.041133903604240976,0.7548856540880513,0.39868590358347017,1.0,3.5199252045228584,2.5020761292930436
77,0.3463947355177872,-0.10448799589407472,-1.4898943519348624,-1.4401905821757894,-0.30171810877844446,1.0,-0.22446756365593068,-0.4503284919160601
77,1.285234460181504,0.655728870447003,-0.30240022028461816,-1.5626264568144725,1.9412865284869212,1.0,8.195654041747584,3.806001356181818
77,-0.5052891342729185,-0.2601540133854825,-0.3732735601080394,0.6776581209035855,0.05745481667471916,1.0,1.6370738619826661,1.860789693478138
77,0.04422516359238579,-1.0784908676527607,0.2296295596865175,-2.1893696262804854,1.0434147934670641,1.0,4.549291584509862,0.9507588566140678
77,-0.2793607092614373,1.3234235241821075,-0.6888871243617952,-1.1454971013128408,-0.7790046108582978,1.0,1.0079449530149578,0.6175783788078425
77,-0.24653311870804023,1.0101053304308012,-0.09037612883833983,0.570403153782143,-0.6433700506257735,0.0,-1.0668537715674578,2.047009032334003
77,0.9229592840764854,-0.4980088534019779,-0.7378858701957538,0.10155327440057445,0.26849958049962314,0.0,-0.16617480748889468,1.308809252419576
77,0.4442177771338198,-0.7411839005468778,0.4119839034644532,-0.3878572364639776,-2.0033654803443643,0.0,-1.9788540684668459,0.44897868294689136
77,-0.8850088246859441,-0.1647170787135252,-0.6573693286532107,1.1917389074131697,-0.7338504690563472,0.0,1.4217455337818927,1.3127750764197001
77,0.5791892526535296,1.1299425965274401,-0.9887951327765907,1.929599904702853,-0.12150188769409523,1.0,8.586690620736007,3.468364737100224
77,1.5846164490114476,-0.514350055849429,1.7797106179428472,0.4712388592288347,-1.519319699320468,0.0,0.9373808650350803,0.8785026060871062
78,0.5354006231129846,-0.1343030778209348,-0.22356499316683598,-0.9432115960223146,1.6282470624361758,1.0,5.0449713790038535,2.3344913201618773
78,-1.0842348425903545,-0.4594969405698469,-0.49590956418204074,-1.1360392967045303,0.22165071526206628,0.0,-0.24238702924443245,0.900723902755481
78,1.6276507526922954,0.7288074212001202,1.0818002203666324,0.4583544774726573,0.10422703825345248,1.0,7.656893063432858,4.656403785562826
78,-1.997790036107656,0.6602724142930013,0.6544802584979239,0.08742381233437972,-0.3659461623131089,0.0,-0.20483411305639132,-0.006501080725000552
78,-0.13630595372402296,-0.07695312315783207,0.985021590725281,0.5860796657856039,0.6168998944244936,1.0,4.971731273624396,2.5507053292416195
78,1.6829884311681416,-0.757889286632422,-0.8183075487225554,-0.3794996983378545,1.1186566241210563,1.0,5.0834120873293145,0.8309130176059064
78,-0.16028871613106316,-0.25222471039163147,-0.40102775996651924,0.43627149059879233,-0.8502734643968388,1.0,1.3713372855218329,1.3473174738984965
78,0.33276786923510754,-0.011512838506544925,-1.9873177751899134,-0.3536434756051611,-0.021301071752021474,1.0,-0.629528282347048,-0.4289165141004955
78,-0.9376667035558737,-0.16209033839631967,1.3862309010558782,0.7667946703759445,-0.5546393585174825,0.0,-0.05843874251637299,1.5848206561405918
78,-0.967711171690841,0.4546546916275846,1.0473096792501118,-0.1863038734315228,0.37042475822834925,0.0,0.7669470545869743,1.4191155087563816
78,-0.7807855301552356,1.6030961670321335,-0.03772453597890951,-0.32356532501565755,-0.9870776170356698,0.0,-0.25162886191333134,0.48458580283462205
78,-1.2102533570327862,-2.327066808525063,1.2705505377861814,-0.7143471510596491,0.6309237129614182,0.0,-4.628338564604824,2.9369988930631887
78,-0.04504589558974359,-0.1219597334981079,0.8807247128094997,0.4138052591394982,-0.9776513306396087,1.0,3.395268780196533,1.7170227041225932
78,-1.1735095435917255,-0.7178263335560658,-0.13309507047951638,-0.4359966759892383,-1.2940418425718831,0.0,-1.5052376243225012,0.9562972382121142
78,-1.084802409514288,-0.26443994045026525,1.2610907388226449,-1.47852748933722,1.7064670552183254,1.0,2.9261415690569295,1.6615373067109487
78,0.06263348789334403,-0.37350001413962813,-0.2643617132711607,-0.7185904247256886,1.0605485121452967,0.0,-0.46781022639549297,1.825230792823166
78,0.10499455952547743,-1.1197056572471666,0.1463503973450335,0.8370082194688372,-0.126280123392854,0.0,-0.6368045403508145,1.7929305770890673
78,-0.29220929221887104,-1.6783761529755845,-0.13283018624471554,-1.232660654253885,-1.1241662127414624,1.0,-0.7335086249865439,0.2515068927780453
78,-0.04995402026900987,0.2205835651975484,-2.2189411975435713,-2.650110255646555,1.8735452157136863,1.0,4.174437464749289,-1.0271659090271932
78,0.685418967363567,0.10849940482079075,1.4473240659960878,-1.453643420390395,0.5835672208914889,1.0,4.132285789080655,1.8831094385613398
78,-0.9486122484119642,-1.376164044821814,0.6400998873885317,0.5353817534444392,0.03857618330206473,1.0,0.9636065571989649,2.5521229357826125
78,0.9620062358060331,-0.5215697607732218,-0.8591304347749478,1.070873034086943,-0.11117695552072254,1.0,4.847093453436054,1.4218439120918838
78,-0.2194604156972281,-0.5119364779226457,-1.0663494503735176,-0.2893457395216577,0.13496898422765555,0.0,0.6571611760673068,0.6196115293138138
78,-0.055109652826678776,0.7573662670446509,-0.03118360583663405,0.17326911912164428,-0.9524136716658856,1.0,-0.4715619135670457,1.903739866641122
78,0.670534328989573,-0.5327272622007532,0.8110377162836893,-0.1510037495512543,2.373514750444281,1.0,5.691610276182751,2.9172124319353507
78,-1.6843231678574067,1.9446535274114096,-2.106020572757834,-0.4856801447565037,0.6042828289627515,1.0,-10.145195789959006,-3.6490026925486956
78,0.21252426767085952,0.739346155485916,-1.3182604224579735,-0.2537251437415965,0.9612900681570942,1.0,0.55630461983213,1.5775766931368058
78,1.0623022011720429,-2.4562064699167943,0.36793662079015904,0.8818323490206013,-0.2709532572790668,1.0,-0.610725897775982,-0.8837063074981759
78,1.5899102953124027,-1.1049680876357884,0.932788756664218,-0.9988591002350672,-1.6918833771158566,1.0,-1.7881697872906055,-0.7977097575210599
78,-0.20053798245566873,-0.0047561778087536494,1.5507105316950762,1.777707591370062,0.7397341994611534,0.0,5.253980758290613,2.9524673199938993
78,0.5611817737533702,-1.0657559518464466,0.2875942482459717,-0.2566298748046086,0.5687011682939557,0.0,-0.06488799636671955,1.4083918983072765
78,0.09600207329145193,-0.7914438093636048,0.33844670338308747,-0.01851153549794741,-0.1882498915311317,0.0,0.029020816994069665,1.5854130559342061
78,0.7156448121576156,0.9647857975085702,0.8822533535790944,0.8181234863470441,1.5179282846818718,1.0,9.017550354378333,4.775224598825082
78,1.9862711975798824,2.2722969392126977,-0.5308369641018218,0.7442017812069803,-0.24554202333472291,0.0,2.4113466287395533,8.48897708309191
78,0.18490897565390318,0.015842482754176292,-2.346642225664676,-0.43479757878427555,-0.8451528534876626,0.0,-1.4933958079017122,-1.4103113353870467
78,1.9959741940474198,-1.5915879440398193,0.5012229615124948,0.2967642569668232,-1.528614512253609,0.0,-1.6170187968887466,-1.4628933989605621
78,0.8772749166112526,-0.02571480791445803,-0.17354562888655034,-0.4871477677542679,0.5268090241938903,1.0,3.4077090770341307,2.3212576273733943
78,0.7848650037009954,-2.317277376894386,-0.47139904395502896,-1.7278213192713747,-1.4275663051787348,0.0,0.6871393764297153,-2.5074156297534165
78,-0.8249761192209815,-0.09480537809740244,0.5634389490351296,0.22899448450146498,-0.8656373421209816,0.0,-1.4354665256308183,1.4271428523323961
78,-0.001661227755078958,-0.6697146841163708,1.3954938230406413,0.25284110986111535,-0.6444371741147631,0.0,-2.099517060418516,1.3417794851768072
78,0.6841586448335455,0.39190782700858234,1.0725916092981493,-1.4393904389618803,2.3020030024961713,1.0,9.133605249567244,3.251611708391677
78,-0.6831600321372738,1.255271193228287,1.1847491504200252,-0.23193947618836655,-1.007602378919654,0.0,0.5415002564895003,0.777637571572775
78,-1.0341120156964578,0.651141632002189,-1.1868882720342684,-1.5018623757476515,0.09297970766470261,0.0,-1.8890121187791014,-0.7881771475651058
78,-0.36721186236508846,-0.9426141776066164,-0.3066053501149939,-0.05300459845932439,-0.8586222123839594,0.0,-1.8931790252709382,1.035473655174515
78,-0.9226986129735392,-0.6860379095560827,0.19524389737688044,-0.4533878089271215,1.7948191016036366,0.0,-1.4989421593978012,2.5779759425777256
78,-0.588316788463851,-0.5892427429087853,-0.5131595107158536,-2.0604072705240686,1.4568706843856514,1.0,4.221119339296882,1.0707313369035583
78,-0.874885328130935,-0.899493195494988,0.9558102151384372,-1.9533260734381943,-0.5651752644789144,0.0,-0.3654199418660016,0.6953657548894068
78,-0.6780931555135665,0.009392254301881056,-1.5037747242550499,0.214863433778996,-1.1504333505943434,0.0,-2.968161358794804,-0.4934201563593584
78,-0.727406136191523,0.29505224921673207,-1.4885736856743261,1.0119474944035978,2.148006588856065,1.0,0.4505365171965352,1.4870204659398474
78,0.16263156576803292,-0.012533266904196866,0.7808335165030955,2.045420094843762,0.7135051259798554,1.0,11.022400554900344,3.5532173093989283
79,-1.5544448672531999,-0.22968687558443257,-0.4666529382938466,-0.12613640758468866,0.2632748430966912,0.0,-1.1639389483639624,1.1932915916902107
79,0.39670569078763074,0.13796517889994844,0.7363837720861919,0.6858386340917575,-0.3764087331270074,0.0,1.1907627800332259,2.58587594664255
79,-0.3123139269692445,0.8286548123775214,-0.6036771797057251,-0.6809418980281536,1.151154386702359,0.0,-0.6955926321472129,1.755891406433844
79,1.2905526712250082,-1.3073131361574057,-0.34969207294372506,-0.01028032305978994,0.8697051557884921,1.0,2.3568274274240624,0.4988079432537462
79,-0.29181978676731574,-0.6004041410794604,1.195947707866478,-0.09257959689079404,-1.4524118095303227,1.0,-0.16759069261164528,0.9207076588721874
79,1.1422261310097757,0.15976381772412707,0.9172898246558623,0.8237942815410191,0.46217180906393746,1.0,7.543764475063043,3.5430834884015643
79,1.0198918244318855,-2.0929705166235095,-0.10506146442504867,0.9364072435252071,0.6332716783217617,1.0,2.469721356422236,0.055651982891444574
79,1.1069439435444275,-0.8727368523349603,0.8295436864627779,-0.8822932002491113,-0.8105437683915795,0.0,0.4600022197284005,0.3945985493873212
79,-0.7792570606500631,0.906746083670944,0.47495170764169353,-0.33996217738226436,-0.4787370817786653,1.0,0.0009222919702650545,1.0745972543717817
79,-0.001990758468802878,-0.4592608283988959,0.6824669469248558,-1.220735512263634,0.37241188659210656,1.0,2.648845391666681,1.4633792997983082
79,-0.49580587266897536,0.060160030086700705,-0.6220029746199347,0.8888222499943035,0.42193194578138127,0.0,0.7890250858286518,1.909438019228746
79,0.6192870920011561,-0.8789003539461527,2.5310726142974724,-0.5058812164942724,0.8156257227222784,0.0,0.5765183806457924,0.926960291498935
79,-2.008699401721905,0.9615799301586815,-1.934800416973117,0.7802086807727264,-0.6705442658947098,0.0,-4.759988956702214,-2.723671581831259
79,0.2516051832460822,-1.7300229463319245,0.9985265171516082,-1.7834834336557188,0.7057054703378819,0.0,2.271944947068754,0.3274242668861711
79,0.13486635683541337,-0.8293814099407594,-0.9067329207222078,1.354065165427064,-0.7873521130010513,1.0,3.3494347323870923,0.9871987308224492
79,0.4469724688972614,-1.3301854630928638,1.1024727970071206,0.43380496428983234,-0.505464045975454,0.0,-2.2356160923813357,0.930635042004816
79,-0.2119843417612678,1.592981566327586,2.4293990318286935,0.1701419200954407,0.1922360469472816,1.0,7.279029855184507,1.991769787159554
79,0.11169763674427394,-0.30715366119028614,-0.26440572656349065,-1.153184487128593,0.6591312407264992,1.0,3.444626776304509,1.4539821393984296
79,-0.02987148841952044,2.429584952046515,-0.15612992241989684,-2.1021796076590555,-1.2228980907721074,1.0,6.019019748047706,1.3745140651953687
79,0.8413279011227986,0.36631670014192497,0.6864879520919734,-1.2940800720467431,1.3123931034831884,0.0,2.73443877652036,3.037892055899216
79,1.509736411190567,0.7383882026578256,0.17031190538716548,0.8227444045070301,1.6084271208299317,0.0,3.5089741455575503,5.525107527515376
79,-0.3506525365459125,0.3129408513046791,0.8232648889235287,1.2841523800969183,0.3486838905747787,1.0,4.396873636193283,2.779291699420583
79,0.9925271457326359,1.7650676852408664,0.0021774086460287874,-0.7918304424590621,-0.3123913401746894,0.0,2.1947384428824552,4.579650449596649
79,-0.6734555856058833,0.9292651998179405,0.5498692927681452,0.5510149960387487,0.7338784143776689,1.0,4.400856163029606,2.2720601531494546
79,0.5978362825704562,-0.27327186967431766,-0.5649816121146778,-0.4002911465406427,-0.0658409965015228,1.0,2.428200877362581,1.3279519356176688
79,1.0079004999557297,-1.4816100854273797,-0.2957830677115808,-0.599175469069016,-1.7135671851891427,0.0,-0.2539362260985416,-1.0778590195603717
79,-0.6221427496913958,-0.09296291735695639,-1.1624835654519408,-0.47878512412905716,0.2888924119393672,0.0,-1.0110074520482744,0.4211565923167118
79,1.2578836440638714,1.6142859356049772,0.3108003797499704,-1.206835730286003,-0.7689890423559448,1.0,6.949958847738516,4.586245570748787
79,0.6464337792456907,-0.09286043206626991,0.647844007339529,-0.4945103097667152,1.8227789886389822,0.0,0.872875298512874,3.0022016214206517
79,0.3763006636170798,0.6460813637484084,1.0468697626870755,0.2592030391257383,-0.37958847022533837,0.0,3.1496260819577486,2.717837871715541
79,1.0270580852910485,-1.3849444327480778,0.6047432707776618,0.5919146945801446,1.5305868298167875,1.0,3.8635495655065757,1.584908934896841
79,0.3355015048806559,-0.0635069473563007,1.4903945407702814,2.2494648373987465,-0.5328006811491168,1.0,10.457756466527076,2.7985351393666247
79,0.02421456349849385,1.8123375410703375,1.943347890857858,-0.3027973453497146,-0.6130922220071086,1.0,6.970527098844779,2.111897031314476
79,0.8294843718107018,0.2159717920318431,0.2741775343331354,-0.12749878075580276,-0.00498261398245931,0.0,2.0374019077945134,2.7353695880805864
79,2.1628004348107828,-0.13362060928143515,-0.1516947563252603,-1.1463691469064365,0.08933479842347568,1.0,5.367571410054095,2.1097470453707157
79,0.7197356112433771,-2.040123243906797,2.0058181165596953,0.48896025615865546,-1.510062587336493,0.0,-3.2787480008287164,-1.0576154353573906
79,0.270446409274264,-0.92310278020373,-0.6128151189614749,0.8058551291596714,0.8618716038032379,1.0,4.614754957248178,1.7695098713550004
79,0.06843871913030948,0.7601784314766625,0.8918679685462608,0.13261899296174387,-0.17302332609417626,1.0,4.4226443822074835,2.520025414901012
79,0.2447675270610426,-0.29287305351003595,-0.1857807856160332,0.2791064300071355,-1.058126475353092,0.0,-0.5771068140980624,1.404653336469547
79,0.015012680411108769,-0.7387742402615174,0.03492512859778006,1.2567459878303966,-0.3116211404657301,1.0,5.3282592159913085,2.116443406177444
79,-0.18402917550673542,0.5557012026760885,0.46513057383287965,-0.60080461097859,0.986653254178692,1.0,4.20873500526984,2.40282339364792
79,-0.24850918539708827,1.0057194243175231,-0.03816126607969551,-0.39056595874210276,-0.1298657671271848,0.0,-1.3531741116826463,1.8486500558567713
79,-1.7618784235953062,-1.6973969549901309,0.932068996893609,0.4273433089481227,-0.6350261323256304,0.0,-3.1803531649941617,3.2193366234539775
79,-1.5799420491412612,-0.6410209052097153,0.7422408260067782,0.6174294388798043,0.16736944469535356,0.0,-2.1739680033671456,2.402770004204806
79,0.07523404174546051,0.7596743345948649,1.155476298343552,-0.24797892757967652,-0.9872381195165273,0.0,1.916287306954611,1.8382199573881821
79,-0.8652058573243472,-2.0035148955848006,-0.0606244478270038,-0.2885632771208969,0.4736027185273532,0.0,-1.7684211137215191,2.359462844159091
79,-0.6441541481297081,0.49610188602348854,-0.9702513208777016,1.2324808350399443,-0.13723524293094003,0.0,-1.2863642449644364,1.2339971190938204
79,-0.9760498108433029,-1.0605533445527502,1.4319773650920662,-0.10655606446874144,0.22006414805956248,0.0,-4.078971697057235,1.9279675725645293
79,-0.4378107712651685,0.16765998444864408,0.7800693362287594,0.567307232626072,1.7486415698824884,0.0,2.2555870388420614,3.050395102419393
79,0.5142329295012621,0.5112369306445786,0.23256025454094506,-0.4388943738597401,0.3640842896418162,1.0,3.7206918161411786,2.827584403759401
80,0.6345441631861614,0.6539029767926063,0.07861334868944432,-0.5124035363096406,-0.42622329206899284,0.0,1.4632965605835762,2.6260587091148935
80,-0.5006777026710401,-0.9554678868418991,-0.33969241042029735,0.08821010120844834,0.13943565654256723,0.0,-1.4514855663945736,1.637142543552436
80,0.6109974072410553,3.39144353995321,-0.9632685222111471,-0.5843761432832711,0.8607070207924669,1.0,3.1722765282064147,5.3007542424433804
80,1.1628360101902295,0.7455749554182245,-0.5167551448847714,0.8640096740859649,-0.46208338008544886,1.0,5.64897343189761,3.633199376056804
80,-0.4584185190240731,0.22945036222292925,0.06465817234772518,0.7241931051501731,-0.29910041842065904,1.0,2.3744052463281737,2.023117444424414
80,-0.9100482631061456,0.06345996368544217,0.4338374700407576,-1.622604471935707,-1.1379354536568704,0.0,1.970828670652205,0.262962324384299
80,0.3480773480447221,0.6221320032035563,-0.20076230807927403,0.08634859532718718,-1.1743946926961724,1.0,1.388646949234674,2.037165376563796
80,0.34797556506111166,1.3693091906474908,-1.2024248837283067,0.08115839398967134,0.770093563922508,1.0,0.200147325427678,2.519638659240699
80,-0.037339294454831376,1.1217602226622607,-1.3192432701450523,0.9219872984829987,-2.3290027035900507,1.0,-2.806949402603517,0.3861038273779663
80,-0.018950302436984555,0.5735801957259483,1.023675381568039,-0.32403203034445155,1.3361754886970751,1.0,6.56010503100131,2.8045854496866425
80,0.9620908337615073,-0.8306581226953813,0.08882342471850842,0.37716126699091385,0.22482760110907263,1.0,1.798688345641357,1.6080117286112197
80,1.0563158561008736,-0.01048760493551088,-1.5006117400953216,-1.2571573909132259,0.4086772230024215,0.0,0.4625796726353706,0.4074169289854429
80,-1.7642382037668884,0.8326881213466413,-0.6702105584966591,-0.49136540754198005,-0.3150625446577254,0.0,-0.9914364344928819,-0.8894635974303103
80,0.9002896430883488,-0.4219057169748431,-1.034289644938287,-2.0045900840456876,-0.2867490784924821,1.0,4.981676056522585,-0.2923231766523216
80,0.8437452800055584,0.7996612208273937,-1.193227651718268,-1.8645037872443921,0.9714389374285286,1.0,4.530335426992038,1.8219288701714516
80,1.1161998554525698,-0.034287300956341936,0.5160556493477669,-0.31345144125087093,-0.728406197450052,1.0,3.381750038419198,2.1095560955775854
80,1.034399833879411,0.4379495814070799,-0.29884891403561364,-0.03431781398440289,-0.960154808040874,1.0,3.963119743138952,2.4982049391705794
80,1.1399397625198808,-2.51941659093848,1.036599514447387,-0.2770644464208366,-0.06668620463654244,0.0,-4.532637129993139,-1.7061472149670966
80,0.5402979546563857,1.3586066075714056,0.04759220466689338,-0.2757740888559401,1.296967071606438,0.0,2.449806440568635,4.216764950850169
80,-0.3488583017400099,2.151055721202639,-0.3199252528386604,0.9168310490003316,-1.1012494816402574,0.0,0.22117067773980725,1.847772149533259
80,-0.19925812113050523,-0.21754529448510984,-0.6681280790602452,-2.6693656629940907,0.7719457654351773,1.0,5.341535274573685,0.33715469910724827
80,-1.5185327606941843,-1.3057995393259356,0.748597663215588,-0.08416851429164018,-1.360452810973933,0.0,-4.161170245630525,1.9553654345474478
80,-0.0556104021034891,0.25727722979688034,1.4865800195846381,0.6955390021847095,-0.7871500146075748,0.0,1.0492974422422607,1.8681274206341827
80,1.5846707165795864,1.8006196708205275,0.2330858883156457,0.5575132888191743,-1.4426048620151295,1.0,10.165529128949236,6.192989862286121
80,0.3405756744597421,0.5652106525929046,0.1334558360292128,-0.3904445775452426,-2.17694270425187,0.0,-1.121334227875546,1.4195324191187386
80,-1.0277522208534058,-0.1262227904243861,2.5019524612357564,-1.2661972436536197,0.4092967302890054,0.0,-0.7949221361716957,0.5729536400323353
80,0.5098278427517418,1.9452262205765078,-1.1520503016234802,1.3782070764531635,1.9619253514163753,1.0,7.123753975101666,4.719913724708028
80,1.135676576358685,0.5888461115393776,-0.6719721499687893,0.42248187093144496,-0.6208854488958553,0.0,1.6199090534411784,2.8784076808294667
80,1.3535303327547064,-1.8964633342893131,-1.0670855687387462,-0.014704954775096568,-0.36629844209164936,0.0,1.705922541397057,-2.0797529045708028
80,0.35277580400675795,-0.421294594008759,-0.4668802010823359,0.8730833825129409,1.299117739569013,0.0,0.8934384767670946,2.5627553875416105
80,1.669350122528235,-0.4957175424089215,-0.03172031928336639,-2.0159351172969644,1.7109778354357008,0.0,5.796920712941627,1.590448302181624
80,-0.5248919342367068,-2.720060489838905,2.2689820053669965,0.7318702927436336,1.0516153350680826,0.0,-6.625726100616337,2.1886664581797244
80,0.21737531891203535,-0.36152002635845215,0.5422601485399885,-0.007117714128750636,-0.2139503677295078,0.0,-0.5934336344245733,1.8664826165337158
80,0.367598533362976,1.0509878380907782,1.4212195368010925,0.7168782259041697,-0.21427234825994926,1.0,7.975668794850012,3.2065671421034136
80,1.7406215653695793,-0.8803409275656137,-1.4828770112212042,1.6756545870703325,0.40062556044635483,1.0,6.340983103455017,0.28230757645069593
80,1.5959705462312972,1.75382162919085,0.41821715495904366,0.4312226672891997,1.3961396769601553,1.0,12.692825284876069,7.510547963333232
80,-0.07237292015782165,0.30579249757376586,-1.7142810994814452,0.019637443899088457,0.8132502055708255,0.0,0.42863505227778687,0.5108890296526425
80,1.3101332614073906,0.5188982363593474,-0.18499378717928902,1.5333937471980685,0.7801630153371351,1.0,10.090159749449835,4.641560468739435
80,-0.017206393567489608,0.029203423796373387,1.9867950361224287,-0.1233445196194759,0.8165406660616314,0.0,-1.2039071554516272,1.941387956429522
80,-1.0468412928360673,-0.46197274571869024,-0.7499679624022305,0.21368614824913335,-1.2854028444045487,0.0,-2.528087202253274,0.5500735043937093
80,-1.290535549691274,0.4270852485433677,1.044283806040365,0.8619836200659221,-0.7928422481069146,1.0,0.9629597494322317,1.0763399937104878
80,0.15624228098512913,1.2187295173756125,1.0484173420632887,-0.12231859729360216,-0.9067266828823028,1.0,5.259581090383986,2.386532268234442
80,-0.09297436216163658,1.6250266680237022,0.467735538966739,-1.3016721839324867,2.0310087327118844,0.0,3.8640308719190424,3.106067923629833
80,-1.503477703154794,-1.0207934299997214,0.11196039077714444,1.8094127104048827,0.8387825233350049,0.0,0.23085129172100904,3.6464213869871633
80,0.5203833940821262,1.0676722410489201,-0.38454978320619604,0.12924860518552234,-0.4618627847527584,0.0,0.33881668185343206,2.9180121625122397
80,-1.030433055248941,0.0767224697451808,1.0678340887316802,0.7056744650442808,0.5283680001911726,0.0,1.1230248752306422,2.077048655153606
80,-0.3681781392091599,2.123718381886939,-0.6009687384209159,0.4085729488387128,0.3164877731818293,0.0,-0.11762664620619284,1.982697667958678
80,0.15143114190830492,-0.5909614041262085,0.08699045292702426,0.22912795721030407,0.5239576952214188,0.0,0.6929342875103397,2.107001677293601
80,1.2960653505012396,-1.7177062786425221,-1.3838986112508804,0.1530379076369968,0.13410999248940533,1.0,-1.0786511034011175,-1.7996438751353128
80,1.1527492267599069,-0.40990876153268196,-0.0781154311638936,0.45607092559576584,1.057387368960974,1.0,3.8099888144244347,2.6135201972466025
81,-0.3960076119308776,0.40741532759852117,0.24142776864800208,0.24658503506849613,0.24017292029764198,0.0,-1.305725503535142,2.1794547494569567
81,-0.5621116048625416,0.35454921236484643,1.0879890015599656,-0.7135634721342164,-1.4154095719604918,1.0,0.1764655562594337,0.6406979915623728
81,1.7419668025478756,-0.7787987009784839,0.4148793598614452,1.2263011539387656,-1.2433955880418823,1.0,4.880602396932464,1.2389999854161897
81,0.10988242098270531,1.813593953130082,-0.23946888369240849,-0.5492915335437514,-1.3327913324429037,0.0,-2.338780408692605,2.0717084920540314
81,1.4393465246970025,-0.23377808291056343,0.017277575217296896,-1.6069346217099296,-0.26610464306058434,1.0,4.5134801797666855,1.3382664513391893
81,0.3168012788390545,0.8734561162472274,2.6375081433025094,-0.2156706020503202,0.005364469506475714,1.0,7.996843716683045,2.209824689211714
81,0.2531124813386315,0.9410626312081708,0.42436633386753525,-0.616866257851758,-0.6600909686285551,0.0,0.7629931900531921,2.3202866313928787
81,1.133245834624713,-0.2033908410195065,-0.4870923472587017,-1.595373121720622,0.23882560597868271,0.0,2.490484471802354,1.1963132854374505
81,0.3754460767926255,2.5870644821792244,-0.4580020487175012,-0.987361169212779,-1.2009780616716714,0.0,-1.0621858764996195,3.0263255451190068
81,-0.2401367716930189,-0.36413809456729274,-1.1903886525485539,-2.161594138340124,1.6793372847327948,0.0,4.657140074415665,0.3202817915064757
81,1.3260231225242964,1.815646311655915,0.30121731955913067,0.6403540048805748,-0.4642805806934531,1.0,11.513216243033845,6.1720451193910195
81,0.593102958447089,1.4549800138189095,0.5867324070746682,0.609438652980083,-0.18271463599458204,0.0,2.7105851875031233,4.226476850007111
81,0.1941932952932549,0.8302588019756671,-1.6706611015357808,0.7395646146065753,0.32958190840939666,1.0,3.2692418134422496,1.2730005860380447
81,-0.6143727254493709,-0.3991597508494176,0.8375559832908565,0.2781101573574384,-0.4855829042783959,1.0,-0.895541742815603,1.7227889948622914
81,-1.1884986557225163,-1.3071356189752128,1.6924915191658643,-0.4764065086946941,0.4624620526374338,0.0,-3.303451986529396,2.023590284103392
81,1.349881618629806,0.7678386455264772,-1.8254811490571223,-0.7528803407814361,1.4825043849028132,0.0,0.5591090887595804,2.2954824430977547
81,0.6264521180551087,0.2074003753753058,-0.22315837007459197,-0.1905438385944268,-0.8848371963086629,0.0,-2.334464728881299,1.8727862817996281
81,0.7532328313300002,1.4358929602600057,-0.8767491891241894,0.418924162682927,0.9424032094142388,1.0,3.6150218125884974,4.058067006709658
81,1.276210780388949,-1.3526981026735079,-0.6780346761354775,-1.3769916876321544,1.0070799834781277,0.0,2.8692149908350992,-0.5097377543253075
81,-0.5202101431853208,0.8884271917569473,-0.1835416679969639,-0.011921893164061172,-0.32080852700374657,0.0,-0.44071744640207794,1.4470071040007344
81,-0.40672286536737173,0.16627089040155751,-0.04619976139996729,1.277833151326154,-0.5843925913948003,1.0,3.4329222938506314,2.1347012196437687
81,-0.7567895587397807,0.15389095189334756,0.11125471284124587,2.286334430462472,0.28295798941497957,1.0,8.781022274275653,2.9161787727132245
81,0.9655324769643518,1.732801216451005,1.1012568850367204,-0.17193696441181747,-1.2733048230525408,1.0,9.08269220453745,4.302725864339212
81,-0.7872041499768233,1.8016781385354226,1.0374787267451988,-0.46028739250805895,0.19618952118770466,0.0,2.653464751782371,0.9840319170818309
81,0.694844678276411,-1.4127699376352294,1.2406510816942151,0.4714282047234798,0.6565703518752761,1.0,0.4933323160143195,1.1678869496641315
81,-0.6042237307209292,-0.6957153685620772,0.8956678720176114,-1.7188564964881123,0.06058405737653068,0.0,0.28806886918095576,1.0140934994333333
81,0.4434205941448553,0.051985595668711956,0.10732674352924983,0.665133993614376,1.576256593817273,1.0,5.609317055068578,3.439359255713658
81,-0.06420181122210979,0.10324433934106768,-0.4560690536813468,0.47741923568910233,-0.8956317077309373,0.0,-1.8586456547713954,1.473542733777089
81,-0.49869206652184145,0.09533508187901112,0.8385231365772559,-1.458962031673084,-0.3430196631753868,0.0,0.44959689708881445,0.9376112132671327
81,0.031713935514910495,-0.10228346629322307,1.0653487573099738,-1.6949402208140665,-1.7390436704444863,0.0,0.910384683224429,0.2613529496241327
81,-1.2576059073964727,-0.11968571276103342,1.069639699529197,-0.797565742620305,0.5602005723129236,1.0,2.0704743894572784,1.3584491675437562
81,0.07395244339571826,-1.8913270187578473,0.6569128845859386,-0.17655865366453838,-0.29174678895967937,1.0,-3.6977054585096916,0.8376294055563852
81,-0.29307282134515683,0.7322791980652923,-0.9840342214923774,-1.9501579728947345,-0.41241273271404844,0.0,2.33232595852017,-0.1146427930160775
81,-0.8435188576240803,-1.2966687967158463,-0.07602757209784322,1.0651121005640418,0.0161448572887805,0.0,-1.326097935792577,2.52339674381134
81,-0.01040888061565003,1.114157029141973,1.7964997948412893,-0.8301420947187778,0.33223647682217416,1.0,5.64886168906219,1.9657819918547745
81,-0.4148275251359654,-0.34523284394768655,0.06210065079937292,0.8063127645546934,0.9902474903372028,1.0,1.8408874266107578,2.690584728748167
81,2.091782276910531,0.1656269679729808,-0.04161908763586346,-1.1864682832027196,1.0035381002015464,0.0,2.716250345109166,3.362019594086603
81,0.8551356056991837,0.3920372264313994,-1.9601424605010407,0.9028281858213362,0.867056151581223,0.0,0.5091412323126082,1.4841187785630503
81,-1.3510546469580298,-1.5444104278794328,1.5345584368384861,-0.08646024139896293,-0.0599694601775791,0.0,-2.8113863034038946,2.369144674912752
81,0.7159968439627388,-0.14994843638412791,0.7067652437307744,1.3047656229988112,-0.9104788671929664,1.0,5.227461338007789,2.486654024427656
81,1.8076879006008362,-0.10204059850668001,0.9208017508853008,1.5741352951943068,-0.10758931983742381,1.0,9.749848861801723,3.467222046574221
81,1.568581032149428,0.8323020878778141,1.573187732131547,0.6603976902232238,0.14050807163727558,1.0,10.216883302796381,4.690630172015835
81,-0.008883085562997774,-0.6864242427678465,-0.1697084406244606,0.4678882678766213,-0.05546304065550082,0.0,1.5133476304708362,1.7654363461321012
81,0.9328705219942106,0.3897669503413973,-0.37599578884977236,0.9868238808067189,-0.8906084440040276,1.0,5.171177047822112,2.8151730890939684
81,0.31655337797176825,-1.1959973834550235,-0.9443192910429566,-0.13183624059834279,1.8588057790559172,1.0,2.136052467914229,1.1593005649794237
81,0.35593765005952055,0.7166044470896434,-0.5889090358387299,-0.30328112353345926,0.19107305625071222,0.0,0.4257234667695022,2.2723261543557065
81,1.4307766828839312,0.1194091827096435,-0.810396342037202,0.07108749030035255,-0.5337009031070392,0.0,0.8147206307799048,1.9986472430674587
81,-0.6451626936215185,0.36923844138260825,-0.07545640207135104,-0.633109687336741,1.24674774150621,0.0,-1.9478959027285216,1.890064348679744
81,0.1268751668934425,-0.09270350902208613,-1.7402761804213138,1.937227356854577,0.7855950934625812,1.0,6.186628049083083,1.3279275128434016
81,0.857049302030229,-0.03586231662254247,-0.5008243763500988,-2.2632960767551182,0.3434646172748851,1.0,5.23208256697232,1.046716838016677
82,1.367156117055935,1.0979920988743626,-0.7657729379876159,-1.0157889571874887,0.13262489733292687,1.0,6.0322439225337785,3.6300790773462666
82,-0.3560881913276512,0.05510639658406616,-1.286596832888394,0.9546702503049423,-0.11382271864655251,0.0,0.15636849640855396,0.8874008612154445
82,-0.43178991340199224,-0.36016186665243344,-0.721167467870843,1.2516771196480325,-0.2316929785501925,1.0,2.027314567894426,1.659982114347064
82,0.7945344502948211,-0.8458396936493748,-1.0459563541543502,-0.0697833763488727,-0.2808891468618974,1.0,2.00243844237589,0.10505868636013538
82,1.1432795869734311,2.3042909477870634,-0.48260675412102705,-1.193264068808393,-1.1845772226125777,0.0,0.15044468880288742,4.813798213397941
82,0.22483408181995115,0.25798330215240683,-0.06786597115160006,1.1343799447192464,1.4002440363897206,1.0,4.951257219408837,3.5304891245608934
82,-0.19137857153985122,1.6108669255786374,-1.1149662430162197,0.689116482215012,0.22506727026582699,0.0,-0.7723533432824352,1.7412753148190596
82,0.4512791415244462,-2.0469588309326583,-0.3285445464382899,0.6548450428542577,-0.1647010579100718,0.0,-0.7593985306299815,0.3057230215094767
82,1.1571128260034134,0.29904641308765906,-0.3989699252628682,0.6688150469781354,1.1055872767441728,0.0,1.0043971710944957,3.6832878942101717
82,0.5987611028863511,0.9552425138148788,1.256601599551622,-0.47821291939791755,-1.9545016851922783,1.0,3.304396978554043,2.0699580873638337
82,0.1141273626090793,1.9498847572982172,-0.13324780724419563,0.2382018576043945,-0.7288390764049326,0.0,1.0628152375507893,2.933734389803131
82,-0.892139073972329,1.5980492859228121,1.340230118193102,-1.1106191090660529,1.5380825258487751,1.0,5.679221757993002,1.0396484486077915
82,1.8089367672610697,-1.0308688645999802,-1.0240661710611498,0.34712905754037116,0.4467020138977737,0.0,2.4291628098001365,-0.07096337265516084
82,-0.8561706181246417,0.3922104908868257,-0.8613427447015373,1.7142829442754595,0.45111177473988023,1.0,4.301838485637045,1.7356661163440268
82,-2.7166548165581195,2.8661051543819105,0.3128133525551904,-0.24405654442544591,-1.0193620313375436,1.0,-6.065635156671385,-6.235324250417177
82,0.23727578409757022,-0.9878439946470813,-0.38915250685106695,-0.13170315785694764,1.2469549447502242,1.0,3.272376826976445,1.678605011090784
82,-0.7700638100467628,-1.2279257177044618,0.976468136152821,0.9383204466477102,-0.13628908440785142,0.0,-1.0734772613035195,2.3957884120933635
82,-0.9074711431181989,-1.7157778613500552,0.10028334291449019,0.4953491486981635,-2.533476987531865,0.0,-2.389519328640631,1.2714479852286056
82,0.9657364719157701,-1.2172986965565562,-0.0820065373771977,0.32998321029101024,1.3546647031057402,1.0,2.8109426125090615,1.4965891751419962
82,0.5499419339180679,-1.2450492940252202,2.0343765887045975,1.5061590009091657,0.7771563013197278,1.0,2.6519405129560125,1.679434091417328
82,0.2760088122569872,0.0729616503033519,0.28703133716470547,-1.1440540837991455,0.5982474306676215,1.0,3.389445206631316,2.024324179267547
82,-0.539172677531572,0.7098737983659321,0.3345856949561927,0.3879198209168212,-0.24225412902057283,0.0,-0.220115969332547,1.8872781365696216
82,0.26139381958492647,-0.33948457243711705,-0.05983229637833306,-0.44402432869574904,1.5411142061446468,1.0,3.549679106100036,2.389054827108959
82,0.43340214849044084,-0.8451675465275621,0.7412576758635707,-0.47334480297626746,0.14629024075906016,0.0,0.22524672891000083,1.3725413665910606
82,-1.5763158477440204,1.177305762580158,0.3422572834554298,-0.3771550007872688,0.16690116146011771,0.0,-0.8463922025215749,-0.04730956226270855
82,-0.20873106692150747,-1.9525432826971465,-0.1534884228840081,0.8511208493562535,0.7096819966421,1.0,2.7861631844160426,2.018820238729817
82,-1.1849722183197513,0.3219389954382974,0.15151293682498249,-0.32742253809371646,-0.3197063284342243,0.0,-0.36086933996785175,0.927730514050936
82,-0.5366047576864053,-0.4323028134321021,0.47023651532515703,0.8858543746964265,1.9306946115386816,1.0,4.634011989775733,3.2823758603821034
82,0.7574269270471549,-0.7099563799817027,-0.5414447801600326,-0.028234618591837783,0.8426222865543362,0.0,0.06310214426544869,1.4794316111628618
82,-1.7558339263786724,-0.2506104747415989,1.3245882277391894,0.22310122744014432,-0.20714165074133473,1.0,0.7163952690705966,1.3508102449998511
82,0.7949861076242333,1.037574329176812,1.6152979076282408,1.111071604350334,-0.4880662829892955,1.0,8.780810100400329,3.8158021163499893
82,-1.6019524066812079,-0.9462258330785376,-0.5666196480692768,-1.0360737797840056,0.7014448111587291,0.0,-1.8524314569399318,1.6348156301593288
82,-0.5276001118458507,-2.0892375150700944,0.9244437589905689,-0.005462152886726062,1.3724954424367968,0.0,-2.8435971607540873,2.5418803823095244
82,0.1473771653697224,1.1354378897658257,0.10367797660458312,-0.6219830316451105,0.8856573784496482,1.0,5.485065591380033,2.987051558096735
82,0.22458260420037543,-1.5069989363876946,1.8151485968222927,-0.35014669814374677,-0.08700183446818799,0.0,-2.816386302499971,0.46741823342353994
82,0.6798530266324093,-0.5010679163127915,3.177569313027067,1.058543012438567,0.13368950591280154,1.0,2.3951768899320243,1.934288021607845
82,-0.6847166457102271,0.1817877683727801,-1.0952360143052884,-0.059097684666525443,0.8767527884683277,0.0,-1.110622054903338,0.9431086522691813
82,0.5820779287943794,-1.0549767729753246,-0.6125634848877402,1.785274863628904,1.1608966489331525,1.0,7.343867803800039,2.1344526860458046
82,-0.905671271820248,0.035205108375017266,-0.4320834477202173,0.6287467787603923,-0.4206022272303989,0.0,-2.1857663217230874,1.3290084638881583
82,1.012363810921358,0.4373310056850229,0.6941353389340612,-0.9265763953495597,0.14958910599375577,0.0,4.62151956081177,2.894766647608167
82,0.6021805944336773,-0.5905466886966726,-0.5365234298825989,-0.5940485738748281,0.869920952396488,0.0,2.9403671091287134,1.3793665953760499
82,0.36795337874568074,-1.0032325206630786,0.020053403609297252,0.1363382306769476,0.3517626264993773,1.0,1.8934232006293683,1.5670937010284947
82,-0.09813223891359553,-0.7429158512036229,1.9953168163551784,-0.5537950623745138,-0.9309289602745141,0.0,-2.9008868547338578,0.4957924658232623
82,-0.08420818432994427,-0.44530361514612193,0.7176619471829764,0.5342585141691014,1.3077824154523243,1.0,3.709275520042322,2.80593909662861
82,-0.02009193449311508,0.25153735847207026,-0.3421681461510725,-0.03145466701187996,-0.8592288204906868,0.0,-1.4627464103533159,1.4362724244963347
82,0.2907746712968528,-0.589481795654401,0.12544504487750832,-0.24129937171251897,0.6352587615644616,0.0,1.3553123608815996,1.9310843629389915
82,-0.7321832607227332,-0.012965566578464014,-0.5438688933659664,0.23481246412162476,-0.511058856472784,1.0,-1.4573803280545041,1.0825742440764246
82,0.6388803386618084,0.259371684818613,-0.25351511790571724,-0.9156340706853828,-1.522259344805238,0.0,0.5810766046446478,1.2371659983317937
82,-0.49819640083412287,1.0817361035868136,-1.5025930548857815,0.6812905958351105,-1.9626879633828267,1.0,-4.341287686491485,-0.570991985797886
82,-1.6629696753978889,-1.6164148894311878,-0.4416533260664171,0.7810826771071188,0.32269976901565744,0.0,-0.04153790410842606,3.28346743175661
83,-0.6996705553738641,-0.795916069638847,0.9041903512080869,1.2799153008647917,-1.2347685827713428,0.0,0.6273085463313712,1.9020763662040174
83,-0.80537724372065,2.366940395404615,-0.35711230570279995,-0.7747829867924553,0.024801263385011128,0.0,-1.6133410335406544,0.2578648100280799
83,0.01495196324636937,-1.6707111927664107,2.183819636228962,0.7463746656943268,-0.3645333661892034,0.0,-3.5811858592049215,0.8546275529639462
83,0.748445843665527,-0.6119186779613162,0.17796625346830763,0.5503391627069595,-0.6983518506946098,0.0,0.7483353539670434,1.6094581330726114
83,-0.9950770843652512,-0.9829248565014929,0.7839217465751668,-0.8738090562563418,0.9316541034345374,0.0,-3.1737054999199343,2.118118421277222
83,-1.0955606985276722,0.5004483796910464,-0.9471118669060754,-0.8545938526872077,-1.3222431683290403,0.0,-3.066676144529711,-0.8237722673730394
83,-1.2480940632417084,0.03982387425180433,-0.4826237651606582,1.4000963294136344,-1.3875485799428435,0.0,-1.7207511817020744,0.9969032275894045
83,0.5269676188982838,0.6524153625136423,-1.514334298128876,0.1026658579579527,0.5408325411230693,1.0,-0.3164615690688435,1.5545073449581819
83,-1.118294309096366,1.4058521741836214,-0.8253546544680017,-0.36965027737002726,0.6169036965722673,0.0,-3.6071544914847364,-0.039131758607559686
83,0.680733385732567,0.4082239954753751,-1.3142284290770678,-0.7384662669011873,0.5865961677721512,1.0,2.451169491157504,1.3430834241160496
83,1.4233364224724532,-0.5415099449066825,1.1499156462034321,-1.7919510482399468,0.12490497823255836,1.0,5.620485693852617,0.8201616336986628
83,-1.3584055765528118,-0.502329569008662,0.5968181538513501,0.9730207495744806,0.01368932360319758,1.0,3.6054246844307807,2.3708918679948554
83,-0.008201458678417137,0.6332085185979153,0.5774646096239676,0.16812835373874674,1.1671883754710657,1.0,5.771406386658122,3.1015503804432996
83,1.0858416185164637,0.8512075841715889,-0.7473866324006244,0.1917062981068094,0.4270269844745739,0.0,-0.07834951413402336,3.5619422882180842
83,-0.1533868933055271,0.1062255794361634,0.891663505857187,-0.278049472186938,0.9794446583940213,1.0,3.917917000467296,2.3847735703740187
83,0.6676383821195278,-0.3052298507437588,-0.993912382046359,-0.23698932316739632,-1.0319399692730118,0.0,0.3991170211022299,0.3914150812969962
83,-0.3521422880838129,0.6520162969797055,0.26765503339057833,-0.8022483782502052,-0.09629457728345067,1.0,2.065550316044987,1.569284254971964
83,0.6193180448673987,1.5351921022412363,-0.23229423366430088,-1.8230976597322917,1.217416699100226,1.0,9.552331983483658,3.5821804469676994
83,-0.6408897399628355,0.9845379853541114,-0.10161903976789174,0.24641413403221016,0.4882850280879297,0.0,-1.6494711977494494,1.8522251174347217
83,0.49618573002092153,0.013251966783503474,-0.6840405086483969,-0.08594594326565533,-2.271146448255907,0.0,0.11038916724442638,0.5157535699374378
83,0.42972559274038097,-1.6908910206850876,-0.1152686174352077,-0.27336580686044004,-0.6979519029486473,1.0,-0.6337444261439975,0.09286890179630147
83,-0.18294512823540107,0.7772847515775677,0.47716038994830473,-1.382100085093586,-1.4170850522199179,1.0,1.2507932829484965,0.8822595971528199
83,-1.0400330407463032,0.10691671149132365,-1.457527176533041,-1.4129921630780506,0.13371019436344816,0.0,-0.26559806352317106,-0.8331325495417155
83,3.033105897189346,-1.4922744300192958,0.6058719740663471,0.9400432162324672,-0.18471728825254846,1.0,0.7822747495324716,-1.2532058500835275
83,-0.7511740073525066,-0.6300799544982935,-0.04031164432801101,-0.9024863024287837,1.22354288288806,1.0,1.730035081044513,1.9222327672029507
83,-0.22462427086830197,-0.6549158465743659,0.8280821208685397,-0.6989106494458717,-0.05205943505915537,0.0,-1.6661893102828416,1.4221857351740388
83,0.6281722364187566,0.1629544889541306,-0.5858919762251188,-0.18447916070389342,1.1557866637736989,1.0,5.504601768542317,2.523853817441722
83,0.8567091423511157,-0.5777633425911679,0.35606331282107756,-0.5065160984195901,-0.9301910715830795,0.0,1.5055200109366749,1.041452195105619
83,1.9801666183959123,0.27216256180794124,0.8005403669462956,0.07251028895252994,-0.6617549929176701,1.0,5.6195752249681155,3.4670586133895527
83,0.2829622634909815,0.42546342120199776,-0.6020797992961078,-1.2141164113766032,0.6158057077378313,1.0,2.4259182860031085,1.6985671712917314
83,1.1939344825355895,0.7321166560486916,0.40690306924822545,1.549209663325534,-0.6344719115318319,1.0,10.393078641303374,4.416296188997125
83,0.37652044611920094,1.1136803147611505,-0.9541459538867243,-0.8277018097736094,-0.5451743723052147,0.0,0.3199000191004581,1.5792184381081438
83,0.847866476609886,0.3437714520151101,-1.1711796385782536,-0.4926509511724286,-0.45094410481807395,0.0,-0.48995204051164676,1.2189691669841265
83,1.3291144375426343,0.5921917145542378,0.978003718354283,0.0983145431405126,-1.5501529691760156,0.0,2.858727728519117,3.0695056222314103
83,0.6816832665868916,0.16705303246578174,0.8285106487053496,0.42456488153901895,-1.0448179602974716,1.0,1.0449757935946424,2.3183482415786636
83,0.17265075273713973,-0.6056395352070303,1.5816685539791033,-0.6075370619749321,-0.43831085562270933,0.0,-0.3904423223030261,0.9359797923219706
83,0.6611179568950908,-0.3345804266296357,-0.9073305665136193,-0.5715981531369158,1.067710530696695,0.0,-0.1691146993750905,1.3523136305550116
83,-0.5061527184051968,1.5376167474600952,0.13957795340574797,-0.035744060557870626,-0.1283210779165064,1.0,1.4665973251049207,1.7154943271177432
83,1.3626602933474605,-0.028939802634196963,0.11433236122790445,-1.2563420602139037,0.7971425916137728,1.0,5.0343597895635614,2.4484627439716045
83,-0.4050329588285375,-0.6299810052612466,0.7449010162848805,-0.913663955343666,-0.22298988005352818,0.0,-1.3629910143483717,1.276934685914354
83,-2.0286590151435564,-1.8422762656378067,-0.7100011925773757,-2.310839971462598,2.5632092747073876,0.0,3.508569917694363,3.331427868241928
83,1.1080056420789735,-0.32377337745775164,-0.08451321576875195,1.2262981555007604,0.14543503009130646,1.0,5.357035672986635,2.673414271546338
83,-2.1437492469214066,0.22579802487757328,-0.17422425231712857,-0.6977836842026344,-0.4018536635806823,0.0,-1.5737499453008934,-0.09509945028063704
83,0.31453108304778943,-0.925869795576323,-0.10584896797317897,0.5241448226718654,-0.179599425169318,1.0,5.038749725962251,1.516867255377497
83,0.2915912337596062,-0.030079557433723918,1.0441820743483528,0.39386064633555534,1.4478905114039813,1.0,6.082525022588638,3.067560721267775
83,0.778565867341655,-0.11572535816187642,-2.334354250185319,0.7699796552798795,-0.19206481018647195,1.0,0.5664820042885215,-0.32839525201189856
83,1.5217149350706813,-0.3541556145077939,-0.6812111420117772,2.219619448666318,-0.4659545334883252,1.0,9.504422304521766,2.357893249920895
83,-0.27049767837151767,0.6660069175495257,0.529944468669881,0.12693152075036546,-1.7152811278598714,1.0,-0.13226358327237642,1.3512338675159459
83,-0.043224441569201834,0.9099384959317536,-0.3008819192720324,-0.09942687993378359,-0.3995403576255403,1.0,2.06660537717548,1.949176358088941
83,-0.7080800323278796,1.1306263275039183,-1.4435349276986391,1.303238920680214,-0.8915861493261391,1.0,-0.5795426629290059,0.021676310478284333
84,-1.446816992908665,-0.5492597977454955,0.3995431422970356,-0.09916473743808564,-1.7480502565705494,0.0,-3.490414342527505,0.9940428943614898
84,0.3065271826572751,0.22681541193908,-0.9063784213587108,0.45753013225510597,0.5546364022301816,1.0,3.0914488637898874,2.005691411297229
84,1.826877392655936,-0.4378570096161627,0.12145330551384188,1.2314999945808187,2.2168576629918393,1.0,8.522748497961723,3.672138210029774
84,0.6407975091830507,0.5164163990151813,-0.5744025202400524,1.2820772691084321,-0.44319217208902234,0.0,2.8403310119986376,2.8812836675722187
84,0.42254357549205074,-0.2560876279086837,0.2193599141796097,0.7891459410407985,0.895905375582438,0.0,0.5849276839611641,2.903262342348288
84,0.8382701004823578,2.253610625388212,0.18846804116547355,-0.09701826263789445,1.1527009594936395,1.0,8.133965099201843,6.03944254406332
84,1.6864095749523396,-0.8495343971762546,-0.530441338005241,1.8695578703631333,1.0753157725378881,1.0,7.043121234948647,2.0555746751036983
84,0.24870883833037705,0.32487993523069375,0.3541382404614788,-0.2177224202011696,-1.5576481196947802,0.0,-1.9192522387099265,1.5949244282844375
84,-0.9736047604924619,0.44522427290574823,0.27627217085223044,-1.2455320159807137,-0.5851345873517283,0.0,-2.1463273100606766,0.48721903319856485
84,-1.34932064348413,-1.9339237363597914,0.15652346669910724,0.9015655919575154,-0.35958838429474077,0.0,-0.6401637540818224,3.304886559015304
84,1.2950142679885863,-0.20918714795680549,-0.3840844620753023,0.26770681416554026,-0.7590014270983276,0.0,0.779367793731774,1.761465564060065
84,-1.11152533222943,-0.5511127332371768,-2.0408232002780715,1.338724055689063,-0.2622104137911097,1.0,2.0254656423992907,-0.15380829277696434
84,-0.6017604552545132,-0.04321634432585248,-0.4735708565020695,-0.9565156669963784,1.698800553489147,0.0,-0.7211081071011988,1.7278199177416325
84,-0.32336006641698684,1.3205595794868545,-0.49542875306934736,0.8121541592832111,0.21282734183898425,0.0,1.3964578329234674,2.2161248549128567
84,-0.07062213477919198,-0.4112192325449788,-0.7713523994529213,-1.6299710675143557,1.4601317773120008,1.0,3.514551465865279,1.0344932120333474
84,-1.1084119873814395,0.6073779957534755,0.404203160622948,1.4981042971947638,-0.6602404638667928,1.0,2.1236055659464057,1.616707524799328
84,1.491200221881529,0.27564791919743326,-1.566898240060135,-0.5125806988801659,-0.28906718724672986,0.0,-0.12059875515397833,1.1140953225771724
84,0.770145118401481,-1.4967722967463746,-1.3758015633982048,-0.7035144801627189,1.119890766083279,1.0,0.34897194725462355,-0.801996708006769
84,0.7052950669606384,1.1796894084756526,-1.575995695438833,-0.7191716140851518,-0.6437206440906414,1.0,1.161538013161502,1.2998780360365876
84,-0.8178806517790091,-0.2898003145131908,0.38846419189946507,0.21523420405519386,0.808890706303654,1.0,0.7568834192292158,2.3149680033840143
84,-0.017898782945545585,0.47792852774861716,-0.6522126633854856,-0.4239559379945204,0.05343083713737748,0.0,0.9022804084189493,1.5048344283746289
84,0.1663879113347027,-0.2200174761297981,-1.3329998423975562,-0.9143113575141365,0.9156614831009939,1.0,0.8980040527783306,0.5063138035828421
84,1.0548676717480332,-1.5491643622915139,-0.7314504117844585,-0.26889785718151543,-0.5998948460379147,1.0,0.6887220132593769,-0.9372269234819195
84,0.5381865487459154,-0.19407994298375522,0.5040046239416663,-0.8148239216893286,1.281178501114968,1.0,2.281195307930358,2.428437301009322
84,0.2859283572117676,-2.7148525715888585,-0.09516421064107411,-0.2580607937606568,-2.584799366546073,0.0,-2.7136786672508757,-1.4642523257519224
84,0.40772144925945586,-0.6161389892311839,-1.1142581873206965,-0.19879024357018985,0.15710783418110807,1.0,0.7164291974359575,0.5074512941753628
84,-0.40003155115732303,0.5518019291942166,-1.1751132275233216,-0.0072613592808237456,-0.5659903261586808,0.0,-1.8298817857158265,0.36640314812937846
84,-1.5544905816273522,-0.08504614202003805,-0.060616303410300984,-1.219715905536148,-0.2730681861433854,0.0,-1.9619756062076885,0.5338982617479378
84,1.1637087823924268,-0.13183134476250088,0.830148376384927,-1.146249152712858,-0.7387155291880145,0.0,2.3245451313452903,1.5098835334158824
84,0.08678598537572858,-0.6612748069822109,-0.18416055219622637,-1.0736416509485391,-0.8407877047584795,1.0,0.6792248259690742,0.5891615673186098
84,-1.9719383373538089,-1.6504572431222768,-2.1202620309922704,0.19609968694680596,0.7014495021624993,0.0,-2.1339502478716903,1.3098140466242931
84,-0.361833968047368,-2.1589512156773387,0.32734016410041034,1.1141949990375928,-0.44172037942946757,0.0,-1.0228385703021237,1.967597582479484
84,0.7377805991046766,-1.7737585925933175,-0.9252173499240971,0.5775301202290626,-0.3037515519959722,0.0,2.1863820188733296,-0.5506920666948046
84,0.5373303233750976,0.9104778447919285,1.7650848175353018,-0.735055684240499,0.8921345331216918,1.0,7.037072478390479,2.9811448105860494
84,0.1909345316452908,-0.34739702287935237,-0.15614739102953107,0.37393054338006726,1.6015791094916887,1.0,3.120079762129895,2.7529535435561163
84,0.15234429351098241,0.8337932056279617,-0.429570305236897,1.092291590367446,1.169624762751764,1.0,4.711802912067926,3.4454102033117238
84,-0.6983152863709478,-0.6624237445551336,-0.5478587962088141,-2.0974028568788285,-1.0268067785981831,1.0,1.8958820239824394,-0.2001813576542384
84,1.6865742729864655,-0.9567218743508789,-0.8280540320189095,-1.773015131947599,-0.365575185722822,0.0,4.9594835717863806,-1.0556680030315173
84,1.8264140682472632,2.3194391117900772,-0.42371918852819057,-0.22582015918583417,-0.22147274917680693,0.0,1.955316082486285,7.785242856517144
84,0.9533701497860014,-0.4421423965586773,-0.40518369009361516,-1.2599755204266845,0.9117352280126787,0.0,1.3979253795452353,1.3764065268429673
84,0.7021441520172905,-1.193607607309037,0.8357577570687076,-0.2736183237044841,-1.5311786577623097,1.0,-1.3742036661314883,0.10227982622783627
84,0.04359063428812456,-2.3269256368093947,0.4473707442732196,-1.6658176696698168,-1.2241939305457876,1.0,-0.19801933669380345,-0.5628324694122799
84,0.0998247043504405,-1.3876342141530202,-1.471484017561674,-0.14294413294469935,0.06825403807174615,1.0,1.1169250986088883,-0.45636284837612845
84,0.5595430264645442,0.506906091464443,0.32190773520403476,0.2545050303435565,0.339283630937812,0.0,1.0053705854746167,3.2233421071546657
84,-1.241031534076079,-0.8514608000371185,1.5467923836413615,0.7396583339749514,-0.6055871486983173,0.0,-2.2652651836648734,1.8748769583622389
84,-0.8882248996760973,-1.6879165684266153,-0.18757009599756216,-0.9477574868170574,-1.315178698314943,0.0,-2.4639494823790993,0.9683858945987796
84,-0.28744234046433753,-0.7596612536109357,-0.3340856954829396,0.49149716775653896,0.879753110594985,1.0,1.3022476210836944,2.158099813081334
84,-0.7270584874475313,0.0810395995024325,-1.8220439965982604,1.0003861900179114,0.11181086302621508,0.0,-1.7350716360571454,0.014533906465601487
84,-1.3952927472439012,0.0821797527534399,0.42612025570171036,-1.1258950755013863,1.255388610341165,1.0,0.07610431634562986,1.417161841717935
84,0.9672688173576044,-2.6137481290414857,-1.5780177999220275,-1.1056655442172614,-0.09511409870940563,1.0,-0.17662440382794276,-3.748056849275946
85,-0.4224015331289813,-0.2747966495490962,-0.018346826472034054,0.44055617199065894,0.5815090609581249,0.0,0.5321205922851718,2.2691663396677155
85,1.557726267507815,-0.4270726150526865,1.448780524510914,0.13420070527557898,-0.15145439730114088,1.0,3.9431161010002875,1.7375412804959462
85,-0.5181851296932836,-0.7224053466193565,-0.7392714178976756,0.34181128653809617,1.4007948145897102,0.0,0.5553794220984413,1.9946714484768502
85,0.7171946572423114,-1.1437120746427558,-0.07517710443033268,2.1543062814644838,-1.3570607360646043,1.0,6.153988867130838,1.3246868545175006
85,-0.29397271211170417,-1.3408652771431167,0.8597031312428879,1.2186271761849066,0.7657151359037097,1.0,4.827472426655393,2.651443948326994
85,-0.21463331554287446,-0.6274541227316537,0.022456584733609265,-0.010378263291584384,1.1766115377670794,1.0,2.4657268072269516,2.3077216306776296
85,1.1889825494807962,-0.4529215299272529,0.15074738195833473,1.292322984292895,1.0415540642403949,1.0,6.709266036797518,3.0604860440835195
85,1.316625100658813,-0.315700448648006,-0.053183628772166265,-0.29505438440622256,0.39536500952931547,1.0,3.427617414539366,2.106952773335664
85,-0.025755689597308416,-0.7614994249416942,2.2890979056722416,-0.7083682431062422,1.2562865060567816,0.0,-1.378378402072237,1.386386631045955
85,-2.012130913581083,-0.9350540356400167,0.03871663229749335,-1.3268112867953312,-1.10490806839411,0.0,0.17672236123717155,1.2106078997328398
85,-0.12407760568375742,-0.06263074278274937,-0.17799971310509247,1.0833975665447932,-0.3068213632733284,0.0,0.3044817670791261,2.1979049782641598
85,1.1385325985222186,0.5737470321061819,-0.819770633098383,-2.0526694398499394,-1.1461792016052696,0.0,3.1200350339400194,1.1824487673898565
85,-1.650809716420616,1.0240683730639404,0.45638669641763013,-0.9685245025080289,0.4551751059358979,0.0,-0.7689867403628742,-0.13474327837599764
85,1.0569683133236878,-0.6750139722027362,1.1549436413293528,0.5899635774232883,1.1842080949917158,0.0,3.123060891396662,2.346036537866296
85,1.0709747497563964,1.2774879975620566,0.335261677751843,-0.1797419588565724,0.31258258503863107,0.0,1.1597372405823647,4.7207641598540135
85,-1.5133759112511356,-0.6778525357032134,-0.38628261096251276,0.9906586795762057,0.3618544096473333,0.0,1.2594833901304572,2.339662688772754
85,0.42657362465419973,-0.8527006139596611,-0.23390460175301664,1.1127009403041672,-1.2251959657371903,1.0,3.9386967668778174,1.2227659137337867
85,1.8624243377781695,-0.5510655542591154,-0.1718035450745896,-0.5012565566156114,0.780742255349037,0.0,1.1916576912510721,1.6684806047659342
85,0.2149238736178368,-0.07790398217862606,1.3027084827832394,-0.21132545919865953,-0.22403877868525407,1.0,1.335311113401739,1.7503267124398387
85,0.10924693438911648,-0.6774001744928,2.0596715890902257,1.5355964334324055,0.8302207066674329,1.0,4.844914414097323,2.385030654458011
85,1.1087461806174403,0.5740875735389531,1.374831562762127,1.0279350648080732,-0.8199090651580297,1.0,7.487461859367972,3.4640759869311433
85,-0.1068274247484043,-0.1351431590810199,0.9235419447393697,-0.7206464014395361,0.08833909993917029,1.0,0.0805427711852087,1.6420674108088067
85,0.9768813457411387,-0.014570617358609537,-0.41407697178164704,0.580488217516412,-0.4971711714092301,0.0,1.5859638543043384,2.2170297233544893
85,-0.41434739304171453,0.44859445439790246,0.8762035234626465,-0.2691187589745709,1.8355869301446992,0.0,3.035627730257481,2.6926580728226326
85,1.6739873898203472,1.669705267339598,-0.0017941339322260779,0.48944797858042544,-0.9373307882552104,1.0,8.453949049716194,6.242071809561714
85,0.07917841861947857,-0.3611915182645097,1.118085795625482,0.9907797017073429,0.3258226037980786,1.0,5.6606671775990955,2.4851435507275426
85,-1.5915669110027095,-0.23087154066398258,1.0640129399930365,1.6788884744855952,1.152910419179091,1.0,6.022691076005363,2.8895016405452165
85,-0.8883539088345048,-1.2366784113032439,0.5636429297165207,0.3681560945282796,0.9072680123087834,0.0,-1.8992178767903574,2.8009398782400927
85,-1.9221646187669108,-1.864505590667366,-0.3954549120483533,-0.8479766575281547,0.15428277970540408,0.0,-1.3239535532418902,3.068798593204235
85,-1.0848906436969006,-0.4666835245121469,-0.8243323218416734,-0.4750098525791325,0.9656799281107504,0.0,-2.265614167779148,1.2427296379006756
85,-0.4689374014638716,-0.46111619055997266,-0.24006285190907367,0.9566661124313208,-0.43534157834176257,1.0,2.1300935787430944,1.8631617061220411
85,-0.5227343944518041,1.617873327782024,1.940747016915747,-1.4290314939225348,0.4803149784257222,1.0,5.414934254049603,0.8362972245001021
85,-1.1921822656179168,0.35514735391430036,-0.6550476529758829,0.7625823700828539,-0.28893089593676824,1.0,-0.3694285127007535,0.8604029766660446
85,1.7445450019051274,1.2980289239357492,0.6212669892458011,1.4525241853242483,-0.6226781929508383,1.0,13.755276812329711,6.324454963626213
85,-0.40627117967166676,1.3565836485321026,0.275596210667556,-0.4606196744619473,-0.5317646310740095,1.0,2.553215853712402,1.5278844751855898
85,-0.6726405142487581,0.3217930429433902,2.808196058243465,-0.49978239370830474,-0.172230678864135,1.0,3.1152914954966793,0.7312804738670207
85,0.02979491886939026,-0.43169406844542885,0.22598093751571585,0.15795503959653132,0.5007993230455511,0.0,-0.5181132521546448,2.2031305702564548
85,-1.071894221396534,1.0803120149087813,0.22552048837150573,1.118381361670214,-1.1454351361338238,1.0,1.2640390128131669,0.9201398983913622
85,0.46704186265763437,1.7498894661115663,-1.1122140653010943,-0.6104399301532815,-2.1107441821400057,0.0,0.0072055218648152675,1.4517155043830197
85,0.7720537804728989,-0.9430031653159352,2.3557728285746076,-0.01922494295938618,0.8876609836907692,0.0,0.8662429297481253,1.091772024906553
85,-1.668049943870883,0.5900369625744534,1.3388015269946025,0.8666822447534613,-0.2245431792016717,0.0,-0.16337660485984007,0.6971720215113731
85,-0.4064661038491655,-0.9675057370230815,-3.053576244223579,-0.3700133510495757,0.24405008623975702,1.0,-1.6385429124540678,-1.8796264433637782
85,0.108446020818007,-0.005170326578125058,0.24324573220885973,1.1613649078324928,0.41578457175170075,0.0,-0.15905070660390708,2.9318360923984104
85,-0.0223699429577308,0.7383832329218373,-1.255047557348786,2.4280124745247473,0.06322636018087116,1.0,8.884717364031976,2.2701130044479663
85,-1.0729792077231852,0.3322701543249479,0.16009149916668108,-1.511192884155181,-0.17499405205648033,0.0,-1.0264528871617058,0.4972914896006715
85,0.10239912049497357,1.213025723244754,0.41039581496265704,-1.0780924153936475,0.07044642563668926,0.0,2.0327587797697593,2.400263077112787
85,-0.2129696508698528,0.8445111322084834,-1.3520176778306563,0.5775094297561006,-0.04488527968604054,0.0,0.8559756296467766,0.9432562830571712
85,-0.9476672281067429,0.18156005496821923,0.8065238503815355,-0.959325286580841,0.537776514873592,1.0,1.4553029867014595,1.3293874313942764
85,-0.6271970603263624,0.053374498968711326,-0.2160373688125621,0.4020540012845312,2.2266487190736495,0.0,-0.5397500284646273,2.8626996148438772
85,-1.0066429928953593,-0.5394104986528286,-1.7541994787603883,0.70047564852226,1.2128991525896629,0.0,-0.6758403282855402,0.6671780143142576
86,1.7246935827989274,0.4464031280762456,0.3842957746684769,0.3582327039606879,-0.832257054216161,0.0,2.6184762954237515,3.7376553590723622
86,-0.06080999620282492,-1.458945331432344,1.2337927112282525,2.3324354480760556,0.34953492954715704,0.0,3.9551829346238523,2.6173830845605637
86,0.06769986060227212,0.6977582546614398,-0.6576710768361748,-0.27053589092020613,0.7463080246508815,1.0,3.913262116150167,2.1304357124872433
86,0.12624700270673211,-0.7910563992992725,0.8989937189993601,-0.09630700110494078,-1.090680818971582,1.0,1.317776726100556,1.0461276521841663
86,0.39750961247010225,0.14628697425803425,0.7688860523101121,-0.11318035280906202,-1.0706115556756075,0.0,-0.7256551957178127,1.8412815259947568
86,2.0493166946689976,3.037181655170028,-0.9512409494846283,1.1274327678315736,0.005283124361189916,1.0,12.370792419970407,10.438806951244423
86,-1.1819884519186463,-0.6172323505211204,-0.06053494447382131,-0.0502585065762848,-0.5152358291774963,1.0,-0.9392305330647357,1.5151047888304017
86,-0.641578069911382,0.07143246806096443,0.9773989041957143,0.2754610341818629,0.9207935131353344,1.0,1.3708527534795596,2.315105283077393
86,-0.21029478009661637,-0.3418365656051002,0.5413845400170547,-0.23579208194810644,0.7858965973420778,0.0,-0.9492470106143484,2.1985613178915107
86,-0.06877967660578534,-0.1657553166112731,-0.11480673454744114,-0.9646676612990848,-1.1424059079475497,1.0,1.0714531736694544,0.7766098908989756
86,1.6652269998774918,0.509764502235567,-0.9715322130961869,-0.0937088209636133,-0.3626602643883382,1.0,3.3730140602635683,2.7864536819260786
86,0.25888660197751684,1.2576813103917546,-1.1077881107184304,-0.39217326859268886,0.7134560962270947,0.0,-2.929810240729606,2.1372697691665694
86,0.6088373009134306,-1.0600947752664946,0.292609669394389,-0.42546322440273815,0.09680236038242805,1.0,0.9892354301004114,1.0684147964165356
86,-0.11122874822257707,0.7793166785314581,0.6933367920289438,-0.932872329281923,0.3512509201668459,1.0,3.548585117398896,2.072336971139772
86,0.36000789554981844,-0.8371103973735551,0.2745406456619389,-0.4319111310951746,0.13276487846474297,0.0,-0.9810729229671409,1.4103294254509486
86,-0.24766284051945078,2.097171723687737,-0.40574527533872806,0.7191946127274804,-1.2768386840428738,0.0,-0.6782156075295733,1.8424767515884033
86,0.9796894961633305,-1.9488638337086437,-0.4861428208452066,1.4531385387350426,-0.4512662029729501,1.0,3.405654105322246,-0.2518622597682001
86,0.22992447099711222,1.817552380218427,0.20991272953084836,-0.7783536671216,0.614908205894736,1.0,4.40175591330577,3.442920932684002
86,-0.8731264887356864,0.5980532384928586,0.6647346735081213,0.040255092423172094,0.751814142909719,1.0,-0.2572239958076459,1.855769684659551
86,0.5392544614113901,0.2824196312670606,0.7704256333954377,-1.0683449567119525,-0.43766521942208897,0.0,1.8155655147273952,1.9129551273057277
86,-0.8237555132391211,0.2486287304870457,-1.028736007848789,0.4746703600602213,0.5136712397831626,0.0,-1.52191605487304,1.003332169751055
86,-2.401146557033733,-0.5032225474805431,0.1558733512857756,1.3310627220785471,2.408931806122672,1.0,6.75106051718526,3.6919368007250224
86,0.24449796444518423,0.478663804441567,-0.4811698263900774,-0.4521906197986463,0.06264471896382065,0.0,-0.8855703078036015,1.9297094611835834
86,-0.013724995604597955,-0.02608403322395019,-0.6191279860362808,1.1178770022326385,0.18815690469267146,1.0,5.119324808975311,2.1382912672033423
86,1.777607625038952,1.3076838869041165,-0.9915653013530663,-0.07570466884860332,-0.8007096353708263,1.0,5.3068613149666115,4.480585358015977
86,-0.8029498003245035,0.9418194520926234,1.4317777029370569,-0.16672881810830129,0.9251670711952178,0.0,2.5203693184188434,1.5468803361455743
86,0.5383719208070519,-1.3639994437504641,1.7779856016523101,-0.7898632385768919,-1.5189807855346282,1.0,-2.0828383791290226,-0.6182920771620319
86,0.044929288032315294,-0.346443370524699,0.42789828898667115,0.6992976186294815,1.794213934419254,0.0,2.2156280679485043,3.204222309240693
86,-0.6305218033303412,-2.879715398197005,1.5166326395822716,0.015012194863860451,-0.2269638844150998,0.0,-6.727217982617592,1.7670824279181336
86,1.7094145860162746,-0.11877108474875066,-0.6546673180956387,-0.11196842333505294,-1.2612709318092015,0.0,0.2348430033326454,1.3715899298161958
86,-0.0727870251326625,0.0036947352676184315,0.1955640798418576,-0.3389060787903272,1.1999893255995786,0.0,0.11801229922873663,2.474446803285378
86,1.7738251740913424,0.7638741595919758,0.8465075275117614,0.9551968235422248,-1.1411776536796487,1.0,9.833461060288503,4.616695171324604
86,-0.09622758571501716,-1.099191300840691,1.8325115788340327,-2.430234270434509,-1.5705126810547483,0.0,1.1602973841318156,-0.8347923797696555
86,-0.5771950687841331,0.4775186723854478,-0.7401118471397626,0.6061135275474985,0.8969489826702853,0.0,-0.427928028822262,1.7944088473228539
86,0.5676805523439229,0.19628328854608143,-0.8157677558942646,-0.14952550176244525,0.1378005685802739,1.0,2.3726517924200734,1.7649712573161516
86,0.9209448753981747,0.40559322389080177,-0.5908824882373718,-1.8912976847471934,0.8502117762777847,0.0,5.300977412992764,2.051263225872745
86,0.3809613190487987,-0.5138914669748971,-0.8305958047004484,1.0798572630401198,1.8230013341754887,1.0,4.671220315669956,2.448329528520827
86,1.7182463400562473,-0.007672193666962406,0.619483039065946,1.780889708240363,-0.7951940832323923,1.0,10.060005857902114,3.4588724069176653
86,-1.0440916004850265,-0.9612882224602355,0.34930607485849574,0.11526273463444191,-0.7123156583179003,0.0,-3.414720641603206,1.816720054899594
86,-0.27635312836543474,0.6085396515843261,1.309303602596944,-1.7108095838137563,-0.30917868996319803,1.0,2.980122256532872,0.9011019082144818
86,-0.6241881494891925,0.2262892886595845,0.5187021910537635,0.3627415071473683,0.5371852865230788,0.0,1.0319876915699238,2.23758127375706
86,-1.778607540040405,1.547852186988193,1.4713662263720728,0.3485568354055241,0.5125673081990921,1.0,1.8364680636491855,-0.6028877141707736
86,0.42994760453820463,0.5761431742862898,-0.18854867113548038,-1.1275201281884701,-1.1869607032791474,0.0,2.7765551046041397,1.481519312927957
86,-1.2529035446014156,0.9420660979990427,0.6005001883517634,1.0692169968425513,1.6431166646369602,1.0,5.619785602647435,2.145733332271287
86,-2.4178118389919834,1.5057254611817399,0.3741659739241191,-0.21351436050776346,0.28097245044450436,0.0,-1.3257214599652904,-1.944979224204828
86,0.0441655699820907,-0.2727478784364631,-1.3128488014656203,-0.8354929709491452,0.5045903542339262,0.0,0.019651598167950368,0.3068835920071648
86,0.6480951683645484,-1.0344610899837912,-0.5776312525878895,0.20682049512670356,-0.06136161168965566,1.0,1.6966006322030218,0.7580600526386784
86,-0.038068961328939936,-1.3257362214296498,-0.28652937202645473,1.4688208065179182,-0.06948944416941384,1.0,5.1788854664764115,1.8841983408977863
86,-0.5792817605384349,1.5025814730016263,0.4485544916294456,-0.07963071058097353,0.8877156540114501,1.0,1.7629732504551885,2.12062644044347
86,1.1598229588855138,0.93431219170998,0.035816560163741025,-0.8525021634182062,-1.0297386604843934,0.0,3.1805534111289466,3.2068508297147202
87,1.8663075103939684,0.39059071716455757,-1.4816049521021195,-0.08422502922076161,-0.5266556884200165,0.0,0.30001573802952286,1.900241835158599
87,-1.8105281928912662,0.7243137799756181,0.2806313716317471,0.30122370338270127,0.19423090849962377,1.0,-0.8364582197138135,0.49442602980647665
87,0.8474507605041371,0.5967654165172774,1.3695409595397203,-1.1118132180440905,1.9182234079278044,1.0,9.704624201102213,3.515712486708034
87,-0.41081116597426126,-1.193183955429814,-1.8674129897738843,-2.3855219438487225,0.08118587259880464,1.0,2.903704616806225,-1.6899850953749525
87,-0.7143368668661156,0.129229630082112,-0.3004041735427502,-1.3249498388077507,-0.10656552906702707,1.0,-0.19367666215453694,0.7043900914899952
87,-0.710832643696431,0.9726474086427586,-0.911361265499115,0.5696805565649389,-0.289002680271997,0.0,-2.123734793364783,0.7368466159697526
87,-0.18340361804260177,0.7523601702492503,-0.24289998453642847,-0.6189824043034551,0.7083215917302323,0.0,-1.10095682653915,2.0403568577012035
87,1.7437679009563734,-1.1967761319023957,0.33311341722637117,-0.43102889791271654,-0.6398292399337948,0.0,1.4915544951009696,-0.2372474003776347
87,0.6475176396665108,-1.314673337672541,0.19303634849080878,0.213409632855613,1.3653165622907275,0.0,0.5994812588595959,1.6824555141035922
87,-0.42618696760886754,-1.3368921145021933,-0.1463966600319299,0.13144900317471941,0.7929658961541035,0.0,-1.5611294516860772,2.066538708935059
87,-0.5089551390664898,-0.124830290603122,-0.6483205082075352,-0.23222630964909075,0.7141383798573754,0.0,-0.7597177302786512,1.460535164998156
87,0.6475841111938417,-0.9568801261210226,2.08468290265063,-1.0997781798263375,0.8649018050494041,0.0,-0.8828809958136363,0.6590293514743635
87,1.0452996783269262,-0.12797115414730784,-0.12700495563256312,2.287671650767216,-0.8592482325214474,1.0,11.567126539152111,2.9675509929781834
87,1.2544885362627214,1.8998429122135085,-1.213145583931637,-0.8563075275836767,-2.9440074957622966,0.0,-2.274017454938074,2.803841175574456
87,0.11261075791046875,1.6208073624255883,0.13218974737273176,-1.563084971094567,-1.1512461762148527,0.0,2.2227476290810633,1.7494343563622283
87,-0.27905425430299735,0.8591112408756015,-1.553462861696464,0.5917991645214911,-0.5334615317290536,1.0,-2.486668208601259,0.3200598292894852
87,-0.9287327423135457,0.09109480046490756,2.690887401652943,0.08217417842444616,-0.5527759336255212,0.0,-1.4666162280721995,0.7065810102949378
87,0.42271923021912694,-0.9588565552135144,0.09021302941755865,-0.40806821880582506,-0.2292664139631468,1.0,0.30541160633096387,1.0489769945549008
87,0.24599087677705658,0.26403845046151525,0.9722582313607606,1.5075115171803046,0.11682530106926707,1.0,6.627749990946905,3.1816985469103876
87,-1.0861603430807054,0.8230696188675831,1.4722990000739007,-0.004808429804574562,-0.9806869995341407,0.0,-0.6585126072618963,0.31620898197711345
87,0.5271962417036298,-1.1121349773614067,0.8930382398149863,0.4560865308832406,0.4881410750531168,0.0,-0.30943485689082406,1.6668983695803363
87,-0.34678365188621774,-1.0116780391377547,-0.11374770019536279,-0.43089593278838123,1.237190960083308,0.0,-0.4697842479113335,2.011413925567221
87,0.8526026995692093,-0.00804136405947975,-2.2355937496339497,-0.1272138225835721,-1.3863578122171205,0.0,-2.4636089532708842,-1.076057821867448
87,1.3659985305745597,-0.3675492641288879,0.2551212257301925,1.6636631641523663,0.12104758655631079,1.0,10.036430462371515,2.9847015766730163
87,0.013385634948209801,-0.013473351036365978,0.6864426277209245,0.4215394360433219,-0.6706441722940872,1.0,1.9843398869636795,1.9919502682657892
87,-2.0243089262359066,0.024379648724005824,1.3567185144211185,-1.3618591941324378,0.024177716949576437,1.0,0.7776624828541466,0.1726483215007888
87,-1.9313435344302394,-0.07295119706064848,0.30780164516075037,-1.063741562294364,2.476434233794308,1.0,1.1744263949126565,1.9519955106313942
87,-0.1252193292323232,0.020611249633751536,0.5540028239234013,-0.19349924943815366,1.3043915227223024,1.0,2.3979431202852775,2.627988054832627
87,-1.194070247061459,-1.6873889908682855,1.7629562750270513,-1.7333888040795566,-1.4703943874737566,1.0,-2.9155201404441025,0.6627383808967786
87,0.46306011646578044,2.08162947129951,0.8953740625644641,-0.30611859066089936,-0.7682303953411854,1.0,7.3844419055002115,3.772003843208396
87,1.4878067238113433,-0.24334195855420263,0.3222148703280757,-0.16453542916789893,0.7087212589616413,1.0,5.012497939123475,2.6419232967702073
87,-0.9543779706609993,-0.718139928250217,0.2612733486334698,-0.8800637635537831,-0.33153147068900973,0.0,-0.30361060556073194,1.3400188767070014
87,0.7590671149358187,2.905663521819989,-0.3435515878561392,0.5424161305003986,0.7350090281812095,1.0,9.620561538695146,6.446460043742505
87,1.0866051411432132,0.03289486591466769,-0.5308144050188706,0.08389605833395376,-0.802366540201378,1.0,2.4596923441293765,1.8332463660451097
87,1.0487289010886154,-2.1581168063875755,-0.696256772005158,0.8755681387188273,2.0615453228327167,1.0,2.4291242322495483,0.0697032022899533
87,-0.14670741195467846,1.0304230052488086,0.728833900009253,0.4064935037368267,0.03363306474813599,1.0,4.8923690939217375,2.6211188707794086
87,1.1780347942330724,0.9361268171445036,-0.6616958344874092,0.4777057434819306,0.7191434163069257,1.0,6.522013079636233,4.216398782092606
87,1.1629274131171778,0.14386375596211848,-0.5020667417394634,0.7638481758501453,0.6031233671228198,1.0,6.990072833523813,3.1297409302811015
87,-1.363004824229557,-1.8092774751160257,1.4727990034861702,0.4400730961006857,-0.3343089563402259,0.0,-4.469653225034113,2.76703489503128
87,-0.47372278601841644,1.1753926431644095,0.17468961685972872,-0.9890621698664381,0.8790936322839416,0.0,1.4846482192666781,1.8111657223276354
87,-1.2490991556328896,0.24108244700201312,-0.5988244801492597,0.1768492101377225,1.5096975318851857,0.0,-1.6958896015724005,1.5647156885824467
87,2.155724190919682,0.12854846529085537,0.06786494076566095,-0.6618697702457539,0.5536409926070653,1.0,5.312300231445473,3.3967675046075123
87,-0.34141732846459305,-1.3174883209288377,0.6346492149815582,-0.7157285439397593,-1.3287505040556753,1.0,-2.5220133411482344,0.7207253263335929
87,-0.28040595891690273,1.0923075416216692,0.7626794050536156,0.15351211905656376,-0.2885180542064054,0.0,3.277406451441374,2.1364854941377622
87,-1.4455753337001083,0.8512094113051132,-0.3333662458472931,1.3193440766962556,0.6785347061640904,1.0,2.1640997744401935,1.2495321555158765
87,1.1533391154876824,-0.17801648853420374,-0.7484773253980656,-0.5230679000168498,-4.132540966382328,0.0,-0.8050603744451292,-0.686969227573854
87,0.205034907410756,1.8872977747145008,-0.4916654273741082,-1.4207285288709746,-1.6147029082517974,0.0,-0.37494408531354506,1.551127675404376
87,-0.05168799029562761,1.5642505668127822,-1.7522446647603183,0.7570483280987751,-0.6222852774889871,0.0,-1.5347667833830976,0.6862331897396126
87,0.4862424186933215,-0.6827028963384145,-0.4747827131930966,0.5910739287741829,-0.14236965443511193,0.0,3.078091112297269,1.446163508425826
87,-0.8462329558301467,-0.31663087121176253,-0.16855977036867717,-0.6190310324246404,1.7102319424348467,1.0,3.0730000686210484,2.1336595404299237
88,0.1371962837422181,0.1217190856915686,-0.3678090543516622,0.4004786782786624,-0.4866800481474378,1.0,1.722745599072927,1.8522692658553377
88,-0.44940652625380323,-0.13147297359303006,-0.041073403452063915,-0.4358330905820579,0.10437427988361146,0.0,-2.6373834586493707,1.5815355617032754
88,-0.07886529925216773,-0.6967994189770231,1.2319433973852907,-0.5718259726894209,-0.16964058100553495,0.0,-1.0984843352920712,1.2447648242578204
88,-0.14442119404088824,-1.6348421542826062,0.4553892117859358,-0.5176279080853496,-0.5585245024062631,0.0,-1.721487483092658,0.9341824987092573
88,0.33666289495815155,0.2552305010846441,0.10232740538626614,0.40430080073098057,-1.1524725498350936,0.0,0.07264361854195456,2.0537202833194703
88,0.09505187562333714,0.7618561718847915,-0.609686950809229,-0.626297682327549,0.9926888982010167,0.0,0.347321530653424,2.199049327753734
88,-1.9202596727773915,0.126687762269567,-0.3682146354218459,0.3141086649710195,-0.5767770900386762,0.0,-1.498098938114349,0.4774705883181223
88,-0.9898395290997488,-0.228694905795744,0.6835012257802715,0.30661789848896115,-1.613229049488547,0.0,-1.7952680510119872,1.080915488741132
88,1.649148883045833,-1.0636677201669007,2.946902711870075,-0.615561979968106,0.2519932744894355,1.0,0.06188156148491086,-0.1508465493201383
88,1.6380139869797892,1.288415863364323,-1.3037140029685124,-1.3494598368431046,0.04937183210257293,1.0,6.374861889871486,3.535675460532805
88,-0.48142159941755086,0.06497013524598931,-0.3146790519194447,0.8925223770830334,1.077974030456833,1.0,3.484781541873257,2.539300684244383
88,-1.4713467509363571,0.7429996806176764,1.9907730420197152,-0.8331335662281668,1.7838395177367223,1.0,3.0690242288630123,0.6056166037028892
88,-1.2501095536454243,-0.3971230667897613,-0.04773969843345219,0.08123414281599575,-1.2800328746291538,1.0,-1.9761295851137781,1.0484224914312619
88,1.5416077273667892,-0.5672768810537159,1.2593239893432346,0.650684053897338,-1.4369848872780808,1.0,3.1553894551693498,1.1556190394175354
88,-2.1869341356510157,-2.0984294432234223,-0.5031234953554232,1.522205884496059,-0.011261697717126762,0.0,-0.2549799137209565,4.826436336855016
88,1.1800671718287308,-0.1124685775782492,0.7206278323904968,-1.337573673831307,-0.49568338038429416,0.0,0.032312510156775165,1.596155807892608
88,1.3442139959768924,0.9420869050286393,1.0162860074865874,2.111396970622722,0.20901402154648852,1.0,13.272611949331463,5.604392410704067
88,-0.6949413111228577,0.9781930821711171,1.2717899335590277,0.7965029818663367,-0.5808316352927992,0.0,1.915032786504707,1.500140574678218
88,-0.29745121586103096,-1.1562394894096855,0.6027723415083608,-0.3212410869437967,0.795000335535612,1.0,-0.2355645936690529,1.9791123478025416
88,-0.9885816346772535,0.05596875739058477,0.7046899602085073,0.3279951305872703,-1.5483241960440126,0.0,-1.7846720690344882,0.9823567544879115
88,0.5122229505619507,-0.4527238727614878,0.10601048119483782,-0.5627717474554316,-0.7488697708431166,1.0,2.806743893188889,1.1894246118216547
88,0.17447752754517723,0.9870407983275372,-0.8571401421254478,-0.6542421759759931,-0.08133403800089803,1.0,1.01244698943889,1.6112195421227269
88,1.949669526442381,1.2519247447771784,-0.03944754821125594,-1.0079740397863923,0.8075169486481019,1.0,9.686517334362561,5.920906386585862
88,1.3582071671309675,-0.9289484571041576,-0.8903552869001871,-1.3050756840929751,-1.6489947849098878,1.0,-1.4931033882785008,-1.3401520718300939
88,-0.4911298412155406,1.4961773860673466,-0.07080550936020867,0.48835303185258916,-1.2792232213593393,0.0,-1.7280070417634326,1.334362897955911
88,0.6705717695523566,0.17566390718927585,1.056219621702706,-1.019424534229268,-1.152985080730895,0.0,1.6960213306400844,1.4749845132760924
88,-0.11860010913799664,1.094020607212799,2.238870252412356,-0.5981906843363596,1.712677802794699,1.0,7.0196485272947085,2.415162833774146
88,-1.2570371823516244,-0.10496490086216266,0.4386787678960383,0.42645261950312635,-1.084479056612726,1.0,-1.3348385265340807,1.2465835452720486
88,-0.4823761945955581,-1.3688052007810494,2.0605350815596637,0.26935519865315216,0.4435853324329837,0.0,-2.3210179442047636,1.651030785671279
88,0.3477489311238126,-1.1035213216473072,-0.9478087319348291,-0.5636750910604786,-0.15354046808535685,0.0,-0.12478608862528084,-0.010682597940856908
88,0.5194808778538793,-0.5295413025260018,0.4708572492551355,-0.951314365586868,-0.11995986934913799,1.0,2.6916688357430805,1.310854438343311
88,-0.566276910640042,-0.34577349721256145,-0.4383998543900662,-1.3961328348914432,0.2850694140186963,1.0,-1.1635273554128627,0.8704787760265797
88,-0.7900070578878768,0.7828925309058701,1.1055871484535003,1.0572450642460396,0.3062297881165638,1.0,2.9859082916696433,2.061092871680078
88,0.5677618654584614,2.0691061235631074,0.03317981703064583,0.023762918851394355,-1.6132362805100624,0.0,0.8532255963775703,3.7144963751107665
88,2.0534784653381166,-1.0648685997055969,-1.701342119836564,0.5656406593367572,-1.5602723742489129,1.0,0.2084067039122713,-2.170542033334736
88,0.16331401000883014,0.1801614142881957,-0.6068358055686084,0.44454903574098814,0.8101107680794553,1.0,3.8541442935511676,2.3465291699322286
88,-0.976804269322624,-0.5035954279347493,-0.6894751268046476,-0.7624824330805641,0.8465221679388946,0.0,-1.9349277792911241,1.22057662946673
88,1.976301166550693,-0.000764969511372826,0.940156539750476,-0.8882636984609317,0.8992144834095435,1.0,5.611760209194093,3.051471553593297
88,-0.8914567149131963,-0.28031868137041893,-0.790668525206549,1.7370087908501088,-1.0001035128713274,1.0,4.455809041313812,1.340492918403662
88,0.4494797270424218,-2.392374010447095,2.2757204542233866,1.2458559895514483,-0.007833775552584563,0.0,-3.398977902221026,0.06212453296615683
88,-2.6654409969583983,-0.9705844756786057,0.2271079016335201,0.5480256701264004,-1.601039205067101,0.0,-2.1028480182668905,2.3303917550392446
88,1.7367746055823274,0.18984000770301637,-0.04745243956760312,-0.5073656965746374,-0.008774169942825358,0.0,1.0663554070505612,3.0100948023387306
88,1.325047063539254,-0.6809362066828037,-0.1801792639927281,-0.11459404208618039,1.149152174910186,0.0,0.9670597975172727,1.8307839251452076
88,1.4392628860874992,-0.4818318843203372,2.6187299269394657,-0.44518769261427776,1.002776394954291,1.0,2.904159472848506,1.5069988734546982
88,0.9607768231125343,0.4845960717184367,0.23776444824798376,-0.6831170704677375,1.074151486434957,1.0,5.73028948036247,3.474541497511087
88,0.7249697090572499,0.5426825035685667,0.3660700262199677,-0.569908963603919,0.6477989087843263,1.0,5.175011660538046,3.1829757501036253
88,1.017232409442345,0.3106495494658058,0.9963786944574814,-0.30692259041653863,0.14559256124940803,1.0,5.644792528834472,2.940814081824828
88,-0.22050748206779308,-0.15999007689521028,-1.2307635199329605,0.8688947211059722,0.37846598898924344,0.0,-0.043789892027210064,1.1868468453951173
88,-0.2598461687388231,-0.9068647029787092,1.1043914977433387,0.7442519329818126,-1.8645641391071344,1.0,-0.7968846048255233,1.0940075536274785
88,-0.5674447182189358,-0.8666625768166263,-0.6180565813720496,-0.6398208705655724,0.8431150084038603,0.0,-1.8009872201610966,1.382354345955651
89,-1.1628037449932465,1.1768685689118863,-1.2729921304744873,-0.7482755435609812,-1.4324799192148954,0.0,-2.0952143868543223,-1.7948867994254565
89,0.7203667214911862,1.6338321839525332,0.4631987472779433,-1.494477197691807,-0.35958849122189857,1.0,8.719005631472477,3.553252153679605
89,-0.29973668024229766,-0.2659767106205752,-0.2459786410632823,1.1195861482682314,0.7739543347914402,1.0,3.2507397500695063,2.5905466866920506
89,-0.6611515017836344,-1.5811978992871047,-0.5335188358509817,0.2739804947630983,0.47304117175505894,0.0,-1.120574635050371,1.892010924148149
89,-1.0853230332327033,-0.08213104276541756,0.7086777239181541,-0.17216350121327062,1.2717614575578313,0.0,-1.787536873378976,2.1687726315679554
89,-1.335753880292823,-0.7247805102762653,1.7344008776816264,-0.30787368541484894,-1.5515035690238352,1.0,-2.034132629488353,0.7124973204035921
89,0.6388146195334968,-1.6485354182940606,-0.01268895157988617,-1.8526455371611852,0.4987669313801051,0.0,4.033429681979235,-0.24133320775171463
89,0.42289645178850405,1.0414048526681663,-1.2791045008033952,0.9157367084314864,-0.40402094830311097,0.0,0.9698525187810006,2.076435695948888
89,-0.11928133735506467,-1.4613673355048222,1.2285115492359768,0.6387721280651589,0.19095784254187542,1.0,1.8697512471493003,1.7487504781720273
89,-1.6767832640836182,0.08127638364692852,0.8820510263665597,0.7615338957386408,1.5865499911649832,0.0,-2.041212784281276,2.316600135942589
89,1.4029067388695804,1.9481294615191402,2.755627523437565,-1.7874384349323502,1.015663636739943,1.0,17.33027738235566,5.474052874935184
89,0.16375814992820742,0.8183400860911005,1.3306306630256528,-1.3928297988964606,-0.10560386742684358,0.0,3.395719460536009,1.7790210135459061
89,0.35563698677749483,-1.777424567164726,0.45675386398440593,-0.5166930775687152,-0.8127394736328835,0.0,-0.09363103718200061,0.11813783881348416
89,-0.37986022708378064,-0.3407065455392303,0.45404529218746054,-0.6175872099709004,-1.4038745853345789,1.0,-2.0014667200514706,0.8841094047384659
89,-0.6279875484900707,1.782634725701414,1.1013353967973833,-0.23123751642874535,0.601502057373357,1.0,4.554884090487989,1.6460567481096045
89,0.6397462527635264,0.6792891787384497,1.0844812815521032,-1.3474653673230035,-0.5149781364611329,0.0,3.934829733846476,2.172480654855054
89,0.018821717369594353,-1.018499124750445,0.014125041220827809,1.605347365940583,1.83633433867496,0.0,4.18935000862699,3.208795009824395
89,0.9243844986282563,-0.2234904198924221,-1.010861281637475,-1.71081693787567,0.37961628921888485,1.0,3.309059445847292,0.5039561579583024
89,1.3387726850264086,0.11569381301824916,-0.9238132372095317,-2.237699346718198,0.24279415084461767,1.0,6.725956541927494,1.025543690927603
89,-0.9311383898790737,0.8782605220782838,0.9519212597405196,1.530009630271891,1.5366118710603665,0.0,4.529408483289719,2.745169592611997
89,0.7272476982210445,-0.8196135720024008,0.15548620453242523,-1.0133673592445795,-1.5395625366560037,1.0,1.7164785530929447,0.14696948744855876
89,0.3982781647179652,1.5410286297177267,0.1633529423767038,-0.013813188554827901,0.241736329763304,0.0,1.396717796347123,3.765737043733216
89,-1.15592799022157,-0.028840627581527865,0.7371416507247129,-0.5755360815109666,0.0406964737580415,0.0,-2.3356798229928164,1.282497291028755
89,-2.5557465247586166,-0.14746457314485248,0.4947923059255119,-0.40539087868966595,1.632202992362567,1.0,2.3723763665028375,1.7661460833025702
89,-0.12102738614301983,0.16893441823407238,0.821999348678012,0.9999253357697832,0.2645271220542957,1.0,3.6469688980477986,2.7274917574881203
89,-0.3955038885074992,-0.020171115718140807,0.8552306658288995,-0.6242105797615574,-1.3881936326728024,1.0,0.5602505235565467,0.8775979178434001
89,0.5528569449595289,-1.9337650742370163,0.3320206265701714,-0.48377866303015543,0.7574986947882437,1.0,-0.20128632194271168,0.48870645602167295
89,0.42666191729208136,-0.4455746349613027,0.9853248105484896,0.5383350735739725,0.48247166846719464,0.0,0.6771236800329756,2.3560921191353192
89,-0.9508678078923009,1.0552036706161017,1.7871882895174607,2.3465995344494663,0.7923317820766511,1.0,10.981700374377654,2.297161397328569
89,-1.1489077754531913,1.9164687169783263,-0.17260577022821808,0.16497311818088323,0.7394348802562568,0.0,-0.5920160157537132,0.532976345520594
89,-0.16155515945161758,0.5709251184805797,0.18133008799378839,0.416459016185511,0.9223603746196687,1.0,4.910175125239427,2.856128517859518
89,-0.10839350943766064,1.2666547128662526,0.30280741592806554,1.0596008263515013,0.5719010535661316,0.0,2.8017876676519395,3.363491177363989
89,1.0342008931596556,-0.20809976989791165,1.3778109503705658,0.9511748917290692,-0.5367152682526283,0.0,1.358418970451967,2.2857585819743202
89,0.5245466343505438,-0.11763083378438857,-1.8563963068011144,1.2042009003247789,1.0330380327881246,1.0,3.1020582042051905,1.0504431770214118
89,1.2783797098604666,0.4016966160312051,0.50161639844665,0.3954946930732252,1.2426873602239386,1.0,6.786372750037922,4.300264665354579
89,-0.7600183938608219,-2.8649024899990034,-2.1381386635757273,-0.08795404358385084,0.5599465123826517,1.0,1.5939935608613456,-0.005547606657174242
89,-0.16422457066047508,0.21230179973610633,-0.32707730414103386,-0.5762738075578585,-0.026608548676155523,0.0,-0.7452597210500029,1.4711789932199997
89,0.6903754607134363,1.4476883377120118,1.450365639753229,-0.6116282401595562,-1.8508739265244951,0.0,1.5887391006872265,2.682551924851942
89,0.3516672974653004,0.6978491652719596,-0.5715108904095214,-0.8884786481420845,0.15552714841746265,0.0,3.3754990195465555,1.9590224559352238
89,0.41961283570323255,1.194077990769576,-0.40046897026035927,0.9822446507423155,-1.305218157526123,0.0,2.6421629443628123,2.867052893574259
89,-0.08906281397850443,-0.9080142357982852,1.15750379205007,1.6145268042985417,-0.7223328525916243,0.0,3.4654041534762516,2.00880746404862
89,1.0606320348130323,-0.521257766753676,0.1638184078463188,-1.1586761955369884,-0.8200003372487005,0.0,1.536350653435454,0.7960071317137996
89,-0.851507427112129,-0.2071562723493578,-0.39353846312461704,-1.0761598096216902,0.44021762368308454,0.0,-1.3752275958158826,1.0558809199350616
89,-0.3138647172566991,-0.15322761417535008,0.45384641055535774,0.5580104640290021,0.33417538580336664,0.0,0.7063248149869739,2.386330095740826
89,0.48607243422871854,-2.191558758673156,-1.6776309762630914,2.1511912309251473,1.8402544439771265,1.0,9.62885503891222,0.1322763498443429
89,0.6884538123351063,0.9080912407261451,1.663829613182692,-0.3043472113487205,0.16578174598441445,1.0,7.9152562309758565,3.093184336110678
89,-0.8390134794053604,-2.4970128130337588,-0.8597085243943636,0.7908667329674812,-0.4472402785720624,0.0,1.2101737324053847,1.8216315602302093
89,-0.05760859449562305,0.31335238835646567,1.1119354827181196,-0.7806307541525419,-0.6712582211703538,0.0,2.399809921340932,1.3827704355787622
89,0.11590193662829507,1.1321215997935412,-1.9645134551003847,-0.17680668872621355,1.3181084712611006,0.0,-2.2545298527033633,0.9599972315273632
89,-1.7320583418088071,0.32762617659926113,-1.5295872286699501,0.3739410895929413,1.2103200319250167,0.0,-3.4131504797241865,-0.20114935271733092
90,-2.5281748908395465,0.49977596509031874,-0.2320849053831343,-0.2812674590767555,1.139809242865281,0.0,-1.9976364769490702,0.008696897944704962
90,-0.6725780979376521,-0.2410238801720301,0.6213460755090952,-0.41321523091411577,-1.9453556245276873,1.0,-0.950393117285729,0.6497896062207411
90,-0.9317598463589511,-0.6676609907285219,1.442911374321374,-1.0203097132339156,-0.5947866018502194,1.0,-0.3575822026099312,0.8638334669143449
90,0.7190147106688284,0.18383816561377342,0.2927952247547905,0.9910401638702209,-1.261698303177924,0.0,3.056984348431372,2.5521181586266755
90,-1.6431450330556194,-0.4106155310041006,-0.3949063191883239,-0.3368211353532961,0.6497632188024955,0.0,-1.04877601932047,1.5298710798218405
90,0.16203796255041794,1.3076575695493873,1.6176972312784978,0.8469603402006772,1.5808472558986466,1.0,9.73484945573498,3.922606636260522
90,-0.8168793918595971,-0.08423901446398244,-0.3555993012878475,-0.8724349366161576,0.9393566248873567,1.0,1.6699188711593835,1.4113531143308606
90,0.5793304566397429,0.7118291162675352,1.9292832935529278,-0.6459083852527246,-0.9374146537215552,1.0,6.104359343706816,1.880086413134871
90,1.445533173280236,-2.556105288482066,-1.565484733793755,-0.2409805502394257,1.2246521815561582,0.0,5.568499408197696,-3.535816029712136
90,0.44147957817729094,-1.1549517020736981,-0.2816540883469064,0.212780010687532,0.2587722404648788,0.0,1.1406839913055324,1.1889224363417246
90,0.40799316322716345,-1.1366554798416997,-0.009472506422905874,0.03946334031011414,-1.7421648752696821,0.0,-0.8115742650851565,0.31578929242788956
90,0.2925119884150583,0.27596383154770315,1.1510893009444767,-0.01817878085820444,1.6792818892868984,0.0,3.0569340632189865,3.178549767872416
90,1.4667097605584143,-0.8797057037913979,-1.8421551136670895,0.36784241244916077,1.8497189101694496,0.0,3.57869737335696,-0.07710855860480192
90,-0.5546881583635674,0.17768877350530884,0.4414920247316805,0.6427034141465529,-1.7416182513198428,0.0,-1.6106037657814936,1.288342187001449
90,0.8010997213555394,-0.6449891385741713,-1.5632438466050886,-1.4019652340476811,-1.126760833329481,0.0,0.34731390883423985,-1.477077876398404
90,-0.8914513512402493,1.6940357747993984,1.974119404006377,-0.04134593827655796,-0.7443822840205059,0.0,1.644834200194126,0.09286037880568343
90,-0.3045066346173468,0.608270472975193,0.7691543307272284,1.6782302035625971,-0.5495650096894427,1.0,6.510756257213986,2.6340683998288794
90,0.7454103848381415,2.31029091500104,1.5604882099557835,1.6650304764062878,-0.220631695892519,1.0,16.707006433742123,5.762716919481374
90,1.1867319672953993,0.6140749023730407,-0.10204690706102451,-1.1364358511843433,-0.17367444209309024,0.0,3.1316733192338653,2.917864882872458
90,0.020349951163397353,0.906243566831608,-1.5047092000885551,-0.0748344500111496,-1.4193139995079376,0.0,-2.6584543884784626,0.04834897771868572
90,-0.44138440493355696,0.2847946151697455,-1.6070506819242787,-0.6608280366235854,-0.5028724289277455,1.0,-0.13109469984348188,-0.6256207840265907
90,-1.6951310987747403,-0.635842837352314,-1.0838691903312214,1.694236072682446,-0.6191038326402397,1.0,1.6543188173704466,1.3758939063525126
90,-0.13535792281243608,0.26900570569291504,-0.16742367924272064,-1.5340402679768157,0.6360131962734616,0.0,3.8255689071334813,1.4837038259724968
90,-0.5944459736930512,1.3722023001469066,-0.19362157256177187,1.299568297733919,0.30528297204785215,1.0,3.8932202307338843,2.260106709970002
90,-1.0623813396537825,-0.6171900722305964,-0.22261715424121106,1.1982918484571072,-0.6106184620716641,0.0,-1.3301107134961137,1.9737565930852006
90,0.14909562813076943,-2.109432512496696,1.5390340065331385,0.4794462972198626,-0.1329824969464577,0.0,-2.3633762156024387,0.6798302757583508
90,0.22802843963868963,0.03563700538577961,0.3518858170861919,-0.6294235600966731,-0.36988563821055886,0.0,1.174147350933715,1.7549716829718163
90,0.035706887412186604,0.041216659133389844,-0.5233768086245494,-0.40341218909273907,0.36668641299575394,1.0,1.458239142492087,1.6260185654553565
90,-0.3881290704277248,-0.8336437102338248,-1.1760097123747293,-0.27316881366394447,-0.19720162302472716,0.0,-0.8691578320160579,0.2740961193503546
90,-1.6057081799193227,1.3723288039336896,2.7517952354672093,0.4485340775847286,0.22911841062776836,1.0,3.5861373901666456,-0.5305114723290187
90,0.18889884488471417,-0.737396106725379,-0.7817459148432533,-0.28612555702825243,-0.7811401608239166,0.0,0.9583788997130896,0.37163686909851457
90,-0.45417318932710304,-0.12692837203404772,-0.5991297970176777,-0.7048347144929444,-0.28490585019340375,1.0,0.009632362257498361,0.798488157928161
90,-0.18255129438353757,0.8248486402064353,0.07778082653179066,1.329538337824392,-0.2856642271298345,1.0,4.8364614340301975,2.7283755508210046
90,-0.341462890511885,-0.3723388362860682,-1.1635325346720014,-1.5640488292758108,-0.7726887775753071,0.0,-0.06882658589476265,-0.5837976331363184
90,1.4256896930730223,0.6659238354173416,-2.103813226748942,1.7387946530423612,-1.091844962823642,0.0,3.041757932742026,1.758641705239567
90,0.5158021386459508,-0.2761570091367029,1.4734540994276863,-1.0161866399724482,-0.6872491527653668,0.0,0.556340042881163,0.9595779145057535
90,-0.2958745591503588,0.5698904784075676,0.016028468405593847,-1.7754272138051599,-0.6909946429062859,0.0,0.8305745746189404,0.7430667182632673
90,-0.3525477983723092,0.4816272043869421,-0.018492708365272528,-0.1249569919538581,0.16149720609928594,0.0,-0.6098778365211219,1.9035958600961078
90,-0.5188661605116865,-1.1232005842284656,1.3916992210900077,0.32367213457050575,-0.08712945172263839,0.0,-2.4833645465145344,1.7540195479369172
90,0.49251896357038766,-0.4784833534888202,-0.29638293651057585,-0.334137279547441,-0.326375164421738,1.0,1.0437456979475168,1.2493071422019604
90,0.9791701540004817,-0.17156776548123792,0.6975245364231762,-0.3469047770658517,0.035288134844639774,0.0,1.3344607163795954,2.195195685644235
90,0.31647019208180777,1.846907045569984,0.023251750496560558,1.8022093977684774,-0.2503700762204352,1.0,10.543019385509394,4.45345487254517
90,0.7874727009317326,-0.5940358185533119,-1.5502143667866193,-0.5405466607337172,0.8456559382548766,1.0,0.49095144861042794,0.026959412964208118
90,1.2371706251061234,0.05181839377724221,0.20035813373932687,-0.3142098052034606,-0.671030126746121,0.0,1.5790623014086813,2.296157169758818
90,-0.7843868387347978,-0.7194790722264505,0.02965006655892383,0.2416386260254153,0.2595891590467213,0.0,-0.7821549330640885,2.0774163543126765
90,-0.73233048779662,-1.2499721160051511,-1.2750191654193082,-0.6060894076276723,0.0016337674276786093,0.0,-1.791549679158003,0.27598733665307784
90,-0.7760702359577877,-1.0268132389885578,-0.509688255211017,0.6906996405175146,1.7327252876458668,1.0,5.113664347912037,2.7252024436167863
90,0.27728392713892486,0.6839142008549137,-0.5054619009448473,-0.7358623834190304,0.5887443808867621,0.0,1.3482377805068464,2.2188984376575074
90,-0.5875274702904627,-1.1557271565462737,0.42560240580207637,-0.6982365240204238,-0.6595709368296805,1.0,0.8308650463259626,1.2520817949223864
90,-1.0748721035113413,0.696353030835974,2.9198120685384583,1.5004728612106077,-0.24524498608357503,1.0,6.981328485464019,1.174262662355371
91,1.108735823522466,1.8277678953633634,0.43965937874123595,-2.2452225753336355,-0.2231479825333755,1.0,11.877518112970712,4.385304707321627
91,-0.05890088319031796,0.5615871818837035,-0.4536586807839999,0.7663396466171821,-1.78588473489148,0.0,-1.1679005556975435,1.380512963016944
91,0.981054205688886,-0.3805006222903507,-0.34870384760683826,-0.707435839587412,-0.5322015379320036,1.0,2.2062258769609397,1.0726308148294827
91,-1.599317010429852,-1.257828246514035,-0.1480461948216248,-0.08712705555235703,-0.14341760894868447,0.0,-2.5339574035873196,2.3828592162187796
91,1.0694614527613755,-1.6053511723422833,-0.40896219963229863,-0.7390848793839737,1.2001982163053742,1.0,2.937150768780974,-0.041196482344852625
91,0.019847484521241073,1.1402828183951674,0.610470054076136,-0.875742964880133,-0.6136503988635198,0.0,2.316569704546367,1.9826138908321158
91,-0.21886259621041085,-1.5056445624995427,-0.42288541634061133,0.11729818592360408,0.8341674766122152,0.0,0.12081478456876865,1.6434744039154183
91,-0.4904379907896855,-0.6380870054322147,-0.4023460816593395,0.49036017508094965,-0.325943159153253,0.0,-1.101167527219854,1.5498599307223369
91,-0.9594147440555956,1.649887757706414,0.9603279129116775,0.5825682965923711,0.9614176237583699,1.0,4.089021463312366,1.58771811442674
91,-0.45588754976986157,0.5650863488088722,-1.4214621552355906,0.49226579793745495,1.1145797099004646,0.0,-1.4863725449922638,1.0384549923459971
91,0.26004520665521347,0.8074977493546527,-1.0006790330636395,1.039265660954352,0.8937458253981677,0.0,0.33861753945319095,2.749654418482312
91,-1.5532827554523971,0.010605711573535175,1.211887111419334,0.9599823035774337,-2.5572889695200565,1.0,-1.1262595308414205,0.3707311939447765
91,0.7603073747126853,-0.8706887525849746,-0.9852787005431999,-2.2034465297193244,0.0467153601637266,1.0,4.842486058289627,-0.7355558440596239
91,-0.8915186964681029,-0.8584606376426271,0.4363775524475853,0.328349145687018,-0.8625746389894464,0.0,-1.685711760924308,1.7477087382494731
91,-0.742914279273154,0.3681153925106158,-0.807908415295418,0.491466134056233,1.9817820480425996,1.0,2.0671121373137042,2.0628040901438833
91,0.6726541501257666,3.319981037214826,0.6947815349361287,0.07517644094993513,0.21672053641957167,1.0,10.900797996507885,6.491049458152975
91,1.3080824049364914,-1.4248464491334754,0.8451423814008443,-1.1737092654654835,0.4636609868804704,1.0,0.7166295904056836,-0.19102676195353818
91,-0.5491590975781717,0.8869955742034392,-0.39030144370474573,0.12945822112968983,-1.3021574629819077,1.0,-1.4793778637854385,0.8251106188809916
91,-0.6683202291973671,0.894770374699908,-1.4835476815336148,1.257011797230515,0.8086293824610903,1.0,-1.0935293825347623,0.8934166731275512
91,1.354009185083579,-0.3666618270447344,0.3454046504152529,-0.867637718756053,-1.124948820952314,1.0,1.2927980326467212,1.1145577768723627
91,2.48971724838475,0.4175185492484721,0.7410396046522618,-1.0097787907734888,-0.09599241302503843,0.0,1.5740645206340782,4.048522399773753
91,0.49409713730244564,-1.3667945444802745,-0.8982396352717432,-0.27610897703322423,1.084251141416732,1.0,2.0942589150229343,0.4662612347311984
91,0.12197943392505191,0.5154962016606661,0.649353523105389,-0.47224950746027583,0.4528431696073333,1.0,4.025743750667991,2.4930662164836193
91,-0.2607535105418198,0.10381041160971995,-0.9906596481850111,-0.23619844832736495,-1.6288626968827884,0.0,-0.029834755232795995,0.014737382803242105
91,-1.572266872881854,-0.3038885206914542,1.0595059301323537,0.8087179097602316,1.2860060845251429,1.0,0.8331347909106086,2.6061341462870837
91,-0.19076873435032662,-0.23227317511241533,-1.2303318146731674,-0.7620635947274399,-0.8408130459030863,1.0,-2.035279878547877,-0.24988974562697613
91,-1.4825409288991107,-2.1311304491859766,1.9709247458031354,-0.7345306181122095,-1.2767765491236958,0.0,-9.147186666239067,1.942924595145761
91,-0.1971310742083929,-1.034789400361507,-0.7398720921029324,-1.3514589042178808,0.083653881495412,0.0,0.14681781433819208,0.32274515081238786
91,0.1142930918503286,-0.146777434643056,0.23290175461943238,-0.923448465074049,0.9769671053562514,1.0,4.041927658165786,2.0831931411167286
91,0.9036928951874984,-0.5449407023220467,-1.2171985467371211,-2.116341874963729,0.7536165129303228,1.0,3.463829204673977,-0.25676966159783304
91,0.8673862351268677,-1.3906689331733735,-0.7867765979618807,-0.9382088281274935,0.42065052884663445,1.0,0.5700202075034415,-0.41392447861076265
91,-0.9598152978606936,0.2478011026351169,-0.41205874211713633,1.974148877117032,0.5481905338101744,1.0,5.273798229513905,2.37758819367029
91,1.0954173169333266,0.32900542604137795,-0.3322982006500188,0.04281491230439026,-0.7317202353007791,1.0,2.4724543626171096,2.5073029806331313
91,2.507172093383941,-0.11785764147691134,-1.1583573486151475,-0.3117368403765962,-0.12767329039290068,0.0,2.4271882940097718,1.5011290744139782
91,0.06413950146201573,-0.17954361269609248,1.8474735976640961,-1.295659075095355,1.048367007922389,1.0,3.601895443189128,1.4577120698354415
91,-0.3599429599756911,0.30768690656186803,-1.05248070429281,1.0651643540014515,0.7525381749101212,0.0,1.7837680517250523,1.7411508482892466
91,-0.7856325785175694,-1.1973520617480866,0.7407766956392491,-0.32535280587827664,-0.18511822177275386,0.0,-3.7708913349993343,1.8022839210846162
91,-0.8849155300637975,-0.2968303224065662,0.19890380709096303,0.32819529418119003,-0.5943469952331978,1.0,0.24686412283209203,1.6184566577419965
91,-2.4540605073325916,-0.0027577043175195303,1.029512437599945,-0.6562230665476285,0.3414599556628711,1.0,-0.9266691702597667,0.6509699013045732
91,-0.7351529969036633,0.8003720070894441,0.20450468621992368,-1.3413741182732668,-0.8717927938903555,0.0,-0.5157057746276115,0.41904420650696683
91,1.5438342506590754,1.305694356667363,-0.46565812621826647,1.1338041900694849,0.4465032077808294,0.0,2.1372612588774573,5.8913908614495964
91,0.04730079219115634,1.0913954687304477,0.07019601032899066,-1.233731721235378,1.0861270637999438,0.0,1.9257336632457915,2.5798049487422396
91,-0.9638076637539449,-1.6002459581093202,-0.605734299209545,-1.132104182755704,1.2012391657538455,0.0,0.4576667401947728,1.8140870836619634
91,0.43671325911643155,-0.6312215760261172,-0.9085884356975144,0.6881858776941796,-0.8222077100560397,0.0,-0.02095063001122177,0.7206374487905127
91,-0.20376413760216733,0.09286308043588073,0.8992038388581645,0.3131562878078395,0.8408966022881658,1.0,6.34737848033846,2.5744890960346796
91,-1.2345712459589873,1.2197795145307075,-0.9215161827835892,-1.9310140262169713,-0.415906458385936,0.0,1.54443622619425,-1.5429057311627314
91,0.7745921558870195,0.06265240852954725,-0.449481206788785,-0.36555342220480674,0.4657095589281503,1.0,3.967692639226578,2.193162449702699
91,-0.9267885951240323,-0.0935088780995752,-0.5023063020134555,1.2010890033852784,-0.10047517897843287,1.0,1.794802016786476,1.7521425151935133
91,0.08532918452731922,0.6804028277269084,-0.5150762264004033,-0.41172953610216456,1.4946824751689307,0.0,0.025516424858327058,2.5951177565113985
91,0.7553933561188605,-0.8900128852697424,0.06877791548359542,-0.790169956637495,0.3982392575727951,1.0,4.665044479562795,1.0964397546274225
92,-0.013027786909570953,0.024438015990087474,-0.15351563211309274,-0.05277440439129491,1.6092111569037808,0.0,0.37221722069265256,2.6950869005605695
92,2.122964371413006,-1.1152723419741635,-1.768978915059266,-0.08982279397102574,-0.9247129260018067,1.0,-1.0572553589053024,-2.452482568404589
92,-0.6691161166812316,0.06556448280000127,0.6062459995363766,1.2578388504394513,1.6629069844325146,0.0,2.420825383725274,3.2396426301993553
92,0.6179391475087456,-0.9206643139194893,-1.802292632703252,-1.1826484130293955,0.23256483384479487,1.0,0.9960901164037982,-1.3258993809926158
92,-1.716880055003431,-0.17459036119653884,-0.29697400512130046,0.9985655133660933,-1.0707151894252833,0.0,0.5831248605820119,1.1256800168015495
92,-1.6600624509352881,0.0024014257990560206,0.7814565684741615,0.9871500100816186,-0.026351001414335464,0.0,0.2779290248572682,1.7481991688148422
92,0.8132396177456158,0.30802792885039787,-0.47505938681041177,-0.3084566344943226,1.3925962713371103,1.0,4.001902545082987,3.004939973610818
92,0.5741189450671961,0.6429923151456854,-0.3461284861614404,0.7865614723468504,0.3256423166358579,0.0,2.3033736623994887,3.301440554371429
92,0.10046635933741116,-0.6666323442859098,-0.40483279348949797,-0.48800987864249606,0.5812183761149262,1.0,1.9097567368026387,1.4132990016895692
92,-0.46537104298891085,0.2573666144236623,-0.048623249004461945,1.7160278789033,0.05480884546999492,1.0,5.111138266127352,2.6361516763241095
92,-0.19165761560200087,0.7232535076178783,1.140238740631941,0.5858960116339612,-0.3742429242282111,0.0,0.8256311185716219,2.220504381605476
92,-0.7370342476745498,-0.6087102500325202,0.6619386569711379,0.1721637488501972,-0.08000600041016634,0.0,-0.21488055086021518,1.9416183794699484
92,1.674537453182663,1.3107941086252741,-3.4315851941242363,-0.7956858266557942,0.8735172343237554,0.0,-3.8239991737418264,2.052516707443225
92,1.394808119369254,0.8085654823718141,0.6064060538855094,-0.5867902539860625,-1.174790432265685,1.0,6.763360691808918,3.4735947592719065
92,0.6984228486795421,-0.6445659151882588,0.3225620818907009,-0.5439559416993113,0.47499942003250234,0.0,0.24547314455003555,1.6519780423718196
92,0.8081694936347041,-0.8583483129149775,0.2583517690856533,0.9568368906847022,0.3504949747399559,0.0,2.316368402828121,2.030873879581395
92,0.5449391099013072,-0.5993918496875984,-0.2719002840288284,2.221007489065974,-1.8976355481571903,1.0,7.079364237872966,1.6351396885517069
92,-0.6454648943456925,2.076343439152855,-0.19334597598852515,0.10070449577907932,1.5490363299005157,1.0,2.707921998629016,2.0847967206032783
92,-0.323741777689126,-0.8451835131773652,-0.26653139978279106,-1.7625159357652043,1.1194054701879166,0.0,0.35430096203294914,1.1990279164978928
92,-0.4557350928269446,-1.5941516132477014,2.438965633318036,0.6364419311568463,0.11077235789662408,0.0,-4.078935938872307,1.5315102644613403
92,1.0936083604715852,-0.9529567046524231,-0.04268936238647916,-0.5894266844264827,-0.4015563681935603,1.0,1.2065718675374875,0.5104171485702127
92,0.14999422959350106,0.7877939059217899,-1.241640426593143,0.38846286150277687,-0.8660009497451892,0.0,-1.9367552287879135,1.0507137092344077
92,0.56785876935376,-1.4138527728685755,0.0858702443473445,0.8977450200072905,-0.36215922110778376,0.0,0.3998680104216552,1.081177739705029
92,0.371344248168572,1.033037734235624,0.7890771734585235,-0.9590566525053809,0.6053342394917163,1.0,5.752617412817175,3.007981540886405
92,1.678712368825758,0.5158936971247805,1.4337541801228033,0.3724939314694131,-0.12481302884765655,1.0,7.254262923027611,3.9406712995217767
92,-0.7935917314498387,-1.108771109946724,0.7646112920267079,0.059958695048717946,-1.7906465046701079,0.0,-3.914117211065494,1.167343403013294
92,-0.4745428773661264,-1.7992978795897987,0.7480633848641259,-0.694510128135712,-0.6160535840210698,0.0,-3.0986761627445363,1.168681018792412
92,1.401971819516676,-0.763436234173014,-0.2982872412308712,-0.29841693605244146,1.537956976942013,1.0,5.167380808159582,1.6754193486364284
92,-0.15033840579318056,1.4165189770978295,0.6020536980019561,0.10037555555825184,0.23120503505603218,1.0,4.4496144691592585,2.7111244952748743
92,-1.5646203124164944,-1.5446280468145783,0.21389249365081495,-0.07688852605644242,0.42694390798889614,0.0,-3.1320530896757495,3.1213182539753275
92,-1.373684329204684,-0.021358473324929083,0.9963411586255757,-0.228059339138668,0.6148507718050803,1.0,-0.6766289558891414,1.5667621857947958
92,0.03398570717412323,-0.09192220103378715,-2.0190372952979567,0.68460499701126,0.21780794395864628,0.0,2.6394286179948083,-0.023785412281456142
92,0.06603850877750793,0.617081413136748,0.2091050443008752,-0.716782148681125,-0.7347552113783412,1.0,0.34575983617845685,1.7393120247955474
92,-0.5879840247929549,1.1755247558201443,-0.44513446135388046,-2.5878722455900234,-0.12836965595103333,0.0,3.9789516816486463,-0.07555481581736012
92,0.16226676953978578,1.508520747212254,0.8739108846102731,0.8839633155276387,0.6748954335274743,1.0,9.690277630991034,3.938393784914891
92,0.4897449444996032,-0.5189916973352298,0.28207857797520275,-0.003218598419222907,2.1451229667956118,0.0,1.4375034580646162,2.9036734725980344
92,-0.26021336926333316,-0.9089807516751747,0.6205925272810014,-0.7284116479285719,0.047369258001377756,1.0,-0.9882089989995761,1.4352409868236928
92,-0.1305974322551311,-0.26986586280853386,-0.26053791265735404,-0.030696100935800875,-1.4301202874561363,0.0,0.15498591531661288,0.9405865421255117
92,1.4841832685166558,-1.2881973606536363,-0.8630638343280627,-0.8706135442653071,-1.0134517084754622,0.0,1.5753978933676867,-1.5373800533343311
92,2.285415757959266,0.22757824256071407,0.9137156929502058,0.3851228546477132,0.808525025891079,0.0,1.9152158694050263,4.441097654683955
92,0.9970571000303752,-0.20739901823118956,1.5559235718543563,-1.3421528395225055,1.117480536036931,1.0,5.228949657812535,1.8685382180578294
92,1.9604361161153494,-0.5609082181931996,0.35774548087888697,0.23193722030605374,0.5045486215963718,0.0,0.7368527056118075,2.0839435350661906
92,1.2205310663399795,-0.4468391025400958,-1.5010992815033235,-1.1873416463281605,-0.6686545473728924,0.0,0.8164243013691198,-0.7674421306479076
92,-0.6348059553045656,0.34726401834404447,-1.2776892287332404,0.8431836635654973,-1.603648538516323,1.0,-0.8764477118187339,-0.09436508952627218
92,-1.0127766168968544,-0.4851470399088184,1.366987846587379,0.4099737605844205,0.6688464957701008,0.0,-1.1161850044167765,2.167688245980092
92,-1.0179848487449177,0.06346679499442011,-0.08017487126462063,0.1358525927311717,1.4053697985613547,0.0,-1.2973295043545892,2.1854442137140015
92,1.390425955152664,-0.7753593496127178,0.8669869752470547,0.7942771213066486,0.05439434848901195,0.0,2.651990882027353,1.7344093198136357
92,-1.0678621249355793,-0.037338321893228166,-0.07134530731822046,-0.3644398874783283,0.1354196687752505,0.0,-0.8416220271244523,1.33454519628107
92,-0.0843661825078726,-0.5330612070130207,1.3293112752070784,0.5631796158161868,-1.7171682357898828,0.0,0.1856259082125673,1.0630648227217145
92,-1.127381403025782,0.14438283615798997,0.6839838838572994,1.710349591573451,0.505224853558963,1.0,5.720409542650762,2.570566873110983
93,-0.4658051830032972,-1.0159656167091131,1.0719236857989498,-0.17148324129992273,0.8101222964569601,0.0,-2.253576136024041,2.0660739041887446
93,0.8007298980922669,0.5041248761350138,0.31515060634995323,-0.5838724625010321,-1.273994171858371,1.0,4.535073500149821,2.235486941605513
93,2.0828246376790216,-1.0025976854624985,-0.7322269602763273,-0.589292369511774,-1.9141578263848333,1.0,0.29499323093939345,-1.4222727993440607
93,0.7036751966539011,0.14182805687138367,0.5707851899051323,1.9119767878274858,-0.12599741834158765,1.0,10.094819130292809,3.5424117943111013
93,-0.031128552577425313,1.9237496169692976,-1.1240126395659074,0.11191211215982388,1.3750340906906184,0.0,-0.755278841422449,2.4999609425450693
93,0.820375450245219,0.5973752939455633,-0.6267747042629513,1.1532940470632123,0.791715033925013,1.0,6.744275634008335,3.6679880545254138
93,-0.7398122416895616,0.686926674848224,-0.8922432687731764,1.0946795617907654,0.6066751461266469,1.0,2.7856562907573323,1.497583436525423
93,0.9720918224673583,-0.2867480573444098,-0.668780671782144,-0.2543198620108901,-2.480866016065547,0.0,-1.4611855325554781,0.14652143473160395
93,-0.11662838618174895,-0.9559994740332144,-0.20370703270541396,1.0154996764190278,0.2979939050736993,0.0,-0.3374199404920677,2.109399391879899
93,-1.724262760544465,0.41210422509067934,1.645381215672891,0.5870188319309171,-0.8560200234692036,1.0,-0.36055548354274486,0.2470190188938648
93,-0.9329070605048374,-0.47810567577700414,-1.6375290287181603,-0.0467678946866962,-0.1945270706363152,1.0,-2.833396720425232,-0.2655733879057248
93,0.24637194787471808,2.7583408694884746,0.34247153042009626,0.3904361058422477,-0.5543567664185817,0.0,1.8537633744952056,4.213137220006979
93,-0.9229825474289868,-0.6415139213342358,1.8779065305303626,-0.18249348889514333,-0.7390980393522246,0.0,-3.905711299537134,0.985710103562784
93,1.0867071365153758,1.8566836427714346,-0.6337150061089879,-1.3051135273398171,-0.35332400565854793,0.0,0.4052597524036914,4.149123746015896
93,0.1484472510433644,-1.272033007507075,-0.04375463672892164,0.42031086978120236,0.8256038672293791,1.0,4.258155050627965,1.8495002872969335
93,0.1469560636517702,0.08654919474532059,-0.5477705076032888,1.3774903065335793,-1.0852803071034087,1.0,4.316906360736139,1.8553790335870406
93,-0.027382983796761844,-0.14616457113103606,0.8401330135308372,1.3033352954785136,0.1640605911204498,0.0,2.340612841043814,2.738356867010366
93,0.5182382825666151,0.07437585104534299,-0.2685999653052926,0.20949571016023383,-0.49651610033431604,0.0,0.670572500763988,2.0211846873437525
93,-0.946899467671088,1.2458010892991276,-0.10466556586009208,1.7281283014878492,0.6378892407245964,1.0,3.4848063029353367,2.095005968936895
93,0.15083717239346164,1.1649041808954597,0.8944959903567072,1.5556664541755232,-1.321409695352938,1.0,6.256790304273271,3.0238698738159093
93,-0.28927001485326836,-1.0414104361781327,0.1578891637396982,0.16047735542726901,0.23021048543680356,0.0,-0.7386611714032609,1.8977584675423282
93,0.7984984467080891,0.552276916176251,-0.40659188636342464,-1.1098057135148012,0.7465337073079314,0.0,1.6313628453477533,2.6499219946661574
93,-0.8468083143837531,0.26091773274372143,2.1371032117549444,0.5147456130494675,-0.6343363829666709,1.0,2.727410707055652,0.9583444860362097
93,0.019861123208564594,0.9315050145788961,0.9190937382024968,1.1404640288163617,-0.481589250369766,1.0,5.027988107638379,2.889708994198066
93,0.6622313730988394,0.46339884562276723,0.45619631166364355,0.13373174107560806,-1.887047197111731,0.0,1.7398845074013658,2.118867442637704
93,1.0773103133616249,0.4786843465460553,-1.2323118966089588,-0.28188871655715825,-0.6307289487668797,0.0,-0.14076014112880356,1.5532820315390101
93,-0.0027972041911451372,-0.5705215623612491,0.7086694666510336,0.7263576979643281,-0.596056076313979,1.0,1.7434817400438762,1.893650517213692
93,0.8169039684460675,-0.3488268635209829,-0.21955678788643707,1.1618409834916315,-0.07443139419458793,1.0,5.9505457310476695,2.359000979545715
93,-1.211574723101459,-1.421388375896769,-0.07250266923734505,-1.0718519275131924,-1.1590002325577533,0.0,-2.4155897574303338,1.2513320964115535
93,0.719784701053235,-0.8920218613418045,-0.2504314867058632,0.545552681581506,-0.3046454089757694,1.0,0.7865956326003507,1.2358612040049195
93,0.4133900412860868,-0.6457825281074837,-0.058302409224773075,-0.2947595414426028,-0.9075253091591772,0.0,-0.743425682564586,0.9848509566363763
93,1.8395946952350588,-0.3285788430637382,-1.350554543076646,0.8436133728648335,-0.29727409216937184,1.0,4.120079918354015,0.9674139710422606
93,1.1424568876817878,0.6269440459122633,-0.10997672279980464,0.24514943105804207,0.7170508917085403,1.0,7.997613375212644,4.021027463242872
93,-0.6385065166756957,1.707091182861736,-2.1477779477494545,-2.0234623318051144,0.3527831665653639,0.0,-2.161623478165451,-2.010421751094333
93,0.36808996861067733,0.7058038621274101,-0.7993842276169091,-1.528926169153598,-1.378950178725329,1.0,1.2697776805228371,0.6402642543786692
93,1.0550592056843608,0.17413923991957492,1.602997884840119,-1.6024528056574037,0.6879244913266762,1.0,7.193873836103132,2.110365223053363
93,1.1377593107705157,-1.338074703881112,-0.43241476483349134,1.827382770024357,0.6929317489680652,1.0,7.928035015390239,1.3293416832474112
93,-0.5491853443399801,-0.6104114290905909,1.580457392014712,-1.6807963751664556,-0.7045373789628954,1.0,3.4335672067216088,0.34333152816887597
93,0.7665699804187562,0.23658641921860168,0.5632243938565067,0.7871443523402085,0.7663982394064291,1.0,7.5797643362505305,3.586859695504552
93,0.025965862276222346,2.3744532533405147,1.5101104017728766,-1.0586905836845182,1.1000525606271037,1.0,9.3386117091716,3.098249156370431
93,2.320773909820153,-0.3230647848928375,0.06207665026187817,-0.3214382956843958,-0.029461643021648744,0.0,3.2487061422596346,2.1027564576782467
93,1.4970257969352925,1.2186413960253437,-0.2054886924974557,-0.7316576526070022,-0.48933280016947234,1.0,7.775075706901018,4.447893016776377
93,-0.7343125693103784,-1.2865849642925988,1.3527137203436497,-1.4154713671999881,-0.5065771692696823,0.0,-2.1124081375626393,0.8659973795057578
93,0.2673317759681972,-0.49307510654962744,1.623228458418313,0.6717786729262052,-0.22814710881133046,0.0,1.5869781536791394,1.7363355909080882
93,1.4066325116535991,0.38368749620089454,-0.7103647640582432,-2.2000461698118734,-0.7876765822208865,0.0,2.745325594732328,1.3439476123659615
93,-0.9761578859858825,0.7478612792066025,-0.7868386788180824,1.3740728478628927,0.4647820237375438,1.0,1.050648894886482,1.3879165573439187
93,-1.7192545324144781,0.3415903366569329,0.04461448917882222,-2.2954463985999367,-1.2824031553942856,1.0,1.1437034078739785,-1.043725426066949
93,-1.6996246820938958,-2.100076875593994,0.31622924812779973,-3.301148690841982,0.4899693050806613,1.0,9.28057652424646,2.3724314637354253
93,-1.0223334193917633,1.8243515630608638,0.11140745599019698,-0.5543199421813012,0.06615989402195266,1.0,-0.4839709242088967,0.3413378095141162
93,-0.9180154265233936,1.893110640716763,0.934166914656612,-0.6002130685212272,1.2373079826650684,0.0,3.1846303772438356,1.129762269134902
94,1.2210354093920446,-2.0930893580146144,-0.2845992276127974,0.4457185348076233,-0.5968858515368928,0.0,0.6309636330358155,-1.2498722119122143
94,0.13531061976144715,0.9584978767470641,-2.4448072368623563,0.9125418600079964,0.2155630447605755,0.0,-2.2060495481366305,0.25133890059328723
94,-1.1247178771059616,0.8658834657792235,-0.9053511048505611,0.4922360536112039,-0.24911584126935762,0.0,-2.1508934268024613,0.18300215881000426
94,-1.0285903895577921,0.24024092548138362,-0.16886715898682642,1.3947523680927625,2.575045943099136,0.0,3.1168241918363297,3.2449571280934353
94,-1.1111687540519395,-1.1874454104034458,0.4311244301006304,1.3759168701130757,1.4302650436526816,0.0,1.3797171108817023,3.6972947599613226
94,-0.9252130591917759,-0.2096820055257713,-1.4227285632189273,-0.6187640464509429,-0.8047770453654949,0.0,-2.0426732320291934,-0.6490545148822185
94,0.5605536492734431,1.3987795289119183,-0.4575745686139538,-1.1556996494584213,-1.0334968079862252,0.0,-0.35956874422649643,2.33749867205564
94,-0.8344037069925376,0.5338569102531747,-0.19377526774637555,0.1823478444061027,-1.1392569251660765,0.0,-1.3344557204245882,0.8102164883031047
94,0.2620612679376041,-0.30869730898603076,-0.27836783748462546,0.655499461794704,-0.3327875638920935,0.0,0.5133258217835355,1.8794616168202924
94,1.1848192138696756,-0.8714262602935909,1.577382538171544,0.7294540036216178,1.3173870127231657,1.0,4.84638564661231,1.929739513619323
94,-1.5620225859890888,-1.115502070018253,-0.27239136725171126,-1.912913730331706,-1.1638981016633014,0.0,-0.6116191569774402,0.6922057888833946
94,0.2721003305144236,0.31594410368848425,-0.6482721853407817,-0.8890148077998459,0.6946372665778429,1.0,2.7823968989506405,1.7557941085384572
94,1.4672542194002647,0.3874040260744047,0.46215913684910226,-1.1794576659275837,0.7084196410606747,1.0,6.106454712363233,3.386401735512024
94,-1.373551672042758,1.5670731306933625,0.4301233735389999,0.8084570611549277,-1.0313372379799688,1.0,0.12123823562967889,-0.043159279263749184
94,0.5618917866708287,1.0721898723077712,-1.0631996894232327,-1.3768224725690126,0.26233715858059103,1.0,1.9180058493779928,1.8167313282609738
94,-1.2567327979547507,1.1001196840406278,0.1704271335392632,0.47012802501436335,-0.4971194759300467,1.0,0.7077857292785231,0.5963672092949251
94,0.3687773260400602,-0.7302609140201506,0.2353313764586276,0.047351489960956325,-0.10009772755743196,1.0,2.8778240167539617,1.6136842375111358
94,-0.37727971691107703,-0.07029594621037456,-0.7414272393231847,0.03947574311624703,-0.2567257040948725,1.0,-0.4816144912167052,1.0609002396737446
94,-0.7723005451817333,-0.23741066972449304,-0.38575676985463114,1.798717073106424,0.6104265563755038,1.0,4.9001192538017415,2.61670416749871
94,-0.5568330638128639,0.6014267753040348,-0.4304372320947206,-1.4387629371012385,2.1092009290904934,0.0,0.0025921169938021293,1.7161863152433792
94,2.667720879413949,-0.06518117843608053,1.002512431467554,0.20517380938755234,-1.122963618168737,0.0,0.7044564152705581,2.707932435807003
94,0.33374825916956613,-1.5802294722974037,0.4209323472427072,0.4026385518353927,1.230110212090838,1.0,2.085520850971382,1.7889094827251286
94,-0.4632870084516768,0.5670910356984707,0.5006977720581619,-0.13450019479766054,0.14005151154261905,1.0,0.9354971875954692,1.9195484671079064
94,0.022106327090967617,-0.8833790467540853,0.394607811496234,-0.7335816649130542,-0.057940146426901616,0.0,-1.7320220920335156,1.2745257848168903
94,-0.4385082621121613,0.9435568800906601,0.5946810132265026,0.9511925502956771,0.14642351294446634,1.0,5.2829656737903035,2.5132426111126014
94,-0.2913784641759502,-1.3729187230396578,0.6845886665900961,-2.6935522861709194,-0.6975210224306554,1.0,5.0599177223650535,-0.010672744538041679
94,1.047291705607809,0.0328313641182977,1.3223214753534138,-0.033660765864464155,1.3250906103371058,1.0,4.737635507220791,3.1272471468046605
94,-0.9070347114239423,-0.9542133584459447,-0.18358301858638984,0.24539900103254522,-0.5193538515026922,0.0,-1.2724363975250308,1.6893075813264016
94,1.1023470961858206,-1.245265049030425,2.4826566732233823,-0.2559096719920091,0.626374412805457,0.0,-0.6811132026053085,0.1917432672632602
94,-0.5453604056382898,0.20537387410210176,-0.35387038584391417,-0.1229062306921859,-0.11440537725750508,1.0,0.36047058537974785,1.360451491548619
94,0.7751367491285784,-0.6467322150935279,-0.46168060833197844,-0.08062921223904147,1.3124084301643588,1.0,1.4406488057419269,1.8432507946141707
94,1.1504323964312833,0.1279378711832673,-1.3388792477820313,-0.6590438898759551,0.2731292886821691,0.0,0.8522526611348903,1.1538157799318356
94,0.2218818333026944,-0.8681295706701859,0.2351461101960969,2.0114743825112367,-0.2938461772738015,1.0,6.456207894203969,2.4331214185662193
94,0.18487233368767225,0.6707511274012726,0.3502362862482508,0.17045875210454192,1.8638957196834007,0.0,2.205043350132965,3.683402100397407
94,0.3151711781336082,-0.48746693006781855,-0.5801035636158098,-0.5629324642100197,-0.26569631752009215,1.0,0.8478928139935488,0.8922563147984227
94,-0.5736646245430551,-1.399135746027122,-0.9623633935222582,-2.939757915606499,0.40797126414156865,1.0,7.210591068482984,-0.35925821125462853
94,1.485896365736556,0.6915721525368587,0.8746275373338783,1.568857501295739,-1.0516297944721718,1.0,11.440694677169018,4.453549124308232
94,1.292878261323197,-2.7797357748672007,0.09608433512685213,0.6621760255570145,-0.422274189846151,0.0,0.7380035166711257,-2.173908176326335
94,1.4855016992695977,-0.12544030781935714,-0.48136142147687705,1.1245469074183552,0.39221478787962,1.0,8.067475853522472,2.8977544670910254
94,-0.07372394926965561,0.03224813048439164,1.342006815317116,-0.21687799767014593,1.1887821767770408,1.0,3.1436461685989605,2.3606388730851844
94,-0.19971947821118202,-0.7078583052329026,0.8354757191454285,-0.21946750100932333,-1.1634247906212654,0.0,-2.8671300591616653,1.0847008711873452
94,0.942121884631365,1.0730152810449147,0.2967519024266693,-0.23115106496041665,-0.7490695496030836,1.0,5.082167580599494,3.6330367320285446
94,-0.32620927918258086,1.0580505193416654,-0.948404684208934,0.8169603689229198,1.239927668231593,1.0,1.6040673104807697,2.157996402611056
94,0.5381030789712944,-0.15030800112467552,-0.6220088984390855,0.39389018955451316,-0.13205946533819746,1.0,3.893102251296327,1.7456368281602135
94,-0.05938644101176266,-1.2051927566794267,-1.2207693115612523,0.6023152447820288,-0.5011232871911887,0.0,0.06738831388501143,0.22241701742518316
94,0.6516666521099411,-1.3035642509787693,0.24451321844533633,1.7378334335204053,-0.7771894705629789,0.0,4.386778928742687,1.3973957219942117
94,0.9439753950242402,-1.3310924482831417,-0.06531212039894917,-1.4985112894410995,0.50711311117057,0.0,2.6773258511586704,0.01943572587593112
94,-0.27725235665348824,0.14854288153912035,0.5322434220023038,0.5216463053636826,1.1581913187862016,0.0,0.8331468352861386,2.8621726971654415
94,1.465754931741316,-0.9071305313152024,-1.244227552842992,-1.8349105623790352,0.5920559538019802,1.0,3.895667255855942,-0.9730648884006643
94,0.9348715480525213,1.3427201897302818,0.8372759527998535,0.7529003611168558,-0.7337499299706681,1.0,10.667881569878835,4.491768753147557
95,-1.355856781454946,-2.174060767540378,-0.5909995409519229,1.0581507496356535,0.8425997099332515,0.0,0.02114217808053609,3.668015878252952
95,0.5479595627522805,-1.602959218316082,1.1942806988010841,-1.163168129035044,-0.5307589430886479,0.0,-0.2002917229694059,-0.2879974355624896
95,1.0734004595882558,-0.9556205477677558,0.26030190732816805,1.9247297066405253,-1.6025116890506235,1.0,6.079625427608995,1.2906987027942685
95,0.31953473875735655,-1.4592084850773759,0.5865848413164172,0.7959495138406122,-0.45192722003304364,0.0,0.7733595811323488,1.2620347831613674
95,-0.16782600679423504,0.02814442312474933,-0.21171164934147366,0.875454087176009,1.6583013196584888,0.0,1.7205820117145154,3.064130392723803
95,1.2167822171410825,-0.458835210407336,-0.2556590385195793,-0.40327150950035784,0.541106533690489,0.0,2.179799760242056,1.7292558176967994
95,-0.03338039386369136,0.39363035909946437,1.5629346356048694,1.1730220259829347,0.5018582309418353,1.0,6.896932715348586,2.7937545026660096
95,0.7980463303725579,-0.7178179611403457,-0.3192906628835637,0.16385765687257453,-2.2265778949581745,0.0,-1.0566399803556406,0.22571505736049302
95,-0.35531199424836546,-1.8327874191827682,-0.20951082334370455,0.13957237323848337,1.0688396093665902,1.0,-0.443543484051506,2.0347449972767566
95,-0.26485490988224103,0.6209517698113657,-0.01046267013134056,0.6808963780484257,-0.7228928884720568,0.0,0.5139768719227655,1.9873019814186257
95,0.2595238028806115,-2.1633528259200876,0.6256945085180904,1.5519314086960954,0.14062907245521836,1.0,1.6542236341406062,1.45632799987677
95,-0.3900350974109462,-0.8738529206439472,0.4232237407569617,0.9346984461601021,-2.135570214525179,1.0,-0.2513633039148494,1.2318349701559113
95,-1.0190554332316522,-0.1907426483015656,-1.5406799948255898,0.43538896024061446,0.29282215914881027,0.0,0.4235940108368499,0.21335563323912674
95,-0.5006587380650325,1.3614111281203942,0.22699097594398795,0.059948141556007785,0.032909776943307906,0.0,-1.3570516114388047,1.8830462407852657
95,-1.3361908810363137,1.3280971904794772,1.428095122983676,0.1288782474914106,0.3998136911576618,0.0,0.4635604780027338,0.34197270801571866
95,1.7616719333144935,0.3902067338127349,1.4494479512155143,0.7704349355453808,0.9428341150226168,1.0,10.144253639369794,4.465764862581078
95,-0.45617494044730683,-0.5001773775725181,0.7729357484942188,-0.9625801802129264,-1.6296570414712568,0.0,-0.513492520343528,0.5562053906931956
95,-0.5447155098745315,0.2580955183378701,-0.15938908723362416,0.4078290191212674,-0.09588456673055655,1.0,2.455557363875939,1.7797034836146604
95,-1.529896937900752,1.0551624222289728,1.8418694591373284,1.4514668673621816,1.2939799746288625,1.0,4.678396930939881,1.1742355973480278
95,0.08178991382386322,0.3539507939986615,-0.4652271813043854,0.18061621124643812,-0.9676599976050364,0.0,1.2990149706635212,1.5144041442837908
95,2.2237838223373134,0.7069601109913125,-0.7888693269546577,1.4484974590108097,-0.923000690528882,1.0,6.283808207013252,4.61046018816166
95,0.22423740214450316,-0.0616321720917825,0.5040670918435564,-0.07811672958578429,-1.3045950935765203,1.0,0.8259047301496503,1.5037854526367014
95,-0.18095210530313277,-0.9122294770762701,0.7575141792066876,-1.0895910183970738,-0.626732006070739,0.0,-1.987866542174693,0.8656209353164247
95,1.7793386200109749,0.8067454156823002,-0.7111465942418097,0.08590249012615025,1.4334737800657014,1.0,7.693042239545825,4.890244119266866
95,0.12964182341332053,0.09193654313085073,0.6353277088789021,-0.13493349679531066,-0.5525154191970016,0.0,-1.147453929394367,1.9015246645143282
95,-1.704875100659314,1.0771849325985952,0.08876299520125856,0.25918943138220363,-1.3736765189768847,0.0,-1.0856524957762597,-0.6671097494333088
95,-0.45619475857586483,-0.6453918237421316,-1.8014572036252066,-0.5499958919540382,-0.08526331993433767,1.0,-1.2549609834832214,-0.7033480789606461
95,-0.8274503740001361,0.32534494435536954,-0.14247880660683762,2.3531177961712473,0.25522359232777664,1.0,8.815719976531833,2.7025388342294328
95,0.3291603657870127,-0.22462782795781874,-0.35719343532701053,1.3330139248713198,-0.28803289474313226,1.0,6.606984871574686,2.259103305160863
95,-2.1345756160982874,-0.952201270233055,-0.7050625101184175,-0.11865584422436554,-0.6572040011302054,0.0,-3.3365646436756937,1.510267033757791
95,-0.3488210014389638,-0.8110383572279628,-1.3886128578187513,-0.7991934497127781,0.050307369997289714,0.0,0.08735567290901547,-0.18459459899230762
95,0.7390575609070593,-0.1586699067749049,0.7279223734405454,0.0009430418554167311,0.24739044195083057,1.0,4.410663612588948,2.407613860528503
95,-1.130026508322067,-0.19985032904222372,0.11675685561981163,0.5793488465548499,0.44119081932130466,0.0,0.6219623748121552,2.1227376695571953
95,0.3109631539498504,0.47559301131994414,-0.7234917086855568,-0.3027086407054098,0.5867871522856144,0.0,0.2751875299480586,2.0709621584976956
95,0.0522207829154791,-0.32904282340463514,1.017481264197734,1.3651763278459004,0.11934409818924686,1.0,3.8523766604818706,2.6209174748618076
95,1.5338661655420909,0.392531028638214,-0.2500111225778818,-1.245718302319305,-0.7006418763604657,0.0,2.437453712184903,2.436012680095823
95,-0.8004203970558302,-0.6918329964902509,-0.4169775822825848,0.08832008212151186,0.6641787064777194,1.0,0.7760230161519088,1.8897083384514626
95,2.4286456310338584,-0.6927660843333991,-0.22562611203514904,0.5303192029454263,0.29596712145342624,1.0,4.712040394943321,1.4604407819193852
95,-0.9409882265072822,-1.208620257417366,-0.6621625401317656,1.5367302418163966,-0.8232595348657865,0.0,2.942744016144119,1.8768117694978443
95,1.8057964540210218,-1.182312724733447,-1.38284909886029,-0.15983015103543805,-0.7597947221968433,1.0,-1.682428688786105,-1.7876685796533671
95,1.7892699249340511,-0.4208340394793159,-0.9594127599406368,-1.3106355488214176,0.9304484472019489,1.0,1.2245382673170377,0.8354332709790369
95,2.5613515645723473,-0.06706902816833436,0.22761693070587788,0.36351824401509,0.636677461827357,1.0,6.650148127113301,3.6634671422363017
95,-0.1277105013646959,1.7316516144104264,0.1783628624099687,0.31967634414789803,0.11104135862310423,0.0,1.0072950583287117,2.8694962134913617
95,-0.2846887547086373,0.11717823487743459,-0.1144618457166295,-0.46572333757652445,-0.4312773175488566,1.0,-0.5221434015208317,1.3706105557817327
95,-0.2762668791575496,-0.04208929041558172,-0.6471941070828586,-0.6434906235996808,-0.2577452790759385,0.0,-1.7029756967272605,0.8760135380177676
95,-0.45583103808152914,-1.7323591498199362,-1.4553809368365036,0.7718190103658438,-2.28806582523928,0.0,-0.9967781469002708,-0.6750865755130273
95,-0.14601880346983728,0.8777464218412215,-0.9270160453057857,0.4383165177111192,0.6048628298192332,0.0,0.7388413761345656,1.8960012928033314
95,1.0190392310408192,-1.4126826005629523,0.03522639093355385,-0.49188791154586603,-0.40270838813419485,0.0,0.6621688435776892,-0.0667060152689336
95,0.14739908047256028,-1.3695508384714252,-0.17899134400456349,0.6619931653041218,-1.4701092902505508,0.0,0.022904722380355125,0.6775236238092489
95,-0.7894671188063812,-2.0268114219728424,0.28395807007342216,1.5162252377032963,-1.099772139297961,0.0,-0.12268931095519722,2.5021213655725916
96,-0.8508792749737124,0.07634961648071632,0.9217983201654515,2.0481684748741698,-0.15073843628166797,1.0,7.73209888896365,2.561773475197068
96,1.4113262994644216,0.13281199442734118,0.20155144659376803,-0.0238298899435424,0.1363800395960164,0.0,0.34314792075366474,3.0963181792936827
96,2.0661234726936843,0.4977264724152645,-1.0765805202919851,2.263384507797214,-0.28778429257697974,1.0,12.33927283306559,4.234140607195994
96,1.1389150492278184,0.4616096514759895,-0.7751784073476032,0.8001421398228583,-0.4943495411506296,1.0,4.589402333518054,2.8055998131468267
96,0.11061309535990742,0.15339581043064165,-0.19074341732276595,1.2494213546057396,-0.9085302894355148,1.0,3.622628606229147,2.2059094250203057
96,1.9910507874525092,0.41414880316183833,1.7315257647481492,1.2518329708082252,2.0844241091787037,0.0,8.497555989855481,5.401044233118231
96,0.4212111476178888,0.6148434171866172,0.13143748619445703,1.5902341925184103,-0.9378420331291423,1.0,7.961638152073184,3.1602955285762206
96,-0.9998488362423978,-0.18156873680840485,-1.7611345909243976,-0.535785530674372,-0.9183325345471152,0.0,-1.4082345718391227,-1.2059848853755173
96,0.24310785593745654,0.3355167616825859,-0.06407778335321437,-2.4942970907665005,1.9522093846749804,1.0,10.272144367974693,2.0657440458507943
96,-0.054015203690851415,1.0563327866665482,-1.4057245507397793,-0.6970023558599441,-1.5154438277043842,0.0,-1.9581846151773714,-0.20066147451575914
96,1.2185921431688802,0.7815736818399015,0.49428598492287124,0.6429382678194251,-1.179716327479367,0.0,0.3571073743244866,3.811564088390311
96,0.1686777590570136,-0.8089150197679442,-1.0250034747939094,0.29207058645558526,-1.2224973719456373,0.0,0.11230312022177547,0.08481618357511322
96,0.6488178938356625,0.5231410565244653,1.190563123456522,-1.0554901025404415,-0.4010718953039676,0.0,3.65140894972834,2.163540343477522
96,-1.4323781978224117,-0.4278387945790092,1.206723644290346,0.1900645777122767,-0.17622217946620428,1.0,0.19772407568418582,1.6490843984260053
96,-0.08293618720581233,0.8883027328644546,-1.5685598146075557,-1.33819008100128,-0.11824882797312074,1.0,-1.3275491404761257,-0.18125202038709748
96,-0.053783169461693675,0.10595803835087436,-0.2795533093136353,-0.4562884359718254,-0.2062363653488997,0.0,-0.5482547916493661,1.510528407915031
96,0.45960019758780635,1.0856532437516488,-2.9095326484941344,0.13671966448678954,1.579098796683155,0.0,-1.4898223510183166,0.7015413778052252
96,-1.4083987495362735,0.620605426387851,1.216923569432819,0.0883610198924509,-0.9328268503323349,0.0,-0.1327025385362275,0.26480549096297334
96,-0.3972801560630781,-0.6158003749280428,1.0872835920831108,-0.17612835031479027,-1.3187162209152943,0.0,-1.3596479967016037,0.9992166119600723
96,-0.22986777830434668,0.06570645189966727,1.580697789277613,-0.7455412102787408,0.010564396410136193,0.0,1.3676327634783458,1.3157747276883969
96,0.7076722742015633,-0.2825974256382921,0.032374641274029774,-1.2381494336377599,1.2051021155179817,1.0,4.671953881908781,2.011690710046314
96,-0.8647445533276811,3.0764518137108983,1.1644155400921763,0.030216344580415687,0.23675047677770342,1.0,5.330103476482629,0.5564873301586575
96,1.8448020619412366,0.6765743844154063,-2.16752998795779,-0.44701668836754593,0.8219462982298708,0.0,1.7333641650658613,2.0505902132146905
96,-0.027223225731123703,-0.8863806832419441,0.7568644973968575,0.3636074413191082,-0.4655273023286706,0.0,-0.9049441261635703,1.6217930642516756
96,0.9027466814446787,0.2851510882974288,1.4175476387670807,1.621711711073492,-2.33266403515726,1.0,7.7705212119799025,2.357315287887653
96,-0.6917568951698103,-0.33268497768146726,0.17011237108044558,-0.006099245090316606,-0.9845733324053975,0.0,-1.8939960684981925,1.2932018370809226
96,1.7599171496142356,-0.586077110194466,0.19718178258015007,-0.15518593509182882,-0.34490286962123984,1.0,2.6999037759081075,1.3846419298717318
96,-0.0069262113161715,-0.399470866844602,-0.9775660490795031,-0.11960508186872963,-1.2695957082792655,0.0,0.24280682728530434,0.17522714562147834
96,-0.09662130454810879,-1.8274909620236601,-0.8763118440666054,-1.151491263962306,-0.027125348113532063,0.0,-0.8454550425810645,-0.17295639105048433
96,-1.007152418559408,-0.8495530139448841,-0.09129507434862816,0.16632607764703033,0.06829707201879161,0.0,-0.26395431861082086,1.9947761925218555
96,-0.6561582308659614,0.8220869525867559,1.2310938453574256,1.7311753152934997,0.27035716318066616,0.0,3.3409393388953372,2.493064992721237
96,1.9324677530754308,1.0315610354486568,-1.381727520335945,-0.2274765206152606,-0.9139121661462825,0.0,-1.4883986273113448,3.4018591042727726
96,1.1984376992133077,0.21933235648447943,-0.3129905613026022,0.8562342075105139,1.1675202206437116,1.0,4.42214178493963,3.7785401420614386
96,-1.0387403941366866,0.262896870299326,0.0012048178932798595,2.1284834913920556,-0.9659665624020001,1.0,6.089400884837123,1.920856787057974
96,0.9316738278213034,1.904748161640855,1.171219224910844,-0.635263952788207,-0.13420969568868243,1.0,8.632633204222454,4.782716586278471
96,0.33885650601768047,-0.01439654369716252,-1.2145287975507097,-2.7978712841571323,-0.023455170383935086,1.0,5.333348509673761,-0.5117974273433381
96,0.07955260098702129,-0.03671290608514058,-0.26458046119803186,-1.2410304670331027,0.9424939511159184,1.0,2.650630590383407,1.7021430487688392
96,-0.15049882847412213,0.4379731411265486,-0.33782025159849316,0.0733410268509503,-0.17077804605031094,0.0,0.7319602535756249,1.8036734195376454
96,0.7351834949746529,0.22287871365124107,0.36572410372581377,0.05010197544265399,0.5192319029718709,0.0,0.9760896430378092,3.04428189502112
96,0.3273208239520614,-2.40305464310723,1.167315809918981,0.8860294194835862,-2.309110189270998,0.0,-2.9977135024259582,-0.5596974698299761
96,-0.5150967121663617,-0.30986884945423315,-0.584170778315044,0.574770702160328,0.3720391172716133,1.0,1.1060387366906475,1.7626188602078248
96,0.676458220480308,2.1622039422829213,1.2072334141067391,-0.8280601878289177,1.0207487746040973,0.0,6.002730817473408,4.937539221879565
96,-0.2810705380858213,-0.37340980868774676,-2.0111065335558482,0.4796557503064185,0.8521074925277375,0.0,0.9726278645609493,0.011822572456048175
96,-0.367360813459888,1.491371187093044,-1.5423313058020913,0.649176164175631,-0.4501518484588787,0.0,-1.3692597654697094,0.3709415364622237
96,-0.4324240729177678,-0.8982047057615234,-0.13633340060666554,1.4765988011434827,-0.5778709984689657,0.0,2.0504902915560876,2.0950091364390255
96,1.0774805967395442,-0.44439142608122123,0.28302954806660036,-0.5726608218092836,-0.8742851252457426,1.0,3.0612007102431855,1.215977043388063
96,-0.46058015413233205,-1.6890361974919337,-0.028714702492808723,-0.870750191331182,0.14118650319022516,0.0,-0.631085564879644,1.3235769423038595
96,0.47792385464675563,0.6404941333949178,1.2550318857493359,-0.7057543930984524,-0.6449813456303461,1.0,3.7735442542901274,2.1280077010529252
96,0.3032776346728626,-2.844422382848111,0.22927543023881536,-0.225164688481816,1.2406440031615307,1.0,-0.5954804319512805,0.462986631113553
96,0.7709129715073031,-0.5450859161410709,-0.2402715423420594,0.8576590920918249,1.0681679142963945,1.0,4.520843719194536,2.5067508490811106
97,0.43967271725446555,-1.7609352233888922,-1.0761373526216935,0.11990967366013905,0.09542166597709141,1.0,0.6631197728494475,-0.39053790253875936
97,-0.2771002068616647,1.1808187455658485,2.2313162953635466,0.3842826175756993,1.3818546208806353,1.0,7.488436182415309,2.5098533773982004
97,-0.05099904647618471,-0.014192416386429589,1.3403453266807797,-1.7629586583517427,-0.6173549191568177,1.0,3.092985861575717,0.6765605668478252
97,0.51741958419428,0.7604632472414526,-0.5547400642871695,-0.43816257349568427,0.5091481711699065,1.0,4.4165779826634655,2.6405801425323148
97,-0.7940755649241942,0.9435396488055755,1.207404003090217,1.762310296956679,0.697891073546671,1.0,8.672825763351623,2.5147400142903287
97,-0.27558189369921543,-0.38816067682559396,-0.5034464831452599,0.1938478934664892,0.2675614848177195,0.0,-0.6394294682404076,1.6300052377438852
97,-0.3463336892831704,-2.160991588963672,0.24785414169314177,0.428731537950031,-0.8395051872817255,1.0,0.05113085043977006,1.382742880938845
97,-0.2544343602947359,0.13366119148173547,0.2944795267380861,-0.8870466209435545,0.9296775624292054,1.0,3.873244586609456,2.0311139849916056
97,0.9038374852778783,-0.06262283962045259,0.8511256269543094,0.6677001765682199,-1.3225725264913786,1.0,2.065050052688068,2.1212701579388993
97,-0.11804921752312603,0.14804985811564728,-0.5595154415542586,-0.003644877736404822,1.7183516359013713,0.0,0.31661519255575965,2.422631210992031
97,0.38802544019081786,0.8941712672078893,0.7424484896288992,-0.08929956960331596,-0.3799216177340539,1.0,4.923875613931132,2.8614885642342913
97,-0.9034343805654196,-2.107778121544412,1.1073260674834624,-1.4753272572157208,-1.0424247805913385,0.0,-3.8729802736212244,1.1404749474733205
97,-0.1380964692490647,0.5329198915165034,0.03118162899905459,0.4457031613524907,1.155932398888934,1.0,4.610531580150933,2.939739842737958
97,2.1145648266424786,0.8243593562655236,-0.268275084627013,0.6590787306353161,0.0628238311790535,1.0,6.571154236572301,5.40366668084439
97,0.9621663383103415,-0.5946004142641862,-2.2697959913078667,2.670957186744805,-1.9857740361478295,1.0,9.500656292109213,-0.8240802279411473
97,-1.0288744544960668,0.15730415514637458,1.337717863655111,0.41724895469994167,-1.8100283027505786,0.0,-0.7351466082520501,0.6058117159562405
97,0.756016900927945,-1.1893411259007218,1.879239466578118,0.5384381017403538,-0.9341867213694078,1.0,-0.6255476991449832,0.32234570174677835
97,-0.9496078936427308,0.00937663924023506,0.42121476770703503,0.5257121666392084,-1.1275093015716116,0.0,0.8279652289094732,1.3432819910466547
97,0.25366608717875205,-0.49148499794391437,0.4523621762399309,-1.5955079025364374,0.4209868847046846,1.0,4.613584735070406,1.2947551733536653
97,0.4895684617222922,-0.6171684309719438,-3.0018722999407723,-0.40242288584561675,-0.10283673148172992,0.0,0.5463014695304355,-2.1097671228498474
97,-0.8810796225426321,1.7936030192433687,1.053966353844561,-1.1541419408144609,-0.6377664542408795,0.0,3.486140584317603,0.001110242146237006
97,-1.281773568479842,0.6106966650029492,-0.30532094423636813,0.5431463462228104,1.4230906630010873,1.0,0.6786057897200806,1.6658952632757282
97,-1.7306394597790515,0.6963807205494013,0.7707177787166337,-0.305966775460503,0.22026994914076264,1.0,0.6440242554457816,0.3376079662310856
97,0.46897039349265535,-2.33345947229846,-0.5117839301109021,0.20844068569194263,-0.13493499003504084,1.0,-0.8062513305009307,-0.373834818248973
97,-0.3247631141805489,0.27306763016568225,-1.9776644380058954,-0.02320438628201254,-0.6116193918948528,1.0,-3.3283529150228253,-0.8165092013867213
97,1.8352851908964123,-1.2926666800433608,-1.112514535527439,-0.23782126604921386,-0.5011179894734702,1.0,-0.9610374740494672,-1.5844218075711396
97,-1.1735859230507988,1.0087797426206468,1.0192585935279608,-0.8142382536475723,0.01996520421674539,0.0,0.40229284119684966,0.3701975421883913
97,-0.16752064637807282,0.34287043458256244,0.11211548197437984,-0.8931760013120315,-0.7080475524167689,0.0,-0.23320037685119935,1.2794046214060149
97,0.32917007446843366,0.7131110940438036,-0.0268876475691377,-0.5663646907900655,-1.0353564973819898,0.0,0.046757529129396735,1.9412095472968582
97,0.19302376370623003,1.360771314104147,0.5915995523035648,0.7885117291651216,-0.47565450739760634,0.0,1.6665247384363302,3.3218368144477126
97,-0.5218065811732374,0.1333144920818124,0.8556249113258496,0.6303197713932733,-1.6275630317741077,0.0,-0.6521902132612516,1.3211272433192713
97,-0.28708865908943165,-1.2779961511297901,0.3910779616016316,-0.4648000483128494,-0.8343585606510299,0.0,-1.2638773621099824,1.0548141666096933
97,0.43056576176218603,-2.2522115823212063,-0.6207945108675711,0.734955433850632,-0.8584010999339352,1.0,0.7915406464757844,-0.43925163326444616
97,-2.009266440039417,-0.06366994286425624,0.16051228487283895,1.0266586629486714,0.5059884959262159,1.0,1.7513890645840056,1.9251869473885004
97,-0.35541706932507716,0.2495959451866843,-1.5518395577207267,0.5091829642578278,0.25393576562093834,0.0,-3.1577345485054407,0.48297399836949384
97,-1.2505504860937988,-1.7566400508623332,-0.4795400150813235,-0.8120852282460727,-0.23553124979770204,0.0,-0.22910209483275712,1.816800794847505
97,0.0007443936909878339,-0.3664372298451805,0.09269017064403881,-2.0971114671717266,0.6951849929717264,1.0,4.7038164367872195,1.1579699973901327
97,0.2236741109750705,0.023454786159608047,0.3664185889289707,-0.43646290082109296,0.527808571562738,0.0,-1.2903690208341203,2.291309263949541
97,0.4135755543015351,0.11041485307304243,-0.5012999758510178,1.5151424154103408,-0.5259239885873099,0.0,3.707298849779534,2.428577892149857
97,0.5614713233534451,0.7574934831187313,-0.1230426956149719,0.19069050143374858,-0.9326555229181803,0.0,-0.19478310468924986,2.64472920598645
97,0.5381733392984202,-0.8232770233548095,0.8036362990856358,1.2020450851851572,0.20484524521035288,1.0,4.176927143388249,2.2137393155274694
97,0.7454052838176121,0.04587060859716971,-1.0044786172720017,0.3360958468388047,-0.0986271042443714,1.0,3.347080988569595,1.5828534761828803
97,0.5488333261884477,0.2246842619521298,-0.41384582136807985,-1.033748913415861,0.2772615761412328,1.0,4.418819076645887,1.8404874896457752
97,0.6126382768549093,0.5433616064329573,-0.34156323347416384,-0.3905106849317029,-0.5002195816193494,1.0,4.9813127882943125,2.2369695055565293
97,-1.3871453517355006,-0.7078417317067376,-0.05965080663214143,0.15096329237985684,1.2848670349504605,0.0,-1.3517585488658024,2.6206970046392346
97,-0.8010296427194842,0.24679729023482955,1.2518412888019395,1.3691564513435264,1.0369822356775473,0.0,1.3763756441487915,2.667756340552469
97,1.0480516973259313,-0.2260113300780808,-0.626791197265398,0.0953597158748056,-1.184178441934302,1.0,0.9513717740948063,1.1262574583469225
97,1.2534393330504263,0.32919425436987454,0.806126983587628,0.374090866864185,0.01612424149358611,1.0,5.471132618386667,3.494411297056473
97,0.10054444069867104,0.9095916089752366,0.7348473449397387,-0.10690128802423718,-1.2188615767424553,0.0,3.3087392585461695,2.04299775779303
97,-1.7996453885028834,-1.3399850468489103,-1.5901435274521425,0.3752636051592152,-0.15037478235829266,1.0,1.2263482349641004,1.1397093465316885
98,0.2987777599676643,-1.9134081332079942,0.7985606236188769,-0.3834006489447125,-0.26148954268872165,1.0,-3.6667695642734257,0.39557476611360753
98,-0.4536883832710196,-0.37191411823093773,-1.0755261561805467,-0.8470669797917738,1.1124533509848447,0.0,0.3974230401957606,0.8261313473893549
98,-0.7683075858195583,0.443378088611879,-0.7151924591709288,-1.617877616277348,-0.5299745461273591,1.0,0.9231397807938861,-0.1796707606150006
98,-1.0899757958313478,-0.352000743059543,0.04757364100690366,-1.3141195727500616,-0.6139453812038388,1.0,-1.809287327438683,0.7213069518846187
98,0.5426854323744413,0.39007087123616885,-0.2047153625761349,0.724598607405712,-0.5179224568914601,1.0,3.522175540722769,2.6581632128775325
98,0.603251223904163,-0.24840789499299445,-1.2083796231060973,2.8718763379516945,0.04501307030085383,1.0,12.794475530533566,2.2363591780056886
98,-0.9121863285208137,-0.2616113362480141,1.063524224009902,-0.534082463666139,0.22157221038004662,0.0,-0.7250170900474731,1.5130411134471602
98,0.03910172691441623,0.27053373544175663,-1.2851690397067497,-0.6408810147859896,0.9770012607922868,1.0,1.2524667616430407,0.9726310498755644
98,1.5302609975578978,-0.8656170346728026,2.4193309955008298,1.1369103960411915,0.5392143641941946,1.0,3.2822963114290835,1.3051173673729037
98,-2.1902590582805215,-2.255003950488995,0.9737225455907457,-0.31748653361142265,1.6401128724032035,0.0,-3.8434889667193692,5.426810713629596
98,0.08166088350988879,-0.3697239493812256,1.5428602352704233,-0.4364610185260714,-0.6570767188601244,0.0,-0.7365979311901899,1.0783701896397893
98,0.15873168580568592,-0.4899879406267384,-0.04704320596032372,-0.5698505093192086,0.2594269455701685,0.0,-0.7862556935908752,1.5767555483347893
98,-0.29272434827796895,1.4797865988211558,1.449041055847,-0.5893244609490054,0.21907295010803046,1.0,5.323998068396196,1.8212110001784452
98,-0.16691138574392142,1.1006120808729567,-0.8791922112673143,0.7931270840861947,-1.7668524619012405,0.0,-0.2748275744460138,0.9944603958736585
98,0.4481994416857285,-1.3996000898665217,0.5120040345703933,-0.03051980017926869,-0.5771395335781904,1.0,1.4449857431738788,0.7209364791381383
98,-1.7825677896033911,0.5163205019524256,-0.23659040814574972,0.7834736751808136,0.20858301024117634,0.0,0.46884223367406475,0.7963759950906146
98,-1.3154809432828332,-1.2695160452057699,-0.5796050348084459,-0.8629000537808031,-0.08690310963162477,0.0,-2.0113894242941215,1.4495006063509286
98,0.021808979948198037,-0.7739313201085696,0.24308568666007946,1.4007061502520066,-1.8346095437423895,1.0,3.622725699605028,1.4822511997804706
98,0.993961227034154,0.9044574319202819,-1.2434061796288127,0.00827671062521431,0.3543831482906765,0.0,0.955930707530993,2.7294046842772364
98,0.45653163926443935,0.876793876859456,-1.071263732222638,-0.39063952324594103,-1.0837876164593914,0.0,-0.48509470226805845,1.2731167673945243
98,1.361108633162982,1.2452881194630798,1.2009973315033367,-0.08703846584842573,0.7075090744523578,1.0,10.174501350536634,5.270332779017953
98,0.9685604090321369,0.9114460863983777,-0.27772117519244727,1.7993758341277049,0.23571064769560068,1.0,9.8609530617965,4.66315920375701
98,-0.626993327155705,-0.7284095062729177,0.10373230282219417,0.44428845902350145,-0.677509936136548,0.0,-1.338111483457645,1.7088865233726325
98,-1.6955014892004325,-0.4385673936924957,-0.15930545608305727,-0.5288445796415703,-0.22958493255836018,0.0,-1.6925066570353355,1.2050274422755203
98,-0.7254223965660693,-0.551640469435574,-1.1341607612911508,-1.0426145757340766,0.7527876424064456,0.0,-0.03603447011825672,0.47254015348150025
98,1.712070703329861,-0.1597544049768845,0.7110521117037009,0.03146773640790876,0.41903595678737593,1.0,4.4163014427315215,2.8411008695846918
98,-0.4836363015010906,0.6839237490680495,-0.3452823272511898,-0.9568605375065138,-0.3956060260098027,0.0,-1.1676635907962138,0.8614788588552882
98,-0.12528640763704793,-0.39518415798636186,-0.8116473058317606,1.2358013957808731,-0.17842507210635222,1.0,4.842761455045508,1.600444805107057
98,1.2733931550064688,-0.4324141048700971,-0.8458060861106408,1.697444871610535,1.393453066300074,1.0,10.76526984681537,2.6555304274879155
98,-1.337106227630257,0.3427741348878416,0.5909564521530257,-0.14954396062956013,-0.7214294531932821,0.0,-1.6437503708319867,0.7349082087753116
98,-0.3705199471446462,0.9546170145969574,0.6613741773818579,0.5871700736132771,-0.16751065420877514,1.0,5.148506793464973,2.2680096408834847
98,-0.5208567332966143,-0.956595566468227,-1.8234927543988135,-0.9617456255637287,0.678075837352503,1.0,-0.04017996102621582,-0.5440738382369223
98,-0.06492165712920787,2.6183938509710076,-1.6892400202547933,-0.8547453499266067,-1.7322591441362112,0.0,-6.12525209141589,-0.14954357642263133
98,2.120023778790762,-1.537984264155526,0.4655043793610056,-0.5892342023135403,-0.7150699775129683,1.0,-0.7913963609398809,-1.4953480776140524
98,0.6134876556846878,1.0671319158525718,0.8085117073626108,0.4341721035865253,-0.23150052344122007,1.0,5.717978372783792,3.691149307083527
98,-0.8425933305580597,-0.9689289263040001,-1.244316727601614,-0.19771998505100366,-0.042460819222663315,1.0,0.42232591662559527,0.48911373579804907
98,1.5975775637474317,1.3146090785765727,0.7596621317682385,1.0397162739100427,1.0191655807017,1.0,11.439995491909325,6.690624017419763
98,-1.1242159235197802,-0.1024481804410306,-1.690635811858321,0.5905254375320723,-1.2495729711130028,1.0,-2.492841200786148,-0.7925526940447893
98,0.22237736810646747,-0.5126517436169815,0.24462058838543232,0.052665947762751,-1.4185248331035136,0.0,-0.6356093156916317,1.1504708020964087
98,1.0522147270162678,-1.0785857465143673,-1.0229179978878435,0.3667276149009324,-0.05548898999141791,0.0,2.129123573445246,0.016948274147978726
98,-0.011347533568755248,1.2352023571433643,0.6796874550376774,0.8342497539630751,-0.4457374867715708,0.0,5.057066516149448,2.9097799795513906
98,0.43972223629301777,1.592472454113553,0.49388581335546733,1.8093063478468134,-0.4471251793874226,1.0,10.905207533009266,4.524873822315081
98,-0.39814401066938565,2.012676220147624,1.9542759694598502,-1.2071672605278407,2.067699386671254,1.0,9.436189514014128,2.039185531627
98,-1.9189598535821697,-2.0015541598956115,0.9088175962765158,0.6233551367828715,-0.37944675141582207,0.0,-5.01020158291176,4.071686894093424
98,-0.2245289357209523,0.3049664821958346,-1.0937000942281478,1.8954465141713148,0.2816686780599365,1.0,6.026968120315741,1.9726541279232748
98,1.1161338876853235,0.28768328174238683,1.2781202030932621,-1.885483875144954,-0.22975612014397362,1.0,8.28386089460118,1.8929573255378487
98,1.2850727756757938,-1.3971313105296281,1.2524862009764492,0.09549376343098899,-0.15728363555953245,1.0,2.0074167497973896,0.056865509595726005
98,-0.8578181920947273,1.3839416632322197,-1.1410081790428177,-0.6253158346946603,2.1199674156973747,1.0,-0.38767055203466333,0.6693913276686938
98,1.068597364044831,-0.6451654147020645,2.2567489580744575,-0.49792286936110985,0.6147657955849595,0.0,2.6745453688334533,1.0756793951618375
98,-0.6862892628054369,0.036735227013997514,0.926563305943413,1.2128937004295017,-1.4567669000526344,1.0,2.668552411819302,1.5919424122837045
99,-0.9816626043181521,-0.07041005187592447,0.3936740768135522,-0.522982956236569,-0.24443398606407657,0.0,-3.420422723322961,1.2797171330203763
99,0.2743221480496756,-1.9183588316648015,-0.09538752158997035,0.9223541732969016,-0.6932249283311644,0.0,0.5870550414898346,0.7140582632554046
99,-0.1881135996991626,-0.49819137206394903,-0.7592640611269408,0.39483158674359436,-0.20498587277426017,1.0,0.881449477128341,1.191197731356969
99,-0.7835167044013451,-1.0517241855914021,-2.261627272331663,0.7308779313860659,0.08546826351612076,0.0,-0.3721379202545133,-0.45339534170442086
99,-0.7575067425441964,-1.0035367195403666,0.8377745769931866,-1.653450426272368,0.5885124316605804,0.0,1.2240635058243627,1.4352007091887857
99,1.960250415701552,-2.257977581486181,-1.2861929526964502,1.4206263789907194,-0.6073673558969483,1.0,1.8294920869223041,-3.530755237924358
99,1.2269426594597819,0.2978875263967636,1.1673238344891517,-1.95645990904369,0.4274928126380732,0.0,6.7621489919236,2.339698741082536
99,-1.877146109192088,-1.2417704815646102,1.4078559976106384,1.3496269427217025,-0.44229627399687127,0.0,-1.3262024136795318,3.0913399526972345
99,0.2655106175932058,-0.3297558827610414,-1.3812735739033712,-1.814557189778901,0.2527538085675908,0.0,1.7093247143097745,-0.4028245834232677
99,-0.050068200816938725,-1.296437145286088,-0.42690075933600075,-0.6885272545595151,-1.9043018892919092,0.0,-2.3981384101178356,-0.20795398419694966
99,0.570218336251987,0.8093752029027759,0.102472118536731,-0.803125846023237,0.6070230942509425,0.0,1.5059027199527317,3.09925635963418
99,0.6464263513957982,-0.9598402493793433,-0.6464317472819044,0.5984185214637694,0.9802754895389498,0.0,3.2271234776167583,1.4871963365090388
99,-0.08262721340319953,-0.47664461209606324,-0.487064582294817,0.4473869537121219,0.14166641719199977,0.0,0.43941969690201227,1.694452836441038
99,0.04968031250781,-0.26514550029762823,0.6707343168616754,0.5918274130325427,0.8259681092930263,1.0,4.684860625010224,2.706725268497931
99,0.37260256673231756,-0.6841148157428516,-0.6123931075065202,0.41495556720406535,1.0564257840682445,0.0,2.823918216417823,1.837109799781218
99,1.3528406653601321,-0.3077570909121666,1.7085521801948347,0.7661170951061967,0.1307447153971663,1.0,7.091749466771766,2.271581899668878
99,-0.038361950810295704,1.1205712917687862,-1.4863362302393255,0.7279743233965705,-0.32364580738784265,1.0,0.036820386001465005,1.0414732288273212
99,0.07878612296549767,-0.5694934637100795,0.944233171438084,2.6602297477545402,-0.2894232751641017,1.0,11.547423214591918,2.9536621885215233
99,0.24293140109502767,-0.43428188517320415,-2.0337999802991567,-0.7270955957786212,1.5509073832521243,1.0,0.840233821800964,-0.2528075767961231
99,-0.40643562410823475,-0.9041556838993914,0.4606775604700686,-0.5895680211083042,0.11478726887456511,0.0,-4.104112319808165,1.600885319967956
99,-0.980931038259336,1.5496194213353822,1.0934714394716571,0.9857804777312139,0.46306433771852334,1.0,5.039717259919272,1.4948372458332595
99,1.1306634202678087,-0.11795588660890784,-0.22570830033186806,-0.6871244722755733,0.2591836376034439,1.0,3.6652352034637237,2.020796629383413
99,-0.021393534980974196,-1.2561810414241328,1.6680058073052357,-0.4383315020328851,-1.144853291583003,0.0,-1.3658747711650772,0.33344091866051045
99,-0.7683642029911495,0.5095292171476717,-0.670975214673121,0.4492651512067452,0.3617308949873252,0.0,0.659907831840036,1.3323046106105574
99,-0.48558897586764405,1.813742864437642,0.9769843006240164,-0.1101492337665959,-0.6989734842059766,1.0,3.570468259367231,1.4267987360502439
99,-0.830105724556394,-2.132172925517473,-0.7404327019768235,-0.11201965151750026,1.2661893716153727,1.0,1.9578647449602489,2.2338348591340793
99,-1.0536265987301008,-0.9318018098838315,0.9386834706996313,-0.4598365054667828,0.8151089071584622,0.0,-1.6952331316301121,2.226885591027254
99,-0.5882569574918657,1.1911700379227783,-1.296781731016782,0.0953677295490887,0.1743639989887017,0.0,-2.238685168085364,0.3578159040296966
99,0.20275691191455703,-0.22381211036655035,0.8181230284732934,0.468365587216172,0.41153419136603325,0.0,1.3905413950678671,2.4766966966009885
99,0.19992558249351533,-1.2652242373455564,1.4606518409358689,1.0440875389888404,0.977289087586317,1.0,5.511569322460634,2.065336125984718
99,-0.040251614330707515,0.4738738858354982,-0.6509700479490198,-0.9830938444742849,-0.29950712503535315,0.0,-0.4665116699784022,1.0264478023838681
99,-0.409465363015224,0.15709201128923375,0.05981607405735567,-1.1362781113957903,-0.8326703003373775,0.0,-1.0361364177374275,0.8531349698573801
99,-0.8423322166145626,1.3256868944271967,-1.3477847244828347,2.940702302316236,-1.0768447232016884,1.0,4.351733961794361,0.6042126299122115
99,0.4497003917916609,0.20328262595988725,-1.1078630520149924,1.3188317750415641,0.19183051403317178,1.0,4.904209694010459,2.0658819654473124
99,-1.611584367378351,0.9661121156971438,0.2608536958592891,0.12487019630281351,-1.4505632057651208,1.0,-1.8529395607858965,-0.44595680802679083
99,-0.02182364001585509,-0.26368925471934496,1.1297246349460883,-0.24291174641358018,0.7835650850529884,0.0,0.30985498415492707,2.1250960340585543
99,-0.07002489135160292,-1.1883392223992608,-0.043772171774815745,1.8033546273616343,-1.3839285719255472,0.0,2.288669862090436,1.6409003613329989
99,3.426241207152319,1.617241075852565,0.1300677107032773,-1.3064356337957659,-0.8817902190989169,1.0,10.306197795750842,9.025273200214949
99,0.5489244432797217,-0.3495303291091392,0.10995513669851202,1.533246909986519,-0.16849529763427223,1.0,4.412480160349423,2.639145712268485
99,-2.10488099311311,-0.47905912935839784,-1.2647706802017007,-1.2317177961644952,-0.745702889523446,0.0,-2.2900057709866877,-0.6034319612485273
99,0.8604574094692578,0.8067690775651577,0.5867663868491114,-0.35716234924713214,1.2703346396236763,1.0,6.580203590605807,4.110508400677301
99,-1.7145409950170245,1.0403401609055822,-0.7630208461335,0.7925392117689606,-0.8942106749506653,1.0,-4.352173964601109,-0.8304008453732836
99,-0.17497762491373897,-0.5708895354874612,-0.07154414088566421,0.014613875770047335,1.1314500045597358,0.0,-0.8792513582831138,2.261660993949489
99,0.87423013314219,0.3812819686604415,-1.8484233200368285,0.3072382063930753,0.02948508274088572,1.0,-0.047280042496796515,0.9311599401233168
99,-1.3629972382364213,2.271547999268929,-0.8773090701273775,-1.1588613648965536,-0.5587429298505009,0.0,-2.447203652436276,-2.300072112314515
99,1.195024138142868,1.8010149164652476,-0.27781199263009665,0.18833085083080295,-0.19185493157447378,1.0,7.847970934405937,5.471265594506514
99,-2.217889257405278,-1.0933708109272768,0.21712737714446578,-0.26080989712289643,0.15599192920621738,1.0,1.6211818725195486,2.8020203597035636
99,0.6255189467919909,0.029451318979568143,-0.18007965923980543,-0.24010538108158247,-0.568975287700849,1.0,0.339079126470307,1.8351567552112735
99,-0.05145702087990018,0.5121012328140381,1.0559505064776677,0.08966091400270915,0.7079776297605372,0.0,1.0842430009421447,2.6231660889846746
99,0.38329505676544473,0.9069104437643845,0.10179842169570702,0.6581674574900939,0.3621591535904011,1.0,4.9647248194103994,3.5486025703884163
